    1C
    1UUSER                                                              
    1UDATE              23.september.2026                               
    1UTIME              14:42:26                                        
    1UHOST                                                              
    1UPGM               CalculiX                                        
    1UVERSION           Version 2.18                             
    1UCOMPILETIME       Thu Oct 14 16:21:20 EEST 2021                    
    1UDIR                                                               
    1UDBN                                                               
    1UMAT    1FEMPART002_MATERIAL                                       
    2C                           817                                     1
 -1         1-5.00000E-15 5.00000E+00 2.12000E+02
 -1         2-5.00000E-15-5.00000E+00 2.12000E+02
 -1         3-5.00000E+00-3.00000E+00 1.72635E+02
 -1         4-5.00000E+00 3.00000E+00 1.72635E+02
 -1         5 5.00000E+00 3.00000E+00 1.72635E+02
 -1         6 5.00000E+00-3.00000E+00 1.72635E+02
 -1         7-2.00000E-15-5.00000E+00 2.00000E+02
 -1         8-2.00000E-15 5.00000E+00 2.00000E+02
 -1         9-5.00000E+00-3.00000E+00 7.55500E+01
 -1        10-5.00000E+00 3.00000E+00 7.55500E+01
 -1        11 5.00000E+00 3.00000E+00 7.55500E+01
 -1        12-6.86000E-15 3.00000E+00 7.60000E+01
 -1        13 5.00000E+00-3.00000E+00 7.55500E+01
 -1        14-6.86000E-15-3.00000E+00 7.60000E+01
 -1        15-7.00000E-15 5.00000E+00 7.60000E+01
 -1        16-7.00000E-15-5.00000E+00 7.60000E+01
 -1        17-4.90000E-15 0.00000E+00 2.12000E+02
 -1        18 1.00000E+01-5.00000E+00 2.09321E+02
 -1        19 1.73205E+01-5.00000E+00 2.02000E+02
 -1        20 2.00000E+01-5.00000E+00 1.92000E+02
 -1        21 1.73205E+01-5.00000E+00 1.82000E+02
 -1        22 1.00000E+01-5.00000E+00 1.74679E+02
 -1        23-1.13014E-13-5.00000E+00 1.72000E+02
 -1        24-1.00000E+01-5.00000E+00 1.74679E+02
 -1        25-1.73205E+01-5.00000E+00 1.82000E+02
 -1        26-2.00000E+01-5.00000E+00 1.92000E+02
 -1        27-1.73205E+01-5.00000E+00 2.02000E+02
 -1        28-1.00000E+01-5.00000E+00 2.09321E+02
 -1        29 5.17638E+00-5.00000E+00 2.11319E+02
 -1        30 1.41421E+01-5.00000E+00 2.06142E+02
 -1        31 1.93185E+01-5.00000E+00 1.97176E+02
 -1        32 1.93185E+01-5.00000E+00 1.86824E+02
 -1        33 1.41421E+01-5.00000E+00 1.77858E+02
 -1        34 5.17638E+00-5.00000E+00 1.72681E+02
 -1        35-5.17638E+00-5.00000E+00 1.72681E+02
 -1        36-1.41421E+01-5.00000E+00 1.77858E+02
 -1        37-1.93185E+01-5.00000E+00 1.86824E+02
 -1        38-1.93185E+01-5.00000E+00 1.97176E+02
 -1        39-1.41421E+01-5.00000E+00 2.06142E+02
 -1        40-5.17638E+00-5.00000E+00 2.11319E+02
 -1        41 1.00000E+01 5.00000E+00 2.09321E+02
 -1        42 1.73205E+01 5.00000E+00 2.02000E+02
 -1        43 2.00000E+01 5.00000E+00 1.92000E+02
 -1        44 1.73205E+01 5.00000E+00 1.82000E+02
 -1        45 1.00000E+01 5.00000E+00 1.74679E+02
 -1        46-1.13014E-13 5.00000E+00 1.72000E+02
 -1        47-1.00000E+01 5.00000E+00 1.74679E+02
 -1        48-1.73205E+01 5.00000E+00 1.82000E+02
 -1        49-2.00000E+01 5.00000E+00 1.92000E+02
 -1        50-1.73205E+01 5.00000E+00 2.02000E+02
 -1        51-1.00000E+01 5.00000E+00 2.09321E+02
 -1        52 5.17638E+00 5.00000E+00 2.11319E+02
 -1        53 1.41421E+01 5.00000E+00 2.06142E+02
 -1        54 1.93185E+01 5.00000E+00 1.97176E+02
 -1        55 1.93185E+01 5.00000E+00 1.86824E+02
 -1        56 1.41421E+01 5.00000E+00 1.77858E+02
 -1        57 5.17638E+00 5.00000E+00 1.72681E+02
 -1        58-5.17638E+00 5.00000E+00 1.72681E+02
 -1        59-1.41421E+01 5.00000E+00 1.77858E+02
 -1        60-1.93185E+01 5.00000E+00 1.86824E+02
 -1        61-1.93185E+01 5.00000E+00 1.97176E+02
 -1        62-1.41421E+01 5.00000E+00 2.06142E+02
 -1        63-5.17638E+00 5.00000E+00 2.11319E+02
 -1        64-5.00000E+00 0.00000E+00 1.72635E+02
 -1        65 6.46218E-14 3.00000E+00 1.72000E+02
 -1        66 5.00000E+00 0.00000E+00 1.72635E+02
 -1        67 6.46218E-14-3.00000E+00 1.72000E+02
 -1        68 4.00000E+00-5.00000E+00 1.98928E+02
 -1        69 6.92820E+00-5.00000E+00 1.96000E+02
 -1        70 8.00000E+00-5.00000E+00 1.92000E+02
 -1        71 6.92820E+00-5.00000E+00 1.88000E+02
 -1        72 4.00000E+00-5.00000E+00 1.85072E+02
 -1        73-4.52056E-14-5.00000E+00 1.84000E+02
 -1        74-4.00000E+00-5.00000E+00 1.85072E+02
 -1        75-6.92820E+00-5.00000E+00 1.88000E+02
 -1        76-8.00000E+00-5.00000E+00 1.92000E+02
 -1        77-6.92820E+00-5.00000E+00 1.96000E+02
 -1        78-4.00000E+00-5.00000E+00 1.98928E+02
 -1        79 2.07055E+00-5.00000E+00 1.99727E+02
 -1        80 5.65685E+00-5.00000E+00 1.97657E+02
 -1        81 7.72741E+00-5.00000E+00 1.94071E+02
 -1        82 7.72741E+00-5.00000E+00 1.89929E+02
 -1        83 5.65685E+00-5.00000E+00 1.86343E+02
 -1        84 2.07055E+00-5.00000E+00 1.84273E+02
 -1        85-2.07055E+00-5.00000E+00 1.84273E+02
 -1        86-5.65685E+00-5.00000E+00 1.86343E+02
 -1        87-7.72741E+00-5.00000E+00 1.89929E+02
 -1        88-7.72741E+00-5.00000E+00 1.94071E+02
 -1        89-5.65685E+00-5.00000E+00 1.97657E+02
 -1        90-2.07055E+00-5.00000E+00 1.99727E+02
 -1        91 4.00000E+00 5.00000E+00 1.98928E+02
 -1        92 6.92820E+00 5.00000E+00 1.96000E+02
 -1        93 8.00000E+00 5.00000E+00 1.92000E+02
 -1        94 6.92820E+00 5.00000E+00 1.88000E+02
 -1        95 4.00000E+00 5.00000E+00 1.85072E+02
 -1        96-4.52056E-14 5.00000E+00 1.84000E+02
 -1        97-4.00000E+00 5.00000E+00 1.85072E+02
 -1        98-6.92820E+00 5.00000E+00 1.88000E+02
 -1        99-8.00000E+00 5.00000E+00 1.92000E+02
 -1       100-6.92820E+00 5.00000E+00 1.96000E+02
 -1       101-4.00000E+00 5.00000E+00 1.98928E+02
 -1       102 2.07055E+00 5.00000E+00 1.99727E+02
 -1       103 5.65685E+00 5.00000E+00 1.97657E+02
 -1       104 7.72741E+00 5.00000E+00 1.94071E+02
 -1       105 7.72741E+00 5.00000E+00 1.89929E+02
 -1       106 5.65685E+00 5.00000E+00 1.86343E+02
 -1       107 2.07055E+00 5.00000E+00 1.84273E+02
 -1       108-2.07055E+00 5.00000E+00 1.84273E+02
 -1       109-5.65685E+00 5.00000E+00 1.86343E+02
 -1       110-7.72741E+00 5.00000E+00 1.89929E+02
 -1       111-7.72741E+00 5.00000E+00 1.94071E+02
 -1       112-5.65685E+00 5.00000E+00 1.97657E+02
 -1       113-2.07055E+00 5.00000E+00 1.99727E+02
 -1       114-5.00000E+00-3.00000E+00 1.42515E+02
 -1       115-5.00000E+00-3.00000E+00 1.09032E+02
 -1       116-5.00000E+00-3.00000E+00 1.57575E+02
 -1       117-5.00000E+00 3.00000E+00 1.42515E+02
 -1       118-5.00000E+00 3.00000E+00 1.09032E+02
 -1       119-5.00000E+00 3.00000E+00 1.57575E+02
 -1       120-5.00000E+00 0.00000E+00 7.55500E+01
 -1       121 5.00000E+00 3.00000E+00 1.42515E+02
 -1       122 5.00000E+00 3.00000E+00 1.09032E+02
 -1       123 5.00000E+00 3.00000E+00 1.57575E+02
 -1       124-2.51011E+00 3.00000E+00 7.58873E+01
 -1       125 2.51011E+00 3.00000E+00 7.58873E+01
 -1       126 5.00000E+00-3.00000E+00 1.42515E+02
 -1       127 5.00000E+00-3.00000E+00 1.09032E+02
 -1       128 5.00000E+00-3.00000E+00 1.57575E+02
 -1       129 5.00000E+00 0.00000E+00 7.55500E+01
 -1       130-2.51011E+00-3.00000E+00 7.58873E+01
 -1       131 2.51011E+00-3.00000E+00 7.58873E+01
 -1       132-1.96000E-15-1.66667E+00 2.00000E+02
 -1       133-1.96000E-15 1.66667E+00 2.00000E+02
 -1       134-1.96000E-15-3.33333E+00 2.00000E+02
 -1       135-1.96000E-15 8.88178E-16 2.00000E+02
 -1       136-1.96000E-15 3.33333E+00 2.00000E+02
 -1       137-6.86000E-15 4.00000E+00 7.60000E+01
 -1       138-6.86000E-15-4.00000E+00 7.60000E+01
 -1       139 1.40000E+01-5.00000E+00 7.22487E+01
 -1       140 2.42487E+01-5.00000E+00 6.20000E+01
 -1       141 2.80000E+01-5.00000E+00 4.80000E+01
 -1       142 2.42487E+01-5.00000E+00 3.40000E+01
 -1       143 1.40000E+01-5.00000E+00 2.37513E+01
 -1       144-1.70654E-13-5.00000E+00 2.00000E+01
 -1       145-1.40000E+01-5.00000E+00 2.37513E+01
 -1       146-2.42487E+01-5.00000E+00 3.40000E+01
 -1       147-2.80000E+01-5.00000E+00 4.80000E+01
 -1       148-2.42487E+01-5.00000E+00 6.20000E+01
 -1       149-1.40000E+01-5.00000E+00 7.22487E+01
 -1       150 7.24693E+00-5.00000E+00 7.50459E+01
 -1       151 1.97990E+01-5.00000E+00 6.77990E+01
 -1       152 2.70459E+01-5.00000E+00 5.52469E+01
 -1       153 2.70459E+01-5.00000E+00 4.07531E+01
 -1       154 1.97990E+01-5.00000E+00 2.82010E+01
 -1       155 7.24693E+00-5.00000E+00 2.09541E+01
 -1       156-7.24693E+00-5.00000E+00 2.09541E+01
 -1       157-1.97990E+01-5.00000E+00 2.82010E+01
 -1       158-2.70459E+01-5.00000E+00 4.07531E+01
 -1       159-2.70459E+01-5.00000E+00 5.52469E+01
 -1       160-1.97990E+01-5.00000E+00 6.77990E+01
 -1       161-7.24693E+00-5.00000E+00 7.50459E+01
 -1       162 1.40000E+01 5.00000E+00 7.22487E+01
 -1       163 2.42487E+01 5.00000E+00 6.20000E+01
 -1       164 2.80000E+01 5.00000E+00 4.80000E+01
 -1       165 2.42487E+01 5.00000E+00 3.40000E+01
 -1       166 1.40000E+01 5.00000E+00 2.37513E+01
 -1       167-1.70654E-13 5.00000E+00 2.00000E+01
 -1       168-1.40000E+01 5.00000E+00 2.37513E+01
 -1       169-2.42487E+01 5.00000E+00 3.40000E+01
 -1       170-2.80000E+01 5.00000E+00 4.80000E+01
 -1       171-2.42487E+01 5.00000E+00 6.20000E+01
 -1       172-1.40000E+01 5.00000E+00 7.22487E+01
 -1       173 7.24693E+00 5.00000E+00 7.50459E+01
 -1       174 1.97990E+01 5.00000E+00 6.77990E+01
 -1       175 2.70459E+01 5.00000E+00 5.52469E+01
 -1       176 2.70459E+01 5.00000E+00 4.07531E+01
 -1       177 1.97990E+01 5.00000E+00 2.82010E+01
 -1       178 7.24693E+00 5.00000E+00 2.09541E+01
 -1       179-7.24693E+00 5.00000E+00 2.09541E+01
 -1       180-1.97990E+01 5.00000E+00 2.82010E+01
 -1       181-2.70459E+01 5.00000E+00 4.07531E+01
 -1       182-2.70459E+01 5.00000E+00 5.52469E+01
 -1       183-1.97990E+01 5.00000E+00 6.77990E+01
 -1       184-7.24693E+00 5.00000E+00 7.50459E+01
 -1       185-1.00000E+01 2.66454E-15 2.09321E+02
 -1       186 1.00000E+01 0.00000E+00 2.09321E+02
 -1       187-5.17638E+00 2.50000E+00 2.11319E+02
 -1       188-5.17638E+00-2.50000E+00 2.11319E+02
 -1       189 5.17638E+00 2.50000E+00 2.11319E+02
 -1       190 5.17638E+00-2.50000E+00 2.11319E+02
 -1       191 1.00000E+01 2.50000E+00 2.09321E+02
 -1       192-1.00000E+01 2.50000E+00 2.09321E+02
 -1       193 1.00000E+01-2.50000E+00 2.09321E+02
 -1       194-1.00000E+01-2.50000E+00 2.09321E+02
 -1       195-7.56934E+00-4.00000E+00 1.73488E+02
 -1       196-7.56934E+00-1.00000E+00 1.73488E+02
 -1       197 2.52009E+00-4.00000E+00 1.72159E+02
 -1       198-2.52009E+00-4.00000E+00 1.72159E+02
 -1       199-2.52009E+00 4.00000E+00 1.72159E+02
 -1       200 2.52009E+00 4.00000E+00 1.72159E+02
 -1       201-1.00000E+01 0.00000E+00 1.74679E+02
 -1       202-7.56934E+00 4.00000E+00 1.73488E+02
 -1       203 7.56934E+00-1.00000E+00 1.73488E+02
 -1       204 7.56934E+00-4.00000E+00 1.73488E+02
 -1       205 7.56934E+00 4.00000E+00 1.73488E+02
 -1       206 1.00000E+01 0.00000E+00 1.74679E+02
 -1       207 1.41421E+01-2.50000E+00 2.06142E+02
 -1       208 2.00000E+01 0.00000E+00 1.92000E+02
 -1       209 1.93185E+01 0.00000E+00 1.97176E+02
 -1       210 1.73205E+01 0.00000E+00 2.02000E+02
 -1       211 1.41421E+01 2.50000E+00 2.06142E+02
 -1       212 1.73205E+01 0.00000E+00 1.82000E+02
 -1       213 1.93185E+01 0.00000E+00 1.86824E+02
 -1       214 1.41421E+01 0.00000E+00 1.77858E+02
 -1       215-1.41421E+01 0.00000E+00 1.77858E+02
 -1       216-1.93185E+01 0.00000E+00 1.86824E+02
 -1       217-1.73205E+01 0.00000E+00 1.82000E+02
 -1       218-1.93185E+01 0.00000E+00 1.97176E+02
 -1       219-2.00000E+01 0.00000E+00 1.92000E+02
 -1       220-1.41421E+01-2.50000E+00 2.06142E+02
 -1       221-1.73205E+01 0.00000E+00 2.02000E+02
 -1       222-1.41421E+01 2.50000E+00 2.06142E+02
 -1       223 3.41624E+00-5.00000E+00 2.04750E+02
 -1       224 9.33333E+00-5.00000E+00 1.82667E+02
 -1       225-3.47208E+00-5.00000E+00 2.04541E+02
 -1       226-9.28680E+00-5.00000E+00 2.01090E+02
 -1       227-1.27496E+01-5.00000E+00 1.88584E+02
 -1       228-1.23808E+01-5.00000E+00 1.95279E+02
 -1       229-9.12493E+00-5.00000E+00 1.82723E+02
 -1       230 3.26367E+00-5.00000E+00 1.79403E+02
 -1       231 1.25970E+01-5.00000E+00 1.88736E+02
 -1       232-3.31021E+00-5.00000E+00 1.79646E+02
 -1       233 9.27749E+00-5.00000E+00 2.01125E+02
 -1       234 1.23539E+01-5.00000E+00 1.95310E+02
 -1       235 1.70812E+00-5.00000E+00 2.08375E+02
 -1       236 6.70812E+00-5.00000E+00 2.07035E+02
 -1       237-6.73604E+00-5.00000E+00 2.06931E+02
 -1       238-1.73604E+00-5.00000E+00 2.08271E+02
 -1       239-2.79210E-02-5.00000E+00 2.04645E+02
 -1       240 3.70812E+00-5.00000E+00 2.01839E+02
 -1       241 1.70812E+00-5.00000E+00 2.02375E+02
 -1       242-1.73604E+00-5.00000E+00 2.02271E+02
 -1       243-3.73604E+00-5.00000E+00 2.01735E+02
 -1       244 9.63875E+00-5.00000E+00 2.05223E+02
 -1       245 1.32990E+01-5.00000E+00 2.01562E+02
 -1       246 6.34686E+00-5.00000E+00 2.02937E+02
 -1       247 1.48372E+01-5.00000E+00 1.98655E+02
 -1       248 1.61769E+01-5.00000E+00 1.93655E+02
 -1       249 1.08157E+01-5.00000E+00 1.98218E+02
 -1       250 1.62985E+01-5.00000E+00 1.90368E+02
 -1       251 1.49588E+01-5.00000E+00 1.85368E+02
 -1       252 1.24754E+01-5.00000E+00 1.92023E+02
 -1       253 1.33269E+01-5.00000E+00 1.82333E+02
 -1       254 9.66667E+00-5.00000E+00 1.78673E+02
 -1       255 1.09652E+01-5.00000E+00 1.85701E+02
 -1       256 6.63184E+00-5.00000E+00 1.77041E+02
 -1       257 1.63184E+00-5.00000E+00 1.75701E+02
 -1       258 6.29850E+00-5.00000E+00 1.81035E+02
 -1       259-1.65510E+00-5.00000E+00 1.75823E+02
 -1       260-6.65510E+00-5.00000E+00 1.77163E+02
 -1       261-2.32675E-02-5.00000E+00 1.79525E+02
 -1       262-9.56246E+00-5.00000E+00 1.78701E+02
 -1       263-1.32227E+01-5.00000E+00 1.82361E+02
 -1       264-6.21757E+00-5.00000E+00 1.81184E+02
 -1       265-1.50350E+01-5.00000E+00 1.85292E+02
 -1       266-1.63748E+01-5.00000E+00 1.90292E+02
 -1       267-1.09372E+01-5.00000E+00 1.85653E+02
 -1       268-1.61904E+01-5.00000E+00 1.93639E+02
 -1       269-1.48507E+01-5.00000E+00 1.98639E+02
 -1       270-1.25652E+01-5.00000E+00 1.91931E+02
 -1       271-1.33037E+01-5.00000E+00 2.01545E+02
 -1       272-9.64340E+00-5.00000E+00 2.05205E+02
 -1       273-1.08338E+01-5.00000E+00 1.98185E+02
 -1       274-6.37944E+00-5.00000E+00 2.02816E+02
 -1       275 8.10285E+00-5.00000E+00 1.98562E+02
 -1       276 6.63875E+00-5.00000E+00 2.00027E+02
 -1       277 1.01769E+01-5.00000E+00 1.93655E+02
 -1       278 9.64104E+00-5.00000E+00 1.95655E+02
 -1       279 9.76261E+00-5.00000E+00 1.88368E+02
 -1       280 1.02985E+01-5.00000E+00 1.90368E+02
 -1       281 6.66667E+00-5.00000E+00 1.83869E+02
 -1       282 8.13077E+00-5.00000E+00 1.85333E+02
 -1       283 1.63184E+00-5.00000E+00 1.81701E+02
 -1       284 3.63184E+00-5.00000E+00 1.82237E+02
 -1       285-3.65510E+00-5.00000E+00 1.82359E+02
 -1       286-1.65510E+00-5.00000E+00 1.81823E+02
 -1       287-8.02657E+00-5.00000E+00 1.85361E+02
 -1       288-6.56246E+00-5.00000E+00 1.83897E+02
 -1       289-1.03748E+01-5.00000E+00 1.90292E+02
 -1       290-9.83889E+00-5.00000E+00 1.88292E+02
 -1       291-9.65452E+00-5.00000E+00 1.95639E+02
 -1       292-1.01904E+01-5.00000E+00 1.93639E+02
 -1       293-6.64340E+00-5.00000E+00 2.00009E+02
 -1       294-8.10750E+00-5.00000E+00 1.98545E+02
 -1       295 3.41624E+00 5.00000E+00 2.04750E+02
 -1       296 9.33333E+00 5.00000E+00 1.82667E+02
 -1       297-3.47208E+00 5.00000E+00 2.04541E+02
 -1       298-9.28680E+00 5.00000E+00 2.01090E+02
 -1       299-1.27496E+01 5.00000E+00 1.88584E+02
 -1       300-1.23808E+01 5.00000E+00 1.95279E+02
 -1       301-9.12493E+00 5.00000E+00 1.82723E+02
 -1       302 3.26367E+00 5.00000E+00 1.79403E+02
 -1       303 1.25970E+01 5.00000E+00 1.88736E+02
 -1       304-3.31021E+00 5.00000E+00 1.79646E+02
 -1       305 9.27749E+00 5.00000E+00 2.01125E+02
 -1       306 1.23539E+01 5.00000E+00 1.95310E+02
 -1       307 6.70812E+00 5.00000E+00 2.07035E+02
 -1       308 1.70812E+00 5.00000E+00 2.08375E+02
 -1       309-1.73604E+00 5.00000E+00 2.08271E+02
 -1       310-6.73604E+00 5.00000E+00 2.06931E+02
 -1       311-2.79210E-02 5.00000E+00 2.04645E+02
 -1       312 1.70812E+00 5.00000E+00 2.02375E+02
 -1       313 3.70812E+00 5.00000E+00 2.01839E+02
 -1       314-3.73604E+00 5.00000E+00 2.01735E+02
 -1       315-1.73604E+00 5.00000E+00 2.02271E+02
 -1       316 1.32990E+01 5.00000E+00 2.01562E+02
 -1       317 9.63875E+00 5.00000E+00 2.05223E+02
 -1       318 6.34686E+00 5.00000E+00 2.02937E+02
 -1       319 1.61769E+01 5.00000E+00 1.93655E+02
 -1       320 1.48372E+01 5.00000E+00 1.98655E+02
 -1       321 1.08157E+01 5.00000E+00 1.98218E+02
 -1       322 1.49588E+01 5.00000E+00 1.85368E+02
 -1       323 1.62985E+01 5.00000E+00 1.90368E+02
 -1       324 1.24754E+01 5.00000E+00 1.92023E+02
 -1       325 9.66667E+00 5.00000E+00 1.78673E+02
 -1       326 1.33269E+01 5.00000E+00 1.82333E+02
 -1       327 1.09652E+01 5.00000E+00 1.85701E+02
 -1       328 1.63184E+00 5.00000E+00 1.75701E+02
 -1       329 6.63184E+00 5.00000E+00 1.77041E+02
 -1       330 6.29850E+00 5.00000E+00 1.81035E+02
 -1       331-6.65510E+00 5.00000E+00 1.77163E+02
 -1       332-1.65510E+00 5.00000E+00 1.75823E+02
 -1       333-2.32675E-02 5.00000E+00 1.79525E+02
 -1       334-1.32227E+01 5.00000E+00 1.82361E+02
 -1       335-9.56246E+00 5.00000E+00 1.78701E+02
 -1       336-6.21757E+00 5.00000E+00 1.81184E+02
 -1       337-1.63748E+01 5.00000E+00 1.90292E+02
 -1       338-1.50350E+01 5.00000E+00 1.85292E+02
 -1       339-1.09372E+01 5.00000E+00 1.85653E+02
 -1       340-1.48507E+01 5.00000E+00 1.98639E+02
 -1       341-1.61904E+01 5.00000E+00 1.93639E+02
 -1       342-1.25652E+01 5.00000E+00 1.91931E+02
 -1       343-9.64340E+00 5.00000E+00 2.05205E+02
 -1       344-1.33037E+01 5.00000E+00 2.01545E+02
 -1       345-1.08338E+01 5.00000E+00 1.98185E+02
 -1       346-6.37944E+00 5.00000E+00 2.02816E+02
 -1       347 6.63875E+00 5.00000E+00 2.00027E+02
 -1       348 8.10285E+00 5.00000E+00 1.98562E+02
 -1       349 9.64104E+00 5.00000E+00 1.95655E+02
 -1       350 1.01769E+01 5.00000E+00 1.93655E+02
 -1       351 1.02985E+01 5.00000E+00 1.90368E+02
 -1       352 9.76261E+00 5.00000E+00 1.88368E+02
 -1       353 8.13077E+00 5.00000E+00 1.85333E+02
 -1       354 6.66667E+00 5.00000E+00 1.83869E+02
 -1       355 3.63184E+00 5.00000E+00 1.82237E+02
 -1       356 1.63184E+00 5.00000E+00 1.81701E+02
 -1       357-1.65510E+00 5.00000E+00 1.81823E+02
 -1       358-3.65510E+00 5.00000E+00 1.82359E+02
 -1       359-6.56246E+00 5.00000E+00 1.83897E+02
 -1       360-8.02657E+00 5.00000E+00 1.85361E+02
 -1       361-9.83889E+00 5.00000E+00 1.88292E+02
 -1       362-1.03748E+01 5.00000E+00 1.90292E+02
 -1       363-1.01904E+01 5.00000E+00 1.93639E+02
 -1       364-9.65452E+00 5.00000E+00 1.95639E+02
 -1       365-8.10750E+00 5.00000E+00 1.98545E+02
 -1       366-6.64340E+00 5.00000E+00 2.00009E+02
 -1       367-5.00000E+00 0.00000E+00 1.57575E+02
 -1       368-5.00000E+00 0.00000E+00 1.42515E+02
 -1       369-5.00000E+00 0.00000E+00 1.09032E+02
 -1       370 1.68754E-14 3.00000E+00 1.57575E+02
 -1       371 0.00000E+00 3.00000E+00 1.42515E+02
 -1       372-2.50000E+00 3.00000E+00 1.09257E+02
 -1       373 2.50000E+00 3.00000E+00 1.09257E+02
 -1       374 5.00000E+00 0.00000E+00 1.57575E+02
 -1       375 5.00000E+00 0.00000E+00 1.42515E+02
 -1       376 5.00000E+00 0.00000E+00 1.09032E+02
 -1       377 1.68754E-14-3.00000E+00 1.57575E+02
 -1       378 0.00000E+00-3.00000E+00 1.42515E+02
 -1       379-2.50000E+00-3.00000E+00 1.09257E+02
 -1       380 2.50000E+00-3.00000E+00 1.09257E+02
 -1       381-7.75117E+00 4.09069E-04 1.93980E+02
 -1       382-5.90063E+00 8.58439E-03 1.97402E+02
 -1       383 5.90063E+00 8.58439E-03 1.97402E+02
 -1       384 7.75117E+00 4.09069E-04 1.93980E+02
 -1       385-7.72741E+00 0.00000E+00 1.89929E+02
 -1       386-5.65685E+00 0.00000E+00 1.86343E+02
 -1       387-2.07055E+00 3.33333E+00 1.99727E+02
 -1       388-3.33039E+00 3.82036E-01 1.99274E+02
 -1       389 3.33039E+00 3.82036E-01 1.99274E+02
 -1       390 2.07055E+00 3.33333E+00 1.99727E+02
 -1       391 1.81662E+00-2.08377E+00 1.99791E+02
 -1       392-1.81662E+00-2.08377E+00 1.99791E+02
 -1       393-2.07055E+00 0.00000E+00 1.84273E+02
 -1       394 2.07055E+00 0.00000E+00 1.84273E+02
 -1       395 5.65685E+00-8.88178E-16 1.86343E+02
 -1       396 7.72741E+00 0.00000E+00 1.89929E+02
 -1       397 9.14302E-01-3.54188E+00 1.99948E+02
 -1       398 2.94013E+00-3.54188E+00 1.99440E+02
 -1       399-9.14302E-01-3.54188E+00 1.99948E+02
 -1       400-2.94013E+00-3.54188E+00 1.99440E+02
 -1       401 9.14302E-01-1.87522E+00 1.99948E+02
 -1       402-9.14302E-01-1.87522E+00 1.99948E+02
 -1       403 1.04421E+00 4.16667E+00 1.99932E+02
 -1       404 3.06147E+00 4.16667E+00 1.99391E+02
 -1       405-1.04421E+00 4.16667E+00 1.99932E+02
 -1       406-3.06147E+00 4.16667E+00 1.99391E+02
 -1       407-1.04421E+00 2.50000E+00 1.99932E+02
 -1       408 1.04421E+00 2.50000E+00 1.99932E+02
 -1       409 6.45261E+00-2.49571E+00 1.96729E+02
 -1       410 5.00878E+00-2.49571E+00 1.98238E+02
 -1       411 4.70943E+00 1.95310E-01 1.98467E+02
 -1       412 3.66927E+00-2.30898E+00 1.99109E+02
 -1       413 2.58646E+00-8.50865E-01 1.99570E+02
 -1       414 7.93755E+00-2.49980E+00 1.92998E+02
 -1       415 7.40887E+00-2.49980E+00 1.95018E+02
 -1       416 7.03712E+00 4.49673E-03 1.95805E+02
 -1       417 7.39104E+00-2.50000E+00 1.88939E+02
 -1       418 7.93156E+00-2.50000E+00 1.90956E+02
 -1       419 7.99986E+00 2.04534E-04 1.91953E+02
 -1       420 4.87009E+00-2.50000E+00 1.85653E+02
 -1       421 6.34683E+00-2.50000E+00 1.87130E+02
 -1       422 6.92820E+00 0.00000E+00 1.88000E+02
 -1       423 1.04421E+00-2.50000E+00 1.84068E+02
 -1       424 3.06147E+00-2.50000E+00 1.84609E+02
 -1       425 4.00000E+00 0.00000E+00 1.85072E+02
 -1       426-1.04421E+00-2.50000E+00 1.84068E+02
 -1       427-3.06147E+00-2.50000E+00 1.84609E+02
 -1       428-4.16528E-14 0.00000E+00 1.84000E+02
 -1       429-4.87009E+00-2.50000E+00 1.85653E+02
 -1       430-6.34683E+00-2.50000E+00 1.87130E+02
 -1       431-4.00000E+00 0.00000E+00 1.85072E+02
 -1       432-7.39104E+00-2.50000E+00 1.88939E+02
 -1       433-7.93156E+00-2.50000E+00 1.90956E+02
 -1       434-6.92820E+00 0.00000E+00 1.88000E+02
 -1       435-7.93755E+00-2.49980E+00 1.92998E+02
 -1       436-7.40887E+00-2.49980E+00 1.95018E+02
 -1       437-7.99986E+00 2.04534E-04 1.91953E+02
 -1       438-6.45261E+00-2.49571E+00 1.96729E+02
 -1       439-5.00878E+00-2.49571E+00 1.98238E+02
 -1       440-7.03712E+00 4.49673E-03 1.95805E+02
 -1       441-4.70943E+00 1.95310E-01 1.98467E+02
 -1       442-3.66927E+00-2.30898E+00 1.99109E+02
 -1       443-2.58646E+00-8.50865E-01 1.99570E+02
 -1       444 5.00878E+00 2.50429E+00 1.98238E+02
 -1       445 6.45261E+00 2.50429E+00 1.96729E+02
 -1       446 3.66927E+00 2.69102E+00 1.99109E+02
 -1       447 2.70998E+00 1.85768E+00 1.99527E+02
 -1       448 7.40887E+00 2.50020E+00 1.95018E+02
 -1       449 7.93755E+00 2.50020E+00 1.92998E+02
 -1       450 7.93156E+00 2.50000E+00 1.90956E+02
 -1       451 7.39104E+00 2.50000E+00 1.88939E+02
 -1       452 6.34683E+00 2.50000E+00 1.87130E+02
 -1       453 4.87009E+00 2.50000E+00 1.85653E+02
 -1       454 3.06147E+00 2.50000E+00 1.84609E+02
 -1       455 1.04421E+00 2.50000E+00 1.84068E+02
 -1       456-3.06147E+00 2.50000E+00 1.84609E+02
 -1       457-1.04421E+00 2.50000E+00 1.84068E+02
 -1       458-6.34683E+00 2.50000E+00 1.87130E+02
 -1       459-4.87009E+00 2.50000E+00 1.85653E+02
 -1       460-7.93156E+00 2.50000E+00 1.90956E+02
 -1       461-7.39104E+00 2.50000E+00 1.88939E+02
 -1       462-7.40887E+00 2.50020E+00 1.95018E+02
 -1       463-7.93755E+00 2.50020E+00 1.92998E+02
 -1       464-5.00878E+00 2.50429E+00 1.98238E+02
 -1       465-6.45261E+00 2.50429E+00 1.96729E+02
 -1       466-3.66927E+00 2.69102E+00 1.99109E+02
 -1       467-2.70998E+00 1.85768E+00 1.99527E+02
 -1       468 9.14302E-01-2.08549E-01 1.99948E+02
 -1       469-9.14302E-01-2.08549E-01 1.99948E+02
 -1       470-1.70432E+00 1.02435E+00 1.99816E+02
 -1       471 1.70432E+00 1.02435E+00 1.99816E+02
 -1       472 1.00193E+01-2.59019E-03 7.41460E+01
 -1       473-1.00193E+01 2.59011E-03 7.41460E+01
 -1       474-7.54238E+00 1.50130E+00 7.49650E+01
 -1       475-7.54238E+00-1.49870E+00 7.49650E+01
 -1       476-2.51011E+00-4.00000E+00 7.58873E+01
 -1       477-9.64233E+00-4.00000E+00 7.42874E+01
 -1       478-1.20471E+01-2.49870E+00 7.32758E+01
 -1       479-2.51011E+00 4.00000E+00 7.58873E+01
 -1       480-9.64233E+00 4.00000E+00 7.42874E+01
 -1       481-1.20471E+01 2.50130E+00 7.32758E+01
 -1       482 2.51011E+00 4.00000E+00 7.58873E+01
 -1       483 7.54238E+00-1.50130E+00 7.49650E+01
 -1       484 7.54238E+00 1.49870E+00 7.49650E+01
 -1       485 9.64233E+00 4.00000E+00 7.42874E+01
 -1       486 1.20471E+01 2.49870E+00 7.32758E+01
 -1       487 2.51011E+00-4.00000E+00 7.58873E+01
 -1       488 9.64233E+00-4.00000E+00 7.42874E+01
 -1       489 1.20471E+01-2.50130E+00 7.32758E+01
 -1       490 2.42487E+01 0.00000E+00 6.20000E+01
 -1       491 1.97990E+01 0.00000E+00 6.77990E+01
 -1       492 1.40000E+01 0.00000E+00 7.22487E+01
 -1       493 2.80000E+01 0.00000E+00 4.80000E+01
 -1       494 2.70459E+01 0.00000E+00 5.52469E+01
 -1       495 2.42487E+01 0.00000E+00 3.40000E+01
 -1       496 2.70459E+01 0.00000E+00 4.07531E+01
 -1       497 1.40000E+01 0.00000E+00 2.37513E+01
 -1       498 1.97990E+01 0.00000E+00 2.82010E+01
 -1       499-1.70654E-13 0.00000E+00 2.00000E+01
 -1       500 7.24693E+00 0.00000E+00 2.09541E+01
 -1       501-7.24693E+00 0.00000E+00 2.09541E+01
 -1       502-1.97990E+01 0.00000E+00 2.82010E+01
 -1       503-1.40000E+01 0.00000E+00 2.37513E+01
 -1       504-2.70459E+01 0.00000E+00 4.07531E+01
 -1       505-2.42487E+01 0.00000E+00 3.40000E+01
 -1       506-2.70459E+01 0.00000E+00 5.52469E+01
 -1       507-2.80000E+01 0.00000E+00 4.80000E+01
 -1       508-1.97990E+01 0.00000E+00 6.77990E+01
 -1       509-2.42487E+01 0.00000E+00 6.20000E+01
 -1       510-1.40000E+01 0.00000E+00 7.22487E+01
 -1       511-7.17433E-15-5.00000E+00 4.80000E+01
 -1       512-3.75129E+00-5.00000E+00 6.20000E+01
 -1       513-1.40000E+01-5.00000E+00 5.17513E+01
 -1       514 3.75129E+00-5.00000E+00 3.40000E+01
 -1       515 1.40000E+01-5.00000E+00 4.42487E+01
 -1       516 1.02487E+01-5.00000E+00 5.82487E+01
 -1       517-1.02487E+01-5.00000E+00 3.77513E+01
 -1       518 5.12436E+00-5.00000E+00 6.71244E+01
 -1       519-1.40000E+01-5.00000E+00 6.20000E+01
 -1       520 1.91244E+01-5.00000E+00 5.31244E+01
 -1       521 1.40000E+01-5.00000E+00 3.40000E+01
 -1       522 2.56218E+00-5.00000E+00 7.15622E+01
 -1       523 9.56218E+00-5.00000E+00 6.96865E+01
 -1       524-8.87564E+00-5.00000E+00 6.71244E+01
 -1       525-1.87564E+00-5.00000E+00 6.90000E+01
 -1       526 6.86533E-01-5.00000E+00 6.45622E+01
 -1       527 1.21244E+01-5.00000E+00 6.52487E+01
 -1       528 1.72487E+01-5.00000E+00 6.01244E+01
 -1       529 7.68653E+00-5.00000E+00 6.26865E+01
 -1       530 2.16865E+01-5.00000E+00 5.75622E+01
 -1       531 2.35622E+01-5.00000E+00 5.05622E+01
 -1       532 1.46865E+01-5.00000E+00 5.56865E+01
 -1       533 2.10000E+01-5.00000E+00 4.61244E+01
 -1       534 1.91244E+01-5.00000E+00 3.91244E+01
 -1       535 1.65622E+01-5.00000E+00 4.86865E+01
 -1       536 1.91244E+01-5.00000E+00 3.40000E+01
 -1       537 1.40000E+01-5.00000E+00 2.88756E+01
 -1       538 1.40000E+01-5.00000E+00 3.91244E+01
 -1       539 8.87564E+00-5.00000E+00 2.88756E+01
 -1       540 1.87564E+00-5.00000E+00 2.70000E+01
 -1       541 8.87564E+00-5.00000E+00 3.40000E+01
 -1       542-5.12436E+00-5.00000E+00 2.88756E+01
 -1       543-1.21244E+01-5.00000E+00 3.07513E+01
 -1       544-3.24871E+00-5.00000E+00 3.58756E+01
 -1       545-1.72487E+01-5.00000E+00 3.58756E+01
 -1       546-1.91244E+01-5.00000E+00 4.28756E+01
 -1       547-2.10000E+01-5.00000E+00 4.98756E+01
 -1       548-1.21244E+01-5.00000E+00 4.47513E+01
 -1       549-1.91244E+01-5.00000E+00 5.68756E+01
 -1       550-1.91244E+01-5.00000E+00 6.20000E+01
 -1       551-1.40000E+01-5.00000E+00 6.71244E+01
 -1       552-1.40000E+01-5.00000E+00 5.68756E+01
 -1       553-8.87564E+00-5.00000E+00 6.20000E+01
 -1       554-1.87564E+00-5.00000E+00 5.50000E+01
 -1       555-8.87564E+00-5.00000E+00 5.68756E+01
 -1       556-7.00000E+00-5.00000E+00 4.98756E+01
 -1       557 5.12436E+00-5.00000E+00 5.31244E+01
 -1       558 3.24871E+00-5.00000E+00 6.01244E+01
 -1       559-5.12436E+00-5.00000E+00 4.28756E+01
 -1       560 1.87564E+00-5.00000E+00 4.10000E+01
 -1       561 8.87564E+00-5.00000E+00 3.91244E+01
 -1       562 7.00000E+00-5.00000E+00 4.61244E+01
 -1       563 1.21244E+01-5.00000E+00 5.12487E+01
 -1       564-7.17433E-15 5.00000E+00 4.80000E+01
 -1       565-3.75129E+00 5.00000E+00 6.20000E+01
 -1       566-1.40000E+01 5.00000E+00 5.17513E+01
 -1       567 3.75129E+00 5.00000E+00 3.40000E+01
 -1       568 1.40000E+01 5.00000E+00 4.42487E+01
 -1       569 1.02487E+01 5.00000E+00 5.82487E+01
 -1       570-1.02487E+01 5.00000E+00 3.77513E+01
 -1       571 5.12436E+00 5.00000E+00 6.71244E+01
 -1       572-1.40000E+01 5.00000E+00 6.20000E+01
 -1       573 1.91244E+01 5.00000E+00 5.31244E+01
 -1       574 1.40000E+01 5.00000E+00 3.40000E+01
 -1       575 9.56218E+00 5.00000E+00 6.96865E+01
 -1       576 2.56218E+00 5.00000E+00 7.15622E+01
 -1       577-1.87564E+00 5.00000E+00 6.90000E+01
 -1       578-8.87564E+00 5.00000E+00 6.71244E+01
 -1       579 6.86533E-01 5.00000E+00 6.45622E+01
 -1       580 1.72487E+01 5.00000E+00 6.01244E+01
 -1       581 1.21244E+01 5.00000E+00 6.52487E+01
 -1       582 7.68653E+00 5.00000E+00 6.26865E+01
 -1       583 2.35622E+01 5.00000E+00 5.05622E+01
 -1       584 2.16865E+01 5.00000E+00 5.75622E+01
 -1       585 1.46865E+01 5.00000E+00 5.56865E+01
 -1       586 1.91244E+01 5.00000E+00 3.91244E+01
 -1       587 2.10000E+01 5.00000E+00 4.61244E+01
 -1       588 1.65622E+01 5.00000E+00 4.86865E+01
 -1       589 1.40000E+01 5.00000E+00 2.88756E+01
 -1       590 1.91244E+01 5.00000E+00 3.40000E+01
 -1       591 1.40000E+01 5.00000E+00 3.91244E+01
 -1       592 1.87564E+00 5.00000E+00 2.70000E+01
 -1       593 8.87564E+00 5.00000E+00 2.88756E+01
 -1       594 8.87564E+00 5.00000E+00 3.40000E+01
 -1       595-1.21244E+01 5.00000E+00 3.07513E+01
 -1       596-5.12436E+00 5.00000E+00 2.88756E+01
 -1       597-3.24871E+00 5.00000E+00 3.58756E+01
 -1       598-1.72487E+01 5.00000E+00 3.58756E+01
 -1       599-2.10000E+01 5.00000E+00 4.98756E+01
 -1       600-1.91244E+01 5.00000E+00 4.28756E+01
 -1       601-1.21244E+01 5.00000E+00 4.47513E+01
 -1       602-1.91244E+01 5.00000E+00 5.68756E+01
 -1       603-1.40000E+01 5.00000E+00 6.71244E+01
 -1       604-1.91244E+01 5.00000E+00 6.20000E+01
 -1       605-1.40000E+01 5.00000E+00 5.68756E+01
 -1       606-8.87564E+00 5.00000E+00 6.20000E+01
 -1       607-7.00000E+00 5.00000E+00 4.98756E+01
 -1       608-8.87564E+00 5.00000E+00 5.68756E+01
 -1       609-1.87564E+00 5.00000E+00 5.50000E+01
 -1       610 3.24871E+00 5.00000E+00 6.01244E+01
 -1       611 5.12436E+00 5.00000E+00 5.31244E+01
 -1       612-5.12436E+00 5.00000E+00 4.28756E+01
 -1       613 7.00000E+00 5.00000E+00 4.61244E+01
 -1       614 8.87564E+00 5.00000E+00 3.91244E+01
 -1       615 1.87564E+00 5.00000E+00 4.10000E+01
 -1       616 1.21244E+01 5.00000E+00 5.12487E+01
 -1       617 1.87907E+00 8.88178E-16 2.04591E+02
 -1       618 7.49509E+00-2.50000E+00 1.84505E+02
 -1       619 5.70194E+00-2.50000E+00 1.83470E+02
 -1       620 7.49509E+00 2.50000E+00 1.84505E+02
 -1       621 5.70194E+00 2.50000E+00 1.83470E+02
 -1       622 9.33333E+00 0.00000E+00 1.82667E+02
 -1       623-1.02385E+01 2.50000E+00 1.89257E+02
 -1       624-1.02504E+01 2.50020E+00 1.91282E+02
 -1       625-1.27496E+01 0.00000E+00 1.88584E+02
 -1       626-1.02504E+01-2.49980E+00 1.91282E+02
 -1       627-1.02385E+01-2.50000E+00 1.89257E+02
 -1       628 2.66711E+00-2.50000E+00 1.81838E+02
 -1       629 5.96561E-01-2.50000E+00 1.81838E+02
 -1       630 5.96561E-01 2.50000E+00 1.81838E+02
 -1       631 3.26367E+00 0.00000E+00 1.79403E+02
 -1       632 2.66711E+00 2.50000E+00 1.81838E+02
 -1       633-9.12493E+00 0.00000E+00 1.82723E+02
 -1       634-7.39089E+00 2.50000E+00 1.84533E+02
 -1       635-7.39089E+00-2.50000E+00 1.84533E+02
 -1       636-5.59774E+00-2.50000E+00 1.83498E+02
 -1       637-5.59774E+00 2.50000E+00 1.83498E+02
 -1       638 1.01741E+01-2.49980E+00 1.91358E+02
 -1       639 1.01622E+01-2.50000E+00 1.89333E+02
 -1       640 1.01741E+01 2.50020E+00 1.91358E+02
 -1       641 1.01622E+01 2.50000E+00 1.89333E+02
 -1       642 1.25970E+01 0.00000E+00 1.88736E+02
 -1       643-9.14074E+00 2.50429E+00 1.96341E+02
 -1       644-1.00660E+01 2.50020E+00 1.94629E+02
 -1       645-1.00660E+01-2.49980E+00 1.94629E+02
 -1       646-1.23808E+01 0.00000E+00 1.95279E+02
 -1       647-9.14074E+00-2.49571E+00 1.96341E+02
 -1       648 9.12725E+00-2.49571E+00 1.96356E+02
 -1       649 1.00525E+01-2.49980E+00 1.94645E+02
 -1       650 9.12725E+00 2.50429E+00 1.96356E+02
 -1       651 1.00525E+01 2.50020E+00 1.94645E+02
 -1       652 1.23539E+01 0.00000E+00 1.95310E+02
 -1       653 6.29850E+00 0.00000E+00 1.81035E+02
 -1       654-9.20321E+00 2.50000E+00 1.87463E+02
 -1       655-1.09372E+01 0.00000E+00 1.85653E+02
 -1       656-1.25652E+01 0.00000E+00 1.91931E+02
 -1       657 1.24754E+01 0.00000E+00 1.92023E+02
 -1       658 7.58906E+00-2.49571E+00 1.99264E+02
 -1       659 1.08157E+01 0.00000E+00 1.98218E+02
 -1       660 9.27749E+00 0.00000E+00 2.01125E+02
 -1       661 7.58906E+00 2.50429E+00 1.99264E+02
 -1       662-6.21757E+00 0.00000E+00 1.81184E+02
 -1       663-2.69038E+00 2.50000E+00 1.81959E+02
 -1       664-2.32675E-02 0.00000E+00 1.79525E+02
 -1       665-7.59371E+00 2.50429E+00 1.99246E+02
 -1       666-9.28680E+00 0.00000E+00 2.01090E+02
 -1       667-7.59371E+00-2.49571E+00 1.99246E+02
 -1       668-1.08338E+01 0.00000E+00 1.98185E+02
 -1       669-3.31021E+00 0.00000E+00 1.79646E+02
 -1       670-2.69038E+00-2.50000E+00 1.81959E+02
 -1       671 6.30394E+00-2.30898E+00 2.00199E+02
 -1       672 6.30394E+00 2.69102E+00 2.00199E+02
 -1       673-6.30859E+00 2.69102E+00 2.00182E+02
 -1       674-6.30859E+00-2.30898E+00 2.00182E+02
 -1       675 3.12217E-02-1.04188E+00 2.02191E+02
 -1       676 9.39533E-01 8.33333E-01 2.02296E+02
 -1       677 9.39533E-01-8.33333E-01 2.02296E+02
 -1       678-8.87564E+00 0.00000E+00 6.20000E+01
 -1       679-1.40000E+01 0.00000E+00 6.20000E+01
 -1       680-1.20096E+01-2.49870E+00 6.80730E+01
 -1       681-1.20096E+01 2.50130E+00 6.80730E+01
 -1       682-6.88529E+00 2.50130E+00 6.80730E+01
 -1       683-2.77132E+00 4.16667E+00 2.02134E+02
 -1       684-1.73604E+00 3.33333E+00 2.02271E+02
 -1       685-3.40123E+00 2.69102E+00 2.01908E+02
 -1       686-7.25661E-01 1.91018E-01 2.01933E+02
 -1       687 6.63184E+00 0.00000E+00 1.77041E+02
 -1       688 9.66667E+00 0.00000E+00 1.78673E+02
 -1       689 2.60473E+00 1.91018E-01 2.01933E+02
 -1       690 5.57828E+00 2.50000E+00 2.02858E+02
 -1       691 5.57828E+00-2.50000E+00 2.02858E+02
 -1       692 9.12693E+00 2.50000E+00 1.87540E+02
 -1       693 9.12693E+00-2.50000E+00 1.87540E+02
 -1       694-8.42617E+00-2.50000E+00 1.86326E+02
 -1       695 2.61643E+00-3.54188E+00 2.02270E+02
 -1       696 3.37331E+00-2.30898E+00 2.02012E+02
 -1       697-6.65510E+00 0.00000E+00 1.77163E+02
 -1       698-2.64435E+00-3.54188E+00 2.02166E+02
 -1       699-3.40123E+00-2.30898E+00 2.01908E+02
 -1       700-7.96507E-01-2.50000E+00 2.04566E+02
 -1       701 7.57182E+00 2.49870E+00 7.06352E+01
 -1       702 7.57182E+00-2.50130E+00 7.06352E+01
 -1       703 5.12436E+00 0.00000E+00 6.71244E+01
 -1       704 9.56218E+00 0.00000E+00 6.96865E+01
 -1       705-1.73604E+00 0.00000E+00 2.08271E+02
 -1       706-3.47208E+00 0.00000E+00 2.04541E+02
 -1       707-7.96507E-01 2.50000E+00 2.04566E+02
 -1       708 9.39533E-01 2.50000E+00 2.08296E+02
 -1       709 1.32990E+01 0.00000E+00 2.01562E+02
 -1       710 1.48372E+01 0.00000E+00 1.98655E+02
 -1       711 3.37331E+00 2.69102E+00 2.02012E+02
 -1       712 2.74339E+00 4.16667E+00 2.02238E+02
 -1       713-6.66519E+00 1.91018E-01 2.04297E+02
 -1       714-9.64340E+00 2.50000E+00 2.05205E+02
 -1       715-9.64340E+00-2.50000E+00 2.05205E+02
 -1       716-6.73604E+00-2.50000E+00 2.06931E+02
 -1       717-6.73604E+00 2.50000E+00 2.06931E+02
 -1       718-3.75129E+00 0.00000E+00 6.20000E+01
 -1       719-6.88529E+00-2.49870E+00 6.80730E+01
 -1       720 1.46865E+01 0.00000E+00 5.56865E+01
 -1       721 1.65622E+01 0.00000E+00 4.86865E+01
 -1       722 1.91244E+01 0.00000E+00 5.31244E+01
 -1       723 8.87564E+00 0.00000E+00 3.40000E+01
 -1       724 8.87564E+00 0.00000E+00 3.91244E+01
 -1       725 1.40000E+01 0.00000E+00 3.40000E+01
 -1       726 1.40000E+01 0.00000E+00 3.91244E+01
 -1       727 3.24871E+00 0.00000E+00 6.01244E+01
 -1       728 6.86533E-01 0.00000E+00 6.45622E+01
 -1       729 7.68653E+00 0.00000E+00 6.26865E+01
 -1       730 1.33269E+01 0.00000E+00 1.82333E+02
 -1       731-1.40000E+01 0.00000E+00 6.71244E+01
 -1       732 1.09652E+01 0.00000E+00 1.85701E+02
 -1       733-1.50350E+01 0.00000E+00 1.85292E+02
 -1       734-1.32227E+01 0.00000E+00 1.82361E+02
 -1       735-1.63748E+01 0.00000E+00 1.90292E+02
 -1       736 1.49588E+01 0.00000E+00 1.85368E+02
 -1       737-1.61904E+01 0.00000E+00 1.93639E+02
 -1       738 1.61769E+01 0.00000E+00 1.93655E+02
 -1       739 1.62985E+01 0.00000E+00 1.90368E+02
 -1       740-9.56246E+00 0.00000E+00 1.78701E+02
 -1       741-1.33037E+01 0.00000E+00 2.01545E+02
 -1       742-1.48507E+01 0.00000E+00 1.98639E+02
 -1       743 9.39533E-01-2.50000E+00 2.08296E+02
 -1       744 9.63875E+00 2.50000E+00 2.05223E+02
 -1       745 9.63875E+00-2.50000E+00 2.05223E+02
 -1       746 2.64765E+00 2.50000E+00 2.04670E+02
 -1       747 1.87564E+00 0.00000E+00 4.10000E+01
 -1       748 7.00000E+00 0.00000E+00 4.61244E+01
 -1       749-7.17433E-15 0.00000E+00 4.80000E+01
 -1       750-1.87564E+00 0.00000E+00 5.50000E+01
 -1       751 5.12436E+00 0.00000E+00 5.31244E+01
 -1       752 3.75129E+00 0.00000E+00 3.40000E+01
 -1       753 1.02487E+01 0.00000E+00 5.82487E+01
 -1       754 1.21244E+01 0.00000E+00 5.12487E+01
 -1       755 1.40000E+01 0.00000E+00 4.42487E+01
 -1       756 1.91244E+01 0.00000E+00 3.40000E+01
 -1       757 1.40000E+01 0.00000E+00 2.88756E+01
 -1       758 8.87564E+00 0.00000E+00 2.88756E+01
 -1       759-1.91244E+01 0.00000E+00 6.20000E+01
 -1       760 1.21244E+01 0.00000E+00 6.52487E+01
 -1       761 2.10000E+01 0.00000E+00 4.61244E+01
 -1       762 2.35622E+01 0.00000E+00 5.05622E+01
 -1       763 2.16865E+01 0.00000E+00 5.75622E+01
 -1       764 2.64765E+00-2.50000E+00 2.04670E+02
 -1       765 1.84784E+00-1.04188E+00 2.02191E+02
 -1       766 5.93953E+00 4.44089E-16 2.06956E+02
 -1       767-3.24871E+00 0.00000E+00 3.58756E+01
 -1       768 1.87564E+00 0.00000E+00 2.70000E+01
 -1       769-1.40000E+01 0.00000E+00 5.68756E+01
 -1       770 6.70812E+00 2.50000E+00 2.07035E+02
 -1       771 6.70812E+00-2.50000E+00 2.07035E+02
 -1       772 1.91244E+01 0.00000E+00 3.91244E+01
 -1       773 1.72487E+01 0.00000E+00 6.01244E+01
 -1       774 1.97481E+00 1.66667E+00 2.02159E+02
 -1       775-8.87564E+00 0.00000E+00 5.68756E+01
 -1       776-7.00000E+00 0.00000E+00 4.98756E+01
 -1       777-5.12436E+00 0.00000E+00 4.28756E+01
 -1       778 9.39533E-01 2.50000E+00 2.02296E+02
 -1       779-5.12436E+00 0.00000E+00 2.88756E+01
 -1       780-1.02487E+01 0.00000E+00 3.77513E+01
 -1       781-2.10000E+01 0.00000E+00 4.98756E+01
 -1       782-1.91244E+01 0.00000E+00 4.28756E+01
 -1       783-1.21244E+01 0.00000E+00 3.07513E+01
 -1       784-1.40000E+01 0.00000E+00 5.17513E+01
 -1       785-1.72487E+01 0.00000E+00 3.58756E+01
 -1       786-1.21244E+01 0.00000E+00 4.47513E+01
 -1       787-1.91244E+01 0.00000E+00 5.68756E+01
 -1       788 9.39533E-01-2.50000E+00 2.02296E+02
 -1       789 4.13184E+00-4.00000E+00 1.76019E+02
 -1       790-2.50000E+00 0.00000E+00 1.09257E+02
 -1       791 2.50000E+00 0.00000E+00 7.57750E+01
 -1       792 0.00000E+00 0.00000E+00 1.42515E+02
 -1       793-8.68163E-01 4.00000E+00 1.76019E+02
 -1       794-4.15510E+00 4.00000E+00 1.76141E+02
 -1       795-4.15510E+00-4.00000E+00 1.76141E+02
 -1       796 5.06218E+00 4.00000E+00 7.13372E+01
 -1       797 5.06218E+00-4.00000E+00 7.13372E+01
 -1       798 4.13184E+00 4.00000E+00 1.76019E+02
 -1       799 4.13184E+00 1.00000E+00 1.76019E+02
 -1       800-4.15510E+00 1.00000E+00 1.76141E+02
 -1       801-4.37564E+00 4.00000E+00 6.87750E+01
 -1       802-4.37564E+00-4.00000E+00 6.87750E+01
 -1       803 0.00000E+00 0.00000E+00 1.57575E+02
 -1       804 0.00000E+00 0.00000E+00 1.72635E+02
 -1       805-8.68163E-01 1.00000E+00 1.76019E+02
 -1       806 2.56218E+00 1.00000E+00 7.15622E+01
 -1       807-1.87564E+00-4.00000E+00 6.90000E+01
 -1       808 2.56218E+00-4.00000E+00 7.15622E+01
 -1       809-1.87564E+00 1.00000E+00 6.90000E+01
 -1       810-4.37564E+00 1.00000E+00 6.87750E+01
 -1       811-1.87564E+00 4.00000E+00 6.90000E+01
 -1       812 2.56218E+00 4.00000E+00 7.15622E+01
 -1       813 5.06218E+00 1.00000E+00 7.13372E+01
 -1       814-6.86000E-15 0.00000E+00 7.60000E+01
 -1       815 2.50000E+00 0.00000E+00 1.09257E+02
 -1       816-2.50000E+00 0.00000E+00 7.57750E+01
 -1       817-8.68163E-01-4.00000E+00 1.76019E+02
 -3
    3C                           353                                     1
 -1       421    6    0    1
 -2       394       395       224       296       425       618       619       621       620       622
 -1       422    6    0    1
 -2       381       299       385       227       624       623       437       626       625       627
 -1       423    6    0    1
 -2       230       393       394       302       629       428       628       631       630       632
 -1       424    6    0    1
 -2       386       229       301       393       635       633       634       431       636       637
 -1       425    6    0    1
 -2       396       384       231       303       419       638       639       641       640       642
 -1       426    6    0    1
 -2       300       381       382       228       644       440       643       646       645       647
 -1       427    6    0    1
 -2       384       383       234       306       416       648       649       651       650       652
 -1       428    6    0    1
 -2       224       302       394       296       653       632       619       622       330       621
 -1       429    6    0    1
 -2       394       224       230       302       619       258       628       632       653       631
 -1       430    6    0    1
 -2       386       299       301       229       654       339       634       635       655       633
 -1       431    6    0    1
 -2       381       300       299       227       644       342       624       626       656       625
 -1       432    6    0    1
 -2       300       227       381       228       656       626       644       646       270       645
 -1       433    6    0    1
 -2       384       234       231       303       649       252       638       640       657       642
 -1       434    6    0    1
 -2       233       306       383       305       659       650       658       660       321       661
 -1       435    6    0    1
 -2       229       304       301       393       662       336       633       636       663       637
 -1       436    6    0    1
 -2       393       230       304       302       629       664       663       630       631       333
 -1       437    6    0    1
 -2       382       298       300       226       665       345       643       667       666       668
 -1       438    6    0    1
 -2       384       306       234       303       651       652       649       640       324       657
 -1       439    6    0    1
 -2       234       383       233       306       648       658       249       652       650       659
 -1       440    6    0    1
 -2       229       232       304       393       264       669       662       636       670       663
 -1       441    6    0    1
 -2       304       393       232       230       663       670       669       664       629       261
 -1       442    6    0    1
 -2       382       226       300       228       667       668       643       647       273       646
 -1       443    6    0    1
 -2       389       233       383       305       671       658       411       672       660       661
 -1       444    6    0    1
 -2       382       388       298       226       441       673       665       667       674       666
 -1       445    6    0    1
 -2       133       392       132       617       469       402       135       676       675       677
 -1       446    6    0    1
 -2       572       519       565       473       679       678       606       681       680       682
 -1       447    6    0    1
 -2       133       297       387       388       684       683       407       470       685       467
 -1       448    6    0    1
 -2       133       388       392       617       470       443       469       676       686       675
 -1       449    6    0    1
 -2        22       302       224       296       687       653       254       688       330       622
 -1       450    6    0    1
 -2        22       230       224       302       256       258       254       687       631       653
 -1       451    6    0    1
 -2       305       389       233       617       672       671       660       690       689       691
 -1       452    6    0    1
 -2        94       396       395       303       451       422       452       352       641       692
 -1       453    6    0    1
 -2        71       396       231       395       417       639       279       421       422       693
 -1       454    6    0    1
 -2       229       386       385        75       635       434       694       287       430       432
 -1       455    6    0    1
 -2       223        68       391       389       240       398       695       696       412       413
 -1       456    6    0    1
 -2        24       304       229       232       697       662       262       260       669       264
 -1       457    6    0    1
 -2       388       225       392       617       699       698       443       686       700       675
 -1       458    6    0    1
 -2       388       225        78       392       699       243       442       443       698       400
 -1       459    6    0    1
 -2       518       571       472       139       703       701       702       523       704       489
 -1       460    6    0    1
 -2       396        70       231       384       418       280       639       419       414       638
 -1       461    6    0    1
 -2       384       303       396        93       640       641       419       449       351       450
 -1       462    6    0    1
 -2       225       297         1       617       706       309       705       700       707       708
 -1       463    6    0    1
 -2        42       306       233       305       320       659       709       316       321       660
 -1       464    6    0    1
 -2        42       233       306       234       709       659       320       710       249       652
 -1       465    6    0    1
 -2       389        91       390       295       446       404       447       711       313       712
 -1       466    6    0    1
 -2       185       298       388       226       714       673       713       715       666       674
 -1       467    6    0    1
 -2       388       225       185       226       699       716       713       674       274       715
 -1       468    6    0    1
 -2       298       388       297       185       673       685       346       714       713       717
 -1       469    6    0    1
 -2       297       185       388       225       717       713       685       706       716       699
 -1       470    6    0    1
 -2       512       565       519       473       718       678       553       719       682       680
 -1       471    6    0    1
 -2       387       297       101       388       683       314       406       467       685       466
 -1       472    6    0    1
 -2       515       573       516       520       721       720       563       535       722       532
 -1       473    6    0    1
 -2       515       521       567       574       538       723       724       726       725       594
 -1       474    6    0    1
 -2       571       512       569       518       728       727       582       703       526       729
 -1       475    6    0    1
 -2       381        77       382       228       436       438       440       645       291       647
 -1       476    6    0    1
 -2       224        21        22       296       253        33       254       622       730       688
 -1       477    6    0    1
 -2       382       300       100       381       643       364       465       440       644       462
 -1       478    6    0    1
 -2       572       172       519       473       603       731       679       681       481       680
 -1       479    6    0    1
 -2       234       384        69       383       649       415       278       648       416       409
 -1       480    6    0    1
 -2       384        92       383       306       448       445       416       651       349       650
 -1       481    6    0    1
 -2       231        21       224       296       251       253       255       732       730       622
 -1       482    6    0    1
 -2       229        48       227       299       734       733       267       655       338       625
 -1       483    6    0    1
 -2       297       388       133       617       685       470       684       707       686       676
 -1       484    6    0    1
 -2       395       296        94       303       620       353       452       692       327       352
 -1       485    6    0    1
 -2       231       224        71       395       255       282       279       693       618       421
 -1       486    6    0    1
 -2       229       385       227        75       694       627       267       287       432       290
 -1       487    6    0    1
 -2        49       299       300       227       337       342       341       735       625       656
 -1       488    6    0    1
 -2       296       231        21       303       732       251       730       327       642       736
 -1       489    6    0    1
 -2        48       301       299       229       334       339       338       734       633       655
 -1       490    6    0    1
 -2       227       300        26       228       656       737       266       270       646       268
 -1       491    6    0    1
 -2       234        43       306        42       738       319       652       710        54       320
 -1       492    6    0    1
 -2        20       231       234       303       250       252       248       739       642       657
 -1       493    6    0    1
 -2       304        47       229       301       331       740       662       336       335       633
 -1       494    6    0    1
 -2       300       298        27       226       345       741       742       668       666       271
 -1       495    6    0    1
 -2       234       303       306        43       657       324       652       738       323       319
 -1       496    6    0    1
 -2       226        27       300       228       271       742       668       273       269       646
 -1       497    6    0    1
 -2       162       472       571       139       486       701       575       492       489       704
 -1       498    6    0    1
 -2         2       225         1       617       238       705        17       743       700       708
 -1       499    6    0    1
 -2         1       185       297       225       187       717       309       705       716       706
 -1       500    6    0    1
 -2       233       305       186        42       660       744       745       709       316       211
 -1       501    6    0    1
 -2       305       295       389       617       318       711       672       690       746       689
 -1       502    6    0    1
 -2        78       388       382       226       442       441       439       293       674       667
 -1       503    6    0    1
 -2       297       225       388       617       706       699       685       707       700       686
 -1       504    6    0    1
 -2       515       567       511       564       724       747       562       748       615       749
 -1       505    6    0    1
 -2       564       512       511       516       750       554       749       751       558       557
 -1       506    6    0    1
 -2       564       516       511       515       751       557       749       748       563       562
 -1       507    6    0    1
 -2       515       511       567       514       562       747       724       561       560       752
 -1       508    6    0    1
 -2       565       512       564       569       718       750       609       610       727       611
 -1       509    6    0    1
 -2       569       564       568       516       611       613       616       753       751       754
 -1       510    6    0    1
 -2       516       564       568       515       751       613       754       563       748       755
 -1       511    6    0    1
 -2       564       567       568       515       615       614       613       748       724       755
 -1       512    6    0    1
 -2       564       569       512       516       611       727       750       751       753       558
 -1       513    6    0    1
 -2       233       383        68       389       658       410       276       671       411       412
 -1       514    6    0    1
 -2       515       574       142       521       726       756       534       538       725       536
 -1       515    6    0    1
 -2       567       143       574       521       758       757       594       723       537       725
 -1       516    6    0    1
 -2       171       519       572       172       759       679       604       183       731       603
 -1       517    6    0    1
 -2       518       569       571       139       729       582       703       523       760       704
 -1       518    6    0    1
 -2       164       573       515       520       583       721       761       762       722       535
 -1       519    6    0    1
 -2       140       516       573       520       528       720       763       530       532       722
 -1       520    6    0    1
 -2       223       389       391       617       696       413       695       764       689       765
 -1       521    6    0    1
 -2       223       233       389       617       246       671       696       764       691       689
 -1       522    6    0    1
 -2        70       234       231       384       277       252       280       414       649       638
 -1       523    6    0    1
 -2       303       384       306        93       640       651       324       351       449       350
 -1       524    6    0    1
 -2       565       172       572       473       578       603       606       682       481       681
 -1       525    6    0    1
 -2       233        68       223       389       276       240       246       671       412       696
 -1       526    6    0    1
 -2       233       186       305       617       745       744       660       691       766       690
 -1       527    6    0    1
 -2       296        22       302        45       688       687       330       325       206       329
 -1       528    6    0    1
 -2       387         8       297       133       405       315       683       407       136       684
 -1       529    6    0    1
 -2       573       516       568       515       720       754       588       721       563       755
 -1       530    6    0    1
 -2       573       569       568       516       585       616       588       720       753       754
 -1       531    6    0    1
 -2       515       567       521       514       724       723       538       561       752       541
 -1       532    6    0    1
 -2       512       569       565       571       727       610       718       728       582       579
 -1       533    6    0    1
 -2       567       574       568       515       594       591       614       724       726       755
 -1       534    6    0    1
 -2       516       569       512       518       753       727       558       529       729       526
 -1       535    6    0    1
 -2       226       382        77       228       667       438       294       273       647       291
 -1       536    6    0    1
 -2       300       100       298       382       364       365       345       643       465       665
 -1       537    6    0    1
 -2       514       167       570       567       768       596       767       752       592       597
 -1       538    6    0    1
 -2       234        69       233       383       278       275       249       648       409       658
 -1       539    6    0    1
 -2       383       306        92       305       650       349       445       661       321       348
 -1       540    6    0    1
 -2        78       225       388       226       243       699       442       293       274       674
 -1       541    6    0    1
 -2       304       229        47        24       662       740       331       697       262       201
 -1       542    6    0    1
 -2        49       227        48       299       735       733        60       337       625       338
 -1       543    6    0    1
 -2        21        20       303       231        32       739       736       251       250       642
 -1       544    6    0    1
 -2       301        48        47       229       334        59       335       633       734       740
 -1       545    6    0    1
 -2        27        26       300       228        38       737       742       269       268       646
 -1       546    6    0    1
 -2       566       519       565       572       769       678       608       605       679       606
 -1       547    6    0    1
 -2       233        19       234        42       245       247       249       709       210       710
 -1       548    6    0    1
 -2       300        27       298        50       742       741       345       340       221       344
 -1       549    6    0    1
 -2       164       140       573       520       494       763       583       762       530       722
 -1       550    6    0    1
 -2       142       574       143       521       756       757       154       536       725       537
 -1       551    6    0    1
 -2       185        27       298       226       220       741       714       715       271       666
 -1       552    6    0    1
 -2       295       389        91       305       711       446       313       318       672       347
 -1       553    6    0    1
 -2         2       185         1       225       188       187        17       238       716       705
 -1       554    6    0    1
 -2       298       382       101       388       665       464       366       673       441       466
 -1       555    6    0    1
 -2       186       295       305       617       770       318       744       766       746       690
 -1       556    6    0    1
 -2       186       233       223       617       745       246       771       766       691       764
 -1       557    6    0    1
 -2       383        91       389       305       444       446       411       661       347       672
 -1       558    6    0    1
 -2       519       149       512       473       551       524       553       680       478       719
 -1       559    6    0    1
 -2       521       567       143       514       723       758       537       541       752       539
 -1       560    6    0    1
 -2       569       518       516       139       729       529       753       760       523       527
 -1       561    6    0    1
 -2       162       571       569       139       575       582       581       492       704       760
 -1       562    6    0    1
 -2       165       568       574       515       586       591       590       772       755       726
 -1       563    6    0    1
 -2       164       515       573       568       761       721       583       587       755       588
 -1       564    6    0    1
 -2       569       516       573       140       753       720       585       773       528       763
 -1       565    6    0    1
 -2       298       101       297       388       366       314       346       673       466       685
 -1       566    6    0    1
 -2        22       296        21        45       688       730        33       206       325       214
 -1       567    6    0    1
 -2       295       390       389       617       712       447       711       746       774       689
 -1       568    6    0    1
 -2       229        25        47        24       263       215       740       262        36       201
 -1       569    6    0    1
 -2       512       565       564       566       718       609       750       775       608       607
 -1       570    6    0    1
 -2       564       511       512       566       749       554       750       607       776       775
 -1       571    6    0    1
 -2       567       570       514       511       597       767       752       747       777       560
 -1       572    6    0    1
 -2       511       570       564       567       777       612       749       747       597       615
 -1       573    6    0    1
 -2       164       165       515       568       176       772       761       587       586       755
 -1       574    6    0    1
 -2       569       139       516       140       760       527       753       773       151       528
 -1       575    6    0    1
 -2       162       569       163       139       581       580       174       492       760       491
 -1       576    6    0    1
 -2       186       223         2       617       771       235       190       766       764       743
 -1       577    6    0    1
 -2       295       186         1       617       770       189       308       746       766       708
 -1       578    6    0    1
 -2       133         8       297       617       136       315       684       676       778       707
 -1       579    6    0    1
 -2         2         1       186       617        17       189       190       743       708       766
 -1       580    6    0    1
 -2       519       172       149       473       731       510       551       680       481       478
 -1       581    6    0    1
 -2       519       572       566       171       679       605       769       759       604       602
 -1       582    6    0    1
 -2        42        43        19       234        54       209       210       710       738       247
 -1       583    6    0    1
 -2       167       517       144       514       779       542       499       768       544       540
 -1       584    6    0    1
 -2       570       517       167       514       780       779       596       767       544       768
 -1       585    6    0    1
 -2        27       300        49        50       742       341       218       221       340        61
 -1       586    6    0    1
 -2       170       147       169       513       507       504       181       781       547       782
 -1       587    6    0    1
 -2       517       167       145       168       779       501       543       783       179       503
 -1       588    6    0    1
 -2       229       227        48        25       267       733       734       263       265       217
 -1       589    6    0    1
 -2       296       303        21        44       327       736       730       326       322       212
 -1       590    6    0    1
 -2       300        26        49       227       737       219       341       656       266       735
 -1       591    6    0    1
 -2        20       303       234        43       739       657       248       208       323       738
 -1       592    6    0    1
 -2       519       565       512       566       678       718       553       769       608       775
 -1       593    6    0    1
 -2       567       166       574       143       593       589       594       758       497       757
 -1       594    6    0    1
 -2       519       171       149       172       759       508       551       731       183       510
 -1       595    6    0    1
 -2       165       574       142       515       590       756       495       772       726       534
 -1       596    6    0    1
 -2       520       515       164       141       535       761       762       531       533       493
 -1       597    6    0    1
 -2       569       573       163       140       585       584       580       773       763       490
 -1       598    6    0    1
 -2       227        75       385        76       290       432       627       289        87       433
 -1       599    6    0    1
 -2       395        95        94       296       453       106       452       620       354       353
 -1       600    6    0    1
 -2       224        72        71       395       281        83       282       618       420       421
 -1       601    6    0    1
 -2        98        99       299       385       110       362       361       461       460       623
 -1       602    6    0    1
 -2       233       186        19        42       745       207       245       709       211       210
 -1       603    6    0    1
 -2       298       185        50        27       714       222       344       741       220       221
 -1       604    6    0    1
 -2       391       133       132       617       468       135       401       765       676       677
 -1       605    6    0    1
 -2       143       167       514       567       500       768       539       758       592       752
 -1       606    6    0    1
 -2       515       165       141       142       772       496       533       534       495       153
 -1       607    6    0    1
 -2       515       141       165       164       533       496       772       761       493       176
 -1       608    6    0    1
 -2       139       569       163       140       760       580       491       151       773       490
 -1       609    6    0    1
 -2       382        77        78       226       438        89       439       667       294       293
 -1       610    6    0    1
 -2       169       513       566       170       782       784       600       181       781       599
 -1       611    6    0    1
 -2       168       517       167       570       783       779       179       595       780       596
 -1       612    6    0    1
 -2       167       144       517       145       499       542       779       501       156       543
 -1       613    6    0    1
 -2       513       147       169       146       547       504       782       546       158       505
 -1       614    6    0    1
 -2        73       394        72       230       423       424        84       283       628       284
 -1       615    6    0    1
 -2       301        97        98       386       359       109       360       634       459       458
 -1       616    6    0    1
 -2       394       302        96        95       632       356       455       454       355       107
 -1       617    6    0    1
 -2       229        74       386        75       288       429       635       287        86       430
 -1       618    6    0    1
 -2        70       396       231        71       418       639       280        82       417       279
 -1       619    6    0    1
 -2       396       303        94        93       641       352       451       450       351       105
 -1       620    6    0    1
 -2       389       390       133       617       447       408       471       689       774       676
 -1       621    6    0    1
 -2       298       100       101       382       365       112       366       665       465       464
 -1       622    6    0    1
 -2       233        69        68       383       275        80       276       658       409       410
 -1       623    6    0    1
 -2        91       383        92       305       444       445       103       347       661       348
 -1       624    6    0    1
 -2       232       393        74        73       670       427       285       286       426        85
 -1       625    6    0    1
 -2        97       393       304        96       456       663       358       108       457       357
 -1       626    6    0    1
 -2       234        43        19        20       738       209       247       248       208        31
 -1       627    6    0    1
 -2        27       300        26        49       742       737        38       218       341       219
 -1       628    6    0    1
 -2        25       227        48        26       265       733       217        37       266       216
 -1       629    6    0    1
 -2        49        48       227        26        60       733       735       219       216       266
 -1       630    6    0    1
 -2        21        45       296        44       214       325       730       212        56       326
 -1       631    6    0    1
 -2        69       234        70       384       278       277        81       415       649       414
 -1       632    6    0    1
 -2        92       306       384        93       349       651       448       104       350       449
 -1       633    6    0    1
 -2       303        20        44        43       739       213       322       323       208        55
 -1       634    6    0    1
 -2       229        47        25        48       740       215       263       734        59       217
 -1       635    6    0    1
 -2       303        44        20        21       322       213       739       736       212        32
 -1       636    6    0    1
 -2        91         8       390       295       102       403       404       313       312       712
 -1       637    6    0    1
 -2       381        76        77       228       435        88       436       645       292       291
 -1       638    6    0    1
 -2        99       100       300       381       111       364       363       463       462       644
 -1       639    6    0    1
 -2        18       223         2       186       236       235        29       193       771       190
 -1       640    6    0    1
 -2       295         1       186        41       308       189       770       307        52       191
 -1       641    6    0    1
 -2        41       186       305        42       191       744       317        53       211       316
 -1       642    6    0    1
 -2       297         1        51       185       309        63       310       717       187       192
 -1       643    6    0    1
 -2       185       225         2        28       716       238       188       194       237        40
 -1       644    6    0    1
 -2        50       298        51       185       344       343        62       222       714       192
 -1       645    6    0    1
 -2       164       573       140       163       583       763       494       175       584       490
 -1       646    6    0    1
 -2       140       164       141       520       494       493       152       530       762       531
 -1       647    6    0    1
 -2       142       143       574       166       154       757       756       498       497       589
 -1       648    6    0    1
 -2       519       148       149       171       550       160       551       759       509       508
 -1       649    6    0    1
 -2       574       142       166       165       756       498       589       590       495       177
 -1       650    6    0    1
 -2       513       512       511       566       555       554       556       784       775       776
 -1       651    6    0    1
 -2       511       570       514       517       777       767       560       559       780       544
 -1       652    6    0    1
 -2       511       566       564       570       776       607       749       777       601       612
 -1       653    6    0    1
 -2       146       513       517       169       546       548       545       505       782       785
 -1       654    6    0    1
 -2       169       517       566       513       785       786       600       782       548       784
 -1       655    6    0    1
 -2       169       566       517       570       600       786       785       598       601       780
 -1       656    6    0    1
 -2       166       567       167       143       593       592       178       497       758       500
 -1       657    6    0    1
 -2       101         8       297       387       113       315       314       406       405       683
 -1       658    6    0    1
 -2         1       297       295       617       309       311       308       708       707       746
 -1       659    6    0    1
 -2       223       225         2       617       239       238       235       764       700       743
 -1       660    6    0    1
 -2       186       305       295        41       744       318       770       191       317       307
 -1       661    6    0    1
 -2       223        18       233       186       236       244       246       771       193       745
 -1       662    6    0    1
 -2        28       185       225       226       194       716       237       272       715       274
 -1       663    6    0    1
 -2       297        51       298       185       310       343       346       717       192       714
 -1       664    6    0    1
 -2       519       512       513       566       553       555       552       769       775       784
 -1       665    6    0    1
 -2       389       133       391       617       471       468       413       689       676       765
 -1       666    6    0    1
 -2       148       519       513       171       550       552       549       509       759       787
 -1       667    6    0    1
 -2       143       514       167       144       539       768       500       155       540       499
 -1       668    6    0    1
 -2       147       170       148       513       507       506       159       547       781       549
 -1       669    6    0    1
 -2       513       170       148       171       781       506       549       787       182       509
 -1       670    6    0    1
 -2       391       223         7        68       695       241       397       398       240        79
 -1       671    6    0    1
 -2         7       225       223       617       242       239       241       788       700       764
 -1       672    6    0    1
 -2       297         8       295       617       315       312       311       707       778       746
 -1       673    6    0    1
 -2        19       233        18       186       245       244        30       207       745       193
 -1       674    6    0    1
 -2       185        28        27       226       194        39       220       715       272       271
 -1       675    6    0    1
 -2       225         7        78       392       242        90       243       698       399       400
 -1       676    6    0    1
 -2       513       511       517       566       556       559       548       784       776       786
 -1       677    6    0    1
 -2       566       511       517       570       776       559       786       601       777       780
 -1       678    6    0    1
 -2       170       513       566       171       781       784       599       182       787       602
 -1       679    6    0    1
 -2       145       146       517       168       157       545       543       503       502       783
 -1       680    6    0    1
 -2       566       513       519       171       784       552       769       602       787       759
 -1       681    6    0    1
 -2         6       230        23        22       789       257       197       204       256        34
 -1       682    6    0    1
 -2        14       117         9       114       790       369       130       379       368       115
 -1       683    6    0    1
 -2        14        13        11       126       131       129       791       380       127       376
 -1       684    6    0    1
 -2        14       126       117       114       380       792       790       379       378       368
 -1       685    6    0    1
 -2       168       146       517       169       502       545       783       180       505       785
 -1       686    6    0    1
 -2       570       168       517       169       595       783       780       598       180       785
 -1       687    6    0    1
 -2       304       302         4        46       333       793       794       332       328       199
 -1       688    6    0    1
 -2        23         3        24       232       198       195        35       259       795       260
 -1       689    6    0    1
 -2        15       162        11       571       173       485       482       576       575       796
 -1       690    6    0    1
 -2        16       518        13       139       522       797       487       150       523       488
 -1       691    6    0    1
 -2         5        46       302        45       200       328       798       205        57       329
 -1       692    6    0    1
 -2        22         6       230       302       204       789       256       687       799       631
 -1       693    6    0    1
 -2       304         4        47        46       794       202       331       332       199        58
 -1       694    6    0    1
 -2       304        24         3       232       697       195       800       669       260       795
 -1       695    6    0    1
 -2       565        10        15       172       801       479       577       578       480       184
 -1       696    6    0    1
 -2        16       149         9       512       161       477       476       525       524       802
 -1       697    6    0    1
 -2         5       302        22        45       798       687       203       205       329       206
 -1       698    6    0    1
 -2         4       304        47        24       794       331       202       196       697       201
 -1       699    6    0    1
 -2         4       126         5         6       803       374        65       804       128        66
 -1       700    6    0    1
 -2         3       126         4         6       377       803        64        67       128       804
 -1       701    6    0    1
 -2       302         5         4        46       798        65       793       328       200       199
 -1       702    6    0    1
 -2         4         3       302       304        64       805       793       794       800       333
 -1       703    6    0    1
 -2         6        22         5       302       204       203        66       799       687       798
 -1       704    6    0    1
 -2       512       571        14       518       728       806       807       526       703       808
 -1       705    6    0    1
 -2         4         5       126       121        65       374       803       370       123       375
 -1       706    6    0    1
 -2       117       126         4         3       792       803       119       367       377        64
 -1       707    6    0    1
 -2       304         4         3        24       794        64       800       697       196       195
 -1       708    6    0    1
 -2       565        14       512       571       809       807       718       579       806       728
 -1       709    6    0    1
 -2         9       565       512       473       810       718       802       475       682       719
 -1       710    6    0    1
 -2        10       172       565       473       480       578       801       474       481       682
 -1       711    6    0    1
 -2         9       512       149       473       802       524       477       475       719       478
 -1       712    6    0    1
 -2       117       126         3       114       792       377       367       368       378       116
 -1       713    6    0    1
 -2       126         4       121       117       803       370       375       792       119       371
 -1       714    6    0    1
 -2        12       565        15       571       811       577       137       812       579       576
 -1       715    6    0    1
 -2       512        14        16       518       807       138       525       526       808       522
 -1       716    6    0    1
 -2       302         6         4         5       799       804       793       798        66        65
 -1       717    6    0    1
 -2       302         4         6         3       793       804       799       805        64        67
 -1       718    6    0    1
 -2       472        13       571       518       483       813       701       702       797       703
 -1       719    6    0    1
 -2        11       571       162       472       796       575       485       484       701       486
 -1       720    6    0    1
 -2        13       518       472       139       797       702       483       488       523       489
 -1       721    6    0    1
 -2        14       565        12       571       809       811       814       806       579       812
 -1       722    6    0    1
 -2        10       565         9       473       801       810       120       474       682       475
 -1       723    6    0    1
 -2        14       512         9       565       807       802       130       809       718       810
 -1       724    6    0    1
 -2        10        15        12       565       479       137       124       801       577       811
 -1       725    6    0    1
 -2        16         9        14       512       476       130       138       525       802       807
 -1       726    6    0    1
 -2       571        13        14       518       813       131       806       703       797       808
 -1       727    6    0    1
 -2       571        11        13       472       796       129       813       701       484       483
 -1       728    6    0    1
 -2        13        16        14       518       487       138       131       797       522       808
 -1       729    6    0    1
 -2        12        15        11       571       137       482       125       812       576       796
 -1       730    6    0    1
 -2       571        14        11        12       806       791       796       812       814       125
 -1       731    6    0    1
 -2       571        11        14        13       796       791       806       813       129       131
 -1       732    6    0    1
 -2        76       227       381       385       289       626       435       433       627       437
 -1       733    6    0    1
 -2       381       227        76       228       626       289       435       645       270       292
 -1       734    6    0    1
 -2        99       299       381       300       362       624       463       363       342       644
 -1       735    6    0    1
 -2       299        99       381       385       362       463       624       623       460       437
 -1       736    6    0    1
 -2        98       386       299       301       458       654       361       360       634       339
 -1       737    6    0    1
 -2       299       386        98       385       654       458       361       623       434       461
 -1       738    6    0    1
 -2       299       385       229       386       623       694       655       654       434       635
 -1       739    6    0    1
 -2       385       299       229       227       623       655       694       627       625       267
 -1       740    6    0    1
 -2       231       395       296       224       693       620       732       255       618       622
 -1       741    6    0    1
 -2       231       303       395       396       642       692       693       639       641       422
 -1       742    6    0    1
 -2       395       303       231       296       692       642       693       620       327       732
 -1       743    6    0    1
 -2        95       296       394       302       354       621       454       355       330       632
 -1       744    6    0    1
 -2       394       296        95       395       621       354       454       425       620       453
 -1       745    6    0    1
 -2        72       394       224       230       424       619       281       284       628       258
 -1       746    6    0    1
 -2       394        72       224       395       424       281       619       425       420       618
 -1       747    6    0    1
 -2        96       393       302       394       457       630       356       455       428       632
 -1       748    6    0    1
 -2       393        96       302       304       457       356       630       663       357       333
 -1       749    6    0    1
 -2        73       393       230       232       426       629       283       286       670       261
 -1       750    6    0    1
 -2       393        73       230       394       426       283       629       428       423       628
 -1       751    6    0    1
 -2        97       393       301       304       456       637       359       358       663       336
 -1       752    6    0    1
 -2       301       393        97       386       637       456       359       634       431       459
 -1       753    6    0    1
 -2        74       229       393       232       288       636       427       285       264       670
 -1       754    6    0    1
 -2       229        74       393       386       288       427       636       635       429       431
 -1       755    6    0    1
 -2         7       617       392       225       788       675       399       242       700       698
 -1       756    6    0    1
 -2       392       617         7       132       675       788       399       402       677       134
 -1       757    6    0    1
 -2       391         7       617       132       397       788       765       401       134       677
 -1       758    6    0    1
 -2         7       391       617       223       397       765       788       241       695       764
 -1       759    6    0    1
 -2       390       617         8       133       774       778       403       408       676       136
 -1       760    6    0    1
 -2         8       617       390       295       778       774       403       312       746       712
 -1       761    6    0    1
 -2       126        12        11        14       815       125       376       380       814       791
 -1       762    6    0    1
 -2        12       126        11       121       815       376       125       373       375       122
 -1       763    6    0    1
 -2        12       126       117        14       815       792       372       814       380       790
 -1       764    6    0    1
 -2       126        12       117       121       815       372       792       375       373       371
 -1       765    6    0    1
 -2         9       117        12        10       369       372       816       120       118       124
 -1       766    6    0    1
 -2        12       117         9        14       372       369       816       814       790       130
 -1       767    6    0    1
 -2        12       565         9        10       811       810       816       124       801       120
 -1       768    6    0    1
 -2         9       565        12        14       810       811       816       130       809       814
 -1       769    6    0    1
 -2       230       232         3        23       261       795       817       257       259       198
 -1       770    6    0    1
 -2         3       232       230       304       795       261       817       800       669       664
 -1       771    6    0    1
 -2       230       302         3       304       631       805       817       664       333       800
 -1       772    6    0    1
 -2       230         6         3       302       789        67       817       631       799       805
 -1       773    6    0    1
 -2         3         6       230        23        67       789       817       198       197       257
 -3
    1PSTEP                         1           1           1          
  100CL  101 1.000000000         817                     0    1           1
 -4  DISP        4    1
 -5  D1          1    2    1    0
 -5  D2          1    2    2    0
 -5  D3          1    2    3    0
 -5  ALL         1    2    0    0    1ALL
 -1         1 5.93761E-03-2.37652E-04 1.24425E-05
 -1         2 5.94407E-03-2.37657E-04-1.21874E-06
 -1         3 3.57177E-03-1.86142E-04 3.01014E-04
 -1         4 3.56788E-03-1.87795E-04 3.09277E-04
 -1         5 3.56755E-03-1.80061E-04-2.89902E-04
 -1         6 3.57147E-03-1.81475E-04-2.97644E-04
 -1         7 5.22171E-03-2.21257E-04-1.21750E-06
 -1         8 5.21525E-03-2.21261E-04 1.24452E-05
 -1         9 3.85906E-05-6.31061E-05 1.38608E-05
 -1        10 3.46446E-05-6.75598E-05 2.14207E-05
 -1        11 3.46364E-05-5.59875E-05-2.91133E-06
 -1        12 3.36291E-05-6.25488E-05 1.02854E-05
 -1        13 3.86738E-05-6.09609E-05-9.70322E-06
 -1        14 3.77167E-05-6.24605E-05 1.57183E-06
 -1        15 3.25241E-05-6.27268E-05 1.29859E-05
 -1        16 3.93552E-05-6.24621E-05-4.42274E-07
 -1        17 5.94084E-03-2.37656E-04 5.61458E-06
 -1        18 5.78286E-03-2.27498E-04-6.03130E-04
 -1        19 5.34212E-03-2.12768E-04-1.04406E-03
 -1        20 4.73953E-03-1.97434E-04-1.20562E-03
 -1        21 4.13672E-03-1.85595E-04-1.04403E-03
 -1        22 3.69567E-03-1.80544E-04-6.02497E-04
 -1        23 3.53437E-03-1.82958E-04-1.26640E-06
 -1        24 3.69575E-03-1.92731E-04 6.00082E-04
 -1        25 4.13669E-03-2.07696E-04 1.04158E-03
 -1        26 4.73949E-03-2.23193E-04 1.20320E-03
 -1        27 5.34209E-03-2.35194E-04 1.04165E-03
 -1        28 5.78285E-03-2.40485E-04 6.00705E-04
 -1        29 5.90308E-03-2.33361E-04-3.12762E-04
 -1        30 5.59154E-03-2.20475E-04-8.52569E-04
 -1        31 5.05150E-03-2.04912E-04-1.16451E-03
 -1        32 4.42748E-03-1.90849E-04-1.16454E-03
 -1        33 3.88709E-03-1.82080E-04-8.52330E-04
 -1        34 3.57546E-03-1.81236E-04-3.11616E-04
 -1        35 3.57559E-03-1.86534E-04 3.09266E-04
 -1        36 3.88711E-03-1.99916E-04 8.49901E-04
 -1        37 4.42744E-03-2.15626E-04 1.16209E-03
 -1        38 5.05147E-03-2.29865E-04 1.16210E-03
 -1        39 5.59153E-03-2.38815E-04 8.50154E-04
 -1        40 5.90308E-03-2.40088E-04 3.10326E-04
 -1        41 5.77639E-03-2.27536E-04-5.89479E-04
 -1        42 5.33565E-03-2.12816E-04-1.03043E-03
 -1        43 4.73309E-03-1.97450E-04-1.19201E-03
 -1        44 4.13029E-03-1.85565E-04-1.03045E-03
 -1        45 3.68929E-03-1.80298E-04-5.89058E-04
 -1        46 3.52817E-03-1.83182E-04 1.26165E-05
 -1        47 3.68941E-03-1.93045E-04 6.13943E-04
 -1        48 4.13031E-03-2.07745E-04 1.05533E-03
 -1        49 4.73306E-03-2.23186E-04 1.21691E-03
 -1        50 5.33565E-03-2.35150E-04 1.05534E-03
 -1        51 5.77639E-03-2.40447E-04 6.14382E-04
 -1        52 5.89661E-03-2.33379E-04-2.99105E-04
 -1        53 5.58508E-03-2.20520E-04-8.38925E-04
 -1        54 5.04505E-03-2.04945E-04-1.15088E-03
 -1        55 4.42105E-03-1.90841E-04-1.15094E-03
 -1        56 3.88071E-03-1.81977E-04-8.38801E-04
 -1        57 3.56904E-03-1.80182E-04-2.98238E-04
 -1        58 3.56930E-03-1.87822E-04 3.23112E-04
 -1        59 3.88076E-03-2.00036E-04 8.63667E-04
 -1        60 4.42104E-03-2.15651E-04 1.17583E-03
 -1        61 5.04503E-03-2.29834E-04 1.17580E-03
 -1        62 5.58508E-03-2.38772E-04 8.63838E-04
 -1        63 5.89661E-03-2.40066E-04 3.23998E-04
 -1        64 3.57003E-03-1.86934E-04 3.05091E-04
 -1        65 3.52953E-03-1.83159E-04 9.86425E-06
 -1        66 3.56967E-03-1.80764E-04-2.93647E-04
 -1        67 3.53311E-03-1.82967E-04 1.47487E-06
 -1        68 5.15715E-03-2.17259E-04-2.41863E-04
 -1        69 4.98068E-03-2.11388E-04-4.18024E-04
 -1        70 4.73950E-03-2.05201E-04-4.82422E-04
 -1        71 4.49821E-03-2.00341E-04-4.17735E-04
 -1        72 4.32143E-03-1.98173E-04-2.41430E-04
 -1        73 4.25669E-03-1.99425E-04-1.12957E-06
 -1        74 4.32138E-03-2.03593E-04 2.39116E-04
 -1        75 4.49814E-03-2.09406E-04 4.15352E-04
 -1        76 4.73945E-03-2.15465E-04 4.80016E-04
 -1        77 4.98065E-03-2.20201E-04 4.15603E-04
 -1        78 5.15713E-03-2.22328E-04 2.39432E-04
 -1        79 5.20529E-03-2.19575E-04-1.25784E-04
 -1        80 5.08054E-03-2.14467E-04-3.41546E-04
 -1        81 4.86436E-03-2.08227E-04-4.66080E-04
 -1        82 4.61462E-03-2.02509E-04-4.65937E-04
 -1        83 4.39820E-03-1.98855E-04-3.41149E-04
 -1        84 4.27318E-03-1.98371E-04-1.25483E-04
 -1        85 4.27315E-03-2.01217E-04 1.23200E-04
 -1        86 4.39814E-03-2.06374E-04 3.38797E-04
 -1        87 4.61456E-03-2.12505E-04 4.63542E-04
 -1        88 4.86431E-03-2.18093E-04 4.63666E-04
 -1        89 5.08051E-03-2.21647E-04 3.39120E-04
 -1        90 5.20528E-03-2.22196E-04 1.23351E-04
 -1        91 5.15069E-03-2.17158E-04-2.28208E-04
 -1        92 4.97423E-03-2.11246E-04-4.04383E-04
 -1        93 4.73307E-03-2.05126E-04-4.68804E-04
 -1        94 4.49181E-03-2.00438E-04-4.04157E-04
 -1        95 4.31506E-03-1.98387E-04-2.27884E-04
 -1        96 4.25035E-03-1.99425E-04 1.25544E-05
 -1        97 4.31503E-03-2.03347E-04 2.52881E-04
 -1        98 4.49177E-03-2.09283E-04 4.29100E-04
 -1        99 4.73305E-03-2.15526E-04 4.93721E-04
 -1       100 4.97421E-03-2.20340E-04 4.29287E-04
 -1       101 5.15068E-03-2.22434E-04 2.53102E-04
 -1       102 5.19882E-03-2.19521E-04-1.12125E-04
 -1       103 5.07408E-03-2.14335E-04-3.27897E-04
 -1       104 4.85792E-03-2.08106E-04-4.52450E-04
 -1       105 4.60820E-03-2.02514E-04-4.52337E-04
 -1       106 4.39182E-03-1.99037E-04-3.27590E-04
 -1       107 4.26683E-03-1.98518E-04-1.11883E-04
 -1       108 4.26680E-03-2.01057E-04 1.36936E-04
 -1       109 4.39178E-03-2.06160E-04 3.52556E-04
 -1       110 4.60817E-03-2.12479E-04 4.77265E-04
 -1       111 4.85789E-03-2.18206E-04 4.77360E-04
 -1       112 5.07406E-03-2.21781E-04 3.52796E-04
 -1       113 5.19882E-03-2.22257E-04 1.37016E-04
 -1       114 1.88570E-03-1.46606E-04 2.58248E-04
 -1       115 5.56033E-04-1.05248E-04 1.39541E-04
 -1       116 2.69600E-03-1.66264E-04 2.82051E-04
 -1       117 1.88182E-03-1.52077E-04 2.65682E-04
 -1       118 5.51889E-04-1.11563E-04 1.47423E-04
 -1       119 2.69244E-03-1.69216E-04 2.89104E-04
 -1       120 3.73485E-05-6.53919E-05 1.86551E-05
 -1       121 1.88154E-03-1.40109E-04-2.46562E-04
 -1       122 5.51969E-04-9.83988E-05-1.28271E-04
 -1       123 2.69241E-03-1.59791E-04-2.70004E-04
 -1       124 3.44579E-05-6.54953E-05 1.70529E-05
 -1       125 3.49077E-05-5.91421E-05 2.68036E-06
 -1       126 1.88572E-03-1.45065E-04-2.54065E-04
 -1       127 5.56002E-04-1.04679E-04-1.36121E-04
 -1       128 2.69656E-03-1.62464E-04-2.77654E-04
 -1       129 3.74752E-05-5.84577E-05-7.20012E-06
 -1       130 3.88069E-05-6.27063E-05 8.75383E-06
 -1       131 3.85058E-05-6.21169E-05-5.25337E-06
 -1       132 5.21957E-03-2.21258E-04 3.33948E-06
 -1       133 5.21741E-03-2.21263E-04 7.89377E-06
 -1       134 5.22064E-03-2.21257E-04 1.06098E-06
 -1       135 5.21849E-03-2.21260E-04 5.61692E-06
 -1       136 5.21633E-03-2.21263E-04 1.01694E-05
 -1       137 3.32637E-05-6.26306E-05 1.16110E-05
 -1       138 3.87310E-05-6.24848E-05 6.17624E-07
 -1       139 3.53085E-05-4.79332E-05-1.07876E-05
 -1       140 2.88023E-05-2.77920E-05-1.46136E-05
 -1       141 2.01759E-05-9.44135E-06-1.52573E-05
 -1       142 1.11827E-05-5.30838E-07-7.66104E-06
 -1       143 4.45999E-06 1.56826E-06-2.14260E-06
 -1       144 6.04580E-07 6.08650E-06 4.56427E-07
 -1       145 7.53623E-07 5.23761E-06 2.97583E-06
 -1       146 6.94630E-06-1.32276E-05 8.57921E-06
 -1       147 1.86886E-05-4.04112E-05 1.49118E-05
 -1       148 2.82341E-05-5.96553E-05 1.41822E-05
 -1       149 3.52233E-05-6.71667E-05 1.00384E-05
 -1       150 3.83380E-05-5.84289E-05-1.06562E-05
 -1       151 3.23533E-05-3.80748E-05-1.29275E-05
 -1       152 2.46883E-05-1.79292E-05-1.55464E-05
 -1       153 1.54997E-05-3.25406E-06-1.28201E-05
 -1       154 7.05985E-06 0.00000E+00 0.00000E+00
 -1       155 1.98342E-06 4.23750E-06-1.55277E-06
 -1       156 3.31616E-07 6.70839E-06 2.24102E-06
 -1       157 0.00000E+00 0.00000E+00 0.00000E+00
 -1       158 1.30369E-05-2.72321E-05 1.29137E-05
 -1       159 2.37254E-05-5.13175E-05 1.51084E-05
 -1       160 3.20142E-05-6.50404E-05 1.23896E-05
 -1       161 3.85707E-05-6.40601E-05 1.01371E-05
 -1       162 2.79823E-05-4.75965E-05 1.76191E-06
 -1       163 2.16087E-05-2.75397E-05-3.03284E-06
 -1       164 1.30527E-05-9.12528E-06-4.93807E-06
 -1       165 5.24666E-06 3.21990E-07-2.73289E-06
 -1       166 2.20578E-06 1.78168E-06 3.32264E-06
 -1       167 1.10098E-06 6.09454E-06 1.19506E-05
 -1       168 2.69972E-06 4.65586E-06 2.08936E-05
 -1       169 6.39662E-06-1.39273E-05 2.84130E-05
 -1       170 1.42339E-05-4.04645E-05 3.07949E-05
 -1       171 2.24481E-05-5.98648E-05 2.84135E-05
 -1       172 2.86935E-05-6.75132E-05 2.33979E-05
 -1       173 3.12270E-05-5.39124E-05 1.91838E-06
 -1       174 2.50476E-05-3.77960E-05-8.14949E-07
 -1       175 1.74908E-05-1.77238E-05-4.47576E-06
 -1       176 8.85606E-06-3.00127E-06-4.36243E-06
 -1       177 2.94392E-06 9.68904E-07 0.00000E+00
 -1       178 1.21960E-06 4.19183E-06 7.47650E-06
 -1       179 1.74896E-06 6.63681E-06 1.65993E-05
 -1       180 3.84282E-06-2.41955E-06 2.46925E-05
 -1       181 1.01437E-05-2.74559E-05 3.03019E-05
 -1       182 1.85227E-05-5.14192E-05 3.01005E-05
 -1       183 2.57758E-05-6.52879E-05 2.60647E-05
 -1       184 3.17572E-05-6.84005E-05 2.26973E-05
 -1       185 5.77962E-03-2.40466E-04 6.07554E-04
 -1       186 5.77961E-03-2.27517E-04-5.96312E-04
 -1       187 5.89823E-03-2.40073E-04 3.20587E-04
 -1       188 5.90146E-03-2.40082E-04 3.13750E-04
 -1       189 5.89822E-03-2.33373E-04-3.02524E-04
 -1       190 5.90146E-03-2.33368E-04-3.09352E-04
 -1       191 5.77800E-03-2.27526E-04-5.92898E-04
 -1       192 5.77800E-03-2.40457E-04 6.10970E-04
 -1       193 5.78123E-03-2.27508E-04-5.99723E-04
 -1       194 5.78123E-03-2.40476E-04 6.04132E-04
 -1       195 3.62356E-03-1.89217E-04 4.54774E-04
 -1       196 3.62166E-03-1.89656E-04 4.59085E-04
 -1       197 3.54343E-03-1.82036E-04-1.50722E-04
 -1       198 3.54355E-03-1.84307E-04 1.51049E-04
 -1       199 3.53856E-03-1.85357E-04 1.62197E-04
 -1       200 3.53838E-03-1.81342E-04-1.39857E-04
 -1       201 3.69255E-03-1.92936E-04 6.07103E-04
 -1       202 3.61841E-03-1.90251E-04 4.65862E-04
 -1       203 3.62146E-03-1.80376E-04-4.50528E-04
 -1       204 3.62339E-03-1.80762E-04-4.54344E-04
 -1       205 3.61819E-03-1.79865E-04-4.43725E-04
 -1       206 3.69243E-03-1.80384E-04-5.95862E-04
 -1       207 5.58992E-03-2.20485E-04-8.49165E-04
 -1       208 4.73630E-03-1.97440E-04-1.19882E-03
 -1       209 5.04827E-03-2.04927E-04-1.15770E-03
 -1       210 5.33887E-03-2.12791E-04-1.03725E-03
 -1       211 5.58669E-03-2.20508E-04-8.42343E-04
 -1       212 4.13350E-03-1.85582E-04-1.03725E-03
 -1       213 4.42426E-03-1.90843E-04-1.15774E-03
 -1       214 3.88388E-03-1.82018E-04-8.45606E-04
 -1       215 3.88394E-03-1.99978E-04 8.56821E-04
 -1       216 4.42424E-03-2.15639E-04 1.16897E-03
 -1       217 4.13351E-03-2.07721E-04 1.04848E-03
 -1       218 5.04824E-03-2.29851E-04 1.16895E-03
 -1       219 4.73627E-03-2.23187E-04 1.21006E-03
 -1       220 5.58991E-03-2.38805E-04 8.53583E-04
 -1       221 5.33885E-03-2.35174E-04 1.04851E-03
 -1       222 5.58668E-03-2.38784E-04 8.60424E-04
 -1       223 5.50763E-03-2.25545E-04-2.06788E-04
 -1       224 4.17678E-03-1.91598E-04-5.62575E-04
 -1       225 5.49508E-03-2.29703E-04 2.07717E-04
 -1       226 5.28729E-03-2.28728E-04 5.57723E-04
 -1       227 4.53347E-03-2.13855E-04 7.66212E-04
 -1       228 4.93714E-03-2.22774E-04 7.44068E-04
 -1       229 4.18010E-03-2.03513E-04 5.47620E-04
 -1       230 3.98002E-03-1.91074E-04-1.97157E-04
 -1       231 4.54273E-03-1.97768E-04-7.59440E-04
 -1       232 3.99467E-03-1.95606E-04 1.97632E-04
 -1       233 5.28941E-03-2.16818E-04-5.59583E-04
 -1       234 4.93907E-03-2.06896E-04-7.44854E-04
 -1       235 5.72587E-03-2.31596E-04-1.04013E-04
 -1       236 5.64525E-03-2.26525E-04-4.04946E-04
 -1       237 5.63897E-03-2.35090E-04 4.04195E-04
 -1       238 5.71960E-03-2.33682E-04 1.03255E-04
 -1       239 5.50135E-03-2.27624E-04 4.62148E-07
 -1       240 5.33239E-03-2.21395E-04-2.24325E-04
 -1       241 5.36465E-03-2.23408E-04-1.03990E-04
 -1       242 5.35837E-03-2.25473E-04 1.03234E-04
 -1       243 5.32611E-03-2.26021E-04 2.23572E-04
 -1       244 5.53616E-03-2.22154E-04-5.81367E-04
 -1       245 5.31576E-03-2.14792E-04-8.01797E-04
 -1       246 5.39853E-03-2.21181E-04-3.83160E-04
 -1       247 5.14062E-03-2.09833E-04-8.94467E-04
 -1       248 4.83930E-03-2.02161E-04-9.75211E-04
 -1       249 5.11428E-03-2.11857E-04-6.52200E-04
 -1       250 4.64115E-03-1.97608E-04-9.82524E-04
 -1       251 4.33971E-03-1.91676E-04-9.01710E-04
 -1       252 4.74092E-03-2.02330E-04-7.52154E-04
 -1       253 4.15678E-03-1.88606E-04-8.03275E-04
 -1       254 3.93621E-03-1.86046E-04-5.82541E-04
 -1       255 4.35971E-03-1.94676E-04-6.61011E-04
 -1       256 3.83788E-03-1.85833E-04-3.99535E-04
 -1       257 3.75697E-03-1.87163E-04-9.90480E-05
 -1       258 4.07837E-03-1.91335E-04-3.79694E-04
 -1       259 3.76439E-03-1.89119E-04 9.80398E-05
 -1       260 3.84526E-03-1.94147E-04 3.98587E-04
 -1       261 3.98731E-03-1.93341E-04 2.28590E-07
 -1       262 3.93792E-03-1.98162E-04 5.73855E-04
 -1       263 4.15843E-03-2.05595E-04 7.94562E-04
 -1       264 4.08737E-03-1.99548E-04 3.72473E-04
 -1       265 4.33508E-03-2.10781E-04 9.03870E-04
 -1       266 4.63650E-03-2.18519E-04 9.84697E-04
 -1       267 4.35676E-03-2.08685E-04 6.56917E-04
 -1       268 4.83831E-03-2.22988E-04 9.73604E-04
 -1       269 5.13964E-03-2.28981E-04 8.92868E-04
 -1       270 4.73533E-03-2.18314E-04 7.55150E-04
 -1       271 5.31469E-03-2.31963E-04 7.99662E-04
 -1       272 5.53510E-03-2.34610E-04 5.79223E-04
 -1       273 5.11226E-03-2.25750E-04 6.50877E-04
 -1       274 5.39120E-03-2.29213E-04 3.82689E-04
 -1       275 5.13507E-03-2.14100E-04-4.88814E-04
 -1       276 5.22326E-03-2.17042E-04-4.00683E-04
 -1       277 4.83932E-03-2.06055E-04-6.13674E-04
 -1       278 4.95988E-03-2.09140E-04-5.81409E-04
 -1       279 4.52047E-03-1.99066E-04-5.88606E-04
 -1       280 4.64111E-03-2.01475E-04-6.20946E-04
 -1       281 4.24912E-03-1.94889E-04-4.01930E-04
 -1       282 4.33741E-03-1.95957E-04-4.90194E-04
 -1       283 4.11844E-03-1.95219E-04-9.91237E-05
 -1       284 4.15073E-03-1.94636E-04-2.19297E-04
 -1       285 4.15803E-03-1.99575E-04 2.18386E-04
 -1       286 4.12576E-03-1.97545E-04 9.82419E-05
 -1       287 4.33904E-03-2.06473E-04 4.81532E-04
 -1       288 4.25076E-03-2.03550E-04 3.93299E-04
 -1       289 4.63645E-03-2.14671E-04 6.23139E-04
 -1       290 4.51581E-03-2.11612E-04 5.90806E-04
 -1       291 4.95890E-03-2.21490E-04 5.79809E-04
 -1       292 4.83832E-03-2.19111E-04 6.12079E-04
 -1       293 5.22219E-03-2.25524E-04 3.98538E-04
 -1       294 5.13400E-03-2.24465E-04 4.86675E-04
 -1       295 5.50116E-03-2.25530E-04-1.93130E-04
 -1       296 4.17037E-03-1.91619E-04-5.49018E-04
 -1       297 5.48861E-03-2.29721E-04 2.21385E-04
 -1       298 5.28084E-03-2.28772E-04 5.71402E-04
 -1       299 4.52709E-03-2.13855E-04 7.79943E-04
 -1       300 4.93072E-03-2.22812E-04 7.57763E-04
 -1       301 4.17374E-03-2.03483E-04 5.61390E-04
 -1       302 3.97369E-03-1.91009E-04-1.83653E-04
 -1       303 4.53630E-03-1.97760E-04-7.45838E-04
 -1       304 3.98833E-03-1.95567E-04 2.11445E-04
 -1       305 5.28294E-03-2.16774E-04-5.45937E-04
 -1       306 4.93263E-03-2.06855E-04-7.31223E-04
 -1       307 5.63878E-03-2.26531E-04-3.91291E-04
 -1       308 5.71940E-03-2.31595E-04-9.03525E-05
 -1       309 5.71313E-03-2.33685E-04 1.16923E-04
 -1       310 5.63251E-03-2.35086E-04 4.17867E-04
 -1       311 5.49488E-03-2.27625E-04 1.41257E-05
 -1       312 5.35818E-03-2.23390E-04-9.03296E-05
 -1       313 5.32592E-03-2.21350E-04-2.10668E-04
 -1       314 5.31965E-03-2.26071E-04 2.37241E-04
 -1       315 5.35191E-03-2.25497E-04 1.16900E-04
 -1       316 5.30930E-03-2.14795E-04-7.88156E-04
 -1       317 5.52969E-03-2.22159E-04-5.67717E-04
 -1       318 5.39206E-03-2.21150E-04-3.69507E-04
 -1       319 4.83285E-03-2.02155E-04-9.61590E-04
 -1       320 5.13417E-03-2.09836E-04-8.80837E-04
 -1       321 5.10782E-03-2.11810E-04-6.38563E-04
 -1       322 4.33329E-03-1.91663E-04-8.88123E-04
 -1       323 4.63471E-03-1.97604E-04-9.68921E-04
 -1       324 4.73449E-03-2.02303E-04-7.38538E-04
 -1       325 3.92985E-03-1.85941E-04-5.69018E-04
 -1       326 4.15036E-03-1.88592E-04-7.89713E-04
 -1       327 4.35331E-03-1.94689E-04-6.47431E-04
 -1       328 3.75070E-03-1.86968E-04-8.53031E-05
 -1       329 3.83155E-03-1.85589E-04-3.86114E-04
 -1       330 4.07201E-03-1.91322E-04-3.66212E-04
 -1       331 3.83893E-03-1.94339E-04 4.12441E-04
 -1       332 3.75809E-03-1.89483E-04 1.11926E-04
 -1       333 3.98099E-03-1.93310E-04 1.39587E-05
 -1       334 4.15206E-03-2.05614E-04 8.08325E-04
 -1       335 3.93156E-03-1.98274E-04 5.87654E-04
 -1       336 4.08101E-03-1.99524E-04 3.86284E-04
 -1       337 4.63010E-03-2.18521E-04 9.98419E-04
 -1       338 4.32868E-03-2.10801E-04 9.17618E-04
 -1       339 4.35037E-03-2.08662E-04 6.70664E-04
 -1       340 5.13321E-03-2.28980E-04 9.06562E-04
 -1       341 4.83189E-03-2.22998E-04 9.87311E-04
 -1       342 4.72892E-03-2.18337E-04 7.68860E-04
 -1       343 5.52865E-03-2.34606E-04 5.92900E-04
 -1       344 5.30824E-03-2.31961E-04 8.13348E-04
 -1       345 5.10582E-03-2.25796E-04 6.64566E-04
 -1       346 5.38474E-03-2.29251E-04 3.96363E-04
 -1       347 5.21680E-03-2.16962E-04-3.87034E-04
 -1       348 5.12861E-03-2.14013E-04-4.75170E-04
 -1       349 4.95343E-03-2.09050E-04-5.67774E-04
 -1       350 4.83287E-03-2.05987E-04-6.00047E-04
 -1       351 4.63468E-03-2.01447E-04-6.07333E-04
 -1       352 4.51406E-03-1.99094E-04-5.75007E-04
 -1       353 4.33102E-03-1.96035E-04-4.76623E-04
 -1       354 4.24273E-03-1.94996E-04-3.88388E-04
 -1       355 4.14437E-03-1.94712E-04-2.05756E-04
 -1       356 4.11209E-03-1.95238E-04-8.55134E-05
 -1       357 4.11940E-03-1.97475E-04 1.11985E-04
 -1       358 4.15168E-03-1.99465E-04 2.32160E-04
 -1       359 4.24440E-03-2.03417E-04 4.07067E-04
 -1       360 4.33268E-03-2.06374E-04 4.95284E-04
 -1       361 4.50943E-03-2.11576E-04 6.04526E-04
 -1       362 4.63006E-03-2.14686E-04 6.36851E-04
 -1       363 4.83191E-03-2.19173E-04 6.25774E-04
 -1       364 4.95247E-03-2.21577E-04 5.93498E-04
 -1       365 5.12755E-03-2.24554E-04 5.00355E-04
 -1       366 5.21574E-03-2.25608E-04 4.12214E-04
 -1       367 2.69456E-03-1.67902E-04 2.85531E-04
 -1       368 1.88458E-03-1.49349E-04 2.62000E-04
 -1       369 5.54785E-04-1.08317E-04 1.43417E-04
 -1       370 2.69136E-03-1.64276E-04 9.11511E-06
 -1       371 1.87942E-03-1.46052E-04 9.92596E-06
 -1       372 5.55968E-04-1.08431E-04 7.85196E-05
 -1       373 5.56064E-04-1.01838E-04-6.01364E-05
 -1       374 2.69491E-03-1.61213E-04-2.74066E-04
 -1       375 1.88436E-03-1.42578E-04-2.50333E-04
 -1       376 5.54806E-04-1.01420E-04-1.32131E-04
 -1       377 2.69551E-03-1.64783E-04 1.99287E-06
 -1       378 1.88354E-03-1.45975E-04 2.06449E-06
 -1       379 5.60172E-04-1.05262E-04 7.14732E-05
 -1       380 5.60118E-04-1.04932E-04-6.73047E-05
 -1       381 4.85562E-03-2.18045E-04 4.71933E-04
 -1       382 5.06191E-03-2.21527E-04 3.60638E-04
 -1       383 5.06194E-03-2.13893E-04-3.49381E-04
 -1       384 4.85565E-03-2.08025E-04-4.60686E-04
 -1       385 4.61137E-03-2.12497E-04 4.70406E-04
 -1       386 4.39499E-03-2.06262E-04 3.45702E-04
 -1       387 5.19991E-03-2.22247E-04 1.34749E-04
 -1       388 5.17447E-03-2.22426E-04 2.06502E-04
 -1       389 5.17449E-03-2.18109E-04-1.94235E-04
 -1       390 5.19991E-03-2.19530E-04-1.14411E-04
 -1       391 5.20725E-03-2.19809E-04-1.06534E-04
 -1       392 5.20724E-03-2.22138E-04 1.12068E-04
 -1       393 4.26998E-03-2.01133E-04 1.30078E-04
 -1       394 4.27002E-03-1.98445E-04-1.18693E-04
 -1       395 4.39503E-03-1.98947E-04-3.34382E-04
 -1       396 4.61141E-03-2.02510E-04-4.59141E-04
 -1       397 5.21762E-03-2.20604E-04-5.42346E-05
 -1       398 5.18705E-03-2.18620E-04-1.76119E-04
 -1       399 5.21762E-03-2.21769E-04 5.57840E-05
 -1       400 5.18704E-03-2.22368E-04 1.77671E-04
 -1       401 5.21655E-03-2.20600E-04-5.19579E-05
 -1       402 5.21654E-03-2.21773E-04 5.80650E-05
 -1       403 5.21167E-03-2.20480E-04-5.15187E-05
 -1       404 5.17911E-03-2.18414E-04-1.72889E-04
 -1       405 5.21167E-03-2.21855E-04 7.41318E-05
 -1       406 5.17910E-03-2.22443E-04 1.95504E-04
 -1       407 5.21275E-03-2.21852E-04 7.18582E-05
 -1       408 5.21275E-03-2.20485E-04-5.37974E-05
 -1       409 5.02299E-03-2.12652E-04-3.86006E-04
 -1       410 5.11393E-03-2.15641E-04-2.99152E-04
 -1       411 5.12598E-03-2.16116E-04-2.77461E-04
 -1       412 5.16630E-03-2.17690E-04-2.18304E-04
 -1       413 5.19315E-03-2.19005E-04-1.51166E-04
 -1       414 4.79805E-03-2.06587E-04-4.75279E-04
 -1       415 4.91985E-03-2.09696E-04-4.43525E-04
 -1       416 4.96568E-03-2.10978E-04-4.17752E-04
 -1       417 4.55325E-03-2.01359E-04-4.42242E-04
 -1       418 4.67491E-03-2.03788E-04-4.74852E-04
 -1       419 4.73345E-03-2.05097E-04-4.75609E-04
 -1       420 4.35497E-03-1.98466E-04-2.90431E-04
 -1       421 4.44412E-03-1.99544E-04-3.79313E-04
 -1       422 4.49502E-03-2.00391E-04-4.10974E-04
 -1       423 4.25924E-03-1.98826E-04-6.04400E-05
 -1       424 4.29190E-03-1.98215E-04-1.81644E-04
 -1       425 4.31829E-03-1.98283E-04-2.34695E-04
 -1       426 4.25922E-03-2.00211E-04 6.49921E-05
 -1       427 4.29186E-03-2.02288E-04 1.86179E-04
 -1       428 4.25356E-03-1.99422E-04 5.71873E-06
 -1       429 4.35493E-03-2.04875E-04 2.94931E-04
 -1       430 4.44407E-03-2.07825E-04 3.83782E-04
 -1       431 4.31825E-03-2.03464E-04 2.46043E-04
 -1       432 4.55320E-03-2.10948E-04 4.46679E-04
 -1       433 4.67486E-03-2.14023E-04 4.79282E-04
 -1       434 4.49497E-03-2.09351E-04 4.22260E-04
 -1       435 4.79801E-03-2.16802E-04 4.79699E-04
 -1       436 4.91982E-03-2.19211E-04 4.47938E-04
 -1       437 4.73341E-03-2.15437E-04 4.86864E-04
 -1       438 5.02296E-03-2.20928E-04 3.90424E-04
 -1       439 5.11391E-03-2.22062E-04 3.03566E-04
 -1       440 4.96565E-03-2.20078E-04 4.29004E-04
 -1       441 5.12596E-03-2.22214E-04 2.89223E-04
 -1       442 5.16628E-03-2.22394E-04 2.23224E-04
 -1       443 5.19314E-03-2.22340E-04 1.60067E-04
 -1       444 5.11070E-03-2.15584E-04-2.92327E-04
 -1       445 5.01977E-03-2.12584E-04-3.79186E-04
 -1       446 5.16306E-03-2.17644E-04-2.11475E-04
 -1       447 5.18879E-03-2.18847E-04-1.54898E-04
 -1       448 4.91663E-03-2.09633E-04-4.36711E-04
 -1       449 4.79483E-03-2.06542E-04-4.68471E-04
 -1       450 4.67170E-03-2.03772E-04-4.68051E-04
 -1       451 4.55005E-03-2.01387E-04-4.35451E-04
 -1       452 4.44092E-03-1.99606E-04-3.72533E-04
 -1       453 4.35179E-03-1.98556E-04-2.83657E-04
 -1       454 4.28873E-03-1.98303E-04-1.74873E-04
 -1       455 4.25608E-03-1.98850E-04-5.36210E-05
 -1       456 4.28870E-03-2.02179E-04 1.93063E-04
 -1       457 4.25606E-03-2.00179E-04 7.18564E-05
 -1       458 4.44088E-03-2.07744E-04 3.90662E-04
 -1       459 4.35175E-03-2.04766E-04 3.01814E-04
 -1       460 4.67167E-03-2.14032E-04 4.86143E-04
 -1       461 4.55001E-03-2.10907E-04 4.53555E-04
 -1       462 4.91660E-03-2.19271E-04 4.54786E-04
 -1       463 4.79480E-03-2.16840E-04 4.86553E-04
 -1       464 5.11068E-03-2.22120E-04 3.10403E-04
 -1       465 5.01974E-03-2.20995E-04 3.97267E-04
 -1       466 5.16305E-03-2.22441E-04 2.30057E-04
 -1       467 5.18878E-03-2.22380E-04 1.71203E-04
 -1       468 5.21547E-03-2.20598E-04-4.96817E-05
 -1       469 5.21546E-03-2.21779E-04 6.03430E-05
 -1       470 5.20675E-03-2.22119E-04 1.09556E-04
 -1       471 5.20676E-03-2.19902E-04-9.55310E-05
 -1       472 3.34719E-05-5.30093E-05-4.13311E-06
 -1       473 3.39123E-05-6.70245E-05 1.65292E-05
 -1       474 3.44876E-05-6.72930E-05 1.84387E-05
 -1       475 3.65498E-05-6.53145E-05 1.49530E-05
 -1       476 3.91901E-05-6.26784E-05 6.92328E-06
 -1       477 3.70017E-05-6.52037E-05 1.23873E-05
 -1       478 3.45105E-05-6.70241E-05 1.33856E-05
 -1       479 3.36933E-05-6.55210E-05 1.74769E-05
 -1       480 3.17431E-05-6.86310E-05 2.26081E-05
 -1       481 3.12303E-05-6.75943E-05 1.99394E-05
 -1       482 3.37824E-05-5.92166E-05 4.90089E-06
 -1       483 3.63571E-05-5.68985E-05-6.42107E-06
 -1       484 3.40302E-05-5.50780E-05-2.38960E-06
 -1       485 3.10785E-05-5.16978E-05-3.08306E-07
 -1       486 3.04603E-05-5.00337E-05-1.30998E-06
 -1       487 3.90731E-05-6.20552E-05-5.31977E-06
 -1       488 3.67769E-05-5.53284E-05-1.01458E-05
 -1       489 3.42209E-05-5.08909E-05-7.43069E-06
 -1       490 2.51842E-05-2.76404E-05-8.83611E-06
 -1       491 2.86936E-05-3.78924E-05-6.93238E-06
 -1       492 3.15598E-05-4.77005E-05-4.58629E-06
 -1       493 1.65948E-05-9.22627E-06-1.00374E-05
 -1       494 2.10644E-05-1.77889E-05-9.97770E-06
 -1       495 8.13639E-06 1.72395E-07-5.80263E-06
 -1       496 1.20797E-05-3.00157E-06-8.66710E-06
 -1       497 3.37310E-06 1.56087E-06-1.14746E-07
 -1       498 4.99543E-06 3.52049E-07-2.09750E-06
 -1       499 9.43173E-07 6.01913E-06 6.20384E-06
 -1       500 1.67761E-06 4.08269E-06 3.00599E-06
 -1       501 1.16539E-06 6.51626E-06 9.29484E-06
 -1       502 3.22391E-06-1.92728E-06 1.48092E-05
 -1       503 2.21412E-06 4.66820E-06 1.25324E-05
 -1       504 1.15643E-05-2.74807E-05 2.17095E-05
 -1       505 6.80678E-06-1.37968E-05 1.89163E-05
 -1       506 2.10738E-05-5.14076E-05 2.25540E-05
 -1       507 1.64082E-05-4.04953E-05 2.28064E-05
 -1       508 2.88144E-05-6.51876E-05 1.92493E-05
 -1       509 2.53089E-05-5.98031E-05 2.12785E-05
 -1       510 3.18755E-05-6.73134E-05 1.69599E-05
 -1       511 1.79703E-05-2.73141E-05-3.07478E-07
 -1       512 2.71820E-05-4.71795E-05 2.70487E-06
 -1       513 2.07217E-05-3.95011E-05 7.57876E-06
 -1       514 8.79125E-06-9.12977E-06-1.32889E-06
 -1       515 1.64331E-05-1.48383E-05-6.60743E-06
 -1       516 2.55882E-05-3.33625E-05-7.21615E-06
 -1       517 1.00155E-05-1.80152E-05 3.30920E-06
 -1       518 3.13743E-05-4.80598E-05-5.95063E-06
 -1       519 2.81870E-05-5.35723E-05 9.21754E-06
 -1       520 2.28995E-05-2.11885E-05-1.10062E-05
 -1       521 9.34745E-06-5.35709E-06-4.08115E-06
 -1       522 3.43942E-05-5.58839E-05-5.00389E-06
 -1       523 3.39226E-05-4.81160E-05-9.69293E-06
 -1       524 3.17691E-05-5.68777E-05 8.04534E-06
 -1       525 3.19914E-05-5.47505E-05 2.31143E-06
 -1       526 2.88220E-05-4.76031E-05-1.29475E-06
 -1       527 3.08375E-05-4.06642E-05-9.48850E-06
 -1       528 2.75127E-05-3.06639E-05-1.11456E-05
 -1       529 2.84575E-05-4.06370E-05-6.59070E-06
 -1       530 2.59810E-05-2.44624E-05-1.29693E-05
 -1       531 2.15611E-05-1.52690E-05-1.29524E-05
 -1       532 2.42628E-05-2.72070E-05-9.12173E-06
 -1       533 1.84240E-05-1.23456E-05-1.05953E-05
 -1       534 1.35382E-05-6.85195E-06-7.33266E-06
 -1       535 1.96898E-05-1.79709E-05-8.84070E-06
 -1       536 9.86600E-06-3.28831E-06-4.82729E-06
 -1       537 6.38038E-06-1.55906E-06-3.04317E-06
 -1       538 1.28966E-05-9.71645E-06-5.40810E-06
 -1       539 6.12763E-06-2.73136E-06-2.27345E-06
 -1       540 4.35375E-06-1.91113E-06-4.04364E-07
 -1       541 9.07547E-06-7.38138E-06-2.87500E-06
 -1       542 4.63991E-06-4.52303E-06 1.71399E-06
 -1       543 4.41940E-06-7.48761E-06 3.42881E-06
 -1       544 9.43991E-06-1.34826E-05 1.07141E-06
 -1       545 8.35129E-06-1.66391E-05 5.06994E-06
 -1       546 1.42499E-05-2.85730E-05 8.14723E-06
 -1       547 1.97706E-05-4.01588E-05 1.08666E-05
 -1       548 1.54008E-05-2.88903E-05 5.35112E-06
 -1       549 2.46418E-05-4.94501E-05 1.10202E-05
 -1       550 2.82407E-05-5.66304E-05 1.16392E-05
 -1       551 3.18079E-05-6.03458E-05 9.83528E-06
 -1       552 2.44607E-05-4.65939E-05 8.41453E-06
 -1       553 2.78746E-05-5.04573E-05 6.55219E-06
 -1       554 2.25730E-05-3.71450E-05 9.38749E-07
 -1       555 2.40889E-05-4.36982E-05 5.49288E-06
 -1       556 1.91647E-05-3.34772E-05 3.57885E-06
 -1       557 2.16708E-05-3.05491E-05-3.44264E-06
 -1       558 2.61726E-05-4.03262E-05-2.82264E-06
 -1       559 1.40834E-05-2.33656E-05 1.87271E-06
 -1       560 1.32564E-05-1.78464E-05-9.51383E-07
 -1       561 1.25194E-05-1.24417E-05-3.66896E-06
 -1       562 1.71457E-05-2.10960E-05-3.67688E-06
 -1       563 2.10026E-05-2.37702E-05-6.97506E-06
 -1       564 1.24843E-05-2.73559E-05 1.20987E-05
 -1       565 2.09875E-05-4.74321E-05 1.55861E-05
 -1       566 1.57178E-05-3.98569E-05 2.15760E-05
 -1       567 5.83952E-06-9.18210E-06 9.64368E-06
 -1       568 1.04741E-05-1.45983E-05 3.68476E-06
 -1       569 1.87023E-05-3.30472E-05 4.79029E-06
 -1       570 7.78107E-06-1.83721E-05 1.83465E-05
 -1       571 2.45303E-05-4.72327E-05 6.44881E-06
 -1       572 2.21891E-05-5.38712E-05 2.27481E-05
 -1       573 1.59805E-05-2.09124E-05 2.26679E-07
 -1       574 5.42234E-06-5.16443E-06 3.79362E-06
 -1       575 2.67796E-05-4.73609E-05 2.85939E-06
 -1       576 2.72839E-05-5.43325E-05 7.70595E-06
 -1       577 2.49617E-05-5.51855E-05 1.50471E-05
 -1       578 2.51330E-05-5.76092E-05 2.08666E-05
 -1       579 2.21513E-05-4.74701E-05 1.16614E-05
 -1       580 2.04291E-05-3.03808E-05 7.44050E-07
 -1       581 2.37945E-05-4.01312E-05 2.64293E-06
 -1       582 2.15445E-05-4.01228E-05 5.62506E-06
 -1       583 1.45413E-05-1.49743E-05-2.25114E-06
 -1       584 1.88807E-05-2.42004E-05-1.50956E-06
 -1       585 1.73669E-05-2.69416E-05 2.55069E-06
 -1       586 7.85214E-06-6.51443E-06 6.51345E-07
 -1       587 1.18246E-05-1.20281E-05-5.39024E-07
 -1       588 1.31996E-05-1.77207E-05 1.96438E-06
 -1       589 3.59094E-06-1.37254E-06 3.62753E-06
 -1       590 5.39147E-06-2.52847E-06 6.02178E-07
 -1       591 7.80947E-06-9.49907E-06 3.75281E-06
 -1       592 3.46168E-06-1.98581E-06 1.07342E-05
 -1       593 3.92478E-06-2.70681E-06 6.29412E-06
 -1       594 5.62671E-06-7.32289E-06 6.58325E-06
 -1       595 5.07977E-06-7.79804E-06 1.95903E-05
 -1       596 4.15251E-06-4.79635E-06 1.50630E-05
 -1       597 6.73821E-06-1.36307E-05 1.39733E-05
 -1       598 7.18043E-06-1.68520E-05 2.30811E-05
 -1       599 1.51592E-05-4.04863E-05 2.60818E-05
 -1       600 1.11370E-05-2.88606E-05 2.47116E-05
 -1       601 1.15504E-05-2.91762E-05 1.97914E-05
 -1       602 1.92403E-05-4.97133E-05 2.52351E-05
 -1       603 2.53916E-05-6.08079E-05 2.31591E-05
 -1       604 2.23862E-05-5.69078E-05 2.55488E-05
 -1       605 1.88862E-05-4.69081E-05 2.21628E-05
 -1       606 2.17644E-05-5.06887E-05 1.96911E-05
 -1       607 1.39101E-05-3.36601E-05 1.67839E-05
 -1       608 1.83248E-05-4.39388E-05 1.88528E-05
 -1       609 1.65862E-05-3.72214E-05 1.35316E-05
 -1       610 1.95027E-05-4.02616E-05 9.66150E-06
 -1       611 1.53892E-05-3.03730E-05 8.70165E-06
 -1       612 1.00169E-05-2.34879E-05 1.53246E-05
 -1       613 1.13888E-05-2.09848E-05 7.72327E-06
 -1       614 7.84551E-06-1.22528E-05 6.74958E-06
 -1       615 8.87755E-06-1.78952E-05 1.08319E-05
 -1       616 1.45419E-05-2.35736E-05 4.37090E-06
 -1       617 5.49486E-03-2.26316E-04-1.07463E-04
 -1       618 4.28588E-03-1.95253E-04-4.48487E-04
 -1       619 4.22342E-03-1.94994E-04-3.40488E-04
 -1       620 4.28268E-03-1.95298E-04-4.41704E-04
 -1       621 4.22024E-03-1.95040E-04-3.33722E-04
 -1       622 4.17359E-03-1.91603E-04-5.55821E-04
 -1       623 4.56923E-03-2.13168E-04 6.25183E-04
 -1       624 4.69134E-03-2.15963E-04 6.25928E-04
 -1       625 4.53029E-03-2.13857E-04 7.73078E-04
 -1       626 4.69454E-03-2.15948E-04 6.19072E-04
 -1       627 4.57242E-03-2.13179E-04 6.18325E-04
 -1       628 4.12506E-03-1.94738E-04-1.57947E-04
 -1       629 4.12503E-03-1.96093E-04-3.35482E-05
 -1       630 4.12187E-03-1.96078E-04-2.67221E-05
 -1       631 3.97689E-03-1.91052E-04-1.90413E-04
 -1       632 4.12188E-03-1.94755E-04-1.51175E-04
 -1       633 4.17693E-03-2.03493E-04 5.54536E-04
 -1       634 4.28434E-03-2.04853E-04 4.53554E-04
 -1       635 4.28752E-03-2.04909E-04 4.46670E-04
 -1       636 4.22507E-03-2.02354E-04 3.38714E-04
 -1       637 4.22190E-03-2.02287E-04 3.45599E-04
 -1       638 4.69919E-03-2.02899E-04-6.10050E-04
 -1       639 4.57707E-03-2.00137E-04-6.09296E-04
 -1       640 4.69597E-03-2.02879E-04-6.03244E-04
 -1       641 4.57385E-03-2.00137E-04-6.02495E-04
 -1       642 4.53952E-03-1.97764E-04-7.52638E-04
 -1       643 4.99631E-03-2.22185E-04 5.59150E-04
 -1       644 4.89318E-03-2.20435E-04 6.14858E-04
 -1       645 4.89639E-03-2.20400E-04 6.08011E-04
 -1       646 4.93392E-03-2.22794E-04 7.50917E-04
 -1       647 4.99953E-03-2.22141E-04 5.52304E-04
 -1       648 5.00050E-03-2.10405E-04-5.47064E-04
 -1       649 4.89737E-03-2.07469E-04-6.02778E-04
 -1       650 4.99728E-03-2.10359E-04-5.40249E-04
 -1       651 4.89415E-03-2.07431E-04-5.95965E-04
 -1       652 4.93584E-03-2.06874E-04-7.38042E-04
 -1       653 4.07521E-03-1.91329E-04-3.72978E-04
 -1       654 4.46107E-03-2.10042E-04 5.62776E-04
 -1       655 4.35358E-03-2.08676E-04 6.63803E-04
 -1       656 4.73212E-03-2.18329E-04 7.62004E-04
 -1       657 4.73770E-03-2.02317E-04-7.45345E-04
 -1       658 5.17568E-03-2.15366E-04-4.54481E-04
 -1       659 5.11104E-03-2.11833E-04-6.45388E-04
 -1       660 5.28616E-03-2.16794E-04-5.52770E-04
 -1       661 5.17245E-03-2.15323E-04-4.47658E-04
 -1       662 4.08420E-03-1.99528E-04 3.79443E-04
 -1       663 4.12919E-03-1.98337E-04 1.70772E-04
 -1       664 3.98417E-03-1.93327E-04 7.12966E-06
 -1       665 5.17139E-03-2.25160E-04 4.66022E-04
 -1       666 5.28406E-03-2.28752E-04 5.64571E-04
 -1       667 5.17461E-03-2.25116E-04 4.59182E-04
 -1       668 5.10903E-03-2.25775E-04 6.57727E-04
 -1       669 3.99151E-03-1.95591E-04 2.04603E-04
 -1       670 4.13237E-03-1.98387E-04 1.63895E-04
 -1       671 5.23193E-03-2.17470E-04-3.76876E-04
 -1       672 5.22869E-03-2.17434E-04-3.70051E-04
 -1       673 5.22764E-03-2.25609E-04 3.88920E-04
 -1       674 5.23087E-03-2.25568E-04 3.82083E-04
 -1       675 5.35104E-03-2.24233E-04 2.30951E-06
 -1       676 5.35612E-03-2.23786E-04-4.97812E-05
 -1       677 5.35720E-03-2.23789E-04-5.20584E-05
 -1       678 2.47898E-05-5.05671E-05 1.30458E-05
 -1       679 2.51231E-05-5.37773E-05 1.59598E-05
 -1       680 3.08480E-05-6.03580E-05 1.26278E-05
 -1       681 2.75611E-05-6.07451E-05 1.91964E-05
 -1       682 2.71889E-05-5.75767E-05 1.65971E-05
 -1       683 5.34425E-03-2.25985E-04 1.78056E-04
 -1       684 5.35299E-03-2.25494E-04 1.14624E-04
 -1       685 5.33155E-03-2.26079E-04 2.13947E-04
 -1       686 5.33467E-03-2.24371E-04 4.95341E-05
 -1       687 3.83474E-03-1.85693E-04-3.92890E-04
 -1       688 3.93302E-03-1.85976E-04-5.75818E-04
 -1       689 5.33468E-03-2.22213E-04-1.50849E-04
 -1       690 5.38891E-03-2.21545E-04-3.26661E-04
 -1       691 5.39214E-03-2.21563E-04-3.33487E-04
 -1       692 4.46570E-03-1.98370E-04-5.40082E-04
 -1       693 4.46890E-03-1.98346E-04-5.46877E-04
 -1       694 4.39565E-03-2.08022E-04 5.09063E-04
 -1       695 5.35742E-03-2.22680E-04-1.56652E-04
 -1       696 5.34106E-03-2.21836E-04-2.00513E-04
 -1       697 3.84211E-03-1.94270E-04 4.05613E-04
 -1       698 5.35114E-03-2.25917E-04 1.59883E-04
 -1       699 5.33478E-03-2.26057E-04 2.07114E-04
 -1       700 5.49496E-03-2.28012E-04 5.01266E-05
 -1       701 2.92154E-05-4.97701E-05 3.69748E-07
 -1       702 3.26642E-05-5.08897E-05-5.83413E-06
 -1       703 2.79763E-05-4.77409E-05 4.51606E-07
 -1       704 3.02288E-05-4.77376E-05-3.15655E-06
 -1       705 5.71636E-03-2.33685E-04 1.10093E-04
 -1       706 5.49185E-03-2.29711E-04 2.14559E-04
 -1       707 5.49173E-03-2.28016E-04 5.69592E-05
 -1       708 5.71625E-03-2.31986E-04-4.75136E-05
 -1       709 5.31252E-03-2.14793E-04-7.94986E-04
 -1       710 5.13738E-03-2.09834E-04-8.87659E-04
 -1       711 5.33782E-03-2.21813E-04-1.93684E-04
 -1       712 5.35052E-03-2.22528E-04-1.53761E-04
 -1       713 5.47705E-03-2.31443E-04 4.07014E-04
 -1       714 5.53025E-03-2.34607E-04 5.89490E-04
 -1       715 5.53348E-03-2.34610E-04 5.82651E-04
 -1       716 5.63735E-03-2.35089E-04 4.07617E-04
 -1       717 5.63412E-03-2.35088E-04 4.14454E-04
 -1       718 2.41526E-05-4.73217E-05 9.08889E-06
 -1       719 3.05231E-05-5.68314E-05 1.02187E-05
 -1       720 2.08297E-05-2.70586E-05-3.27189E-06
 -1       721 1.64600E-05-1.78029E-05-3.44701E-06
 -1       722 1.94479E-05-2.10137E-05-5.39288E-06
 -1       723 7.37361E-06-7.22376E-06 1.77964E-06
 -1       724 1.01986E-05-1.23322E-05 1.55634E-06
 -1       725 7.41027E-06-5.07673E-06-1.81626E-07
 -1       726 1.04104E-05-9.55951E-06-7.70611E-07
 -1       727 2.28951E-05-4.02874E-05 3.37982E-06
 -1       728 2.55371E-05-4.76309E-05 5.24100E-06
 -1       729 2.50128E-05-4.04116E-05-3.36852E-07
 -1       730 4.15357E-03-1.88601E-04-7.96512E-04
 -1       731 2.85316E-05-6.05982E-05 1.66126E-05
 -1       732 4.35652E-03-1.94683E-04-6.54228E-04
 -1       733 4.33189E-03-2.10793E-04 9.10752E-04
 -1       734 4.15525E-03-2.05601E-04 8.01467E-04
 -1       735 4.63330E-03-2.18518E-04 9.91562E-04
 -1       736 4.33650E-03-1.91669E-04-8.94923E-04
 -1       737 4.83509E-03-2.22992E-04 9.80461E-04
 -1       738 4.83607E-03-2.02155E-04-9.68402E-04
 -1       739 4.63793E-03-1.97603E-04-9.75723E-04
 -1       740 3.93474E-03-1.98230E-04 5.80806E-04
 -1       741 5.31145E-03-2.31964E-04 8.06513E-04
 -1       742 5.13641E-03-2.28982E-04 8.99720E-04
 -1       743 5.71949E-03-2.31985E-04-5.43450E-05
 -1       744 5.53130E-03-2.22157E-04-5.71139E-04
 -1       745 5.53454E-03-2.22155E-04-5.77963E-04
 -1       746 5.49801E-03-2.25923E-04-1.50297E-04
 -1       747 1.10950E-05-1.78929E-05 4.95575E-06
 -1       748 1.42944E-05-2.10332E-05 2.02447E-06
 -1       749 1.52578E-05-2.73643E-05 5.90714E-06
 -1       750 1.96193E-05-3.72230E-05 7.24926E-06
 -1       751 1.85644E-05-3.04676E-05 2.61718E-06
 -1       752 7.32331E-06-9.15866E-06 4.15312E-06
 -1       753 2.21673E-05-3.31996E-05-1.19514E-06
 -1       754 1.77921E-05-2.36393E-05-1.31765E-06
 -1       755 1.34895E-05-1.46676E-05-1.48642E-06
 -1       756 7.85917E-06-2.41999E-06-2.94318E-06
 -1       757 5.09076E-06-1.40294E-06-2.30119E-07
 -1       758 5.01812E-06-2.70972E-06 1.98156E-06
 -1       759 2.52761E-05-5.68298E-05 1.85923E-05
 -1       760 2.72421E-05-4.03871E-05-3.33275E-06
 -1       761 1.51216E-05-1.20973E-05-5.59318E-06
 -1       762 1.80428E-05-1.50842E-05-7.58151E-06
 -1       763 2.24129E-05-2.42995E-05-7.23067E-06
 -1       764 5.50124E-03-2.25931E-04-1.57127E-04
 -1       765 5.35104E-03-2.23060E-04-1.06993E-04
 -1       766 5.63724E-03-2.26917E-04-3.51859E-04
 -1       767 8.13095E-06-1.36113E-05 7.56724E-06
 -1       768 3.89431E-06-1.94253E-06 5.12890E-06
 -1       769 2.16711E-05-4.68054E-05 1.52507E-05
 -1       770 5.64039E-03-2.26529E-04-3.94709E-04
 -1       771 5.64363E-03-2.26526E-04-4.01536E-04
 -1       772 1.07503E-05-6.52609E-06-3.61815E-06
 -1       773 2.39500E-05-3.05098E-05-5.19589E-06
 -1       774 5.34738E-03-2.22927E-04-1.10933E-04
 -1       775 2.12036E-05-4.38397E-05 1.21464E-05
 -1       776 1.65831E-05-3.36242E-05 1.01732E-05
 -1       777 1.21002E-05-2.35169E-05 8.64235E-06
 -1       778 5.35504E-03-2.23785E-04-4.75026E-05
 -1       779 4.46027E-06-4.75657E-06 8.45504E-06
 -1       780 8.96557E-06-1.83021E-05 1.08844E-05
 -1       781 1.74407E-05-4.04053E-05 1.84927E-05
 -1       782 1.27016E-05-2.88541E-05 1.64284E-05
 -1       783 4.76614E-06-7.66201E-06 1.12258E-05
 -1       784 1.82224E-05-3.97622E-05 1.45668E-05
 -1       785 7.87227E-06-1.68093E-05 1.43454E-05
 -1       786 1.35196E-05-2.91457E-05 1.25982E-05
 -1       787 2.19264E-05-4.96404E-05 1.81283E-05
 -1       788 5.35828E-03-2.23791E-04-5.43330E-05
 -1       789 3.77561E-03-1.86168E-04-2.47617E-04
 -1       790 5.59039E-04-1.06864E-04 7.49618E-05
 -1       791 3.63705E-05-6.05665E-05-1.48802E-06
 -1       792 1.88229E-03-1.45988E-04 5.98610E-06
 -1       793 3.77057E-03-1.89184E-04 6.34388E-05
 -1       794 3.77794E-03-1.91585E-04 2.60550E-04
 -1       795 3.78304E-03-1.90994E-04 2.49466E-04
 -1       796 2.82708E-05-5.18778E-05 3.19098E-06
 -1       797 3.41656E-05-5.41983E-05-6.92713E-06
 -1       798 3.77053E-03-1.85628E-04-2.36918E-04
 -1       799 3.77250E-03-1.85935E-04-2.40945E-04
 -1       800 3.77989E-03-1.91255E-04 2.56498E-04
 -1       801 2.61326E-05-5.70367E-05 1.67814E-05
 -1       802 3.18455E-05-5.56191E-05 7.03040E-06
 -1       803 2.69365E-03-1.64561E-04 5.66115E-06
 -1       804 3.56911E-03-1.83849E-04 5.52291E-06
 -1       805 3.77244E-03-1.89061E-04 5.92170E-05
 -1       806 3.04939E-05-5.48763E-05 2.71667E-06
 -1       807 3.15166E-05-5.48469E-05 3.32513E-06
 -1       808 3.37255E-05-5.57216E-05-3.49996E-06
 -1       809 2.82068E-05-5.49339E-05 9.78159E-06
 -1       810 2.84529E-05-5.64732E-05 1.28676E-05
 -1       811 2.58852E-05-5.50596E-05 1.36643E-05
 -1       812 2.80652E-05-5.44764E-05 6.56220E-06
 -1       813 3.06904E-05-5.28963E-05-5.20167E-07
 -1       814 3.64677E-05-6.24537E-05 5.96741E-06
 -1       815 5.59047E-04-1.03391E-04-6.36499E-05
 -1       816 3.63299E-05-6.40671E-05 1.31382E-05
 -1       817 3.77560E-03-1.88960E-04 5.22500E-05
 -3
    1PSTEP                         2           1           1          
  100CL  101 1.000000000         817                     0    1           1
 -4  STRESS      6    1
 -5  SXX         1    4    1    1
 -5  SYY         1    4    2    2
 -5  SZZ         1    4    3    3
 -5  SXY         1    4    1    2
 -5  SYZ         1    4    2    3
 -5  SZX         1    4    3    1
 -1         1-1.36683E-04 4.90168E-05-1.57827E-04 2.02973E-05-3.75162E-06 3.13616E-04
 -1         2 1.38914E-05-3.65126E-05 1.27501E-04 8.20202E-05 3.58113E-06 3.98106E-04
 -1         3 8.54784E-04 5.24278E-03 9.58235E-02-1.56052E-03-1.37701E-02-1.31154E-03
 -1         4-2.98184E-03-1.77863E-02 1.32257E-01 1.88518E-03 1.63183E-02 6.39748E-03
 -1         5-1.84943E-02-1.20456E-02-1.05937E-01 2.85030E-04-2.24384E-02 5.95679E-03
 -1         6-5.78683E-04-1.74690E-03-9.88407E-02-6.62926E-03 1.49156E-02 1.87688E-02
 -1         7 3.64847E-04 7.98257E-05 3.25273E-05-4.15928E-04 2.50167E-05 1.58690E-03
 -1         8 3.32342E-05 1.34783E-04-7.53759E-05 3.76753E-04 4.22319E-05 1.60092E-03
 -1         9 6.64053E-02 1.73521E-02 3.99748E-01 1.15391E-02 6.02110E-02 3.71053E-02
 -1        10 7.43791E-02 3.50632E-02 3.26757E-01-2.39900E-02-1.07023E-01 6.84762E-02
 -1        11-8.94058E-02-2.64904E-02-4.76130E-01-1.57174E-02 8.97472E-02 5.22895E-02
 -1        12 2.10329E-02 7.63964E-03 2.05616E-02 2.86080E-02-1.15065E-04-6.35871E-02
 -1        13-1.00478E-01-5.24047E-02-3.71448E-01 2.50729E-02-1.00792E-01 8.14807E-02
 -1        14-2.68267E-02-8.23787E-03-2.77651E-02-2.57275E-02-5.16954E-03-6.97076E-02
 -1        15 6.14264E-03-3.32246E-03 4.55532E-02 1.56650E-02 3.85376E-03-7.21954E-02
 -1        16-8.34442E-03-4.02609E-03 1.64224E-02-1.81511E-02-8.00855E-03-8.02657E-02
 -1        17-1.48856E-04 3.34181E-05-6.53090E-05 1.12775E-04-6.16428E-07 2.72459E-04
 -1        18 2.27183E-03 1.23577E-05 3.37043E-04 5.44030E-05-3.33131E-05-1.09298E-03
 -1        19 6.26578E-04 5.90445E-06 2.61709E-03-9.27304E-07 1.96155E-05-1.55274E-03
 -1        20-3.96167E-04 7.37077E-05 7.48611E-04 4.76613E-06 1.54206E-04 4.48354E-04
 -1        21-4.03308E-04-3.76519E-04-2.50763E-03-9.97480E-05 4.25268E-05-1.47307E-03
 -1        22-7.00086E-03 5.97627E-03-5.10322E-03 3.60505E-03 3.93761E-04-1.08973E-02
 -1        23-5.59812E-03-3.38904E-04 1.53532E-03-9.66983E-03-1.45286E-03 1.93042E-02
 -1        24 7.52993E-03-7.84847E-03 4.45677E-03 5.40758E-03-2.51100E-03-1.25740E-02
 -1        25 7.52510E-04 6.23807E-04 2.86036E-03 4.22915E-05 1.38463E-04-1.70497E-03
 -1        26-3.05738E-04 1.33775E-04-3.70511E-04 2.90691E-05-8.14764E-05 5.82208E-04
 -1        27-5.10125E-04-3.28287E-05-2.39363E-03-2.17238E-06-3.60890E-05-1.42093E-03
 -1        28-2.34199E-03-1.18676E-05-3.50528E-04 7.08529E-05 5.18851E-05-1.14881E-03
 -1        29 1.34206E-03-6.23513E-05 2.48357E-04 4.25591E-05-1.12188E-04-2.00343E-04
 -1        30 1.54340E-03 4.05437E-06 1.43011E-03 4.65477E-05-6.32813E-05-1.41999E-03
 -1        31 2.73418E-04 1.59398E-04 2.10192E-03 5.41858E-05 2.06314E-04-4.99482E-04
 -1        32 3.66318E-05-8.46773E-05-1.10022E-03 2.44071E-05 6.99796E-05-4.07583E-04
 -1        33-3.46369E-03 1.69573E-03-3.79218E-03 7.77279E-05-1.00198E-04-2.98998E-03
 -1        34 4.38593E-03 1.42442E-02-7.69663E-03 7.62184E-04-1.56943E-02 1.70606E-03
 -1        35-7.73942E-03-1.69773E-02 5.80903E-03-9.66199E-04 8.11092E-03 1.21739E-03
 -1        36 3.28064E-03-2.17040E-03 4.86034E-03 2.59510E-04-1.84728E-05-3.67753E-03
 -1        37 3.93535E-04 1.29683E-04 1.94123E-03 1.11260E-04 3.85053E-05-2.98312E-04
 -1        38-4.37953E-04-7.24958E-07-1.77231E-03 2.01353E-05-9.94700E-05-3.82652E-04
 -1        39-1.45162E-03 2.76940E-05-1.36588E-03 8.05310E-05 4.84612E-05-1.33635E-03
 -1        40-1.36097E-03 3.57536E-05-1.62761E-04 3.62399E-05 6.66757E-05-1.93853E-04
 -1        41 2.44087E-03 1.09796E-05 4.25449E-04-2.39071E-05 2.07679E-05-1.22011E-03
 -1        42 8.07973E-04 4.82149E-05 2.90543E-03-3.06458E-05-8.30662E-06-1.81150E-03
 -1        43 2.24984E-04-4.07819E-05 1.74491E-03-5.02439E-05-1.95282E-05 2.31397E-04
 -1        44-4.38128E-04-1.31645E-04-2.35615E-03 1.66667E-04 1.85113E-04-1.38856E-03
 -1        45-2.23003E-03 5.52339E-03-3.40081E-03-3.80703E-03 8.39255E-04-6.51684E-03
 -1        46-6.33816E-03 2.34463E-03 5.04642E-03 5.31794E-03-3.30730E-04 1.35955E-02
 -1        47 6.11350E-03-3.76602E-03 6.35162E-03-2.13432E-03-1.20534E-03-8.54288E-03
 -1        48 8.06628E-04-1.08895E-05 2.85608E-03 1.75942E-04-4.28606E-04-1.98831E-03
 -1        49 4.80844E-04-1.62017E-04-9.73260E-04-9.98083E-06-1.17946E-04 2.29567E-04
 -1        50-8.28163E-04 1.06134E-05-2.77546E-03-4.12449E-05-3.90726E-05-1.73739E-03
 -1        51-2.56601E-03-1.32905E-05-3.99612E-04-4.98548E-05-5.12764E-05-1.30382E-03
 -1        52 1.31817E-03-6.69175E-05 2.32827E-04-5.12144E-06 1.30292E-04-2.41039E-04
 -1        53 1.65088E-03 2.51091E-06 1.60577E-03-8.23159E-05 4.74939E-05-1.61580E-03
 -1        54 3.63795E-04 6.39208E-06 2.51536E-03 2.21061E-05-2.42057E-05-6.99929E-04
 -1        55 9.91608E-05-1.64275E-04-6.36076E-04 1.50876E-04-2.80499E-05-3.05108E-04
 -1        56-3.37220E-03-5.42675E-05-2.81043E-03 2.53978E-04 4.38085E-04-2.74728E-03
 -1        57 5.09917E-03 2.27731E-02 3.94211E-03-1.92246E-03 5.90025E-03-3.55587E-04
 -1        58-3.02960E-03-1.53063E-02 1.03734E-02-3.35359E-04-1.27433E-02 1.01374E-03
 -1        59 3.88499E-03-2.14010E-04 4.30472E-03 1.76937E-04-4.08941E-04-3.26213E-03
 -1        60 3.71472E-04-2.71030E-05 1.27567E-03 4.86396E-05-8.75159E-05-6.19457E-04
 -1        61-3.50478E-04 4.29236E-05-2.18096E-03 3.17375E-05-4.01533E-05-4.83286E-04
 -1        62-1.70385E-03 2.66989E-05-1.59530E-03-3.44921E-05-7.11828E-05-1.60260E-03
 -1        63-1.53342E-03 4.04089E-05-3.21404E-04-4.06932E-05-9.78102E-05-2.81233E-04
 -1        64-2.74285E-03-1.62897E-02 1.42454E-01-1.74988E-05 4.56804E-03 1.48871E-03
 -1        65-1.00293E-02-1.81124E-02 9.27713E-03 8.22621E-03 7.06680E-04 2.51605E-02
 -1        66-1.02256E-02 9.06420E-03-1.21766E-01 2.48992E-03-1.26162E-02 7.92720E-03
 -1        67-6.67450E-03-4.57010E-04 2.26799E-03-1.54463E-02 2.12229E-03 2.84442E-02
 -1        68-5.42386E-03-1.90782E-04-3.21579E-03-2.86580E-04 1.48069E-04 3.76824E-03
 -1        69-3.64218E-03-2.79022E-04-8.94746E-03 7.91713E-05-1.47304E-04 4.74887E-03
 -1        70-6.13242E-04-1.64334E-04-7.09213E-03-3.44261E-05-7.87461E-04 1.45930E-03
 -1        71 4.73257E-03-1.77583E-04 1.96843E-03-6.64171E-04-1.36243E-03 3.99512E-03
 -1        72 1.76154E-02 1.33996E-03 6.43731E-03-2.97201E-04 3.00224E-04 8.60907E-03
 -1        73 1.45181E-03 4.49068E-05 1.12731E-04 3.10168E-03-5.04931E-05 6.51283E-03
 -1        74-1.76981E-02-1.45412E-03-7.06698E-03-2.90916E-04-3.62510E-04 9.14376E-03
 -1        75-5.46119E-03-3.37722E-04-3.48200E-03-9.16845E-04 1.08779E-03 4.65017E-03
 -1        76 6.18446E-04 1.84078E-04 6.12537E-03-7.50181E-05 9.01932E-04 1.62797E-03
 -1        77 3.73937E-03 2.73596E-04 8.79586E-03 1.10062E-04 2.41689E-04 4.83763E-03
 -1        78 6.00342E-03 1.99514E-04 3.31968E-03-2.49212E-04-1.35832E-04 4.01765E-03
 -1        79-2.87024E-03-1.47594E-04-1.64999E-03-4.39835E-04 4.30869E-05 2.46218E-03
 -1        80-5.60485E-03-5.69945E-04-6.44553E-03-6.07632E-05 1.88661E-04 4.94779E-03
 -1        81-2.26523E-03-5.59755E-04-9.63691E-03 6.92823E-05-4.44126E-04 3.59359E-03
 -1        82 1.61658E-03-2.01707E-04-2.96481E-03-2.53922E-04-1.34733E-03 2.20930E-03
 -1        83 1.28887E-02 9.41104E-04 4.80014E-03-6.14044E-04-9.21377E-04 7.83328E-03
 -1        84 1.40938E-02 1.69486E-03 4.74482E-03 1.82758E-03 1.17741E-03 7.65542E-03
 -1        85-1.20767E-02-1.60407E-03-4.58909E-03 1.80917E-03-1.41697E-03 7.86745E-03
 -1        86-1.37621E-02-1.42089E-03-6.58074E-03-5.84962E-04 1.10425E-03 8.54603E-03
 -1        87-1.93317E-03-4.18565E-05 1.69321E-03-6.62797E-04 1.18237E-03 2.56559E-03
 -1        88 2.21499E-03 5.34684E-04 9.06436E-03 7.17708E-05 5.66624E-04 3.67074E-03
 -1        89 5.89426E-03 5.75806E-04 6.46913E-03-2.10868E-05-1.30830E-04 5.12773E-03
 -1        90 3.60884E-03 1.72599E-04 1.63594E-03-3.48236E-04-7.66315E-05 2.60139E-03
 -1        91-4.83352E-03-1.09775E-04-2.99745E-03 2.65355E-04-8.27517E-05 3.48580E-03
 -1        92-3.22689E-03-2.26059E-04-8.00725E-03-1.81649E-05 8.57444E-05 4.25640E-03
 -1        93-4.56083E-04-8.64822E-05-5.69565E-03 5.27726E-05 4.90428E-04 1.24806E-03
 -1        94 4.74309E-03-1.95651E-05 3.46668E-03 4.28785E-04 8.39660E-04 4.06754E-03
 -1        95 1.52740E-02 6.81554E-04 6.11389E-03 4.65132E-04 3.95481E-04 7.74405E-03
 -1        96 1.26926E-03 1.38164E-04-6.81625E-04-1.41210E-03 2.66113E-05 4.18677E-03
 -1        97-1.67337E-02-1.20699E-03-6.94465E-03 6.89864E-05 1.13071E-04 8.67928E-03
 -1        98-5.17886E-03 1.04033E-04-4.66571E-03 5.56671E-04-9.60445E-04 4.97347E-03
 -1        99 5.37816E-04 1.61558E-04 4.79656E-03 4.91884E-05-5.40505E-04 1.27073E-03
 -1       100 3.17992E-03 2.07604E-04 7.80223E-03 6.06718E-06-9.77198E-05 4.15087E-03
 -1       101 5.20615E-03 9.03007E-05 3.09929E-03 2.45012E-04 1.05748E-04 3.56622E-03
 -1       102-2.65929E-03-7.55178E-05-1.56851E-03 2.67591E-04 7.01061E-05 2.38870E-03
 -1       103-5.01921E-03-4.59152E-04-5.92059E-03 1.06538E-04-1.85162E-04 4.51120E-03
 -1       104-1.94065E-03-4.66065E-04-8.38123E-03-5.26899E-06 2.78485E-04 3.10946E-03
 -1       105 1.66865E-03-9.42175E-06-1.21097E-03 1.87277E-04 8.06302E-04 2.20620E-03
 -1       106 1.22284E-02 8.60774E-04 6.11765E-03 5.74811E-04 6.51468E-04 7.62282E-03
 -1       107 1.18927E-02 9.76786E-04 2.86787E-03-6.74162E-04-7.83716E-05 5.50393E-03
 -1       108-1.16302E-02-1.47614E-03-4.47086E-03-1.23405E-03 5.82641E-04 6.57719E-03
 -1       109-1.30222E-02-9.20600E-04-6.83762E-03 4.78017E-04-6.50544E-04 8.58208E-03
 -1       110-1.67660E-03 3.35744E-04 3.03134E-04 3.15830E-04-8.71549E-04 2.70276E-03
 -1       111 1.93199E-03 4.75520E-04 7.85044E-03 7.46307E-06-2.96748E-04 3.02752E-03
 -1       112 5.12605E-03 4.58829E-04 5.85236E-03 1.41872E-04 1.86179E-04 4.54399E-03
 -1       113 3.03258E-03 4.10993E-05 1.57309E-03 9.78576E-05 2.61608E-05 2.38638E-03
 -1       114-3.41497E-02-2.52877E-02 5.91749E-01-3.38708E-03 1.36595E-03 1.61172E-02
 -1       115-5.65703E-02-8.04456E-03 7.47599E-01 4.38639E-03 4.56507E-03 2.11492E-02
 -1       116-4.47171E-02-4.73944E-02 2.70528E-01 5.12524E-03-1.13889E-02-3.13277E-03
 -1       117-4.00703E-02-3.59546E-02 5.84494E-01 3.52071E-03 1.55019E-03 5.86621E-03
 -1       118-2.04604E-02-1.17301E-03 7.60219E-01-1.10107E-02-2.44864E-02 2.15652E-03
 -1       119-6.54286E-02-6.65603E-02 2.64355E-01 1.50912E-02 2.08641E-03 4.19390E-03
 -1       120 5.43743E-02-2.32075E-03 4.57556E-01-4.00164E-03-1.21380E-02 7.44425E-02
 -1       121 3.16218E-02 2.66405E-02-5.16565E-01-2.14783E-04 1.45313E-03 1.10050E-02
 -1       122 4.64398E-02-4.99403E-04-7.50887E-01-2.22047E-03 2.96880E-03 1.78213E-02
 -1       123 2.09078E-02 1.65296E-02-2.95194E-01-1.36129E-02 2.71499E-03 1.40670E-02
 -1       124-1.23047E-02 5.84141E-03 2.23312E-01 1.95602E-02-5.76598E-02-2.30560E-02
 -1       125-4.12558E-04-4.24021E-03-2.97748E-01 1.60286E-02 3.68248E-02-1.71096E-02
 -1       126 2.74741E-02 2.89992E-02-5.14816E-01-2.46282E-03 1.05609E-03-2.71553E-03
 -1       127 2.07485E-02 8.01963E-03-7.58392E-01 1.19975E-02-2.11209E-02 4.33806E-03
 -1       128-1.72323E-02-2.19520E-02-3.18163E-01 6.40647E-05 3.50543E-03 5.56345E-03
 -1       129-8.26801E-02-9.42578E-03-5.30014E-01 7.40876E-03-1.59069E-03 9.58005E-02
 -1       130-7.59914E-03-5.94132E-03 2.37797E-01-1.66961E-02 2.24560E-02-3.22928E-02
 -1       131-3.76755E-03-1.36135E-02-2.60729E-01-2.56149E-02-5.94653E-02-2.79776E-02
 -1       132 5.56523E-04 3.05048E-06-1.37913E-04-5.10262E-04 8.95525E-05 1.11111E-03
 -1       133 9.68237E-04 4.02561E-05-8.95715E-05 6.28675E-04 5.74811E-05 1.07254E-03
 -1       134 4.88153E-04 7.32489E-05-1.87160E-06-4.68879E-04 1.28759E-04 1.20931E-03
 -1       135 8.12068E-04-7.65443E-05 2.57293E-05-3.57487E-05 1.03679E-04 1.01224E-03
 -1       136 2.67768E-04 1.35581E-04-3.17252E-04 5.28175E-04 3.16516E-05 1.31859E-03
 -1       137 1.10398E-02-6.44974E-03 2.97696E-02 5.78887E-02 2.66336E-03-9.98327E-02
 -1       138-3.30625E-02-1.46021E-02-1.61679E-02-5.55851E-02-1.77727E-02-1.04444E-01
 -1       139-2.79454E-02 1.30467E-02-2.62213E-02 2.60431E-03 1.25890E-02 4.26276E-02
 -1       140-7.56849E-03-1.76820E-04-1.63097E-02 9.06723E-04-1.51362E-03 1.15799E-02
 -1       141 7.28574E-04-6.86199E-04-3.43386E-02-1.48037E-03 2.85958E-03-1.36764E-04
 -1       142-2.48680E-03 1.00791E-03-1.53244E-01-2.05656E-03-4.10343E-02-1.85028E-02
 -1       143 2.31221E-02 2.07289E-03-1.43328E-02-1.18102E-02-1.24428E-02 4.62299E-02
 -1       144 2.13795E-02-7.47996E-05-2.20313E-03-8.05774E-03 7.66710E-05 9.61845E-03
 -1       145 7.10711E-02-1.53036E-03 2.10885E-02-2.26255E-02 1.05029E-02 5.16061E-02
 -1       146 1.33311E-02-1.58310E-02 1.41431E-01 2.49596E-02 3.35773E-02 1.87771E-02
 -1       147 1.48935E-03 2.28360E-03 2.62012E-02-3.68304E-03-8.17332E-03 5.74816E-03
 -1       148 6.01743E-03-1.98215E-04 1.87357E-02-4.73706E-04-9.52569E-04 1.21130E-02
 -1       149 3.45964E-02-1.01623E-02 3.73309E-02 8.11464E-03-1.85839E-02 5.36187E-02
 -1       150-4.51335E-03 4.43438E-02-2.42022E-02-1.58372E-02 3.75073E-02 1.69420E-02
 -1       151-1.01889E-02 4.32682E-03-9.09586E-03 8.39931E-04-6.91211E-04 1.46127E-02
 -1       152-7.80677E-04 1.93068E-03-2.04155E-02 3.74285E-05 8.41943E-04 4.80459E-03
 -1       153-2.67951E-03-2.56135E-03-7.99611E-02-4.07908E-03-7.27426E-03-4.52141E-03
 -1       154-3.44633E-03-1.39953E-02-1.24829E-01-9.39375E-03-4.93654E-02 3.42795E-02
 -1       155 3.31646E-02 1.79333E-04-8.99341E-04-1.08029E-02-7.60051E-05 2.24080E-02
 -1       156 2.12146E-02-1.80526E-03 9.65954E-03-1.38624E-02-5.07991E-03 1.79705E-02
 -1       157 1.06404E-01-8.07075E-03 1.75507E-01 2.91094E-02 7.11217E-02 7.84300E-02
 -1       158 3.41074E-03-2.16269E-03 5.48907E-02 3.43313E-03-2.28137E-03 8.26578E-03
 -1       159 3.76272E-03 1.74807E-03 2.27159E-02-1.55335E-03-2.94872E-03 7.89380E-03
 -1       160 1.24253E-02-8.08671E-04 1.15173E-02 7.86280E-05-9.56616E-04 1.52595E-02
 -1       161 1.90740E-02-2.48142E-02 5.78192E-02-2.42012E-03-2.79348E-02 1.64276E-02
 -1       162-3.28289E-02 1.97674E-02-3.30092E-02 1.00564E-04-2.93235E-02 4.73765E-02
 -1       163-5.82527E-03-2.70229E-04-3.81853E-03 1.57479E-03-9.80632E-04 5.11382E-03
 -1       164-2.70584E-04 4.08882E-04-4.24650E-03-3.97959E-04-2.58594E-03-3.15807E-03
 -1       165-2.14250E-03-3.47702E-03 7.64352E-03 9.61134E-04 7.99243E-03-1.37959E-02
 -1       166-8.08067E-03 2.04219E-02 1.27326E-02-1.09881E-02 9.64473E-03-1.73993E-02
 -1       167-8.71202E-03 8.07326E-04-6.65619E-03-8.94325E-03-4.64252E-04-2.96938E-02
 -1       168 9.82783E-04-8.16582E-03-2.00966E-02-1.69511E-02-2.94996E-03-3.20748E-02
 -1       169-4.81905E-03 3.61835E-03 1.85921E-03-2.86579E-03-8.01551E-03-2.33853E-02
 -1       170-2.84454E-03 1.76046E-04-4.67331E-03-1.96508E-03-2.57007E-03-8.68488E-03
 -1       171-6.20452E-04 3.94828E-04 2.50714E-03 4.82506E-04 2.61420E-04-1.28063E-04
 -1       172 2.30577E-02-1.24480E-02 3.26673E-02-7.41743E-03 1.49155E-02 4.09280E-02
 -1       173-1.07387E-02 4.05528E-02-2.31610E-02 1.15951E-04-4.16516E-02 1.56961E-02
 -1       174-1.17309E-02-1.25227E-03 3.07401E-03 1.23842E-03 2.91792E-04 9.13762E-03
 -1       175-1.27072E-03 7.70563E-05-4.01232E-03 3.58835E-04-1.66028E-03 2.19421E-03
 -1       176 1.61882E-03-2.93028E-04 4.11661E-03-1.14115E-04 3.12678E-04-8.07739E-03
 -1       177-1.01670E-02 1.39135E-02 8.94050E-03-2.21979E-03 3.58681E-03-2.17829E-02
 -1       178-1.52456E-03 7.37513E-03-5.14547E-03-1.42301E-02 9.68863E-03-2.13832E-02
 -1       179-2.08584E-02-4.73433E-03-2.30445E-02-1.54451E-02-4.01884E-03-3.57328E-02
 -1       180 6.03181E-03-2.29648E-03 5.44140E-03-3.19507E-03-6.11987E-03-2.77084E-02
 -1       181-1.62754E-03 1.44552E-03-5.63010E-03 3.84296E-05-6.67993E-03-1.37784E-02
 -1       182-2.26697E-03 1.19309E-04-1.21079E-03-1.06517E-03 4.71535E-04-3.90602E-03
 -1       183 6.53080E-03-1.49470E-03 7.04856E-03 9.47880E-04-1.86591E-03 5.70815E-03
 -1       184 1.44885E-02-2.11283E-02 6.18136E-02 3.75584E-04 6.16832E-03 2.07060E-02
 -1       185-2.45036E-03-5.88671E-05-2.85828E-04 3.41851E-05 3.35681E-05-1.15835E-03
 -1       186 2.22611E-03 3.61674E-05 4.13294E-04 7.37760E-05-4.83051E-05-1.20954E-03
 -1       187-1.46010E-03-4.31245E-05-1.68178E-04-1.75359E-05 7.69155E-06-3.16196E-04
 -1       188-1.33208E-03 1.14839E-05-2.39076E-05 1.20718E-04 2.70054E-05-3.02406E-04
 -1       189 1.21067E-03 2.50155E-05 2.22341E-05 5.04366E-05-3.64401E-05-3.67144E-04
 -1       190 1.23259E-03-1.09798E-05 6.30148E-05 7.56458E-05-8.50043E-06-3.66100E-04
 -1       191 2.35119E-03 1.78454E-05 4.49460E-04 2.32174E-05-1.58868E-05-1.20920E-03
 -1       192-2.47533E-03-5.35703E-05-3.60942E-04-8.43121E-05-3.99574E-05-1.25353E-03
 -1       193 2.21891E-03 2.37333E-05 4.21893E-04 8.16395E-05-5.24811E-05-1.16907E-03
 -1       194-2.41824E-03-2.77729E-05-4.03075E-04 1.43757E-04 7.66875E-05-1.21589E-03
 -1       195 1.21667E-02 5.05956E-03 3.25198E-02 1.13270E-02-1.42565E-02-1.76157E-02
 -1       196 2.37189E-02-1.33827E-02 3.18341E-02-1.93105E-03 5.18087E-03-2.17884E-02
 -1       197-6.39512E-05-1.29357E-02-1.44262E-02-1.15422E-02 1.99514E-02 1.52085E-02
 -1       198-6.27031E-03 1.26125E-02 1.66422E-02-6.98166E-03-1.32750E-02 1.28967E-02
 -1       199 1.76692E-03 1.07080E-02 2.00651E-02 4.39363E-03 1.50993E-02 1.27507E-02
 -1       200-1.49475E-02-1.50209E-02-1.52025E-02 8.72155E-03-1.50754E-02 6.94577E-03
 -1       201 7.73584E-03-3.31027E-03 3.20748E-03 2.10968E-04-1.20109E-03-8.15209E-03
 -1       202 1.66985E-02 6.97210E-03 3.21676E-02-8.47545E-03 2.01267E-02-1.40569E-02
 -1       203-1.94687E-02 1.06146E-02-2.80427E-02-2.37691E-03-8.04305E-03-1.99477E-02
 -1       204-1.25350E-02-6.99942E-03-3.90341E-02 8.22979E-03 1.59170E-02-1.63506E-02
 -1       205-1.32124E-02-9.54515E-03-2.72703E-02-5.74871E-03-1.73100E-02-9.53333E-03
 -1       206-6.77120E-03 2.67302E-03-1.53776E-03-7.88974E-04 3.95376E-04-6.76154E-03
 -1       207 1.59893E-03 4.69899E-05 1.58034E-03 3.24899E-05-6.04091E-05-1.42357E-03
 -1       208-2.60658E-05 3.15122E-05 1.26815E-03-8.55213E-05 6.06251E-05 2.96859E-04
 -1       209 2.84539E-04 3.22925E-05 2.28965E-03-5.17790E-05 3.74115E-05-6.40337E-04
 -1       210 8.28219E-04 8.15366E-05 2.80483E-03-3.55379E-05-2.28213E-05-1.65965E-03
 -1       211 1.68446E-03 2.51628E-05 1.73841E-03 2.12015E-05-2.16923E-05-1.49444E-03
 -1       212-5.08996E-04-1.98813E-04-2.24098E-03 5.52087E-06 2.32206E-04-1.33303E-03
 -1       213-1.40170E-04-3.12969E-05-7.99722E-04 9.01999E-05 1.57025E-04-2.56618E-04
 -1       214-2.38399E-03-3.15945E-05-2.20749E-03 1.96151E-04 7.54357E-04-2.01566E-03
 -1       215 3.04311E-03 1.75056E-04 2.59285E-03 3.38313E-04-3.21241E-04-2.73981E-03
 -1       216 4.17811E-05-9.88504E-05 1.16218E-03 4.15513E-05-2.73259E-04-4.49150E-04
 -1       217 7.80476E-04 6.04144E-06 2.70453E-03 1.63070E-04-2.93135E-04-1.94836E-03
 -1       218-2.18875E-04-9.09193E-05-2.00804E-03-2.11540E-05-7.15655E-05-4.68779E-04
 -1       219 4.37040E-05-4.76925E-05-7.31067E-04-1.43592E-05-1.05824E-04 3.31026E-04
 -1       220-1.60403E-03-2.65275E-05-1.47059E-03 2.98313E-05 1.26852E-05-1.28918E-03
 -1       221-7.05675E-04-5.84877E-05-2.60296E-03-2.17640E-05-2.26614E-05-1.58143E-03
 -1       222-1.62603E-03-2.63817E-05-1.59157E-03-1.70363E-05-5.52031E-05-1.47663E-03
 -1       223 1.42765E-03 9.64782E-05-1.75382E-03 1.79281E-05 7.75652E-05 2.24985E-03
 -1       224 5.06772E-03-1.00900E-03-7.47940E-03-2.65291E-04-5.49968E-06-3.17614E-03
 -1       225-7.40501E-04-4.14229E-05 1.72734E-03 4.82197E-05-2.79245E-05 2.15907E-03
 -1       226 7.25492E-04-2.32536E-04 2.17892E-03 1.45933E-04-4.02656E-05 1.63120E-04
 -1       227-2.97807E-03-1.10128E-04 3.14825E-03-3.89797E-05 8.05159E-05 3.26524E-03
 -1       228 1.93866E-03-3.58278E-04 1.50541E-04 1.23783E-04-1.63333E-05 1.87900E-03
 -1       229-5.81249E-03 8.65357E-04 5.63176E-03-4.73100E-04 2.57221E-04-1.75633E-03
 -1       230 5.16986E-03 1.99856E-03-3.84122E-03 2.44706E-03 8.87963E-04 1.52237E-02
 -1       231 2.61967E-03-5.56620E-05-3.55686E-03-4.93211E-05 3.94209E-07 3.00255E-03
 -1       232-5.43530E-03-3.92999E-03 5.21997E-03-5.20008E-04 1.73215E-03 1.42364E-02
 -1       233-2.60206E-04 1.89600E-04-2.56887E-03 6.30238E-05 3.20766E-05 1.88094E-04
 -1       234-1.77573E-03 1.99214E-04-9.34473E-04 9.54650E-05-6.40666E-05 1.54240E-03
 -1       235 4.34013E-04 3.07499E-05-5.53384E-04 1.65115E-05-7.27559E-06 1.30744E-03
 -1       236 1.52690E-03 6.04282E-05-1.00991E-03-3.33649E-06 6.40779E-05 4.03063E-04
 -1       237-1.40709E-03-8.55637E-06 9.42027E-04-6.12738E-05-6.97781E-05 4.30926E-04
 -1       238-2.33017E-04-1.08777E-04 4.74278E-04-9.27238E-07-6.11239E-06 1.29042E-03
 -1       239 1.34883E-04 5.72342E-06 8.58100E-06-5.17545E-05-7.16668E-05 2.88933E-03
 -1       240-1.30781E-03-3.82350E-06-2.29378E-03-9.18511E-05 5.11249E-05 2.66590E-03
 -1       241 6.37974E-04-4.45310E-05-9.78613E-04-2.01829E-04 1.36415E-04 2.27471E-03
 -1       242 1.86626E-05 1.37689E-04 1.14788E-03-1.27960E-04-2.11860E-04 2.15403E-03
 -1       243 1.61134E-03-1.77619E-04 2.42003E-03-7.29193E-05-1.13521E-05 2.71231E-03
 -1       244 9.44198E-04-2.63497E-05-8.47001E-04 1.40006E-05 2.67494E-05-3.46023E-04
 -1       245 1.34527E-04-2.56130E-05 2.28615E-05 2.57688E-05-1.11756E-06-7.14632E-04
 -1       246 4.62914E-04-3.51292E-05-2.74145E-03 6.18261E-05 4.09838E-05 1.28527E-03
 -1       247-7.16097E-04-1.56425E-05 7.35780E-04 3.21681E-05 1.41561E-05 6.97607E-05
 -1       248-6.88459E-04 9.46650E-05-3.75388E-04 6.45310E-05-1.29360E-05 1.03907E-03
 -1       249-1.69077E-03-1.34552E-04-2.14418E-03 5.51916E-05 4.46944E-05 6.89491E-04
 -1       250 5.66703E-04-5.52281E-05-1.32361E-03 4.77406E-05 1.64748E-05 1.77560E-03
 -1       251 1.83765E-03-1.84175E-04-3.42775E-03 6.05462E-06-1.45948E-04 4.09816E-04
 -1       252-1.46062E-04-1.88802E-04-2.14231E-03 1.45753E-04 1.30563E-04 2.88962E-03
 -1       253 1.63970E-03-2.73346E-04-4.00865E-03-1.12398E-04-1.65909E-04-1.69286E-03
 -1       254 7.75689E-04 1.95446E-03-6.60503E-03 5.19896E-04 2.26563E-04-5.86153E-03
 -1       255 5.42573E-03 3.42369E-04-4.57487E-03 3.21494E-05 1.11086E-04 8.27067E-04
 -1       256 5.20115E-03 9.25184E-03-7.74382E-03 4.11438E-03-2.09699E-03 1.26058E-03
 -1       257 5.66457E-03 8.02618E-03-1.74015E-03 2.86054E-04-2.94571E-03 1.89043E-02
 -1       258 3.79893E-03-9.86990E-04-7.04184E-03 4.45998E-04 3.12887E-04 4.03579E-03
 -1       259-1.66231E-02-1.59032E-02 1.62635E-03-6.55421E-03 5.23341E-03 1.74515E-02
 -1       260-3.63804E-03-9.03999E-03 8.67152E-03 2.41660E-03 8.56366E-04 1.89259E-04
 -1       261-1.04995E-03-3.00098E-03-3.99250E-04 1.88914E-03 2.64559E-03 1.69133E-02
 -1       262 4.10522E-04-2.71280E-03 7.12927E-03 1.44972E-04 1.32699E-04-6.12480E-03
 -1       263-1.76154E-03 7.19257E-04 3.61063E-03-2.65455E-04 2.26574E-04-1.59528E-03
 -1       264-3.39581E-03 1.43629E-03 7.03897E-03-3.82969E-04 1.03350E-03 4.21238E-03
 -1       265-1.41067E-03 3.03984E-04 4.23232E-03-1.23752E-04 2.69039E-04 9.13493E-05
 -1       266-1.01724E-03 2.41983E-04 1.64788E-03-2.61340E-05 8.84798E-05 1.72665E-03
 -1       267-5.53886E-03 2.61682E-04 5.17968E-03-1.95719E-04 3.90788E-05 1.05078E-03
 -1       268 4.45184E-04 7.25561E-05 4.14117E-04 1.30367E-05 1.41104E-06 1.35189E-03
 -1       269 9.42766E-04-4.55968E-06-7.67048E-04 2.79427E-05-3.73481E-05 2.93580E-04
 -1       270 1.72491E-04 2.49554E-04 2.39306E-03 2.59598E-06-1.02097E-04 3.33536E-03
 -1       271 1.47771E-04-6.37733E-05 3.44681E-05 2.56215E-05-3.45117E-05-5.92800E-04
 -1       272-7.42810E-04-1.52159E-05 7.22610E-04 8.61230E-06-1.68215E-05-3.85581E-04
 -1       273 2.10661E-03 1.73386E-04 1.97183E-03 8.70524E-05-8.95607E-05 9.55731E-04
 -1       274 1.02305E-04 1.34201E-04 2.74631E-03 1.68316E-05 3.72375E-07 1.27302E-03
 -1       275-1.51345E-03 4.22681E-04-4.13565E-03 2.39056E-04-6.94190E-05 1.86225E-03
 -1       276-1.93088E-03 4.91824E-04-2.70117E-03 1.59915E-05 4.38400E-07 1.74560E-03
 -1       277-1.04286E-03 5.98623E-04-2.75415E-03 2.15445E-04-2.11362E-04 2.03247E-03
 -1       278-2.33101E-03 5.20868E-04-3.86479E-03 4.82338E-06-1.51134E-04 2.66344E-03
 -1       279 3.36554E-03-2.51385E-05-2.00588E-03 8.31540E-05-3.97765E-04 3.52267E-03
 -1       280 1.18857E-03 5.42265E-05-4.39237E-03-2.22902E-04-1.22436E-04 2.60949E-03
 -1       281 9.57743E-03-9.45086E-04-2.33809E-03-4.30349E-04-3.35218E-04 2.06307E-03
 -1       282 5.12020E-03-1.22896E-03-4.08478E-03-6.02570E-04-4.41312E-04 3.39531E-04
 -1       283 1.47955E-03-8.73821E-04 7.84850E-04 1.03736E-03 5.27817E-04 1.06625E-02
 -1       284 6.04612E-03-5.22898E-04 1.30365E-03-3.64516E-04 4.05145E-04 8.90046E-03
 -1       285-5.83081E-03 8.12172E-04-3.27449E-04-5.35691E-04 4.44321E-04 9.33283E-03
 -1       286 9.21742E-04 1.37500E-03 1.77995E-03 7.39178E-04 6.83314E-04 1.05234E-02
 -1       287-6.72194E-03 8.91647E-04 2.39306E-03-5.36022E-04 2.24507E-04 1.46213E-03
 -1       288-9.64590E-03 9.31579E-04 1.42004E-03-4.80122E-04 4.14651E-04 2.81562E-03
 -1       289-1.57749E-03-1.03468E-04 3.80138E-03-2.24237E-04 1.60904E-04 3.14547E-03
 -1       290-4.10701E-03-2.21578E-04 1.38156E-03-1.05455E-04 8.47943E-05 3.88190E-03
 -1       291 2.52899E-03-4.72778E-04 3.60244E-03 8.85396E-06 1.88455E-04 2.96447E-03
 -1       292 1.03802E-03-5.59217E-04 2.24140E-03 2.01352E-04 2.20006E-04 2.27281E-03
 -1       293 2.49936E-03-4.15462E-04 2.65969E-03 1.35343E-04 7.79767E-05 1.90663E-03
 -1       294 1.76013E-03-4.57781E-04 3.94707E-03 2.87334E-04 1.11961E-04 1.94755E-03
 -1       295 1.42831E-03 9.17571E-05-1.61797E-03 2.35408E-05-1.11985E-04 2.03268E-03
 -1       296 4.29312E-03-9.41016E-04-4.26552E-03 2.03635E-05-3.02385E-04-1.85894E-03
 -1       297-1.10408E-03-1.48094E-04 1.84958E-03-2.80440E-05 7.10529E-05 2.03994E-03
 -1       298 2.16980E-04-1.39080E-04 1.79931E-03-1.44023E-04 1.10449E-04-1.97960E-04
 -1       299-2.73913E-03 1.09305E-04 2.71654E-03 3.44040E-05-1.31479E-04 2.68598E-03
 -1       300 1.62779E-03-2.11238E-04 3.17147E-04-1.65334E-04 1.68350E-05 1.37783E-03
 -1       301-4.61142E-03 8.08698E-04 5.62947E-03 1.43454E-04 1.62463E-04-2.29261E-03
 -1       302 5.09357E-03 5.17390E-03-5.81402E-03 3.02067E-04-2.23475E-03 8.96550E-03
 -1       303 2.07320E-03 8.41081E-05-2.42541E-03-2.30167E-05 4.43381E-05 2.48092E-03
 -1       304-6.61498E-03-1.45224E-03 4.47054E-04-7.89310E-04 1.22123E-03 1.33446E-02
 -1       305 1.32205E-04 1.62451E-04-2.19270E-03-6.31402E-05-1.17889E-04-1.26421E-04
 -1       306-1.71090E-03 3.17268E-04-1.07727E-04-1.88626E-04-3.36856E-05 1.07476E-03
 -1       307 1.61581E-03 5.75440E-05-9.18488E-04 1.41931E-05-8.05286E-05 2.48130E-04
 -1       308 4.06215E-04 2.68659E-05-6.26694E-04 1.64645E-05 8.31133E-06 1.20782E-03
 -1       309-3.86741E-04-6.99837E-05 4.35832E-04 1.90670E-05 1.66912E-05 1.12665E-03
 -1       310-1.63276E-03 1.74861E-05 9.60450E-04 9.75933E-05 1.03272E-04 2.35370E-04
 -1       311-4.49880E-05-3.75930E-05 6.56620E-05 6.82656E-05 7.09392E-05 2.65270E-03
 -1       312 5.03965E-04-1.37677E-05-9.34369E-04 2.39257E-04-1.67281E-04 2.13663E-03
 -1       313-1.02987E-03 5.23169E-06-2.09663E-03 1.01828E-04-5.36622E-05 2.44450E-03
 -1       314 1.03074E-03-1.87479E-04 2.21003E-03 4.98336E-05 2.79858E-05 2.39158E-03
 -1       315-2.37313E-04 9.68947E-05 1.12742E-03 1.55599E-04 2.60914E-04 2.07160E-03
 -1       316 2.64123E-04-2.88302E-05 4.09235E-04-7.42583E-05-2.33484E-05-1.01042E-03
 -1       317 1.14912E-03-2.12099E-05-6.31519E-04-9.74799E-07-2.70777E-05-5.28692E-04
 -1       318 5.94566E-04-1.08426E-05-2.46296E-03-5.97292E-05-8.12300E-05 1.05000E-03
 -1       319-4.62978E-04 2.56061E-05 6.72507E-04-4.60776E-05 4.57959E-06 8.56094E-04
 -1       320-6.21602E-04 4.18104E-05 1.11511E-03-4.33985E-05-3.46081E-05-2.04904E-04
 -1       321-1.45390E-03-1.33872E-04-1.72171E-03-9.12068E-05-1.05183E-04 3.48934E-04
 -1       322 1.39006E-03 6.05608E-06-2.54878E-03 1.06794E-04 1.32419E-04 3.67915E-04
 -1       323 6.76863E-04-5.62529E-05-2.82647E-04-2.82648E-05 6.51999E-05 1.43247E-03
 -1       324-2.55544E-04-6.63439E-05-1.26014E-03-7.04061E-05-1.15797E-04 2.47492E-03
 -1       325 1.63536E-04-6.52084E-04-3.82818E-03 1.06254E-04 6.00557E-04-3.67073E-03
 -1       326 1.25177E-03-1.00163E-04-3.12904E-03 1.51919E-04-1.45590E-05-1.74882E-03
 -1       327 4.70028E-03 3.10096E-04-3.27729E-03 1.03988E-04-2.13161E-04 8.31876E-04
 -1       328-1.30485E-05 5.30836E-03-6.22286E-03-7.00902E-04 1.01802E-03 1.06016E-02
 -1       329 5.41237E-03 7.47546E-03-6.36944E-03-2.90987E-03 2.06675E-03 1.99477E-03
 -1       330 3.76683E-03 1.87975E-04-3.09173E-03 7.23556E-05-1.59395E-03 3.06920E-03
 -1       331-3.68920E-03-5.50574E-03 5.91015E-03-1.11891E-03-9.13032E-04 9.02504E-04
 -1       332-1.17456E-02-8.37274E-03 2.93713E-03 3.30583E-03-4.96515E-03 1.58359E-02
 -1       333-7.72434E-04 2.23184E-03-6.71295E-03-6.17826E-04-6.76375E-04 1.22665E-02
 -1       334-1.45470E-03-8.05689E-05 3.71907E-03 1.59751E-05-2.91865E-04-1.95447E-03
 -1       335 3.32892E-04-4.16682E-04 5.06095E-03-3.24719E-04-2.60503E-04-5.03110E-03
 -1       336-4.49017E-03-6.65347E-05 3.26424E-03-7.91586E-06 2.48557E-04 4.08595E-03
 -1       337-5.52518E-04 1.34514E-05 7.28830E-04-1.58513E-05-8.80110E-05 1.47651E-03
 -1       338-1.48194E-03 1.20568E-04 3.09260E-03 1.07140E-04-2.89216E-04 2.16432E-04
 -1       339-5.49970E-03-4.07849E-04 3.30239E-03-1.71389E-04 1.18077E-04 7.45495E-04
 -1       340 6.27487E-04-1.37423E-05-1.11887E-03-8.63892E-05-2.47610E-06-8.00355E-05
 -1       341 6.67015E-04-1.70833E-04-1.77546E-04-8.15947E-05-1.06156E-04 8.99303E-04
 -1       342-2.14372E-04 1.12905E-04 1.11286E-03-1.99650E-04 1.33050E-04 2.68198E-03
 -1       343-1.11553E-03-2.98998E-05 5.09060E-04-3.65843E-05 4.11233E-05-6.39878E-04
 -1       344-2.54991E-04 7.67101E-06-4.69680E-04-4.02014E-05 5.76215E-05-9.36301E-04
 -1       345 1.56373E-03 1.38839E-04 1.45106E-03-1.09302E-04 1.23643E-04 5.12366E-04
 -1       346-2.53755E-04 1.37615E-04 2.49324E-03-2.69989E-05 3.37209E-05 1.00810E-03
 -1       347-1.67979E-03 4.61864E-04-2.53474E-03-6.33607E-06-8.57504E-06 1.46347E-03
 -1       348-1.17874E-03 3.68325E-04-3.63039E-03-2.04717E-04 8.80466E-06 1.47143E-03
 -1       349-2.10530E-03 4.88788E-04-3.18271E-03-2.77860E-05 1.62930E-04 2.25992E-03
 -1       350-8.44715E-04 5.32769E-04-1.84423E-03-2.20457E-04 1.57529E-04 1.56965E-03
 -1       351 1.01111E-03 5.74709E-05-3.25596E-03 2.37969E-04 1.19336E-04 2.28841E-03
 -1       352 3.00045E-03-7.78448E-05-6.25003E-04-5.87568E-05 2.39932E-04 3.13439E-03
 -1       353 5.04473E-03-1.11340E-03-2.39786E-03 3.30744E-04 1.31957E-04 1.06792E-03
 -1       354 7.95687E-03-1.24069E-03-5.70671E-04 1.97234E-04 9.83444E-05 2.35971E-03
 -1       355 5.92982E-03-1.76204E-04 3.68824E-03 5.74505E-04-6.89687E-04 6.26344E-03
 -1       356 1.35004E-03-2.55845E-04 1.56864E-03 2.17866E-04-7.00037E-04 6.03059E-03
 -1       357 1.25890E-04 1.09482E-03-1.44700E-03-2.47176E-04-3.25240E-06 8.75236E-03
 -1       358-6.50772E-03 5.40592E-04-2.84075E-03 3.76856E-04 4.01981E-04 8.36672E-03
 -1       359-8.95187E-03 9.93246E-04 2.91122E-04 2.53092E-04-1.48943E-04 2.69262E-03
 -1       360-5.16931E-03 1.11002E-03 1.95280E-03 4.26354E-04-2.35709E-04 1.21846E-03
 -1       361-3.59087E-03 1.10365E-04 5.06160E-04-1.45918E-04-2.16901E-04 3.72028E-03
 -1       362-1.39488E-03-1.69239E-04 2.81197E-03 1.75357E-04-1.74113E-04 2.33700E-03
 -1       363 8.78300E-04-5.89196E-04 1.44236E-03-2.31615E-04-1.58332E-04 1.74792E-03
 -1       364 2.05015E-03-5.39889E-04 3.02854E-03-2.04324E-05-1.56006E-04 2.28627E-03
 -1       365 1.30877E-03-4.00314E-04 3.42543E-03-2.54428E-04-4.39866E-05 1.46544E-03
 -1       366 2.00941E-03-3.90088E-04 2.51760E-03-1.17271E-04-5.72048E-05 1.55856E-03
 -1       367-3.63844E-02-3.02812E-02 2.74891E-01 1.24248E-02-5.39892E-03-5.73511E-04
 -1       368-3.45941E-02-2.45607E-02 5.91046E-01-2.56819E-03 1.91504E-03 1.32839E-02
 -1       369 1.17764E-03 1.11141E-02 7.67068E-01 6.92827E-03 1.52352E-02 8.68907E-04
 -1       370 1.98742E-02 2.20060E-02-1.07199E-02-5.90549E-03-9.32522E-03 5.48899E-03
 -1       371-4.84374E-03-4.33008E-03 7.54999E-03-2.52510E-04 1.09510E-02 4.77250E-02
 -1       372 5.26064E-03-2.10326E-03 3.67852E-01 1.36377E-03-2.71759E-03-6.80273E-03
 -1       373-2.82232E-02-1.63434E-02-3.86467E-01 8.20728E-03-7.19036E-03 1.77947E-03
 -1       374 1.02091E-02 7.54895E-03-2.99008E-01-6.06985E-04-3.98984E-03 3.21274E-03
 -1       375 2.96737E-02 2.73576E-02-5.16670E-01 1.92886E-03 1.92071E-03 5.83055E-03
 -1       376-5.41618E-03-1.19176E-02-7.67018E-01-6.48209E-03 1.28403E-02-1.20174E-03
 -1       377 4.96496E-02 5.10162E-02-2.81760E-03-5.89067E-03-4.35877E-03 2.79427E-03
 -1       378 8.71977E-03 7.25487E-03 2.03025E-02 1.03937E-03 7.88905E-03 4.62657E-02
 -1       379 3.86837E-02 1.57430E-02 3.89338E-01-6.00784E-03-7.14279E-03 4.46538E-03
 -1       380-8.15520E-03 8.16350E-05-3.69886E-01-2.01755E-03 1.09269E-03-8.01338E-03
 -1       381 2.15509E-03 1.20687E-03 8.40000E-03 3.94595E-05 3.98330E-04 2.16380E-03
 -1       382 4.96067E-03 1.09369E-03 7.87960E-03 8.94617E-05 1.89519E-04 4.78712E-03
 -1       383-4.98446E-03-1.11035E-03-7.87576E-03 8.22604E-05-1.38949E-04 4.81211E-03
 -1       384-2.09715E-03-1.18618E-03-9.10920E-03 1.70075E-06-3.16337E-04 2.24500E-03
 -1       385-1.06093E-03 3.06801E-04-3.36988E-04-3.17120E-04 8.30922E-04 2.70575E-03
 -1       386-1.23260E-02-1.98262E-03-8.00898E-03 8.53936E-05 9.97462E-05 8.25146E-03
 -1       387 4.10229E-03 3.06158E-04 9.20052E-04 5.09754E-04 1.20093E-04 1.86589E-03
 -1       388 4.79860E-03 5.86531E-04 3.26173E-03 1.22979E-04 1.42571E-04 3.12585E-03
 -1       389-5.22323E-03-6.83057E-04-2.84640E-03 8.76197E-05-9.56552E-05 3.05155E-03
 -1       390-3.35439E-03-2.83942E-04-9.81807E-04 4.92326E-04-1.46611E-04 1.95136E-03
 -1       391-3.41912E-03-3.03993E-04-8.47009E-04-4.17630E-04 1.21701E-04 1.82575E-03
 -1       392 3.95933E-03 3.91321E-04 9.87041E-04-5.09156E-04-8.44576E-05 1.61225E-03
 -1       393-1.08527E-02-1.79852E-03-5.89026E-03 7.65208E-04 2.96657E-04 6.98590E-03
 -1       394 1.42648E-02 3.48480E-03 6.44898E-03 1.48329E-03-1.30816E-04 7.47078E-03
 -1       395 1.05871E-02 1.99249E-03 6.28046E-03-6.73980E-05-3.13256E-04 6.83584E-03
 -1       396 7.40711E-04-4.72007E-04-1.59227E-03-1.87501E-04-4.37647E-04 1.61238E-03
 -1       397-1.64371E-03-1.41637E-04-2.96659E-04-4.54220E-04 9.49748E-05 1.64230E-03
 -1       398-4.65406E-03-3.49511E-04-2.02039E-03-3.40570E-04 1.37010E-04 2.60741E-03
 -1       399 2.28808E-03 3.03826E-04 4.33009E-04-4.14149E-04-1.07605E-05 1.57801E-03
 -1       400 5.43224E-03 4.66721E-04 2.17359E-03-3.03021E-04-1.93422E-04 2.76902E-03
 -1       401-1.58553E-03-2.71804E-04-5.95837E-04-4.96784E-04 1.00707E-04 1.39595E-03
 -1       402 2.60869E-03 3.33385E-04 5.25864E-04-4.94648E-04 7.38510E-05 1.23090E-03
 -1       403-1.72110E-03-7.45634E-05-4.23329E-04 4.77842E-04-1.05816E-04 1.73424E-03
 -1       404-4.21080E-03-3.02118E-04-2.07152E-03 3.49592E-04-1.17700E-04 2.58331E-03
 -1       405 2.17846E-03 2.30707E-04 3.65231E-04 4.12125E-04 1.44827E-04 1.71138E-03
 -1       406 4.90886E-03 2.78368E-04 2.13412E-03 3.20064E-04 7.27451E-05 2.57011E-03
 -1       407 2.59351E-03 2.34796E-04 1.45399E-04 6.12709E-04 6.43727E-05 1.47810E-03
 -1       408-1.83324E-03-1.10782E-04-5.12255E-04 6.13135E-04 4.68763E-05 1.42961E-03
 -1       409-4.23731E-03-6.57194E-04-8.32637E-03 1.86118E-04-3.07197E-05 4.86512E-03
 -1       410-6.30562E-03-9.84945E-04-5.82624E-03-1.69034E-04 2.75123E-04 5.08273E-03
 -1       411-5.98977E-03-1.27594E-03-5.82679E-03 8.39233E-05-1.29313E-04 4.56831E-03
 -1       412-5.20146E-03-3.57997E-04-2.75906E-03-2.04905E-04 2.49084E-04 3.43305E-03
 -1       413-4.86276E-03-6.07696E-04-1.82898E-03-2.22475E-04 2.01308E-04 2.49593E-03
 -1       414-1.40691E-03-7.04029E-04-8.31568E-03 1.68518E-04-8.51292E-04 1.62308E-03
 -1       415-2.86678E-03-1.31350E-03-1.12641E-02 1.27587E-04-1.60273E-04 4.00048E-03
 -1       416-3.39108E-03-1.68315E-03-1.07643E-02 6.71542E-05-2.10942E-04 4.06815E-03
 -1       417 2.09338E-03-3.17294E-04 6.11735E-04-4.56716E-04-1.32947E-03 2.45560E-03
 -1       418-1.65358E-04-5.10835E-04-4.77325E-03-2.60615E-04-1.03725E-03 9.13726E-04
 -1       419-7.62052E-04-1.26803E-03-6.44426E-03-9.30453E-05-4.09494E-04 1.34032E-03
 -1       420 1.66585E-02 2.95533E-03 8.60257E-03 2.96705E-05 8.30284E-05 1.02144E-02
 -1       421 7.51940E-03 7.78270E-04 5.05200E-03-8.47254E-04-1.18451E-03 5.28143E-03
 -1       422 4.81994E-03 1.10174E-03 4.06320E-03-1.99094E-04-3.73189E-04 4.28792E-03
 -1       423 1.05320E-02 2.69414E-03 3.96495E-03 3.34240E-03 4.67034E-04 5.89025E-03
 -1       424 1.67376E-02 2.72933E-03 6.83104E-03 8.78106E-04 5.42237E-04 7.87222E-03
 -1       425 1.52932E-02 4.01954E-03 8.38222E-03 7.95429E-04-1.70600E-04 9.87860E-03
 -1       426-5.75996E-03-8.90484E-04-3.61094E-03 3.07580E-03-1.31339E-04 5.14251E-03
 -1       427-1.67837E-02-2.43542E-03-8.02703E-03 4.76180E-04-4.61330E-04 8.14118E-03
 -1       428 2.10001E-03 9.79747E-04 1.89002E-03 1.43392E-03 4.07379E-04 5.56085E-03
 -1       429-1.71497E-02-2.36415E-03-8.95146E-03-2.21065E-04 4.51711E-05 1.10231E-02
 -1       430-9.98283E-03-1.67631E-03-7.46490E-03-8.43612E-04 9.26267E-04 7.40711E-03
 -1       431-1.56617E-02-3.15709E-03-8.65037E-03 2.75507E-04 1.93950E-04 1.05350E-02
 -1       432-2.32449E-03-3.91859E-05-2.18820E-03-8.22871E-04 1.38086E-03 3.55984E-03
 -1       433 7.10804E-05 4.47463E-04 3.71423E-03-1.92761E-04 1.20593E-03 9.74386E-04
 -1       434-5.70362E-03-6.55227E-04-5.06315E-03-3.99911E-05 6.15638E-04 5.44140E-03
 -1       435 1.46047E-03 6.00638E-04 7.50170E-03 1.42921E-04 9.40479E-04 1.62956E-03
 -1       436 2.88806E-03 1.22222E-03 1.09168E-02 1.54607E-04 2.75856E-04 3.92243E-03
 -1       437 9.40284E-04 1.40251E-03 5.57975E-03-1.25429E-04 4.44501E-04 1.25192E-03
 -1       438 4.30383E-03 6.64281E-04 8.32704E-03 1.98709E-04 9.02650E-05 4.90743E-03
 -1       439 6.59957E-03 1.01152E-03 5.97177E-03-1.78639E-04-2.80801E-04 5.22440E-03
 -1       440 3.39252E-03 1.72072E-03 1.05152E-02 4.89758E-05 3.43677E-04 3.97061E-03
 -1       441 5.64036E-03 1.03460E-03 5.68391E-03 1.13900E-04 1.60621E-04 4.53694E-03
 -1       442 5.64367E-03 4.49505E-04 2.98246E-03-3.34212E-04-3.60046E-04 3.64199E-03
 -1       443 5.48936E-03 6.90101E-04 1.91373E-03-5.50926E-04-3.41167E-04 2.17516E-03
 -1       444-5.90669E-03-9.24899E-04-5.48445E-03 2.83262E-04-3.93253E-04 4.84880E-03
 -1       445-3.96822E-03-6.52428E-04-7.79186E-03-7.57128E-05-1.27770E-04 4.57619E-03
 -1       446-4.86859E-03-3.06842E-04-2.65008E-03 2.82653E-04-3.24764E-04 3.26352E-03
 -1       447-4.75261E-03-6.04254E-04-1.95174E-03 3.94420E-04-3.00324E-04 2.51315E-03
 -1       448-2.66047E-03-1.17512E-03-1.05512E-02-4.51973E-05-1.83969E-04 3.77533E-03
 -1       449-1.30743E-03-5.78543E-04-7.57899E-03-1.39026E-04 3.60674E-04 1.58672E-03
 -1       450 5.58234E-05-3.96070E-04-3.99223E-03 6.85197E-05 3.90481E-04 1.00465E-03
 -1       451 2.33586E-03-2.85163E-05 1.49756E-03 1.58811E-04 5.35690E-04 2.62615E-03
 -1       452 7.33419E-03 9.26273E-04 5.21867E-03 5.81381E-04 5.34954E-04 5.38093E-03
 -1       453 1.52912E-02 2.76338E-03 8.43807E-03 2.13944E-04-3.09801E-04 9.69294E-03
 -1       454 1.50533E-02 2.10537E-03 5.95901E-03 6.88942E-04-1.82298E-04 7.59679E-03
 -1       455 9.31196E-03 1.79768E-03 2.28251E-03-3.79300E-04-1.90998E-04 5.09774E-03
 -1       456-1.58320E-02-2.30723E-03-6.66304E-03 4.11323E-05 4.91897E-04 8.17568E-03
 -1       457-4.82796E-03-6.06758E-04-2.94957E-03-1.24920E-03 4.08813E-04 4.86259E-03
 -1       458-8.09464E-03-9.34642E-04-6.95658E-03 7.62640E-04-8.39737E-04 6.13566E-03
 -1       459-1.64346E-02-2.75414E-03-9.17516E-03-3.09917E-06 3.03629E-04 1.06423E-02
 -1       460-1.75656E-04 5.19921E-04 2.93207E-03-8.37643E-05-3.68601E-04 1.15980E-03
 -1       461-2.84593E-03 2.32142E-04-2.75747E-03 1.73250E-04-4.68230E-04 3.58092E-03
 -1       462 2.61718E-03 1.28222E-03 1.01736E-02-5.32994E-05 2.59068E-04 3.67979E-03
 -1       463 1.31153E-03 6.97723E-04 6.73189E-03-1.36218E-04-3.24691E-04 1.60637E-03
 -1       464 6.07255E-03 9.45510E-04 5.55141E-03 3.54767E-04 4.54976E-04 4.92008E-03
 -1       465 3.99426E-03 6.63063E-04 7.70375E-03-4.05981E-05 1.71819E-04 4.54347E-03
 -1       466 5.18502E-03 3.91948E-04 2.81784E-03 4.96653E-04 4.84845E-04 3.42523E-03
 -1       467 5.33096E-03 7.21789E-04 1.91221E-03 6.09717E-04 5.83213E-04 2.65197E-03
 -1       468-1.66359E-03-3.47574E-04-5.19514E-04-1.88099E-06 1.25189E-04 1.32382E-03
 -1       469 3.08406E-03 2.59610E-04 6.94454E-04-4.17362E-05-1.31840E-06 1.19520E-03
 -1       470 4.38628E-03 6.34227E-04 1.35907E-03 6.08676E-04 2.57466E-04 1.89533E-03
 -1       471-3.32690E-03-5.63855E-04-1.44852E-03 3.82709E-04 9.04813E-06 2.05902E-03
 -1       472-6.21568E-02 5.24279E-02-6.82729E-03-2.54224E-04-8.51741E-04 5.83891E-02
 -1       473 4.29749E-02-2.68823E-02 5.88939E-02 2.56070E-03-5.20665E-04 5.25117E-02
 -1       474 9.45676E-02-4.28955E-02 1.62512E-01-1.18461E-02-2.10163E-02 1.01352E-01
 -1       475 1.02436E-01-1.49657E-02 1.89440E-01 1.61994E-02 7.68493E-03 9.55890E-02
 -1       476 4.27218E-02 6.39143E-02 9.36834E-02 1.00567E-02 1.29759E-01-4.90390E-02
 -1       477 7.83492E-02 4.78122E-03 1.45926E-01 2.11217E-02 3.81733E-02 7.21232E-02
 -1       478 4.35034E-02-8.79253E-03 4.72751E-02 1.26552E-02 7.57427E-03 5.34593E-02
 -1       479 3.26561E-02 6.58251E-02 1.16918E-01-5.39391E-03-1.37157E-01-2.40982E-02
 -1       480 7.15716E-02 5.37160E-03 1.57910E-01-2.23029E-02-3.06173E-02 7.27325E-02
 -1       481 3.58197E-02-8.46166E-03 4.17889E-02-7.58796E-03-3.21831E-03 4.54030E-02
 -1       482-6.24486E-02-9.88470E-02-9.93157E-02-2.49921E-02 1.76336E-01-3.43913E-02
 -1       483-1.14381E-01 2.35387E-02-1.82534E-01 1.86442E-02-1.50858E-02 1.13423E-01
 -1       484-1.29377E-01 3.83942E-02-1.74080E-01-1.72706E-02 1.06983E-02 1.18076E-01
 -1       485-1.00984E-01-1.30028E-02-1.84404E-01-1.48266E-02 4.39615E-02 8.55768E-02
 -1       486-3.95708E-02 2.67869E-02-2.89317E-03-5.66793E-03 1.03749E-02 4.43065E-02
 -1       487-3.57533E-02-8.51194E-02-7.12964E-02 9.88924E-03-1.63530E-01-2.60679E-02
 -1       488-8.49554E-02-1.76998E-02-1.48780E-01 2.47083E-02-4.09693E-02 7.28584E-02
 -1       489-3.53026E-02 3.52891E-02-9.96083E-03 5.80484E-03-1.25569E-02 5.07799E-02
 -1       490-7.03202E-03-2.66272E-04-1.15202E-02 1.61550E-03-2.16266E-03 8.55121E-03
 -1       491-1.02718E-02 1.44278E-03-7.15356E-03 3.85425E-04-1.04620E-03 1.08530E-02
 -1       492-2.46733E-02-3.58957E-03-1.08628E-02 1.72406E-04-1.56554E-03 3.08072E-02
 -1       493-9.98809E-04 2.81944E-05-2.10312E-02-1.46689E-04-3.79474E-04-1.56291E-03
 -1       494-2.13660E-03 1.78622E-04-1.16679E-02 3.09958E-04-2.21054E-03 4.05413E-03
 -1       495-6.64773E-04 4.03944E-03-4.55681E-02-3.96225E-03-7.86711E-04-5.06987E-03
 -1       496 2.22824E-03-2.36770E-03-1.24320E-02-5.75091E-04 4.08672E-03-6.38480E-03
 -1       497 6.86040E-03 7.18340E-03 2.14494E-03-1.47147E-02-1.68078E-03 1.88613E-02
 -1       498-9.01837E-03 1.22978E-02-4.51763E-02-1.10137E-02-3.04250E-02-2.98999E-02
 -1       499 5.26594E-03 4.44478E-04-4.34700E-03-1.01317E-02-2.96200E-05-1.18753E-02
 -1       500 1.90531E-02 3.53091E-03-3.36983E-03-1.29939E-02-4.21431E-03 4.44938E-04
 -1       501-1.78224E-03-4.10747E-03 7.60149E-03-1.28851E-02 9.73561E-04-8.25511E-03
 -1       502 1.45439E-02-1.82169E-02 8.99594E-02 1.35970E-02 2.49695E-02-2.20060E-03
 -1       503 3.94498E-02-5.60397E-03-1.74079E-02-2.94956E-02 2.66863E-03 1.04454E-02
 -1       504-1.77038E-03 7.71768E-04 8.67294E-03-1.12904E-03-1.11357E-02-6.01808E-03
 -1       505-2.05305E-03-5.00223E-03 3.43591E-02-1.24781E-03-4.93397E-03-7.82676E-03
 -1       506 1.17530E-03 1.45223E-03 9.78342E-03-1.65598E-03-1.09829E-03 2.06468E-03
 -1       507-3.34314E-04 2.23535E-03 1.15216E-02-1.63623E-03-5.42386E-03-1.56787E-03
 -1       508 1.08677E-02 1.79686E-03 7.57430E-03 8.97267E-04 1.63619E-03 1.08210E-02
 -1       509 3.01948E-03-2.10403E-04 1.09396E-02 3.11623E-05-1.04018E-04 6.05583E-03
 -1       510 2.70468E-02 5.69003E-03 1.61717E-02 3.03406E-03 1.73206E-03 2.91860E-02
 -1       511 1.00281E-02 1.09348E-04 3.07655E-03 2.24003E-03 6.16473E-04 1.47948E-02
 -1       512-1.84153E-02-6.73630E-03 3.62670E-02 2.59036E-03-6.56693E-03-1.90977E-02
 -1       513-1.36075E-03-1.55916E-03 4.26752E-02-9.46423E-05 3.79739E-03 1.84815E-02
 -1       514 1.16619E-02-3.17797E-04-5.98550E-03 4.37651E-03 6.33730E-04 2.36750E-02
 -1       515 8.78053E-03-1.34259E-03-4.48841E-02 3.98561E-03-3.66487E-03 1.95059E-02
 -1       516 1.44119E-02 2.23257E-04-3.67819E-02 9.68585E-04-9.89347E-04 1.09200E-02
 -1       517 3.12302E-02 7.57122E-03 3.47864E-02 1.14562E-02 3.52274E-03 4.22666E-02
 -1       518 3.92549E-02 1.08350E-02-7.73868E-02 5.89831E-03 9.77337E-03-1.10128E-02
 -1       519 1.90917E-03 6.66706E-04 3.31205E-02-1.66451E-03 1.48039E-04 1.93443E-02
 -1       520 6.12437E-03-3.59146E-04-3.69323E-02-1.31243E-05-8.74719E-04 1.26808E-02
 -1       521-6.54583E-03-2.50657E-04-5.35654E-02 1.28014E-03-1.67424E-03 4.65147E-02
 -1       522 2.93019E-02 2.39387E-02-3.28685E-02-3.10337E-03 8.04016E-03-3.99256E-02
 -1       523 1.93654E-03 1.37685E-02-5.94171E-02 3.37484E-03 2.06809E-02 2.31752E-02
 -1       524-9.66040E-03-2.41417E-02 5.44902E-02-2.74595E-03-4.08348E-02 2.37087E-02
 -1       525-3.45435E-02-2.14645E-02 2.61117E-02 1.85970E-03-1.06481E-02-5.56998E-02
 -1       526 1.69650E-02 1.01391E-03-2.01461E-02 7.72337E-03 3.83807E-03-2.21408E-02
 -1       527-1.00048E-02-2.55741E-03-3.80547E-02 1.69849E-03-2.23592E-04 2.82086E-02
 -1       528 9.56358E-04-1.52900E-03-2.90127E-02 1.01088E-03-8.75497E-04 1.48007E-02
 -1       529 2.57972E-02 1.01237E-03-5.47174E-02-6.09815E-04-8.66995E-04 2.03606E-04
 -1       530-7.29135E-04-4.49588E-04-2.71938E-02 4.90725E-04-7.23860E-04 1.22587E-02
 -1       531 4.35486E-03 9.90043E-04-3.49145E-02-5.12275E-04 6.08682E-04 6.15581E-03
 -1       532 9.93314E-03 4.69157E-04-3.42837E-02 5.37415E-04-6.73567E-04 1.29588E-02
 -1       533 4.08699E-03-1.72693E-03-4.54329E-02 5.61296E-04-2.51663E-03 9.11368E-03
 -1       534 9.08157E-03 6.79673E-03-8.60250E-02 3.55142E-03-1.74655E-02 1.06544E-02
 -1       535 8.73242E-03 2.12125E-04-3.99741E-02 7.35281E-04-2.25162E-03 1.33419E-02
 -1       536-6.69690E-03-2.12546E-03-1.47718E-01 5.62167E-03-1.85864E-02 2.57676E-02
 -1       537 3.74833E-03 2.37390E-03-3.71694E-02-2.70387E-03-6.40132E-03 4.71211E-02
 -1       538-2.29904E-03-3.04660E-03-5.33680E-02 3.36202E-03-1.52779E-03 3.58072E-02
 -1       539 1.79155E-02-2.93934E-04-1.17837E-02-1.56597E-03 1.03204E-04 2.84620E-02
 -1       540 1.99347E-02 1.19254E-03-1.57012E-03 7.97777E-04 1.93424E-04 1.75108E-02
 -1       541 1.03177E-03-2.73063E-03-3.18195E-02 2.36856E-03-1.04374E-03 3.28568E-02
 -1       542 3.37375E-02-5.63950E-04 7.07305E-03 4.00822E-03 1.94745E-03 2.50136E-02
 -1       543 5.84190E-02 4.33874E-03 1.83689E-02-2.56518E-04 3.17530E-03 5.32322E-02
 -1       544 2.05888E-02-2.69611E-03 5.11535E-03 5.13824E-03 1.31008E-03 2.80868E-02
 -1       545 1.95909E-02 4.20958E-04 1.02676E-01 2.24488E-02 2.64563E-02 3.87047E-02
 -1       546 3.04182E-03-1.09549E-03 6.33791E-02-6.26527E-04 8.24572E-03 1.62817E-02
 -1       547 6.11923E-04 5.20893E-04 3.78780E-02-3.88303E-03 2.55309E-04 1.30016E-02
 -1       548 1.15657E-02 6.82714E-03 4.75295E-02 5.84437E-03 4.62600E-03 2.96539E-02
 -1       549 1.33314E-03-1.48645E-03 2.99517E-02 3.93434E-04 9.31136E-04 1.53916E-02
 -1       550 7.09507E-03-2.19232E-04 2.61085E-02-4.06158E-04 3.46982E-04 1.64204E-02
 -1       551 1.18507E-02 5.74850E-03 2.25485E-02 9.92019E-04 2.93232E-03 2.74233E-02
 -1       552 1.20191E-03-1.86521E-03 3.33799E-02-9.80713E-05 1.26794E-05 1.92157E-02
 -1       553-2.12026E-03 8.74047E-03 5.28363E-02-3.72229E-03-3.39590E-03 8.62028E-03
 -1       554 1.77966E-03-1.39701E-03 8.75474E-03 1.47240E-03 2.32635E-04 6.43258E-04
 -1       555-7.67811E-03-1.39681E-03 3.44848E-02 3.12120E-06 2.28975E-04 4.96263E-03
 -1       556 5.17604E-03-1.26783E-03 2.28264E-02 6.16078E-04 1.72816E-03 1.41214E-02
 -1       557 1.03819E-02-4.41806E-04-1.91543E-02 1.25728E-03-5.34977E-04 7.84980E-03
 -1       558 9.59772E-03 1.02689E-03-1.14268E-02 9.96587E-07 2.02547E-04-6.17254E-03
 -1       559 1.82926E-02 2.09042E-03 2.34024E-02 4.16889E-03 1.71479E-03 2.34448E-02
 -1       560 1.08682E-02-1.15253E-03-5.38093E-03 2.33708E-03-4.17348E-04 2.03782E-02
 -1       561 8.40069E-03-7.20004E-04-2.57544E-02 2.95694E-03-9.67669E-04 2.31307E-02
 -1       562 1.03133E-02-4.37665E-04-1.90568E-02 7.35231E-04-1.62880E-04 1.76810E-02
 -1       563 9.65406E-03-4.30131E-04-3.58279E-02 1.97897E-03-1.86197E-03 1.26405E-02
 -1       564-5.12234E-03 4.75232E-04 8.41852E-04 1.62428E-03 4.89616E-04-6.88239E-03
 -1       565-3.46536E-02-1.60364E-03 2.45311E-02-8.61965E-04 5.83498E-03-2.76628E-02
 -1       566-1.82611E-02-8.22596E-04 1.74085E-02 5.30680E-04 2.68488E-03-4.03614E-03
 -1       567-5.68408E-03-1.09222E-03 1.00936E-02 5.27976E-03 2.69224E-03-1.81758E-02
 -1       568 6.11397E-03 2.82097E-04-6.38298E-03 2.30310E-03-1.45646E-03-5.75402E-04
 -1       569 1.24568E-02 1.84031E-03-3.11857E-02 4.88476E-04-3.50100E-04 5.21050E-03
 -1       570-8.06426E-03 3.38854E-04 4.09689E-03 4.22475E-03-2.83576E-05-1.27416E-02
 -1       571 2.90279E-02 1.46194E-02-6.99139E-02-4.03809E-03-4.83230E-04-1.43980E-02
 -1       572-7.23411E-03 2.67866E-03 1.89921E-02 3.54034E-03 5.22265E-04 7.93630E-03
 -1       573 4.80677E-03 4.81566E-05-1.36517E-02-1.17507E-04-4.29596E-04 4.04380E-03
 -1       574-2.32610E-03-8.37715E-03 8.89660E-03 7.30551E-03 5.37389E-03-1.12916E-02
 -1       575 2.81362E-03 1.88294E-02-5.49475E-02-4.36046E-04-2.87737E-02 1.84772E-02
 -1       576 3.45248E-02 2.74046E-02-8.90816E-03 4.22460E-03-4.63353E-03-4.19572E-02
 -1       577-3.23746E-02-2.28709E-02 2.83082E-02 6.68172E-04 1.03334E-02-5.03341E-02
 -1       578-2.75325E-02-2.29800E-02 3.50449E-02 2.75266E-03 4.18857E-02 7.12416E-03
 -1       579 1.30430E-02 1.06965E-02-2.70576E-02-1.14429E-02 1.55476E-03-3.16791E-02
 -1       580-1.98633E-04-7.64511E-04-2.05903E-02 1.19673E-03-3.14433E-04 1.00338E-02
 -1       581-1.05483E-02-3.60593E-03-2.82847E-02 1.99999E-03-1.25984E-03 2.29856E-02
 -1       582 1.91035E-02 6.53609E-03-5.13563E-02 1.44404E-03-9.54877E-04-5.21523E-03
 -1       583 2.06006E-03-2.13551E-05-9.67707E-03-4.57250E-04-1.49773E-03 5.81087E-04
 -1       584-6.89677E-04-3.57923E-04-1.08041E-02 1.03796E-03-1.01308E-03 6.09900E-03
 -1       585 9.39849E-03 2.13332E-03-1.74651E-02-1.66847E-04-1.93423E-04 6.04982E-03
 -1       586 2.74706E-03-2.98616E-04 1.72332E-03 1.19649E-03 1.78087E-04-8.04016E-03
 -1       587 5.33887E-03 1.61608E-03-2.54208E-03 1.82786E-04-2.38915E-03-1.80390E-03
 -1       588 5.06911E-03-4.37750E-04-1.06279E-02 1.00186E-03-4.94935E-04 1.74586E-03
 -1       589-9.14842E-03 4.91372E-03 8.21717E-03 3.73307E-04 1.20092E-02-1.37057E-02
 -1       590-5.80490E-03-1.19574E-02 4.14518E-03 3.65112E-03 8.50496E-03-1.39766E-02
 -1       591 8.19635E-04 6.51960E-05-1.96509E-03 2.96320E-03-8.71325E-04-6.61391E-03
 -1       592-7.27540E-03-3.81259E-03-1.89687E-03 8.08125E-04 3.69398E-03-2.51348E-02
 -1       593-4.34272E-03 5.55634E-03 6.48228E-03-5.12055E-04 1.23052E-02-2.18022E-02
 -1       594-5.41298E-03-3.84450E-03 1.42952E-02 3.45401E-03 4.42325E-03-1.25367E-02
 -1       595 5.22008E-04-1.85430E-03-2.85196E-03 3.91145E-04 2.51178E-03-2.19975E-02
 -1       596-8.21405E-03-2.21795E-03-3.89385E-03 1.39835E-04-2.40428E-03-2.19372E-02
 -1       597-4.71493E-03-1.39267E-04 3.58258E-03 1.89764E-03 6.68758E-05-1.61363E-02
 -1       598-4.86803E-03 2.54657E-03 4.15317E-03-4.62186E-04-5.49730E-04-1.86919E-02
 -1       599-1.08414E-02-2.75528E-03 1.34960E-03-1.19869E-03 1.72200E-03-6.53001E-03
 -1       600-1.26243E-02 1.73623E-03 6.34380E-03-1.36261E-03 2.92711E-03-1.44582E-02
 -1       601-2.03322E-02-2.02797E-03 5.63370E-03 2.05108E-03 4.13570E-04-8.23594E-03
 -1       602-9.03973E-03 9.89635E-05 9.87595E-03 5.88819E-04 1.25289E-03-7.08524E-04
 -1       603 3.91055E-04 2.98722E-03 1.44325E-02-1.35539E-03-3.07429E-04 1.81367E-02
 -1       604-1.58754E-03 1.84116E-03 1.08796E-02 1.55387E-03-6.08397E-05 3.92821E-03
 -1       605-9.54646E-03 1.64894E-03 2.16473E-02 1.59383E-03 1.58105E-03 5.08393E-03
 -1       606-8.23249E-03 1.13797E-02 4.32447E-02 5.57363E-03 1.31934E-03-4.22309E-03
 -1       607-1.21091E-02-1.75903E-05 1.13067E-02-2.78152E-04 1.35399E-03-5.75859E-03
 -1       608-1.79959E-02-6.59591E-04 2.70518E-02 7.72469E-04 2.06381E-03-8.26507E-03
 -1       609-1.11911E-02-5.73620E-04 6.82233E-03 9.86803E-04 2.60225E-04-1.25175E-02
 -1       610-1.43275E-03 6.48080E-04-2.24358E-03 3.96642E-04 2.75466E-03-1.46569E-02
 -1       611 6.67181E-04 3.89704E-04-1.48754E-02 6.44349E-04 4.53780E-04-4.67808E-03
 -1       612-9.16077E-03 2.98909E-04 1.99327E-03 3.13069E-03-3.19521E-04-1.01739E-02
 -1       613 8.30737E-04-3.53455E-04-1.91670E-03 1.14789E-03 4.66664E-04-3.30384E-03
 -1       614-1.16350E-03 1.24786E-03 1.30730E-03 3.13020E-03-1.09298E-04-1.01875E-02
 -1       615-6.86912E-03-1.14376E-03 1.64582E-04 2.59459E-03-2.80550E-04-1.15159E-02
 -1       616 6.28671E-03-1.26430E-04-1.51655E-02 1.16043E-03-3.57469E-04 3.66072E-04
 -1       617 7.63719E-06 3.47392E-05-1.22490E-03 7.65798E-05-4.12887E-05 2.49579E-03
 -1       618 8.26535E-03 2.13960E-04-1.22466E-03-4.41375E-04-2.88959E-04 1.82653E-03
 -1       619 8.86914E-03 5.67482E-04-1.36440E-03 4.75364E-04 4.51868E-06 2.35239E-03
 -1       620 7.60236E-03 9.88393E-05-7.86529E-04 2.49332E-04-2.61374E-04 2.31552E-03
 -1       621 8.33937E-03 6.10857E-04 5.87793E-04 4.39122E-04-5.93912E-04 3.12010E-03
 -1       622 4.63900E-03-4.26389E-04-4.57203E-03-1.82395E-04-1.48007E-04-2.07651E-03
 -1       623-1.95614E-03 3.33877E-04 1.67595E-03 8.03535E-05-8.27205E-05 2.77172E-03
 -1       624-5.94211E-04 2.61101E-04 3.48146E-03 1.43344E-04-1.61688E-04 2.51226E-03
 -1       625-2.80410E-03-1.53907E-04 2.27243E-03 7.68539E-05 3.57762E-05 2.77061E-03
 -1       626-6.85175E-04 7.55487E-05 3.83630E-03-2.50725E-05 4.08968E-04 2.94023E-03
 -1       627-2.54778E-03-2.05359E-04 1.37595E-03-1.84600E-04 5.75393E-04 3.26081E-03
 -1       628 7.13474E-03 1.59328E-03 2.62914E-03 1.52898E-03 4.05066E-04 9.17225E-03
 -1       629-4.31428E-05 2.83084E-04-8.07071E-04 1.45582E-03 4.79155E-04 9.87896E-03
 -1       630-7.99741E-04 4.26069E-04-6.61721E-05 1.26224E-04-4.30917E-04 6.95687E-03
 -1       631 5.63340E-03 2.13763E-03-3.02710E-03 1.45446E-03 1.28540E-05 1.14214E-02
 -1       632 6.84605E-03 2.11498E-03 3.85819E-03 4.58552E-04-1.35281E-03 7.18950E-03
 -1       633-5.24246E-03 3.98087E-04 4.53303E-03-1.37645E-04 1.42886E-04-1.58488E-03
 -1       634-8.05343E-03-1.15161E-04 1.01382E-04 3.64363E-04 1.57040E-04 2.64866E-03
 -1       635-9.55215E-03-3.16760E-04-3.36579E-04-5.73179E-04 3.42315E-04 3.26516E-03
 -1       636-9.18733E-03-3.15847E-04-4.95495E-04 4.03443E-05 2.09739E-04 3.10383E-03
 -1       637-8.86348E-03-4.27192E-04-4.22243E-04 2.54942E-04 4.20498E-04 3.38742E-03
 -1       638 5.10175E-04-2.80825E-04-4.47154E-03-1.01981E-04-3.91633E-04 2.58191E-03
 -1       639 1.64933E-03-3.13956E-04-2.85399E-03-2.45089E-04-5.30884E-04 2.38382E-03
 -1       640 3.44013E-04-4.06629E-05-3.81825E-03-4.46665E-05 5.60897E-05 2.44750E-03
 -1       641 1.51937E-03-2.23373E-04-2.28989E-03 3.66218E-05 1.94314E-04 2.22843E-03
 -1       642 2.03902E-03-5.19400E-05-2.78773E-03-1.12636E-04-3.29501E-05 2.33834E-03
 -1       643 2.81185E-03 1.85367E-04 3.87221E-03-9.32942E-05 1.33581E-04 2.46678E-03
 -1       644 1.82437E-03 1.63307E-04 3.38758E-03-1.64404E-04 6.85685E-05 1.96894E-03
 -1       645 1.93304E-03 5.46990E-05 3.72924E-03 1.98365E-04 2.85691E-04 2.15798E-03
 -1       646 1.65273E-03-1.24416E-04 6.06095E-04 1.73611E-05 6.19026E-05 1.60852E-03
 -1       647 2.93834E-03 1.61472E-04 3.97142E-03 1.13445E-04 1.07209E-04 2.85263E-03
 -1       648-2.88870E-03-1.62696E-04-4.22342E-03 1.06710E-04-7.94735E-05 2.60523E-03
 -1       649-1.89942E-03-1.77080E-04-4.19489E-03 1.75462E-04-2.45112E-04 2.06292E-03
 -1       650-2.82220E-03-1.70899E-04-3.92578E-03-9.80427E-05-1.10224E-04 2.42419E-03
 -1       651-1.77107E-03-5.16988E-05-3.83665E-03-2.02423E-04-1.58827E-05 1.82197E-03
 -1       652-1.62297E-03 1.20792E-04-8.39345E-04-6.45577E-05-7.32803E-05 1.27396E-03
 -1       653 3.51110E-03 9.85015E-05-5.22322E-03 3.90102E-05-1.13179E-03 2.44148E-03
 -1       654-5.53339E-03 3.43504E-04-1.25656E-04 1.67040E-04-2.78583E-04 3.95839E-03
 -1       655-4.87697E-03 2.07511E-04 3.68656E-03-2.26223E-04-2.17723E-05 8.18586E-04
 -1       656-1.04183E-04 4.61816E-05 1.85637E-03-1.85251E-05 1.07171E-04 2.57883E-03
 -1       657-1.88062E-04-1.72498E-05-1.82745E-03-3.95955E-05-4.35197E-05 2.31558E-03
 -1       658-2.42788E-03-1.22346E-04-4.45186E-03 1.26758E-04 4.89368E-05 2.17605E-03
 -1       659-1.47624E-03-6.69777E-05-2.05445E-03-2.60000E-05-7.90849E-05 6.84297E-04
 -1       660-3.00435E-04 9.45188E-05-2.39868E-03 7.17541E-06-6.97220E-05 1.47600E-04
 -1       661-2.17321E-03-1.81334E-04-4.16824E-03-2.57608E-05-2.36971E-04 1.97598E-03
 -1       662-4.54644E-03 7.61519E-04 4.66760E-03-1.93274E-04 2.51014E-04 3.90639E-03
 -1       663-5.47073E-03-7.82168E-04-3.92843E-03-5.09899E-05 3.74620E-04 9.08527E-03
 -1       664-1.16835E-04-6.05144E-04-3.64850E-03 6.40224E-04 3.43315E-03 1.33849E-02
 -1       665 2.44981E-03 2.32318E-04 4.13838E-03-7.12761E-05 2.33585E-04 2.03959E-03
 -1       666 7.01899E-04-1.54963E-04 1.86370E-03 1.73991E-05 5.30012E-05 8.15922E-05
 -1       667 2.75002E-03 1.66394E-04 4.40826E-03 1.57476E-04-3.49845E-05 2.24296E-03
 -1       668 1.63678E-03 6.58540E-05 1.86555E-03-2.28353E-05 6.23552E-05 7.83212E-04
 -1       669-6.53565E-03-5.40497E-04 1.99036E-03-8.38248E-04 1.45574E-03 1.31810E-02
 -1       670-5.67054E-03-4.04289E-04-2.69704E-03 7.57615E-04 9.14025E-04 9.47007E-03
 -1       671-2.26920E-03-1.17380E-04-3.25533E-03-9.40583E-06 6.75039E-05 1.63780E-03
 -1       672-2.15708E-03-1.56709E-04-3.10458E-03 7.98472E-05-2.11381E-04 1.49757E-03
 -1       673 2.26047E-03 1.49865E-04 3.14542E-03 4.82051E-05 2.08409E-04 1.66419E-03
 -1       674 2.52251E-03 1.05090E-04 3.30855E-03 4.28484E-05-6.38377E-05 1.85759E-03
 -1       675 6.19787E-04-7.12073E-05-3.78057E-04-1.46925E-04-3.83998E-05 2.14077E-03
 -1       676 1.88846E-04 1.44051E-05-6.63271E-04 3.09180E-04 1.36436E-06 1.91668E-03
 -1       677-2.03500E-04 8.17623E-05-8.30133E-04-1.30048E-04-9.76653E-05 2.10059E-03
 -1       678-5.44211E-03 5.25701E-03 4.19374E-02 1.03058E-04-1.03344E-03 1.17720E-03
 -1       679-3.02741E-03 7.98656E-04 2.66140E-02 1.35643E-03 9.41380E-05 1.16957E-02
 -1       680 9.39471E-03-1.00700E-02 3.94883E-02 1.68507E-03 2.23250E-03 2.86427E-02
 -1       681 2.82397E-03-7.60478E-03 3.18813E-02-1.87589E-03-1.09740E-03 2.44080E-02
 -1       682-1.55092E-02-1.61006E-02 3.39176E-02-2.83422E-03-5.38619E-03-1.63312E-03
 -1       683 8.97594E-04-6.80785E-05 1.41636E-03 1.90894E-04 7.20354E-05 1.97708E-03
 -1       684 1.62928E-04 2.46750E-07 1.01970E-03 2.14024E-04-1.33097E-05 1.84091E-03
 -1       685 1.17239E-03 8.58945E-05 2.34457E-03 1.64687E-04 1.92866E-04 2.38023E-03
 -1       686 1.50771E-03 7.46643E-05 6.22776E-04 4.55078E-05 3.38574E-05 2.54505E-03
 -1       687 5.34868E-04 3.91893E-03-2.63366E-03 7.08475E-04 1.04814E-05 9.35657E-04
 -1       688-8.43711E-04 1.27196E-03-4.50169E-03-2.91092E-04-3.32351E-04-4.33154E-03
 -1       689-1.80874E-03-9.37378E-05-1.79205E-03 4.70996E-05-6.38932E-05 2.59663E-03
 -1       690 7.77207E-05-6.54177E-05-2.40836E-03 5.50977E-05-1.24605E-04 1.39847E-03
 -1       691 5.05210E-05 1.74624E-05-2.51698E-03 1.49874E-05 6.14056E-05 1.51911E-03
 -1       692 4.74291E-03 2.62307E-04-3.46464E-04 6.64352E-05 1.85793E-04 3.62602E-03
 -1       693 5.01995E-03-6.95842E-06-9.00403E-04-2.39980E-04-3.79835E-04 3.77745E-03
 -1       694-5.82016E-03-3.16552E-04 1.44547E-03-5.61650E-04 5.06589E-04 1.95770E-03
 -1       695-4.20224E-04 6.10755E-05-1.08096E-03-1.71828E-04 8.86708E-05 2.08476E-03
 -1       696-1.24940E-03-1.31928E-04-1.87749E-03-4.45123E-05 1.01496E-04 2.36362E-03
 -1       697-3.62052E-03-4.13954E-03 3.04749E-04 8.56794E-04-1.57534E-03 1.69235E-03
 -1       698 8.39942E-04-4.27164E-05 1.39684E-03-1.18051E-04-6.39538E-05 1.99920E-03
 -1       699 1.14842E-03 9.06333E-05 2.42306E-03-2.55351E-05-7.82147E-05 2.41472E-03
 -1       700-3.35037E-04-1.76093E-05 4.20901E-04 1.12282E-04-8.79131E-08 2.38517E-03
 -1       701-3.65412E-03 2.71090E-02-2.94653E-02-8.67136E-03 1.09923E-02 1.15401E-02
 -1       702-8.40719E-03 2.21243E-02-4.90213E-02 5.28319E-03-1.02636E-02 2.08412E-02
 -1       703 2.42399E-02 5.74293E-04-8.02230E-02 3.84698E-03 1.32625E-03-1.05575E-02
 -1       704-1.64630E-02-3.24382E-03-5.83302E-02 5.54635E-04 7.91979E-05 2.07720E-02
 -1       705-2.62205E-04 1.79143E-05 3.49680E-04 3.17115E-05 3.11077E-05 1.12230E-03
 -1       706-3.51252E-04-7.84104E-05 1.36428E-03 6.03088E-05 3.54227E-05 1.84897E-03
 -1       707-5.57331E-04-1.04229E-04 4.02905E-04-3.89173E-05 2.66006E-05 2.32004E-03
 -1       708 1.46181E-04 9.45180E-05-1.86395E-04 6.05636E-05-2.46850E-05 1.24846E-03
 -1       709 1.67273E-04 7.48800E-05 1.53255E-04-2.62467E-07-1.43216E-05-8.08917E-04
 -1       710-6.27924E-04 1.65742E-05 8.19608E-04 4.42053E-06-3.63897E-05-1.00944E-04
 -1       711-1.18673E-03-1.31816E-04-1.80653E-03 1.34222E-04-1.94476E-04 2.25480E-03
 -1       712-3.50839E-04 2.08890E-05-1.10326E-03 2.52044E-04-1.58142E-04 2.02130E-03
 -1       713 2.06449E-04 4.47350E-06 1.81772E-03 4.94063E-05 5.89641E-05 9.08159E-04
 -1       714-1.14472E-03-4.49695E-05 5.86444E-04-5.74124E-06 1.13129E-04-5.87341E-04
 -1       715-1.03082E-03-1.30779E-04 6.22287E-04 2.01548E-05-4.64273E-05-4.64925E-04
 -1       716-1.22610E-03 4.35129E-05 9.69707E-04 3.36325E-05-9.45788E-06 4.07093E-04
 -1       717-1.36949E-03-4.50864E-05 1.00717E-03 4.53191E-05 8.61161E-05 3.31991E-04
 -1       718-2.39746E-02-3.13485E-03 3.12098E-02 3.69579E-03-1.07117E-03-2.04136E-02
 -1       719-2.99229E-03-1.70143E-02 5.54692E-02 2.14067E-03 3.19889E-03 1.23373E-02
 -1       720 9.11390E-03 2.63952E-04-2.39354E-02 5.02692E-04-5.80495E-04 8.55250E-03
 -1       721 6.26145E-03-3.80285E-04-2.60195E-02 1.36204E-03-1.50608E-03 7.80503E-03
 -1       722 4.92217E-03-2.64257E-04-2.51248E-02 5.56840E-05-7.96473E-04 8.29000E-03
 -1       723-1.50874E-03 1.24536E-03-1.15072E-02 4.36283E-03 6.50067E-04 1.11117E-02
 -1       724 3.53661E-03 1.13132E-03-1.20766E-02 4.61237E-03 8.17085E-05 4.69537E-03
 -1       725-3.33937E-03-2.06127E-03-1.70173E-02 4.29317E-03-1.34666E-04 1.88235E-02
 -1       726 1.71151E-03-7.37098E-03-2.51342E-02 6.47739E-03-1.59760E-03 7.10932E-03
 -1       727 4.95807E-03-7.59481E-04-5.64952E-03 1.24745E-03 2.45969E-04-1.08264E-02
 -1       728 8.08812E-03-9.48025E-05-2.32276E-02 1.88813E-03 2.39741E-03-2.31758E-02
 -1       729 2.17338E-02 3.32482E-04-4.96265E-02 9.55438E-05-4.05416E-04-3.09189E-03
 -1       730 1.52644E-03-4.94806E-04-2.83476E-03-1.67559E-04-1.78337E-05-1.44192E-03
 -1       731 4.15847E-03-3.20393E-03 2.32519E-02-3.13686E-03-1.62673E-04 1.83121E-02
 -1       732 4.35695E-03-2.70849E-05-3.14063E-03-2.15954E-05 8.21793E-06 1.00976E-03
 -1       733-1.73249E-03-9.28335E-05 3.07530E-03-1.62438E-05-1.73285E-04 8.82287E-05
 -1       734-1.58321E-03 3.44661E-04 3.49565E-03-1.57717E-05-5.09033E-05-1.52297E-03
 -1       735-6.50132E-04-6.82568E-07 1.10810E-03 1.30436E-05-4.84191E-06 1.41308E-03
 -1       736 1.57291E-03-8.52305E-05-2.66557E-03-3.01499E-06 2.76459E-05 2.13470E-04
 -1       737 3.05710E-04 1.99807E-05 1.86812E-04-3.13928E-06-3.56904E-05 9.89915E-04
 -1       738-5.58568E-04-7.71215E-06 1.10800E-04-3.44210E-05-6.25025E-05 9.35811E-04
 -1       739 5.60203E-04 3.96630E-06-8.14349E-04-7.03967E-05 9.43222E-05 1.38783E-03
 -1       740 3.15908E-04 5.20822E-05 4.24375E-03-2.55071E-04-2.74828E-04-4.10209E-03
 -1       741-1.19221E-04-4.70264E-05-2.12578E-04-1.22891E-05 7.13039E-05-7.53390E-04
 -1       742 7.51267E-04 2.29963E-05-7.93126E-04-6.16942E-05 1.56205E-05 2.70031E-05
 -1       743 1.81592E-04 5.85864E-06-1.25426E-04 5.99698E-05 2.42523E-05 1.31304E-03
 -1       744 1.05616E-03 4.13983E-05-5.77742E-04 5.92704E-05-6.89825E-05-4.78408E-04
 -1       745 9.26319E-04 8.17106E-05-7.28855E-04 1.30494E-05 2.77610E-06-3.85998E-04
 -1       746 8.36971E-04 9.86411E-05-1.41464E-03 2.61613E-05-7.78437E-05 2.25767E-03
 -1       747 2.42037E-03-1.25493E-03-1.32622E-03 2.97700E-03 4.83514E-04 2.98849E-03
 -1       748 4.79723E-03 1.51229E-03-1.31458E-02 2.26049E-03-4.31716E-05 6.80127E-03
 -1       749 2.57502E-03 2.88782E-04 1.31625E-03 2.66865E-03 5.48383E-04 3.58213E-03
 -1       750-3.47691E-03-5.56112E-04 5.82910E-03 1.83483E-03-8.53255E-05-7.62229E-03
 -1       751 4.79733E-03 7.52139E-04-1.57513E-02 1.66388E-03 3.11056E-04 8.11995E-04
 -1       752 2.72503E-03 2.84139E-04 1.88542E-03 4.82744E-03 1.24483E-03 2.76473E-03
 -1       753 1.28387E-02 4.30613E-04-3.34717E-02 6.53003E-04-7.20424E-04 7.77510E-03
 -1       754 8.28764E-03-1.02268E-03-2.22789E-02 1.77534E-03-9.08247E-04 5.80447E-03
 -1       755 7.69688E-03-2.55038E-04-2.53488E-02 3.54140E-03-2.70323E-03 8.78350E-03
 -1       756-1.59984E-05-5.26493E-03-7.30008E-02 4.63320E-03-1.90878E-02-1.76685E-02
 -1       757 1.00931E-02 1.82036E-03 3.78852E-03-1.01051E-03-3.60190E-03 2.72067E-02
 -1       758 4.78468E-03-1.67445E-03-4.40207E-03 5.22187E-05-3.97331E-03-3.36672E-03
 -1       759 2.27049E-03 4.66574E-04 1.94865E-02-5.41878E-04 5.69430E-04 1.00387E-02
 -1       760-9.42868E-03-1.21474E-03-3.24920E-02 9.29063E-04-2.30835E-04 2.30408E-02
 -1       761 4.15990E-03-6.32890E-05-2.57129E-02 9.40984E-04-3.89140E-03 5.48862E-03
 -1       762 2.35738E-03-3.54025E-04-2.27415E-02 2.89226E-05-2.08098E-03 4.67791E-03
 -1       763-1.93455E-03-7.81434E-04-1.78868E-02 4.45172E-04-1.27527E-03 8.93878E-03
 -1       764 8.73757E-04 8.97004E-05-1.49417E-03 6.32791E-05 5.84018E-05 2.39465E-03
 -1       765-9.96786E-04 1.89121E-04-9.61153E-04-9.65698E-05-6.21918E-05 2.24971E-03
 -1       766 1.21875E-03-3.92627E-05-7.55465E-04 5.45383E-05-2.72619E-05 5.18407E-04
 -1       767 5.21195E-03 1.50194E-03 2.75175E-03 3.04808E-03 2.33421E-04 3.99529E-03
 -1       768 6.67141E-03 1.43747E-03-1.82310E-03-8.27622E-04 5.69219E-04-2.53132E-03
 -1       769-4.46799E-03 1.04394E-03 2.63062E-02-6.91464E-05 4.35476E-04 1.12437E-02
 -1       770 1.43484E-03 1.38100E-05-9.23766E-04 4.80878E-05-8.74413E-05 2.34104E-04
 -1       771 1.41434E-03 2.74153E-05-9.57355E-04 3.32142E-05 2.13026E-05 3.16529E-04
 -1       772 3.81042E-03-3.36134E-03-2.37894E-02 3.29070E-03-1.20833E-03 2.42433E-03
 -1       773 4.73572E-04-4.51408E-04-2.32133E-02 3.22315E-04-6.09091E-04 1.17990E-02
 -1       774-1.05175E-03-2.44118E-05-9.80970E-04 1.37642E-04-1.03497E-05 2.19092E-03
 -1       775-1.20056E-02 1.37035E-03 2.88825E-02 1.47360E-03 1.02462E-03-2.50263E-03
 -1       776-4.78932E-03 9.13509E-04 1.51520E-02 8.66829E-04 1.93784E-03 3.50524E-03
 -1       777 2.56300E-03 2.20887E-03 8.32934E-03 3.95986E-03 6.29807E-04 4.49378E-03
 -1       778 1.50324E-04 6.98055E-05-6.04900E-04 1.79241E-04 2.60600E-06 2.03400E-03
 -1       779 1.93256E-02 4.73150E-03 7.19452E-03 3.04570E-03-9.42380E-04 5.96184E-03
 -1       780 1.01764E-02 9.54085E-04 1.79873E-02 6.06987E-03 1.97673E-03 1.21089E-02
 -1       781-2.32334E-03-7.88187E-04 2.21996E-02-1.08526E-03 1.84649E-03 5.00038E-03
 -1       782-3.24352E-03 2.23147E-03 2.46255E-02-1.80597E-03-4.99001E-05 1.43534E-05
 -1       783 1.80328E-02 2.62907E-03 7.34657E-03-9.43534E-04-7.23436E-04 1.07694E-02
 -1       784-8.45660E-03-1.41907E-03 2.86292E-02 1.09808E-03 3.28218E-03 6.72478E-03
 -1       785 6.94744E-03 8.40808E-03 2.91513E-02 1.96387E-03 1.34308E-03 7.77688E-03
 -1       786-3.49852E-03 2.57591E-04 2.61403E-02 3.87762E-03 2.19251E-03 1.15367E-02
 -1       787-2.63686E-03-1.29757E-03 1.95465E-02 7.22637E-04 9.73721E-04 8.45233E-03
 -1       788-1.32855E-04-1.34092E-05-7.10533E-04-8.65324E-05-6.05964E-05 2.10961E-03
 -1       789 3.62872E-03-4.32752E-03-2.63802E-02-2.47917E-03 1.37328E-02 1.28337E-02
 -1       790 1.81858E-02 1.12097E-02 3.82029E-01-4.99696E-03-6.35766E-03-1.07486E-03
 -1       791-2.43723E-02 1.72309E-03-3.18035E-01-1.34212E-03 2.03971E-02-2.27959E-02
 -1       792-3.28151E-03-1.91541E-03 1.11928E-02-7.74692E-04 9.57678E-04 4.34798E-02
 -1       793-1.19984E-02-1.51129E-02 6.11529E-04 4.66176E-03 6.37011E-03 1.37690E-02
 -1       794 3.55943E-03-3.94791E-03 2.53738E-02-3.51863E-03 1.40651E-02 6.37079E-03
 -1       795-1.68442E-04 6.84517E-03 2.66092E-02 2.75195E-04-1.16567E-02 7.24452E-03
 -1       796-3.34277E-02 4.30691E-03-1.61262E-01-1.40396E-02 5.52136E-02 1.59346E-02
 -1       797-2.07626E-02-2.00578E-02-1.53182E-01 1.40348E-02-5.02143E-02 2.30273E-02
 -1       798-6.85004E-03 1.52155E-03-2.61662E-02-9.71179E-04-1.31368E-02 2.79288E-03
 -1       799 1.30266E-02 1.83642E-02-2.79245E-02-1.25166E-03-7.03457E-04 1.09037E-02
 -1       800-6.16180E-03-8.22010E-03 2.39684E-02 2.56156E-04-3.83259E-03 5.05071E-03
 -1       801 4.61847E-03 8.97310E-03 1.07659E-01-1.79330E-02-4.23944E-02 8.08126E-03
 -1       802 1.73521E-02 1.10307E-02 1.16703E-01 9.22768E-03 3.23604E-02-3.30442E-04
 -1       803 2.37878E-02 2.28210E-02-1.14223E-02-2.42307E-03-1.60126E-03 1.17857E-03
 -1       804-1.39087E-03-4.99134E-03 7.98699E-03-8.82119E-04 1.18130E-02 3.47076E-02
 -1       805-6.48847E-03-3.68516E-03 1.04658E-02 2.15548E-03-4.59449E-03 7.13247E-03
 -1       806-2.42858E-04 2.05262E-03-7.43109E-02-4.62107E-03-1.44650E-04-5.50166E-02
 -1       807-4.23985E-02-8.81182E-03 2.78792E-02-1.46518E-02-4.50007E-03-6.29534E-02
 -1       808 2.77498E-02 2.20559E-02-7.18357E-02-2.23917E-02-1.51846E-03-5.22521E-02
 -1       809-5.65834E-02-1.69592E-02 1.36209E-02 7.17559E-03 2.92849E-03-5.32181E-02
 -1       810 4.02650E-03-1.51333E-02 1.25578E-01 2.32275E-03 1.22138E-02 1.25747E-04
 -1       811-1.19414E-02 2.20860E-03 5.05250E-02 1.11813E-02-2.95345E-03-6.79962E-02
 -1       812 5.86104E-02 3.74190E-02-2.77969E-02 9.04426E-03 3.45808E-03-5.53717E-02
 -1       813-3.30062E-02-3.56008E-03-1.97669E-01 1.28464E-02-1.86975E-02 3.75363E-02
 -1       814 3.82870E-04-2.25793E-03 1.71203E-03 3.73738E-03 1.01610E-02-5.70697E-02
 -1       815-1.25429E-02-1.10829E-02-3.80528E-01 4.45013E-03-5.41886E-03-3.41910E-03
 -1       816 1.91501E-02-6.56364E-03 2.96398E-01 5.70554E-03 1.79549E-02-2.58910E-02
 -1       817-6.11090E-03-1.97382E-03 9.90436E-03-2.57626E-03-5.43220E-03 1.48848E-02
 -3
    1PSTEP                         3           1           1          
  100CL  101 1.000000000         817                     0    1           1
 -4  TOSTRAIN    6    1
 -5  EXX         1    4    1    1
 -5  EYY         1    4    2    2
 -5  EZZ         1    4    3    3
 -5  EXY         1    4    1    2
 -5  EYZ         1    4    2    3
 -5  EZX         1    4    3    1
 -1         1-4.95428E-10 6.54142E-10-6.26319E-10 1.25650E-10-2.32243E-11 1.94143E-09
 -1         2-6.38344E-11-3.75859E-10 6.39466E-10 5.07744E-10 2.21689E-11 2.46447E-09
 -1         3-1.40310E-07-1.13146E-07 4.47591E-07-9.66035E-09-8.52436E-08-8.11907E-09
 -1         4-1.77728E-07-2.69375E-07 6.59463E-07 1.16702E-08 1.01018E-07 3.96034E-08
 -1         5 8.04781E-08 1.20399E-07-4.60833E-07 1.76447E-09-1.38905E-07 3.68754E-08
 -1         6 1.40941E-07 1.33709E-07-4.67348E-07-4.10383E-08 9.23348E-08 1.16188E-07
 -1         7 1.57686E-09-1.87556E-10-4.80355E-10-2.57479E-09 1.54865E-10 9.82369E-09
 -1         8 7.33900E-11 7.02028E-10-5.98958E-10 2.33228E-09 2.61436E-10 9.91048E-09
 -1         9-2.79642E-07-5.83305E-07 1.78391E-06 7.14328E-08 3.72735E-07 2.29699E-07
 -1        10-1.62699E-07-4.06083E-07 1.39964E-06-1.48510E-07-6.62521E-07 4.23900E-07
 -1        11 2.92288E-07 6.81764E-07-2.10172E-06-9.72981E-08 5.55578E-07 3.23697E-07
 -1        12 5.98689E-08-2.30415E-08 5.69518E-08 1.77097E-07-7.12309E-10-3.93634E-07
 -1        13 1.27036E-07 4.24633E-07-1.55039E-06 1.55213E-07-6.23953E-07 5.04404E-07
 -1        14-7.63132E-08 3.87602E-08-8.21225E-08-1.59266E-07-3.20019E-08-4.31523E-07
 -1        15-3.10789E-08-8.96724E-08 2.12891E-07 9.69740E-08 2.38566E-08-4.46924E-07
 -1        16-5.74443E-08-3.07118E-08 9.58738E-08-1.12364E-07-4.95767E-08-4.96883E-07
 -1        17-6.63281E-10 4.65084E-10-1.46084E-10 6.98132E-10-3.81598E-12 1.68665E-09
 -1        18 1.03191E-08-3.66811E-09-1.65816E-09 3.36780E-10-2.06224E-10-6.76607E-09
 -1        19-7.63427E-10-4.60569E-09 1.15588E-08-5.74045E-12 1.21429E-10-9.61222E-09
 -1        20-3.06125E-09-1.52502E-10 4.02547E-09 2.95046E-11 9.54606E-10 2.77552E-09
 -1        21 2.19970E-09 2.36554E-09-1.08271E-08-6.17488E-10 2.63261E-10-9.11899E-09
 -1        22-3.45846E-08 4.57500E-08-2.28374E-08 2.23170E-08 2.43757E-09-6.74596E-08
 -1        23-2.83669E-08 4.19018E-09 1.57925E-08-5.98609E-08-8.99392E-09 1.19502E-07
 -1        24 4.07021E-08-5.44975E-08 2.16778E-08 3.34755E-08-1.55443E-08-7.78391E-08
 -1        25-1.39401E-09-2.19073E-09 1.16546E-08 2.61805E-10 8.57151E-10-1.05546E-08
 -1        26-1.11770E-09 1.60309E-09-1.51868E-09 1.79952E-10-5.04378E-10 3.60415E-09
 -1        27 1.03720E-09 3.99189E-09-1.06226E-08-1.34481E-11-2.23408E-10-8.79623E-09
 -1        28-1.06346E-08 3.78995E-09 1.69347E-09 4.38613E-10 3.21194E-10-7.11165E-09
 -1        29 6.12506E-09-2.56894E-09-6.45512E-10 2.63461E-10-6.94495E-10-1.24022E-09
 -1        30 5.30074E-09-4.22857E-09 4.59940E-09 2.88152E-10-3.91742E-10-8.79041E-09
 -1        31-1.92846E-09-2.63430E-09 9.39083E-09 3.35436E-10 1.27718E-09-3.09203E-09
 -1        32 1.86714E-09 1.11618E-09-5.17049E-09 1.51092E-10 4.33207E-10-2.52313E-09
 -1        33-1.34988E-08 1.84404E-08-1.55324E-08 4.81172E-10-6.20273E-10-1.85094E-08
 -1        34 1.15317E-08 7.25592E-08-6.32651E-08 4.71828E-09-9.71554E-08 1.05613E-08
 -1        35-2.08997E-08-7.80866E-08 6.29716E-08-5.98123E-09 5.02105E-08 7.53624E-09
 -1        36 1.17793E-08-2.19652E-08 2.15584E-08 1.60649E-09-1.14355E-10-2.27656E-08
 -1        37-1.08448E-09-2.71785E-09 8.49652E-09 6.88752E-10 2.38366E-10-1.84669E-09
 -1        38 4.47408E-10 3.15406E-09-7.81287E-09 1.24647E-10-6.15767E-10-2.36880E-09
 -1        39-5.00077E-09 4.15687E-09-4.47000E-09 4.98525E-10 2.99998E-10-8.27266E-09
 -1        40-6.29938E-09 2.34702E-09 1.11812E-09 2.24342E-10 4.12754E-10-1.20004E-09
 -1        41 1.09997E-08-4.04245E-09-1.47669E-09-1.47996E-10 1.28563E-10-7.55309E-09
 -1        42-3.71995E-10-5.07526E-09 1.26122E-08-1.89712E-10-5.14219E-11-1.12141E-08
 -1        43-1.36311E-09-3.00833E-09 8.04594E-09-3.11034E-10-1.20889E-10 1.43246E-09
 -1        44 1.46767E-09 3.36495E-09-1.04058E-08 1.03175E-09 1.14594E-09-8.59582E-09
 -1        45-1.36514E-08 3.43459E-08-2.08992E-08-2.35673E-08 5.19539E-09-4.03423E-08
 -1        46-4.07404E-08 1.30103E-08 2.97356E-08 3.29206E-08-2.04738E-09 8.41627E-08
 -1        47 2.54182E-08-3.57408E-08 2.68923E-08-1.32124E-08-7.46164E-09-5.28845E-08
 -1        48-2.23476E-10-5.28430E-09 1.24636E-08 1.08916E-09-2.65327E-09-1.23086E-08
 -1        49 3.91156E-09-6.80559E-11-5.09004E-09-6.17861E-11-7.30142E-10 1.42113E-09
 -1        50 6.15400E-12 5.19858E-09-1.20486E-08-2.55325E-10-2.41878E-10-1.07553E-08
 -1        51-1.16292E-08 4.17332E-09 1.78180E-09-3.08625E-10-3.17425E-10-8.07128E-09
 -1        52 6.04000E-09-2.53437E-09-6.78806E-10-3.17041E-11 8.06568E-10-1.49215E-09
 -1        53 5.56380E-09-4.64039E-09 5.28451E-09-5.09575E-10 2.94010E-10-1.00026E-08
 -1        54-1.87015E-09-4.08264E-09 1.14491E-08 1.36847E-10-1.49845E-10-4.33289E-09
 -1        55 1.61555E-09-1.52403E-11-2.93591E-09 9.33992E-10-1.73642E-10-1.88876E-09
 -1        56-1.19657E-08 8.57392E-09-8.48806E-09 1.57224E-09 2.71196E-09-1.70070E-08
 -1        57-1.38828E-08 9.55272E-08-2.10456E-08-1.19009E-08 3.65253E-08-2.20125E-09
 -1        58-7.37973E-09-8.33782E-08 7.55913E-08-2.07603E-09-7.88869E-08 6.27551E-09
 -1        59 1.26561E-08-1.27187E-08 1.52544E-08 1.09533E-09-2.53154E-09-2.01942E-08
 -1        60-1.47437E-11-2.48212E-09 5.58264E-09 3.01102E-10-5.41765E-10-3.83473E-09
 -1        61 1.38540E-09 3.82074E-09-9.94618E-09 1.96470E-10-2.48568E-10-2.99177E-09
 -1        62-5.87270E-09 4.84020E-09-5.20074E-09-2.13523E-10-4.40655E-10-9.92084E-09
 -1        63-6.90060E-09 2.84218E-09 6.02383E-10-2.51910E-10-6.05492E-10-1.74097E-09
 -1        64-1.93295E-07-2.77157E-07 7.05541E-07-1.08326E-10 2.82783E-08 9.21582E-09
 -1        65-3.51368E-08-8.51750E-08 8.43793E-08 5.09242E-08 4.37469E-09 1.55755E-07
 -1        66 1.12309E-07 2.31722E-07-5.78178E-07 1.54138E-08-7.81000E-08 4.90731E-08
 -1        67-3.43704E-08 4.11877E-09 2.09878E-08-9.56201E-08 1.31380E-08 1.76083E-07
 -1        68-2.09614E-08 1.14339E-08-7.29237E-09-1.77406E-09 9.16618E-10 2.33272E-08
 -1        69-4.16303E-09 1.66565E-08-3.70052E-08 4.90108E-10-9.11884E-10 2.93978E-08
 -1        70 7.44617E-09 1.02251E-08-3.26612E-08-2.13114E-10-4.87476E-09 9.03379E-09
 -1        71 1.99777E-08-1.04185E-08 2.86634E-09-4.11154E-09-8.43409E-09 2.47317E-08
 -1        72 7.27724E-08-2.79802E-08 3.57479E-09-1.83982E-09 1.85853E-09 5.32943E-08
 -1        73 6.68818E-09-2.02122E-09-1.60135E-09 1.92009E-08-3.12576E-10 4.03175E-08
 -1        74-7.21037E-08 2.84543E-08-6.29197E-09-1.80091E-09-2.24411E-09 5.66042E-08
 -1        75-2.05489E-08 1.11678E-08-8.29682E-09-5.67570E-09 6.73394E-09 2.87868E-08
 -1        76-6.06852E-09-8.75746E-09 2.80220E-08-4.64398E-10 5.58339E-09 1.00779E-08
 -1        77 4.85013E-09-1.66046E-08 3.61523E-08 6.81335E-10 1.49617E-09 2.99473E-08
 -1        78 2.35603E-08-1.23686E-08 6.94666E-09-1.54274E-09-8.40864E-10 2.48712E-08
 -1        79-1.10998E-08 5.75463E-09-3.54591E-09-2.72279E-09 2.66728E-10 1.52420E-08
 -1        80-1.66677E-08 1.45008E-08-2.18719E-08-3.76153E-10 1.16790E-09 3.06292E-08
 -1        81 3.77987E-09 1.43375E-08-4.18543E-08 4.28891E-10-2.74935E-09 2.22460E-08
 -1        82 1.22216E-08 9.65536E-10-1.61394E-08-1.57190E-09-8.34060E-09 1.36766E-08
 -1        83 5.31732E-08-2.07884E-08 3.10087E-09-3.80122E-09-5.70377E-09 4.84917E-08
 -1        84 5.79140E-08-1.88416E-08 3.90938E-11 1.13136E-08 7.28873E-09 4.73907E-08
 -1        85-4.86608E-08 1.61699E-08-2.30881E-09 1.11996E-08-8.77171E-09 4.87033E-08
 -1        86-5.41030E-08 2.22951E-08-9.64683E-09-3.62119E-09 6.83586E-09 5.29040E-08
 -1        87-1.15646E-08 1.43485E-10 1.08844E-08-4.10303E-09 7.31944E-09 1.58822E-08
 -1        88-3.16534E-09-1.35672E-08 3.92355E-08 4.44296E-10 3.50767E-09 2.27236E-08
 -1        89 1.80037E-08-1.49200E-08 2.15624E-08-1.30537E-10-8.09898E-10 3.17431E-08
 -1        90 1.46013E-08-6.67063E-09 2.38813E-09-2.15574E-09-4.74386E-10 1.61039E-08
 -1        91-1.85779E-08 1.06644E-08-7.21170E-09 1.64267E-09-5.12273E-10 2.15787E-08
 -1        92-3.60428E-09 1.49723E-08-3.31970E-08-1.12449E-10 5.30799E-10 2.63491E-08
 -1        93 6.08837E-09 8.37638E-09-2.63471E-08 3.26688E-10 3.03599E-09 7.72607E-09
 -1        94 1.76617E-08-1.18214E-08 9.76010E-09 2.65439E-09 5.19789E-09 2.51800E-08
 -1        95 6.30254E-08-2.73086E-08 6.32014E-09 2.87939E-09 2.44822E-09 4.79394E-08
 -1        96 6.82046E-09-1.81554E-10-5.25644E-09-8.74160E-09 1.64737E-10 2.59181E-08
 -1        97-6.80391E-08 2.80787E-08-7.44021E-09 4.27059E-10 6.99966E-10 5.37289E-08
 -1        98-1.81445E-08 1.45591E-08-1.49679E-08 3.44606E-09-5.94561E-09 3.07881E-08
 -1        99-4.52200E-09-6.85121E-09 2.18417E-08 3.04500E-10-3.34599E-09 7.86643E-09
 -1       100 3.69988E-09-1.47002E-08 3.23141E-08 3.75588E-11-6.04932E-10 2.56959E-08
 -1       101 2.02346E-08-1.14349E-08 7.19217E-09 1.51674E-09 6.54632E-10 2.20766E-08
 -1       102-1.03147E-08 5.68011E-09-3.56221E-09 1.65652E-09 4.33990E-10 1.47872E-08
 -1       103-1.47871E-08 1.34419E-08-2.03671E-08 6.59523E-10-1.14624E-09 2.79265E-08
 -1       104 3.39782E-09 1.25262E-08-3.64725E-08-3.26176E-11 1.72396E-09 1.92491E-08
 -1       105 9.68935E-09-6.98696E-10-8.13682E-09 1.15934E-09 4.99139E-09 1.36574E-08
 -1       106 4.82612E-08-2.21097E-08 1.04329E-08 3.55835E-09 4.03290E-09 4.71889E-08
 -1       107 5.11395E-08-1.64352E-08-4.72844E-09-4.17339E-09-4.85157E-10 3.40719E-08
 -1       108-4.68863E-08 1.59723E-08-2.56645E-09-7.63934E-09 3.60683E-09 4.07159E-08
 -1       109-5.09274E-08 2.39874E-08-1.26418E-08 2.95915E-09-4.02718E-09 5.31271E-08
 -1       110-8.89648E-09 3.56087E-09 3.35900E-09 1.95514E-09-5.39530E-09 1.67314E-08
 -1       111-2.69428E-09-1.17105E-08 3.39437E-08 4.62000E-11-1.83701E-09 1.87418E-08
 -1       112 1.53938E-08-1.34985E-08 1.98900E-08 8.78258E-10 1.15254E-09 2.81294E-08
 -1       113 1.21349E-08-6.38381E-09 3.09991E-09 6.05785E-10 1.61948E-10 1.47728E-08
 -1       114-9.71849E-07-9.16989E-07 2.90276E-06-2.09676E-08 8.45587E-09 9.97729E-08
 -1       115-1.32589E-06-1.02549E-06 3.65230E-06 2.71539E-08 2.82599E-08 1.30923E-07
 -1       116-5.31700E-07-5.48274E-07 1.41981E-06 3.17277E-08-7.05028E-08-1.93933E-08
 -1       117-9.74438E-07-9.48960E-07 2.89191E-06 2.17949E-08 9.59639E-09 3.63146E-08
 -1       118-1.18178E-06-1.06238E-06 3.65100E-06-6.81613E-08-1.51583E-07 1.33499E-08
 -1       119-5.94129E-07-6.01135E-07 1.44739E-06 9.34219E-08 1.29159E-08 2.59622E-08
 -1       120-3.91410E-07-7.42380E-07 2.10448E-06-2.47720E-08-7.51401E-08 4.60834E-07
 -1       121 8.50472E-07 8.19635E-07-2.54306E-06-1.32961E-09 8.99557E-09 6.81263E-08
 -1       122 1.29455E-06 1.00398E-06-3.64128E-06-1.37458E-08 1.83783E-08 1.10323E-07
 -1       123 4.97653E-07 4.70549E-07-1.45917E-06-8.42702E-08 1.68071E-08 8.70812E-08
 -1       124-3.85956E-07-2.73623E-07 1.07263E-06 1.21087E-07-3.56942E-07-1.42728E-07
 -1       125 4.29447E-07 4.05752E-07-1.41120E-06 9.92246E-08 2.27963E-07-1.05917E-07
 -1       126 8.24853E-07 8.34293E-07-2.53218E-06-1.52460E-08 6.53770E-09-1.68104E-08
 -1       127 1.17076E-06 1.09197E-06-3.65249E-06 7.42704E-08-1.30748E-07 2.68547E-08
 -1       128 4.03820E-07 3.74603E-07-1.45909E-06 3.96591E-10 2.17003E-08 3.44404E-08
 -1       129 3.76913E-07 8.30392E-07-2.39229E-06 4.58638E-08-9.84711E-09 5.93051E-07
 -1       130-3.67409E-07-3.57147E-07 1.15171E-06-1.03357E-07 1.39013E-07-1.99908E-07
 -1       131 3.73977E-07 3.13026E-07-1.21674E-06-1.58568E-07-3.68119E-07-1.73195E-07
 -1       132 2.84277E-09-5.83488E-10-1.45612E-09-3.15877E-09 5.54372E-10 6.87832E-09
 -1       133 4.68110E-09-1.06354E-09-1.86724E-09 3.89180E-09 3.55835E-10 6.63955E-09
 -1       134 2.22257E-09-3.45884E-10-8.10916E-10-2.90259E-09 7.97079E-10 7.48621E-09
 -1       135 3.93959E-09-1.56135E-09-9.28228E-10-2.21302E-10 6.41824E-10 6.26624E-09
 -1       136 1.53462E-09 7.16315E-10-2.08694E-09 3.26965E-09 1.95939E-10 8.16269E-09
 -1       137 1.92564E-08-8.90122E-08 1.35203E-07 3.58359E-07 1.64875E-08-6.18012E-07
 -1       138-1.13484E-07 7.95598E-10-8.89776E-09-3.44098E-07-1.10021E-07-6.46561E-07
 -1       139-1.14252E-07 1.39508E-07-1.03580E-07 1.61219E-08 7.79319E-08 2.63885E-07
 -1       140-1.24883E-08 3.32697E-08-6.66004E-08 5.61304E-09-9.37005E-09 7.16852E-08
 -1       141 5.35048E-08 4.47467E-08-1.63578E-07-9.16421E-09 1.77022E-08-8.46636E-10
 -1       142 2.05639E-07 2.27273E-07-7.27622E-07-1.27311E-08-2.54022E-07-1.14541E-07
 -1       143 1.27619E-07-2.68526E-09-1.04244E-07-7.31105E-08-7.70270E-08 2.86185E-07
 -1       144 1.05061E-07-2.77510E-08-4.09263E-08-4.98812E-08 4.74630E-10 5.95428E-08
 -1       145 3.10494E-07-1.38944E-07 1.07732E-09-1.40063E-07 6.50178E-08 3.19466E-07
 -1       146-1.15947E-07-2.96474E-07 6.77051E-07 1.54512E-07 2.07860E-07 1.16239E-07
 -1       147-3.36004E-08-2.86836E-08 1.19378E-07-2.27997E-08-5.05967E-08 3.55838E-08
 -1       148 2.17223E-09-3.63055E-08 8.09046E-08-2.93247E-09-5.89685E-09 7.49852E-08
 -1       149 1.25932E-07-1.51145E-07 1.42860E-07 5.02335E-08-1.15043E-07 3.31925E-07
 -1       150-5.02658E-08 2.52183E-07-1.72149E-07-9.80401E-08 2.32188E-07 1.04879E-07
 -1       151-4.17055E-08 4.81535E-08-3.49393E-08 5.19957E-09-4.27893E-09 9.04599E-08
 -1       152 2.26894E-08 3.94740E-08-9.88596E-08 2.31700E-10 5.21203E-09 2.97427E-08
 -1       153 1.05130E-07 1.05861E-07-3.73280E-07-2.52515E-08-4.50311E-08-2.79897E-08
 -1       154 1.81909E-07 1.16606E-07-5.69507E-07-5.81518E-08-3.05595E-07 2.12206E-07
 -1       155 1.58955E-07-4.52392E-08-5.19167E-08-6.68753E-08-4.70508E-10 1.38716E-07
 -1       156 8.98013E-08-5.27023E-08 1.82702E-08-8.58149E-08-3.14470E-08 1.11246E-07
 -1       157 2.67491E-07-4.41162E-07 6.95270E-07 1.80201E-07 4.40277E-07 4.85519E-07
 -1       158-5.90840E-08-9.35863E-08 2.59601E-07 2.12527E-08-1.41228E-08 5.11691E-08
 -1       159-1.70309E-08-2.95025E-08 1.00299E-07-9.61595E-09-1.82540E-08 4.88664E-08
 -1       160 4.38700E-08-3.80546E-08 3.82493E-08 4.86745E-10-5.92191E-09 9.44638E-08
 -1       161 4.36784E-08-2.28010E-07 2.83530E-07-1.49817E-08-1.72930E-07 1.01695E-07
 -1       162-1.37411E-07 1.88185E-07-1.38527E-07 6.22541E-10-1.81526E-07 2.93283E-07
 -1       163-2.18983E-08 1.24900E-08-9.47561E-09 9.74873E-09-6.07058E-09 3.16570E-08
 -1       164 4.19382E-09 8.40004E-09-2.04190E-08-2.46356E-09-1.60082E-08-1.95499E-08
 -1       165-1.61545E-08-2.44158E-08 4.44256E-08 5.94987E-09 4.94769E-08-8.54031E-08
 -1       166-8.58430E-08 9.06017E-08 4.30009E-08-6.80217E-08 5.97055E-08-1.07710E-07
 -1       167-3.31303E-08 2.57990E-08-2.04037E-08-5.53630E-08-2.87394E-09-1.83819E-07
 -1       168 4.50548E-08-1.15794E-08-8.54365E-08-1.04935E-07-1.82617E-08-1.98558E-07
 -1       169-3.07729E-08 2.14586E-08 1.05687E-08-1.77406E-08-4.96198E-08-1.44766E-07
 -1       170-7.12078E-09 1.15781E-08-1.84417E-08-1.21648E-08-1.59100E-08-5.37636E-08
 -1       171-7.10021E-09-8.15143E-10 1.22611E-08 2.98694E-09 1.61832E-09-7.92771E-10
 -1       172 8.09138E-08-1.38883E-07 1.40402E-07-4.59175E-08 9.23338E-08 2.53364E-07
 -1       173-7.59821E-08 2.41537E-07-1.52882E-07 7.17794E-10-2.57843E-07 9.71661E-08
 -1       174-5.84641E-08 6.40384E-09 3.31856E-08 7.66640E-09 1.80633E-09 5.65662E-08
 -1       175-4.29265E-10 7.91414E-09-1.74010E-08 2.22136E-09-1.02779E-08 1.35832E-08
 -1       176 2.24643E-09-9.58884E-09 1.77089E-08-7.06424E-10 1.93563E-09-5.00029E-08
 -1       177-8.10627E-08 6.80068E-08 3.72216E-08-1.37416E-08 2.22041E-08-1.34847E-07
 -1       178-1.04450E-08 4.46483E-08-3.28602E-08-8.80911E-08 5.99772E-08-1.32372E-07
 -1       179-5.96416E-08 4.01740E-08-7.31746E-08-9.56123E-08-2.48785E-08-2.21203E-07
 -1       180 2.42302E-08-2.73259E-08 2.05752E-08-1.97790E-08-3.78849E-08-1.71528E-07
 -1       181-1.77224E-09 1.72515E-08-2.65499E-08 2.37897E-10-4.13520E-08-8.52948E-08
 -1       182-9.23582E-09 5.53636E-09-2.69758E-09-6.59389E-09 2.91903E-09-2.41801E-08
 -1       183 2.31650E-08-2.65167E-08 2.63702E-08 5.86783E-09-1.15509E-08 3.53362E-08
 -1       184 1.08709E-08-2.09614E-07 3.03836E-07 2.32504E-09 3.81848E-08 1.28180E-07
 -1       185-1.11759E-08 3.62852E-09 2.22352E-09 2.11622E-10 2.07803E-10-7.17075E-09
 -1       186 9.95844E-09-3.59835E-09-1.26376E-09 4.56708E-10-2.99032E-10-7.48762E-09
 -1       187-6.65100E-09 2.12076E-09 1.34662E-09-1.08556E-10 4.76144E-11-1.95740E-09
 -1       188-6.32547E-09 1.99180E-09 1.77271E-09 7.47301E-10 1.67176E-10-1.87204E-09
 -1       189 5.69759E-09-1.64217E-09-1.65939E-09 3.12227E-10-2.25582E-10-2.27280E-09
 -1       190 5.79514E-09-1.90315E-09-1.44509E-09 4.68284E-10-5.26217E-11-2.26633E-09
 -1       191 1.05286E-08-3.91595E-09-1.24405E-09 1.43727E-10-9.83468E-11-7.48555E-09
 -1       192-1.11951E-08 3.79672E-09 1.89395E-09-5.21932E-10-2.47355E-10-7.75994E-09
 -1       193 9.92961E-09-3.65955E-09-1.19476E-09 5.05388E-10-3.24883E-10-7.23707E-09
 -1       194-1.08999E-08 3.89820E-09 1.57490E-09 8.89924E-10 4.74732E-10-7.52692E-09
 -1       195 4.25187E-09-3.97447E-08 1.30247E-07 7.01198E-08-8.82544E-08-1.09050E-07
 -1       196 8.65881E-08-1.43089E-07 1.36825E-07-1.19541E-08 3.20721E-08-1.34881E-07
 -1       197 3.87840E-08-4.08985E-08-5.01253E-08-7.14520E-08 1.23509E-07 9.41480E-08
 -1       198-7.16510E-08 4.52425E-08 7.01882E-08-4.32198E-08-8.21784E-08 7.98365E-08
 -1       199-3.55477E-08 1.98019E-08 7.77269E-08 2.71987E-08 9.34718E-08 7.89332E-08
 -1       200-2.80021E-08-2.84568E-08-2.95808E-08 5.39905E-08-9.33237E-08 4.29976E-08
 -1       201 3.69842E-08-3.13965E-08 8.95148E-09 1.30599E-09-7.43535E-09-5.04653E-08
 -1       202 2.36027E-08-3.66083E-08 1.19364E-07-5.24670E-08 1.24594E-07-8.70190E-08
 -1       203-6.78106E-08 1.18419E-07-1.20888E-07-1.47142E-08-4.97903E-08-1.23486E-07
 -1       204 6.07194E-09 4.03396E-08-1.57971E-07 5.09463E-08 9.85340E-08-1.01218E-07
 -1       205-1.03225E-08 1.23793E-08-9.73479E-08-3.55873E-08-1.07157E-07-5.90159E-08
 -1       206-3.38656E-08 2.45986E-08-1.46812E-09-4.88412E-09 2.44757E-09-4.18572E-08
 -1       207 5.28918E-09-4.31805E-09 5.17412E-09 2.01128E-10-3.73961E-10-8.81259E-09
 -1       208-1.98078E-09-1.62434E-09 6.03101E-09-5.29418E-10 3.75298E-10 1.83770E-09
 -1       209-1.96211E-09-3.52364E-09 1.04505E-08-3.20537E-10 2.31595E-10-3.96399E-09
 -1       210-1.79481E-10-4.80180E-09 1.20567E-08-2.19997E-10-1.41275E-10-1.02740E-08
 -1       211 5.50183E-09-4.76998E-09 5.83582E-09 1.31247E-10-1.34286E-10-9.25133E-09
 -1       212 1.06163E-09 2.98181E-09-9.66020E-09 3.41768E-11 1.43747E-09-8.25209E-09
 -1       213 5.19693E-10 1.19367E-09-3.56325E-09 5.58380E-10 9.72061E-10-1.58859E-09
 -1       214-8.15363E-09 6.40880E-09-7.06101E-09 1.21427E-09 4.66983E-09-1.24779E-08
 -1       215 1.05369E-08-7.21778E-09 7.74953E-09 2.09432E-09-1.98864E-09-1.69607E-08
 -1       216-1.32008E-09-2.19066E-09 5.61571E-09 2.57223E-10-1.69160E-09-2.78045E-09
 -1       217-1.55688E-10-4.94981E-09 1.17551E-08 1.00948E-09-1.81464E-09-1.20613E-08
 -1       218 1.95625E-09 2.74835E-09-9.11951E-09-1.30953E-10-4.43024E-10-2.90197E-09
 -1       219 1.32063E-09 7.54840E-10-3.47557E-09-8.88903E-11-6.55100E-10 2.04921E-09
 -1       220-5.49952E-09 4.26600E-09-4.67343E-09 1.84670E-10 7.85274E-11-7.98066E-09
 -1       221 4.41712E-10 4.44811E-09-1.13034E-08-1.34729E-10-1.40285E-10-9.78978E-09
 -1       222-5.43164E-09 4.47094E-09-5.21830E-09-1.05463E-10-3.41733E-10-9.14107E-09
 -1       223 9.16596E-09 9.25372E-10-1.05288E-08 1.10984E-10 4.80166E-10 1.39277E-08
 -1       224 3.62583E-08-1.35948E-09-4.14144E-08-1.64228E-09-3.40457E-11-1.96618E-08
 -1       225-5.93464E-09-1.60702E-09 9.34244E-09 2.98503E-10-1.72866E-10 1.33657E-08
 -1       226 6.74175E-10-5.25647E-09 9.67159E-09 9.03398E-10-2.49263E-10 1.00979E-09
 -1       227-1.85214E-08-7.67531E-10 1.94034E-08-2.41303E-10 4.98432E-10 2.02134E-08
 -1       228 9.52848E-09-4.69066E-09-1.54083E-09 7.66274E-10-1.01111E-10 1.16319E-08
 -1       229-3.69601E-08 4.37894E-09 3.38852E-08-2.92872E-09 1.59232E-09-1.08725E-08
 -1       230 2.72507E-08 7.61889E-09-2.85321E-08 1.51484E-08 5.49691E-09 9.42419E-08
 -1       231 1.76354E-08 1.07379E-09-2.06003E-08-3.05321E-10 2.44034E-12 1.85872E-08
 -1       232-2.77252E-08-1.84066E-08 3.82360E-08-3.21910E-09 1.07228E-08 8.81301E-08
 -1       233 2.15988E-09 4.94440E-09-1.21319E-08 3.90147E-10 1.98570E-10 1.16439E-09
 -1       234-7.40551E-09 4.82036E-09-2.19770E-09 5.90974E-10-3.96603E-10 9.54820E-09
 -1       235 2.81335E-09 3.16959E-10-3.29911E-09 1.02214E-10-4.50394E-11 8.09367E-09
 -1       236 8.62735E-09-4.50796E-10-7.07672E-09-2.06545E-11 3.96672E-10 2.49515E-09
 -1       237-8.03397E-09 6.23634E-10 6.50820E-09-3.79314E-10-4.31960E-10 2.66764E-09
 -1       238-1.63175E-09-8.62646E-10 2.74675E-09-5.74004E-12-3.78386E-11 7.98829E-09
 -1       239 6.21866E-10-1.77694E-10-1.60005E-10-3.20385E-10-4.43652E-10 1.78864E-08
 -1       240-2.94539E-09 5.12692E-09-9.04900E-09-5.68602E-10 3.16487E-10 1.65032E-08
 -1       241 4.49961E-09 2.74574E-10-5.50784E-09-1.24942E-09 8.44477E-10 1.40815E-08
 -1       242-1.74765E-09-1.01082E-09 5.24272E-09-7.92131E-10-1.31152E-09 1.33345E-08
 -1       243 4.46962E-09-6.60490E-09 9.47577E-09-4.51405E-10-7.02746E-11 1.67905E-08
 -1       244 5.74382E-09-2.64328E-10-5.34455E-09 8.66705E-11 1.65591E-10-2.14205E-09
 -1       245 6.44537E-10-3.46808E-10-4.67274E-11 1.59521E-10-6.91821E-12-4.42391E-09
 -1       246 6.17090E-09 3.08777E-09-1.36657E-08 3.82733E-10 2.53709E-10 7.95645E-09
 -1       247-4.43876E-09-1.02606E-10 4.54906E-09 1.99136E-10 8.76328E-11 4.31852E-10
 -1       248-2.87735E-09 1.97057E-09-9.39282E-10 3.99478E-10-8.00800E-11 6.43237E-09
 -1       249-4.79597E-09 4.83778E-09-7.60276E-09 3.41662E-10 2.76680E-10 4.26828E-09
 -1       250 4.66835E-09 8.18303E-10-7.03358E-09 2.95537E-10 1.01987E-10 1.09918E-08
 -1       251 1.39106E-08 1.39455E-09-1.86847E-08 3.74810E-11-9.03487E-10 2.53696E-09
 -1       252 2.63463E-09 2.37005E-09-9.72310E-09 9.02280E-10 8.08249E-10 1.78881E-08
 -1       253 1.39252E-08 2.08257E-09-2.10408E-08-6.95800E-10-1.02705E-09-1.04796E-08
 -1       254 1.03374E-08 1.76346E-08-3.53527E-08 3.21841E-09 1.40253E-09-3.62856E-08
 -1       255 3.18833E-08 4.14815E-10-3.00253E-08 1.99020E-10 6.87676E-10 5.11994E-09
 -1       256 2.26131E-08 4.76888E-08-5.75224E-08 2.54699E-08-1.29813E-08 7.80357E-09
 -1       257 1.79941E-08 3.26136E-08-2.78446E-08 1.77081E-09-1.82353E-08 1.17027E-07
 -1       258 2.95599E-08-6.72213E-11-3.75497E-08 2.76094E-09 1.93692E-09 2.49835E-08
 -1       259-5.87619E-08-5.43057E-08 5.42106E-08-4.05737E-08 3.23973E-08 1.08033E-07
 -1       260-1.67976E-08-5.02383E-08 5.94044E-08 1.49599E-08 5.30131E-09 1.17160E-09
 -1       261-1.42293E-10-1.22201E-08 3.88585E-09 1.16947E-08 1.63775E-08 1.04701E-07
 -1       262-4.35437E-09-2.36892E-08 3.72379E-08 8.97445E-10 8.21471E-10-3.79154E-08
 -1       263-1.45738E-08 7.83484E-10 1.86824E-08-1.64330E-09 1.40260E-09-9.87553E-09
 -1       264-2.82780E-08 1.63495E-09 3.63182E-08-2.37076E-09 6.39785E-09 2.60766E-08
 -1       265-1.31979E-08-2.58339E-09 2.17349E-08-7.66086E-10 1.66548E-09 5.65495E-10
 -1       266-7.54382E-09 2.51399E-10 8.95454E-09-1.61782E-10 5.47732E-10 1.06888E-08
 -1       267-3.41489E-08 1.75921E-09 3.22040E-08-1.21159E-09 2.41916E-10 6.50482E-09
 -1       268 1.42468E-09-8.82068E-10 1.23236E-09 8.07036E-11 8.73503E-12 8.36882E-09
 -1       269 5.59166E-09-2.72739E-10-4.99290E-09 1.72979E-10-2.31203E-10 1.81740E-09
 -1       270-2.95377E-09-2.47672E-09 1.07926E-08 1.60703E-11-6.32028E-10 2.06475E-08
 -1       271 7.45534E-10-5.64023E-10 4.41375E-11 1.58609E-10-2.13644E-10-3.66972E-09
 -1       272-4.54775E-09-4.36003E-11 4.52389E-09 5.33143E-11-1.04133E-10-2.38693E-09
 -1       273 6.96690E-09-5.00070E-09 6.13252E-09 5.38896E-10-5.54424E-10 5.91643E-09
 -1       274-3.62785E-09-3.43040E-09 1.27398E-08 1.04196E-10 2.30518E-12 7.88060E-09
 -1       275-1.90268E-09 1.00829E-08-1.81353E-08 1.47987E-09-4.29737E-10 1.15282E-08
 -1       276-6.03845E-09 8.95923E-09-1.08069E-08 9.89948E-11 2.71391E-12 1.08061E-08
 -1       277-1.88669E-09 8.27490E-09-1.24804E-08 1.33371E-09-1.30843E-09 1.25820E-08
 -1       278-6.32304E-09 1.13315E-08-1.58178E-08 2.98590E-11-9.35589E-10 1.64880E-08
 -1       279 1.89278E-08-2.06208E-09-1.43238E-08 5.14763E-10-2.46236E-09 2.18070E-08
 -1       280 1.18572E-08 4.83507E-09-2.26915E-08-1.37987E-09-7.57937E-10 1.61540E-08
 -1       281 5.02971E-08-1.48423E-08-2.34657E-08-2.66406E-09-2.07516E-09 1.27714E-08
 -1       282 3.19730E-08-7.33139E-09-2.50103E-08-3.73019E-09-2.73193E-09 2.10186E-09
 -1       283 7.17260E-09-7.39592E-09 2.87205E-09 6.42178E-09 3.26744E-09 6.60059E-08
 -1       284 2.76757E-08-1.29897E-08-1.68246E-09-2.25653E-09 2.50804E-09 5.50981E-08
 -1       285-2.84582E-08 1.26650E-08 5.61020E-09-3.31618E-09 2.75056E-09 5.77747E-08
 -1       286-1.17831E-10 2.68807E-09 5.19490E-09 4.57587E-09 4.23004E-09 6.51447E-08
 -1       287-3.67017E-08 1.04301E-08 1.97245E-08-3.31823E-09 1.38980E-09 9.05128E-09
 -1       288-4.92923E-08 1.61873E-08 1.92111E-08-2.97218E-09 2.56689E-09 1.74301E-08
 -1       289-1.27946E-08-3.66968E-09 2.05032E-08-1.38813E-09 9.96070E-10 1.94719E-08
 -1       290-2.12143E-08 2.83836E-09 1.27626E-08-6.52818E-10 5.24917E-10 2.40308E-08
 -1       291 7.57184E-09-1.10105E-08 1.42171E-08 5.48102E-11 1.16662E-09 1.83515E-08
 -1       292 2.53983E-09-7.34782E-09 9.98932E-09 1.24646E-09 1.36194E-09 1.40698E-08
 -1       293 8.69569E-09-9.34848E-09 9.68821E-09 8.37837E-10 4.82713E-10 1.18030E-08
 -1       294 3.39688E-09-1.03331E-08 1.69351E-08 1.77874E-09 6.93095E-10 1.20563E-08
 -1       295 8.98177E-09 7.07884E-10-9.87614E-09 1.45729E-10-6.93243E-10 1.25833E-08
 -1       296 2.78813E-08-4.52045E-09-2.51007E-08 1.26060E-10-1.87191E-09-1.15077E-08
 -1       297-7.68821E-09-1.77021E-09 1.05963E-08-1.73606E-10 4.39851E-10 1.26282E-08
 -1       298-1.33852E-09-3.54270E-09 8.45685E-09-8.91571E-10 6.83733E-10-1.22547E-09
 -1       299-1.70804E-08 5.52772E-10 1.66928E-08 2.12977E-10-8.13920E-10 1.66275E-08
 -1       300 7.60009E-09-3.78438E-09-5.13422E-10-1.02350E-09 1.04217E-10 8.52943E-09
 -1       301-3.11565E-08 2.39659E-09 3.22395E-08 8.88046E-10 1.00573E-09-1.41923E-08
 -1       302 2.51696E-08 2.56669E-08-4.23536E-08 1.86994E-09-1.38342E-08 5.55007E-08
 -1       303 1.32171E-08 9.03673E-10-1.46315E-08-1.42484E-10 2.74474E-10 1.53581E-08
 -1       304-3.00639E-08 1.89589E-09 1.36534E-08-4.88620E-09 7.55999E-09 8.26094E-08
 -1       305 3.52990E-09 3.71714E-09-1.08624E-08-3.90868E-10-7.29786E-10-7.82606E-10
 -1       306-8.44650E-09 4.10884E-09 1.47792E-09-1.16769E-09-2.08530E-10 6.65325E-09
 -1       307 8.92426E-09-7.22159E-10-6.76426E-09 8.78620E-11-4.98510E-10 1.53605E-09
 -1       308 2.79126E-09 4.42903E-10-3.60295E-09 1.01923E-10 5.14511E-11 7.47697E-09
 -1       309-2.36426E-09-4.03385E-10 2.72785E-09 1.18034E-10 1.03326E-10 6.97447E-09
 -1       310-9.17212E-09 1.04372E-09 6.88111E-09 6.04149E-10 6.39300E-10 1.45705E-09
 -1       311-2.54327E-10-2.08548E-10 4.30649E-10 4.22596E-10 4.39147E-10 1.64215E-08
 -1       312 3.75432E-09 5.49301E-10-5.14966E-09 1.48111E-09-1.03555E-09 1.32268E-08
 -1       313-1.91643E-09 4.49134E-09-8.52019E-09 6.30365E-10-3.32194E-10 1.51326E-08
 -1       314 2.01890E-09-5.52243E-09 9.31931E-09 3.08494E-10 1.73245E-10 1.48050E-08
 -1       315-2.87909E-09-8.10184E-10 5.56928E-09 9.63235E-10 1.61518E-09 1.28242E-08
 -1       316 7.14291E-10-1.09923E-09 1.61261E-09-4.59694E-10-1.44538E-10-6.25497E-09
 -1       317 6.40449E-09-8.40435E-10-4.61854E-09-6.03447E-12-1.67624E-10-3.27286E-09
 -1       318 6.36527E-09 2.61751E-09-1.25623E-08-3.69752E-10-5.02852E-10 6.49997E-09
 -1       319-3.20196E-09-1.77393E-10 3.82723E-09-2.85242E-10 2.83498E-11 5.29963E-09
 -1       320-4.61276E-09-5.05919E-10 6.13834E-09-2.68657E-10-2.14240E-10-1.26845E-09
 -1       321-4.27252E-09 3.89910E-09-5.93037E-09-5.64613E-10-6.51135E-10 2.16007E-09
 -1       322 1.02518E-08 1.68414E-09-1.41315E-08 6.61103E-10 8.19738E-10 2.27757E-09
 -1       323 3.70730E-09-8.31036E-10-2.23252E-09-1.74972E-10 4.03618E-10 8.86767E-09
 -1       324 6.78105E-10 1.84934E-09-5.54084E-09-4.35847E-10-7.16839E-10 1.53209E-08
 -1       325 7.17912E-09 2.13005E-09-1.75315E-08 6.57765E-10 3.71773E-09-2.27236E-08
 -1       326 1.05739E-08 2.20485E-09-1.65453E-08 9.40449E-10-9.01273E-11-1.08260E-08
 -1       327 2.66211E-08-5.56208E-10-2.27638E-08 6.43735E-10-1.31957E-09 5.14971E-09
 -1       328 1.24430E-09 3.41863E-08-3.71974E-08-4.33892E-09 6.30205E-09 6.56292E-08
 -1       329 2.41932E-08 3.69647E-08-4.87418E-08-1.80135E-08 1.27942E-08 1.23486E-08
 -1       330 2.20855E-08-6.93129E-11-2.03722E-08 4.47916E-10-9.86732E-09 1.89998E-08
 -1       331-1.81454E-08-2.93906E-08 4.12792E-08-6.92659E-09-5.65210E-09 5.58693E-09
 -1       332-4.81662E-08-2.72867E-08 4.27268E-08 2.04647E-08-3.07366E-08 9.80318E-08
 -1       333 2.72333E-09 2.13212E-08-3.40513E-08-3.82463E-09-4.18709E-09 7.59356E-08
 -1       334-1.21250E-08-3.61847E-09 1.99031E-08 9.88932E-11-1.80678E-09-1.20991E-08
 -1       335-5.04947E-09-9.68969E-09 2.42195E-08-2.01016E-09-1.61264E-09-3.11449E-08
 -1       336-2.59499E-08 1.43449E-09 2.20536E-08-4.90030E-11 1.53868E-09 2.52940E-08
 -1       337-3.69144E-09-1.87820E-10 4.24072E-09-9.81271E-11-5.44830E-10 9.14033E-09
 -1       338-1.16471E-08-1.72681E-09 1.66715E-08 6.63249E-10-1.79039E-09 1.33982E-09
 -1       339-3.03241E-08 1.19687E-09 2.41650E-08-1.06098E-09 7.30953E-10 4.61497E-09
 -1       340 4.60605E-09 6.36537E-10-6.20473E-09-5.34791E-10-1.53282E-11-4.95458E-10
 -1       341 3.67395E-09-1.51273E-09-1.55429E-09-5.05110E-10-6.57154E-10 5.56711E-09
 -1       342-2.77191E-09-7.45916E-10 5.44430E-09-1.23593E-09 8.23642E-10 1.66027E-08
 -1       343-5.99657E-09 7.24008E-10 4.06042E-09-2.26475E-10 2.54573E-10-3.96115E-09
 -1       344-5.54230E-10 1.07177E-09-1.88326E-09-2.48866E-10 3.56705E-10-5.79615E-09
 -1       345 5.17506E-09-3.64572E-09 4.47758E-09-6.76631E-10 7.65408E-10 3.17179E-09
 -1       346-4.96672E-09-2.54395E-09 1.20385E-08-1.67136E-10 2.08749E-10 6.24065E-09
 -1       347-5.03777E-09 8.22011E-09-1.03303E-08-3.92233E-11-5.30836E-11 9.05955E-09
 -1       348-9.52968E-10 8.62411E-09-1.61298E-08-1.26729E-09 5.45050E-11 9.10887E-09
 -1       349-6.17680E-09 9.88187E-09-1.28465E-08-1.72009E-10 1.00862E-09 1.39900E-08
 -1       350-2.14894E-09 6.37834E-09-8.33640E-09-1.36473E-09 9.75182E-10 9.71691E-09
 -1       351 9.38408E-09 3.48060E-09-1.70311E-08 1.47314E-09 7.38745E-10 1.41663E-08
 -1       352 1.52919E-08-3.76419E-09-7.15136E-09-3.63733E-10 1.48529E-09 1.94034E-08
 -1       353 2.90386E-08-9.08312E-09-1.70346E-08 2.04746E-09 8.16874E-10 6.61093E-09
 -1       354 4.04775E-08-1.64598E-08-1.23120E-08 1.22097E-09 6.08799E-10 1.46077E-08
 -1       355 2.32201E-08-1.45792E-08 9.34359E-09 3.55646E-09-4.26949E-09 3.87737E-08
 -1       356 4.55334E-09-5.38785E-09 5.90658E-09 1.34870E-09-4.33356E-09 3.73323E-08
 -1       357 1.10259E-09 7.10071E-09-8.63433E-09-1.53014E-09-2.01339E-11 5.41812E-08
 -1       358-2.77032E-08 1.59292E-08-5.00292E-09 2.33292E-09 2.48846E-09 5.17940E-08
 -1       359-4.44628E-08 1.71022E-08 1.27558E-08 1.56676E-09-9.22030E-10 1.66686E-08
 -1       360-2.89912E-08 9.88080E-09 1.50981E-08 2.63934E-09-1.45915E-09 7.54282E-09
 -1       361-1.79801E-08 4.93227E-09 7.38243E-09-9.03304E-10-1.34272E-09 2.30303E-08
 -1       362-1.04176E-08-2.83030E-09 1.56248E-08 1.08554E-09-1.07784E-09 1.44672E-08
 -1       363 2.96357E-09-6.12093E-09 6.45539E-09-1.43381E-09-9.80151E-10 1.08205E-08
 -1       364 6.20741E-09-9.82618E-09 1.22641E-08-1.26486E-10-9.65749E-10 1.41531E-08
 -1       365 1.91062E-09-8.66940E-09 1.50138E-08-1.57503E-09-2.72298E-10 9.07178E-09
 -1       366 6.52932E-09-8.32472E-09 9.67526E-09-7.25963E-10-3.54125E-10 9.64823E-09
 -1       367-5.22702E-07-4.84921E-07 1.40424E-06 7.69156E-08-3.34219E-08-3.55031E-09
 -1       368-9.73999E-07-9.11887E-07 2.89901E-06-1.58983E-08 1.18550E-08 8.22334E-08
 -1       369-1.10608E-06-1.04457E-06 3.63514E-06 4.28893E-08 9.43132E-08 5.37895E-09
 -1       370 7.85160E-08 9.17128E-08-1.10876E-07-3.65578E-08-5.77275E-08 3.39795E-08
 -1       371-2.76653E-08-2.44855E-08 4.90578E-08-1.56316E-09 6.77917E-08 2.95440E-07
 -1       372-4.97448E-07-5.43034E-07 1.74717E-06 8.44237E-09-1.68232E-08-4.21121E-08
 -1       373 4.41048E-07 5.14590E-07-1.77665E-06 5.08070E-08-4.45117E-08 1.10158E-08
 -1       374 4.64985E-07 4.48518E-07-1.44922E-06-3.75752E-09-2.46990E-08 1.98884E-08
 -1       375 8.40321E-07 8.25983E-07-2.54181E-06 1.19406E-08 1.18901E-08 3.60939E-08
 -1       376 1.08697E-06 1.04673E-06-3.62771E-06-4.01272E-08 7.94875E-08-7.43931E-09
 -1       377 1.67571E-07 1.76031E-07-1.57225E-07-3.64660E-08-2.69829E-08 1.72979E-08
 -1       378 2.15507E-09-6.91337E-09 7.38576E-08 6.43418E-09 4.88370E-08 2.86407E-07
 -1       379-3.94479E-07-5.36493E-07 1.77624E-06-3.71914E-08-4.42173E-08 2.76428E-08
 -1       380 4.89457E-07 5.40447E-07-1.74983E-06-1.24896E-08 6.76426E-09-4.96066E-08
 -1       381-3.46175E-09-9.33172E-09 3.51972E-08 2.44273E-10 2.46585E-09 1.33950E-08
 -1       382 1.08033E-08-1.31352E-08 2.88728E-08 5.53810E-10 1.17321E-09 2.96345E-08
 -1       383-1.08982E-08 1.30844E-08-2.87968E-08 5.09231E-10-8.60162E-10 2.97892E-08
 -1       384 4.72125E-09 1.03606E-08-3.86866E-08 1.05285E-11-1.95828E-09 1.38976E-08
 -1       385-5.00893E-09 3.45799E-09-5.27377E-10-1.96312E-09 5.14380E-09 1.67499E-08
 -1       386-4.44217E-08 1.96090E-08-1.76971E-08 5.28627E-10 6.17476E-10 5.10804E-08
 -1       387 1.77830E-08-5.71688E-09-1.91659E-09 3.15562E-09 7.43436E-10 1.15508E-08
 -1       388 1.73529E-08-8.72175E-09 7.83901E-09 7.61301E-10 8.82581E-10 1.93505E-08
 -1       389-1.98304E-08 8.27539E-09-5.11673E-09 5.42408E-10-5.92151E-10 1.88906E-08
 -1       390-1.41651E-08 4.84246E-09 5.22346E-10 3.04773E-09-9.07590E-10 1.20798E-08
 -1       391-1.46372E-08 4.64689E-09 1.28535E-09-2.58533E-09 7.53384E-10 1.13022E-08
 -1       392 1.68848E-08-5.20280E-09-1.51502E-09-3.15192E-09-5.22833E-10 9.98062E-09
 -1       393-4.06957E-08 1.53542E-08-9.97564E-09 4.73700E-09 1.83645E-09 4.32460E-08
 -1       394 5.37365E-08-1.29968E-08 5.35288E-09 9.18225E-09-8.09813E-10 4.62477E-08
 -1       395 3.85964E-08-1.46085E-08 1.19361E-08-4.17226E-10-1.93920E-09 4.23171E-08
 -1       396 6.47616E-09-1.03114E-09-7.96610E-09-1.16072E-09-2.70924E-09 9.98140E-09
 -1       397-7.20104E-09 2.09749E-09 1.13783E-09-2.81184E-09 5.87939E-10 1.01666E-08
 -1       398-1.87766E-08 7.87059E-09-2.47294E-09-2.10829E-09 8.48154E-10 1.61411E-08
 -1       399 9.84302E-09-2.44048E-09-1.64078E-09-2.56378E-09-6.66127E-11 9.76862E-09
 -1       400 2.20959E-08-8.64299E-09 1.92337E-09-1.87584E-09-1.19737E-09 1.71416E-08
 -1       401-6.31067E-09 1.82194E-09-1.83979E-10-3.07533E-09 6.23422E-10 8.64161E-09
 -1       402 1.11948E-08-2.89039E-09-1.69885E-09-3.06210E-09 4.57173E-10 7.61988E-09
 -1       403-7.48445E-09 2.70841E-09 5.49385E-10 2.95807E-09-6.55049E-10 1.07358E-08
 -1       404-1.66605E-08 7.53609E-09-3.41737E-09 2.16414E-09-7.28619E-10 1.59919E-08
 -1       405 9.52227E-09-2.53524E-09-1.70247E-09 2.55125E-09 8.96550E-10 1.05943E-08
 -1       406 1.99291E-08-8.73583E-09 2.75214E-09 1.98135E-09 4.50327E-10 1.59102E-08
 -1       407 1.18069E-08-2.79465E-09-3.34806E-09 3.79296E-09 3.98498E-10 9.15015E-09
 -1       408-7.83966E-09 2.82317E-09 3.37864E-10 3.79560E-09 2.90186E-10 8.84995E-09
 -1       409-7.34398E-09 1.48186E-08-3.26572E-08 1.15216E-09-1.90170E-10 3.01174E-08
 -1       410-2.02965E-08 1.26410E-08-1.73289E-08-1.04640E-09 1.70315E-09 3.14645E-08
 -1       411-1.83759E-08 1.08049E-08-1.73670E-08 5.19525E-10-8.00509E-10 2.82800E-08
 -1       412-2.03159E-08 9.66743E-09-5.19631E-09-1.26846E-09 1.54195E-09 2.12522E-08
 -1       413-1.96750E-08 6.66584E-09-8.94493E-10-1.37723E-09 1.24619E-09 1.54510E-08
 -1       414 6.18574E-09 1.05369E-08-3.65828E-08 1.04320E-09-5.26990E-09 1.00477E-08
 -1       415 4.31672E-09 1.39323E-08-4.76669E-08 7.89822E-10-9.92164E-10 2.47649E-08
 -1       416 1.63397E-09 1.22069E-08-4.40094E-08 4.15717E-10-1.30583E-09 2.51838E-08
 -1       417 9.54786E-09-5.37538E-09 3.75753E-10-2.82729E-09-8.23002E-09 1.52013E-08
 -1       418 6.76128E-09 4.62261E-09-2.17638E-08-1.61333E-09-6.42106E-09 5.65640E-09
 -1       419 7.38874E-09 4.25651E-09-2.77868E-08-5.75995E-10-2.53496E-09 8.29722E-09
 -1       420 6.28151E-08-2.20143E-08 1.29448E-08 1.83674E-10 5.13985E-10 6.32320E-08
 -1       421 2.74777E-08-1.42531E-08 1.22033E-08-5.24491E-09-7.33266E-09 3.26946E-08
 -1       422 1.55736E-08-7.44383E-09 1.08890E-08-1.23249E-09-2.31022E-09 2.65443E-08
 -1       423 4.06392E-08-7.88060E-09-1.37145E-11 2.06911E-08 2.89116E-09 3.64635E-08
 -1       424 6.60453E-08-2.06727E-08 4.71886E-09 5.43590E-09 3.35670E-09 4.87328E-08
 -1       425 5.51079E-08-1.46813E-08 1.23257E-08 4.92408E-09-1.05610E-09 6.11532E-08
 -1       426-2.09978E-08 9.14659E-09-7.69432E-09 1.90407E-08-8.13049E-10 3.18346E-08
 -1       427-6.49760E-08 2.38467E-08-1.07681E-08 2.94778E-09-2.85585E-09 5.03978E-08
 -1       428 5.90035E-09-1.03458E-09 4.60047E-09 8.87662E-09 2.52187E-09 3.44243E-08
 -1       429-6.55001E-08 2.60295E-08-1.47491E-08-1.36850E-09 2.79631E-10 6.82385E-08
 -1       430-3.44784E-08 1.69429E-08-1.88912E-08-5.22236E-09 5.73403E-09 4.58536E-08
 -1       431-5.77116E-08 1.96977E-08-1.43083E-08 1.70552E-09 1.20064E-09 6.52165E-08
 -1       432-7.88703E-09 6.26010E-09-7.04331E-09-5.09396E-09 8.54819E-09 2.20371E-08
 -1       433-5.60680E-09-3.27681E-09 1.69460E-08-1.19328E-09 7.46530E-09 6.03191E-09
 -1       434-1.89910E-08 1.22610E-08-1.50262E-08-2.47564E-10 3.81109E-09 3.36849E-08
 -1       435-4.62014E-09-9.94292E-09 3.27779E-08 8.84752E-10 5.82201E-09 1.00877E-08
 -1       436-3.58874E-09-1.39011E-08 4.61128E-08 9.57094E-10 1.70768E-09 2.42817E-08
 -1       437-5.49712E-09-2.63569E-09 2.32234E-08-7.76464E-10 2.75167E-09 7.74996E-09
 -1       438 7.64968E-09-1.48809E-08 3.25553E-08 1.23010E-09 5.58783E-10 3.03793E-08
 -1       439 2.14504E-08-1.31423E-08 1.75640E-08-1.10586E-09-1.73829E-09 3.23415E-08
 -1       440-1.32498E-09-1.16742E-08 4.27675E-08 3.03184E-10 2.12753E-09 2.45799E-08
 -1       441 1.72610E-08-1.12509E-08 1.75306E-08 7.05093E-10 9.94320E-10 2.80858E-08
 -1       442 2.19718E-08-1.01825E-08 5.49766E-09-2.06893E-09-2.22886E-09 2.25457E-08
 -1       443 2.24201E-08-7.28965E-09 2.85198E-10-3.41049E-09-2.11199E-09 1.34653E-08
 -1       444-1.89709E-08 1.18688E-08-1.63570E-08 1.75353E-09-2.43442E-09 3.00164E-08
 -1       445-6.83300E-09 1.36933E-08-3.05032E-08-4.68698E-10-7.90960E-10 2.83288E-08
 -1       446-1.89596E-08 9.27982E-09-5.22597E-09 1.74976E-09-2.01044E-09 2.02027E-08
 -1       447-1.89800E-08 6.70023E-09-1.64132E-09 2.44165E-09-1.85915E-09 1.55576E-08
 -1       448 4.08298E-09 1.32780E-08-4.47644E-08-2.79793E-10-1.13886E-09 2.33711E-08
 -1       449 5.42775E-09 9.93993E-09-3.33962E-08-8.60636E-10 2.23275E-09 9.82258E-09
 -1       450 6.53483E-09 3.73740E-09-1.85246E-08 4.24170E-10 2.41727E-09 6.21926E-09
 -1       451 9.02451E-09-5.61210E-09 3.83502E-09 9.83118E-10 3.31618E-09 1.62571E-08
 -1       452 2.61462E-08-1.35218E-08 1.30501E-08 3.59902E-09 3.31162E-09 3.33105E-08
 -1       453 5.68130E-08-2.07400E-08 1.43891E-08 1.32442E-09-1.91782E-09 6.00039E-08
 -1       454 6.01621E-08-1.99921E-08 3.86379E-09 4.26488E-09-1.12851E-09 4.70277E-08
 -1       455 3.85138E-08-8.00315E-09-5.00181E-09-2.34805E-09-1.18237E-09 3.15574E-08
 -1       456-6.25757E-08 2.11490E-08-5.81561E-09 2.54628E-10 3.04508E-09 5.06113E-08
 -1       457-1.79098E-08 8.22144E-09-6.28169E-09-7.73312E-09 2.53075E-09 3.01017E-08
 -1       458-2.72727E-08 1.70511E-08-2.02276E-08 4.72111E-09-5.19837E-09 3.79826E-08
 -1       459-6.12183E-08 2.34705E-08-1.62787E-08-1.91854E-11 1.87961E-09 6.58812E-08
 -1       460-5.76788E-09-1.46193E-09 1.34704E-08-5.18541E-10-2.28182E-09 7.17968E-09
 -1       461-9.94442E-09 9.11030E-09-9.39684E-09 1.07250E-09-2.89857E-09 2.21676E-08
 -1       462-3.90266E-09-1.21667E-08 4.28750E-08-3.29948E-10 1.60375E-09 2.27797E-08
 -1       463-4.36836E-09-8.16811E-09 2.91863E-08-8.43255E-10-2.00999E-09 9.94417E-09
 -1       464 1.96356E-08-1.21032E-08 1.64095E-08 2.19617E-09 2.81652E-09 3.04576E-08
 -1       465 7.06768E-09-1.35540E-08 3.00312E-08-2.51322E-10 1.06364E-09 2.81262E-08
 -1       466 2.01052E-08-9.56624E-09 5.45120E-09 3.07452E-09 3.00142E-09 2.12038E-08
 -1       467 2.16227E-08-6.91029E-09 4.58976E-10 3.77444E-09 3.61036E-09 1.64170E-08
 -1       468-6.68316E-09 1.46361E-09 3.99217E-10-1.16442E-11 7.74979E-10 8.19508E-09
 -1       469 1.33230E-08-4.16164E-09-1.46974E-09-2.58367E-10-8.16150E-12 7.39885E-09
 -1       470 1.80395E-08-5.18752E-09-7.00372E-10 3.76800E-09 1.59384E-09 1.17330E-08
 -1       471-1.29675E-08 4.13701E-09-1.33952E-09 2.36915E-09 5.60122E-11 1.27463E-08
 -1       472-3.61129E-07 3.48206E-07-1.86125E-08-1.57377E-09-5.27268E-09 3.61456E-07
 -1       473 1.58911E-07-2.73538E-07 2.57458E-07 1.58520E-08-3.22316E-09 3.25072E-07
 -1       474 2.79441E-07-5.71521E-07 7.00051E-07-7.33330E-08-1.30101E-07 6.27419E-07
 -1       475 2.38541E-07-4.88231E-07 7.77138E-07 1.00282E-07 4.75734E-08 5.91742E-07
 -1       476-2.17023E-08 1.09489E-07 2.93774E-07 6.22557E-08 8.03270E-07-3.03575E-07
 -1       477 1.57795E-07-2.97626E-07 5.76129E-07 1.30753E-07 2.36311E-07 4.46477E-07
 -1       478 1.52184E-07-1.71553E-07 1.75533E-07 7.83420E-08 4.68883E-08 3.30938E-07
 -1       479-1.05557E-07 9.97751E-08 4.16067E-07-3.33909E-08-8.49069E-07-1.49179E-07
 -1       480 1.07557E-07-3.02252E-07 6.42035E-07-1.38066E-07-1.89536E-07 4.50249E-07
 -1       481 1.22960E-07-1.51163E-07 1.59912E-07-4.69731E-08-1.99229E-08 2.81066E-07
 -1       482-1.42848E-08-2.39608E-07-2.42510E-07-1.54713E-07 1.09161E-06-2.12899E-07
 -1       483-3.17534E-07 5.36253E-07-7.39435E-07 1.15417E-07-9.33881E-08 7.02145E-07
 -1       484-4.22243E-07 6.16340E-07-6.98978E-07-1.06913E-07 6.62273E-08 7.30948E-07
 -1       485-1.98868E-07 3.45779E-07-7.15275E-07-9.17837E-08 2.72143E-07 5.29761E-07
 -1       486-2.22566E-07 1.88220E-07 4.48558E-09-3.50872E-08 6.42258E-08 2.74278E-07
 -1       487 5.31972E-08-2.52402E-07-1.66831E-07 6.12191E-08-1.01233E-06-1.61373E-07
 -1       488-1.66721E-07 2.49624E-07-5.61828E-07 1.52956E-07-2.53620E-07 4.51028E-07
 -1       489-2.04291E-07 2.32706E-07-4.74133E-08 3.59347E-08-7.77331E-08 3.14352E-07
 -1       490-1.66480E-08 2.52352E-08-4.44320E-08 1.00007E-08-1.33879E-08 5.29361E-08
 -1       491-4.07551E-08 3.17637E-08-2.14517E-08 2.38597E-09-6.47646E-09 6.71851E-08
 -1       492-9.68455E-08 3.36725E-08-1.13519E-08 1.06728E-09-9.69141E-09 1.90711E-07
 -1       493 2.52481E-08 3.16058E-08-9.87622E-08-9.08076E-10-2.34913E-09-9.67514E-09
 -1       494 6.23902E-09 2.05713E-08-5.27644E-08 1.91878E-09-1.36843E-08 2.50970E-08
 -1       495 5.61611E-08 8.52824E-08-2.21812E-07-2.45282E-08-4.87012E-09-3.13849E-08
 -1       496 3.17531E-08 3.30205E-09-5.90008E-08-3.56008E-09 2.52988E-08-3.95250E-08
 -1       497 1.93424E-08 2.13419E-08-9.84854E-09-9.10911E-08-1.04048E-08 1.16761E-07
 -1       498 4.02468E-09 1.35982E-07-2.19810E-07-6.81802E-08-1.88345E-07-1.85095E-07
 -1       499 3.06509E-08 8.03787E-10-2.88577E-08-6.27201E-08-1.83362E-10-7.35138E-08
 -1       500 9.04988E-08-5.59076E-09-4.83096E-08-8.04385E-08-2.60886E-08 2.75438E-09
 -1       501-1.34783E-08-2.78726E-08 4.46114E-08-7.97647E-08 6.02680E-09-5.11031E-08
 -1       502-3.32328E-08-2.36038E-07 4.33625E-07 8.41719E-08 1.54573E-07-1.36228E-08
 -1       503 2.20730E-07-5.81740E-08-1.31246E-07-1.82592E-07 1.65201E-08 6.46620E-08
 -1       504-2.19228E-08-6.18571E-09 4.27263E-08-6.98932E-09-6.89355E-08-3.72548E-08
 -1       505-5.17148E-08-6.99716E-08 1.73694E-07-7.72453E-09-3.05436E-08-4.84514E-08
 -1       506-1.04543E-08-8.73991E-09 4.28341E-08-1.02513E-08-6.79894E-09 1.27813E-08
 -1       507-2.12447E-08-5.33726E-09 5.21489E-08-1.01290E-08-3.35763E-08-9.70585E-09
 -1       508 3.83634E-08-1.77892E-08 1.79759E-08 5.55451E-09 1.01288E-08 6.69869E-08
 -1       509-9.48866E-10-2.09434E-08 4.80801E-08 1.92909E-10-6.43919E-10 3.74885E-08
 -1       510 9.75634E-08-3.46453E-08 3.02410E-08 1.87823E-08 1.07223E-08 1.80675E-07
 -1       511 4.32017E-08-1.82002E-08 1.68135E-10 1.38669E-08 3.81626E-09 9.15870E-08
 -1       512-1.29878E-07-5.75801E-08 2.08631E-07 1.60356E-08-4.06524E-08-1.18224E-07
 -1       513-6.52170E-08-6.64452E-08 2.07387E-07-5.85881E-10 2.35076E-08 1.14409E-07
 -1       514 6.45375E-08-9.62245E-09-4.47082E-08 2.70927E-08 3.92309E-09 1.46560E-07
 -1       515 1.07850E-07 4.51832E-08-2.24359E-07 2.46728E-08-2.26873E-08 1.20751E-07
 -1       516 1.20855E-07 3.30203E-08-1.96059E-07 5.99600E-09-6.12453E-09 6.76000E-08
 -1       517 8.82043E-08-5.82559E-08 1.10219E-07 7.09194E-08 2.18074E-08 2.61650E-07
 -1       518 2.82002E-07 1.06070E-07-4.40065E-07 3.65133E-08 6.05018E-08-6.81746E-08
 -1       519-3.91762E-08-4.68677E-08 1.54037E-07-1.03041E-08 9.16431E-10 1.19750E-07
 -1       520 8.24371E-08 4.23010E-08-1.84104E-07-8.12457E-11-5.41493E-09 7.85005E-08
 -1       521 4.57094E-08 8.46796E-08-2.45364E-07 7.92469E-09-1.03643E-08 2.87948E-07
 -1       522 1.52290E-07 1.19089E-07-2.32575E-07-1.92113E-08 4.97724E-08-2.47159E-07
 -1       523 7.44340E-08 1.47679E-07-3.05375E-07 2.08919E-08 1.28024E-07 1.43465E-07
 -1       524-8.93570E-08-1.79003E-07 3.07766E-07-1.69988E-08-2.52787E-07 1.46768E-07
 -1       525-1.71132E-07-9.01664E-08 2.04353E-07 1.15124E-08-6.59165E-08-3.44808E-07
 -1       526 1.08117E-07 9.37263E-09-1.21618E-07 4.78114E-08 2.37595E-08-1.37062E-07
 -1       527 1.03756E-08 5.64783E-08-1.63267E-07 1.05144E-08-1.38414E-09 1.74625E-07
 -1       528 4.81851E-08 3.27995E-08-1.37338E-07 6.25780E-09-5.41975E-09 9.16233E-08
 -1       529 1.99565E-07 4.61354E-08-2.98858E-07-3.77504E-09-5.36711E-09 1.26042E-09
 -1       530 3.60185E-08 3.77491E-08-1.27811E-07 3.03782E-09-4.48104E-09 7.58875E-08
 -1       531 6.92009E-08 4.83711E-08-1.73895E-07-3.17122E-09 3.76803E-09 3.81074E-08
 -1       532 9.56071E-08 3.70205E-08-1.78116E-07 3.32685E-09-4.16970E-09 8.02212E-08
 -1       533 8.68330E-08 5.08420E-08-2.19718E-07 3.47469E-09-1.55791E-08 5.64180E-08
 -1       534 1.56429E-07 1.42285E-07-4.32326E-07 2.19850E-08-1.08120E-07 6.59557E-08
 -1       535 9.83858E-08 4.56411E-08-2.03131E-07 4.55174E-09-1.39386E-08 8.25926E-08
 -1       536 1.82172E-07 2.10471E-07-6.90816E-07 3.48008E-08-1.15059E-07 1.59514E-07
 -1       537 6.75571E-08 5.90487E-08-1.85743E-07-1.67383E-08-3.96272E-08 2.91702E-07
 -1       538 6.96444E-08 6.50166E-08-2.46496E-07 2.08125E-08-9.45778E-09 2.21664E-07
 -1       539 1.02566E-07-1.01594E-08-8.12866E-08-9.69412E-09 6.38882E-10 1.76193E-07
 -1       540 9.54666E-08-2.05564E-08-3.76586E-08 4.93862E-09 1.19738E-09 1.08400E-07
 -1       541 5.42705E-08 3.09794E-08-1.49094E-07 1.46625E-08-6.46123E-09 2.03399E-07
 -1       542 1.51356E-07-6.09863E-08-1.37097E-08 2.48128E-08 1.20556E-08 1.54846E-07
 -1       543 2.45746E-07-8.90364E-08-2.18291E-09-1.58797E-09 1.96566E-08 3.29533E-07
 -1       544 9.45859E-08-4.95588E-08-1.20220E-09 3.18082E-08 8.11001E-09 1.73871E-07
 -1       545-5.39911E-08-1.72662E-07 4.60343E-07 1.38969E-07 1.63777E-07 2.39600E-07
 -1       546-7.44917E-08-1.00104E-07 2.99025E-07-3.87850E-09 5.10449E-08 1.00791E-07
 -1       547-5.19417E-08-5.25052E-08 1.78753E-07-2.40378E-08 1.58049E-09 8.04860E-08
 -1       548-2.25777E-08-5.19114E-08 2.00055E-07 3.61794E-08 2.86372E-08 1.83572E-07
 -1       549-3.43163E-08-5.17709E-08 1.42846E-07 2.43554E-09 5.76417E-09 9.52816E-08
 -1       550-3.19862E-09-4.84776E-08 1.14504E-07-2.51431E-09 2.14798E-09 1.01650E-07
 -1       551 1.60078E-08-2.17680E-08 8.22321E-08 6.14107E-09 1.81525E-08 1.69763E-07
 -1       552-3.92977E-08-5.82846E-08 1.59900E-07-6.07108E-10 7.84912E-11 1.18955E-07
 -1       553-9.80632E-08-3.08301E-08 2.42144E-07-2.30428E-08-2.10223E-08 5.33637E-08
 -1       554-2.03647E-09-2.17016E-08 4.11426E-08 9.11483E-09 1.44012E-09 3.98207E-09
 -1       555-8.38310E-08-4.49468E-08 1.77178E-07 1.93217E-11 1.41746E-09 3.07210E-08
 -1       556-6.15021E-09-4.60408E-08 1.03114E-07 3.81381E-09 1.06981E-08 8.74179E-08
 -1       557 7.74320E-08 1.04282E-08-1.05411E-07 7.78317E-09-3.31176E-09 4.85940E-08
 -1       558 6.05605E-08 7.50292E-09-6.95914E-08 6.16935E-12 1.25386E-09-3.82110E-08
 -1       559 5.06892E-08-4.96098E-08 8.23213E-08 2.58074E-08 1.06153E-08 1.45135E-07
 -1       560 6.10870E-08-1.33272E-08-3.95030E-08 1.44676E-08-2.58358E-09 1.26151E-07
 -1       561 7.78239E-08 2.13624E-08-1.33612E-07 1.83048E-08-5.99033E-09 1.43190E-07
 -1       562 7.69604E-08 1.04065E-08-1.04855E-07 4.55143E-09-1.00831E-09 1.09454E-07
 -1       563 9.77690E-08 3.53430E-08-1.83786E-07 1.22508E-08-1.15265E-08 7.82509E-08
 -1       564-2.62736E-08 8.37799E-09 1.06475E-08 1.00551E-08 3.03096E-09-4.26052E-08
 -1       565-1.97771E-07 6.82424E-09 1.68611E-07-5.33598E-09 3.61213E-08-1.71246E-07
 -1       566-1.10652E-07-2.69906E-09 1.10160E-07 3.28516E-09 1.66207E-08-2.49856E-08
 -1       567-3.99262E-08-1.15004E-08 5.77454E-08 3.26843E-08 1.66662E-08-1.12517E-07
 -1       568 3.78297E-08 1.72761E-09-3.95324E-08 1.42573E-08-9.01616E-09-3.56201E-09
 -1       569 1.01240E-07 3.55191E-08-1.68928E-07 3.02390E-09-2.16728E-09 3.22555E-08
 -1       570-4.47380E-08 7.28125E-09 3.05453E-08 2.61532E-08-1.75547E-10-7.88765E-08
 -1       571 2.17220E-07 1.28025E-07-3.95276E-07-2.49977E-08-2.99142E-09-8.91302E-08
 -1       572-6.54063E-08-4.04155E-09 9.69462E-08 2.19164E-08 3.23307E-09 4.91295E-08
 -1       573 4.23230E-08 1.28650E-08-7.19439E-08-7.27426E-10-2.65941E-09 2.50330E-08
 -1       574-1.18188E-08-4.92776E-08 5.76551E-08 4.52246E-08 3.32669E-08-6.99002E-08
 -1       575 6.49954E-08 1.64141E-07-2.92573E-07-2.69934E-09-1.78123E-07 1.14383E-07
 -1       576 1.37980E-07 9.39029E-08-1.30890E-07 2.61523E-08-2.86837E-08-2.59735E-07
 -1       577-1.61932E-07-1.03100E-07 2.13723E-07 4.13630E-09 6.39690E-08-3.11592E-07
 -1       578-1.48343E-07-1.20161E-07 2.39041E-07 1.70403E-08 2.59293E-07 4.41020E-08
 -1       579 8.54826E-08 7.09565E-08-1.62759E-07-7.08369E-08 9.62472E-09-1.96109E-07
 -1       580 2.95610E-08 2.60579E-08-9.66730E-08 7.40833E-09-1.94649E-09 6.21140E-08
 -1       581-4.67202E-09 3.83047E-08-1.14469E-07 1.23809E-08-7.79904E-09 1.42292E-07
 -1       582 1.54998E-07 7.71997E-08-2.81182E-07 8.93932E-09-5.91115E-09-3.22847E-08
 -1       583 2.36647E-08 1.07798E-08-4.89937E-08-2.83059E-09-9.27168E-09 3.59720E-09
 -1       584 1.26615E-08 1.47152E-08-4.99514E-08 6.42545E-09-6.27142E-09 3.77557E-08
 -1       585 6.66573E-08 2.16824E-08-9.96414E-08-1.03287E-09-1.19738E-09 3.74513E-08
 -1       586 1.10459E-08-7.80823E-09 4.70850E-09 7.40686E-09 1.10244E-09-4.97724E-08
 -1       587 2.67460E-08 3.70020E-09-2.20408E-08 1.13153E-09-1.47900E-08-1.11670E-08
 -1       588 3.99467E-08 5.85662E-09-5.72254E-08 6.20199E-09-3.06389E-09 1.08077E-08
 -1       589-6.23223E-08 2.47291E-08 4.51789E-08 2.31095E-09 7.43424E-08-8.48450E-08
 -1       590-1.64821E-08-5.45688E-08 4.51136E-08 2.26022E-08 5.26497E-08-8.65221E-08
 -1       591 6.61715E-09 1.94682E-09-1.06216E-08 1.83436E-08-5.39392E-09-4.09432E-08
 -1       592-2.64884E-08-5.05197E-09 6.80729E-09 5.00268E-09 2.28675E-08-1.55596E-07
 -1       593-3.78776E-08 2.34022E-08 2.91343E-08-3.16986E-09 7.61752E-08-1.34966E-07
 -1       594-4.07057E-08-3.09961E-08 8.12976E-08 2.13820E-08 2.73821E-08-7.76084E-08
 -1       595 9.20898E-09-5.50149E-09-1.16775E-08 2.42138E-09 1.55491E-08-1.36175E-07
 -1       596-3.03834E-08 6.73534E-09-3.63929E-09 8.65643E-10-1.48836E-08-1.35802E-07
 -1       597-2.73710E-08 9.54468E-10 2.39944E-08 1.17473E-08 4.13993E-10-9.98915E-08
 -1       598-3.27521E-08 1.31478E-08 2.30934E-08-2.86115E-09-3.40309E-09-1.15712E-07
 -1       599-4.96176E-08 4.39325E-10 2.58505E-08-7.42044E-09 1.06600E-08-4.04239E-08
 -1       600-7.16584E-08 1.72399E-08 4.57629E-08-8.43521E-09 1.81202E-08-8.95029E-08
 -1       601-1.01971E-07 1.13408E-08 5.87702E-08 1.26972E-08 2.56019E-09-5.09844E-08
 -1       602-5.72962E-08-7.23342E-10 5.98009E-08 3.64507E-09 7.75599E-09-4.38610E-09
 -1       603-2.30231E-08-6.95162E-09 6.39000E-08-8.39051E-09-1.90313E-09 1.12275E-07
 -1       604-2.57322E-08-4.50696E-09 5.14454E-08 9.61920E-09-3.76627E-10 2.43175E-08
 -1       605-7.87397E-08-9.43479E-09 1.14365E-07 9.86659E-09 9.78743E-09 3.14720E-08
 -1       606-1.17237E-07 4.17167E-09 2.01431E-07 3.45034E-08 8.16735E-09-2.61430E-08
 -1       607-7.37898E-08 1.06263E-09 7.11651E-08-1.72189E-09 8.38181E-09-3.56484E-08
 -1       608-1.23398E-07-1.60779E-08 1.55469E-07 4.78195E-09 1.27759E-08-5.11647E-08
 -1       609-6.22178E-08 3.50961E-09 4.92941E-08 6.10878E-09 1.61092E-09-7.74890E-08
 -1       610-4.54334E-09 8.33800E-09-9.56276E-09 2.45541E-09 1.70527E-08-9.07335E-08
 -1       611 2.38709E-08 2.21532E-08-7.23452E-08 3.98882E-09 2.80911E-09-2.89596E-08
 -1       612-4.68973E-08 1.16627E-08 2.21516E-08 1.93804E-08-1.97799E-09-6.29815E-08
 -1       613 7.19898E-09-1.31739E-10-9.80899E-09 7.10598E-09 2.88887E-09-2.04523E-08
 -1       614-9.19069E-09 5.73675E-09 6.10473E-09 1.93774E-08-6.76606E-10-6.30653E-08
 -1       615-3.13113E-08 4.13145E-09 1.22307E-08 1.60617E-08-1.73674E-09-7.12886E-08
 -1       616 5.17824E-08 1.20820E-08-8.10173E-08 7.18363E-09-2.21290E-09 2.26616E-09
 -1       617 1.73659E-09 1.90436E-09-5.89337E-09 4.74065E-10-2.55597E-10 1.54501E-08
 -1       618 4.08027E-08-9.03926E-09-1.79450E-08-2.73232E-09-1.78879E-09 1.13071E-08
 -1       619 4.33725E-08-8.01877E-09-1.99780E-08 2.94273E-09 2.79728E-11 1.45624E-08
 -1       620 3.71841E-08-9.26624E-09-1.47471E-08 1.54349E-09-1.61803E-09 1.43342E-08
 -1       621 3.79989E-08-9.84425E-09-9.98702E-09 2.71838E-09-3.67660E-09 1.93149E-08
 -1       622 2.92311E-08-2.12610E-09-2.77896E-08-1.12911E-09-9.16237E-10-1.28546E-08
 -1       623-1.21861E-08 1.99015E-09 1.02982E-08 4.97426E-10-5.12079E-10 1.71583E-08
 -1       624-8.17609E-09-2.88130E-09 1.70542E-08 8.87371E-10-1.00092E-09 1.55521E-08
 -1       625-1.63793E-08 2.66302E-11 1.50468E-08 4.75762E-10 2.21472E-10 1.71514E-08
 -1       626-8.85109E-09-4.14185E-09 1.91390E-08-1.55211E-10 2.53170E-09 1.82014E-08
 -1       627-1.38046E-08 6.96154E-10 1.04852E-08-1.14276E-09 3.56196E-09 2.01860E-08
 -1       628 2.79429E-08-6.36134E-09 5.10993E-11 9.46512E-09 2.50755E-09 5.67806E-08
 -1       629 5.43111E-10 2.56261E-09-4.18597E-09 9.01224E-09 2.96620E-09 6.11555E-08
 -1       630-4.32243E-09 3.26592E-09 2.18713E-10 7.81388E-10-2.66758E-09 4.30663E-08
 -1       631 2.80964E-08 6.45593E-09-2.55163E-08 9.00382E-09 7.95722E-11 7.07038E-08
 -1       632 2.40671E-08-5.22043E-09 5.57087E-09 2.83865E-09-8.37454E-09 4.45064E-08
 -1       633-3.20086E-08 2.90912E-09 2.85064E-08-8.52088E-10 8.84531E-10-9.81118E-09
 -1       634-3.83300E-08 1.08117E-08 1.21522E-08 2.25558E-09 9.72154E-10 1.63964E-08
 -1       635-4.45531E-08 1.26184E-08 1.24957E-08-3.54825E-09 2.11909E-09 2.02129E-08
 -1       636-4.25901E-08 1.23286E-08 1.12165E-08 2.49750E-10 1.29838E-09 1.92142E-08
 -1       637-4.09936E-08 1.12311E-08 1.12617E-08 1.57821E-09 2.60308E-09 2.09698E-08
 -1       638 9.21850E-09 4.32183E-09-2.16207E-08-6.31312E-10-2.42440E-09 1.59833E-08
 -1       639 1.23796E-08 2.25914E-10-1.54981E-08-1.51722E-09-3.28642E-09 1.47570E-08
 -1       640 7.15090E-09 4.76957E-09-1.86155E-08-2.76507E-10 3.47222E-10 1.51512E-08
 -1       641 1.08255E-08 3.70534E-11-1.27557E-08 2.26706E-10 1.20290E-09 1.37950E-08
 -1       642 1.37663E-08 8.22248E-10-1.61136E-08-6.97273E-10-2.03977E-10 1.44754E-08
 -1       643 7.59322E-09-8.66596E-09 1.41574E-08-5.77536E-10 8.26929E-10 1.52705E-08
 -1       644 3.61479E-09-6.66799E-09 1.32918E-08-1.01774E-09 4.24471E-10 1.21886E-08
 -1       645 3.79930E-09-7.82850E-09 1.49187E-08 1.22798E-09 1.76856E-09 1.33589E-08
 -1       646 7.18202E-09-3.81935E-09 7.02864E-10 1.07474E-10 3.83207E-10 9.95749E-09
 -1       647 8.08797E-09-9.10218E-09 1.44832E-08 7.02277E-10 6.63672E-10 1.76592E-08
 -1       648-7.48981E-09 9.38543E-09-1.57524E-08 6.60583E-10-4.91979E-10 1.61276E-08
 -1       649-2.79917E-09 7.86291E-09-1.70092E-08 1.08619E-09-1.51736E-09 1.27705E-08
 -1       650-7.58667E-09 8.82617E-09-1.44183E-08-6.06931E-10-6.82338E-10 1.50069E-08
 -1       651-2.87886E-09 7.76484E-09-1.56658E-08-1.25309E-09-9.83213E-11 1.12789E-08
 -1       652-6.70192E-09 4.09279E-09-1.85091E-09-3.99643E-10-4.53640E-10 7.88642E-09
 -1       653 2.40405E-08 2.91494E-09-3.00290E-08 2.41492E-10-7.00634E-09 1.51139E-08
 -1       654-2.66607E-08 9.72009E-09 6.81577E-09 1.03406E-09-1.72456E-09 2.45043E-08
 -1       655-2.87866E-08 2.68873E-09 2.42257E-08-1.40043E-09-1.34781E-10 5.06744E-09
 -1       656-3.21404E-09-2.28321E-09 8.92272E-09-1.14679E-10 6.63437E-10 1.59642E-08
 -1       657 1.73975E-09 2.79715E-09-8.40882E-09-2.45115E-10-2.69408E-10 1.43346E-08
 -1       658-5.02676E-09 9.24560E-09-1.75562E-08 7.84695E-10 3.02942E-10 1.34708E-08
 -1       659-3.99911E-09 4.72491E-09-7.57850E-09-1.60953E-10-4.89573E-10 4.23613E-09
 -1       660 1.86102E-09 4.30597E-09-1.11281E-08 4.44192E-11-4.31612E-10 9.13714E-10
 -1       661-4.13494E-09 8.19571E-09-1.64851E-08-1.59472E-10-1.46697E-09 1.22322E-08
 -1       662-2.94056E-08 3.45319E-09 2.76337E-08-1.19646E-09 1.55390E-09 2.41824E-08
 -1       663-1.93217E-08 9.70277E-09-9.77412E-09-3.15652E-10 2.31908E-09 5.62422E-08
 -1       664 5.52027E-09 2.49741E-09-1.63424E-08 3.96329E-09 2.12528E-08 8.28590E-08
 -1       665 5.42190E-09-8.30542E-09 1.58750E-08-4.41233E-10 1.44600E-09 1.26260E-08
 -1       666 9.01328E-10-4.40306E-09 8.09341E-09 1.07709E-10 3.28103E-10 5.05095E-10
 -1       667 6.56010E-09-9.43376E-09 1.68254E-08 9.74851E-10-2.16571E-10 1.38850E-08
 -1       668 5.03504E-09-4.68973E-09 6.45123E-09-1.41362E-10 3.86008E-10 4.84845E-09
 -1       669-3.31934E-08 3.91947E-09 1.95867E-08-5.18915E-09 9.01172E-09 8.15967E-08
 -1       670-2.25721E-08 1.00285E-08-4.16472E-09 4.69000E-09 5.65825E-09 5.86242E-08
 -1       671-5.98756E-09 7.33323E-09-1.20922E-08-5.82266E-11 4.17881E-10 1.01387E-08
 -1       672-5.61281E-09 6.77041E-09-1.14783E-08 4.94292E-10-1.30855E-09 9.27065E-09
 -1       673 6.05660E-09-7.00906E-09 1.15349E-08 2.98412E-10 1.29015E-09 1.03021E-08
 -1       674 7.13534E-09-7.82966E-09 1.20013E-08 2.65252E-10-3.95186E-10 1.14994E-08
 -1       675 3.59317E-09-6.84412E-10-2.58396E-09-9.09538E-10-2.37713E-10 1.32524E-08
 -1       676 1.82622E-09 7.46347E-10-3.44879E-09 1.91397E-09 8.44602E-12 1.18651E-08
 -1       677 1.00052E-10 1.86596E-09-3.77910E-09-8.05061E-10-6.04594E-10 1.30036E-08
 -1       678-9.33353E-08-2.71027E-08 1.99966E-07 6.37977E-10-6.39750E-09 7.28741E-09
 -1       679-5.35772E-08-2.98920E-08 1.29917E-07 8.39696E-09 5.82759E-10 7.24019E-08
 -1       680 2.71059E-09-1.17785E-07 1.89004E-07 1.04314E-08 1.38203E-08 1.77312E-07
 -1       681-2.12333E-08-8.57922E-08 1.58645E-07-1.16126E-08-6.79344E-09 1.51097E-07
 -1       682-9.93062E-08-1.02967E-07 2.06669E-07-1.75452E-08-3.33431E-08-1.01098E-08
 -1       683 2.34814E-09-3.62983E-09 5.55955E-09 1.18172E-09 4.45933E-10 1.22390E-08
 -1       684-6.81224E-10-1.68830E-09 4.62263E-09 1.32491E-09-8.23934E-11 1.13961E-08
 -1       685 2.11074E-09-4.61521E-09 9.36705E-09 1.01949E-09 1.19393E-09 1.47347E-08
 -1       686 6.18321E-09-2.68800E-09 7.05068E-10 2.81715E-10 2.09594E-10 1.57551E-08
 -1       687 7.10889E-10 2.16599E-08-1.89038E-08 4.38580E-09 6.48846E-11 5.79216E-09
 -1       688 5.96230E-10 1.36932E-08-2.20484E-08-1.80200E-09-2.05741E-09-2.68143E-08
 -1       689-5.91908E-09 4.69762E-09-5.81575E-09 2.91569E-10-3.95529E-10 1.60744E-08
 -1       690 3.90407E-09 3.01798E-09-1.14860E-08 3.41081E-10-7.71364E-10 8.65717E-09
 -1       691 3.81131E-09 3.60666E-09-1.20827E-08 9.27791E-11 3.80130E-10 9.40400E-09
 -1       692 2.27055E-08-5.03155E-09-8.80013E-09 4.11265E-10 1.15015E-09 2.24468E-08
 -1       693 2.52007E-08-5.91820E-09-1.14490E-08-1.48559E-09-2.35136E-09 2.33842E-08
 -1       694-2.93278E-08 4.74217E-09 1.56499E-08-3.47688E-09 3.13603E-09 1.21191E-08
 -1       695-5.44089E-10 2.43538E-09-4.63436E-09-1.06370E-09 5.48914E-10 1.29057E-08
 -1       696-3.07891E-09 3.83875E-09-6.96710E-09-2.75553E-10 6.28307E-10 1.46319E-08
 -1       697-1.17623E-08-1.49753E-08 1.25370E-08 5.30396E-09-9.75208E-09 1.04764E-08
 -1       698 2.06526E-09-3.39881E-09 5.51272E-09-7.30794E-10-3.95904E-10 1.23760E-08
 -1       699 1.87766E-09-4.67053E-09 9.76832E-09-1.58074E-10-4.84186E-10 1.49483E-08
 -1       700-2.17154E-09-2.06516E-10 2.50807E-09 6.95082E-10-5.44224E-13 1.47653E-08
 -1       701-1.40345E-08 1.76404E-07-1.73818E-07-5.36798E-08 6.80476E-08 7.14385E-08
 -1       702-1.61000E-09 1.87395E-07-2.53031E-07 3.27055E-08-6.35368E-08 1.29017E-07
 -1       703 2.29212E-07 8.27105E-08-4.17463E-07 2.38146E-08 8.21010E-09-6.53557E-08
 -1       704 9.56746E-09 9.14007E-08-2.49610E-07 3.43345E-09 4.90273E-10 1.28588E-07
 -1       705-1.77373E-09-3.96589E-11 2.01413E-09 1.96309E-10 1.92572E-10 6.94754E-09
 -1       706-3.50958E-09-1.82056E-09 7.11036E-09 3.73340E-10 2.19284E-10 1.14460E-08
 -1       707-3.08064E-09-2.75721E-10 2.86368E-09-2.40917E-10 1.64670E-10 1.43622E-08
 -1       708 8.27351E-10 5.07535E-10-1.23145E-09 3.74918E-10-1.52812E-10 7.72855E-09
 -1       709 4.70629E-10-1.01325E-10 3.83853E-10-1.62479E-12-8.86573E-11-5.00758E-09
 -1       710-4.18466E-09-1.94909E-10 4.77625E-09 2.73652E-11-2.25270E-10-6.24892E-10
 -1       711-2.88202E-09 3.64839E-09-6.71889E-09 8.30899E-10-1.20390E-09 1.39583E-08
 -1       712-1.24409E-10 2.17676E-09-4.78229E-09 1.56027E-09-9.78975E-10 1.25128E-08
 -1       713-1.62005E-09-2.87037E-09 8.35450E-09 3.05849E-10 3.65016E-10 5.62194E-09
 -1       714-6.22461E-09 5.83404E-10 4.49215E-09-3.55410E-11 7.00323E-10-3.63592E-09
 -1       715-5.61081E-09-3.91393E-11 4.62270E-09 1.24768E-10-2.87407E-10-2.87811E-09
 -1       716-7.28604E-09 5.73483E-10 6.30706E-09 2.08201E-10-5.85488E-11 2.52010E-09
 -1       717-7.89580E-09 3.02900E-10 6.81690E-09 2.80547E-10 5.33100E-10 2.05518E-09
 -1       718-1.54272E-07-2.52638E-08 1.87346E-07 2.28787E-08-6.63107E-09-1.26370E-07
 -1       719-6.91846E-08-1.55988E-07 2.92720E-07 1.32518E-08 1.98026E-08 7.63736E-08
 -1       720 7.72158E-08 2.24305E-08-1.27375E-07 3.11190E-09-3.59354E-09 5.29440E-08
 -1       721 6.75304E-08 2.64149E-08-1.32304E-07 8.43165E-09-9.32337E-09 4.83168E-08
 -1       722 5.97090E-08 2.76025E-08-1.26296E-07 3.44711E-10-4.93055E-09 5.13191E-08
 -1       723 7.47530E-09 2.45245E-08-5.44200E-08 2.70080E-08 4.02422E-09 6.87868E-08
 -1       724 3.24771E-08 1.75872E-08-6.41761E-08 2.85528E-08 5.05814E-10 2.90666E-08
 -1       725 1.13533E-08 1.92653E-08-7.33194E-08 2.65768E-08-8.33646E-10 1.16527E-07
 -1       726 5.45860E-08-1.63894E-09-1.11602E-07 4.00981E-08-9.88992E-09 4.40101E-08
 -1       727 3.27656E-08-2.62878E-09-3.29005E-08 7.72231E-09 1.52266E-09-6.70208E-08
 -1       728 7.18326E-08 2.11764E-08-1.22027E-07 1.16884E-08 1.48411E-08-1.43469E-07
 -1       729 1.73914E-07 4.14300E-08-2.67840E-07 5.91462E-10-2.50972E-09-1.91402E-08
 -1       730 1.20253E-08-4.87202E-10-1.49726E-08-1.03727E-09-1.10399E-10-8.92616E-09
 -1       731-8.83770E-09-5.44145E-08 1.09360E-07-1.94186E-08-1.00703E-09 1.13360E-07
 -1       732 2.52727E-08-1.86657E-09-2.11409E-08-1.33686E-10 5.08729E-11 6.25090E-09
 -1       733-1.25106E-08-2.36037E-09 1.72519E-08-1.00557E-10-1.07272E-09 5.46178E-10
 -1       734-1.30253E-08-1.09081E-09 1.84153E-08-9.76342E-11-3.15116E-10-9.42791E-09
 -1       735-4.67789E-09-6.57490E-10 6.20640E-09 8.07460E-11-2.99737E-11 8.74766E-09
 -1       736 1.14198E-08 1.15508E-09-1.48184E-08-1.86642E-11 1.71142E-10 1.32148E-09
 -1       737 1.16034E-09-6.08456E-10 4.24307E-10-1.94336E-11-2.20941E-10 6.12805E-09
 -1       738-2.80712E-09 6.02945E-10 1.33659E-09-2.13083E-10-3.86920E-10 5.79311E-09
 -1       739 3.82532E-09 3.81953E-10-4.68381E-09-4.35789E-10 5.83900E-10 8.59131E-09
 -1       740-4.63258E-09-6.26579E-09 1.96826E-08-1.57901E-09-1.70132E-09-2.53939E-08
 -1       741-1.96857E-10 2.50064E-10-7.74780E-10-7.60751E-11 4.41405E-10-4.66384E-09
 -1       742 4.67765E-09 1.69304E-10-4.88288E-09-3.81916E-10 9.66984E-11 1.67162E-10
 -1       743 1.03554E-09-5.23392E-11-8.65054E-10 3.71242E-10 1.50133E-10 8.12837E-09
 -1       744 5.79556E-09-4.86325E-10-4.31910E-09 3.66912E-10-4.27034E-10-2.96158E-09
 -1       745 5.33554E-09 1.07006E-10-4.91078E-09 8.07820E-11 1.71854E-11-2.38951E-09
 -1       746 5.86557E-09 1.29495E-09-8.07295E-09 1.61951E-10-4.81889E-10 1.39761E-08
 -1       747 1.52130E-08-7.53895E-09-7.98025E-09 1.84291E-08 2.99318E-09 1.85002E-08
 -1       748 3.94632E-08 1.91279E-08-7.16125E-08 1.39935E-08-2.67253E-10 4.21031E-08
 -1       749 9.96910E-09-4.18381E-09 2.17673E-09 1.65202E-08 3.39475E-09 2.21751E-08
 -1       750-2.40896E-08-6.00843E-09 3.35191E-08 1.13585E-08-5.28206E-10-4.71856E-08
 -1       751 4.42718E-08 1.92301E-08-8.29340E-08 1.03002E-08 1.92558E-09 5.02664E-09
 -1       752 9.87694E-09-5.23331E-09 4.67940E-09 2.98841E-08 7.70608E-09 1.71150E-08
 -1       753 1.08338E-07 3.15262E-08-1.78345E-07 4.04240E-09-4.45977E-09 4.81316E-08
 -1       754 7.27530E-08 1.51177E-08-1.16469E-07 1.09902E-08-5.62248E-09 3.59324E-08
 -1       755 7.32287E-08 2.40025E-08-1.31340E-07 2.19230E-08-1.67343E-08 5.43741E-08
 -1       756 1.11732E-07 7.92386E-08-3.40079E-07 2.86817E-08-1.18162E-07-1.09376E-07
 -1       757 4.00497E-08-1.11625E-08 1.02133E-09-6.25554E-09-2.22975E-08 1.68422E-07
 -1       758 3.14649E-08-8.52014E-09-2.54054E-08 3.23258E-10-2.45967E-08-2.08416E-08
 -1       759-1.76925E-08-2.88596E-08 8.88826E-08-3.35448E-09 3.52504E-09 6.21442E-08
 -1       760 3.25393E-09 5.41022E-08-1.39519E-07 5.75134E-09-1.42898E-09 1.42634E-07
 -1       761 5.66322E-08 3.04886E-08-1.28295E-07 5.82514E-09-2.40896E-08 3.39772E-08
 -1       762 4.42193E-08 2.74344E-08-1.11155E-07 1.79045E-10-1.28823E-08 2.89585E-08
 -1       763 1.74567E-08 2.45951E-08-8.12952E-08 2.75583E-09-7.89451E-09 5.53353E-08
 -1       764 6.16713E-09 1.31344E-09-8.49144E-09 3.91728E-10 3.61535E-10 1.48240E-08
 -1       765-3.64370E-09 3.69763E-09-3.42311E-09-5.97813E-10-3.84997E-10 1.39267E-08
 -1       766 6.93888E-09-8.48796E-10-5.28243E-09 3.37618E-10-1.68764E-10 3.20919E-09
 -1       767 1.87421E-08-4.22462E-09 3.51230E-09 1.88691E-08 1.44499E-09 2.47327E-08
 -1       768 3.23195E-08-8.10659E-11-2.02656E-08-5.12337E-09 3.52374E-09-1.56701E-08
 -1       769-6.03477E-08-2.62263E-08 1.30159E-07-4.28049E-10 2.69580E-09 6.96040E-08
 -1       770 8.13249E-09-6.64337E-10-6.46838E-09 2.97687E-10-5.41303E-10 1.44922E-09
 -1       771 8.06344E-09-5.22287E-10-6.61848E-09 2.05612E-10 1.31873E-10 1.95946E-09
 -1       772 5.69317E-08 1.25351E-08-1.13925E-07 2.03710E-08-7.48014E-09 1.50078E-08
 -1       773 3.60619E-08 3.03358E-08-1.10571E-07 1.99529E-09-3.77057E-09 7.30412E-08
 -1       774-3.57209E-09 2.78764E-09-3.13391E-09 8.52068E-10-6.40696E-11 1.35628E-08
 -1       775-1.00388E-07-1.75844E-08 1.52729E-07 9.12230E-09 6.34289E-09-1.54924E-08
 -1       776-4.57571E-08-1.04538E-08 7.76894E-08 5.36609E-09 1.19961E-08 2.16991E-08
 -1       777-2.84981E-09-5.04209E-09 3.28466E-08 2.45134E-08 3.89880E-09 2.78186E-08
 -1       778 1.48025E-09 9.81803E-10-3.19495E-09 1.10958E-09 1.61324E-11 1.25914E-08
 -1       779 7.49896E-08-1.53550E-08-1.07716E-10 1.88543E-08-5.83378E-09 3.69066E-08
 -1       780 2.14000E-08-3.56907E-08 6.97533E-08 3.75754E-08 1.22369E-08 7.49601E-08
 -1       781-4.16513E-08-3.21480E-08 1.10158E-07-6.71826E-09 1.14306E-08 3.09547E-08
 -1       782-5.38124E-08-1.99196E-08 1.18710E-07-1.11798E-08-3.08906E-10 8.88545E-11
 -1       783 7.16194E-08-2.37368E-08 5.46679E-09-5.84093E-09-4.47841E-09 6.66678E-08
 -1       784-7.91411E-08-3.55754E-08 1.50437E-07 6.79763E-09 2.03183E-08 4.16296E-08
 -1       785-2.05732E-08-1.15311E-08 1.16879E-07 1.21573E-08 8.31428E-09 4.81426E-08
 -1       786-5.43709E-08-3.11188E-08 1.29108E-07 2.40043E-08 1.35727E-08 7.14178E-08
 -1       787-3.86264E-08-3.03355E-08 9.86991E-08 4.47347E-09 6.02780E-09 5.23240E-08
 -1       788 4.01558E-10 1.14099E-09-3.17454E-09-5.35677E-10-3.75121E-10 1.30595E-08
 -1       789 6.11478E-08 1.18949E-08-1.24622E-07-1.53473E-08 8.50128E-08 7.94467E-08
 -1       790-4.75171E-07-5.18356E-07 1.77719E-06-3.09336E-08-3.93569E-08-6.65391E-09
 -1       791 3.35816E-07 4.97359E-07-1.48210E-06-8.30837E-09 1.26268E-07-1.41117E-07
 -1       792-2.88796E-08-2.04228E-08 6.07232E-08-4.79571E-09 5.92848E-09 2.69161E-07
 -1       793-3.64191E-08-5.56993E-08 4.16425E-08 2.88585E-08 3.94340E-08 8.52366E-08
 -1       794-1.36588E-08-6.01328E-08 1.21383E-07-2.17820E-08 8.70696E-08 3.94382E-08
 -1       795-4.85940E-08-5.17639E-09 1.17172E-07 1.70359E-09-7.21602E-08 4.48471E-08
 -1       796 6.50416E-08 2.98637E-07-7.26312E-07-8.69117E-08 3.41798E-07 9.86426E-08
 -1       797 1.48615E-07 1.52978E-07-6.71121E-07 8.68820E-08-3.10850E-07 1.42550E-07
 -1       798 2.58740E-09 5.44115E-08-1.16989E-07-6.01206E-09-8.13231E-08 1.72893E-08
 -1       799 7.56893E-08 1.08731E-07-1.77818E-07-7.74838E-09-4.35473E-09 6.74993E-08
 -1       800-5.18395E-08-6.45813E-08 1.34681E-07 1.58573E-09-2.37255E-08 3.12663E-08
 -1       801-1.44625E-07-1.17667E-07 4.93246E-07-1.11014E-07-2.62442E-07 5.00269E-08
 -1       802-9.98478E-08-1.38980E-07 5.15182E-07 5.71237E-08 2.00326E-07-2.04559E-09
 -1       803 9.69913E-08 9.10065E-08-1.20976E-07-1.50000E-08-9.91253E-09 7.29590E-09
 -1       804-1.09027E-08-3.31913E-08 4.71507E-08-5.46074E-09 7.31279E-08 2.14857E-07
 -1       805-4.05841E-08-2.32303E-08 6.43709E-08 1.33434E-08-2.84421E-08 4.41534E-08
 -1       806 1.02070E-07 1.16280E-07-3.56447E-07-2.86066E-08-8.95450E-10-3.40579E-07
 -1       807-2.29137E-07-2.12193E-08 2.05916E-07-9.07018E-08-2.78576E-08-3.89711E-07
 -1       808 2.03256E-07 1.68008E-07-4.13226E-07-1.38615E-07-9.40002E-09-3.23465E-07
 -1       809-2.64676E-07-1.93831E-08 1.69922E-07 4.44203E-08 1.81288E-08-3.29446E-07
 -1       810-1.38604E-07-2.57213E-07 6.13857E-07 1.43790E-08 7.56095E-08 7.78435E-10
 -1       811-1.32197E-07-4.46023E-08 2.54499E-07 6.92173E-08-1.82832E-08-4.20929E-07
 -1       812 2.65351E-07 1.34167E-07-2.69551E-07 5.59883E-08 2.14071E-08-3.42777E-07
 -1       813 1.30297E-07 3.12583E-07-8.89043E-07 7.95255E-08-1.15746E-07 2.32368E-07
 -1       814 2.60306E-09-1.37448E-08 1.08312E-08 2.31362E-08 6.29017E-08-3.53289E-07
 -1       815 4.99717E-07 5.08755E-07-1.77829E-06 2.75484E-08-3.35453E-08-2.11659E-08
 -1       816-3.22858E-07-4.82038E-07 1.39344E-06 3.53200E-08 1.11150E-07-1.60278E-07
 -1       817-4.04289E-08-1.48183E-08 5.87132E-08-1.59483E-08-3.36279E-08 9.21441E-08
 -3
    1PSTEP                         4           1           1          
  100CL  101 1.000000000         817                     0    1           1
 -4  ERROR       1    1
 -5  STR(%)      1    1    0    0
 -1         1 2.27649E+01
 -1         2 2.30830E+01
 -1         3 3.31517E+01
 -1         4 3.31517E+01
 -1         5 3.04478E+01
 -1         6 3.31517E+01
 -1         7 1.57094E+01
 -1         8 1.24652E+01
 -1         9 2.58747E+01
 -1        10 2.61422E+01
 -1        11 2.48916E+01
 -1        12 3.08662E+01
 -1        13 2.19427E+01
 -1        14 3.14043E+01
 -1        15 2.28070E+01
 -1        16 2.23051E+01
 -1        17 2.29240E+01
 -1        18 2.58465E+01
 -1        19 2.99369E+01
 -1        20 2.61333E+01
 -1        21 1.98626E+01
 -1        22 2.52316E+01
 -1        23 2.47840E+01
 -1        24 2.56430E+01
 -1        25 1.65411E+01
 -1        26 2.42559E+01
 -1        27 2.92033E+01
 -1        28 2.61551E+01
 -1        29 2.44648E+01
 -1        30 2.78917E+01
 -1        31 2.80351E+01
 -1        32 2.29979E+01
 -1        33 2.25471E+01
 -1        34 2.50078E+01
 -1        35 2.52135E+01
 -1        36 2.10921E+01
 -1        37 2.03985E+01
 -1        38 2.67296E+01
 -1        39 2.76792E+01
 -1        40 2.46190E+01
 -1        41 2.07577E+01
 -1        42 2.99369E+01
 -1        43 2.61333E+01
 -1        44 2.31076E+01
 -1        45 2.62485E+01
 -1        46 2.62485E+01
 -1        47 2.54434E+01
 -1        48 2.14284E+01
 -1        49 2.33856E+01
 -1        50 2.92033E+01
 -1        51 2.05321E+01
 -1        52 2.17613E+01
 -1        53 2.53473E+01
 -1        54 2.80351E+01
 -1        55 2.46204E+01
 -1        56 2.46781E+01
 -1        57 2.62485E+01
 -1        58 2.58459E+01
 -1        59 2.34359E+01
 -1        60 2.24070E+01
 -1        61 2.62945E+01
 -1        62 2.48677E+01
 -1        63 2.16485E+01
 -1        64 3.31517E+01
 -1        65 3.17997E+01
 -1        66 3.17997E+01
 -1        67 3.31517E+01
 -1        68 2.12338E+01
 -1        69 2.12338E+01
 -1        70 2.04659E+01
 -1        71 2.08820E+01
 -1        72 2.08820E+01
 -1        73 2.02626E+01
 -1        74 2.12253E+01
 -1        75 2.12253E+01
 -1        76 1.98625E+01
 -1        77 2.14944E+01
 -1        78 2.14944E+01
 -1        79 1.84716E+01
 -1        80 2.12338E+01
 -1        81 2.08499E+01
 -1        82 2.06740E+01
 -1        83 2.08820E+01
 -1        84 2.05723E+01
 -1        85 2.07440E+01
 -1        86 2.12253E+01
 -1        87 2.05439E+01
 -1        88 2.06784E+01
 -1        89 2.14944E+01
 -1        90 1.86019E+01
 -1        91 2.21244E+01
 -1        92 2.21244E+01
 -1        93 2.19998E+01
 -1        94 2.13554E+01
 -1        95 2.13554E+01
 -1        96 2.08280E+01
 -1        97 2.12325E+01
 -1        98 2.12325E+01
 -1        99 2.16466E+01
 -1       100 2.23763E+01
 -1       101 2.23763E+01
 -1       102 1.72948E+01
 -1       103 2.21244E+01
 -1       104 2.20621E+01
 -1       105 2.16776E+01
 -1       106 2.13554E+01
 -1       107 2.10917E+01
 -1       108 2.10303E+01
 -1       109 2.12325E+01
 -1       110 2.14396E+01
 -1       111 2.20115E+01
 -1       112 2.23763E+01
 -1       113 1.74208E+01
 -1       114 3.14043E+01
 -1       115 2.86395E+01
 -1       116 3.22780E+01
 -1       117 3.14043E+01
 -1       118 2.87732E+01
 -1       119 3.22780E+01
 -1       120 2.60084E+01
 -1       121 3.08662E+01
 -1       122 2.78789E+01
 -1       123 3.06570E+01
 -1       124 2.85042E+01
 -1       125 2.78789E+01
 -1       126 3.31517E+01
 -1       127 2.75472E+01
 -1       128 3.31517E+01
 -1       129 2.34171E+01
 -1       130 2.86395E+01
 -1       131 2.66735E+01
 -1       132 1.71242E+01
 -1       133 2.17157E+01
 -1       134 1.64168E+01
 -1       135 1.94200E+01
 -1       136 1.70905E+01
 -1       137 2.68366E+01
 -1       138 2.68547E+01
 -1       139 2.15260E+01
 -1       140 1.57972E+01
 -1       141 2.29104E+01
 -1       142 2.69526E+01
 -1       143 3.03102E+01
 -1       144 2.39519E+01
 -1       145 2.63409E+01
 -1       146 2.45223E+01
 -1       147 2.23213E+01
 -1       148 2.20863E+01
 -1       149 2.23051E+01
 -1       150 2.19155E+01
 -1       151 1.86616E+01
 -1       152 1.93538E+01
 -1       153 2.49315E+01
 -1       154 2.86314E+01
 -1       155 2.71311E+01
 -1       156 2.51464E+01
 -1       157 2.54316E+01
 -1       158 2.34218E+01
 -1       159 2.22038E+01
 -1       160 2.21957E+01
 -1       161 2.23051E+01
 -1       162 2.48916E+01
 -1       163 1.78402E+01
 -1       164 2.40584E+01
 -1       165 2.40677E+01
 -1       166 2.77459E+01
 -1       167 2.63409E+01
 -1       168 2.63409E+01
 -1       169 2.49314E+01
 -1       170 2.49314E+01
 -1       171 2.28535E+01
 -1       172 2.61422E+01
 -1       173 2.38493E+01
 -1       174 2.13659E+01
 -1       175 2.09493E+01
 -1       176 2.40631E+01
 -1       177 2.59068E+01
 -1       178 2.70434E+01
 -1       179 2.63409E+01
 -1       180 2.56362E+01
 -1       181 2.49314E+01
 -1       182 2.38925E+01
 -1       183 2.44978E+01
 -1       184 2.44746E+01
 -1       185 2.91301E+01
 -1       186 2.85781E+01
 -1       187 2.59475E+01
 -1       188 2.61065E+01
 -1       189 2.56715E+01
 -1       190 2.58305E+01
 -1       191 2.46679E+01
 -1       192 2.48311E+01
 -1       193 2.72123E+01
 -1       194 2.76426E+01
 -1       195 2.93974E+01
 -1       196 2.93974E+01
 -1       197 2.89679E+01
 -1       198 2.89679E+01
 -1       199 2.97001E+01
 -1       200 2.83481E+01
 -1       201 2.55432E+01
 -1       202 2.92975E+01
 -1       203 2.78397E+01
 -1       204 2.91916E+01
 -1       205 2.83481E+01
 -1       206 2.57401E+01
 -1       207 2.92575E+01
 -1       208 2.61333E+01
 -1       209 2.80351E+01
 -1       210 2.99369E+01
 -1       211 2.92575E+01
 -1       212 2.14851E+01
 -1       213 2.46204E+01
 -1       214 2.30555E+01
 -1       215 2.09922E+01
 -1       216 2.28422E+01
 -1       217 1.89847E+01
 -1       218 2.62945E+01
 -1       219 2.38208E+01
 -1       220 2.91667E+01
 -1       221 2.92033E+01
 -1       222 2.91667E+01
 -1       223 2.58465E+01
 -1       224 2.08820E+01
 -1       225 2.58217E+01
 -1       226 2.91301E+01
 -1       227 2.26845E+01
 -1       228 2.58064E+01
 -1       229 2.14284E+01
 -1       230 2.52316E+01
 -1       231 2.13084E+01
 -1       232 2.56430E+01
 -1       233 2.99369E+01
 -1       234 2.99369E+01
 -1       235 2.44648E+01
 -1       236 2.58465E+01
 -1       237 2.59884E+01
 -1       238 2.44524E+01
 -1       239 2.58341E+01
 -1       240 2.35401E+01
 -1       241 2.07779E+01
 -1       242 2.07655E+01
 -1       243 2.36580E+01
 -1       244 2.78917E+01
 -1       245 2.99369E+01
 -1       246 2.78917E+01
 -1       247 2.99369E+01
 -1       248 2.80351E+01
 -1       249 2.99369E+01
 -1       250 2.37208E+01
 -1       251 2.05855E+01
 -1       252 2.56226E+01
 -1       253 2.03723E+01
 -1       254 2.30568E+01
 -1       255 2.10952E+01
 -1       256 2.52316E+01
 -1       257 2.50078E+01
 -1       258 2.30568E+01
 -1       259 2.52135E+01
 -1       260 2.56430E+01
 -1       261 2.54373E+01
 -1       262 2.35357E+01
 -1       263 1.89847E+01
 -1       264 2.35357E+01
 -1       265 1.96128E+01
 -1       266 2.34702E+01
 -1       267 2.20565E+01
 -1       268 2.50312E+01
 -1       269 2.75049E+01
 -1       270 2.42455E+01
 -1       271 2.91667E+01
 -1       272 2.76426E+01
 -1       273 2.74682E+01
 -1       274 2.74759E+01
 -1       275 2.55853E+01
 -1       276 2.55853E+01
 -1       277 2.52014E+01
 -1       278 2.55853E+01
 -1       279 2.10952E+01
 -1       280 2.08872E+01
 -1       281 2.08820E+01
 -1       282 2.08820E+01
 -1       283 2.27471E+01
 -1       284 2.30568E+01
 -1       285 2.34342E+01
 -1       286 2.29528E+01
 -1       287 2.13269E+01
 -1       288 2.13269E+01
 -1       289 2.12735E+01
 -1       290 2.19549E+01
 -1       291 2.36504E+01
 -1       292 2.28344E+01
 -1       293 2.53122E+01
 -1       294 2.53122E+01
 -1       295 2.45822E+01
 -1       296 2.13554E+01
 -1       297 2.37022E+01
 -1       298 2.92033E+01
 -1       299 2.14284E+01
 -1       300 2.92033E+01
 -1       301 2.12325E+01
 -1       302 2.62485E+01
 -1       303 2.61333E+01
 -1       304 2.56430E+01
 -1       305 2.85781E+01
 -1       306 2.55517E+01
 -1       307 2.26700E+01
 -1       308 2.36736E+01
 -1       309 2.32336E+01
 -1       310 2.21171E+01
 -1       311 2.41422E+01
 -1       312 1.85237E+01
 -1       313 2.33533E+01
 -1       314 2.30393E+01
 -1       315 1.80837E+01
 -1       316 2.92575E+01
 -1       317 2.46679E+01
 -1       318 2.65802E+01
 -1       319 2.58425E+01
 -1       320 2.77443E+01
 -1       321 2.70649E+01
 -1       322 2.46204E+01
 -1       323 2.61333E+01
 -1       324 2.58425E+01
 -1       325 2.38020E+01
 -1       326 2.22315E+01
 -1       327 2.37443E+01
 -1       328 2.62485E+01
 -1       329 2.62485E+01
 -1       330 2.38020E+01
 -1       331 2.55432E+01
 -1       332 2.59458E+01
 -1       333 2.59458E+01
 -1       334 2.13305E+01
 -1       335 2.33379E+01
 -1       336 2.34378E+01
 -1       337 2.24070E+01
 -1       338 2.14284E+01
 -1       339 2.13305E+01
 -1       340 2.92033E+01
 -1       341 2.62945E+01
 -1       342 2.53159E+01
 -1       343 2.48677E+01
 -1       344 2.92033E+01
 -1       345 2.92033E+01
 -1       346 2.64528E+01
 -1       347 2.53512E+01
 -1       348 2.53512E+01
 -1       349 2.38380E+01
 -1       350 2.37757E+01
 -1       351 2.40665E+01
 -1       352 2.37443E+01
 -1       353 2.13554E+01
 -1       354 2.13554E+01
 -1       355 2.38020E+01
 -1       356 2.35382E+01
 -1       357 2.32355E+01
 -1       358 2.34378E+01
 -1       359 2.12325E+01
 -1       360 2.12325E+01
 -1       361 2.13305E+01
 -1       362 2.15375E+01
 -1       363 2.54250E+01
 -1       364 2.57898E+01
 -1       365 2.57898E+01
 -1       366 2.57898E+01
 -1       367 3.22780E+01
 -1       368 3.14043E+01
 -1       369 2.86395E+01
 -1       370 3.20089E+01
 -1       371 3.11353E+01
 -1       372 3.11353E+01
 -1       373 3.08662E+01
 -1       374 3.17997E+01
 -1       375 3.20089E+01
 -1       376 2.90216E+01
 -1       377 3.31517E+01
 -1       378 3.22780E+01
 -1       379 3.14043E+01
 -1       380 3.22780E+01
 -1       381 2.16466E+01
 -1       382 2.23763E+01
 -1       383 2.21244E+01
 -1       384 2.19998E+01
 -1       385 2.09627E+01
 -1       386 2.12325E+01
 -1       387 1.84074E+01
 -1       388 2.70628E+01
 -1       389 1.98803E+01
 -1       390 1.67975E+01
 -1       391 1.68325E+01
 -1       392 2.17157E+01
 -1       393 2.08280E+01
 -1       394 2.08280E+01
 -1       395 2.13554E+01
 -1       396 2.13084E+01
 -1       397 1.62709E+01
 -1       398 1.90331E+01
 -1       399 1.87126E+01
 -1       400 2.16051E+01
 -1       401 1.69783E+01
 -1       402 1.94200E+01
 -1       403 1.46314E+01
 -1       404 1.94610E+01
 -1       405 1.54363E+01
 -1       406 2.03918E+01
 -1       407 2.00616E+01
 -1       408 1.92566E+01
 -1       409 2.16791E+01
 -1       410 2.16791E+01
 -1       411 2.10023E+01
 -1       412 2.05570E+01
 -1       413 1.83564E+01
 -1       414 2.12329E+01
 -1       415 2.16168E+01
 -1       416 2.20621E+01
 -1       417 2.10952E+01
 -1       418 2.08872E+01
 -1       419 2.16541E+01
 -1       420 2.11187E+01
 -1       421 2.11187E+01
 -1       422 2.13319E+01
 -1       423 2.05453E+01
 -1       424 2.08550E+01
 -1       425 2.10917E+01
 -1       426 2.05453E+01
 -1       427 2.10267E+01
 -1       428 2.08280E+01
 -1       429 2.12289E+01
 -1       430 2.12289E+01
 -1       431 2.10303E+01
 -1       432 2.10940E+01
 -1       433 2.04126E+01
 -1       434 2.10976E+01
 -1       435 2.07545E+01
 -1       436 2.15705E+01
 -1       437 2.13047E+01
 -1       438 2.19353E+01
 -1       439 2.19353E+01
 -1       440 2.20115E+01
 -1       441 2.47195E+01
 -1       442 2.42786E+01
 -1       443 2.43893E+01
 -1       444 2.21244E+01
 -1       445 2.21244E+01
 -1       446 2.10023E+01
 -1       447 1.83389E+01
 -1       448 2.20621E+01
 -1       449 2.19998E+01
 -1       450 2.16541E+01
 -1       451 2.13319E+01
 -1       452 2.13554E+01
 -1       453 2.13554E+01
 -1       454 2.10917E+01
 -1       455 2.08280E+01
 -1       456 2.10303E+01
 -1       457 2.08280E+01
 -1       458 2.12325E+01
 -1       459 2.12325E+01
 -1       460 2.13047E+01
 -1       461 2.10976E+01
 -1       462 2.20115E+01
 -1       463 2.16466E+01
 -1       464 2.23763E+01
 -1       465 2.23763E+01
 -1       466 2.47195E+01
 -1       467 2.27351E+01
 -1       468 1.92741E+01
 -1       469 2.17157E+01
 -1       470 2.43893E+01
 -1       471 2.07980E+01
 -1       472 2.48916E+01
 -1       473 2.61422E+01
 -1       474 2.61422E+01
 -1       475 2.60084E+01
 -1       476 2.40899E+01
 -1       477 2.40899E+01
 -1       478 2.42236E+01
 -1       479 2.44746E+01
 -1       480 2.61422E+01
 -1       481 2.61422E+01
 -1       482 2.38493E+01
 -1       483 2.34171E+01
 -1       484 2.48916E+01
 -1       485 2.48916E+01
 -1       486 2.48916E+01
 -1       487 2.21239E+01
 -1       488 2.17343E+01
 -1       489 2.32088E+01
 -1       490 1.68187E+01
 -1       491 1.96831E+01
 -1       492 2.32088E+01
 -1       493 2.34844E+01
 -1       494 1.99278E+01
 -1       495 2.55102E+01
 -1       496 2.34891E+01
 -1       497 2.90281E+01
 -1       498 2.73493E+01
 -1       499 2.51464E+01
 -1       500 2.83256E+01
 -1       501 2.63409E+01
 -1       502 2.54316E+01
 -1       503 2.63409E+01
 -1       504 2.36263E+01
 -1       505 2.47269E+01
 -1       506 2.35089E+01
 -1       507 2.36263E+01
 -1       508 2.25793E+01
 -1       509 2.24699E+01
 -1       510 2.42236E+01
 -1       511 2.53458E+01
 -1       512 2.58747E+01
 -1       513 2.49314E+01
 -1       514 3.03082E+01
 -1       515 3.03082E+01
 -1       516 2.51826E+01
 -1       517 2.63409E+01
 -1       518 2.18374E+01
 -1       519 2.16016E+01
 -1       520 1.57789E+01
 -1       521 3.03102E+01
 -1       522 2.20712E+01
 -1       523 2.16817E+01
 -1       524 2.40899E+01
 -1       525 2.40899E+01
 -1       526 2.38560E+01
 -1       527 2.33543E+01
 -1       528 2.04899E+01
 -1       529 2.35100E+01
 -1       530 1.57880E+01
 -1       531 1.93446E+01
 -1       532 2.04807E+01
 -1       533 2.66093E+01
 -1       534 2.86304E+01
 -1       535 2.30435E+01
 -1       536 2.86314E+01
 -1       537 3.03102E+01
 -1       538 3.03092E+01
 -1       539 3.03092E+01
 -1       540 2.71301E+01
 -1       541 3.03092E+01
 -1       542 2.51464E+01
 -1       543 2.63409E+01
 -1       544 2.83246E+01
 -1       545 2.54316E+01
 -1       546 2.47269E+01
 -1       547 2.36263E+01
 -1       548 2.56362E+01
 -1       549 2.35089E+01
 -1       550 2.18440E+01
 -1       551 2.19534E+01
 -1       552 2.32665E+01
 -1       553 2.37382E+01
 -1       554 2.56103E+01
 -1       555 2.54031E+01
 -1       556 2.51386E+01
 -1       557 2.52642E+01
 -1       558 2.55287E+01
 -1       559 2.58434E+01
 -1       560 2.78270E+01
 -1       561 3.03082E+01
 -1       562 2.78270E+01
 -1       563 2.77454E+01
 -1       564 2.53458E+01
 -1       565 2.61422E+01
 -1       566 2.49314E+01
 -1       567 3.03102E+01
 -1       568 2.41088E+01
 -1       569 2.14163E+01
 -1       570 2.35460E+01
 -1       571 2.48916E+01
 -1       572 2.16016E+01
 -1       573 1.87272E+01
 -1       574 3.03102E+01
 -1       575 2.48916E+01
 -1       576 2.38493E+01
 -1       577 2.44746E+01
 -1       578 2.61422E+01
 -1       579 2.55169E+01
 -1       580 1.96282E+01
 -1       581 2.31539E+01
 -1       582 2.31539E+01
 -1       583 2.13928E+01
 -1       584 1.82837E+01
 -1       585 2.00718E+01
 -1       586 2.40883E+01
 -1       587 2.40836E+01
 -1       588 2.14180E+01
 -1       589 2.90281E+01
 -1       590 2.71890E+01
 -1       591 2.72095E+01
 -1       592 2.83256E+01
 -1       593 2.90281E+01
 -1       594 3.03102E+01
 -1       595 2.49434E+01
 -1       596 2.49434E+01
 -1       597 2.69281E+01
 -1       598 2.42387E+01
 -1       599 2.49314E+01
 -1       600 2.49314E+01
 -1       601 2.42387E+01
 -1       602 2.38925E+01
 -1       603 2.38719E+01
 -1       604 2.22276E+01
 -1       605 2.32665E+01
 -1       606 2.38719E+01
 -1       607 2.51386E+01
 -1       608 2.55368E+01
 -1       609 2.57440E+01
 -1       610 2.37792E+01
 -1       611 2.33811E+01
 -1       612 2.44459E+01
 -1       613 2.47273E+01
 -1       614 2.72095E+01
 -1       615 2.78280E+01
 -1       616 2.27625E+01
 -1       617 2.46476E+01
 -1       618 2.11187E+01
 -1       619 2.08550E+01
 -1       620 2.13554E+01
 -1       621 2.10917E+01
 -1       622 2.11187E+01
 -1       623 2.11955E+01
 -1       624 2.15375E+01
 -1       625 2.20565E+01
 -1       626 2.21656E+01
 -1       627 2.18236E+01
 -1       628 2.30298E+01
 -1       629 2.30298E+01
 -1       630 2.35382E+01
 -1       631 2.57401E+01
 -1       632 2.35382E+01
 -1       633 2.13305E+01
 -1       634 2.12325E+01
 -1       635 2.13305E+01
 -1       636 2.11282E+01
 -1       637 2.10303E+01
 -1       638 2.16541E+01
 -1       639 2.13084E+01
 -1       640 2.40665E+01
 -1       641 2.37208E+01
 -1       642 2.37208E+01
 -1       643 2.57898E+01
 -1       644 2.54250E+01
 -1       645 2.37265E+01
 -1       646 2.75049E+01
 -1       647 2.40913E+01
 -1       648 2.60306E+01
 -1       649 2.59683E+01
 -1       650 2.38380E+01
 -1       651 2.37757E+01
 -1       652 2.77443E+01
 -1       653 2.35653E+01
 -1       654 2.13305E+01
 -1       655 2.14284E+01
 -1       656 2.59439E+01
 -1       657 2.80351E+01
 -1       658 2.60306E+01
 -1       659 2.77443E+01
 -1       660 2.92575E+01
 -1       661 2.53512E+01
 -1       662 2.35357E+01
 -1       663 2.32355E+01
 -1       664 2.54373E+01
 -1       665 2.57898E+01
 -1       666 2.91667E+01
 -1       667 2.57532E+01
 -1       668 2.91667E+01
 -1       669 2.56430E+01
 -1       670 2.32355E+01
 -1       671 2.49086E+01
 -1       672 2.42292E+01
 -1       673 2.81330E+01
 -1       674 2.80964E+01
 -1       675 2.31817E+01
 -1       676 2.31817E+01
 -1       677 2.08859E+01
 -1       678 2.38719E+01
 -1       679 2.16016E+01
 -1       680 2.38719E+01
 -1       681 2.38719E+01
 -1       682 2.61422E+01
 -1       683 2.10548E+01
 -1       684 2.27090E+01
 -1       685 2.53825E+01
 -1       686 2.58552E+01
 -1       687 2.57401E+01
 -1       688 2.32935E+01
 -1       689 2.22639E+01
 -1       690 2.66128E+01
 -1       691 2.72922E+01
 -1       692 2.37443E+01
 -1       693 2.13319E+01
 -1       694 2.11955E+01
 -1       695 2.13395E+01
 -1       696 2.28634E+01
 -1       697 2.56430E+01
 -1       698 2.37687E+01
 -1       699 2.64422E+01
 -1       700 2.52346E+01
 -1       701 2.48916E+01
 -1       702 2.33645E+01
 -1       703 2.33645E+01
 -1       704 2.32088E+01
 -1       705 2.42933E+01
 -1       706 2.47620E+01
 -1       707 2.41749E+01
 -1       708 2.37062E+01
 -1       709 2.99369E+01
 -1       710 2.99369E+01
 -1       711 2.22312E+01
 -1       712 2.06899E+01
 -1       713 2.80964E+01
 -1       714 2.91667E+01
 -1       715 2.91301E+01
 -1       716 2.74759E+01
 -1       717 2.64161E+01
 -1       718 2.60084E+01
 -1       719 2.60084E+01
 -1       720 2.19549E+01
 -1       721 2.45177E+01
 -1       722 1.72530E+01
 -1       723 3.03102E+01
 -1       724 3.03092E+01
 -1       725 3.03102E+01
 -1       726 3.03092E+01
 -1       727 2.36455E+01
 -1       728 2.53831E+01
 -1       729 2.16268E+01
 -1       730 2.06090E+01
 -1       731 2.38719E+01
 -1       732 2.13319E+01
 -1       733 2.20565E+01
 -1       734 2.14284E+01
 -1       735 2.30351E+01
 -1       736 2.29979E+01
 -1       737 2.67296E+01
 -1       738 2.80351E+01
 -1       739 2.61333E+01
 -1       740 2.34359E+01
 -1       741 2.92033E+01
 -1       742 2.92033E+01
 -1       743 2.38653E+01
 -1       744 2.85781E+01
 -1       745 2.92575E+01
 -1       746 2.46149E+01
 -1       747 2.78280E+01
 -1       748 2.78270E+01
 -1       749 2.53458E+01
 -1       750 2.56103E+01
 -1       751 2.52642E+01
 -1       752 3.03092E+01
 -1       753 2.32995E+01
 -1       754 2.46457E+01
 -1       755 2.72085E+01
 -1       756 2.86314E+01
 -1       757 3.03102E+01
 -1       758 3.03102E+01
 -1       759 2.22276E+01
 -1       760 2.14711E+01
 -1       761 2.71833E+01
 -1       762 1.99186E+01
 -1       763 1.72622E+01
 -1       764 2.52470E+01
 -1       765 2.07400E+01
 -1       766 2.66128E+01
 -1       767 2.69271E+01
 -1       768 2.83246E+01
 -1       769 2.32665E+01
 -1       770 2.65802E+01
 -1       771 2.72123E+01
 -1       772 2.71880E+01
 -1       773 1.86067E+01
 -1       774 2.07225E+01
 -1       775 2.54031E+01
 -1       776 2.51386E+01
 -1       777 2.44459E+01
 -1       778 1.85564E+01
 -1       779 2.63409E+01
 -1       780 2.49434E+01
 -1       781 2.49314E+01
 -1       782 2.49314E+01
 -1       783 2.63409E+01
 -1       784 2.49314E+01
 -1       785 2.56362E+01
 -1       786 2.56362E+01
 -1       787 2.38925E+01
 -1       788 2.01785E+01
 -1       789 2.91916E+01
 -1       790 3.14043E+01
 -1       791 2.81479E+01
 -1       792 3.22780E+01
 -1       793 2.97001E+01
 -1       794 2.93974E+01
 -1       795 2.93974E+01
 -1       796 2.48916E+01
 -1       797 2.18900E+01
 -1       798 2.83481E+01
 -1       799 2.97001E+01
 -1       800 2.93974E+01
 -1       801 2.61422E+01
 -1       802 2.58747E+01
 -1       803 3.31517E+01
 -1       804 3.31517E+01
 -1       805 2.97001E+01
 -1       806 2.81479E+01
 -1       807 2.86395E+01
 -1       808 2.66208E+01
 -1       809 2.87732E+01
 -1       810 2.60084E+01
 -1       811 2.85042E+01
 -1       812 2.78789E+01
 -1       813 2.34171E+01
 -1       814 3.11353E+01
 -1       815 3.20089E+01
 -1       816 2.83704E+01
 -1       817 2.91916E+01
 -3
 9999
