    1C
    1UUSER                                                              
    1UDATE              04.september.2026                               
    1UTIME              23:36:41                                        
    1UHOST                                                              
    1UPGM               CalculiX                                        
    1UVERSION           Version 2.18                             
    1UCOMPILETIME       Thu Oct 14 16:21:20 EEST 2021                    
    1UDIR                                                               
    1UDBN                                                               
    1UMAT    1FEMPART_MATERIAL                                          
    2C                           782                                     1
 -1         1-5.00000E-15 5.00000E+00 2.12000E+02
 -1         2-5.00000E-15-5.00000E+00 2.12000E+02
 -1         3-2.00000E-15 5.00000E+00 2.00000E+02
 -1         4-2.00000E-15-5.00000E+00 2.00000E+02
 -1         5-5.00000E+00-3.00000E+00 1.80000E+02
 -1         6-5.00000E+00-3.00000E+00 4.80000E+01
 -1         7-5.00000E+00 3.00000E+00 1.80000E+02
 -1         8-5.00000E+00 3.00000E+00 4.80000E+01
 -1         9 5.00000E+00-3.00000E+00 1.80000E+02
 -1        10 5.00000E+00-3.00000E+00 4.80000E+01
 -1        11 5.00000E+00 3.00000E+00 1.80000E+02
 -1        12 5.00000E+00 3.00000E+00 4.80000E+01
 -1        13-7.00000E-15 5.00000E+00 7.60000E+01
 -1        14-7.00000E-15-5.00000E+00 7.60000E+01
 -1        15 1.00000E+01 5.00000E+00 2.09321E+02
 -1        16 1.73205E+01 5.00000E+00 2.02000E+02
 -1        17 2.00000E+01 5.00000E+00 1.92000E+02
 -1        18 1.73205E+01 5.00000E+00 1.82000E+02
 -1        19 1.00000E+01 5.00000E+00 1.74679E+02
 -1        20-1.13014E-13 5.00000E+00 1.72000E+02
 -1        21-1.00000E+01 5.00000E+00 1.74679E+02
 -1        22-1.73205E+01 5.00000E+00 1.82000E+02
 -1        23-2.00000E+01 5.00000E+00 1.92000E+02
 -1        24-1.73205E+01 5.00000E+00 2.02000E+02
 -1        25-1.00000E+01 5.00000E+00 2.09321E+02
 -1        26 5.17638E+00 5.00000E+00 2.11319E+02
 -1        27 1.41421E+01 5.00000E+00 2.06142E+02
 -1        28 1.93185E+01 5.00000E+00 1.97176E+02
 -1        29 1.93185E+01 5.00000E+00 1.86824E+02
 -1        30 1.41421E+01 5.00000E+00 1.77858E+02
 -1        31 5.17638E+00 5.00000E+00 1.72681E+02
 -1        32-5.17638E+00 5.00000E+00 1.72681E+02
 -1        33-1.41421E+01 5.00000E+00 1.77858E+02
 -1        34-1.93185E+01 5.00000E+00 1.86824E+02
 -1        35-1.93185E+01 5.00000E+00 1.97176E+02
 -1        36-1.41421E+01 5.00000E+00 2.06142E+02
 -1        37-5.17638E+00 5.00000E+00 2.11319E+02
 -1        38-4.90000E-15 0.00000E+00 2.12000E+02
 -1        39 1.00000E+01-5.00000E+00 2.09321E+02
 -1        40 1.73205E+01-5.00000E+00 2.02000E+02
 -1        41 2.00000E+01-5.00000E+00 1.92000E+02
 -1        42 1.73205E+01-5.00000E+00 1.82000E+02
 -1        43 1.00000E+01-5.00000E+00 1.74679E+02
 -1        44-1.13014E-13-5.00000E+00 1.72000E+02
 -1        45-1.00000E+01-5.00000E+00 1.74679E+02
 -1        46-1.73205E+01-5.00000E+00 1.82000E+02
 -1        47-2.00000E+01-5.00000E+00 1.92000E+02
 -1        48-1.73205E+01-5.00000E+00 2.02000E+02
 -1        49-1.00000E+01-5.00000E+00 2.09321E+02
 -1        50 5.17638E+00-5.00000E+00 2.11319E+02
 -1        51 1.41421E+01-5.00000E+00 2.06142E+02
 -1        52 1.93185E+01-5.00000E+00 1.97176E+02
 -1        53 1.93185E+01-5.00000E+00 1.86824E+02
 -1        54 1.41421E+01-5.00000E+00 1.77858E+02
 -1        55 5.17638E+00-5.00000E+00 1.72681E+02
 -1        56-5.17638E+00-5.00000E+00 1.72681E+02
 -1        57-1.41421E+01-5.00000E+00 1.77858E+02
 -1        58-1.93185E+01-5.00000E+00 1.86824E+02
 -1        59-1.93185E+01-5.00000E+00 1.97176E+02
 -1        60-1.41421E+01-5.00000E+00 2.06142E+02
 -1        61-5.17638E+00-5.00000E+00 2.11319E+02
 -1        62 4.00000E+00 5.00000E+00 1.98928E+02
 -1        63 6.92820E+00 5.00000E+00 1.96000E+02
 -1        64 8.00000E+00 5.00000E+00 1.92000E+02
 -1        65 6.92820E+00 5.00000E+00 1.88000E+02
 -1        66 4.00000E+00 5.00000E+00 1.85072E+02
 -1        67-4.52056E-14 5.00000E+00 1.84000E+02
 -1        68-4.00000E+00 5.00000E+00 1.85072E+02
 -1        69-6.92820E+00 5.00000E+00 1.88000E+02
 -1        70-8.00000E+00 5.00000E+00 1.92000E+02
 -1        71-6.92820E+00 5.00000E+00 1.96000E+02
 -1        72-4.00000E+00 5.00000E+00 1.98928E+02
 -1        73 2.07055E+00 5.00000E+00 1.99727E+02
 -1        74 5.65685E+00 5.00000E+00 1.97657E+02
 -1        75 7.72741E+00 5.00000E+00 1.94071E+02
 -1        76 7.72741E+00 5.00000E+00 1.89929E+02
 -1        77 5.65685E+00 5.00000E+00 1.86343E+02
 -1        78 2.07055E+00 5.00000E+00 1.84273E+02
 -1        79-2.07055E+00 5.00000E+00 1.84273E+02
 -1        80-5.65685E+00 5.00000E+00 1.86343E+02
 -1        81-7.72741E+00 5.00000E+00 1.89929E+02
 -1        82-7.72741E+00 5.00000E+00 1.94071E+02
 -1        83-5.65685E+00 5.00000E+00 1.97657E+02
 -1        84-2.07055E+00 5.00000E+00 1.99727E+02
 -1        85 4.00000E+00-5.00000E+00 1.98928E+02
 -1        86 6.92820E+00-5.00000E+00 1.96000E+02
 -1        87 8.00000E+00-5.00000E+00 1.92000E+02
 -1        88 6.92820E+00-5.00000E+00 1.88000E+02
 -1        89 4.00000E+00-5.00000E+00 1.85072E+02
 -1        90-4.52056E-14-5.00000E+00 1.84000E+02
 -1        91-4.00000E+00-5.00000E+00 1.85072E+02
 -1        92-6.92820E+00-5.00000E+00 1.88000E+02
 -1        93-8.00000E+00-5.00000E+00 1.92000E+02
 -1        94-6.92820E+00-5.00000E+00 1.96000E+02
 -1        95-4.00000E+00-5.00000E+00 1.98928E+02
 -1        96 2.07055E+00-5.00000E+00 1.99727E+02
 -1        97 5.65685E+00-5.00000E+00 1.97657E+02
 -1        98 7.72741E+00-5.00000E+00 1.94071E+02
 -1        99 7.72741E+00-5.00000E+00 1.89929E+02
 -1       100 5.65685E+00-5.00000E+00 1.86343E+02
 -1       101 2.07055E+00-5.00000E+00 1.84273E+02
 -1       102-2.07055E+00-5.00000E+00 1.84273E+02
 -1       103-5.65685E+00-5.00000E+00 1.86343E+02
 -1       104-7.72741E+00-5.00000E+00 1.89929E+02
 -1       105-7.72741E+00-5.00000E+00 1.94071E+02
 -1       106-5.65685E+00-5.00000E+00 1.97657E+02
 -1       107-2.07055E+00-5.00000E+00 1.99727E+02
 -1       108-1.96000E-15-1.66667E+00 2.00000E+02
 -1       109-1.96000E-15 1.66667E+00 2.00000E+02
 -1       110-1.96000E-15-3.33333E+00 2.00000E+02
 -1       111-1.96000E-15 8.88178E-16 2.00000E+02
 -1       112-1.96000E-15 3.33333E+00 2.00000E+02
 -1       113-5.00000E+00-3.00000E+00 1.14000E+02
 -1       114-5.00000E+00 0.00000E+00 1.80000E+02
 -1       115-5.00000E+00 3.00000E+00 1.14000E+02
 -1       116-5.00000E+00 0.00000E+00 4.80000E+01
 -1       117 5.00000E+00-3.00000E+00 1.14000E+02
 -1       118 5.00000E+00 0.00000E+00 1.80000E+02
 -1       119 5.00000E+00 3.00000E+00 1.14000E+02
 -1       120 5.00000E+00 0.00000E+00 4.80000E+01
 -1       121 0.00000E+00-3.00000E+00 4.80000E+01
 -1       122 0.00000E+00-3.00000E+00 1.80000E+02
 -1       123 0.00000E+00 3.00000E+00 4.80000E+01
 -1       124 0.00000E+00 3.00000E+00 1.80000E+02
 -1       125 1.40000E+01 5.00000E+00 7.22487E+01
 -1       126 2.42487E+01 5.00000E+00 6.20000E+01
 -1       127 2.80000E+01 5.00000E+00 4.80000E+01
 -1       128 2.42487E+01 5.00000E+00 3.40000E+01
 -1       129 1.40000E+01 5.00000E+00 2.37513E+01
 -1       130-1.70654E-13 5.00000E+00 2.00000E+01
 -1       131-1.40000E+01 5.00000E+00 2.37513E+01
 -1       132-2.42487E+01 5.00000E+00 3.40000E+01
 -1       133-2.80000E+01 5.00000E+00 4.80000E+01
 -1       134-2.42487E+01 5.00000E+00 6.20000E+01
 -1       135-1.40000E+01 5.00000E+00 7.22487E+01
 -1       136 7.24693E+00 5.00000E+00 7.50459E+01
 -1       137 1.97990E+01 5.00000E+00 6.77990E+01
 -1       138 2.70459E+01 5.00000E+00 5.52469E+01
 -1       139 2.70459E+01 5.00000E+00 4.07531E+01
 -1       140 1.97990E+01 5.00000E+00 2.82010E+01
 -1       141 7.24693E+00 5.00000E+00 2.09541E+01
 -1       142-7.24693E+00 5.00000E+00 2.09541E+01
 -1       143-1.97990E+01 5.00000E+00 2.82010E+01
 -1       144-2.70459E+01 5.00000E+00 4.07531E+01
 -1       145-2.70459E+01 5.00000E+00 5.52469E+01
 -1       146-1.97990E+01 5.00000E+00 6.77990E+01
 -1       147-7.24693E+00 5.00000E+00 7.50459E+01
 -1       148-6.86000E-15 0.00000E+00 7.60000E+01
 -1       149 1.40000E+01-5.00000E+00 7.22487E+01
 -1       150 2.42487E+01-5.00000E+00 6.20000E+01
 -1       151 2.80000E+01-5.00000E+00 4.80000E+01
 -1       152 2.42487E+01-5.00000E+00 3.40000E+01
 -1       153 1.40000E+01-5.00000E+00 2.37513E+01
 -1       154-1.70654E-13-5.00000E+00 2.00000E+01
 -1       155-1.40000E+01-5.00000E+00 2.37513E+01
 -1       156-2.42487E+01-5.00000E+00 3.40000E+01
 -1       157-2.80000E+01-5.00000E+00 4.80000E+01
 -1       158-2.42487E+01-5.00000E+00 6.20000E+01
 -1       159-1.40000E+01-5.00000E+00 7.22487E+01
 -1       160 7.24693E+00-5.00000E+00 7.50459E+01
 -1       161 1.97990E+01-5.00000E+00 6.77990E+01
 -1       162 2.70459E+01-5.00000E+00 5.52469E+01
 -1       163 2.70459E+01-5.00000E+00 4.07531E+01
 -1       164 1.97990E+01-5.00000E+00 2.82010E+01
 -1       165 7.24693E+00-5.00000E+00 2.09541E+01
 -1       166-7.24693E+00-5.00000E+00 2.09541E+01
 -1       167-1.97990E+01-5.00000E+00 2.82010E+01
 -1       168-2.70459E+01-5.00000E+00 4.07531E+01
 -1       169-2.70459E+01-5.00000E+00 5.52469E+01
 -1       170-1.97990E+01-5.00000E+00 6.77990E+01
 -1       171-7.24693E+00-5.00000E+00 7.50459E+01
 -1       172 5.17638E+00 0.00000E+00 2.11319E+02
 -1       173-5.17638E+00 0.00000E+00 2.11319E+02
 -1       174 1.00000E+01 0.00000E+00 2.09321E+02
 -1       175-1.00000E+01 0.00000E+00 2.09321E+02
 -1       176 1.41421E+01 0.00000E+00 2.06142E+02
 -1       177 1.93185E+01 0.00000E+00 1.97176E+02
 -1       178 2.00000E+01 0.00000E+00 1.92000E+02
 -1       179 1.73205E+01 0.00000E+00 2.02000E+02
 -1       180 1.93185E+01 0.00000E+00 1.86824E+02
 -1       181 1.73205E+01 0.00000E+00 1.82000E+02
 -1       182 1.41421E+01 0.00000E+00 1.77858E+02
 -1       183 1.00000E+01 0.00000E+00 1.74679E+02
 -1       184 5.17638E+00 0.00000E+00 1.72681E+02
 -1       185-5.17638E+00 0.00000E+00 1.72681E+02
 -1       186-1.13014E-13 0.00000E+00 1.72000E+02
 -1       187-1.41421E+01 0.00000E+00 1.77858E+02
 -1       188-1.73205E+01 0.00000E+00 1.82000E+02
 -1       189-1.00000E+01 0.00000E+00 1.74679E+02
 -1       190-1.93185E+01 0.00000E+00 1.86824E+02
 -1       191-1.93185E+01 0.00000E+00 1.97176E+02
 -1       192-1.73205E+01 0.00000E+00 2.02000E+02
 -1       193-2.00000E+01 0.00000E+00 1.92000E+02
 -1       194-1.41421E+01 0.00000E+00 2.06142E+02
 -1       195 3.41624E+00 5.00000E+00 2.04750E+02
 -1       196 9.33333E+00 5.00000E+00 1.82667E+02
 -1       197-3.47208E+00 5.00000E+00 2.04541E+02
 -1       198-9.28680E+00 5.00000E+00 2.01090E+02
 -1       199-1.27496E+01 5.00000E+00 1.88584E+02
 -1       200-1.23808E+01 5.00000E+00 1.95279E+02
 -1       201-9.12493E+00 5.00000E+00 1.82723E+02
 -1       202 3.26367E+00 5.00000E+00 1.79403E+02
 -1       203 1.25970E+01 5.00000E+00 1.88736E+02
 -1       204-3.31021E+00 5.00000E+00 1.79646E+02
 -1       205 9.27749E+00 5.00000E+00 2.01125E+02
 -1       206 1.23539E+01 5.00000E+00 1.95310E+02
 -1       207 6.70812E+00 5.00000E+00 2.07035E+02
 -1       208 1.70812E+00 5.00000E+00 2.08375E+02
 -1       209-1.73604E+00 5.00000E+00 2.08271E+02
 -1       210-6.73604E+00 5.00000E+00 2.06931E+02
 -1       211-2.79210E-02 5.00000E+00 2.04645E+02
 -1       212 1.70812E+00 5.00000E+00 2.02375E+02
 -1       213 3.70812E+00 5.00000E+00 2.01839E+02
 -1       214-3.73604E+00 5.00000E+00 2.01735E+02
 -1       215-1.73604E+00 5.00000E+00 2.02271E+02
 -1       216 1.32990E+01 5.00000E+00 2.01562E+02
 -1       217 9.63875E+00 5.00000E+00 2.05223E+02
 -1       218 6.34686E+00 5.00000E+00 2.02937E+02
 -1       219 1.61769E+01 5.00000E+00 1.93655E+02
 -1       220 1.48372E+01 5.00000E+00 1.98655E+02
 -1       221 1.08157E+01 5.00000E+00 1.98218E+02
 -1       222 1.49588E+01 5.00000E+00 1.85368E+02
 -1       223 1.62985E+01 5.00000E+00 1.90368E+02
 -1       224 1.24754E+01 5.00000E+00 1.92023E+02
 -1       225 9.66667E+00 5.00000E+00 1.78673E+02
 -1       226 1.33269E+01 5.00000E+00 1.82333E+02
 -1       227 1.09652E+01 5.00000E+00 1.85701E+02
 -1       228 1.63184E+00 5.00000E+00 1.75701E+02
 -1       229 6.63184E+00 5.00000E+00 1.77041E+02
 -1       230 6.29850E+00 5.00000E+00 1.81035E+02
 -1       231-6.65510E+00 5.00000E+00 1.77163E+02
 -1       232-1.65510E+00 5.00000E+00 1.75823E+02
 -1       233-2.32675E-02 5.00000E+00 1.79525E+02
 -1       234-1.32227E+01 5.00000E+00 1.82361E+02
 -1       235-9.56246E+00 5.00000E+00 1.78701E+02
 -1       236-6.21757E+00 5.00000E+00 1.81184E+02
 -1       237-1.63748E+01 5.00000E+00 1.90292E+02
 -1       238-1.50350E+01 5.00000E+00 1.85292E+02
 -1       239-1.09372E+01 5.00000E+00 1.85653E+02
 -1       240-1.48507E+01 5.00000E+00 1.98639E+02
 -1       241-1.61904E+01 5.00000E+00 1.93639E+02
 -1       242-1.25652E+01 5.00000E+00 1.91931E+02
 -1       243-9.64340E+00 5.00000E+00 2.05205E+02
 -1       244-1.33037E+01 5.00000E+00 2.01545E+02
 -1       245-1.08338E+01 5.00000E+00 1.98185E+02
 -1       246-6.37944E+00 5.00000E+00 2.02816E+02
 -1       247 6.63875E+00 5.00000E+00 2.00027E+02
 -1       248 8.10285E+00 5.00000E+00 1.98562E+02
 -1       249 9.64104E+00 5.00000E+00 1.95655E+02
 -1       250 1.01769E+01 5.00000E+00 1.93655E+02
 -1       251 1.02985E+01 5.00000E+00 1.90368E+02
 -1       252 9.76261E+00 5.00000E+00 1.88368E+02
 -1       253 8.13077E+00 5.00000E+00 1.85333E+02
 -1       254 6.66667E+00 5.00000E+00 1.83869E+02
 -1       255 3.63184E+00 5.00000E+00 1.82237E+02
 -1       256 1.63184E+00 5.00000E+00 1.81701E+02
 -1       257-1.65510E+00 5.00000E+00 1.81823E+02
 -1       258-3.65510E+00 5.00000E+00 1.82359E+02
 -1       259-6.56246E+00 5.00000E+00 1.83897E+02
 -1       260-8.02657E+00 5.00000E+00 1.85361E+02
 -1       261-9.83889E+00 5.00000E+00 1.88292E+02
 -1       262-1.03748E+01 5.00000E+00 1.90292E+02
 -1       263-1.01904E+01 5.00000E+00 1.93639E+02
 -1       264-9.65452E+00 5.00000E+00 1.95639E+02
 -1       265-8.10750E+00 5.00000E+00 1.98545E+02
 -1       266-6.64340E+00 5.00000E+00 2.00009E+02
 -1       267 3.41624E+00-5.00000E+00 2.04750E+02
 -1       268 9.33333E+00-5.00000E+00 1.82667E+02
 -1       269-3.47208E+00-5.00000E+00 2.04541E+02
 -1       270-9.28680E+00-5.00000E+00 2.01090E+02
 -1       271-1.27496E+01-5.00000E+00 1.88584E+02
 -1       272-1.23808E+01-5.00000E+00 1.95279E+02
 -1       273-9.12493E+00-5.00000E+00 1.82723E+02
 -1       274 3.26367E+00-5.00000E+00 1.79403E+02
 -1       275 1.25970E+01-5.00000E+00 1.88736E+02
 -1       276-3.31021E+00-5.00000E+00 1.79646E+02
 -1       277 9.27749E+00-5.00000E+00 2.01125E+02
 -1       278 1.23539E+01-5.00000E+00 1.95310E+02
 -1       279 1.70812E+00-5.00000E+00 2.08375E+02
 -1       280 6.70812E+00-5.00000E+00 2.07035E+02
 -1       281-6.73604E+00-5.00000E+00 2.06931E+02
 -1       282-1.73604E+00-5.00000E+00 2.08271E+02
 -1       283-2.79210E-02-5.00000E+00 2.04645E+02
 -1       284 3.70812E+00-5.00000E+00 2.01839E+02
 -1       285 1.70812E+00-5.00000E+00 2.02375E+02
 -1       286-1.73604E+00-5.00000E+00 2.02271E+02
 -1       287-3.73604E+00-5.00000E+00 2.01735E+02
 -1       288 9.63875E+00-5.00000E+00 2.05223E+02
 -1       289 1.32990E+01-5.00000E+00 2.01562E+02
 -1       290 6.34686E+00-5.00000E+00 2.02937E+02
 -1       291 1.48372E+01-5.00000E+00 1.98655E+02
 -1       292 1.61769E+01-5.00000E+00 1.93655E+02
 -1       293 1.08157E+01-5.00000E+00 1.98218E+02
 -1       294 1.62985E+01-5.00000E+00 1.90368E+02
 -1       295 1.49588E+01-5.00000E+00 1.85368E+02
 -1       296 1.24754E+01-5.00000E+00 1.92023E+02
 -1       297 1.33269E+01-5.00000E+00 1.82333E+02
 -1       298 9.66667E+00-5.00000E+00 1.78673E+02
 -1       299 1.09652E+01-5.00000E+00 1.85701E+02
 -1       300 6.63184E+00-5.00000E+00 1.77041E+02
 -1       301 1.63184E+00-5.00000E+00 1.75701E+02
 -1       302 6.29850E+00-5.00000E+00 1.81035E+02
 -1       303-1.65510E+00-5.00000E+00 1.75823E+02
 -1       304-6.65510E+00-5.00000E+00 1.77163E+02
 -1       305-2.32675E-02-5.00000E+00 1.79525E+02
 -1       306-9.56246E+00-5.00000E+00 1.78701E+02
 -1       307-1.32227E+01-5.00000E+00 1.82361E+02
 -1       308-6.21757E+00-5.00000E+00 1.81184E+02
 -1       309-1.50350E+01-5.00000E+00 1.85292E+02
 -1       310-1.63748E+01-5.00000E+00 1.90292E+02
 -1       311-1.09372E+01-5.00000E+00 1.85653E+02
 -1       312-1.61904E+01-5.00000E+00 1.93639E+02
 -1       313-1.48507E+01-5.00000E+00 1.98639E+02
 -1       314-1.25652E+01-5.00000E+00 1.91931E+02
 -1       315-1.33037E+01-5.00000E+00 2.01545E+02
 -1       316-9.64340E+00-5.00000E+00 2.05205E+02
 -1       317-1.08338E+01-5.00000E+00 1.98185E+02
 -1       318-6.37944E+00-5.00000E+00 2.02816E+02
 -1       319 8.10285E+00-5.00000E+00 1.98562E+02
 -1       320 6.63875E+00-5.00000E+00 2.00027E+02
 -1       321 1.01769E+01-5.00000E+00 1.93655E+02
 -1       322 9.64104E+00-5.00000E+00 1.95655E+02
 -1       323 9.76261E+00-5.00000E+00 1.88368E+02
 -1       324 1.02985E+01-5.00000E+00 1.90368E+02
 -1       325 6.66667E+00-5.00000E+00 1.83869E+02
 -1       326 8.13077E+00-5.00000E+00 1.85333E+02
 -1       327 1.63184E+00-5.00000E+00 1.81701E+02
 -1       328 3.63184E+00-5.00000E+00 1.82237E+02
 -1       329-3.65510E+00-5.00000E+00 1.82359E+02
 -1       330-1.65510E+00-5.00000E+00 1.81823E+02
 -1       331-8.02657E+00-5.00000E+00 1.85361E+02
 -1       332-6.56246E+00-5.00000E+00 1.83897E+02
 -1       333-1.03748E+01-5.00000E+00 1.90292E+02
 -1       334-9.83889E+00-5.00000E+00 1.88292E+02
 -1       335-9.65452E+00-5.00000E+00 1.95639E+02
 -1       336-1.01904E+01-5.00000E+00 1.93639E+02
 -1       337-6.64340E+00-5.00000E+00 2.00009E+02
 -1       338-8.10750E+00-5.00000E+00 1.98545E+02
 -1       339-7.75117E+00 4.09069E-04 1.93980E+02
 -1       340-5.90063E+00 8.58439E-03 1.97402E+02
 -1       341 5.90063E+00 8.58439E-03 1.97402E+02
 -1       342 7.75117E+00 4.09069E-04 1.93980E+02
 -1       343-7.72741E+00 0.00000E+00 1.89929E+02
 -1       344-5.65685E+00 0.00000E+00 1.86343E+02
 -1       345-2.07055E+00 3.33333E+00 1.99727E+02
 -1       346-3.33039E+00 3.82036E-01 1.99274E+02
 -1       347 3.33039E+00 3.82036E-01 1.99274E+02
 -1       348 2.07055E+00 3.33333E+00 1.99727E+02
 -1       349 1.81662E+00-2.08377E+00 1.99791E+02
 -1       350-1.81662E+00-2.08377E+00 1.99791E+02
 -1       351-2.07055E+00 0.00000E+00 1.84273E+02
 -1       352 2.07055E+00 0.00000E+00 1.84273E+02
 -1       353 5.65685E+00-8.88178E-16 1.86343E+02
 -1       354 7.72741E+00 0.00000E+00 1.89929E+02
 -1       355 1.04421E+00 4.16667E+00 1.99932E+02
 -1       356 3.06147E+00 4.16667E+00 1.99391E+02
 -1       357-1.04421E+00 4.16667E+00 1.99932E+02
 -1       358-3.06147E+00 4.16667E+00 1.99391E+02
 -1       359-1.04421E+00 2.50000E+00 1.99932E+02
 -1       360 1.04421E+00 2.50000E+00 1.99932E+02
 -1       361 9.14302E-01-3.54188E+00 1.99948E+02
 -1       362 2.94013E+00-3.54188E+00 1.99440E+02
 -1       363-9.14302E-01-3.54188E+00 1.99948E+02
 -1       364-2.94013E+00-3.54188E+00 1.99440E+02
 -1       365 9.14302E-01-1.87522E+00 1.99948E+02
 -1       366-9.14302E-01-1.87522E+00 1.99948E+02
 -1       367 5.00878E+00 2.50429E+00 1.98238E+02
 -1       368 6.45261E+00 2.50429E+00 1.96729E+02
 -1       369 4.70943E+00 1.95310E-01 1.98467E+02
 -1       370 3.66927E+00 2.69102E+00 1.99109E+02
 -1       371 2.70998E+00 1.85768E+00 1.99527E+02
 -1       372 7.40887E+00 2.50020E+00 1.95018E+02
 -1       373 7.93755E+00 2.50020E+00 1.92998E+02
 -1       374 7.03712E+00 4.49673E-03 1.95805E+02
 -1       375 7.93156E+00 2.50000E+00 1.90956E+02
 -1       376 7.39104E+00 2.50000E+00 1.88939E+02
 -1       377 7.99986E+00 2.04534E-04 1.91953E+02
 -1       378 6.34683E+00 2.50000E+00 1.87130E+02
 -1       379 4.87009E+00 2.50000E+00 1.85653E+02
 -1       380 6.92820E+00 0.00000E+00 1.88000E+02
 -1       381 3.06147E+00 2.50000E+00 1.84609E+02
 -1       382 1.04421E+00 2.50000E+00 1.84068E+02
 -1       383 4.00000E+00 0.00000E+00 1.85072E+02
 -1       384-3.06147E+00 2.50000E+00 1.84609E+02
 -1       385-1.04421E+00 2.50000E+00 1.84068E+02
 -1       386-4.16528E-14 0.00000E+00 1.84000E+02
 -1       387-4.87009E+00 2.50000E+00 1.85653E+02
 -1       388-6.34683E+00 2.50000E+00 1.87130E+02
 -1       389-4.00000E+00 0.00000E+00 1.85072E+02
 -1       390-7.39104E+00 2.50000E+00 1.88939E+02
 -1       391-7.93156E+00 2.50000E+00 1.90956E+02
 -1       392-6.92820E+00 0.00000E+00 1.88000E+02
 -1       393-7.93755E+00 2.50020E+00 1.92998E+02
 -1       394-7.40887E+00 2.50020E+00 1.95018E+02
 -1       395-7.99986E+00 2.04534E-04 1.91953E+02
 -1       396-6.45261E+00 2.50429E+00 1.96729E+02
 -1       397-5.00878E+00 2.50429E+00 1.98238E+02
 -1       398-7.03712E+00 4.49673E-03 1.95805E+02
 -1       399-4.70943E+00 1.95310E-01 1.98467E+02
 -1       400-3.66927E+00 2.69102E+00 1.99109E+02
 -1       401-2.70998E+00 1.85768E+00 1.99527E+02
 -1       402 6.45261E+00-2.49571E+00 1.96729E+02
 -1       403 5.00878E+00-2.49571E+00 1.98238E+02
 -1       404 3.66927E+00-2.30898E+00 1.99109E+02
 -1       405 2.58646E+00-8.50865E-01 1.99570E+02
 -1       406 7.93755E+00-2.49980E+00 1.92998E+02
 -1       407 7.40887E+00-2.49980E+00 1.95018E+02
 -1       408 7.39104E+00-2.50000E+00 1.88939E+02
 -1       409 7.93156E+00-2.50000E+00 1.90956E+02
 -1       410 4.87009E+00-2.50000E+00 1.85653E+02
 -1       411 6.34683E+00-2.50000E+00 1.87130E+02
 -1       412 1.04421E+00-2.50000E+00 1.84068E+02
 -1       413 3.06147E+00-2.50000E+00 1.84609E+02
 -1       414-1.04421E+00-2.50000E+00 1.84068E+02
 -1       415-3.06147E+00-2.50000E+00 1.84609E+02
 -1       416-6.34683E+00-2.50000E+00 1.87130E+02
 -1       417-4.87009E+00-2.50000E+00 1.85653E+02
 -1       418-7.93156E+00-2.50000E+00 1.90956E+02
 -1       419-7.39104E+00-2.50000E+00 1.88939E+02
 -1       420-7.40887E+00-2.49980E+00 1.95018E+02
 -1       421-7.93755E+00-2.49980E+00 1.92998E+02
 -1       422-5.00878E+00-2.49571E+00 1.98238E+02
 -1       423-6.45261E+00-2.49571E+00 1.96729E+02
 -1       424-3.66927E+00-2.30898E+00 1.99109E+02
 -1       425-2.58646E+00-8.50865E-01 1.99570E+02
 -1       426 9.14302E-01-2.08549E-01 1.99948E+02
 -1       427-9.14302E-01-2.08549E-01 1.99948E+02
 -1       428-1.70432E+00 1.02435E+00 1.99816E+02
 -1       429 1.70432E+00 1.02435E+00 1.99816E+02
 -1       430-5.00000E+00 0.00000E+00 1.14000E+02
 -1       431 5.00000E+00 0.00000E+00 1.14000E+02
 -1       432 0.00000E+00-3.00000E+00 1.14000E+02
 -1       433 0.00000E+00 3.00000E+00 1.14000E+02
 -1       434 0.00000E+00 0.00000E+00 4.80000E+01
 -1       435-2.50000E+00 1.50000E+00 4.80000E+01
 -1       436-2.50000E+00-1.50000E+00 4.80000E+01
 -1       437 2.50000E+00-1.50000E+00 4.80000E+01
 -1       438 2.50000E+00 1.50000E+00 4.80000E+01
 -1       439 0.00000E+00 0.00000E+00 1.80000E+02
 -1       440-2.50000E+00-1.50000E+00 1.80000E+02
 -1       441-2.50000E+00 1.50000E+00 1.80000E+02
 -1       442 2.50000E+00-1.50000E+00 1.80000E+02
 -1       443 2.50000E+00 1.50000E+00 1.80000E+02
 -1       444 7.24693E+00 0.00000E+00 7.50459E+01
 -1       445-7.24693E+00 0.00000E+00 7.50459E+01
 -1       446 1.40000E+01 0.00000E+00 7.22487E+01
 -1       447-1.40000E+01 0.00000E+00 7.22487E+01
 -1       448 1.97990E+01 0.00000E+00 6.77990E+01
 -1       449 2.42487E+01 0.00000E+00 6.20000E+01
 -1       450 2.70459E+01 0.00000E+00 5.52469E+01
 -1       451 2.80000E+01 0.00000E+00 4.80000E+01
 -1       452 2.70459E+01 0.00000E+00 4.07531E+01
 -1       453 1.97990E+01 0.00000E+00 2.82010E+01
 -1       454 2.42487E+01 0.00000E+00 3.40000E+01
 -1       455 7.24693E+00 0.00000E+00 2.09541E+01
 -1       456-1.70654E-13 0.00000E+00 2.00000E+01
 -1       457 1.40000E+01 0.00000E+00 2.37513E+01
 -1       458-7.24693E+00 0.00000E+00 2.09541E+01
 -1       459-1.40000E+01 0.00000E+00 2.37513E+01
 -1       460-1.97990E+01 0.00000E+00 2.82010E+01
 -1       461-2.42487E+01 0.00000E+00 3.40000E+01
 -1       462-2.70459E+01 0.00000E+00 4.07531E+01
 -1       463-2.70459E+01 0.00000E+00 5.52469E+01
 -1       464-2.42487E+01 0.00000E+00 6.20000E+01
 -1       465-2.80000E+01 0.00000E+00 4.80000E+01
 -1       466-1.97990E+01 0.00000E+00 6.77990E+01
 -1       467-7.17433E-15 5.00000E+00 4.80000E+01
 -1       468-3.75129E+00 5.00000E+00 6.20000E+01
 -1       469-1.40000E+01 5.00000E+00 5.17513E+01
 -1       470 3.75129E+00 5.00000E+00 3.40000E+01
 -1       471 1.40000E+01 5.00000E+00 4.42487E+01
 -1       472 1.02487E+01 5.00000E+00 5.82487E+01
 -1       473-1.02487E+01 5.00000E+00 3.77513E+01
 -1       474 5.12436E+00 5.00000E+00 6.71244E+01
 -1       475-1.40000E+01 5.00000E+00 6.20000E+01
 -1       476 1.91244E+01 5.00000E+00 5.31244E+01
 -1       477 1.40000E+01 5.00000E+00 3.40000E+01
 -1       478 9.56218E+00 5.00000E+00 6.96865E+01
 -1       479 2.56218E+00 5.00000E+00 7.15622E+01
 -1       480-1.87564E+00 5.00000E+00 6.90000E+01
 -1       481-8.87564E+00 5.00000E+00 6.71244E+01
 -1       482 6.86533E-01 5.00000E+00 6.45622E+01
 -1       483 1.72487E+01 5.00000E+00 6.01244E+01
 -1       484 1.21244E+01 5.00000E+00 6.52487E+01
 -1       485 7.68653E+00 5.00000E+00 6.26865E+01
 -1       486 2.35622E+01 5.00000E+00 5.05622E+01
 -1       487 2.16865E+01 5.00000E+00 5.75622E+01
 -1       488 1.46865E+01 5.00000E+00 5.56865E+01
 -1       489 1.91244E+01 5.00000E+00 3.91244E+01
 -1       490 2.10000E+01 5.00000E+00 4.61244E+01
 -1       491 1.65622E+01 5.00000E+00 4.86865E+01
 -1       492 1.40000E+01 5.00000E+00 2.88756E+01
 -1       493 1.91244E+01 5.00000E+00 3.40000E+01
 -1       494 1.40000E+01 5.00000E+00 3.91244E+01
 -1       495 1.87564E+00 5.00000E+00 2.70000E+01
 -1       496 8.87564E+00 5.00000E+00 2.88756E+01
 -1       497 8.87564E+00 5.00000E+00 3.40000E+01
 -1       498-1.21244E+01 5.00000E+00 3.07513E+01
 -1       499-5.12436E+00 5.00000E+00 2.88756E+01
 -1       500-3.24871E+00 5.00000E+00 3.58756E+01
 -1       501-1.72487E+01 5.00000E+00 3.58756E+01
 -1       502-2.10000E+01 5.00000E+00 4.98756E+01
 -1       503-1.91244E+01 5.00000E+00 4.28756E+01
 -1       504-1.21244E+01 5.00000E+00 4.47513E+01
 -1       505-1.91244E+01 5.00000E+00 5.68756E+01
 -1       506-1.40000E+01 5.00000E+00 6.71244E+01
 -1       507-1.91244E+01 5.00000E+00 6.20000E+01
 -1       508-1.40000E+01 5.00000E+00 5.68756E+01
 -1       509-8.87564E+00 5.00000E+00 6.20000E+01
 -1       510-7.00000E+00 5.00000E+00 4.98756E+01
 -1       511-8.87564E+00 5.00000E+00 5.68756E+01
 -1       512-1.87564E+00 5.00000E+00 5.50000E+01
 -1       513 3.24871E+00 5.00000E+00 6.01244E+01
 -1       514 5.12436E+00 5.00000E+00 5.31244E+01
 -1       515-5.12436E+00 5.00000E+00 4.28756E+01
 -1       516 7.00000E+00 5.00000E+00 4.61244E+01
 -1       517 8.87564E+00 5.00000E+00 3.91244E+01
 -1       518 1.87564E+00 5.00000E+00 4.10000E+01
 -1       519 1.21244E+01 5.00000E+00 5.12487E+01
 -1       520-7.17433E-15-5.00000E+00 4.80000E+01
 -1       521-3.75129E+00-5.00000E+00 6.20000E+01
 -1       522-1.40000E+01-5.00000E+00 5.17513E+01
 -1       523 3.75129E+00-5.00000E+00 3.40000E+01
 -1       524 1.40000E+01-5.00000E+00 4.42487E+01
 -1       525 1.02487E+01-5.00000E+00 5.82487E+01
 -1       526-1.02487E+01-5.00000E+00 3.77513E+01
 -1       527 5.12436E+00-5.00000E+00 6.71244E+01
 -1       528-1.40000E+01-5.00000E+00 6.20000E+01
 -1       529 1.91244E+01-5.00000E+00 5.31244E+01
 -1       530 1.40000E+01-5.00000E+00 3.40000E+01
 -1       531 2.56218E+00-5.00000E+00 7.15622E+01
 -1       532 9.56218E+00-5.00000E+00 6.96865E+01
 -1       533-8.87564E+00-5.00000E+00 6.71244E+01
 -1       534-1.87564E+00-5.00000E+00 6.90000E+01
 -1       535 6.86533E-01-5.00000E+00 6.45622E+01
 -1       536 1.21244E+01-5.00000E+00 6.52487E+01
 -1       537 1.72487E+01-5.00000E+00 6.01244E+01
 -1       538 7.68653E+00-5.00000E+00 6.26865E+01
 -1       539 2.16865E+01-5.00000E+00 5.75622E+01
 -1       540 2.35622E+01-5.00000E+00 5.05622E+01
 -1       541 1.46865E+01-5.00000E+00 5.56865E+01
 -1       542 2.10000E+01-5.00000E+00 4.61244E+01
 -1       543 1.91244E+01-5.00000E+00 3.91244E+01
 -1       544 1.65622E+01-5.00000E+00 4.86865E+01
 -1       545 1.91244E+01-5.00000E+00 3.40000E+01
 -1       546 1.40000E+01-5.00000E+00 2.88756E+01
 -1       547 1.40000E+01-5.00000E+00 3.91244E+01
 -1       548 8.87564E+00-5.00000E+00 2.88756E+01
 -1       549 1.87564E+00-5.00000E+00 2.70000E+01
 -1       550 8.87564E+00-5.00000E+00 3.40000E+01
 -1       551-5.12436E+00-5.00000E+00 2.88756E+01
 -1       552-1.21244E+01-5.00000E+00 3.07513E+01
 -1       553-3.24871E+00-5.00000E+00 3.58756E+01
 -1       554-1.72487E+01-5.00000E+00 3.58756E+01
 -1       555-1.91244E+01-5.00000E+00 4.28756E+01
 -1       556-2.10000E+01-5.00000E+00 4.98756E+01
 -1       557-1.21244E+01-5.00000E+00 4.47513E+01
 -1       558-1.91244E+01-5.00000E+00 5.68756E+01
 -1       559-1.91244E+01-5.00000E+00 6.20000E+01
 -1       560-1.40000E+01-5.00000E+00 6.71244E+01
 -1       561-1.40000E+01-5.00000E+00 5.68756E+01
 -1       562-8.87564E+00-5.00000E+00 6.20000E+01
 -1       563-1.87564E+00-5.00000E+00 5.50000E+01
 -1       564-8.87564E+00-5.00000E+00 5.68756E+01
 -1       565-7.00000E+00-5.00000E+00 4.98756E+01
 -1       566 5.12436E+00-5.00000E+00 5.31244E+01
 -1       567 3.24871E+00-5.00000E+00 6.01244E+01
 -1       568-5.12436E+00-5.00000E+00 4.28756E+01
 -1       569 1.87564E+00-5.00000E+00 4.10000E+01
 -1       570 8.87564E+00-5.00000E+00 3.91244E+01
 -1       571 7.00000E+00-5.00000E+00 4.61244E+01
 -1       572 1.21244E+01-5.00000E+00 5.12487E+01
 -1       573 1.52876E+01-7.21677E-17 1.95835E+02
 -1       574 9.27495E+00 0.00000E+00 2.02785E+02
 -1       575 1.87907E+00 1.77636E-15 2.04591E+02
 -1       576 1.63041E+01-2.50000E+00 1.98918E+02
 -1       577 1.76438E+01-2.50000E+00 1.93918E+02
 -1       578 1.63041E+01 2.50000E+00 1.98918E+02
 -1       579 1.76438E+01 2.50000E+00 1.93918E+02
 -1       580 5.70194E+00 2.50000E+00 1.83470E+02
 -1       581 7.49509E+00 2.50000E+00 1.84505E+02
 -1       582 5.70194E+00-2.50000E+00 1.83470E+02
 -1       583 7.49509E+00-2.50000E+00 1.84505E+02
 -1       584 9.33333E+00 0.00000E+00 1.82667E+02
 -1       585 5.96561E-01 2.50000E+00 1.81838E+02
 -1       586 2.66711E+00 2.50000E+00 1.81838E+02
 -1       587 5.96561E-01-2.50000E+00 1.81838E+02
 -1       588 2.66711E+00-2.50000E+00 1.81838E+02
 -1       589 3.26367E+00 0.00000E+00 1.79403E+02
 -1       590-7.39089E+00-2.50000E+00 1.84533E+02
 -1       591-9.12493E+00 0.00000E+00 1.82723E+02
 -1       592-7.39089E+00 2.50000E+00 1.84533E+02
 -1       593-5.59774E+00 2.50000E+00 1.83498E+02
 -1       594-5.59774E+00-2.50000E+00 1.83498E+02
 -1       595 1.01622E+01 2.50000E+00 1.89333E+02
 -1       596 1.01741E+01 2.50020E+00 1.91358E+02
 -1       597 1.01741E+01-2.49980E+00 1.91358E+02
 -1       598 1.25970E+01 0.00000E+00 1.88736E+02
 -1       599 1.01622E+01-2.50000E+00 1.89333E+02
 -1       600-9.14074E+00 2.50429E+00 1.96341E+02
 -1       601-1.00660E+01 2.50020E+00 1.94629E+02
 -1       602-1.00660E+01-2.49980E+00 1.94629E+02
 -1       603-1.23808E+01 0.00000E+00 1.95279E+02
 -1       604-9.14074E+00-2.49571E+00 1.96341E+02
 -1       605-6.30859E+00 2.69102E+00 2.00182E+02
 -1       606-3.40123E+00 2.69102E+00 2.01908E+02
 -1       607-3.47208E+00 0.00000E+00 2.04541E+02
 -1       608-3.40123E+00-2.30898E+00 2.01908E+02
 -1       609-6.37944E+00 0.00000E+00 2.02816E+02
 -1       610 6.29850E+00 0.00000E+00 1.81035E+02
 -1       611-6.30859E+00-2.30898E+00 2.00182E+02
 -1       612-9.28680E+00 0.00000E+00 2.01090E+02
 -1       613 1.24754E+01 0.00000E+00 1.92023E+02
 -1       614 1.00525E+01-2.49980E+00 1.94645E+02
 -1       615-6.21757E+00 0.00000E+00 1.81184E+02
 -1       616-2.69038E+00 2.50000E+00 1.81959E+02
 -1       617-2.69038E+00-2.50000E+00 1.81959E+02
 -1       618-2.32675E-02 0.00000E+00 1.79525E+02
 -1       619-7.59371E+00 2.50429E+00 1.99246E+02
 -1       620-1.08338E+01 0.00000E+00 1.98185E+02
 -1       621-7.59371E+00-2.49571E+00 1.99246E+02
 -1       622 1.00525E+01 2.50020E+00 1.94645E+02
 -1       623 1.23539E+01 0.00000E+00 1.95310E+02
 -1       624-3.31021E+00 0.00000E+00 1.79646E+02
 -1       625 9.39533E-01 8.33333E-01 2.02296E+02
 -1       626 9.39533E-01-8.33333E-01 2.02296E+02
 -1       627 3.12217E-02-1.04188E+00 2.02191E+02
 -1       628-2.77132E+00 4.16667E+00 2.02134E+02
 -1       629-1.73604E+00 3.33333E+00 2.02271E+02
 -1       630-7.25661E-01 1.91018E-01 2.01933E+02
 -1       631-1.27496E+01 0.00000E+00 1.88584E+02
 -1       632-1.63748E+01 0.00000E+00 1.90292E+02
 -1       633-1.25652E+01 0.00000E+00 1.91931E+02
 -1       634-1.73604E+00 0.00000E+00 2.08271E+02
 -1       635-7.96507E-01 2.50000E+00 2.04566E+02
 -1       636-7.96507E-01-2.50000E+00 2.04566E+02
 -1       637 9.39533E-01 2.50000E+00 2.08296E+02
 -1       638 9.12693E+00 2.50000E+00 1.87540E+02
 -1       639 9.12693E+00-2.50000E+00 1.87540E+02
 -1       640-8.42617E+00-2.50000E+00 1.86326E+02
 -1       641-8.42617E+00 2.50000E+00 1.86326E+02
 -1       642-9.64340E+00 0.00000E+00 2.05205E+02
 -1       643-1.48507E+01 0.00000E+00 1.98639E+02
 -1       644-2.64435E+00-3.54188E+00 2.02166E+02
 -1       645-1.00541E+01 2.50000E+00 1.92604E+02
 -1       646-1.00541E+01-2.50000E+00 1.92604E+02
 -1       647 2.74339E+00 4.16667E+00 2.02238E+02
 -1       648 3.37331E+00 2.69102E+00 2.02012E+02
 -1       649 9.12725E+00 2.50429E+00 1.96356E+02
 -1       650 7.58779E+00 4.29219E-03 2.00093E+02
 -1       651 1.08144E+01 2.50000E+00 1.99047E+02
 -1       652 8.51306E+00 2.04534E-04 1.98382E+02
 -1       653 9.12725E+00-2.49571E+00 1.96356E+02
 -1       654 1.08144E+01-2.50000E+00 1.99047E+02
 -1       655-1.50350E+01 0.00000E+00 1.85292E+02
 -1       656-6.73604E+00 0.00000E+00 2.06931E+02
 -1       657-1.33037E+01 0.00000E+00 2.01545E+02
 -1       658-1.61904E+01 0.00000E+00 1.93639E+02
 -1       659 5.54579E+00-1.04188E+00 2.01288E+02
 -1       660 6.30267E+00 1.91018E-01 2.01029E+02
 -1       661 6.63748E+00-2.50000E+00 2.00856E+02
 -1       662 1.09652E+01 0.00000E+00 1.85701E+02
 -1       663 1.33269E+01 0.00000E+00 1.82333E+02
 -1       664 9.66667E+00 0.00000E+00 1.78673E+02
 -1       665-1.09372E+01 0.00000E+00 1.85653E+02
 -1       666-1.02385E+01-2.50000E+00 1.89257E+02
 -1       667-1.02385E+01 2.50000E+00 1.89257E+02
 -1       668 6.63184E+00 0.00000E+00 1.77041E+02
 -1       669-1.32227E+01 0.00000E+00 1.82361E+02
 -1       670 1.49588E+01 0.00000E+00 1.85368E+02
 -1       671 1.63184E+00 0.00000E+00 1.75701E+02
 -1       672-9.56246E+00 0.00000E+00 1.78701E+02
 -1       673-6.65510E+00 0.00000E+00 1.77163E+02
 -1       674-1.65510E+00 0.00000E+00 1.75823E+02
 -1       675 1.38207E+01-2.50000E+00 1.95573E+02
 -1       676 1.38207E+01 2.50000E+00 1.95573E+02
 -1       677 1.22813E+01-3.60838E-17 1.99310E+02
 -1       678 7.58906E+00-2.49571E+00 1.99264E+02
 -1       679 9.39533E-01-2.50000E+00 2.08296E+02
 -1       680 7.58906E+00 2.50429E+00 1.99264E+02
 -1       681 1.62985E+01 0.00000E+00 1.90368E+02
 -1       682 2.61643E+00-3.54188E+00 2.02270E+02
 -1       683 6.34559E+00-2.50000E+00 2.03767E+02
 -1       684 9.27622E+00-2.50000E+00 2.01955E+02
 -1       685 9.27622E+00 2.50000E+00 2.01955E+02
 -1       686 6.30394E+00 2.69102E+00 2.00199E+02
 -1       687 1.32977E+01 2.50000E+00 2.02392E+02
 -1       688 9.63748E+00-2.50000E+00 2.06053E+02
 -1       689 1.32977E+01-2.50000E+00 2.02392E+02
 -1       690 1.97481E+00 1.66667E+00 2.02159E+02
 -1       691 2.64765E+00 2.50000E+00 2.04670E+02
 -1       692 2.60473E+00 1.91018E-01 2.01933E+02
 -1       693 5.93953E+00 2.50000E+00 2.06956E+02
 -1       694 9.39533E-01 2.50000E+00 2.02296E+02
 -1       695 1.84784E+00-1.04188E+00 2.02191E+02
 -1       696 9.63748E+00 2.50000E+00 2.06053E+02
 -1       697 5.93953E+00-2.50000E+00 2.06956E+02
 -1       698 6.34559E+00 2.50000E+00 2.03767E+02
 -1       699 5.57701E+00 8.88178E-16 2.03688E+02
 -1       700 2.64765E+00-2.50000E+00 2.04670E+02
 -1       701 9.39533E-01-2.50000E+00 2.02296E+02
 -1       702 1.39423E+01-2.50000E+00 1.92286E+02
 -1       703 1.39423E+01 2.50000E+00 1.92286E+02
 -1       704-2.50000E+00-1.50000E+00 1.14000E+02
 -1       705-2.50000E+00 1.50000E+00 1.14000E+02
 -1       706 0.00000E+00 0.00000E+00 1.14000E+02
 -1       707 2.50000E+00 1.50000E+00 1.14000E+02
 -1       708 2.50000E+00-1.50000E+00 1.14000E+02
 -1       709 8.97538E+00-8.97666E-01 6.54932E+01
 -1       710 5.93538E+00-1.29602E-02 2.59214E+01
 -1       711-6.01192E+00-5.00000E-01 2.83632E+01
 -1       712-3.00596E+00-2.75000E+00 2.41816E+01
 -1       713-1.13032E+00-2.75000E+00 3.11816E+01
 -1       714-8.13032E+00-2.75000E+00 3.30572E+01
 -1       715-1.00060E+01-2.75000E+00 2.60572E+01
 -1       716 8.87564E+00 0.00000E+00 2.88756E+01
 -1       717 3.75129E+00 0.00000E+00 3.40000E+01
 -1       718 4.84333E+00 2.49352E+00 2.99607E+01
 -1       719 4.84333E+00-2.50648E+00 2.99607E+01
 -1       720 9.96769E+00-2.50648E+00 2.48364E+01
 -1       721 9.96769E+00 2.49352E+00 2.48364E+01
 -1       722 5.12436E+00 0.00000E+00 6.71244E+01
 -1       723 9.56218E+00 0.00000E+00 6.96865E+01
 -1       724 1.14877E+01-2.94883E+00 6.88709E+01
 -1       725 7.04987E+00 2.05117E+00 6.63088E+01
 -1       726 7.04987E+00-2.94883E+00 6.63088E+01
 -1       727 1.87564E+00 0.00000E+00 2.70000E+01
 -1       728 2.96769E+00 2.49352E+00 2.29607E+01
 -1       729-1.21244E+01 0.00000E+00 3.07513E+01
 -1       730-8.13032E+00 2.25000E+00 3.30572E+01
 -1       731-1.00060E+01 2.25000E+00 2.60572E+01
 -1       732 2.96769E+00-2.50648E+00 2.29607E+01
 -1       733 1.40000E+01 0.00000E+00 2.88756E+01
 -1       734 8.87564E+00 0.00000E+00 3.40000E+01
 -1       735 1.40000E+01 0.00000E+00 3.40000E+01
 -1       736 1.91244E+01 0.00000E+00 5.31244E+01
 -1       737 1.46865E+01 0.00000E+00 5.56865E+01
 -1       738 1.65622E+01 0.00000E+00 4.86865E+01
 -1       739 1.40000E+01 0.00000E+00 3.91244E+01
 -1       740-8.87564E+00 0.00000E+00 6.20000E+01
 -1       741-1.40000E+01 0.00000E+00 6.71244E+01
 -1       742-1.40000E+01 0.00000E+00 6.20000E+01
 -1       743 2.35622E+01 0.00000E+00 5.05622E+01
 -1       744-1.02487E+01 0.00000E+00 3.77513E+01
 -1       745 7.00000E+00 0.00000E+00 4.61244E+01
 -1       746 1.87564E+00 0.00000E+00 4.10000E+01
 -1       747 5.12436E+00 0.00000E+00 5.31244E+01
 -1       748 8.87564E+00 0.00000E+00 3.91244E+01
 -1       749 1.21244E+01 0.00000E+00 5.12487E+01
 -1       750 1.02487E+01 0.00000E+00 5.82487E+01
 -1       751-1.87564E+00 0.00000E+00 5.50000E+01
 -1       752 1.40000E+01 0.00000E+00 4.42487E+01
 -1       753 3.24871E+00 0.00000E+00 6.01244E+01
 -1       754-3.75129E+00 0.00000E+00 6.20000E+01
 -1       755 2.56218E+00 0.00000E+00 7.15622E+01
 -1       756 2.16865E+01 0.00000E+00 5.75622E+01
 -1       757 1.91244E+01 0.00000E+00 3.40000E+01
 -1       758-1.91244E+01 0.00000E+00 6.20000E+01
 -1       759 6.86533E-01 0.00000E+00 6.45622E+01
 -1       760-1.87564E+00 0.00000E+00 6.90000E+01
 -1       761 1.14877E+01 2.05117E+00 6.88709E+01
 -1       762-8.87564E+00 0.00000E+00 6.71244E+01
 -1       763 2.10000E+01 0.00000E+00 4.61244E+01
 -1       764-3.24871E+00 0.00000E+00 3.58756E+01
 -1       765 1.91244E+01 0.00000E+00 3.91244E+01
 -1       766 9.61204E+00-2.94883E+00 6.18709E+01
 -1       767-1.40000E+01 0.00000E+00 5.68756E+01
 -1       768-2.10000E+01 0.00000E+00 4.98756E+01
 -1       769 1.72487E+01 0.00000E+00 6.01244E+01
 -1       770-8.87564E+00 0.00000E+00 5.68756E+01
 -1       771-7.00000E+00 0.00000E+00 4.98756E+01
 -1       772-5.12436E+00 0.00000E+00 4.28756E+01
 -1       773-1.91244E+01 0.00000E+00 4.28756E+01
 -1       774-1.40000E+01 0.00000E+00 5.17513E+01
 -1       775-1.91244E+01 0.00000E+00 5.68756E+01
 -1       776-1.21244E+01 0.00000E+00 4.47513E+01
 -1       777-1.72487E+01 0.00000E+00 3.58756E+01
 -1       778 9.61204E+00 2.05117E+00 6.18709E+01
 -1       779 1.66120E+01-2.94883E+00 6.37466E+01
 -1       780 2.61204E+00 2.05117E+00 6.37466E+01
 -1       781 2.61204E+00-2.94883E+00 6.37466E+01
 -1       782-3.00596E+00 2.25000E+00 2.41816E+01
 -3
    3C                           339                                     1
 -1       388    6    0    1
 -2        41        40        16       573        52       179       177       577       576       578
 -1       389    6    0    1
 -2        41        16        17       573       177        28       178       577       578       579
 -1       390    6    0    1
 -2       353       352       196       268       383       580       581       583       582       584
 -1       391    6    0    1
 -2       352       351       202       274       386       585       586       588       587       589
 -1       392    6    0    1
 -2       201       344       273       351       592       590       591       593       389       594
 -1       393    6    0    1
 -2       203       342       354       275       596       377       595       598       597       599
 -1       394    6    0    1
 -2       200       339       340       272       601       398       600       603       602       604
 -1       395    6    0    1
 -2       346       197       198       269       606       246       605       608       607       609
 -1       396    6    0    1
 -2       274       196       352       268       610       580       588       302       584       582
 -1       397    6    0    1
 -2       198       270       346       269       612       611       605       609       318       608
 -1       398    6    0    1
 -2       196       352       202       274       580       586       230       610       588       589
 -1       399    6    0    1
 -2       342       203       278       275       596       613       614       597       598       296
 -1       400    6    0    1
 -2       204       201       273       351       236       591       615       616       593       594
 -1       401    6    0    1
 -2       276       202       351       274       618       585       617       305       589       587
 -1       402    6    0    1
 -2       272       340       198       270       604       619       620       317       621       612
 -1       403    6    0    1
 -2       278       342       206       203       614       622       623       613       596       224
 -1       404    6    0    1
 -2       276       204       273       351       624       615       308       617       616       594
 -1       405    6    0    1
 -2       351       276       204       202       617       624       616       585       618       233
 -1       406    6    0    1
 -2       200       340       198       272       600       619       245       603       604       620
 -1       407    6    0    1
 -2       198       340       346       270       619       399       605       612       621       611
 -1       408    6    0    1
 -2       108       109       350       575       111       427       366       626       625       627
 -1       409    6    0    1
 -2       345       346       109       197       401       428       359       628       606       629
 -1       410    6    0    1
 -2       109       346       350       575       428       425       427       625       630       627
 -1       411    6    0    1
 -2       199        47       271       272       632       310       631       633       312       314
 -1       412    6    0    1
 -2       269       197         1       575       607       209       634       636       635       637
 -1       413    6    0    1
 -2       353        65       354       203       378       376       380       638       252       595
 -1       414    6    0    1
 -2       354        88       353       275       408       411       380       599       323       639
 -1       415    6    0    1
 -2       344       273        92       343       590       331       416       392       640       419
 -1       416    6    0    1
 -2       343        69       344       201       390       388       392       641       260       592
 -1       417    6    0    1
 -2       269       198       270        49       609       612       318       281       642       316
 -1       418    6    0    1
 -2       198        24       200       272       244       240       245       620       643       603
 -1       419    6    0    1
 -2       269       350       346       575       644       425       608       636       627       630
 -1       420    6    0    1
 -2       346        95       350       269       424       364       425       608       287       644
 -1       421    6    0    1
 -2       342        87       354       275       406       409       377       597       324       599
 -1       422    6    0    1
 -2        64       342       354       203       373       377       375       251       596       595
 -1       423    6    0    1
 -2       343       339        70       200       395       393       391       645       601       263
 -1       424    6    0    1
 -2       272       343       339        93       646       395       602       336       418       421
 -1       425    6    0    1
 -2       195       348        62       347       647       356       213       648       371       370
 -1       426    6    0    1
 -2       206       341       342       574       649       374       622       651       650       652
 -1       427    6    0    1
 -2       342       341       278       574       374       653       614       652       650       654
 -1       428    6    0    1
 -2        72       346       345       197       400       401       358       214       606       628
 -1       429    6    0    1
 -2       278       206       342       574       623       622       614       654       651       652
 -1       430    6    0    1
 -2       272       339       340        94       602       398       604       335       420       423
 -1       431    6    0    1
 -2       199        46       271        47       655       309       631       632        58       310
 -1       432    6    0    1
 -2       340        71       339       200       396       394       398       600       264       601
 -1       433    6    0    1
 -2       341       278        86       342       653       322       402       374       614       407
 -1       434    6    0    1
 -2       206       341        63       342       649       368       249       622       374       372
 -1       435    6    0    1
 -2        25         1       269       197        37       634       656       210       209       607
 -1       436    6    0    1
 -2        48       270       198        49       315       612       657        60       316       642
 -1       437    6    0    1
 -2        24        23       200       272        35       241       240       643       658       603
 -1       438    6    0    1
 -2       347       349        85       574       405       362       404       660       659       661
 -1       439    6    0    1
 -2       196       275       268        42       662       299       584       663       295       297
 -1       440    6    0    1
 -2        43       196       274       268       664       610       300       298       584       302
 -1       441    6    0    1
 -2        46       273       199       271       307       665       655       309       311       631
 -1       442    6    0    1
 -2       197       346       109       575       606       428       629       635       630       625
 -1       443    6    0    1
 -2        65       353       196       203       378       581       253       252       638       227
 -1       444    6    0    1
 -2       268       353        88       275       583       411       326       299       639       323
 -1       445    6    0    1
 -2       271        92       273       343       334       331       311       666       419       640
 -1       446    6    0    1
 -2        69       343       199       201       390       667       261       260       641       239
 -1       447    6    0    1
 -2       196       202        43       274       230       668       664       610       589       300
 -1       448    6    0    1
 -2        46       199       273       201       655       665       307       669       239       591
 -1       449    6    0    1
 -2       275       196       203        42       662       227       598       295       663       670
 -1       450    6    0    1
 -2       198       197        25       269       246       210       243       609       607       656
 -1       451    6    0    1
 -2       199        23       272       200       237       658       633       242       241       603
 -1       452    6    0    1
 -2       202       276        44       274       618       303       671       589       305       301
 -1       453    6    0    1
 -2       273       204        21       201       615       231       672       591       236       235
 -1       454    6    0    1
 -2        48       272       198       270       313       620       657       315       317       612
 -1       455    6    0    1
 -2       273       276        21       204       308       673       672       615       624       231
 -1       456    6    0    1
 -2       204       276        44       202       624       303       674       233       618       671
 -1       457    6    0    1
 -2       343        70       199       200       391       262       667       645       263       242
 -1       458    6    0    1
 -2       343       272       271        93       646       314       666       418       336       333
 -1       459    6    0    1
 -2        95       346       340       270       424       399       422       337       611       621
 -1       460    6    0    1
 -2       346       197       269       575       606       607       608       630       635       636
 -1       461    6    0    1
 -2       206       278       573       574       623       675       676       651       654       677
 -1       462    6    0    1
 -2        87       342       278       275       406       614       321       324       597       296
 -1       463    6    0    1
 -2       342        64       206       203       373       250       622       596       251       224
 -1       464    6    0    1
 -2        18       203       196        42       222       227       226       181       670       663
 -1       465    6    0    1
 -2       199        46        22       201       655       188       238       239       669       234
 -1       466    6    0    1
 -2         3       345       109       197       357       359       112       215       628       629
 -1       467    6    0    1
 -2       199       272        23        47       633       658       237       632       312       193
 -1       468    6    0    1
 -2       272        94       340       270       335       423       604       317       338       621
 -1       469    6    0    1
 -2        71       340       198       200       396       619       265       264       600       245
 -1       470    6    0    1
 -2       198       269        25        49       609       656       243       642       281       175
 -1       471    6    0    1
 -2       277       278        86       341       293       322       319       678       653       402
 -1       472    6    0    1
 -2         2       269         1       575       282       634        38       679       636       637
 -1       473    6    0    1
 -2       206       205        63       341       221       248       249       649       680       368
 -1       474    6    0    1
 -2       346       270        95       269       611       337       424       608       318       287
 -1       475    6    0    1
 -2        21       276       273        45       673       308       672       189       304       306
 -1       476    6    0    1
 -2       198        48        24       272       657       192       244       620       313       643
 -1       477    6    0    1
 -2        42       196        43       268       663       664        54       297       584       298
 -1       478    6    0    1
 -2        43       202        44       274       668       671        55       300       589       301
 -1       479    6    0    1
 -2        17       275       203        42       681       598       223       180       295       670
 -1       480    6    0    1
 -2        46       273        21       201       307       672       187       669       591       235
 -1       481    6    0    1
 -2        44        21       276       204       185       673       303       674       231       624
 -1       482    6    0    1
 -2        85       349       267       574       362       682       284       661       659       683
 -1       483    6    0    1
 -2       277       278       341       574       293       653       678       684       654       650
 -1       484    6    0    1
 -2       206       205       341       574       221       680       649       651       685       650
 -1       485    6    0    1
 -2       341       347        85       574       369       404       403       650       660       661
 -1       486    6    0    1
 -2       195        62       205       347       213       247       218       648       370       686
 -1       487    6    0    1
 -2        72       340       346       198       397       399       400       266       619       605
 -1       488    6    0    1
 -2        39        16        40       574       176       179        51       688       687       689
 -1       489    6    0    1
 -2       205       347        62       341       686       370       247       680       369       367
 -1       490    6    0    1
 -2        72       198       346       197       266       605       400       214       246       606
 -1       491    6    0    1
 -2        21        44       276        45       185       303       673       189        56       304
 -1       492    6    0    1
 -2        22        23        46       199        34       190       188       238       237       655
 -1       493    6    0    1
 -2        46       199        23        47       655       237       190        58       632       193
 -1       494    6    0    1
 -2       196        19        18        42       225        30       226       663       182       181
 -1       495    6    0    1
 -2       272        23        48        24       658       191       313       643        35       192
 -1       496    6    0    1
 -2       272        48        23        47       313       191       658       312        59       193
 -1       497    6    0    1
 -2       195       348       347       575       647       371       648       691       690       692
 -1       498    6    0    1
 -2        21       273        46        45       672       307       187       189       306        57
 -1       499    6    0    1
 -2         2        25       269        49       173       656       282        61       175       281
 -1       500    6    0    1
 -2        21        22        46       201        33       188       187       235       234       669
 -1       501    6    0    1
 -2       203        18        17        42       222        29       223       670       181       180
 -1       502    6    0    1
 -2        25       269         1         2       656       634        37       173       282        38
 -1       503    6    0    1
 -2        48       198        25        49       657       243       194        60       642       175
 -1       504    6    0    1
 -2       198        25        24        48       243        36       244       657       194       192
 -1       505    6    0    1
 -2        15         2         1       575       172        38        26       693       679       637
 -1       506    6    0    1
 -2       277        40       278       574       289       291       293       684       689       654
 -1       507    6    0    1
 -2        15         1       195       575        26       208       207       693       637       691
 -1       508    6    0    1
 -2         3       197       109       575       215       629       112       694       635       625
 -1       509    6    0    1
 -2       278        40       573       574       291       576       675       654       689       677
 -1       510    6    0    1
 -2       196        43       202        19       664       668       230       225       183       229
 -1       511    6    0    1
 -2        20       204        44       202       232       674       186       228       233       671
 -1       512    6    0    1
 -2       353       196        66        65       581       254       379       378       253        77
 -1       513    6    0    1
 -2       343        69       199        70       390       261       667       391        81       262
 -1       514    6    0    1
 -2       343       271        92        93       666       334       419       418       333       104
 -1       515    6    0    1
 -2       353        88        89       268       411       100       410       583       326       325
 -1       516    6    0    1
 -2       108       349       109       575       365       426       111       626       695       625
 -1       517    6    0    1
 -2        94        95       340       270       106       422       423       338       337       621
 -1       518    6    0    1
 -2        89       352       274        90       413       588       328       101       412       327
 -1       519    6    0    1
 -2        67       202        66       352       256       255        78       382       586       381
 -1       520    6    0    1
 -2        64       354        65       203       375       376        76       251       595       252
 -1       521    6    0    1
 -2        91       273        92       344       332       331       103       417       590       416
 -1       522    6    0    1
 -2       344       201        69        68       592       260       388       387       259        80
 -1       523    6    0    1
 -2       354        87        88       275       409        99       408       599       324       323
 -1       524    6    0    1
 -2       347       348       109       575       371       360       429       692       690       625
 -1       525    6    0    1
 -2        16        39        15       574       176       174        27       687       688       696
 -1       526    6    0    1
 -2       340       198        72        71       619       266       397       396       265        83
 -1       527    6    0    1
 -2       277        86        85       341       319        97       320       678       402       403
 -1       528    6    0    1
 -2        62        63       205       341        74       248       247       367       368       680
 -1       529    6    0    1
 -2        85       277       341       574       320       678       403       661       684       650
 -1       530    6    0    1
 -2       351        91       276        90       415       329       617       414       102       330
 -1       531    6    0    1
 -2        68       204        67       351       258       257        79       384       616       385
 -1       532    6    0    1
 -2        21        44        20       204       185       186        32       231       674       232
 -1       533    6    0    1
 -2        42        43       196        19        54       664       663       182       183       225
 -1       534    6    0    1
 -2        86       342       278        87       407       614       322        98       406       321
 -1       535    6    0    1
 -2       206       342        63        64       622       372       249       250       373        75
 -1       536    6    0    1
 -2        17        41       275        42       178       294       681       180        53       295
 -1       537    6    0    1
 -2       202        20        19        43       228        31       229       668       184       183
 -1       538    6    0    1
 -2        43        44       202        20        55       671       668       184       186       228
 -1       539    6    0    1
 -2        39         2        15       575        50       172       174       697       679       693
 -1       540    6    0    1
 -2         3        62       195       348        73       213       212       355       356       647
 -1       541    6    0    1
 -2       339        94       272        93       420       335       602       421       105       336
 -1       542    6    0    1
 -2        71        70       339       200        82       393       394       264       263       601
 -1       543    6    0    1
 -2       205       195       347       574       218       648       686       685       698       660
 -1       544    6    0    1
 -2         1       197       195       575       209       211       208       637       635       691
 -1       545    6    0    1
 -2       195       347       574       575       648       660       698       691       692       699
 -1       546    6    0    1
 -2       267         2        39       575       279        50       280       700       679       697
 -1       547    6    0    1
 -2        15       195       574       575       207       698       696       693       691       699
 -1       548    6    0    1
 -2       267        39       574       575       280       688       683       700       697       699
 -1       549    6    0    1
 -2       205       347       341       574       686       369       680       685       660       650
 -1       550    6    0    1
 -2        85       267       277       574       284       290       320       661       683       684
 -1       551    6    0    1
 -2       205       206        16       574       221       220       216       685       651       687
 -1       552    6    0    1
 -2         3        72       345       197        84       358       357       215       214       628
 -1       553    6    0    1
 -2        16       206       573       574       220       676       578       687       651       677
 -1       554    6    0    1
 -2       573        40        16       574       576       179       578       677       689       687
 -1       555    6    0    1
 -2       109       349       347       575       426       405       429       625       695       692
 -1       556    6    0    1
 -2       267        85         4       349       284        96       285       682       362       361
 -1       557    6    0    1
 -2       195       197         3       575       211       215       212       691       635       694
 -1       558    6    0    1
 -2         4       269       267       575       286       283       285       701       636       700
 -1       559    6    0    1
 -2       574        39        15       575       688       174       696       699       697       693
 -1       560    6    0    1
 -2       278        40        41       573       291        52       292       675       576       577
 -1       561    6    0    1
 -2        39        40       277       574        51       289       288       688       689       684
 -1       562    6    0    1
 -2       350        95         4       269       364       107       363       644       287       286
 -1       563    6    0    1
 -2       267       269         2       575       283       282       279       700       636       679
 -1       564    6    0    1
 -2        17        16       206       573        28       220       219       579       578       676
 -1       565    6    0    1
 -2       205        16        15       574       216        27       217       685       687       696
 -1       566    6    0    1
 -2        15       195       205       574       207       218       217       696       698       685
 -1       567    6    0    1
 -2       267        39       277       574       280       288       290       683       688       684
 -1       568    6    0    1
 -2       275       573        41        17       702       577       294       681       579       178
 -1       569    6    0    1
 -2        41       573       275       278       577       702       294       292       675       296
 -1       570    6    0    1
 -2       275       203       573        17       598       703       702       681       223       579
 -1       571    6    0    1
 -2       573       203       275       278       703       598       702       675       613       296
 -1       572    6    0    1
 -2       203       206       573        17       224       676       703       223       219       579
 -1       573    6    0    1
 -2       573       206       203       278       676       224       703       675       623       613
 -1       574    6    0    1
 -2       343       272       199       271       646       633       667       666       314       631
 -1       575    6    0    1
 -2       272       343       200       339       646       645       603       602       395       601
 -1       576    6    0    1
 -2       343       272       200       199       646       603       645       667       633       242
 -1       577    6    0    1
 -2       273       343       199       271       640       667       665       311       666       631
 -1       578    6    0    1
 -2       273       343       201       199       640       641       591       665       667       239
 -1       579    6    0    1
 -2       343       273       201       344       640       591       641       392       590       592
 -1       580    6    0    1
 -2       196       275       353       268       662       639       581       584       299       583
 -1       581    6    0    1
 -2       275       353       203       196       639       638       598       662       581       227
 -1       582    6    0    1
 -2       353       275       203       354       639       598       638       380       599       595
 -1       583    6    0    1
 -2        89       352       268       274       413       582       325       328       588       302
 -1       584    6    0    1
 -2       352        89       268       353       413       325       582       383       410       583
 -1       585    6    0    1
 -2        66       196       352       202       254       580       381       255       230       586
 -1       586    6    0    1
 -2       196        66       352       353       254       381       580       581       379       383
 -1       587    6    0    1
 -2        90       274       351       352       327       587       414       412       588       386
 -1       588    6    0    1
 -2       351       274        90       276       587       327       414       617       305       330
 -1       589    6    0    1
 -2        67       202       351       204       256       585       385       257       233       616
 -1       590    6    0    1
 -2       202        67       351       352       256       385       585       586       382       386
 -1       591    6    0    1
 -2        68       351       201       204       384       593       259       258       616       236
 -1       592    6    0    1
 -2       201       351        68       344       593       384       259       592       389       387
 -1       593    6    0    1
 -2        91       351       273       344       415       594       332       417       389       590
 -1       594    6    0    1
 -2       273       351        91       276       594       415       332       308       617       329
 -1       595    6    0    1
 -2         4       575       350       269       701       627       363       286       636       644
 -1       596    6    0    1
 -2       350       575         4       108       627       701       363       366       626       110
 -1       597    6    0    1
 -2       575       574       349       347       699       659       695       692       660       405
 -1       598    6    0    1
 -2       349       574       575       267       659       699       695       682       683       700
 -1       599    6    0    1
 -2       349       575         4       267       695       701       361       682       700       285
 -1       600    6    0    1
 -2         4       575       349       108       701       695       361       110       626       365
 -1       601    6    0    1
 -2       348       575         3       109       690       694       355       360       625       112
 -1       602    6    0    1
 -2         3       575       348       195       694       690       355       212       691       647
 -1       603    6    0    1
 -2       434         7         5       439       705       114       704       706       441       440
 -1       604    6    0    1
 -2         6       434         5        10       436       704       113       121       437       432
 -1       605    6    0    1
 -2        12         7         8       434       433       115       123       438       705       435
 -1       606    6    0    1
 -2         6         8         5       434       116       430       113       436       435       704
 -1       607    6    0    1
 -2       434         8         5         7       435       430       704       705       115       114
 -1       608    6    0    1
 -2       439         9        12        11       442       431       707       443       118       119
 -1       609    6    0    1
 -2       439         7        12       434       441       433       707       706       705       438
 -1       610    6    0    1
 -2        12         7       439        11       433       441       707       119       124       443
 -1       611    6    0    1
 -2        10        12       439         9       120       707       708       117       431       442
 -1       612    6    0    1
 -2       439        12        10       434       707       120       708       706       438       437
 -1       613    6    0    1
 -2       439         5        10         9       440       432       708       442       122       117
 -1       614    6    0    1
 -2        10         5       439       434       432       440       708       437       704       706
 -1       615    6    0    1
 -2       523       154       526       711       549       551       553       713       712       714
 -1       616    6    0    1
 -2       154       155       526       711       166       552       551       712       715       714
 -1       617    6    0    1
 -2       523       470       153       710       717       716       548       719       718       720
 -1       618    6    0    1
 -2       153       470       129       710       716       496       457       720       718       721
 -1       619    6    0    1
 -2       474       149       527       709       723       532       722       725       724       726
 -1       620    6    0    1
 -2       523       130       470       710       727       495       717       719       728       718
 -1       621    6    0    1
 -2       473       155       131       711       729       459       498       730       715       731
 -1       622    6    0    1
 -2       153       129       154       710       457       455       165       720       721       732
 -1       623    6    0    1
 -2       477       523       153       530       734       548       733       735       550       546
 -1       624    6    0    1
 -2       529       472       476       471       737       488       736       738       519       491
 -1       625    6    0    1
 -2       524       523       477       530       570       734       739       547       550       735
 -1       626    6    0    1
 -2       159       475       521       528       741       740       533       560       742       562
 -1       627    6    0    1
 -2       127       471       529       476       490       738       743       486       491       736
 -1       628    6    0    1
 -2       473       526       155       711       744       552       729       730       714       715
 -1       629    6    0    1
 -2       130       523       154       710       727       549       456       728       719       732
 -1       630    6    0    1
 -2       471       467       470       520       516       518       517       745       434       746
 -1       631    6    0    1
 -2       471       472       467       520       519       514       516       745       747       434
 -1       632    6    0    1
 -2       470       520       523       524       746       569       717       748       571       570
 -1       633    6    0    1
 -2       472       471       525       520       519       749       750       747       745       566
 -1       634    6    0    1
 -2       468       467       472       520       512       514       513       751       434       747
 -1       635    6    0    1
 -2       525       520       471       524       566       745       749       572       571       752
 -1       636    6    0    1
 -2       468       472       521       520       513       753       754       751       747       563
 -1       637    6    0    1
 -2       471       520       470       524       745       746       517       752       571       748
 -1       638    6    0    1
 -2       521       472       525       520       753       750       567       563       747       566
 -1       639    6    0    1
 -2        14       149       527       474       160       532       531       755       723       722
 -1       640    6    0    1
 -2       126       529       476       127       756       736       487       138       743       486
 -1       641    6    0    1
 -2       524       477       152       530       739       757       543       547       735       545
 -1       642    6    0    1
 -2       477       530       153       152       735       546       733       757       545       164
 -1       643    6    0    1
 -2       475       159       158       528       741       170       758       742       560       559
 -1       644    6    0    1
 -2        14       527       468       474       531       759       760       755       722       482
 -1       645    6    0    1
 -2       529       126       476       472       756       487       736       737       483       488
 -1       646    6    0    1
 -2       129       130       154       710       141       456       455       721       728       732
 -1       647    6    0    1
 -2       474       125       149       709       478       446       723       725       761       724
 -1       648    6    0    1
 -2       525       472       529       471       750       737       541       749       519       738
 -1       649    6    0    1
 -2       153       477       470       523       733       497       716       548       734       717
 -1       650    6    0    1
 -2       159       521       475       468       533       740       741       762       754       509
 -1       651    6    0    1
 -2       525       471       529       524       749       738       541       572       752       544
 -1       652    6    0    1
 -2       524       477       523       470       739       734       570       748       497       717
 -1       653    6    0    1
 -2       477       470       524       471       497       748       739       494       517       752
 -1       654    6    0    1
 -2       127       529       471       524       743       738       490       763       544       752
 -1       655    6    0    1
 -2       473       130       470       523       499       495       500       764       727       717
 -1       656    6    0    1
 -2       153       154       523       710       165       549       548       720       732       719
 -1       657    6    0    1
 -2        14       468       521       159       760       754       534       171       762       533
 -1       658    6    0    1
 -2       127       471       128       524       490       489       139       763       752       765
 -1       659    6    0    1
 -2       527       149       525       709       532       536       538       726       724       766
 -1       660    6    0    1
 -2       521       475       522       528       740       767       564       562       742       561
 -1       661    6    0    1
 -2       522       133       156       157       768       462       555       556       465       168
 -1       662    6    0    1
 -2       159       468       475       135       762       509       741       447       481       506
 -1       663    6    0    1
 -2       470       129       477       153       496       492       497       716       457       733
 -1       664    6    0    1
 -2       477       128       471       524       493       489       494       739       765       752
 -1       665    6    0    1
 -2        14       468        13       474       760       480       148       755       482       479
 -1       666    6    0    1
 -2       468        14       521       527       760       534       754       759       531       535
 -1       667    6    0    1
 -2       529       525       150       472       541       537       539       737       750       769
 -1       668    6    0    1
 -2       529       524       127       151       544       763       743       540       542       451
 -1       669    6    0    1
 -2       468       521       469       520       754       770       511       751       563       771
 -1       670    6    0    1
 -2       473       523       470       520       764       717       500       772       569       746
 -1       671    6    0    1
 -2       469       467       468       520       510       512       511       771       434       751
 -1       672    6    0    1
 -2       473       470       467       520       500       518       515       772       746       434
 -1       673    6    0    1
 -2       130       129       470       710       141       496       495       728       721       718
 -1       674    6    0    1
 -2       524       151       128       127       542       452       765       763       451       139
 -1       675    6    0    1
 -2       468        14       135       159       760       445       481       762       171       447
 -1       676    6    0    1
 -2       468        13       135        14       480       147       481       760       148       445
 -1       677    6    0    1
 -2       522       475       158       528       767       758       558       561       742       559
 -1       678    6    0    1
 -2       469       468       475       521       511       509       508       770       754       740
 -1       679    6    0    1
 -2       474        14       125        13       755       444       478       479       148       136
 -1       680    6    0    1
 -2       149        14       125       474       160       444       446       723       755       478
 -1       681    6    0    1
 -2       529       127       126       151       743       138       756       540       451       450
 -1       682    6    0    1
 -2       475       135       158       159       506       466       758       741       447       170
 -1       683    6    0    1
 -2       477       153       129       152       733       457       492       757       164       453
 -1       684    6    0    1
 -2       524       152       477       128       543       757       739       765       454       493
 -1       685    6    0    1
 -2       475       158       135       134       758       466       506       507       464       146
 -1       686    6    0    1
 -2       150       126       529       472       449       756       539       769       483       737
 -1       687    6    0    1
 -2       152       151       128       524       163       452       454       543       542       765
 -1       688    6    0    1
 -2       125       126       150       472       137       449       448       484       483       769
 -1       689    6    0    1
 -2       133       132       469       522       144       503       502       768       773       774
 -1       690    6    0    1
 -2       522       156       133       132       555       462       768       773       461       144
 -1       691    6    0    1
 -2       134       475       158       522       507       758       464       775       767       558
 -1       692    6    0    1
 -2       126       150       529       151       449       539       756       450       162       540
 -1       693    6    0    1
 -2       477       129       128       152       492       140       493       757       453       454
 -1       694    6    0    1
 -2       469       521       522       520       770       564       774       771       563       565
 -1       695    6    0    1
 -2       523       473       526       520       764       744       553       569       772       568
 -1       696    6    0    1
 -2       467       469       473       520       510       504       515       434       771       772
 -1       697    6    0    1
 -2       522       132       469       473       773       503       774       776       501       504
 -1       698    6    0    1
 -2       132       156       526       522       461       554       777       773       555       557
 -1       699    6    0    1
 -2       526       473       132       522       744       501       777       557       776       773
 -1       700    6    0    1
 -2       522       158       133       157       558       463       768       556       169       465
 -1       701    6    0    1
 -2       522       133       158       134       768       463       558       775       145       464
 -1       702    6    0    1
 -2       472       125       474       709       484       478       485       778       761       725
 -1       703    6    0    1
 -2       475       134       469       522       507       505       508       767       775       774
 -1       704    6    0    1
 -2       521       522       475       469       564       767       740       770       774       508
 -1       705    6    0    1
 -2       134       133       469       522       145       502       505       775       768       774
 -1       706    6    0    1
 -2       523       526       473       711       553       744       764       713       714       730
 -1       707    6    0    1
 -2       522       473       469       520       776       504       774       565       772       771
 -1       708    6    0    1
 -2       473       522       526       520       776       557       744       772       565       568
 -1       709    6    0    1
 -2       132       155       131       473       460       459       143       501       729       498
 -1       710    6    0    1
 -2       154       131       155       711       458       459       166       712       731       715
 -1       711    6    0    1
 -2       155       156       526       132       167       554       552       460       461       777
 -1       712    6    0    1
 -2       155       132       526       473       460       777       552       729       501       744
 -1       713    6    0    1
 -2       150       149       709       525       161       724       779       537       536       766
 -1       714    6    0    1
 -2       709       149       150       125       724       161       779       761       446       448
 -1       715    6    0    1
 -2       709       472       150       525       778       769       779       766       750       537
 -1       716    6    0    1
 -2       150       472       709       125       769       778       779       448       484       761
 -1       717    6    0    1
 -2       468       709       474       527       780       725       482       759       726       722
 -1       718    6    0    1
 -2       474       709       468       472       725       780       482       485       778       513
 -1       719    6    0    1
 -2       468       521       709       527       754       781       780       759       535       726
 -1       720    6    0    1
 -2       709       521       468       472       781       754       780       778       753       513
 -1       721    6    0    1
 -2       521       525       709       527       567       766       781       535       538       726
 -1       722    6    0    1
 -2       709       525       521       472       766       567       781       778       750       753
 -1       723    6    0    1
 -2       130       711       473       131       782       730       499       142       731       498
 -1       724    6    0    1
 -2       711       130       473       523       782       499       730       713       727       764
 -1       725    6    0    1
 -2       711       130       154       131       782       456       712       731       142       458
 -1       726    6    0    1
 -2       130       711       154       523       782       712       456       727       713       549
 -3
    1PSTEP                         1           1           1          
  100CL  101 1.000000000         782                     0    1           1
 -4  DISP        4    1
 -5  D1          1    2    1    0
 -5  D2          1    2    2    0
 -5  D3          1    2    3    0
 -5  ALL         1    2    0    0    1ALL
 -1         1 3.16946E+08 1.89378E+08-1.69922E+08
 -1         2 2.64696E+08 1.89378E+08-6.77515E+07
 -1         3 1.44983E+08 6.67735E+07-1.69922E+08
 -1         4 9.27337E+07 6.67735E+07-6.77515E+07
 -1         5 1.76885E-06 2.28201E-06-6.32537E-06
 -1         6-4.79659E-06 1.23797E-05-3.13494E-06
 -1         7 9.02935E-06 2.28140E-06-5.85033E-06
 -1         8 2.47154E-06 1.24650E-05-2.65909E-06
 -1         9 1.76824E-06-9.81919E-06-6.79792E-06
 -1        10-4.65364E-06 2.62084E-07-3.60356E-06
 -1        11 9.02862E-06-9.81932E-06-6.33393E-06
 -1        12 2.61614E-06 3.49830E-07-3.14503E-06
 -1        13-2.33405E-06 1.52069E-05-4.43072E-06
 -1        14-3.94352E-06 1.51871E-05-1.27638E-06
 -1        15 2.78548E+08 1.09752E+08-3.13224E+08
 -1        16 1.73644E+08-3.29160E+06-4.18129E+08
 -1        17 3.03417E+07-1.19462E+08-4.56526E+08
 -1        18-1.12961E+08-2.07633E+08-4.18129E+08
 -1        19-2.17865E+08-2.44177E+08-3.13224E+08
 -1        20-2.56263E+08-2.19304E+08-1.69922E+08
 -1        21-2.17865E+08-1.39678E+08-2.66198E+07
 -1        22-1.12961E+08-2.66342E+07 7.82847E+07
 -1        23 3.03417E+07 8.95365E+07 1.16682E+08
 -1        24 1.73644E+08 1.77707E+08 7.82847E+07
 -1        25 2.78548E+08 2.14251E+08-2.66198E+07
 -1        26 3.07180E+08 1.55369E+08-2.44101E+08
 -1        27 2.33002E+08 5.56357E+07-3.72582E+08
 -1        28 1.04520E+08-6.30143E+07-4.46761E+08
 -1        29-4.38370E+07-1.68789E+08-4.46761E+08
 -1        30-1.72318E+08-2.33346E+08-3.72582E+08
 -1        31-2.46497E+08-2.39387E+08-2.44101E+08
 -1        32-2.46497E+08-1.85295E+08-9.57433E+07
 -1        33-1.72318E+08-8.55615E+07 3.27379E+07
 -1        34-4.38370E+07 3.30885E+07 1.06917E+08
 -1        35 1.04520E+08 1.38863E+08 1.06917E+08
 -1        36 2.33002E+08 2.03420E+08 3.27379E+07
 -1        37 3.07180E+08 2.09462E+08-9.57433E+07
 -1        38 2.90821E+08 1.89378E+08-1.18837E+08
 -1        39 2.26299E+08 1.09752E+08-2.11054E+08
 -1        40 1.21394E+08-3.29160E+06-3.15958E+08
 -1        41-2.19080E+07-1.19462E+08-3.54356E+08
 -1        42-1.65210E+08-2.07633E+08-3.15958E+08
 -1        43-2.70115E+08-2.44177E+08-2.11054E+08
 -1        44-3.08512E+08-2.19304E+08-6.77515E+07
 -1        45-2.70115E+08-1.39678E+08 7.55507E+07
 -1        46-1.65210E+08-2.66342E+07 1.80455E+08
 -1        47-2.19080E+07 8.95365E+07 2.18853E+08
 -1        48 1.21394E+08 1.77707E+08 1.80455E+08
 -1        49 2.26299E+08 2.14251E+08 7.55507E+07
 -1        50 2.54930E+08 1.55369E+08-1.41930E+08
 -1        51 1.80752E+08 5.56357E+07-2.70411E+08
 -1        52 5.22706E+07-6.30143E+07-3.44590E+08
 -1        53-9.60867E+07-1.68789E+08-3.44590E+08
 -1        54-2.24568E+08-2.33346E+08-2.70411E+08
 -1        55-2.98747E+08-2.39387E+08-1.41930E+08
 -1        56-2.98747E+08-1.85295E+08 6.42717E+06
 -1        57-2.24568E+08-8.55615E+07 1.34908E+08
 -1        58-9.60867E+07 3.30885E+07 2.09087E+08
 -1        59 5.22706E+07 1.38863E+08 2.09087E+08
 -1        60 1.80752E+08 2.03420E+08 1.34908E+08
 -1        61 2.54930E+08 2.09462E+08 6.42717E+06
 -1        62 1.29624E+08 3.49230E+07-2.27243E+08
 -1        63 8.76625E+07-1.02944E+07-2.69205E+08
 -1        64 3.03417E+07-5.67627E+07-2.84564E+08
 -1        65-2.69792E+07-9.20307E+07-2.69205E+08
 -1        66-6.89410E+07-1.06649E+08-2.27243E+08
 -1        67-8.43001E+07-9.66993E+07-1.69922E+08
 -1        68-6.89410E+07-6.48488E+07-1.12601E+08
 -1        69-2.69792E+07-1.96314E+07-7.06393E+07
 -1        70 3.03417E+07 2.68369E+07-5.52802E+07
 -1        71 8.76625E+07 6.21049E+07-7.06393E+07
 -1        72 1.29624E+08 7.67228E+07-1.12601E+08
 -1        73 1.41077E+08 5.31698E+07-1.99593E+08
 -1        74 1.11406E+08 1.32765E+07-2.50986E+08
 -1        75 6.00131E+07-3.41834E+07-2.80657E+08
 -1        76 6.70198E+05-7.64933E+07-2.80657E+08
 -1        77-5.07223E+07-1.02316E+08-2.50986E+08
 -1        78-8.03938E+07-1.04733E+08-1.99593E+08
 -1        79-8.03938E+07-8.30956E+07-1.40250E+08
 -1        80-5.07223E+07-4.32023E+07-8.88580E+07
 -1        81 6.70198E+05 4.25765E+06-5.91865E+07
 -1        82 6.00131E+07 4.65675E+07-5.91865E+07
 -1        83 1.11406E+08 7.23903E+07-8.88580E+07
 -1        84 1.41077E+08 7.48069E+07-1.40250E+08
 -1        85 7.73746E+07 3.49230E+07-1.25072E+08
 -1        86 3.54128E+07-1.02944E+07-1.67034E+08
 -1        87-2.19080E+07-5.67627E+07-1.82393E+08
 -1        88-7.92289E+07-9.20307E+07-1.67034E+08
 -1        89-1.21191E+08-1.06649E+08-1.25072E+08
 -1        90-1.36550E+08-9.66993E+07-6.77515E+07
 -1        91-1.21191E+08-6.48488E+07-1.04306E+07
 -1        92-7.92289E+07-1.96314E+07 3.15312E+07
 -1        93-2.19080E+07 2.68369E+07 4.68902E+07
 -1        94 3.54128E+07 6.21049E+07 3.15312E+07
 -1        95 7.73746E+07 7.67228E+07-1.04306E+07
 -1        96 8.88274E+07 5.31698E+07-9.74230E+07
 -1        97 5.91559E+07 1.32765E+07-1.48815E+08
 -1        98 7.76342E+06-3.41834E+07-1.78487E+08
 -1        99-5.15795E+07-7.64933E+07-1.78487E+08
 -1       100-1.02972E+08-1.02316E+08-1.48815E+08
 -1       101-1.32643E+08-1.04733E+08-9.74230E+07
 -1       102-1.32643E+08-8.30956E+07-3.80800E+07
 -1       103-1.02972E+08-4.32023E+07 1.33125E+07
 -1       104-5.15795E+07 4.25765E+06 4.29839E+07
 -1       105 7.76342E+06 4.65675E+07 4.29839E+07
 -1       106 5.91559E+07 7.23903E+07 1.33125E+07
 -1       107 8.88274E+07 7.48069E+07-3.80800E+07
 -1       108 1.10150E+08 6.67735E+07-1.01808E+08
 -1       109 1.27567E+08 6.67735E+07-1.35865E+08
 -1       110 1.01442E+08 6.67735E+07-8.47799E+07
 -1       111 1.18859E+08 6.67735E+07-1.18837E+08
 -1       112 1.36275E+08 6.67735E+07-1.52894E+08
 -1       113-1.50524E-06 7.34581E-06-5.49706E-06
 -1       114 5.39928E-06 2.28184E-06-6.08813E-06
 -1       115 5.76035E-06 7.39004E-06-5.04530E-06
 -1       116-1.16265E-06 1.24221E-05-2.89042E-06
 -1       117-1.43094E-06-4.76226E-06-5.99951E-06
 -1       118 5.39831E-06-9.81925E-06-6.56638E-06
 -1       119 5.83427E-06-4.71885E-06-5.53884E-06
 -1       120-1.01881E-06 3.05941E-07-3.37276E-06
 -1       121-4.72621E-06 6.32056E-06-3.34757E-06
 -1       122 1.76830E-06-3.76885E-06-6.55858E-06
 -1       123 2.54306E-06 6.40795E-06-2.88241E-06
 -1       124 9.02886E-06-3.76883E-06-6.09293E-06
 -1       125-2.14774E-06 1.17581E-05-3.26930E-06
 -1       126-1.39774E-06 7.11587E-06-2.26962E-06
 -1       127-3.43199E-07 2.79326E-06-1.67601E-06
 -1       128 5.20250E-07 5.06514E-07-1.06549E-06
 -1       129 1.10293E-06-5.66009E-07-2.00381E-06
 -1       130 7.85194E-07-2.60356E-06-4.35117E-06
 -1       131 4.18878E-07-1.93405E-06-5.63817E-06
 -1       132 2.92661E-07 3.52648E-06-6.38912E-06
 -1       133-4.35499E-07 9.98259E-06-6.46035E-06
 -1       134-1.31499E-06 1.45013E-05-6.12859E-06
 -1       135-2.00383E-06 1.62969E-05-5.44405E-06
 -1       136-2.31444E-06 1.37164E-05-3.85088E-06
 -1       137-1.83150E-06 9.49162E-06-2.72634E-06
 -1       138-8.83274E-07 4.81517E-06-1.91295E-06
 -1       139 1.21219E-07 1.33784E-06-1.39327E-06
 -1       140 8.14134E-07 2.40042E-07 0.00000E+00
 -1       141 1.00298E-06-1.80022E-06-3.36935E-06
 -1       142 6.04223E-07-2.73051E-06-5.07322E-06
 -1       143 3.63435E-07 1.77968E-07-6.03498E-06
 -1       144-2.32553E-08 6.90198E-06-6.49835E-06
 -1       145-8.98552E-07 1.25474E-05-6.35261E-06
 -1       146-1.69053E-06 1.57656E-05-5.83572E-06
 -1       147-2.22690E-06 1.60967E-05-4.97020E-06
 -1       148-3.14194E-06 1.51973E-05-2.85351E-06
 -1       149-3.72519E-06 1.17363E-05-2.41195E-07
 -1       150-2.90054E-06 7.09601E-06 5.71202E-07
 -1       151-1.72015E-06 2.77983E-06 8.38006E-07
 -1       152-4.77045E-07 2.97731E-07 2.85085E-07
 -1       153 9.98369E-07-7.09809E-07-4.29953E-07
 -1       154 1.07474E-06-2.49905E-06-1.11560E-06
 -1       155 3.27559E-07-2.09434E-06-8.65316E-07
 -1       156-7.05012E-07 3.30657E-06-1.36756E-06
 -1       157-1.82476E-06 9.97460E-06-2.62376E-06
 -1       158-2.84083E-06 1.44756E-05-2.66995E-06
 -1       159-3.59411E-06 1.62798E-05-2.16748E-06
 -1       160-3.91174E-06 1.36950E-05-7.58912E-07
 -1       161-3.37792E-06 9.47483E-06 2.15348E-07
 -1       162-2.32805E-06 4.80196E-06 7.83542E-07
 -1       163-1.10165E-06 1.22435E-06 6.36898E-07
 -1       164 3.67140E-07 0.00000E+00 0.00000E+00
 -1       165 1.17978E-06-1.73263E-06-8.29011E-07
 -1       166 7.65765E-07-2.70879E-06-1.19257E-06
 -1       167 0.00000E+00 0.00000E+00 0.00000E+00
 -1       168-1.26685E-06 6.82174E-06-2.18135E-06
 -1       169-2.37373E-06 1.25283E-05-2.72850E-06
 -1       170-3.25221E-06 1.57440E-05-2.47712E-06
 -1       171-3.83124E-06 1.60805E-05-1.75725E-06
 -1       172 2.81055E+08 1.55369E+08-1.93015E+08
 -1       173 2.81055E+08 2.09462E+08-4.46581E+07
 -1       174 2.52423E+08 1.09752E+08-2.62139E+08
 -1       175 2.52423E+08 2.14251E+08 2.44655E+07
 -1       176 2.06877E+08 5.56357E+07-3.21497E+08
 -1       177 7.83955E+07-6.30143E+07-3.95675E+08
 -1       178 4.21681E+06-1.19462E+08-4.05441E+08
 -1       179 1.47519E+08-3.29160E+06-3.67043E+08
 -1       180-6.99619E+07-1.68789E+08-3.95675E+08
 -1       181-1.39085E+08-2.07633E+08-3.67043E+08
 -1       182-1.98443E+08-2.33346E+08-3.21497E+08
 -1       183-2.43990E+08-2.44177E+08-2.62139E+08
 -1       184-2.72622E+08-2.39387E+08-1.93015E+08
 -1       185-2.72622E+08-1.85295E+08-4.46581E+07
 -1       186-2.82388E+08-2.19304E+08-1.18837E+08
 -1       187-1.98443E+08-8.55615E+07 8.38232E+07
 -1       188-1.39085E+08-2.66342E+07 1.29370E+08
 -1       189-2.43990E+08-1.39678E+08 2.44655E+07
 -1       190-6.99619E+07 3.30885E+07 1.58002E+08
 -1       191 7.83955E+07 1.38863E+08 1.58002E+08
 -1       192 1.47519E+08 1.77707E+08 1.29370E+08
 -1       193 4.21681E+06 8.95365E+07 1.67768E+08
 -1       194 2.06877E+08 2.03420E+08 8.38232E+07
 -1       195 2.13046E+08 9.74503E+07-2.18877E+08
 -1       196-1.03407E+08-1.59088E+08-3.03671E+08
 -1       197 2.10059E+08 1.31312E+08-1.20166E+08
 -1       198 1.60606E+08 1.26435E+08-3.68401E+07
 -1       199-1.86138E+07 1.67494E+07 1.27822E+07
 -1       200 7.73303E+07 8.32283E+07 7.49828E+06
 -1       201-1.02607E+08-6.20740E+07-3.91597E+07
 -1       202-1.50176E+08-1.60720E+08-2.16691E+08
 -1       203-1.64275E+07-1.14127E+08-3.50440E+08
 -1       204-1.46692E+08-1.23887E+08-1.22486E+08
 -1       205 1.61104E+08 2.97923E+07-3.02870E+08
 -1       206 7.77777E+07-4.56909E+07-3.46956E+08
 -1       207 2.45797E+08 1.03601E+08-2.66051E+08
 -1       208 2.64996E+08 1.43414E+08-1.94400E+08
 -1       209 2.63503E+08 1.60345E+08-1.45044E+08
 -1       210 2.44304E+08 1.72782E+08-7.33930E+07
 -1       211 2.11553E+08 1.14381E+08-1.69522E+08
 -1       212 1.79015E+08 8.21119E+07-1.94400E+08
 -1       213 1.71335E+08 6.61866E+07-2.23060E+08
 -1       214 1.69842E+08 1.04018E+08-1.16384E+08
 -1       215 1.77521E+08 9.90429E+07-1.45044E+08
 -1       216 1.67374E+08 1.32503E+07-3.60500E+08
 -1       217 2.19826E+08 6.97720E+07-3.08047E+08
 -1       218 1.87075E+08 6.36213E+07-2.60874E+08
 -1       219 5.40597E+07-8.25766E+07-4.01741E+08
 -1       220 1.25711E+08-2.44913E+07-3.82542E+08
 -1       221 1.19441E+08-7.94933E+06-3.24913E+08
 -1       222-6.46940E+07-1.60880E+08-3.84284E+08
 -1       223 6.95708E+06-1.16795E+08-4.03483E+08
 -1       224 3.06751E+07-7.99090E+07-3.48698E+08
 -1       225-1.60636E+08-2.01633E+08-3.08447E+08
 -1       226-1.08184E+08-1.83360E+08-3.60900E+08
 -1       227-5.99173E+07-1.36608E+08-3.27055E+08
 -1       228-2.03219E+08-1.90012E+08-1.93307E+08
 -1       229-1.84021E+08-2.02448E+08-2.64958E+08
 -1       230-1.26792E+08-1.59904E+08-2.60181E+08
 -1       231-1.82278E+08-1.31782E+08-7.45529E+07
 -1       232-2.01477E+08-1.71595E+08-1.46204E+08
 -1       233-1.48434E+08-1.42303E+08-1.69589E+08
 -1       234-1.07784E+08-4.43541E+07 1.95625E+07
 -1       235-1.60236E+08-1.00876E+08-3.28898E+07
 -1       236-1.24649E+08-9.29806E+07-8.08228E+07
 -1       237 5.86395E+06 5.31430E+07 6.47323E+07
 -1       238-6.57871E+07-4.94240E+06 4.55334E+07
 -1       239-6.06103E+07-2.26623E+07-1.31888E+07
 -1       240 1.25487E+08 1.30467E+08 4.28915E+07
 -1       241 5.38360E+07 8.63824E+07 6.20903E+07
 -1       242 2.93583E+07 4.99888E+07 1.01402E+07
 -1       243 2.19577E+08 1.70343E+08-3.17299E+07
 -1       244 1.67125E+08 1.52071E+08 2.07223E+07
 -1       245 1.18968E+08 1.04832E+08-1.46709E+07
 -1       246 1.85333E+08 1.28874E+08-7.85032E+07
 -1       247 1.45364E+08 3.23576E+07-2.65057E+08
 -1       248 1.24383E+08 9.74895E+06-2.86038E+08
 -1       249 8.27201E+07-2.79927E+07-3.08080E+08
 -1       250 5.40597E+07-5.12268E+07-3.15760E+08
 -1       251 6.95708E+06-8.54448E+07-3.17502E+08
 -1       252-2.17034E+07-1.03079E+08-3.09822E+08
 -1       253-6.51931E+07-1.25560E+08-2.86438E+08
 -1       254-8.61740E+07-1.32868E+08-2.65457E+08
 -1       255-1.09559E+08-1.33684E+08-2.21967E+08
 -1       256-1.17238E+08-1.28709E+08-1.93307E+08
 -1       257-1.15496E+08-1.10293E+08-1.46204E+08
 -1       258-1.07816E+08-9.43680E+07-1.17544E+08
 -1       259-8.57739E+07-6.34614E+07-7.58804E+07
 -1       260-6.47930E+07-4.08527E+07-5.48995E+07
 -1       261-2.27965E+07-1.44101E+06-2.89286E+07
 -1       262 5.86395E+06 2.17931E+07-2.12490E+07
 -1       263 5.38360E+07 5.50326E+07-2.38910E+07
 -1       264 8.24964E+07 7.26666E+07-3.15705E+07
 -1       265 1.24134E+08 9.42701E+07-5.37397E+07
 -1       266 1.45115E+08 1.01579E+08-7.47206E+07
 -1       267 1.60796E+08 9.74503E+07-1.16707E+08
 -1       268-1.55657E+08-1.59088E+08-2.01500E+08
 -1       269 1.57810E+08 1.31312E+08-1.79958E+07
 -1       270 1.08356E+08 1.26435E+08 6.53303E+07
 -1       271-7.08635E+07 1.67494E+07 1.14953E+08
 -1       272 2.50806E+07 8.32283E+07 1.09669E+08
 -1       273-1.54857E+08-6.20740E+07 6.30107E+07
 -1       274-2.02426E+08-1.60720E+08-1.14521E+08
 -1       275-6.86772E+07-1.14127E+08-2.48269E+08
 -1       276-1.98942E+08-1.23887E+08-2.03155E+07
 -1       277 1.08854E+08 2.97923E+07-2.00700E+08
 -1       278 2.55280E+07-4.56909E+07-2.44785E+08
 -1       279 2.12746E+08 1.43414E+08-9.22292E+07
 -1       280 1.93547E+08 1.03601E+08-1.63880E+08
 -1       281 1.92054E+08 1.72782E+08 2.87774E+07
 -1       282 2.11253E+08 1.60345E+08-4.28737E+07
 -1       283 1.59303E+08 1.14381E+08-6.73514E+07
 -1       284 1.19085E+08 6.61866E+07-1.20890E+08
 -1       285 1.26765E+08 8.21119E+07-9.22292E+07
 -1       286 1.25272E+08 9.90429E+07-4.28737E+07
 -1       287 1.17592E+08 1.04018E+08-1.42132E+07
 -1       288 1.67576E+08 6.97720E+07-2.05877E+08
 -1       289 1.15124E+08 1.32503E+07-2.58329E+08
 -1       290 1.34825E+08 6.36213E+07-1.58703E+08
 -1       291 7.34610E+07-2.44913E+07-2.80372E+08
 -1       292 1.80996E+06-8.25766E+07-2.99570E+08
 -1       293 6.71911E+07-7.94933E+06-2.22743E+08
 -1       294-4.52926E+07-1.16795E+08-3.01313E+08
 -1       295-1.16944E+08-1.60880E+08-2.82114E+08
 -1       296-2.15746E+07-7.99090E+07-2.46527E+08
 -1       297-1.60433E+08-1.83360E+08-2.58729E+08
 -1       298-2.12886E+08-2.01633E+08-2.06277E+08
 -1       299-1.12167E+08-1.36608E+08-2.24885E+08
 -1       300-2.36270E+08-2.02448E+08-1.62787E+08
 -1       301-2.55469E+08-1.90012E+08-9.11361E+07
 -1       302-1.79041E+08-1.59904E+08-1.58010E+08
 -1       303-2.53727E+08-1.71595E+08-4.40335E+07
 -1       304-2.34528E+08-1.31782E+08 2.76176E+07
 -1       305-2.00684E+08-1.42303E+08-6.74181E+07
 -1       306-2.12486E+08-1.00876E+08 6.92807E+07
 -1       307-1.60033E+08-4.43541E+07 1.21733E+08
 -1       308-1.76899E+08-9.29806E+07 2.13476E+07
 -1       309-1.18037E+08-4.94240E+06 1.47704E+08
 -1       310-4.63858E+07 5.31430E+07 1.66903E+08
 -1       311-1.12860E+08-2.26623E+07 8.89817E+07
 -1       312 1.58629E+06 8.63824E+07 1.64261E+08
 -1       313 7.32374E+07 1.30467E+08 1.45062E+08
 -1       314-2.28914E+07 4.99888E+07 1.12311E+08
 -1       315 1.14875E+08 1.52071E+08 1.22893E+08
 -1       316 1.67328E+08 1.70343E+08 7.04405E+07
 -1       317 6.67185E+07 1.04832E+08 8.74995E+07
 -1       318 1.33083E+08 1.28874E+08 2.36672E+07
 -1       319 7.21335E+07 9.74895E+06-1.83867E+08
 -1       320 9.31144E+07 3.23576E+07-1.62886E+08
 -1       321 1.80996E+06-5.12268E+07-2.13589E+08
 -1       322 3.04704E+07-2.79927E+07-2.05910E+08
 -1       323-7.39531E+07-1.03079E+08-2.07652E+08
 -1       324-4.52926E+07-8.54448E+07-2.15331E+08
 -1       325-1.38424E+08-1.32868E+08-1.63286E+08
 -1       326-1.17443E+08-1.25560E+08-1.84267E+08
 -1       327-1.69488E+08-1.28709E+08-9.11361E+07
 -1       328-1.61808E+08-1.33684E+08-1.19797E+08
 -1       329-1.60066E+08-9.43680E+07-1.53731E+07
 -1       330-1.67746E+08-1.10293E+08-4.40335E+07
 -1       331-1.17043E+08-4.08527E+07 4.72709E+07
 -1       332-1.38024E+08-6.34614E+07 2.62900E+07
 -1       333-4.63858E+07 2.17931E+07 8.09214E+07
 -1       334-7.50462E+07-1.44101E+06 7.32419E+07
 -1       335 3.02467E+07 7.26666E+07 7.05999E+07
 -1       336 1.58629E+06 5.50326E+07 7.82795E+07
 -1       337 9.28655E+07 1.01579E+08 2.74499E+07
 -1       338 7.18846E+07 9.42701E+07 4.84308E+07
 -1       339 3.25888E+07 4.57637E+07-7.76490E+06
 -1       340 8.16748E+07 7.10611E+07-3.43671E+07
 -1       341 8.16748E+07 9.39988E+06-2.03482E+08
 -1       342 3.25888E+07-3.52356E+07-2.29917E+08
 -1       343-2.54547E+07 4.25765E+06-8.10130E+06
 -1       344-7.68471E+07-4.32023E+07-3.77728E+07
 -1       345 1.32369E+08 7.48069E+07-1.23222E+08
 -1       346 1.10448E+08 7.67553E+07-7.50148E+07
 -1       347 1.10448E+08 4.19529E+07-1.70465E+08
 -1       348 1.32369E+08 5.31698E+07-1.82565E+08
 -1       349 1.04976E+08 5.51464E+07-1.23579E+08
 -1       350 1.04976E+08 7.41300E+07-7.15142E+07
 -1       351-1.06519E+08-8.30956E+07-8.91653E+07
 -1       352-1.06519E+08-1.04733E+08-1.48508E+08
 -1       353-7.68471E+07-1.02316E+08-1.99901E+08
 -1       354-2.54547E+07-7.64933E+07-2.29572E+08
 -1       355 1.39648E+08 6.06182E+07-1.76371E+08
 -1       356 1.31903E+08 4.45556E+07-2.05279E+08
 -1       357 1.39648E+08 7.15302E+07-1.46444E+08
 -1       358 1.31903E+08 7.65477E+07-1.17536E+08
 -1       359 1.30940E+08 7.15302E+07-1.29416E+08
 -1       360 1.30940E+08 6.06182E+07-1.59343E+08
 -1       361 9.96011E+07 6.14607E+07-9.57513E+07
 -1       362 9.23293E+07 4.56912E+07-1.24782E+08
 -1       363 9.96011E+07 7.10151E+07-6.95470E+07
 -1       364 9.23293E+07 7.64154E+07-4.05164E+07
 -1       365 1.08309E+08 6.14607E+07-1.12780E+08
 -1       366 1.08309E+08 7.10151E+07-8.65754E+07
 -1       367 1.06693E+08 2.25999E+07-2.16200E+08
 -1       368 8.50698E+07-3.60813E+05-2.36891E+08
 -1       369 9.79099E+07 2.65034E+07-1.88319E+08
 -1       370 1.20149E+08 3.84973E+07-1.98912E+08
 -1       371 1.21787E+08 4.77815E+07-1.76651E+08
 -1       372 6.05296E+07-2.28385E+07-2.50552E+08
 -1       373 3.15769E+07-4.62433E+07-2.58128E+08
 -1       374 5.87685E+07-1.28546E+07-2.19726E+08
 -1       375 2.31549E+06-6.70738E+07-2.58040E+08
 -1       376-2.65923E+07-8.48600E+07-2.50294E+08
 -1       377 3.54518E+06-5.72416E+07-2.33479E+08
 -1       378-5.25102E+07-9.78828E+07-2.35331E+08
 -1       379-7.36722E+07-1.05255E+08-2.14169E+08
 -1       380-5.31041E+07-9.20307E+07-2.18119E+08
 -1       381-8.86359E+07-1.06474E+08-1.88251E+08
 -1       382-9.63817E+07-1.01456E+08-1.59343E+08
 -1       383-9.50659E+07-1.06649E+08-1.76158E+08
 -1       384-8.86359E+07-7.44814E+07-1.00508E+08
 -1       385-9.63817E+07-9.05440E+07-1.29416E+08
 -1       386-1.10425E+08-9.66993E+07-1.18837E+08
 -1       387-7.36722E+07-5.43626E+07-7.45899E+07
 -1       388-5.25102E+07-3.15589E+07-5.34279E+07
 -1       389-9.50659E+07-6.48488E+07-6.15159E+07
 -1       390-2.65923E+07-7.62410E+06-3.84642E+07
 -1       391 2.31549E+06 1.58105E+07-3.07184E+07
 -1       392-5.31041E+07-1.96314E+07-1.95541E+07
 -1       393 3.15769E+07 3.67036E+07-3.06346E+07
 -1       394 6.05296E+07 5.45838E+07-3.82107E+07
 -1       395 3.54518E+06 2.63565E+07-4.19905E+06
 -1       396 8.50698E+07 6.70686E+07-5.19559E+07
 -1       397 1.06693E+08 7.49413E+07-7.26463E+07
 -1       398 5.87685E+07 6.06829E+07-1.80392E+07
 -1       399 9.79099E+07 7.57167E+07-5.33450E+07
 -1       400 1.20149E+08 7.68409E+07-9.37496E+07
 -1       401 1.21787E+08 7.61006E+07-9.89822E+07
 -1       402 5.89450E+07-3.60813E+05-1.85805E+08
 -1       403 8.05681E+07 2.25999E+07-1.65115E+08
 -1       404 9.40246E+07 3.84973E+07-1.47827E+08
 -1       405 1.08256E+08 4.88695E+07-1.47208E+08
 -1       406 5.45200E+06-4.62433E+07-2.07043E+08
 -1       407 3.44047E+07-2.28385E+07-1.99467E+08
 -1       408-5.27171E+07-8.48600E+07-1.99209E+08
 -1       409-2.38094E+07-6.70738E+07-2.06955E+08
 -1       410-9.97970E+07-1.05255E+08-1.63084E+08
 -1       411-7.86351E+07-9.78828E+07-1.84246E+08
 -1       412-1.22507E+08-1.01456E+08-1.08258E+08
 -1       413-1.14761E+08-1.06474E+08-1.37166E+08
 -1       414-1.22507E+08-9.05440E+07-7.83304E+07
 -1       415-1.14761E+08-7.44814E+07-4.94226E+07
 -1       416-7.86351E+07-3.15589E+07-2.34270E+06
 -1       417-9.97970E+07-5.43626E+07-2.35046E+07
 -1       418-2.38094E+07 1.58105E+07 2.03669E+07
 -1       419-5.27171E+07-7.62410E+06 1.26210E+07
 -1       420 3.44047E+07 5.45838E+07 1.28746E+07
 -1       421 5.45200E+06 3.67036E+07 2.04506E+07
 -1       422 8.05681E+07 7.49413E+07-2.15611E+07
 -1       423 5.89450E+07 6.70686E+07-8.70634E+05
 -1       424 9.40246E+07 7.68409E+07-4.26644E+07
 -1       425 1.08256E+08 7.58979E+07-7.30788E+07
 -1       426 1.17018E+08 6.14607E+07-1.29808E+08
 -1       427 1.17018E+08 7.10151E+07-1.03604E+08
 -1       428 1.21579E+08 7.38021E+07-1.04879E+08
 -1       429 1.21579E+08 5.59921E+07-1.53726E+08
 -1       430 2.12784E-06 7.36819E-06-5.27217E-06
 -1       431 2.20151E-06-4.74052E-06-5.76884E-06
 -1       432-1.46738E-06 1.29180E-06-5.75369E-06
 -1       433 5.79779E-06 1.33580E-06-5.29355E-06
 -1       434-1.09212E-06 6.36403E-06-3.04000E-06
 -1       435 6.89860E-07 9.41463E-06-2.86583E-06
 -1       436-2.94416E-06 9.37183E-06-3.10625E-06
 -1       437-2.87287E-06 3.31290E-06-3.33805E-06
 -1       438 7.62003E-07 3.35716E-06-3.10834E-06
 -1       439 5.39828E-06-3.76881E-06-6.32339E-06
 -1       440 3.58363E-06-7.43361E-07-6.32444E-06
 -1       441 7.21386E-06-7.43734E-07-6.08788E-06
 -1       442 3.58322E-06-6.79409E-06-6.56111E-06
 -1       443 7.21347E-06-6.79403E-06-6.32922E-06
 -1       444-3.11260E-06 1.37045E-05-2.30412E-06
 -1       445-3.02861E-06 1.60894E-05-3.36290E-06
 -1       446-2.93514E-06 1.17443E-05-1.75365E-06
 -1       447-2.79865E-06 1.62911E-05-3.80616E-06
 -1       448-2.60852E-06 9.47920E-06-1.25251E-06
 -1       449-2.15181E-06 7.10079E-06-8.47123E-07
 -1       450-1.61012E-06 4.80123E-06-5.71307E-07
 -1       451-1.02905E-06 2.76567E-06-4.54068E-07
 -1       452-4.81176E-07 1.24562E-06-4.23029E-07
 -1       453 5.86837E-07 5.75235E-08-6.32797E-07
 -1       454 4.94756E-08 3.39534E-07-4.77645E-07
 -1       455 1.10101E-06-1.76058E-06-2.10977E-06
 -1       456 9.53994E-07-2.54969E-06-2.72061E-06
 -1       457 1.01980E-06-6.75160E-07-1.29694E-06
 -1       458 6.87773E-07-2.69782E-06-3.14985E-06
 -1       459 3.78418E-07-2.00224E-06-3.33539E-06
 -1       460 1.12265E-07 1.12261E-07-3.50311E-06
 -1       461-2.09767E-07 3.48051E-06-3.99546E-06
 -1       462-6.36742E-07 6.89957E-06-4.35923E-06
 -1       463-1.63175E-06 1.25433E-05-4.53194E-06
 -1       464-2.07884E-06 1.44962E-05-4.39791E-06
 -1       465-1.12528E-06 1.00002E-05-4.55858E-06
 -1       466-2.47297E-06 1.57581E-05-4.15797E-06
 -1       467-4.82325E-07 6.37754E-06-4.56941E-06
 -1       468-1.34333E-06 1.13580E-05-4.72807E-06
 -1       469-6.75898E-07 9.46268E-06-5.45210E-06
 -1       470 1.58701E-07 1.75244E-06-3.94073E-06
 -1       471-2.79771E-07 3.63231E-06-2.86262E-06
 -1       472-1.14194E-06 8.09317E-06-3.52786E-06
 -1       473 5.77933E-08 3.92776E-06-5.28060E-06
 -1       474-1.73203E-06 1.15953E-05-4.02867E-06
 -1       475-1.31586E-06 1.29284E-05-5.45760E-06
 -1       476-7.78843E-07 5.36553E-06-2.59504E-06
 -1       477 1.69010E-07 1.18031E-06-2.39852E-06
 -1       478-1.93504E-06 1.16845E-05-3.65539E-06
 -1       479-2.02984E-06 1.33919E-05-4.23633E-06
 -1       480-1.82698E-06 1.32972E-05-4.58397E-06
 -1       481-1.67157E-06 1.38116E-05-5.09584E-06
 -1       482-1.53484E-06 1.14876E-05-4.38937E-06
 -1       483-1.26781E-06 7.62426E-06-2.89598E-06
 -1       484-1.62630E-06 9.92696E-06-3.41222E-06
 -1       485-1.43844E-06 9.82719E-06-3.79677E-06
 -1       486-5.62513E-07 4.06480E-06-2.11556E-06
 -1       487-1.07541E-06 6.23690E-06-2.44502E-06
 -1       488-9.70282E-07 6.70709E-06-3.07008E-06
 -1       489 6.62939E-08 1.87376E-06-1.96539E-06
 -1       490-2.97504E-07 3.25647E-06-2.19420E-06
 -1       491-5.17070E-07 4.49694E-06-2.72995E-06
 -1       492 5.16075E-07 1.77602E-07-2.23405E-06
 -1       493 2.18888E-07 8.60142E-07-1.46617E-06
 -1       494-4.19592E-08 2.35318E-06-2.64817E-06
 -1       495 4.58332E-07-2.95598E-07-4.15644E-06
 -1       496 4.35608E-07 2.46084E-07-3.15850E-06
 -1       497 1.58940E-07 1.48282E-06-3.22393E-06
 -1       498 2.33215E-07 1.17320E-06-5.52276E-06
 -1       499 3.09676E-07 3.20505E-07-4.90338E-06
 -1       500 9.58457E-08 2.74264E-06-4.72814E-06
 -1       501 1.97435E-07 3.77978E-06-5.82356E-06
 -1       502-5.65084E-07 9.74604E-06-5.94357E-06
 -1       503-1.60478E-07 6.84443E-06-5.89001E-06
 -1       504-2.79441E-07 6.74973E-06-5.35312E-06
 -1       505-9.98324E-07 1.19613E-05-5.79458E-06
 -1       506-1.65657E-06 1.46213E-05-5.45263E-06
 -1       507-1.31431E-06 1.37116E-05-5.79434E-06
 -1       508-9.90426E-07 1.12124E-05-5.45887E-06
 -1       509-1.32431E-06 1.21440E-05-5.10447E-06
 -1       510-5.49767E-07 7.88048E-06-4.96632E-06
 -1       511-9.88497E-07 1.04612E-05-5.11938E-06
 -1       512-8.85026E-07 8.83589E-06-4.61702E-06
 -1       513-1.25171E-06 9.70330E-06-4.18073E-06
 -1       514-8.34061E-07 7.27771E-06-3.98701E-06
 -1       515-2.19722E-07 5.29601E-06-4.88619E-06
 -1       516-3.80225E-07 4.96825E-06-3.69205E-06
 -1       517-5.31399E-08 2.79555E-06-3.38289E-06
 -1       518-1.27015E-07 3.99743E-06-4.23777E-06
 -1       519-7.05520E-07 5.79044E-06-3.22681E-06
 -1       520-1.69559E-06 6.35020E-06-1.37285E-06
 -1       521-2.85475E-06 1.13447E-05-1.52643E-06
 -1       522-2.02060E-06 9.42129E-06-1.96818E-06
 -1       523-2.83865E-07 1.72810E-06-1.04733E-06
 -1       524-1.38918E-06 3.58523E-06-2.71549E-07
 -1       525-2.60241E-06 8.08673E-06-5.41437E-07
 -1       526-6.79672E-07 3.90914E-06-1.48781E-06
 -1       527-3.29662E-06 1.15799E-05-9.26548E-07
 -1       528-2.83645E-06 1.29086E-05-2.11556E-06
 -1       529-2.15483E-06 5.33359E-06 1.59534E-07
 -1       530-3.33568E-07 1.17049E-06-3.87441E-07
 -1       531-3.62701E-06 1.33724E-05-1.10511E-06
 -1       532-3.51237E-06 1.16670E-05-5.89597E-07
 -1       533-3.23732E-06 1.37911E-05-1.85211E-06
 -1       534-3.41094E-06 1.32809E-05-1.40997E-06
 -1       535-3.07688E-06 1.14742E-05-1.24013E-06
 -1       536-3.16590E-06 9.90881E-06-3.93298E-07
 -1       537-2.74930E-06 7.60199E-06 1.12469E-08
 -1       538-2.95376E-06 9.81242E-06-7.38853E-07
 -1       539-2.52556E-06 6.21502E-06 3.61269E-07
 -1       540-1.93503E-06 4.03646E-06 5.03796E-07
 -1       541-2.38246E-06 6.68264E-06-1.93411E-07
 -1       542-1.53841E-06 3.24054E-06 2.88634E-07
 -1       543-9.18120E-07 1.75988E-06 7.88545E-08
 -1       544-1.77339E-06 4.45767E-06-5.47456E-08
 -1       545-3.99532E-07 7.90898E-07-4.33331E-09
 -1       546 3.31195E-07 1.84220E-07-4.29580E-07
 -1       547-8.98162E-07 2.28176E-06-3.09962E-07
 -1       548 3.37012E-07 2.54890E-07-7.93518E-07
 -1       549 4.94868E-07-2.55315E-07-1.11967E-06
 -1       550-3.03421E-07 1.46149E-06-7.64093E-07
 -1       551 2.31116E-07 3.38021E-07-1.30704E-06
 -1       552 4.52308E-09 1.18996E-06-1.23518E-06
 -1       553-5.00170E-07 2.71150E-06-1.33202E-06
 -1       554-5.70773E-07 3.68091E-06-1.31331E-06
 -1       555-1.28642E-06 6.78834E-06-1.80202E-06
 -1       556-1.91581E-06 9.71646E-06-2.25358E-06
 -1       557-1.38322E-06 6.71049E-06-1.71798E-06
 -1       558-2.44807E-06 1.19344E-05-2.32520E-06
 -1       559-2.83746E-06 1.36907E-05-2.39447E-06
 -1       560-3.22171E-06 1.46034E-05-2.15082E-06
 -1       561-2.43459E-06 1.11846E-05-2.05340E-06
 -1       562-2.84171E-06 1.21274E-05-1.82970E-06
 -1       563-2.27948E-06 8.83089E-06-1.43783E-06
 -1       564-2.42590E-06 1.04416E-05-1.78557E-06
 -1       565-1.83790E-06 7.84987E-06-1.63588E-06
 -1       566-2.16824E-06 7.26657E-06-9.44151E-07
 -1       567-2.73920E-06 9.69302E-06-1.06731E-06
 -1       568-1.21212E-06 5.26642E-06-1.45445E-06
 -1       569-1.01886E-06 3.94735E-06-1.18243E-06
 -1       570-8.60890E-07 2.78212E-06-6.86061E-07
 -1       571-1.54472E-06 4.92334E-06-8.18655E-07
 -1       572-2.00123E-06 5.75041E-06-4.03729E-07
 -1       573 5.91736E+07-5.56576E+07-3.37912E+08
 -1       574 1.58763E+08 4.67628E+07-2.51749E+08
 -1       575 1.84652E+08 1.03864E+08-1.45764E+08
 -1       576 9.02839E+07-2.94746E+07-3.26935E+08
 -1       577 1.86328E+07-8.75599E+07-3.46134E+08
 -1       578 1.16409E+08-2.94746E+07-3.78020E+08
 -1       579 4.47576E+07-8.75599E+07-3.97219E+08
 -1       580-1.04963E+08-1.31911E+08-2.26089E+08
 -1       581-9.01271E+07-1.30702E+08-2.51786E+08
 -1       582-1.31088E+08-1.31911E+08-1.75004E+08
 -1       583-1.16252E+08-1.30702E+08-2.00700E+08
 -1       584-1.29532E+08-1.59088E+08-2.52585E+08
 -1       585-1.28347E+08-1.21908E+08-1.52928E+08
 -1       586-1.28347E+08-1.32726E+08-1.82600E+08
 -1       587-1.54472E+08-1.21908E+08-1.01843E+08
 -1       588-1.54472E+08-1.32726E+08-1.31514E+08
 -1       589-1.76301E+08-1.60720E+08-1.65606E+08
 -1       590-1.15852E+08-5.26381E+07 1.26190E+07
 -1       591-1.28732E+08-6.20740E+07 1.19255E+07
 -1       592-8.97270E+07-5.26381E+07-3.84663E+07
 -1       593-1.04563E+08-7.25848E+07-6.41625E+07
 -1       594-1.30688E+08-7.25848E+07-1.30773E+07
 -1       595-2.09411E+07-9.53102E+07-2.90006E+08
 -1       596 8.08067E+06-7.46813E+07-2.90178E+08
 -1       597-1.80442E+07-7.46813E+07-2.39093E+08
 -1       598-4.25524E+07-1.14127E+08-2.99355E+08
 -1       599-4.70659E+07-9.53102E+07-2.38921E+08
 -1       600 7.95026E+07 7.71447E+07-1.34344E+07
 -1       601 5.49596E+07 6.44960E+07-1.33312E+05
 -1       602 2.88347E+07 6.44960E+07 5.09519E+07
 -1       603 5.12055E+07 8.32283E+07 5.85835E+07
 -1       604 5.33777E+07 7.71447E+07 3.76508E+07
 -1       605 1.35527E+08 1.01595E+08-5.59275E+07
 -1       606 1.60254E+08 1.04034E+08-9.75906E+07
 -1       607 1.83934E+08 1.31312E+08-6.90811E+07
 -1       608 1.34129E+08 1.04034E+08-4.65053E+07
 -1       609 1.59208E+08 1.28874E+08-2.74180E+07
 -1       610-1.52916E+08-1.59904E+08-2.09096E+08
 -1       611 1.09402E+08 1.01595E+08-4.84224E+06
 -1       612 1.34481E+08 1.26435E+08 1.42451E+07
 -1       613 4.55024E+06-7.99090E+07-2.97612E+08
 -1       614 2.90584E+07-4.04633E+07-2.37351E+08
 -1       615-1.50774E+08-9.29806E+07-2.97376E+07
 -1       616-1.26605E+08-1.03491E+08-1.05826E+08
 -1       617-1.52730E+08-1.03491E+08-5.47404E+07
 -1       618-1.74559E+08-1.42303E+08-1.18503E+08
 -1       619 1.21140E+08 9.87482E+07-3.56036E+07
 -1       620 9.28434E+07 1.04832E+08 3.64143E+07
 -1       621 9.50156E+07 9.87482E+07 1.54816E+07
 -1       622 5.51833E+07-4.04633E+07-2.88436E+08
 -1       623 5.16528E+07-4.56909E+07-2.95870E+08
 -1       624-1.72817E+08-1.23887E+08-7.14007E+07
 -1       625 1.56109E+08 8.53188E+07-1.40815E+08
 -1       626 1.47401E+08 8.53188E+07-1.23786E+08
 -1       627 1.44814E+08 8.89971E+07-1.08639E+08
 -1       628 1.71214E+08 1.03060E+08-1.21694E+08
 -1       629 1.68813E+08 9.90429E+07-1.28016E+08
 -1       630 1.47550E+08 9.03097E+07-1.10389E+08
 -1       631-4.47386E+07 1.67494E+07 6.38674E+07
 -1       632-2.02609E+07 5.31430E+07 1.15818E+08
 -1       633 3.23344E+06 4.99888E+07 6.12254E+07
 -1       634 2.37378E+08 1.60345E+08-9.39589E+07
 -1       635 1.97356E+08 1.17588E+08-1.32965E+08
 -1       636 1.71231E+08 1.17588E+08-8.18800E+07
 -1       637 2.50799E+08 1.46621E+08-1.57843E+08
 -1       638-4.66373E+07-1.08222E+08-2.75170E+08
 -1       639-7.27622E+07-1.08222E+08-2.24085E+08
 -1       640-9.01556E+07-2.89082E+07 2.74547E+07
 -1       641-6.40307E+07-2.89082E+07-2.36305E+07
 -1       642 1.93452E+08 1.70343E+08 1.93553E+07
 -1       643 9.93622E+07 1.30467E+08 9.39767E+07
 -1       644 1.31393E+08 1.02721E+08-4.47550E+07
 -1       645 2.59378E+07 4.37430E+07-3.01514E+05
 -1       646-1.87012E+05 4.37430E+07 5.07837E+07
 -1       647 1.72707E+08 7.53100E+07-2.00721E+08
 -1       648 1.61747E+08 6.97016E+07-1.94671E+08
 -1       649 7.97262E+07-1.81455E+07-2.75219E+08
 -1       650 1.20219E+08 2.80813E+07-2.27615E+08
 -1       651 1.18270E+08 5.35902E+05-2.99352E+08
 -1       652 9.56758E+07 5.76357E+06-2.40833E+08
 -1       653 5.36014E+07-1.81455E+07-2.24133E+08
 -1       654 9.21454E+07 5.35902E+05-2.48267E+08
 -1       655-9.19120E+07-4.94240E+06 9.66187E+07
 -1       656 2.18179E+08 1.72782E+08-2.23078E+07
 -1       657 1.41000E+08 1.52071E+08 7.18075E+07
 -1       658 2.77111E+07 8.63824E+07 1.13176E+08
 -1       659 1.31869E+08 5.09546E+07-1.87664E+08
 -1       660 1.34606E+08 4.43578E+07-2.11107E+08
 -1       661 1.18069E+08 4.08429E+07-1.88411E+08
 -1       662-8.60421E+07-1.36608E+08-2.75970E+08
 -1       663-1.34309E+08-1.83360E+08-3.09814E+08
 -1       664-1.86761E+08-2.01633E+08-2.57362E+08
 -1       665-8.67351E+07-2.26623E+07 3.78964E+07
 -1       666-4.81591E+07 1.05035E+07 5.34257E+07
 -1       667-2.20342E+07 1.05035E+07 2.34043E+06
 -1       668-2.10145E+08-2.02448E+08-2.13872E+08
 -1       669-1.33909E+08-4.43541E+07 7.06477E+07
 -1       670-9.08189E+07-1.60880E+08-3.33199E+08
 -1       671-2.29344E+08-1.90012E+08-1.42221E+08
 -1       672-1.86361E+08-1.00876E+08 1.81955E+07
 -1       673-2.08403E+08-1.31782E+08-2.34676E+07
 -1       674-2.27602E+08-1.71595E+08-9.51187E+07
 -1       675 4.23508E+07-5.06743E+07-2.91348E+08
 -1       676 6.84756E+07-5.06743E+07-3.42434E+08
 -1       677 1.08968E+08-4.44741E+06-2.94830E+08
 -1       678 9.52645E+07 1.95961E+07-2.02091E+08
 -1       679 2.24674E+08 1.46621E+08-1.06758E+08
 -1       680 1.21389E+08 1.95961E+07-2.53176E+08
 -1       681-1.91678E+07-1.16795E+08-3.52398E+08
 -1       682 1.32886E+08 7.62984E+07-1.20143E+08
 -1       683 1.59779E+08 7.21065E+07-1.84228E+08
 -1       684 1.33808E+08 3.82775E+07-2.26224E+08
 -1       685 1.59933E+08 3.82775E+07-2.77310E+08
 -1       686 1.35776E+08 3.58726E+07-2.36668E+08
 -1       687 1.66203E+08 2.17356E+07-3.34939E+08
 -1       688 1.92531E+08 7.82573E+07-2.31401E+08
 -1       689 1.40078E+08 2.17356E+07-2.83853E+08
 -1       690 1.58510E+08 7.85170E+07-1.64165E+08
 -1       691 1.98849E+08 1.00657E+08-1.82321E+08
 -1       692 1.47550E+08 7.29085E+07-1.58115E+08
 -1       693 2.31600E+08 1.06808E+08-2.29494E+08
 -1       694 1.64818E+08 8.53188E+07-1.57843E+08
 -1       695 1.44814E+08 7.95053E+07-1.34672E+08
 -1       696 2.18656E+08 7.82573E+07-2.82486E+08
 -1       697 2.05475E+08 1.06808E+08-1.78409E+08
 -1       698 1.85904E+08 7.21065E+07-2.35313E+08
 -1       699 1.71707E+08 7.53134E+07-1.98756E+08
 -1       700 1.72724E+08 1.00657E+08-1.31236E+08
 -1       701 1.38693E+08 8.53188E+07-1.06758E+08
 -1       702-4.75180E+06-8.48923E+07-2.93090E+08
 -1       703 2.13731E+07-8.48923E+07-3.44176E+08
 -1       704 3.29690E-07 4.32966E-06-5.50399E-06
 -1       705 3.96251E-06 4.35220E-06-5.27759E-06
 -1       706 2.16527E-06 1.31380E-06-5.52093E-06
 -1       707 3.99970E-06-1.70237E-06-5.53217E-06
 -1       708 3.67103E-07-1.72436E-06-5.76147E-06
 -1       709-2.54577E-06 1.04754E-05-1.89021E-06
 -1       710 6.28490E-07-5.21001E-07-2.27598E-06
 -1       711 2.89995E-07 1.54218E-07-2.96795E-06
 -1       712 6.26555E-07-1.29228E-06-2.00314E-06
 -1       713 7.53399E-08 1.06319E-06-1.97209E-06
 -1       714-1.03643E-07 1.97665E-06-2.24280E-06
 -1       715 3.32383E-07-7.96090E-07-2.14777E-06
 -1       716 3.93316E-07 2.36712E-07-1.97801E-06
 -1       717-5.66787E-08 1.73523E-06-2.50071E-06
 -1       718 3.13061E-07 5.59185E-07-3.07961E-06
 -1       719 2.23547E-07 5.71948E-07-1.68449E-06
 -1       720 7.99624E-07-6.65633E-07-1.28487E-06
 -1       721 8.11917E-07-6.46153E-07-2.36636E-06
 -1       722-2.51378E-06 1.15863E-05-2.47638E-06
 -1       723-2.72273E-06 1.16735E-05-2.12152E-06
 -1       724-3.12958E-06 1.11112E-05-1.06502E-06
 -1       725-2.14313E-06 1.10334E-05-2.95513E-06
 -1       726-2.91976E-06 1.10258E-05-1.41562E-06
 -1       727 4.83553E-07-2.77628E-07-2.62551E-06
 -1       728 7.72774E-07-1.46854E-06-3.26818E-06
 -1       729 9.93389E-08 1.19247E-06-3.39873E-06
 -1       730 8.22955E-08 1.97179E-06-4.11561E-06
 -1       731 3.68049E-07-7.93641E-07-4.22537E-06
 -1       732 8.62039E-07-1.42700E-06-1.78918E-06
 -1       733 4.36630E-07 1.92108E-07-1.37750E-06
 -1       734-6.49066E-08 1.45582E-06-2.00418E-06
 -1       735-5.15994E-08 1.16749E-06-1.41872E-06
 -1       736-1.46755E-06 5.33923E-06-1.21810E-06
 -1       737-1.67322E-06 6.68555E-06-1.63518E-06
 -1       738-1.14769E-06 4.46425E-06-1.39178E-06
 -1       739-4.66479E-07 2.28635E-06-1.50328E-06
 -1       740-2.08440E-06 1.21391E-05-3.46605E-06
 -1       741-2.43826E-06 1.46162E-05-3.80086E-06
 -1       742-2.07629E-06 1.29237E-05-3.78647E-06
 -1       743-1.24716E-06 4.03595E-06-8.24133E-07
 -1       744-3.23445E-07 3.93039E-06-3.38601E-06
 -1       745-9.60968E-07 4.93701E-06-2.25534E-06
 -1       746-5.71924E-07 3.96601E-06-2.71618E-06
 -1       747-1.49973E-06 7.26807E-06-2.47543E-06
 -1       748-4.53610E-07 2.77665E-06-2.03283E-06
 -1       749-1.35064E-06 5.76146E-06-1.81928E-06
 -1       750-1.86966E-06 8.08492E-06-2.03990E-06
 -1       751-1.58331E-06 8.83885E-06-3.03171E-06
 -1       752-8.36082E-07 3.58880E-06-1.55820E-06
 -1       753-1.99227E-06 9.69908E-06-2.62490E-06
 -1       754-2.09942E-06 1.13530E-05-3.12626E-06
 -1       755-2.82784E-06 1.33818E-05-2.66998E-06
 -1       756-1.80350E-06 6.21863E-06-1.04113E-06
 -1       757-6.40604E-08 7.81469E-07-7.17463E-07
 -1       758-2.07716E-06 1.37073E-05-4.09539E-06
 -1       759-2.30716E-06 1.14812E-05-2.81448E-06
 -1       760-2.61932E-06 1.32891E-05-2.99638E-06
 -1       761-2.34747E-06 1.11210E-05-2.58685E-06
 -1       762-2.45544E-06 1.38032E-05-3.47316E-06
 -1       763-9.25792E-07 3.22154E-06-9.65547E-07
 -1       764-1.90353E-07 2.72688E-06-3.02559E-06
 -1       765-4.05111E-07 1.78785E-06-9.39150E-07
 -1       766-2.58139E-06 9.27258E-06-1.21200E-06
 -1       767-1.71223E-06 1.12043E-05-3.75634E-06
 -1       768-1.25178E-06 9.74047E-06-4.09210E-06
 -1       769-2.00863E-06 7.60605E-06-1.44248E-06
 -1       770-1.70743E-06 1.04545E-05-3.44921E-06
 -1       771-1.19442E-06 7.87711E-06-3.29892E-06
 -1       772-7.19404E-07 5.28546E-06-3.17948E-06
 -1       773-7.25644E-07 6.85376E-06-3.86542E-06
 -1       774-1.34786E-06 9.45453E-06-3.70990E-06
 -1       775-1.72279E-06 1.19562E-05-4.06193E-06
 -1       776-8.28538E-07 6.74254E-06-3.51335E-06
 -1       777-1.83401E-07 3.75563E-06-3.54110E-06
 -1       778-1.83090E-06 9.27688E-06-2.72131E-06
 -1       779-2.73414E-06 8.76745E-06-6.46726E-07
 -1       780-1.94151E-06 1.09288E-05-3.31368E-06
 -1       781-2.70721E-06 1.09221E-05-1.75101E-06
 -1       782 5.72607E-07-1.32256E-06-3.73234E-06
 -3
    1PSTEP                         2           1           1          
  100CL  101 1.000000000         782                     0    1           1
 -4  STRESS      6    1
 -5  SXX         1    4    1    1
 -5  SYY         1    4    2    2
 -5  SZZ         1    4    3    3
 -5  SXY         1    4    1    2
 -5  SYZ         1    4    2    3
 -5  SZX         1    4    3    1
 -1         1-2.23381E-02-2.95951E-03-9.65975E-03 7.62256E-03 3.49767E-04-4.57890E-04
 -1         2 6.95333E-03-1.06074E-02-4.37197E-03-3.97744E-03 5.17039E-03-4.12093E-03
 -1         3 2.36964E-03-3.08245E-02-2.59109E-02-2.28572E-02-6.08670E-03-1.03323E-02
 -1         4 5.60762E-02 3.13786E-02 3.23227E-02 1.78091E-02-1.19106E-02-1.40317E-02
 -1         5 4.63008E-05 1.85062E-05-7.07407E-05-2.04529E-07-4.16931E-04-3.27521E-04
 -1         6-3.32560E-05 1.70550E-06-9.96536E-03-8.60240E-06 7.60308E-05 6.28232E-04
 -1         7 3.38984E-05-1.39879E-05 1.17673E-05-9.67358E-08 5.32739E-04-9.73136E-05
 -1         8-3.10230E-05 2.41214E-05-1.01009E-02 4.74697E-06-5.79396E-05 5.10646E-04
 -1         9 9.53105E-07-1.28943E-05-3.44122E-06-2.52626E-06 1.52230E-05-1.27947E-06
 -1        10 2.30168E-05 8.44943E-06-1.01830E-02 1.23842E-05 1.19874E-05-2.74825E-04
 -1        11-2.76980E-06-6.35544E-07 1.26101E-05 1.38222E-06-4.26338E-06 6.15243E-06
 -1        12 1.84183E-05 6.01686E-06-1.01850E-02-1.05896E-05-2.05505E-05-2.21873E-04
 -1        13-1.34000E-03 2.17819E-06 4.68832E-05-2.95580E-04-2.34074E-05 3.18215E-04
 -1        14-1.29435E-03 3.67571E-05 1.27496E-05-3.31295E-04-1.60707E-05-5.12616E-04
 -1        15-6.48148E-03-4.02588E-03 2.03251E-03 2.70501E-03-6.87710E-04 2.53733E-03
 -1        16 8.79137E-03-1.22205E-04 1.89589E-02 8.31512E-03-2.26572E-03-1.21761E-02
 -1        17-1.37586E-02-5.06903E-03-3.21394E-03-1.55629E-03-1.01138E-03-7.83191E-03
 -1        18 4.40578E-03 1.29543E-02-8.88254E-03 9.15284E-03 2.64388E-03-9.84052E-03
 -1        19-2.63068E-02-1.11228E-02-2.11849E-02 6.53013E-03-3.14740E-03-7.40559E-03
 -1        20-1.94862E-02-4.23352E-03 9.73956E-03-8.16296E-03 1.16877E-04-2.86781E-03
 -1        21 1.78835E-02-5.59856E-03-2.18736E-04-6.86475E-03 6.80248E-04-8.86548E-03
 -1        22-8.85242E-03-1.22014E-02 9.75227E-04-2.87162E-03-3.57176E-03-8.90148E-03
 -1        23 1.20395E-02 6.89567E-03 7.46276E-03 9.68972E-03 9.41964E-03 4.58281E-03
 -1        24 8.55625E-03-3.94357E-03 2.49154E-03 1.55514E-03 5.24917E-03 2.66386E-03
 -1        25 1.62461E-02 1.71995E-02 8.01734E-03 2.41067E-03-5.73463E-03-1.42391E-03
 -1        26 1.23088E-02 1.79795E-02 1.32574E-02 9.58836E-03-2.30625E-03-7.07942E-03
 -1        27 8.09991E-03-1.07868E-02 3.02132E-02 7.25206E-04-2.96813E-03-1.29132E-03
 -1        28-6.54951E-03-3.66301E-03 8.55647E-03 2.28486E-03 8.09396E-04-5.19000E-03
 -1        29 6.99077E-04 8.79937E-03-9.90761E-03 9.17120E-03-4.15810E-04-8.29880E-03
 -1        30-1.85202E-02-6.81367E-03-3.88524E-03-2.34934E-03-4.18153E-03-9.19524E-03
 -1        31-2.72988E-02-2.55944E-02-3.02111E-03-8.71908E-03-2.79258E-03-2.64214E-03
 -1        32 5.51190E-03-8.69760E-03-9.09277E-03-8.20667E-03-2.86750E-04-4.92695E-03
 -1        33-1.29744E-02-2.20044E-02-6.76822E-03-6.81451E-03-3.88222E-03-1.06897E-02
 -1        34-6.07607E-03 9.71096E-04 1.56508E-03 2.14823E-03 7.12512E-04-2.89235E-03
 -1        35 3.09238E-03 7.50236E-03 4.89913E-04 7.75859E-03 1.10614E-02 5.84895E-03
 -1        36-2.45427E-02-2.31549E-02-6.52806E-03-9.60477E-03-1.52637E-03-3.58348E-03
 -1        37-4.29434E-03 9.52219E-03-7.37138E-03 8.08809E-03-2.45511E-03-1.85681E-04
 -1        38-1.91885E-02-1.71673E-02-1.13902E-02 5.11349E-03 4.11173E-03 1.33430E-03
 -1        39 7.47337E-03 5.55687E-03-3.42703E-03 8.00498E-03 1.52609E-03 1.07302E-03
 -1        40-1.07908E-02-3.52753E-03-1.03971E-02-2.22313E-03-2.66090E-03 7.93370E-03
 -1        41-3.77454E-03-9.73488E-03-1.24504E-02-1.13993E-03-5.80280E-03-9.68549E-04
 -1        42 8.06613E-03-9.40070E-03 3.77803E-03 3.08862E-03 1.41847E-04 9.05448E-03
 -1        43-1.00816E-02 2.27359E-03 1.04239E-02 4.70601E-03-4.93553E-03-1.30682E-02
 -1        44-3.07769E-03 1.93822E-03-4.92199E-04-9.64810E-03 3.62836E-03-3.42801E-03
 -1        45-6.83988E-03 1.85474E-03 6.13652E-03 2.04210E-03 2.60730E-03-1.95384E-03
 -1        46 6.88143E-05 1.44202E-03 4.93462E-03 3.29941E-03-5.07674E-04-7.38116E-03
 -1        47-1.03901E-02-5.16686E-04-4.54279E-05-6.14011E-03 2.43822E-03 3.13532E-04
 -1        48-1.43448E-02-6.24947E-03-2.19015E-02-1.50176E-06-4.31101E-03-1.93493E-02
 -1        49-1.37747E-02 6.20489E-03-8.19813E-03-1.37823E-02-4.98120E-03-6.18255E-03
 -1        50 5.34254E-03 5.52097E-03-7.57531E-04-2.25322E-03 3.34787E-03 1.67181E-04
 -1        51 7.93080E-03-6.87584E-03-9.08203E-03 2.20941E-03-1.13113E-04 6.08061E-03
 -1        52 4.45827E-03-7.63828E-03-6.31396E-03 1.66768E-03-2.66618E-03 4.47670E-03
 -1        53 1.39266E-02 1.22114E-02 4.86425E-03 5.15211E-03 9.37155E-04 1.61777E-03
 -1        54 2.06439E-04-4.88961E-03 2.07040E-04 5.56741E-03-1.68490E-03 4.59841E-03
 -1        55-1.45237E-02-8.13756E-03-2.48545E-03-6.15416E-03-2.20178E-04-1.57107E-02
 -1        56-1.09093E-02-9.20272E-03-6.54031E-03-8.01782E-03 1.84083E-03 1.16802E-03
 -1        57-1.18940E-02-1.08260E-03 1.51599E-02 5.57261E-03-2.20178E-03-4.32054E-03
 -1        58 1.83832E-03 1.13682E-03 2.34709E-03-1.05375E-03 2.75837E-03-7.98151E-03
 -1        59-2.79831E-02-2.34051E-02-2.97348E-02-8.53781E-03-5.71152E-03-1.68025E-02
 -1        60-1.57354E-02 5.51362E-03-1.31495E-02-1.36863E-02-5.53789E-03-1.39169E-02
 -1        61-2.07286E-02-2.73229E-02-9.65661E-03-2.09409E-02-1.47570E-03 3.52964E-03
 -1        62-7.38811E-03-4.18629E-03-2.51948E-04-5.68560E-04 1.43794E-02 7.63624E-03
 -1        63-6.81141E-03-4.67050E-03-2.12946E-03 2.44374E-04 1.58120E-02 2.70956E-02
 -1        64-5.39196E-03-1.23597E-03-3.17501E-02-3.86409E-03-3.84685E-03 1.84632E-02
 -1        65 1.24756E-02-2.20639E-02 9.58427E-03-7.44185E-03-2.61955E-03 1.33870E-02
 -1        66 1.85550E-02 3.25425E-03 2.94116E-02 2.51175E-03 7.39722E-03 1.95158E-02
 -1        67-3.81509E-03 1.91902E-02 1.43435E-02-1.01312E-02 4.31031E-03 4.09018E-03
 -1        68-1.53013E-02-6.97623E-03-2.10933E-02-6.62553E-03 7.18657E-03 1.02733E-02
 -1        69-1.43937E-02-1.13314E-02-8.11576E-03-6.81953E-03-1.20677E-02-3.90290E-03
 -1        70 1.78081E-02 2.71637E-03 1.97824E-02 4.89330E-03-7.03706E-03 1.49011E-03
 -1        71-2.86266E-02 7.94849E-04 1.12472E-02-8.55002E-03 3.17799E-03 7.37286E-03
 -1        72 4.25760E-02-5.84212E-03 3.65434E-03 1.00284E-03 6.25076E-03 2.74748E-02
 -1        73-5.84073E-02-4.39556E-02-3.24364E-02-4.12576E-02-5.33394E-03-1.54063E-02
 -1        74 2.24259E-02-2.23294E-03 2.05141E-02 2.68200E-04 1.30372E-02 1.91076E-02
 -1        75-2.67640E-02-8.35897E-03-1.70637E-02-5.64184E-03 1.52009E-02 2.27110E-02
 -1        76-3.53224E-02-3.24614E-02-5.46965E-02-1.25812E-02-1.87579E-03 2.47498E-02
 -1        77 6.60369E-02 3.37702E-02 5.68934E-02 1.96739E-02 1.19084E-02 2.48611E-02
 -1        78-1.18016E-02-4.95553E-03 1.59862E-02-1.45415E-02 8.35943E-03 7.70494E-03
 -1        79-4.89280E-02-1.79224E-02-2.28149E-02-3.09203E-02 4.35968E-03-5.99725E-03
 -1        80-4.18614E-02-1.31933E-02-1.65423E-02-1.32777E-02-4.60887E-03 2.28650E-03
 -1        81-5.32185E-03 3.72366E-03 3.53102E-03 5.38772E-03-1.20970E-02 9.16921E-03
 -1        82-4.62183E-03 3.97582E-03 2.83979E-02-7.72526E-04 1.64865E-02 2.01237E-02
 -1        83 1.23552E-02 1.53316E-03 2.84438E-03 9.69390E-03 8.03874E-03 1.16091E-02
 -1        84 4.63217E-02-4.44895E-02-1.31433E-02-6.79443E-03 1.12267E-02 1.25562E-02
 -1        85-2.72570E-02-2.14962E-02-1.86998E-02-1.44666E-03 2.77415E-03 1.22467E-02
 -1        86-2.88340E-02-1.42194E-03-2.57782E-02-4.33490E-03-1.58389E-02 1.77264E-02
 -1        87-5.38531E-03-1.29307E-03-4.06491E-02-3.18822E-03-2.55618E-03 1.09597E-02
 -1        88-7.15618E-03-8.60006E-03-1.21614E-02-9.30114E-03-3.18970E-03 8.46232E-03
 -1        89 5.40445E-02 1.45742E-02 1.42525E-02 5.29030E-03 1.29442E-02 1.48106E-02
 -1        90-8.22459E-03-4.82378E-04-3.57593E-03 8.16294E-03 9.32973E-03 1.57226E-02
 -1        91-2.93187E-02-5.29282E-03-1.96919E-02-2.45931E-04-3.49426E-03 2.06024E-02
 -1        92-2.55619E-03 1.79502E-02-1.25828E-02 1.22975E-02 1.23632E-03 1.51285E-02
 -1        93 8.14139E-03-1.22733E-02-7.32782E-03-2.17826E-03 2.31620E-03-6.48777E-03
 -1        94 4.40741E-02 1.13065E-02 9.35989E-03 2.10840E-02-3.98850E-03 3.92653E-03
 -1        95-1.46087E-02-1.01535E-02-1.15400E-02 2.38935E-03 1.19827E-02 3.01406E-04
 -1        96-3.77794E-03 6.53409E-03 6.95841E-03 1.84943E-03-5.21166E-03-1.28053E-02
 -1        97-4.03678E-02 2.92715E-02-3.42990E-02 1.77835E-02-1.35941E-02 2.22765E-02
 -1        98-2.47981E-02-9.15673E-03-4.48495E-02-4.83816E-03-1.21659E-02 4.84244E-03
 -1        99-1.42246E-03-1.14510E-02-4.34931E-02-6.45440E-03-1.30357E-02-5.79195E-03
 -1       100 2.86978E-02-9.25339E-03-4.08663E-03-6.17303E-03 4.08278E-03 2.20811E-02
 -1       101 5.19295E-02 3.92768E-02 3.93529E-02 1.91306E-02 1.77161E-02 7.51117E-03
 -1       102-2.62393E-02 8.24406E-03-3.56120E-03 7.66264E-03-6.81270E-03 1.39030E-02
 -1       103-9.57324E-03 2.23971E-02-1.81764E-02 7.79741E-03-1.26351E-02 1.05545E-02
 -1       104 2.30258E-02-1.22576E-02-5.27925E-03 3.88715E-03-1.28648E-02-2.85176E-02
 -1       105-1.31427E-02-5.87608E-03-9.89769E-03 6.64957E-03 4.06094E-03 4.56396E-03
 -1       106 3.79904E-02 1.89945E-02 8.11691E-03 2.23960E-02 4.32416E-03 1.26664E-02
 -1       107 2.14211E-02 1.06501E-02 2.03807E-02 1.44685E-02 1.08934E-02 2.58728E-03
 -1       108-9.81298E-02 2.65958E-02-1.24588E-02-2.82646E-02-1.41187E-02 3.04126E-03
 -1       109 1.34923E-02-1.42553E-02-1.41981E-02 4.16799E-03 3.67053E-03 7.31148E-04
 -1       110 6.00173E-02 8.94540E-02 5.44225E-02 1.91326E-02-2.21667E-02-1.40903E-02
 -1       111-4.41522E-03-7.77316E-03-1.17440E-02-2.36768E-03 5.11478E-03 1.27719E-02
 -1       112-2.03866E-02-1.64157E-02-3.09273E-02-1.00855E-02-4.42027E-03-6.41778E-03
 -1       113 5.55610E-05 4.51443E-05-5.04539E-03 1.55405E-05-5.91654E-04-1.65290E-04
 -1       114 2.14412E-06-2.98475E-05-3.12243E-05-1.57763E-05 1.50023E-04-4.27152E-04
 -1       115 2.98300E-05 1.15141E-05-5.06451E-03-1.77129E-06 4.41566E-04-1.46304E-05
 -1       116-2.23009E-05-3.03640E-05-1.00341E-02-1.42919E-05 2.39144E-04 3.81848E-04
 -1       117 1.30597E-05 5.10351E-06-5.07645E-03 6.53777E-06 3.58842E-06-4.32370E-05
 -1       118-2.59328E-06-4.30687E-06 3.73966E-06 9.12202E-08 1.13537E-05-2.38649E-06
 -1       119 8.71309E-06 1.61193E-06-5.07012E-03-4.03033E-06 6.61960E-06-1.11204E-05
 -1       120 1.63083E-05 2.49449E-05-1.01700E-02 1.61158E-06 1.65213E-05-1.85328E-04
 -1       121-3.05426E-05-2.38481E-06-1.01058E-02 8.51862E-06-3.25501E-04 2.13694E-04
 -1       122-2.05089E-05-3.76669E-07-2.57115E-05-1.95628E-06 8.92943E-06 1.28650E-04
 -1       123-2.14351E-05 4.18606E-07-1.01935E-02-1.20595E-05 3.14039E-04 7.02825E-05
 -1       124-1.64737E-05 1.03378E-06-4.64292E-06 2.92443E-06 1.92087E-06 3.36185E-05
 -1       125-1.41602E-03 2.55865E-05-7.80857E-04-2.90971E-04 1.10012E-04 1.20420E-03
 -1       126-5.08032E-04-9.63276E-05-2.68305E-03-5.62037E-05 1.72802E-04 1.38067E-03
 -1       127 1.71935E-04 1.47520E-04-6.11115E-03-6.06344E-05 8.36875E-04 5.57694E-04
 -1       128 4.17182E-04-1.46987E-03-3.24531E-02 3.32158E-04 8.61718E-04-4.52966E-04
 -1       129 1.16613E-02 7.56352E-03-1.87045E-03 7.15454E-03 7.63641E-03 1.21486E-02
 -1       130 6.08546E-03-9.07889E-05 4.86871E-04 2.38148E-03 1.46785E-04 4.59537E-03
 -1       131 1.90586E-03 2.17907E-03-7.06394E-04 4.36435E-03 2.37310E-04 3.04246E-03
 -1       132 2.13485E-04-6.21237E-05-3.59576E-04-4.86960E-04 1.20684E-03 4.90736E-03
 -1       133 1.90999E-04-4.78873E-04 3.05239E-03 3.49908E-04 2.97770E-04 1.38945E-03
 -1       134 1.50366E-04-3.86702E-05 5.25083E-04-1.36003E-04-2.36601E-04 4.44927E-04
 -1       135-6.69102E-04-2.01128E-05 1.56300E-04-3.14999E-04-1.46206E-04-8.14779E-05
 -1       136-1.51084E-03-6.09659E-05-3.21432E-04-2.55888E-04 8.08983E-05 7.11119E-04
 -1       137-8.69282E-04 1.49139E-06-1.58542E-03-1.46376E-04 3.07324E-05 1.26416E-03
 -1       138-2.59383E-04 1.22173E-04-3.95199E-03-1.52477E-04 5.59849E-04 9.19331E-04
 -1       139-8.46514E-04 7.74129E-05-1.36231E-02 2.70714E-05 1.67558E-04 6.53380E-04
 -1       140-3.61094E-03-5.64773E-03-4.95296E-02 4.79908E-03 1.84555E-02 1.64097E-02
 -1       141 1.03923E-02 1.24498E-03 8.30641E-04 4.39545E-03 8.70994E-04 7.44827E-03
 -1       142 2.90659E-03 1.09522E-04-1.05207E-03 3.25185E-03 1.23932E-04 3.76439E-03
 -1       143-1.11443E-03 1.79146E-03-4.38948E-04 1.51444E-03 1.16082E-03 3.94531E-03
 -1       144 4.69132E-04-5.78837E-04 3.62249E-03-2.12152E-04 1.19172E-03 2.29662E-03
 -1       145-3.14089E-05-2.63333E-05 8.99815E-04 1.82254E-04-3.47182E-04 8.35057E-04
 -1       146-3.81447E-04-1.14326E-04 3.68439E-05-2.06049E-04-1.37987E-04 2.37567E-05
 -1       147-9.55681E-04 2.68135E-05 6.74386E-05-2.38869E-04-1.01438E-04 9.84950E-05
 -1       148-1.29596E-03 3.58213E-05 3.16459E-05-4.25064E-04-2.99576E-05-1.82469E-04
 -1       149-5.07530E-04 8.26391E-05 4.90577E-05-2.53498E-04 1.86419E-04 3.11446E-05
 -1       150 1.76369E-04 1.18232E-04 8.57319E-05-1.04138E-04 2.52877E-04-2.92565E-04
 -1       151-1.64566E-04-7.99055E-04 2.49461E-03 2.58929E-04-1.25469E-03-8.51061E-04
 -1       152-1.16996E-03-4.23051E-04 1.31717E-03-4.70330E-04-1.60313E-03-6.97645E-03
 -1       153 2.27846E-03 6.15239E-04 6.58824E-04 2.93665E-03-5.77580E-04-4.09307E-03
 -1       154 6.17499E-03-6.66986E-04 2.18481E-04 3.46188E-03-1.56955E-04-3.97291E-03
 -1       155 8.30358E-03 4.09883E-03-8.78667E-04 4.66257E-03-6.10278E-03-1.18905E-02
 -1       156-1.02075E-03-9.08505E-04-3.22965E-02 1.20336E-03-2.22524E-03-1.31146E-03
 -1       157-1.99914E-06 1.19781E-04-6.20800E-03 2.69319E-04-2.18544E-04-8.46544E-04
 -1       158-3.97530E-04 1.89313E-04-2.53048E-03-1.17373E-04-1.47491E-04-1.39768E-03
 -1       159-1.20888E-03 2.82653E-05-8.64592E-04-2.49174E-04-1.42598E-04-1.16367E-03
 -1       160-1.02991E-03-6.19582E-06-2.43521E-05-2.56490E-04 6.31207E-05-1.23019E-04
 -1       161-1.78729E-04 2.49491E-05 8.23572E-05-1.76583E-04 1.62647E-04-1.20268E-04
 -1       162 8.75110E-05-9.40129E-05 4.21609E-04-2.04363E-05-7.91823E-05-4.62576E-04
 -1       163-2.69840E-04-4.03631E-04 4.70886E-03 9.11090E-04-1.83672E-03-1.70032E-03
 -1       164-1.40448E-03 4.08971E-04 1.80014E-03 1.11740E-03-1.29677E-03-5.95234E-03
 -1       165 4.56816E-03-2.42800E-04 5.63181E-05 3.39989E-03-4.44591E-04-3.69451E-03
 -1       166 8.27669E-03 1.39940E-03-2.06921E-05 4.31154E-03-5.49125E-04-6.99178E-03
 -1       167-2.70730E-03-3.06042E-03-3.21677E-02 1.17286E-03-1.64162E-02-1.32555E-02
 -1       168-8.97749E-04-6.60841E-04-1.52261E-02 4.38782E-04 5.31973E-04-2.07545E-04
 -1       169 5.29728E-04 5.90129E-04-3.68803E-03 1.99778E-04-2.35257E-04-1.08320E-03
 -1       170-1.00042E-03-1.57921E-05-1.60510E-03-1.42859E-04-1.81607E-04-1.26122E-03
 -1       171-1.17925E-03 8.05050E-05-3.18562E-04-1.85794E-04-4.95978E-05-7.79726E-04
 -1       172 1.99366E-03-6.31696E-03-2.72204E-03 1.51164E-03-2.53112E-03-4.17762E-03
 -1       173 2.34015E-02 1.24622E-02-5.20089E-04 8.76911E-03-3.17599E-03-1.39067E-02
 -1       174-1.96955E-02-3.86196E-03-5.08661E-03-9.51547E-04-7.42321E-03-4.43038E-03
 -1       175 9.06328E-03 1.31470E-02 9.84603E-04-4.95443E-03-4.81519E-03-3.37607E-03
 -1       176 2.37924E-02 1.54723E-02 2.66617E-02 1.47614E-02-4.04369E-03-5.82992E-04
 -1       177 1.85567E-02 4.05695E-03 2.17454E-03 1.24654E-02-3.35414E-03-8.10271E-03
 -1       178-7.01367E-03-1.19806E-03-6.07593E-03-2.68958E-03-1.50266E-03-1.59549E-03
 -1       179-2.20052E-02-1.25625E-02-8.92255E-03-8.89900E-04-1.13443E-02-5.14100E-03
 -1       180 2.59854E-03-4.96275E-03-3.32194E-03 2.21276E-03 4.10758E-04 2.60055E-03
 -1       181 6.35412E-03 7.17576E-04 8.14793E-03 3.68627E-03 9.05787E-04 1.39471E-04
 -1       182 2.80953E-03 4.57232E-03-9.14554E-03 9.68483E-03-5.22366E-04-6.09350E-04
 -1       183-2.11200E-02-3.82890E-03-5.85305E-03 5.78951E-03-3.19516E-03-7.70612E-03
 -1       184-1.58381E-02-4.05574E-03 1.13636E-02-1.31114E-03-3.71003E-05-1.16277E-02
 -1       185 1.26092E-02 2.10943E-03 6.92378E-04-4.89328E-03 7.50139E-04-1.98585E-03
 -1       186-7.21569E-03 2.14547E-03 1.76510E-03-4.89389E-03 5.34782E-03-1.93381E-03
 -1       187 2.20185E-03-8.03433E-03 4.85888E-03-2.98584E-03 3.39783E-03 3.68390E-03
 -1       188-9.02938E-03-7.43745E-03 1.60423E-03-3.09589E-03 1.13790E-03-1.22025E-03
 -1       189 4.92550E-03-3.70469E-03 8.64437E-04-2.94789E-03 1.96406E-04-7.05597E-03
 -1       190 4.19831E-03-3.22919E-03 2.67055E-03-1.89386E-03 1.50443E-04 1.87263E-04
 -1       191-4.99254E-03-1.64027E-03-1.00247E-02 8.11982E-03 7.80420E-03-2.36920E-03
 -1       192-7.62132E-03-1.41617E-02-1.20512E-02-2.01963E-03-2.48819E-03-1.38011E-02
 -1       193 4.21138E-03 8.69393E-03 8.05826E-03 3.37709E-03 6.43941E-03 6.87853E-03
 -1       194-1.72645E-03-3.48052E-03-2.88815E-03-2.63199E-03-2.98352E-03-1.84739E-03
 -1       195 1.13416E-02 1.59506E-02 1.53674E-02 1.36635E-02 7.47089E-03 2.04040E-03
 -1       196-7.83666E-03-4.70031E-03-9.22668E-03-4.75344E-04 2.29940E-04-2.31436E-03
 -1       197 1.11689E-03-8.34028E-03 1.25019E-02 7.44525E-03-4.37699E-03 3.93075E-03
 -1       198 2.27222E-02 1.34670E-02 1.53983E-02 5.08997E-03-5.08513E-03 2.97291E-04
 -1       199-1.75249E-02-6.08844E-03-3.59305E-03-5.87761E-03-6.37383E-04 7.53804E-03
 -1       200-1.25815E-02-6.13771E-04 1.24854E-03-5.63100E-03-2.53952E-03 7.14545E-03
 -1       201-2.99552E-03-1.84308E-03-3.78806E-03 7.05850E-04 1.15764E-03 2.97843E-05
 -1       202 1.79916E-02-2.44963E-03-7.97227E-03-8.87874E-04-6.29182E-03 1.16341E-02
 -1       203 1.40863E-03 8.01792E-03-6.14260E-03 1.39161E-03-4.33508E-03-4.43541E-03
 -1       204 1.75869E-02 4.76205E-04-3.13611E-03 7.53980E-04-3.87726E-03 1.28187E-02
 -1       205-2.23141E-02-4.17254E-03 3.77410E-03-3.70116E-03-5.35601E-03-1.25298E-02
 -1       206-8.82588E-03 1.73680E-02 1.31089E-02 3.79704E-03-6.19334E-04 3.03973E-03
 -1       207-7.08902E-03 3.08530E-04 7.36604E-03 6.43890E-03 8.98993E-03 5.86340E-03
 -1       208 4.83500E-04-3.22228E-04 7.12205E-03 1.63411E-03-6.33241E-03-6.30814E-03
 -1       209-1.01470E-02-6.00689E-03-4.80085E-03 1.27593E-02 5.79741E-03-4.25083E-03
 -1       210 9.59685E-03 2.42864E-03 1.71642E-03 3.07178E-03-1.65747E-03-2.22005E-03
 -1       211 9.38276E-03 6.54368E-03 1.75579E-02 9.01906E-03 1.04264E-03 3.50979E-03
 -1       212 4.53719E-02 5.18666E-03 1.13231E-02 1.57192E-03-1.17862E-02-1.64938E-02
 -1       213-2.14863E-02 1.16710E-02-2.29411E-03 7.28352E-03 8.36309E-03 2.29243E-03
 -1       214 1.58408E-02-1.10755E-02 1.04430E-02-1.50228E-02-9.40251E-04 2.46214E-02
 -1       215 3.48922E-02 1.62476E-03 8.40952E-03-5.27623E-03-7.61094E-04 8.42492E-03
 -1       216-1.74839E-02 2.88393E-03 1.14908E-02 2.86701E-03 3.04042E-03-6.75710E-03
 -1       217-1.49923E-02-2.27937E-02-7.31020E-03-3.09163E-03-2.01610E-03 2.68733E-03
 -1       218-2.96930E-02-1.79573E-02-9.04275E-03-4.03302E-03 5.89020E-03-2.76401E-03
 -1       219-1.94491E-02-1.25037E-02 3.47828E-03 7.86405E-05-5.59953E-03-1.08303E-02
 -1       220 3.27108E-03 1.45815E-02 1.13684E-02 8.80504E-03 4.54719E-03-4.20754E-03
 -1       221-9.05173E-03 2.44095E-02 1.93367E-02 5.16880E-03 2.98703E-03 3.41053E-03
 -1       222 6.65510E-03 2.95167E-03-2.80378E-02 3.55028E-03-4.20375E-03-6.21041E-03
 -1       223-7.49810E-03 4.30430E-04-3.90663E-03-5.29619E-04-3.47481E-03 5.15208E-04
 -1       224-2.47166E-02 2.51046E-03 3.10843E-03-2.77443E-03 5.30059E-04 8.99634E-04
 -1       225-8.80131E-03 6.86673E-04-5.15873E-03 4.46461E-03 9.83731E-05-2.54566E-03
 -1       226 1.32018E-02 3.44985E-03-7.90315E-03 5.69551E-03 1.03131E-02-3.51050E-04
 -1       227 7.51534E-03-7.46304E-03-3.32230E-02 1.72502E-04-7.18295E-03-1.13021E-02
 -1       228 9.95397E-03 1.44472E-02 1.15150E-02 4.49480E-03-3.56116E-03 4.54666E-03
 -1       229-1.22627E-02-8.06562E-03-1.29558E-02 4.51080E-03-1.06277E-03 1.01034E-02
 -1       230 1.69699E-02 1.44142E-02 1.00950E-02 7.05745E-03-1.89360E-03 1.31697E-02
 -1       231 1.42209E-02 3.82203E-04 1.91058E-03 8.26307E-04 9.33621E-04 1.64379E-03
 -1       232-1.54176E-02-1.11514E-02 1.84857E-03-7.02518E-03-2.33628E-03 3.41380E-04
 -1       233 2.53655E-02 1.67522E-03 2.64361E-03 1.66341E-03-6.66658E-03 9.22156E-03
 -1       234-2.63996E-03 1.25991E-03 5.01587E-04 3.99573E-03-1.59294E-03-3.91644E-03
 -1       235 1.29833E-02 8.69264E-04-4.18334E-04-1.25350E-03 2.53280E-03-3.98146E-03
 -1       236 1.36441E-02-2.32522E-03-9.61164E-03-2.38175E-03-1.65069E-03 6.02224E-03
 -1       237-1.04990E-02-6.36480E-03-1.37602E-03-1.69214E-03 1.78481E-03 3.81338E-04
 -1       238 5.05896E-03 3.17326E-03 5.44880E-03 1.83311E-03-3.88891E-04-4.38265E-04
 -1       239-5.66010E-03 4.55224E-05-4.69245E-04 1.56522E-04 1.99922E-03 1.30162E-02
 -1       240-5.83698E-03-1.55921E-02 4.50568E-03-8.55730E-03 2.30574E-03 9.70012E-03
 -1       241 1.39659E-02 4.61793E-03-2.80660E-03 6.55493E-03 5.64942E-03 4.07972E-03
 -1       242-1.48208E-02 5.01980E-03-8.31025E-03 1.62450E-03 1.18386E-03 8.50836E-03
 -1       243-7.59623E-04 4.83182E-03 1.33823E-02-3.56793E-03-2.08949E-03 3.06822E-03
 -1       244 1.05670E-02 2.26066E-03 9.22704E-03 2.29737E-03-1.39471E-04-4.00099E-03
 -1       245 1.49574E-02 2.86024E-03 1.20674E-02 3.78633E-04-6.64400E-03 3.05463E-03
 -1       246 5.18934E-03-9.97701E-03 1.10378E-02 1.86410E-03-5.32327E-03 8.54007E-03
 -1       247-3.84160E-03 8.14268E-03 1.74436E-02 4.96151E-03 1.05688E-04-1.10073E-02
 -1       248-2.66466E-02-2.62387E-02-1.33252E-02-1.69135E-02-2.78450E-03-1.07328E-02
 -1       249-1.69690E-02 1.89733E-02 4.09593E-03 6.96452E-03 5.18708E-03 1.45079E-02
 -1       250-3.86006E-02 9.47141E-03-1.54368E-02-7.75573E-03 1.91787E-03 1.44327E-02
 -1       251 2.20628E-02 9.02131E-03-1.34764E-02 3.03607E-03 1.97054E-03-7.95881E-03
 -1       252 1.31526E-02 7.60670E-04 5.68202E-03-9.21735E-04-2.30400E-03 2.60994E-03
 -1       253 7.64507E-03-1.37763E-02-1.57658E-02-1.18564E-03 1.70527E-03 4.99682E-04
 -1       254-1.54909E-02 3.32061E-03 1.20554E-02 3.40241E-03 2.75929E-03 1.53044E-03
 -1       255 1.27451E-02-2.19428E-03 1.09598E-02-3.41228E-03-1.39499E-03 1.02494E-02
 -1       256 1.19384E-02 3.81813E-03 5.21027E-03-2.50070E-03-1.59323E-03 3.24760E-03
 -1       257 1.44554E-02 4.25929E-03 4.18563E-03-1.13101E-02-5.82431E-04 1.22094E-02
 -1       258 2.85702E-02-8.03650E-03-6.05755E-03-4.02921E-03 4.88465E-03 1.61467E-02
 -1       259-8.11563E-03-5.92908E-04-1.00458E-02-4.69469E-03 8.01673E-03 8.57627E-03
 -1       260 1.72940E-02 1.57206E-02 4.15530E-03 1.05011E-02-5.27384E-03 1.15904E-03
 -1       261-2.56283E-02-1.53943E-02-1.76652E-03-7.91212E-03-1.05704E-02-3.91402E-03
 -1       262-1.06092E-02 1.18568E-02 9.74184E-03 1.75831E-03-4.41505E-03 3.73318E-03
 -1       263 1.25020E-02 3.71217E-04 7.32810E-03 1.30838E-03-4.78975E-03-1.63026E-03
 -1       264-3.06347E-02-4.40523E-03 9.16086E-03-1.37342E-02-9.09224E-04 4.05449E-03
 -1       265 4.21840E-02 1.03334E-02 1.66383E-02 6.62809E-03-7.65998E-03-2.77375E-03
 -1       266 4.42298E-02 1.05420E-02 1.10041E-02 7.53078E-03-6.47524E-03 6.59739E-03
 -1       267-7.82597E-03 1.36863E-02-4.50313E-03 5.19973E-03 1.20509E-02 3.33918E-03
 -1       268-8.44669E-03-7.34245E-03 1.35984E-02-6.18632E-03-5.47099E-03 2.34853E-03
 -1       269-1.00196E-02-7.00307E-03-8.30916E-03 1.25566E-03-3.73481E-03 7.78832E-03
 -1       270-2.87200E-03-8.27792E-03-4.48926E-03-4.85481E-03 3.68468E-03-4.69409E-03
 -1       271-1.47310E-02 9.16425E-03-2.06423E-03-7.66613E-03-2.81006E-03 4.21089E-03
 -1       272 1.34625E-02-9.83257E-03-1.33478E-02-1.72250E-04-1.50785E-03-1.52890E-03
 -1       273-1.41993E-02 1.77394E-03-8.35544E-03 3.43892E-03-8.83265E-04 2.56125E-03
 -1       274-1.50647E-02 1.48782E-03 6.07117E-04-1.16368E-02-8.05500E-03 1.00281E-02
 -1       275 3.00788E-03-2.43717E-03-1.37026E-02-4.96671E-03-1.88555E-03 7.50597E-03
 -1       276-1.59946E-02 1.66773E-03-4.99313E-03 2.45928E-03 2.08015E-03 1.48185E-02
 -1       277 2.75178E-03 1.34710E-02-1.66496E-02 4.75315E-03 3.30261E-03 1.70373E-02
 -1       278-2.25634E-02-9.48485E-03-4.56474E-02-3.33184E-03 6.69798E-05-8.62031E-05
 -1       279-1.47257E-03 1.21987E-02 9.28118E-03-6.40409E-03 8.11289E-03 2.71244E-03
 -1       280-2.36284E-02-8.48256E-03-8.62078E-03-5.98779E-05 5.28865E-03 4.34658E-04
 -1       281-1.96438E-03-1.28735E-03-7.73101E-03-3.50187E-03 2.62261E-03 4.91685E-03
 -1       282 1.91500E-03-1.20721E-02-3.83551E-03-6.85139E-04 3.22143E-03 6.25093E-03
 -1       283 1.05032E-02 1.45122E-02 5.07868E-03 1.60806E-02 2.25557E-03 1.00284E-02
 -1       284 6.03352E-03-9.61628E-05-2.40930E-03 2.32406E-03 2.49849E-03 5.43135E-04
 -1       285-3.49787E-02-1.29630E-02-2.08725E-02-7.97314E-03 6.20572E-03 2.59097E-03
 -1       286-9.60054E-03 9.18209E-03 2.63063E-03 1.15505E-02-1.10886E-02-3.70671E-03
 -1       287-3.54384E-02-1.10373E-02-1.79309E-02-2.50347E-04 3.06508E-03 5.19440E-03
 -1       288 2.12178E-02 2.22111E-02-1.44164E-02 1.85663E-02-2.38277E-03 5.21483E-03
 -1       289-1.09859E-02-1.38741E-03-1.28742E-02 1.43955E-03-2.27570E-03 2.09574E-03
 -1       290 3.75679E-04 1.08236E-02-2.59904E-02 1.21490E-02 3.66860E-03 1.38076E-02
 -1       291 8.49423E-03 1.65347E-02-6.97870E-03 4.32869E-03-2.31324E-03 7.75125E-03
 -1       292-1.05312E-02 2.47998E-04-1.52036E-02-4.56575E-03-5.55225E-03 3.35024E-03
 -1       293-3.62198E-02-2.16549E-02-4.18542E-02-1.44848E-02 2.61288E-03 1.08256E-02
 -1       294-1.06468E-03-1.64751E-02-2.36666E-02-5.66925E-03 6.96147E-04 5.13784E-03
 -1       295 9.86991E-03 1.49026E-03 8.85029E-03 1.81534E-04-5.68996E-04 3.58750E-03
 -1       296 5.30095E-04-3.25429E-03-2.29451E-02-8.75751E-04 2.40901E-03 2.11234E-03
 -1       297 6.32418E-03 2.59193E-03 1.41024E-03 8.45442E-03-3.06553E-03 7.63544E-03
 -1       298 1.12381E-02 1.82346E-02 2.95770E-02 1.13081E-02-1.02005E-02-8.00001E-03
 -1       299 1.89721E-02 1.24537E-02 1.19181E-02-4.66451E-04-2.33971E-03 3.17201E-03
 -1       300 1.47030E-02 1.24322E-02 1.56129E-02 5.25604E-03-3.65746E-03-1.72742E-03
 -1       301-3.21552E-03 5.01913E-03 7.36490E-03-7.60936E-03-3.43192E-04-9.83824E-04
 -1       302 1.22319E-02 1.20959E-02 2.30705E-02-2.46354E-03-2.77015E-03 1.42154E-02
 -1       303-1.01216E-03 7.57748E-03 1.03282E-03-2.95080E-03 3.15249E-03 4.99165E-03
 -1       304-6.09470E-03 8.94242E-03-1.18731E-03 7.00493E-03 3.32983E-03 7.89193E-03
 -1       305-3.75745E-02-1.17988E-02-1.02931E-02-7.69344E-03-7.81655E-03 1.10577E-02
 -1       306-2.39779E-03 4.32430E-03 5.33686E-03 1.10089E-03-9.62212E-04-2.08505E-03
 -1       307-8.59085E-03 8.89287E-03 5.00971E-03 4.95307E-03-1.31440E-03-5.56229E-03
 -1       308-2.66315E-02 7.67302E-04-1.18514E-02 1.41477E-03-2.19276E-03 5.94292E-03
 -1       309 2.29123E-03 8.00798E-03-6.35148E-03 7.35975E-03-4.12276E-03-1.62083E-02
 -1       310-4.84772E-03 7.36152E-03 5.33543E-03-1.45113E-03-9.56445E-04-2.38537E-03
 -1       311-1.22181E-02 5.36176E-03 3.33930E-03-1.98519E-03 7.11430E-03 1.44062E-02
 -1       312 2.99878E-03-1.54894E-04-4.12770E-03-3.33557E-03 4.13107E-03 5.61929E-03
 -1       313 2.75969E-03 2.21077E-03-1.04372E-02 2.99722E-03 1.82975E-03-5.78066E-03
 -1       314 9.37016E-03-8.89028E-03-3.86398E-03-1.68645E-03-5.67970E-03-1.50247E-03
 -1       315 4.30636E-03 4.81198E-03-7.87952E-03 1.50636E-03 2.55046E-03-1.03902E-02
 -1       316 7.57357E-04-1.35936E-03-7.32814E-03-3.55993E-03-5.65072E-03-8.71025E-03
 -1       317 5.97645E-03-6.05551E-03-1.15724E-02-2.08799E-03-3.08058E-03-9.32513E-03
 -1       318 6.32188E-03-6.68281E-03-4.39647E-03 5.63497E-04-9.50202E-04-2.16159E-03
 -1       319-2.65536E-02-3.91126E-03-1.17174E-02-1.00225E-02 4.22087E-04 2.10461E-02
 -1       320-4.74824E-04 7.14961E-03-2.71359E-02 5.97977E-03-3.54303E-03 2.07583E-02
 -1       321 8.81500E-03 5.47614E-03-1.80101E-02 6.27127E-03-4.52104E-03 4.95211E-03
 -1       322-2.60069E-02-7.21345E-03-4.46522E-02-2.59675E-03-6.10263E-03 1.04908E-02
 -1       323-3.38061E-03 5.43833E-03-1.85254E-02-2.29818E-03-2.08162E-03 9.24914E-03
 -1       324-2.04160E-02-9.84393E-03-3.00274E-02-1.29546E-02 1.98515E-04 1.63068E-02
 -1       325 8.15583E-03-4.27949E-03 1.62287E-03-2.04240E-03-3.05572E-03 1.37671E-03
 -1       326 6.21054E-04-5.97207E-03 6.77447E-03-1.21356E-02-5.26941E-03 3.39938E-03
 -1       327-3.88226E-02-5.38417E-03-1.00650E-02-1.05370E-02-5.41765E-03 9.20857E-03
 -1       328-1.48707E-02 7.14851E-03 1.10002E-02-2.23996E-02 2.05106E-03 1.26983E-02
 -1       329-1.47746E-02 3.82899E-03-2.29325E-03 8.88041E-03 4.59971E-03 2.33178E-02
 -1       330-3.99332E-02-1.59879E-02-1.68655E-02-4.57835E-04 1.04654E-03 1.69726E-02
 -1       331 1.33645E-02 1.20920E-02-2.38898E-03 1.63064E-02 5.43209E-03 1.21841E-02
 -1       332-2.05496E-02-5.88259E-03-2.01493E-02 3.64973E-03-6.81744E-03 5.56680E-03
 -1       333-2.12770E-02-4.04103E-03-9.01870E-03-1.34272E-02-5.51696E-03-1.26431E-02
 -1       334-8.93969E-03 2.00248E-02 7.79933E-04-4.05859E-03-3.87906E-03 3.97005E-03
 -1       335 3.45810E-02-6.29184E-03-1.16952E-02 8.08759E-03-7.15186E-03-8.74248E-03
 -1       336 2.62560E-02-8.78050E-03-8.49338E-03 3.87364E-03-1.31391E-03-4.19058E-03
 -1       337-1.54076E-02-1.66308E-02-1.01311E-02-7.73202E-03 6.20312E-03-4.86862E-03
 -1       338 4.43710E-03-2.81210E-03-5.87028E-03 3.51412E-03 4.05461E-03 7.53177E-03
 -1       339 1.52198E-02 1.34484E-02 1.77265E-02 1.28050E-02 7.48314E-03 2.82690E-03
 -1       340-6.47327E-03-2.43189E-03 1.45137E-02 2.89213E-03 1.39401E-02 6.96984E-03
 -1       341-1.76528E-02-2.71275E-02-2.89240E-02-3.33124E-03-6.44301E-03 1.15193E-02
 -1       342-1.49062E-02-3.79620E-03-3.93102E-02-5.48048E-04-1.00281E-03 5.26798E-03
 -1       343-1.53917E-02-9.99175E-03-1.37300E-02 2.73271E-04 5.78965E-03 1.53267E-02
 -1       344-1.82359E-02-2.98789E-03-2.64026E-02 7.70154E-03-5.24765E-03 2.15643E-02
 -1       345 1.25605E-01 5.46085E-02 3.20023E-02 1.92025E-02-8.30839E-03 1.33351E-02
 -1       346 1.57940E-02 6.41781E-03 7.99403E-03 8.86248E-03-7.43207E-04 1.95921E-03
 -1       347-5.22220E-03-1.78978E-02-1.71283E-02-7.69435E-03-4.44567E-03 7.65746E-03
 -1       348 1.54730E-02 4.15764E-02 1.81580E-02 7.40750E-03-3.50226E-04-3.58224E-03
 -1       349-2.78355E-02 6.49902E-03 6.61285E-03-1.29226E-05-2.72146E-03 4.47533E-03
 -1       350 6.90621E-03 1.98401E-02 2.32008E-02 2.81179E-03 8.30974E-03 1.56625E-02
 -1       351-7.64742E-03 1.57756E-02 7.27270E-03 3.67083E-03 2.00905E-03 1.30637E-02
 -1       352 4.29770E-02 6.95194E-03 9.93705E-03-3.25002E-03-2.04491E-03 2.03746E-02
 -1       353 2.57128E-02-8.45575E-03 1.95182E-02-4.66216E-03-5.03951E-03 2.28776E-02
 -1       354 2.12735E-03 3.24707E-03 1.11885E-02 7.20144E-03 5.59442E-03 2.63606E-04
 -1       355-1.52904E-02-2.10819E-02-1.23978E-02-1.02192E-02-1.48135E-02-1.73442E-02
 -1       356 6.24821E-03 1.08843E-02 2.73652E-03-3.85965E-03 8.20480E-03-1.99161E-03
 -1       357 9.52072E-02 2.63398E-02 1.30237E-02 1.25099E-02 6.22348E-03 1.70159E-02
 -1       358 5.61797E-02 1.64471E-02 1.14052E-02 1.13111E-02 2.12786E-03 2.49823E-02
 -1       359 7.40930E-02-4.61914E-03 8.77230E-04-6.84092E-03 2.53293E-03 1.21164E-02
 -1       360 8.27009E-03-8.39041E-04 4.94177E-03 3.78788E-03-9.39003E-03-1.31310E-02
 -1       361 4.44757E-03 9.94188E-03 6.46551E-03 5.43524E-03-7.65408E-03-1.05688E-04
 -1       362-2.71998E-02-1.75450E-02 2.18017E-03-3.24275E-03 3.53466E-03 6.07130E-03
 -1       363-2.32192E-02 1.24515E-03 1.41473E-02-1.05928E-02-1.86014E-03-4.24979E-04
 -1       364 2.02031E-02 2.49341E-02 1.28878E-02 6.89057E-03 6.35486E-03-5.14741E-03
 -1       365-1.47945E-01 7.65406E-03-3.28093E-02-2.56123E-02-6.25690E-03-2.37887E-03
 -1       366-7.71709E-02-9.64797E-04 1.25076E-02-2.28852E-02 2.32480E-03 2.08242E-02
 -1       367-1.38820E-02-1.20957E-02-2.46617E-02-4.39913E-03 7.92926E-03 1.69135E-02
 -1       368 3.68925E-03-1.66234E-02-1.58407E-02-2.25091E-03 3.00811E-03 1.67269E-02
 -1       369-7.83837E-03-3.20165E-03-3.41761E-02-9.33107E-04 1.33117E-03 2.60615E-02
 -1       370 6.04162E-03-1.02007E-02-9.34359E-03-2.92100E-04-8.60845E-04-8.97605E-04
 -1       371-8.15589E-03-3.88431E-03-2.97323E-03-1.41569E-02 6.93640E-03 6.36713E-03
 -1       372-2.07874E-02-7.46956E-03-4.28267E-02-4.27178E-04-3.43694E-03 2.05187E-02
 -1       373-6.77995E-03-6.28611E-03-2.24725E-02-4.35046E-03-1.17926E-02 1.08103E-04
 -1       374-5.90270E-02-2.84093E-02-6.36720E-02-7.42366E-03-1.08387E-02 8.81797E-03
 -1       375 1.22583E-02-4.45407E-03-2.79892E-02 3.47569E-03-4.06089E-03 7.94413E-03
 -1       376-4.35422E-02-3.87472E-02-1.79823E-02-1.61790E-02-6.94436E-03-3.01626E-04
 -1       377 1.21728E-02 6.48039E-03 1.55938E-03 7.88932E-03 3.56690E-03 7.22594E-03
 -1       378 3.51487E-02-5.01055E-03 4.32321E-02-5.86890E-03-3.37207E-03 1.10571E-02
 -1       379 3.63073E-02-8.79025E-03 2.17079E-02-9.73004E-03-3.74252E-03 2.51659E-02
 -1       380 1.43915E-02-5.77250E-04 5.56116E-02-2.91701E-03 1.18386E-03 1.05939E-02
 -1       381 2.85387E-03-8.19326E-03 4.45398E-03-7.94665E-03-1.84381E-03 1.10620E-02
 -1       382 8.24339E-03-6.95180E-03-5.34393E-03-6.97602E-03 2.22266E-03 9.51128E-03
 -1       383 3.09989E-02-6.24963E-03-1.17829E-02-6.95614E-03-2.69198E-03 3.38875E-02
 -1       384-3.51794E-03 7.04417E-03-7.54180E-03 2.57226E-03-7.88845E-03-2.98756E-03
 -1       385-1.16445E-02 3.00912E-02 1.82463E-02-1.54059E-03 1.05431E-03 2.10031E-03
 -1       386 4.32541E-02 2.84218E-02 3.00166E-02 9.09219E-03 7.68402E-03 2.23299E-02
 -1       387-1.20886E-02 5.44723E-04-2.77735E-02 4.57072E-03-7.71836E-04 1.98745E-02
 -1       388-4.97257E-02-1.83511E-02-3.41377E-02-3.11980E-03-2.21145E-03 1.96565E-02
 -1       389-2.35303E-03 2.69540E-03-1.50997E-02 5.30238E-03-9.22834E-03 6.26133E-03
 -1       390 3.86948E-03-9.20325E-03-8.70973E-03 1.83702E-03-2.44347E-03 7.88260E-03
 -1       391-1.21524E-02-3.84759E-03 7.79300E-04 1.70781E-03-3.66478E-03 8.51081E-03
 -1       392-1.98187E-02-1.77642E-03-1.93328E-02 2.54037E-03 5.90119E-04 1.55654E-02
 -1       393 4.21063E-02 6.95839E-03 3.08771E-02 1.42097E-02 3.46070E-03 4.29311E-03
 -1       394-7.27400E-03 1.77524E-02 2.08955E-02 6.75851E-03 6.27867E-03 7.84786E-03
 -1       395-1.51060E-02-1.18730E-02-4.15693E-03 4.13114E-04 2.48646E-03 5.43857E-03
 -1       396-7.17663E-03-9.57401E-03 1.14539E-02-3.90982E-03 1.13570E-02 6.93516E-03
 -1       397 4.07380E-02-6.46329E-03 9.72590E-03 7.46420E-03 1.08138E-02 1.04774E-02
 -1       398-5.44136E-03 1.47336E-02 1.72054E-02 9.71210E-03 1.36471E-02 8.67238E-03
 -1       399-1.36572E-02-3.98129E-03 1.24012E-02 5.97541E-03 5.29736E-03 2.96448E-03
 -1       400 4.10566E-02 1.47582E-02 5.68293E-03 1.59272E-02 8.42545E-03 1.71034E-02
 -1       401 7.83985E-02 3.83246E-02 1.76138E-02 1.93352E-02-1.14025E-02-4.64299E-03
 -1       402-2.15238E-02-5.02160E-03-8.61935E-03 2.05633E-03-8.76532E-03 1.37791E-02
 -1       403-7.45254E-03-1.56329E-02-2.93633E-02 7.64130E-03 2.33239E-03 1.49471E-02
 -1       404-8.38536E-03-1.08458E-02-2.15111E-02 6.94125E-03 3.94336E-03 1.56875E-02
 -1       405-1.88438E-02-2.85965E-03-1.00771E-02-3.82969E-03-5.42285E-03 1.51438E-03
 -1       406 3.10242E-02 1.48042E-02-1.86647E-02 8.24494E-03 1.31597E-02 1.96834E-02
 -1       407 9.79071E-03 1.18314E-02-3.94260E-02 9.17411E-03 6.16602E-03 1.56682E-02
 -1       408 4.44787E-02 2.24282E-02 2.56867E-02 1.21617E-02-7.73597E-04 1.91932E-03
 -1       409-4.05478E-02-2.42228E-02-4.76388E-02-7.85394E-03 3.78194E-03 6.37063E-03
 -1       410 6.65622E-02 2.24230E-02 7.29972E-03 1.72953E-02-8.28924E-03 1.61661E-02
 -1       411-1.01047E-02-1.53030E-02 8.79511E-03-8.34376E-03 4.46556E-03 2.86883E-02
 -1       412 5.30146E-02 3.02810E-02 3.14070E-02 1.43868E-02 5.58647E-03 1.49772E-02
 -1       413 3.16266E-02 5.75785E-03 1.34395E-02-3.86819E-03 5.97410E-03 1.82742E-02
 -1       414-2.05540E-02-6.27755E-03-6.57887E-03-4.15536E-03 9.44978E-03 2.37861E-02
 -1       415-4.56028E-02-3.56426E-03-1.56337E-02-3.51575E-03 1.62716E-03 2.03634E-02
 -1       416-3.01403E-02 6.05545E-03-2.56682E-02 3.21300E-03-7.12792E-04 2.55300E-02
 -1       417-1.88756E-02-1.14198E-02-2.27578E-02 1.18242E-03-4.27145E-03 2.41946E-02
 -1       418 3.71772E-03 4.58356E-03-2.73570E-03 3.79384E-03 1.49105E-02 1.90394E-02
 -1       419-2.33196E-02-1.90709E-02-2.10583E-02-4.73275E-03 1.00091E-02 2.13628E-02
 -1       420 5.66560E-03 1.66658E-02 8.56781E-03 1.05221E-02 1.47966E-02 1.49549E-02
 -1       421-5.33241E-03-7.38916E-03-5.71381E-03-2.28295E-03 5.43970E-03-2.48348E-04
 -1       422-9.51289E-05-4.82769E-03 5.95649E-04 7.18990E-03-7.12231E-04-8.14602E-04
 -1       423 1.53925E-02 1.76804E-02 1.54556E-02 1.47381E-02-2.74693E-03 3.09731E-03
 -1       424 1.43191E-03-5.52555E-03-1.80881E-03 6.88833E-03 5.47929E-03-6.57499E-04
 -1       425 4.42371E-02 3.19007E-02 2.16793E-02 1.94703E-02-3.59005E-03 2.51380E-03
 -1       426 4.69140E-02 4.94248E-02 3.07784E-02 2.14621E-02 1.35364E-02 8.31876E-03
 -1       427 6.28313E-02 4.97480E-02 2.69954E-02 3.64340E-02 7.57351E-03 1.05349E-02
 -1       428 2.56603E-02-2.24361E-02-1.16940E-02-1.45931E-02-8.73278E-03 2.47379E-03
 -1       429-3.30758E-02-2.22038E-02-7.70893E-03-1.12184E-02 1.32037E-02 1.67317E-02
 -1       430 3.39839E-05 4.20981E-05-5.10205E-03 6.04887E-06-2.14679E-04-4.06631E-04
 -1       431-2.82678E-06-5.77188E-06-5.08423E-03-1.59935E-06-2.11600E-05-8.75383E-09
 -1       432 3.81688E-05-4.32974E-07-5.12733E-03 5.11842E-06-4.18034E-04-1.29131E-04
 -1       433 3.71311E-05-1.14633E-06-5.09249E-03-3.06573E-06 4.16183E-04-8.89733E-05
 -1       434-5.52524E-04-2.57800E-05-6.28625E-03-2.19640E-04-2.03649E-04-6.56273E-05
 -1       435-7.35921E-05-3.99946E-06-1.01933E-02 1.37432E-05-7.22357E-04 1.13533E-03
 -1       436-9.11393E-05-4.70078E-05-1.01107E-02-3.10955E-05 1.27950E-03 1.09163E-03
 -1       437-2.85704E-05-3.20347E-05-1.03420E-02 4.49601E-06 1.01093E-03-8.30895E-04
 -1       438-2.81227E-05-2.67770E-05-1.03609E-02-7.34160E-06-9.82549E-04-8.33515E-04
 -1       439-2.62348E-06 1.11916E-05 5.97231E-05-2.19721E-06 1.43320E-05 3.58109E-04
 -1       440-1.34530E-05-5.70890E-06 2.63152E-05-1.36914E-05-1.13839E-04 3.30157E-04
 -1       441-5.50431E-06-4.37934E-06 5.63683E-05 7.40184E-06 2.91802E-04 2.50709E-04
 -1       442-2.45748E-06-6.12044E-06-4.52199E-06-5.69980E-06 3.05407E-05 8.74649E-06
 -1       443-4.94703E-06-9.50264E-07 5.63921E-06 5.15108E-06-2.65067E-05 1.38056E-05
 -1       444-1.20915E-03 1.05049E-04-1.60559E-04-3.60982E-04 7.83762E-05 2.72349E-04
 -1       445-1.10516E-03-6.47684E-05-7.11390E-05-3.40901E-04-1.01067E-04-3.67718E-04
 -1       446-1.08070E-03 1.25862E-05-4.04191E-04-3.51971E-04 1.82511E-04 6.46195E-04
 -1       447-9.07955E-04-2.94895E-05-3.85576E-04-3.52108E-04-1.93998E-04-6.54604E-04
 -1       448-6.71865E-04 6.82982E-06-5.56024E-04-2.10656E-04 2.00874E-04 5.29519E-04
 -1       449-1.94512E-04-8.56666E-06-1.22406E-03-1.56442E-04 2.26931E-04 5.46536E-04
 -1       450-2.37667E-04-4.13028E-04-9.63194E-04 1.28945E-04-1.92128E-04 4.11731E-04
 -1       451 3.13510E-04-2.49068E-05-1.33706E-03-2.29975E-05-1.74203E-04-2.05995E-04
 -1       452-1.31452E-04 1.78644E-03-4.77777E-03 1.09439E-04 3.98508E-04-5.75821E-04
 -1       453 8.92259E-03 8.42807E-03 4.14174E-03 4.16228E-03 7.86898E-03 5.99016E-03
 -1       454-3.44148E-04-2.11989E-03-2.13369E-02 6.62410E-04-1.10301E-03-4.70555E-03
 -1       455 8.08629E-03 1.89242E-03 2.32104E-04 5.01759E-03 1.37414E-03 2.51570E-03
 -1       456 6.45919E-03-1.54859E-04 3.40336E-04 3.70451E-03 1.55594E-04 1.00061E-04
 -1       457 6.80119E-03 4.67815E-03-1.27333E-03 5.37798E-03 6.50347E-04 7.68095E-04
 -1       458 5.06676E-03 7.86519E-04-2.01238E-04 3.95891E-03 4.03620E-04-3.43674E-04
 -1       459 6.33447E-03 5.35782E-03 3.04161E-04 5.94801E-03-1.54133E-03-3.73815E-03
 -1       460 3.06131E-03 2.89608E-03-9.46944E-05 7.22268E-04-4.04886E-03-3.16305E-03
 -1       461 3.03081E-04-7.03059E-04-1.80399E-02 6.27400E-04 1.88826E-04 2.47371E-03
 -1       462 3.86283E-04 7.29132E-04-6.53908E-03 3.17601E-04-2.66518E-04 3.53483E-04
 -1       463-3.60408E-04-3.13574E-04-1.05132E-03 9.55754E-05 9.61288E-06 3.23326E-05
 -1       464-1.77992E-04 1.58477E-04-1.09497E-03-2.05782E-04-2.72927E-04-5.39597E-04
 -1       465 8.87069E-05-7.58414E-05-9.01005E-04 1.85313E-04-2.60953E-05 3.04999E-04
 -1       466-5.15180E-04 1.48162E-04-8.58291E-04-2.15910E-04-1.62334E-04-7.03101E-04
 -1       467-1.25129E-03 7.57503E-07-6.16358E-04-2.84313E-04 1.63556E-03 2.73940E-03
 -1       468-1.06771E-03-2.70849E-04-6.29897E-05-5.39988E-05 7.26149E-05 4.85196E-04
 -1       469 6.19154E-04-1.77809E-05-2.83445E-04-3.43658E-04-4.61189E-04 6.72360E-04
 -1       470-7.29676E-04-7.02320E-05-1.31813E-03-1.44948E-03-4.87907E-06 7.06173E-03
 -1       471-7.36533E-04 1.74338E-04-6.76174E-03-4.84515E-04 2.25967E-04 4.76486E-03
 -1       472-6.87766E-04-3.40291E-04-2.55298E-03-1.15171E-04 2.46578E-04 2.49179E-03
 -1       473-1.78554E-03-9.03988E-04 1.73462E-03-1.46115E-03 6.50639E-04 2.78724E-03
 -1       474-1.16487E-03-3.16701E-05-4.18901E-04-7.95101E-05 2.98564E-05 1.09284E-03
 -1       475-8.54650E-05-1.89617E-05 1.43405E-04-1.20032E-05-1.70658E-04 1.30462E-04
 -1       476 8.55996E-05-7.92268E-07-5.21605E-03-5.42437E-06 6.07974E-06 2.33124E-03
 -1       477-3.01673E-03-2.38547E-03-8.32918E-03-2.09230E-03 1.53815E-03 1.13023E-02
 -1       478-1.26955E-03 3.13998E-06-5.59662E-04-1.43379E-04 7.91727E-05 1.11754E-03
 -1       479-1.29752E-03-3.39340E-05-1.90585E-04-1.41280E-04-5.66014E-07 7.18480E-04
 -1       480-9.92837E-04 1.39914E-05-5.70446E-05-6.77148E-05 2.63734E-05 4.55107E-04
 -1       481-7.61952E-04 2.22711E-06-1.84066E-05-1.13737E-04-7.61462E-05 2.07508E-04
 -1       482-1.04481E-03-5.60940E-05-1.73765E-04-4.27231E-05 2.07364E-05 8.53238E-04
 -1       483-6.91932E-04-2.52384E-05-2.68529E-03 2.19055E-05 1.35810E-04 1.81329E-03
 -1       484-9.96389E-04-1.78605E-05-1.59108E-03-1.09409E-04 4.97517E-05 1.62567E-03
 -1       485-9.48124E-04-1.77542E-05-1.25624E-03-5.15215E-05 3.32596E-05 1.75437E-03
 -1       486-9.44688E-06-1.55131E-04-5.99377E-03-1.04717E-04 3.48047E-04 1.43068E-03
 -1       487-2.93945E-04-6.49718E-05-3.92692E-03 3.69977E-06 5.16984E-05 1.79664E-03
 -1       488-5.45307E-04-4.56558E-05-4.06880E-03-3.07737E-05 7.79830E-05 2.36051E-03
 -1       489 1.63218E-03-2.74048E-04-1.73687E-02-4.68728E-04-1.38333E-04 3.64184E-03
 -1       490 6.67323E-05-1.96598E-04-7.97269E-03-1.72823E-04 5.70587E-04 2.72461E-03
 -1       491 5.73443E-04 2.12256E-04-5.88832E-03-2.13971E-04 1.73049E-04 3.25012E-03
 -1       492 3.85553E-03 2.52507E-03-4.87871E-03 1.73649E-03 8.40590E-03 1.45181E-02
 -1       493-2.31501E-03-3.50023E-03-2.85659E-02-6.26394E-04 1.71353E-03 6.68010E-03
 -1       494-3.42162E-03-5.95549E-04-1.07147E-02-3.78784E-04 6.86054E-04 1.01573E-02
 -1       495 2.47008E-03-5.30121E-05 1.08418E-04-1.95742E-04-6.77950E-06 5.70071E-03
 -1       496 3.11492E-03 1.30287E-03-2.11664E-03 1.14577E-03 3.12038E-04 7.76873E-03
 -1       497-2.18880E-03-1.95350E-03-6.04666E-03-1.37654E-03 4.55624E-04 8.56157E-03
 -1       498-1.25748E-03-9.39432E-04 3.02939E-04 3.44827E-04 1.02372E-03 4.27511E-03
 -1       499 1.82162E-03-2.10320E-04 6.48247E-04 4.38103E-05 5.08527E-04 4.52400E-03
 -1       500-3.12275E-04 1.00213E-03 3.90841E-04-3.62953E-04 3.85443E-04 4.52821E-03
 -1       501-1.15285E-03-2.71762E-04 1.37121E-03-8.94035E-04 2.75637E-05 3.15947E-03
 -1       502 6.33225E-04 4.62211E-04 1.88328E-03 2.69281E-04-6.09840E-04 5.90509E-04
 -1       503 5.54161E-04-8.78415E-05 2.21430E-03-2.36647E-04-3.12689E-04 1.60264E-03
 -1       504 9.57815E-05 3.52930E-04 1.56793E-03-6.39139E-04 2.42282E-05 1.46775E-03
 -1       505 3.30909E-04-1.38726E-04 2.36341E-04-1.86134E-04-1.73029E-04 4.80929E-04
 -1       506-3.76965E-04-1.05118E-05 1.74279E-04-1.61646E-04-9.04985E-05-1.73571E-05
 -1       507-7.11623E-06-1.51116E-04 1.79218E-04-3.42605E-06-1.43730E-04 2.29337E-04
 -1       508 2.58017E-04 1.21904E-05-3.14304E-05-1.88507E-04-2.20478E-04 1.98176E-04
 -1       509-4.34080E-04 1.21961E-04 3.07053E-04-3.76357E-05-1.07715E-04 2.89511E-04
 -1       510 5.04919E-07 2.64765E-04 4.31980E-04-2.52431E-04 6.06684E-04 6.61620E-04
 -1       511-3.54999E-04-3.80324E-04-7.64290E-04-1.80679E-04-7.67989E-05 6.59707E-04
 -1       512-1.46348E-03-1.38382E-04 1.43793E-03-5.35680E-05 1.18680E-03 1.01148E-03
 -1       513-1.25262E-03-6.95236E-04-1.39717E-03-5.89577E-05 1.88327E-04 1.60732E-03
 -1       514-9.00308E-04-1.20456E-04-8.28637E-04-2.60847E-04 1.28045E-03 3.44771E-03
 -1       515-1.01069E-03 1.16849E-04-5.44367E-05-5.83355E-04 1.55549E-03 1.66192E-03
 -1       516-1.38840E-03-2.02873E-04-3.63930E-03-1.73758E-04 1.16137E-03 4.82138E-03
 -1       517-8.03451E-04 4.80112E-04-3.51075E-03-6.02606E-04 4.60929E-05 6.31325E-03
 -1       518-8.19959E-04 9.00784E-05-3.25657E-03-2.22750E-04 1.21720E-03 5.49100E-03
 -1       519-7.32818E-04-2.04216E-04-4.62020E-03-3.40270E-04 4.48011E-04 3.19445E-03
 -1       520-1.10667E-03 3.08454E-05-1.00714E-03-3.80696E-04-8.02866E-04-2.81607E-03
 -1       521-1.05442E-03-3.91238E-05-4.41591E-04-1.59813E-04-1.01825E-05-1.66593E-03
 -1       522-3.78740E-04-1.70503E-04-5.79089E-03-3.90231E-04-2.39573E-04-3.18389E-03
 -1       523-8.74463E-05 2.46015E-04 4.06360E-04-8.76875E-04-6.22290E-04-5.48712E-03
 -1       524 1.23779E-04-3.50125E-04 1.87193E-03-7.99400E-04 6.56418E-04-1.14316E-03
 -1       525 1.59126E-04-9.20190E-05 2.04358E-04-8.08076E-07-1.12491E-05-3.28931E-04
 -1       526-2.90582E-03-6.13954E-04-5.75502E-03-1.63974E-03-3.93308E-05-9.78883E-03
 -1       527-7.54519E-04 6.77034E-05 1.02245E-04-1.19685E-04 7.01208E-05-4.25485E-04
 -1       528-6.97411E-04-6.25554E-06-2.16169E-03-2.76238E-05-1.23672E-04-1.80744E-03
 -1       529 4.07336E-04-9.96179E-06 2.04163E-04 4.23232E-05 9.05625E-05-5.10833E-04
 -1       530-1.01226E-03 1.42485E-04 3.01653E-03 1.87242E-04-9.86164E-04-3.22711E-03
 -1       531-1.07918E-03 1.80611E-05-5.56576E-06-1.57648E-04 1.16196E-05-4.06031E-04
 -1       532-5.32599E-04 1.13792E-04 1.33828E-04-1.48175E-04 1.25949E-04-1.65073E-04
 -1       533-1.03998E-03 2.34542E-05-8.41679E-04-1.83401E-04-5.95338E-05-1.28345E-03
 -1       534-1.09637E-03 3.32684E-06-2.72299E-04-1.27958E-04 2.50182E-05-8.69769E-04
 -1       535-9.42276E-04 6.82543E-05-1.01976E-04-1.31471E-04 5.70984E-05-9.20340E-04
 -1       536-2.17325E-04 7.87870E-06 8.27453E-06-7.84116E-06 3.34405E-05-8.92027E-05
 -1       537 2.03054E-04 8.32732E-06 5.71199E-05-3.18751E-05 6.79186E-05-2.60649E-04
 -1       538-4.75833E-04-3.67793E-05-1.19237E-06 2.18860E-05-6.66698E-06-2.48812E-04
 -1       539 5.11465E-04 2.48770E-04 2.86560E-04-5.15188E-05 1.48520E-04-4.15377E-04
 -1       540-9.32705E-05-5.99481E-04 4.20646E-04 1.57203E-04-5.84581E-04-5.58782E-04
 -1       541 3.28672E-04 6.88439E-05 3.75350E-04 9.26952E-05 1.20201E-04-4.88765E-04
 -1       542 3.49078E-04-1.09477E-03 2.29796E-03-1.61275E-04-2.33221E-04-9.36968E-04
 -1       543-1.34735E-03-1.80978E-03-9.98964E-04-4.42022E-04 1.38824E-04-3.00670E-03
 -1       544 3.42744E-04-5.13965E-04 4.17775E-04-1.69738E-04 3.52933E-04-5.67825E-04
 -1       545-2.43704E-03-7.28661E-04 2.43652E-03-8.79666E-04 4.73434E-04-4.43283E-03
 -1       546-8.55652E-04-7.61258E-05 6.05853E-04 1.44239E-03-8.99683E-04-3.96738E-03
 -1       547-2.76016E-04 5.10962E-04 2.44516E-03-2.35846E-04-6.62161E-04-1.55368E-03
 -1       548 9.11927E-04-6.47497E-05 1.54537E-04 4.81731E-04-4.83047E-04-4.90870E-03
 -1       549 2.41918E-03-6.18511E-04-4.81651E-04 8.90554E-04-2.78189E-04-5.21496E-03
 -1       550 4.77472E-05 3.92055E-04 3.16192E-03-4.59484E-05-9.24888E-04-4.52048E-03
 -1       551 1.19899E-03 5.33484E-04-2.08402E-03 1.38878E-04-7.88306E-05-6.30584E-03
 -1       552 1.68730E-03 3.32941E-04-3.96012E-03 3.51002E-04-4.31976E-03-1.22053E-02
 -1       553-6.00672E-04 8.09721E-04-1.44988E-03-6.65408E-04-5.96092E-05-6.72329E-03
 -1       554-2.38221E-03-2.82266E-03-2.64449E-02 8.37717E-05-1.65366E-03-6.62950E-03
 -1       555 9.88556E-04 1.58994E-03-1.23320E-02 5.21432E-05-1.70272E-03-2.82070E-03
 -1       556-2.70784E-05 9.12773E-05-6.05473E-03-1.83481E-04-6.94712E-04-2.29249E-03
 -1       557-2.37664E-03-1.31145E-03-7.50879E-03-1.14780E-03 3.39384E-04-6.55553E-03
 -1       558-2.67909E-04 1.31272E-05-3.90836E-03-2.81095E-04-7.04162E-05-1.99894E-03
 -1       559-6.39900E-04 1.33613E-05-2.37742E-03-6.66022E-05-1.47918E-04-1.59793E-03
 -1       560-9.73235E-04 5.90995E-05-1.34702E-03-1.22622E-04-7.75364E-05-1.42493E-03
 -1       561-4.52915E-04-4.07468E-05-3.16806E-03-8.00898E-05-2.38650E-05-2.23190E-03
 -1       562-8.56021E-04-2.25180E-05-1.58131E-03-9.35515E-05-1.16853E-04-1.75457E-03
 -1       563-1.12274E-03 2.93087E-04 5.94549E-04-2.09636E-04 5.53730E-05-2.31329E-03
 -1       564-3.83422E-04 2.14962E-04-2.27391E-03-1.06239E-04-1.65027E-05-2.32733E-03
 -1       565-9.83673E-04 3.07606E-04-3.65342E-03-6.69340E-06-6.93465E-05-3.89010E-03
 -1       566 4.32266E-05 2.10573E-04 9.34051E-04-3.51161E-04-6.74678E-06-8.08774E-04
 -1       567-8.26238E-04-2.24177E-04-1.76586E-04 2.81895E-05-1.66811E-04-7.49619E-04
 -1       568-1.89063E-03-4.70412E-04-4.01390E-03-1.07388E-03 1.73926E-04-5.61923E-03
 -1       569-2.45654E-04 6.45294E-05-1.98175E-03-1.93174E-04-1.04169E-04-3.86834E-03
 -1       570-5.76839E-05 5.17634E-04 3.04485E-03-7.69484E-04-1.53542E-04-3.28185E-03
 -1       571-1.12386E-03-6.40504E-04-4.70757E-04-5.10702E-05 1.28721E-04-1.37229E-03
 -1       572 2.06896E-04-2.08173E-04 3.47972E-04-2.60250E-04 3.68489E-04-6.71417E-04
 -1       573-1.41953E-03 3.58012E-03-2.84508E-03-1.20422E-03 2.13522E-03 6.45241E-03
 -1       574 1.52267E-02 8.49770E-03-4.37475E-04 3.63845E-03-6.91260E-03-4.43470E-03
 -1       575-7.02009E-03 5.92443E-03 6.84204E-03 1.11861E-02 6.60451E-03 7.31586E-03
 -1       576-5.83243E-03-6.68007E-03-4.64929E-03-4.08979E-03-6.08865E-04 6.41569E-03
 -1       577-6.78158E-03 1.34989E-03-9.21968E-03 9.48888E-04-3.18122E-03-1.62037E-03
 -1       578 1.19164E-02 8.00560E-03 2.98190E-03 8.58868E-03-2.36501E-03-6.09669E-03
 -1       579-7.76866E-03-3.28451E-03 3.40390E-03-4.00274E-03 5.57455E-04-2.45179E-03
 -1       580 2.57113E-03 8.75304E-03 1.40745E-02-4.00612E-03-4.95154E-03 7.55458E-03
 -1       581 1.78430E-03-3.37322E-03-5.30385E-03-3.70426E-03-4.12532E-03 6.16286E-03
 -1       582 1.51748E-02-7.82393E-03 1.38522E-02-8.33567E-03-2.79705E-03 1.36621E-02
 -1       583 2.76625E-03-1.59260E-02-8.56519E-04-6.63991E-03-1.04758E-02 1.04385E-02
 -1       584-1.17445E-02-6.67501E-03 5.68752E-03-4.18447E-03-7.24198E-04 5.57668E-03
 -1       585 4.69237E-03 2.10863E-03 3.86471E-03-1.34208E-03-3.95540E-04 6.32502E-03
 -1       586 1.60962E-02-9.32282E-03-1.17603E-02-8.37785E-03-7.08132E-03 8.55027E-03
 -1       587-1.10131E-03 4.53491E-03 8.26448E-03-2.29178E-03-2.89275E-03 1.43243E-02
 -1       588 1.29292E-03 2.17289E-03 8.74124E-03-1.24814E-02-8.43867E-03 1.28399E-02
 -1       589-1.92157E-03-4.70880E-03-8.99741E-03-5.81218E-03-1.61560E-03 1.42032E-02
 -1       590 9.66884E-03 2.82762E-03-1.02166E-02 9.72571E-03-4.49153E-03 1.10404E-02
 -1       591-1.52948E-02-3.26342E-03-9.02245E-03-1.73636E-03 9.60492E-04 3.84474E-03
 -1       592-1.74742E-02-6.68591E-03-1.70671E-02 3.64639E-03-1.32682E-03 8.21294E-03
 -1       593-1.32729E-02-7.41942E-03-5.14150E-03-6.69186E-03-1.12886E-03-2.03718E-03
 -1       594-1.95346E-02 3.97845E-03-1.09497E-02 2.80267E-03-9.41319E-04 1.21003E-02
 -1       595 6.21529E-03 1.03046E-02-5.81290E-03 8.28965E-03 8.16822E-03 1.83447E-03
 -1       596-1.71685E-03 4.53839E-03-1.27811E-03 2.12996E-03-6.76143E-03-1.19017E-02
 -1       597-5.79277E-03-4.30475E-03-1.43971E-02-5.42757E-03-6.31919E-04 8.60607E-03
 -1       598 5.83788E-03 1.61959E-03-1.21270E-02-1.37715E-03-4.23257E-03 8.57690E-03
 -1       599-1.99303E-03 2.96367E-03 9.60447E-04-1.76143E-04 8.00175E-04 9.14373E-03
 -1       600-1.38315E-02-5.38518E-03 1.75402E-02-6.30373E-03 6.32718E-03 6.01141E-03
 -1       601 2.08818E-02 1.67328E-02 2.24964E-02 9.03570E-03-5.90871E-04 1.60528E-03
 -1       602-2.64030E-03-9.86698E-03-1.31353E-02 1.58500E-03 5.05018E-03 1.25508E-04
 -1       603-5.94752E-03-8.29716E-03-7.11050E-03-3.60913E-03-3.72812E-04 5.67509E-03
 -1       604-7.31530E-03-1.56721E-02-1.29391E-02-3.48710E-03 2.75100E-03-2.37582E-03
 -1       605 1.61442E-02 1.04639E-02 8.97883E-03 8.78328E-03-5.07617E-04 2.08776E-03
 -1       606 7.39063E-03-9.48700E-04 4.66917E-03 7.90478E-03-1.32054E-03 8.33061E-03
 -1       607-1.51343E-02-2.06889E-02-6.86214E-03 1.46501E-03-9.43381E-05 2.48514E-03
 -1       608-2.08520E-03-1.95223E-03-4.28850E-03 3.55753E-03 2.10053E-03 5.53909E-03
 -1       609-8.19410E-03-2.41835E-03-9.41217E-04-1.58255E-03-6.71578E-03-5.77645E-03
 -1       610-6.21816E-03-4.19398E-03 1.35501E-05-5.52464E-03-2.86704E-03 1.10800E-02
 -1       611 6.39454E-03-1.92214E-03 1.03071E-02 5.18446E-03 4.85634E-03 2.12396E-03
 -1       612 1.59304E-02 1.01886E-03 4.68209E-03 1.78410E-03-9.55314E-04-1.37617E-05
 -1       613-3.31982E-02-1.10911E-02-2.25634E-02-6.02700E-03-6.67365E-03-9.21964E-03
 -1       614-2.07434E-02-8.75375E-03-5.00326E-02 3.50328E-03 5.97579E-03-9.30842E-04
 -1       615-1.07096E-02-1.11243E-03-1.51402E-02 1.35612E-03-5.44946E-03 8.56128E-03
 -1       616 4.87112E-03 1.12150E-02-3.60436E-03 2.53747E-03-1.87626E-03 1.61700E-02
 -1       617-1.36682E-02 6.03831E-03 1.41172E-03 2.24087E-03 3.09771E-03 2.12142E-02
 -1       618 1.62647E-03-1.45073E-03-2.65450E-03-1.96647E-03-3.74159E-03 1.46413E-02
 -1       619 3.54683E-02 7.83437E-03 1.54794E-02 8.88623E-03 9.50587E-03 8.55039E-03
 -1       620 1.91387E-02 4.70602E-03 8.11735E-04 3.96863E-03-7.10838E-04 3.57727E-03
 -1       621-1.23072E-02-8.26171E-03 3.29121E-03-3.97264E-03 6.04464E-03 2.55744E-03
 -1       622-1.51572E-02-1.41739E-03-2.74008E-02-4.00226E-03-8.15235E-03 1.05755E-03
 -1       623 7.71170E-03 7.76594E-03-1.96184E-02 5.23118E-03 9.77906E-05-7.66720E-04
 -1       624 3.42931E-03 5.67401E-03 3.46989E-05 1.03564E-03 1.93538E-03 1.44948E-02
 -1       625-6.90448E-03 8.68137E-03 2.06406E-03 1.67075E-02 6.54103E-03 2.84681E-03
 -1       626-4.89147E-02 6.73614E-03-1.62800E-02-3.20246E-03-2.55476E-03 4.93354E-03
 -1       627-3.10198E-02-8.26475E-03-7.77657E-04 2.99687E-03 1.33640E-02 1.68884E-02
 -1       628 5.92913E-02 1.99588E-02 2.41809E-02 2.36123E-03-1.06632E-02 9.88693E-03
 -1       629 1.21402E-02-1.72379E-02-5.14121E-03 2.72675E-03-3.53787E-03 1.44753E-03
 -1       630-1.33371E-04-9.27154E-03 7.83317E-03-1.92180E-03-2.48769E-04-1.93665E-03
 -1       631 7.69093E-04 1.18169E-03-1.85997E-03-4.06752E-04 1.39901E-03 1.07939E-02
 -1       632-1.29226E-02-3.17302E-03-7.14792E-03-5.37248E-03 6.49053E-04 2.49000E-03
 -1       633-2.18017E-02-8.86475E-03-9.13837E-03-5.26247E-03-4.11216E-03-3.06051E-03
 -1       634-1.55000E-02-6.79819E-03-4.68873E-03 7.03798E-04 3.92942E-06 9.38108E-03
 -1       635 4.08534E-03 2.59737E-03 1.34649E-02 1.25840E-02 7.96613E-04-3.93289E-05
 -1       636-3.74098E-03-4.26532E-03 4.77106E-03 4.34223E-03-3.09360E-03 6.19343E-03
 -1       637-4.97402E-03-3.63502E-03 6.24698E-05 3.78636E-03 7.98909E-04-3.64931E-04
 -1       638 2.37127E-02 1.31460E-02 1.27353E-02 7.10574E-03-3.27697E-03 3.88409E-03
 -1       639 7.58371E-03-8.10252E-03 1.36738E-03-4.34527E-03-2.23674E-04 1.51132E-02
 -1       640-2.10200E-02-1.50058E-02-1.34029E-02-2.27621E-03 1.49429E-03 6.92098E-04
 -1       641-8.86020E-03-1.44416E-02-1.42764E-02 8.35990E-04-4.08060E-03 4.41339E-04
 -1       642-7.86636E-03 1.05924E-02 2.95411E-03-5.34867E-03-3.37660E-03-6.08757E-03
 -1       643 1.79215E-02 8.27104E-03 5.54781E-03 4.99690E-03 5.76564E-03 9.31381E-03
 -1       644 5.12771E-03 8.14678E-03 8.55850E-04 1.91737E-03-4.82914E-03 2.79688E-03
 -1       645-1.51907E-02-2.97688E-03-1.41821E-02-4.40472E-04-7.34851E-04 1.10237E-02
 -1       646 1.44200E-02 1.32913E-03 8.24593E-04 5.96628E-03 2.98805E-03 8.81456E-03
 -1       647 2.92166E-02 5.92387E-02 3.02301E-02 2.28627E-02 4.21173E-03-2.84473E-03
 -1       648-1.28793E-02-1.49525E-02-5.08058E-03-1.80206E-03 4.60813E-03 3.09951E-03
 -1       649-5.69952E-03-1.27887E-02-5.35591E-03-7.18093E-04-1.47121E-02-1.21302E-03
 -1       650 7.94462E-03-6.95045E-04-1.08196E-03 1.55233E-03-7.12124E-03-5.48290E-04
 -1       651 3.52357E-04 1.44343E-03 1.34125E-02-1.67485E-03-6.25156E-03-7.73315E-03
 -1       652-3.60334E-03 2.93007E-03-1.92163E-02 2.73305E-03-1.06343E-03-1.84600E-04
 -1       653-3.07497E-02-1.49484E-02-3.68934E-02 8.63969E-04-4.48075E-04 7.09652E-03
 -1       654 3.98640E-03 5.09035E-03-1.16640E-02 5.51316E-03-7.55876E-03-5.55033E-03
 -1       655-6.10892E-05-4.70466E-03-6.32572E-03-2.12225E-03-4.95268E-05-2.93370E-03
 -1       656 7.46938E-03 9.50263E-03 2.38915E-03-1.03884E-03-1.95721E-03 2.14317E-03
 -1       657-8.96050E-04 4.41604E-03 1.34126E-03 9.71909E-05-2.79905E-03-8.81655E-03
 -1       658 1.45968E-02 6.65634E-03 4.04879E-03 4.88701E-03 5.28910E-03 2.47238E-03
 -1       659 9.45523E-03-5.95666E-03-5.90765E-04 1.50006E-03-4.41765E-03 4.93812E-03
 -1       660 2.08392E-02 3.95308E-03-7.60482E-03 2.23249E-03-1.36363E-02-8.95709E-04
 -1       661-5.21807E-03-1.85386E-02-1.58479E-02-3.76528E-03 5.05464E-03 6.57196E-03
 -1       662 7.39677E-03-3.85165E-03-7.01499E-03-1.98670E-03-4.06142E-03-9.08173E-03
 -1       663 7.43179E-03-1.15034E-02-7.87884E-03 1.43805E-03 4.10031E-03 4.65629E-03
 -1       664-4.78049E-03 1.88367E-04 1.00351E-02 2.82309E-05-2.20420E-03 1.17630E-03
 -1       665-1.42677E-02-4.99605E-03-1.89231E-03-5.30809E-03 2.72062E-03 9.45303E-03
 -1       666-2.33625E-02-2.79740E-03-8.08127E-03-8.09424E-03 2.82539E-03 8.78144E-03
 -1       667-5.73143E-04 6.95335E-03 5.10854E-03 5.43872E-03 1.90066E-03 1.13150E-02
 -1       668-7.08655E-03-2.36947E-03-4.53992E-03 5.86615E-05-2.99746E-03 2.59545E-03
 -1       669 3.48008E-03 8.22874E-03 6.87616E-03 4.53806E-03 2.57175E-03 3.83666E-03
 -1       670 1.33899E-03-1.10503E-02-3.31973E-03-5.21642E-03-6.40514E-03 6.53118E-03
 -1       671 3.18795E-03 2.07123E-03-3.59011E-03-3.67038E-03-1.07002E-03 5.19329E-03
 -1       672 1.59133E-03-3.39686E-03-5.53985E-03-6.03925E-03 5.07954E-04-3.20910E-03
 -1       673 1.00654E-02 5.41077E-03-5.08583E-04 1.73268E-03 1.26231E-03-1.06705E-03
 -1       674 4.06581E-03 2.82136E-03 4.88848E-03-3.36326E-03 2.41987E-03 2.66018E-03
 -1       675-1.75326E-02-2.98333E-03-2.30588E-02-5.51942E-03 1.37580E-03 2.42370E-03
 -1       676-2.45719E-03 6.76016E-03 6.09040E-03 1.55138E-03 1.67549E-04 6.57511E-03
 -1       677-4.73849E-03 1.68969E-03 2.92299E-03 9.89942E-04-7.21264E-03-5.28979E-03
 -1       678 1.76793E-02 5.99302E-03-9.10558E-04 6.26529E-03 5.95081E-03 1.36340E-02
 -1       679 1.37543E-02 4.62929E-03 4.01943E-03 5.95571E-04 2.08362E-03 1.07172E-03
 -1       680-2.50364E-02-2.03650E-02-2.44185E-02-9.12332E-03-9.60887E-03 6.96875E-04
 -1       681 1.39178E-03 2.56066E-03-1.81834E-02 2.43462E-03 4.06140E-04-7.55583E-04
 -1       682 1.64214E-02 1.79030E-02 7.88942E-03 7.89099E-03 1.24050E-03 4.74067E-03
 -1       683 1.81220E-02 1.90790E-02-6.31291E-03 9.48627E-03 7.91577E-03 3.13052E-03
 -1       684 3.53772E-03 1.43137E-02-1.37682E-02 1.20052E-02 3.30963E-03 6.89851E-03
 -1       685-1.03905E-02 6.27012E-03-1.66191E-03-3.49947E-03-1.06162E-02-1.79064E-04
 -1       686 1.19841E-02 1.42344E-02 1.57129E-02 4.39154E-03-5.43458E-03-5.94214E-03
 -1       687-1.96840E-03-7.91127E-03 2.46313E-03 1.16769E-03-9.04596E-03-1.43776E-02
 -1       688 2.17918E-03-3.15036E-03-1.75365E-02 5.29902E-03 2.37659E-03 3.93790E-04
 -1       689-9.40929E-03 6.01057E-03-7.06795E-03 5.74079E-03-5.28274E-03-3.60142E-03
 -1       690-5.18597E-03 3.78967E-02 1.82376E-02 1.77087E-02 9.41714E-03 5.63047E-03
 -1       691 2.20590E-03 4.24992E-03 7.70054E-03 9.53017E-03 5.10323E-03 5.89830E-04
 -1       692-3.15369E-02-6.11614E-03-6.94372E-04 3.16898E-03 8.87819E-03 1.27891E-02
 -1       693 1.22077E-04 5.49991E-03-3.14555E-03 8.17529E-03 6.77718E-04 1.39075E-03
 -1       694-1.76475E-02 1.31507E-04-8.16067E-03-6.46327E-03 3.84357E-03 5.16089E-04
 -1       695-2.86418E-02-2.00412E-03 6.95302E-03 3.25598E-03 4.35474E-03 8.80751E-03
 -1       696-2.90262E-03 3.65483E-03-5.44226E-03 1.03373E-03-4.08504E-03 4.08366E-03
 -1       697 1.35274E-02 1.46051E-02 2.20610E-03 8.93366E-03 1.55575E-03 6.39001E-03
 -1       698-1.11964E-02 4.01121E-03-6.11160E-04 1.03444E-03-1.00856E-03 7.14666E-03
 -1       699 1.85537E-02 1.20091E-02 1.13472E-03 6.88446E-03-1.24278E-03 9.52611E-03
 -1       700-2.28232E-02 2.13196E-03-7.56524E-04-2.39488E-03 8.13197E-03 1.25436E-02
 -1       701 3.71191E-02 1.74137E-02 2.03053E-02 1.54457E-02-1.63010E-03-2.59717E-03
 -1       702 1.62233E-02 3.69022E-03-2.45912E-02 5.01615E-03-9.70186E-04 7.37765E-03
 -1       703-1.08045E-03 7.37110E-04 4.09386E-03-3.42816E-03-3.97472E-03 2.07366E-03
 -1       704 7.99091E-06 2.94991E-06-5.22321E-03 3.06447E-06 3.07398E-04 1.00489E-04
 -1       705 1.87795E-05 8.49303E-07-5.19743E-03 7.00841E-06-4.93969E-04-9.94012E-06
 -1       706-2.28140E-06 1.66466E-06-5.22370E-03 3.49914E-06-7.27162E-05-4.14874E-04
 -1       707 1.22729E-05 1.56366E-05-5.05739E-03-2.54409E-06 2.37056E-05 1.11542E-04
 -1       708 1.35923E-05 2.02776E-05-5.05303E-03 2.00611E-06-6.60815E-05 1.45506E-04
 -1       709-6.36551E-04-2.45294E-05-4.23367E-04-1.40960E-04 9.08208E-05 5.55429E-04
 -1       710 2.39031E-03-4.80719E-04 7.55626E-04 8.43396E-04-6.21874E-04 2.19507E-04
 -1       711 2.19407E-03-7.11509E-04-8.48920E-04-4.18708E-04 5.24744E-04-7.30289E-04
 -1       712 4.76348E-03-3.20597E-04-3.54681E-04 1.41903E-03 3.92008E-04-2.20957E-03
 -1       713 3.12774E-04-2.38557E-04-1.00826E-03-5.43780E-04-2.14123E-04-3.48571E-03
 -1       714-1.12675E-03-1.14893E-04-2.71760E-03-1.45155E-03 1.34015E-04-4.92893E-03
 -1       715 6.10550E-03 1.07889E-03-1.10460E-03 2.54446E-03-4.56897E-04-5.38339E-03
 -1       716 1.42643E-03-2.25908E-04 6.91533E-04 3.85823E-05-4.27381E-04 1.96926E-03
 -1       717 1.19163E-05 2.96452E-04-7.27146E-04-8.20047E-04-2.48593E-04 8.11895E-04
 -1       718 6.70441E-04-5.25739E-04 1.39848E-04-9.57016E-04-5.32369E-04 3.86688E-03
 -1       719 1.02133E-03-3.75277E-04 3.92125E-05-4.26125E-04-4.81809E-04-2.85572E-03
 -1       720 2.59355E-03 8.64365E-05 5.38465E-04 2.08654E-03-3.52299E-04-1.84997E-03
 -1       721 6.74953E-03 2.29669E-03-6.06056E-04 4.00812E-03 1.13341E-03 4.58200E-03
 -1       722-9.81848E-04-1.95301E-05-1.61101E-04-1.25016E-04 4.99697E-05 3.22734E-04
 -1       723-8.59165E-04 6.74743E-07-2.55701E-04-1.79774E-04 1.15067E-04 5.45532E-04
 -1       724-5.19891E-04 4.41707E-05-2.22360E-04-1.88385E-04 1.46074E-04 2.33839E-04
 -1       725-9.67070E-04-5.07564E-05-5.03335E-04-1.27052E-04 5.88810E-05 8.39957E-04
 -1       726-6.93796E-04 4.61575E-05-6.77155E-05-1.55444E-04 8.64020E-05 6.66697E-05
 -1       727 2.64672E-03 1.60713E-05-1.83847E-04 5.09015E-04-2.34468E-04-2.49923E-04
 -1       728 4.78069E-03-1.91394E-04 9.56512E-04 1.60811E-03-2.05376E-04 2.22361E-03
 -1       729 1.66746E-03-1.31294E-04-9.33133E-04 9.90940E-04-1.69562E-04-2.00382E-03
 -1       730-4.00636E-04-1.53571E-03 1.99886E-04-1.53798E-03 7.71247E-04 2.08138E-03
 -1       731 2.52953E-03 3.35324E-04-1.02222E-03 2.07300E-03 6.17104E-04 1.27107E-03
 -1       732 3.54379E-03-9.41819E-04 4.55842E-04 2.28122E-03-6.55910E-04-2.05097E-03
 -1       733 2.40094E-04-1.18748E-03-2.09138E-03 5.11903E-05 3.80553E-06 3.06484E-03
 -1       734-4.37896E-04-2.87977E-04-2.21607E-03-9.73479E-04-2.16984E-04 1.43715E-03
 -1       735-7.17106E-04-6.11977E-04-2.01003E-03-8.34128E-04-1.80072E-04 3.42684E-03
 -1       736 2.25321E-04-2.29615E-05-2.53717E-03-2.27193E-05 1.21999E-04 8.86085E-04
 -1       737-2.66503E-04-1.65557E-04-1.69086E-03-2.91036E-05 1.85483E-04 9.83632E-04
 -1       738 3.88686E-04 2.30452E-04-3.16202E-03-2.51071E-04 2.14713E-04 1.54542E-03
 -1       739-2.15800E-03-9.07472E-04-3.90788E-03-1.43136E-03 9.38039E-04 4.97413E-03
 -1       740-6.00031E-04-1.46588E-04-6.24614E-04-1.13506E-04-1.16439E-04-7.44262E-04
 -1       741-7.48286E-04-4.36533E-05-5.49039E-04-1.50248E-04-1.48889E-04-5.93386E-04
 -1       742-3.93944E-04 1.89896E-06-9.81070E-04-6.28321E-05-1.81610E-04-8.21551E-04
 -1       743 2.69406E-04 1.15627E-04-2.56486E-03-6.11169E-05 5.13120E-04-4.73903E-05
 -1       744-1.84688E-03-6.19802E-04-1.52297E-03-1.24273E-03 2.50013E-04-3.49869E-03
 -1       745-1.26565E-03 1.39802E-04-2.67332E-03-3.56366E-04-2.73693E-04 1.96735E-03
 -1       746-9.60880E-04-1.95538E-04-3.03960E-03-5.05402E-04-1.95852E-04 1.75622E-03
 -1       747-2.06544E-04 4.36435E-04 5.92285E-04-4.00563E-04-2.75900E-04 1.32221E-03
 -1       748-5.79300E-04-1.75947E-04 9.74748E-05-9.55694E-04 1.95190E-04 1.98279E-03
 -1       749-3.05571E-04 2.76445E-04-2.62001E-03-3.11886E-04 2.03033E-04 1.50265E-03
 -1       750-1.40136E-04-1.89066E-04-9.40924E-04-1.53013E-04 1.69726E-04 1.10609E-03
 -1       751-8.67701E-04 3.60973E-04 1.82643E-03-2.17657E-04-4.41374E-04-1.02799E-03
 -1       752-3.12716E-04 9.41545E-05-2.66892E-03-7.10953E-04 4.73521E-04 2.05511E-03
 -1       753-8.38019E-04-8.08588E-05-6.20484E-04-1.58068E-04-6.24672E-05 5.29431E-04
 -1       754-1.01173E-03-4.84932E-05-8.10085E-05-1.96520E-04-8.29280E-06-6.14744E-04
 -1       755-1.16181E-03 4.83672E-05-1.27705E-04-2.25190E-04-3.69404E-06 2.36473E-04
 -1       756 1.97514E-05-7.54158E-05-1.39412E-03-2.44198E-05 1.48996E-04 4.95530E-04
 -1       757-2.32320E-03-1.70802E-03-3.37744E-03-1.94256E-03 2.55669E-04 2.48264E-03
 -1       758-3.03893E-04 6.00806E-05-1.11126E-03-6.26928E-05-1.73760E-04-6.75396E-04
 -1       759-9.02685E-04-9.33066E-05-1.35197E-04-1.08635E-04 6.72354E-07-1.01128E-05
 -1       760-1.08910E-03-5.57597E-05-1.89447E-04-1.71296E-04 5.08263E-06-6.00098E-05
 -1       761-1.02230E-03 7.13680E-06-7.24934E-04-1.92919E-04 7.56316E-05 8.83775E-04
 -1       762-1.01232E-03 7.87966E-06-4.70719E-04-1.68391E-04-8.09828E-05-4.06198E-04
 -1       763 8.79058E-04 1.05425E-05-2.02214E-03-2.01214E-04 1.11887E-03 1.72315E-05
 -1       764-6.66266E-04-9.56616E-05-5.53960E-04-5.87515E-04-2.00304E-04-1.13936E-03
 -1       765 2.52503E-03 1.55631E-03-7.96299E-03-4.63382E-04 1.50344E-03-1.18483E-04
 -1       766-3.53025E-04-1.47521E-04-2.39099E-04-2.67142E-05 6.51317E-06 2.33153E-04
 -1       767-1.84729E-05 2.03564E-04-1.63696E-03-8.74851E-05-1.40415E-04-1.09512E-03
 -1       768-1.73891E-05-5.39677E-04-2.05824E-03 4.71090E-06-1.88734E-04-8.25222E-04
 -1       769-3.37437E-04-4.13804E-05-1.29231E-03-4.42490E-05 2.58103E-04 8.88530E-04
 -1       770-4.68244E-04-3.50168E-04-1.30749E-03-2.81974E-04-1.34604E-04-7.81695E-04
 -1       771-3.35366E-04-3.72050E-05-1.03378E-03-3.03188E-04-7.67030E-04-1.95997E-03
 -1       772-1.49466E-03-5.85675E-04-2.12832E-03-6.94316E-04-2.52474E-04-1.91646E-03
 -1       773-2.70557E-04-8.95718E-04-4.28865E-03-4.34544E-04-2.68616E-04-9.71741E-05
 -1       774 2.14194E-04 7.52935E-05-2.86091E-03-3.56476E-04-5.27320E-04-1.31863E-03
 -1       775 2.22688E-04 1.61987E-04-1.90191E-03-2.12120E-04-1.83856E-04-8.96685E-04
 -1       776-5.67693E-04 2.96880E-05-2.12290E-03-5.24868E-04 2.16985E-05-1.45314E-03
 -1       777-7.59739E-04-7.65449E-04-5.06956E-03-9.30123E-04 5.30556E-04-2.61840E-03
 -1       778-7.21968E-04-1.62172E-04-1.24788E-03-1.10702E-04 1.01851E-04 1.37587E-03
 -1       779-2.40752E-04-1.41504E-05-3.68465E-04-7.45895E-05 1.66507E-04 1.52077E-04
 -1       780-9.16174E-04-7.98293E-05-5.83964E-05-1.34143E-04 3.72616E-05 5.92065E-04
 -1       781-7.71531E-04 1.46212E-04 1.13631E-04-1.43547E-04 2.96428E-05-3.76154E-04
 -1       782 4.06499E-03-6.32541E-05-5.05775E-04 1.42838E-03 3.22602E-04 1.79731E-03
 -3
    1PSTEP                         3           1           1          
  100CL  101 1.000000000         782                     0    1           1
 -4  TOSTRAIN    6    1
 -5  EXX         1    4    1    1
 -5  EYY         1    4    2    2
 -5  EZZ         1    4    3    3
 -5  EXY         1    4    1    2
 -5  EYZ         1    4    2    3
 -5  EZX         1    4    3    1
 -1         1-8.83442E-08 3.16183E-08-9.85944E-09 4.71873E-08 2.16523E-09-2.83456E-09
 -1         2 5.45102E-08-5.41992E-08-1.55987E-08-2.46222E-08 3.20072E-08-2.55105E-08
 -1         3 9.23346E-08-1.13153E-07-8.27357E-08-1.41497E-07-3.76796E-08-6.39616E-08
 -1         4 1.76028E-07 2.31376E-08 2.89823E-08 1.10247E-07-7.37321E-08-8.68630E-08
 -1         5 2.95101E-10 1.23039E-10-4.29442E-10-1.26613E-12-2.58100E-09-2.02751E-09
 -1         6 1.40754E-08 1.42919E-08-4.74090E-08-5.32529E-11 4.70667E-10 3.88905E-09
 -1         7 1.64593E-10-1.31846E-10 2.75915E-11-5.98841E-13 3.29791E-09-6.02418E-10
 -1         8 1.42477E-08 1.45891E-08-4.80899E-08 2.93860E-11-3.58674E-10 3.16114E-09
 -1         9 2.78750E-11-5.78469E-11 6.72080E-13-1.56387E-11 9.42376E-11-7.92052E-12
 -1        10 1.46447E-08 1.45545E-08-4.85354E-08 7.66641E-11 7.42075E-11-1.70130E-09
 -1        11-3.02960E-11-1.70840E-11 6.49128E-11 8.55662E-12-2.63923E-11 3.80865E-11
 -1        12 1.46291E-08 1.45523E-08-4.85349E-08-6.55549E-11-1.27217E-10-1.37350E-09
 -1        13-6.45103E-09 1.85768E-09 2.13442E-09-1.82978E-09-1.44903E-10 1.96991E-09
 -1        14-6.23430E-09 2.00589E-09 1.85728E-09-2.05087E-09-9.94856E-11-3.17333E-09
 -1        15-2.80165E-08-1.28152E-08 2.46892E-08 1.67453E-08-4.25725E-09 1.57073E-08
 -1        16 1.49541E-08-4.02251E-08 7.78958E-08 5.14746E-08-1.40259E-08-7.53760E-08
 -1        17-5.36842E-08 1.08185E-10 1.15921E-08-9.63416E-09-6.26089E-09-4.84832E-08
 -1        18 1.51631E-08 6.80824E-08-6.70979E-08 5.66604E-08 1.63669E-08-6.09175E-08
 -1        19-7.91168E-08 1.48796E-08-4.74096E-08 4.04246E-08-1.94839E-08-4.58441E-08
 -1        20-1.00657E-07-6.23586E-09 8.02641E-08-5.05326E-08 7.23521E-10-1.77531E-08
 -1        21 9.34700E-08-5.18952E-08-1.85915E-08-4.24960E-08 4.21106E-09-5.48816E-08
 -1        22-2.61170E-08-4.68489E-08 3.47209E-08-1.77767E-08-2.21109E-08-5.51044E-08
 -1        23 3.68189E-08 4.97614E-09 8.48671E-09 5.99840E-08 5.83121E-08 2.83698E-08
 -1        24 4.28184E-08-3.45615E-08 5.27493E-09 9.62706E-09 3.24949E-08 1.64906E-08
 -1        25 4.13384E-08 4.72402E-08-9.60162E-09 1.49232E-08-3.55001E-08-8.81467E-09
 -1        26 1.39893E-08 4.90936E-08 1.98615E-08 5.93565E-08-1.42768E-08-4.38250E-08
 -1        27 1.08189E-08-1.06099E-07 1.47711E-07 4.48937E-09-1.83742E-08-7.99388E-09
 -1        28-3.81788E-08-2.03100E-08 5.53344E-08 1.41444E-08 5.01055E-09-3.21286E-08
 -1        29 4.91214E-09 5.50568E-08-6.07483E-08 5.67741E-08-2.57406E-09-5.13736E-08
 -1        30-7.29072E-08-4.38298E-10 1.76901E-08-1.45436E-08-2.58856E-08-5.69229E-08
 -1        31-8.91148E-08-7.85639E-08 6.11754E-08-5.39753E-08-1.72874E-08-1.63561E-08
 -1        32 5.16620E-08-3.63016E-08-3.87479E-08-5.08032E-08-1.77512E-09-3.05002E-08
 -1        33-2.06794E-08-7.65789E-08 1.77401E-08-4.21851E-08-2.40328E-08-6.61744E-08
 -1        34-3.25568E-08 1.10685E-08 1.47456E-08 1.32985E-08 4.41079E-09-1.79050E-08
 -1        35 3.30809E-09 3.06079E-08-1.28024E-08 4.80294E-08 6.84754E-08 3.62078E-08
 -1        36-7.44659E-08-6.58747E-08 3.70535E-08-5.94581E-08-9.44897E-09-2.21835E-08
 -1        37-2.35218E-08 6.20091E-08-4.25701E-08 5.00691E-08-1.51983E-08-1.14945E-09
 -1        38-5.05771E-08-3.80654E-08-2.30238E-09 3.16550E-08 2.54536E-08 8.25998E-09
 -1        39 3.25448E-08 2.06808E-08-3.49338E-08 4.95546E-08 9.44724E-09 6.64252E-09
 -1        40-3.14926E-08 1.34706E-08-2.90550E-08-1.37622E-08-1.64722E-08 4.91134E-08
 -1        41 1.37192E-08-2.31781E-08-3.99883E-08-7.05669E-09-3.59221E-08-5.99578E-09
 -1        42 4.64425E-08-6.16855E-08 1.98972E-08 1.91201E-08 8.78100E-10 5.60516E-08
 -1        43-6.61467E-08 1.03377E-08 6.07917E-08 2.91324E-08-3.05533E-08-8.08986E-08
 -1        44-1.67214E-08 1.43295E-08-7.16003E-10-5.97263E-08 2.24613E-08-2.12210E-08
 -1        45-4.39870E-08 9.83692E-09 3.63432E-08 1.26416E-08 1.61404E-08-1.20952E-08
 -1        46-8.78180E-09-2.81018E-10 2.13399E-08 2.04249E-08-3.14274E-09-4.56929E-08
 -1        47-4.86735E-08 1.24475E-08 1.53648E-08-3.80102E-08 1.50937E-08 1.94091E-09
 -1        48-2.80928E-08 2.20209E-08-7.48723E-08-9.29659E-12-2.66872E-08-1.19781E-07
 -1        49-6.27465E-08 6.09369E-08-2.82247E-08-8.53191E-08-3.08360E-08-3.82729E-08
 -1        50 1.86357E-08 1.97403E-08-1.91266E-08-1.39485E-08 2.07249E-08 1.03493E-09
 -1        51 6.05627E-08-3.10975E-08-4.47548E-08 1.36773E-08-7.00222E-10 3.76419E-08
 -1        52 4.11616E-08-3.37218E-08-2.55236E-08 1.03237E-08-1.65049E-08 2.77129E-08
 -1        53 4.19235E-08 3.13054E-08-1.41769E-08 3.18940E-08 5.80144E-09 1.00148E-08
 -1        54 7.67243E-09-2.38745E-08 7.67615E-09 3.44649E-08-1.04304E-08 2.84663E-08
 -1        55-5.39848E-08-1.44515E-08 2.05377E-08-3.80972E-08-1.36301E-09-9.72568E-08
 -1        56-2.94589E-08-1.88945E-08-2.41291E-09-4.96341E-08 1.13956E-08 7.23063E-09
 -1        57-7.67487E-08-9.82081E-09 9.07282E-08 3.44971E-08-1.36301E-08-2.67462E-08
 -1        58 3.77688E-09-5.65717E-10 6.92641E-09-6.52322E-09 1.70756E-08-4.94094E-08
 -1        59-5.73384E-08-2.89990E-08-6.81827E-08-5.28531E-08-3.53571E-08-1.04015E-07
 -1        60-6.40221E-08 6.75195E-08-4.80140E-08-8.47249E-08-3.42822E-08-8.61525E-08
 -1        61-4.58795E-08-8.67019E-08 2.26612E-08-1.29634E-07-9.13527E-09 2.18502E-08
 -1        62-2.88411E-08-9.02036E-09 1.53351E-08-3.51966E-09 8.90153E-08 4.72720E-08
 -1        63-2.27211E-08-9.46781E-09 6.26244E-09 1.51279E-09 9.78839E-08 1.67735E-07
 -1        64 2.14470E-08 4.71745E-08-1.41723E-07-2.39206E-08-2.38138E-08 1.14296E-07
 -1        65 7.72359E-08-1.36581E-07 5.93369E-08-4.60686E-08-1.62162E-08 8.28719E-08
 -1        66 4.16918E-08-5.30273E-08 1.08899E-07 1.55490E-08 4.57923E-08 1.20812E-07
 -1        67-6.60724E-08 7.63412E-08 4.63381E-08-6.27171E-08 2.66829E-08 2.53202E-08
 -1        68-3.27638E-08 1.87722E-08-6.86194E-08-4.10152E-08 4.44883E-08 6.35966E-08
 -1        69-4.07596E-08-2.18025E-08-1.89646E-09-4.22161E-08-7.47050E-08-2.41608E-08
 -1        70 5.26594E-08-4.07656E-08 6.48812E-08 3.02918E-08-4.35627E-08 9.22452E-09
 -1        71-1.53520E-07 2.86127E-08 9.33177E-08-5.29287E-08 1.96733E-08 4.56415E-08
 -1        72 2.05868E-07-9.38630E-08-3.50754E-08 6.20805E-09 3.86952E-08 1.70082E-07
 -1        73-1.68998E-07-7.95357E-08-8.22639E-09-2.55404E-07-3.30196E-08-9.53721E-08
 -1        74 8.06742E-08-7.19759E-08 6.88388E-08 1.66029E-09 8.07064E-08 1.18285E-07
 -1        75-9.11294E-08 2.28063E-08-3.10799E-08-3.49257E-08 9.41006E-08 1.40592E-07
 -1        76-4.36908E-08-2.59795E-08-1.63626E-07-7.78838E-08-1.16120E-08 1.53213E-07
 -1        77 1.84942E-07-1.48043E-08 1.28339E-07 1.21791E-07 7.37188E-08 1.53902E-07
 -1        78-7.19563E-08-2.95758E-08 1.00064E-07-9.00188E-08 5.17489E-08 4.76973E-08
 -1        79-1.74794E-07 1.71453E-08-1.31420E-08-1.91411E-07 2.69885E-08-3.71259E-08
 -1        80-1.56861E-07 2.06086E-08-1.23205E-10-8.21955E-08-2.85311E-08 1.41545E-08
 -1        81-3.57060E-08 2.02900E-08 1.90975E-08 3.33526E-08-7.48861E-08 5.67618E-08
 -1        82-6.82569E-08-1.50334E-08 1.36151E-07-4.78230E-09 1.02059E-07 1.24575E-07
 -1        83 5.25807E-08-1.44129E-08-6.29584E-09 6.00098E-08 4.97637E-08 7.18659E-08
 -1        84 3.02912E-07-2.59253E-07-6.52046E-08-4.20607E-08 6.94985E-08 7.77290E-08
 -1        85-7.23725E-08-3.67104E-08-1.93991E-08-8.95550E-09 1.71733E-08 7.58131E-08
 -1        86-9.84472E-08 7.12462E-08-7.95306E-08-2.68351E-08-9.80506E-08 1.09735E-07
 -1        87 3.42731E-08 5.96060E-08-1.84027E-07-1.97366E-08-1.58240E-08 6.78460E-08
 -1        88-4.41780E-09-1.33561E-08-3.54025E-08-5.75785E-08-1.97458E-08 5.23858E-08
 -1        89 2.16174E-07-2.81663E-08-3.01576E-08 3.27495E-08 8.01309E-08 9.16848E-08
 -1        90-3.33671E-08 1.45609E-08-4.58972E-09 5.05325E-08 5.77555E-08 9.73303E-08
 -1        91-1.03921E-07 4.48113E-08-4.43258E-08-1.52243E-09-2.16312E-08 1.27539E-07
 -1        92-1.98401E-08 1.07104E-07-8.19094E-08 7.61273E-08 7.65340E-09 9.36525E-08
 -1        93 6.67702E-08-5.96067E-08-2.89916E-08-1.34845E-08 1.43384E-08-4.01624E-08
 -1        94 1.80353E-07-2.24937E-08-3.45443E-08 1.30520E-07-2.46907E-08 2.43071E-08
 -1        95-3.85748E-08-1.09946E-08-1.95778E-08 1.47912E-08 7.41785E-08 1.86585E-09
 -1        96-3.72652E-08 2.65712E-08 2.91979E-08 1.14489E-08-3.22627E-08-7.92709E-08
 -1        97-1.85046E-07 2.46055E-07-1.47477E-07 1.10088E-07-8.41537E-08 1.37902E-07
 -1        98-4.09344E-08 5.58932E-08-1.65062E-07-2.99505E-08-7.53125E-08 2.99770E-08
 -1        99 7.17178E-08 9.63663E-09-1.88719E-07-3.99558E-08-8.06973E-08-3.58549E-08
 -1       100 1.55713E-07-7.92226E-08-4.72379E-08-3.82140E-08 2.52744E-08 1.36692E-07
 -1       101 1.34955E-07 5.66288E-08 5.71002E-08 1.18427E-07 1.09671E-07 4.64977E-08
 -1       102-1.31639E-07 8.18295E-08 8.74935E-09 4.74354E-08-4.21738E-08 8.60659E-08
 -1       103-5.16165E-08 1.46295E-07-1.04874E-07 4.82697E-08-7.82170E-08 6.53376E-08
 -1       104 1.34700E-07-8.37219E-08-4.05225E-08 2.40633E-08-7.96393E-08-1.76537E-07
 -1       105-4.00501E-08 4.93346E-09-1.99623E-08 4.11640E-08 2.51391E-08 2.82531E-08
 -1       106 1.42176E-07 2.45825E-08-4.27550E-08 1.38642E-07 2.67686E-08 7.84110E-08
 -1       107 5.76757E-08-9.00228E-09 5.12349E-08 8.95672E-08 6.74356E-08 1.60165E-08
 -1       108-4.87480E-07 2.84630E-07 4.28637E-08-1.74971E-07-8.74012E-08 1.88269E-08
 -1       109 1.04897E-07-6.68743E-08-6.65200E-08 2.58018E-08 2.27223E-08 4.52616E-09
 -1       110 8.02585E-08 2.62486E-07 4.56246E-08 1.18440E-07-1.37222E-07-8.72256E-08
 -1       111 6.85675E-09-1.39305E-08-3.85116E-08-1.46571E-08 3.16629E-08 7.90643E-08
 -1       112-2.94462E-08-4.86436E-09-9.46981E-08-6.24340E-08-2.73636E-08-3.97291E-08
 -1       113 7.40779E-09 7.34330E-09-2.41695E-08 9.62033E-11-3.66262E-09-1.02322E-09
 -1       114 9.74555E-11-1.00588E-10-1.09111E-10-9.76630E-11 9.28713E-10-2.64427E-09
 -1       115 7.36061E-09 7.24722E-09-2.41758E-08-1.09651E-11 2.73350E-09-9.05692E-11
 -1       116 1.42717E-08 1.42218E-08-4.77064E-08-8.84735E-11 1.48041E-09 2.36382E-09
 -1       117 7.30697E-09 7.25772E-09-2.41995E-08 4.04719E-11 2.22140E-11-2.67657E-10
 -1       118-1.15386E-11-2.21466E-11 2.76653E-11 5.64697E-13 7.02847E-11-1.47735E-11
 -1       119 7.28222E-09 7.23826E-09-2.41582E-08-2.49497E-11 4.09785E-11-6.88409E-11
 -1       120 1.45706E-08 1.46241E-08-4.84877E-08 9.97644E-12 1.02275E-10-1.14727E-09
 -1       121 1.42948E-08 1.44691E-08-4.80757E-08 5.27343E-11-2.01500E-09 1.32287E-09
 -1       122-6.03927E-11 6.42356E-11-9.25994E-11-1.21103E-11 5.52775E-11 7.96402E-10
 -1       123 1.44595E-08 1.45948E-08-4.85106E-08-7.46541E-11 1.94405E-09 4.35082E-10
 -1       124-7.32901E-11 3.50893E-11-5.21905E-14 1.81036E-11 1.18911E-11 2.08115E-10
 -1       125-5.66400E-09 3.26024E-09-1.73203E-09-1.80125E-09 6.81027E-10 7.45455E-09
 -1       126 1.55135E-09 4.09999E-09-1.19131E-08-3.47928E-10 1.06973E-09 8.54704E-09
 -1       127 9.33821E-09 9.18707E-09-2.95571E-08-3.75356E-10 5.18066E-09 3.45239E-09
 -1       128 5.04479E-08 3.87661E-08-1.53035E-07 2.05621E-09 5.33445E-09-2.80407E-09
 -1       129 4.73970E-08 2.20299E-08-3.63709E-08 4.42900E-08 4.72730E-08 7.52054E-08
 -1       130 2.84126E-08-9.82138E-09-6.24539E-09 1.47425E-08 9.08672E-10 2.84475E-08
 -1       131 6.97171E-09 8.66300E-09-9.19940E-09 2.70174E-08 1.46906E-09 1.88343E-08
 -1       132 1.61902E-09-8.71261E-11-1.92850E-09-3.01451E-09 7.47089E-09 3.03789E-08
 -1       133-2.76694E-09-6.91376E-09 1.49465E-08 2.16610E-09 1.84334E-09 8.60134E-09
 -1       134 2.11525E-11-1.14907E-09 2.34083E-09-8.41920E-10-1.46467E-09 2.75431E-09
 -1       135-3.38076E-09 6.36799E-10 1.72888E-09-1.94999E-09-9.05084E-10-5.04387E-10
 -1       136-6.64818E-09 2.32721E-09 7.14805E-10-1.58407E-09 5.00799E-10 4.40217E-09
 -1       137-1.87669E-09 3.51382E-09-6.30991E-09-9.06135E-10 1.90248E-10 7.82577E-09
 -1       138 4.23601E-09 6.59802E-09-1.86230E-08-9.43907E-10 3.46573E-09 5.69110E-09
 -1       139 1.53200E-08 2.10396E-08-6.37733E-08 1.67585E-10 1.03726E-09 4.04473E-09
 -1       140 6.16299E-08 4.90211E-08-2.22629E-07 2.97086E-08 1.14249E-07 1.01584E-07
 -1       141 4.65220E-08-1.01043E-08-1.26692E-08 2.72099E-08 5.39187E-09 4.61083E-08
 -1       142 1.51874E-08-2.12778E-09-9.31857E-09 2.01305E-08 7.67201E-10 2.33034E-08
 -1       143-7.23895E-09 1.07498E-08-3.05741E-09 9.37513E-09 7.18600E-09 2.44233E-08
 -1       144-2.11411E-09-8.60155E-09 1.74067E-08-1.31332E-09 7.37729E-09 1.42171E-08
 -1       145-1.39740E-09-1.36598E-09 4.36732E-09 1.12824E-09-2.14922E-09 5.16940E-09
 -1       146-1.70572E-09-5.21208E-11 8.83695E-10-1.27554E-09-8.54208E-10 1.47065E-10
 -1       147-4.68551E-09 1.39660E-09 1.64809E-09-1.47871E-09-6.27952E-10 6.09731E-10
 -1       148-6.26760E-09 1.97673E-09 1.95089E-09-2.63135E-09-1.85452E-10-1.12957E-09
 -1       149-2.60495E-09 1.04848E-09 8.40595E-10-1.56928E-09 1.15402E-09 1.92800E-10
 -1       150 5.48475E-10 1.88580E-10-1.26111E-11-6.44663E-10 1.56543E-09-1.81111E-09
 -1       151-3.20587E-09-7.13366E-09 1.32557E-08 1.60290E-09-7.76712E-09-5.26847E-09
 -1       152-6.84853E-09-2.22483E-09 8.54794E-09-2.91157E-09-9.92413E-09-4.31876E-08
 -1       153 9.02971E-09-1.26641E-09-9.96596E-10 1.81792E-08-3.57549E-09-2.53381E-08
 -1       154 3.00454E-08-1.23096E-08-6.82819E-09 2.14307E-08-9.71626E-10-2.45942E-08
 -1       155 3.49406E-08 8.91123E-09-2.19019E-08 2.88635E-08-3.77791E-08-7.36081E-08
 -1       156 4.25751E-08 4.32699E-08-1.51037E-07 7.44938E-09-1.37753E-08-8.11854E-09
 -1       157 8.68794E-09 9.44182E-09-2.97302E-08 1.66721E-09-1.35289E-09-5.24051E-09
 -1       158 1.45153E-09 5.08437E-09-1.17525E-08-7.26594E-10-9.13037E-10-8.65230E-09
 -1       159-4.56182E-09 3.09670E-09-2.43051E-09-1.54250E-09-8.82750E-10-7.20366E-09
 -1       160-4.86069E-09 1.47658E-09 1.36419E-09-1.58779E-09 3.90747E-10-7.61545E-10
 -1       161-1.00439E-09 2.56479E-10 6.11863E-10-1.09313E-09 1.00686E-09-7.44516E-10
 -1       162-5.12752E-11-1.17499E-09 2.01695E-09-1.26511E-10-4.90176E-10-2.86357E-09
 -1       163-7.43528E-09-8.26351E-09 2.33852E-08 5.64008E-09-1.13702E-08-1.05258E-08
 -1       164-9.84386E-09 1.38225E-09 9.99424E-09 6.91726E-09-8.02762E-09-3.68478E-08
 -1       165 2.20195E-08-7.76259E-09-5.91090E-09 2.10469E-08-2.75223E-09-2.28708E-08
 -1       166 3.74432E-08-5.13049E-09-1.39215E-08 2.66905E-08-3.39934E-09-4.32824E-08
 -1       167 3.74339E-08 3.52479E-08-1.44940E-07 7.26055E-09-1.01624E-07-8.20576E-08
 -1       168 1.84207E-08 1.98872E-08-7.02787E-08 2.71627E-09 3.29317E-09-1.28480E-09
 -1       169 6.94808E-09 7.32199E-09-1.91618E-08 1.23672E-09-1.45635E-09-6.70552E-09
 -1       170-2.44833E-09 3.64696E-09-6.19160E-09-8.84363E-10-1.12423E-09-7.80758E-09
 -1       171-5.27540E-09 2.52309E-09 5.26761E-11-1.15015E-09-3.07034E-10-4.82688E-09
 -1       172 2.24065E-08-2.90402E-08-6.78598E-09 9.35775E-09-1.56688E-08-2.58615E-08
 -1       173 9.43757E-08 2.66560E-08-5.37105E-08 5.42849E-08-1.96609E-08-8.60891E-08
 -1       174-8.10043E-08 1.70127E-08 9.43150E-09-5.89053E-09-4.59532E-08-2.74261E-08
 -1       175 2.29704E-08 4.82507E-08-2.70404E-08-3.06703E-08-2.98083E-08-2.08995E-08
 -1       176 5.31055E-08 1.60030E-09 7.08681E-08 9.13799E-08-2.50324E-08-3.60900E-09
 -1       177 7.94633E-08-1.02973E-08-2.19503E-08 7.71667E-08-2.07637E-08-5.01597E-08
 -1       178-2.30070E-08 1.29944E-08-1.72020E-08-1.66498E-08-9.30218E-09-9.87683E-09
 -1       179-7.40936E-08-1.56390E-08 6.89408E-09-5.50890E-09-7.02266E-08-3.18252E-08
 -1       180 2.42092E-08-2.25987E-08-1.24413E-08 1.36980E-08 2.54279E-09 1.60986E-08
 -1       181 1.75927E-08-1.73002E-08 2.86972E-08 2.28198E-08 5.60726E-09 8.63392E-10
 -1       182 1.99119E-08 3.08244E-08-5.40957E-08 5.99537E-08-3.23369E-09-3.77217E-09
 -1       183-8.67400E-08 2.03000E-08 7.76958E-09 3.58398E-08-1.97796E-08-4.77045E-08
 -1       184-8.58595E-08-1.29209E-08 8.25323E-08-8.11661E-09-2.29669E-10-7.19808E-08
 -1       185 5.60410E-08-8.95727E-09-1.77295E-08-3.02917E-08 4.64372E-09-1.22934E-08
 -1       186-3.99470E-08 1.80031E-08 1.56484E-08-3.02955E-08 3.31055E-08-1.19712E-08
 -1       187 1.50213E-08-4.83455E-08 3.14697E-08-1.84838E-08 2.10342E-08 2.28051E-08
 -1       188-3.46639E-08-2.48091E-08 3.11632E-08-1.91650E-08 7.04414E-09-7.55392E-09
 -1       189 2.75123E-08-2.59127E-08 2.37234E-09-1.82489E-08 1.21585E-09-4.36798E-08
 -1       190 2.07900E-08-2.51897E-08 1.13325E-08-1.17239E-08 9.31313E-10 1.15925E-09
 -1       191-7.10976E-09 1.36424E-08-3.82612E-08 5.02656E-08 4.83117E-08-1.46664E-08
 -1       192 1.15503E-09-3.93333E-08-2.62679E-08-1.25025E-08-1.54031E-08-8.54356E-08
 -1       193-3.87749E-09 2.38716E-08 1.99365E-08 2.09058E-08 3.98630E-08 4.25814E-08
 -1       194 8.76898E-10-9.98160E-09-6.31456E-09-1.62932E-08-1.84694E-08-1.14362E-08
 -1       195 9.26752E-09 3.77996E-08 3.41893E-08 8.45833E-08 4.62484E-08 1.26310E-08
 -1       196-1.74217E-08 1.99377E-09-2.60266E-08-2.94260E-09 1.42344E-09-1.43270E-08
 -1       197-6.26666E-10-5.91711E-08 6.98521E-08 4.60897E-08-2.70956E-08 2.43332E-08
 -1       198 6.69648E-08 9.67068E-09 2.16264E-08 3.15093E-08-3.14794E-08 1.84037E-09
 -1       199-6.96212E-08 1.17593E-09 1.66236E-08-3.63852E-08-3.94570E-09 4.66641E-08
 -1       200-6.08188E-08 1.32672E-08 2.47958E-08-3.48586E-08-1.57208E-08 4.42337E-08
 -1       201-6.21990E-09 9.14242E-10-1.11261E-08 4.36955E-09 7.16632E-09 1.84379E-10
 -1       202 1.00562E-07-2.59781E-08-6.01660E-08-5.49636E-09-3.89494E-08 7.20209E-08
 -1       203 4.02875E-09 4.49434E-08-4.27170E-08 8.61474E-09-2.68362E-08-2.74573E-08
 -1       204 8.75471E-08-1.83764E-08-4.07383E-08 4.66749E-09-2.40021E-08 7.93538E-08
 -1       205-1.05688E-07 6.61646E-09 5.58100E-08-2.29120E-08-3.31562E-08-7.75657E-08
 -1       206-8.55665E-08 7.65861E-08 5.02205E-08 2.35055E-08-3.83397E-09 1.88173E-08
 -1       207-4.47209E-08 1.07345E-09 4.47628E-08 3.98599E-08 5.56520E-08 3.62972E-08
 -1       208-7.41165E-09-1.23995E-08 3.36841E-08 1.01159E-08-3.92006E-08-3.90504E-08
 -1       209-3.28793E-08-7.25017E-09 2.15768E-10 7.89859E-08 3.58887E-08-2.63147E-08
 -1       210 3.97778E-08-4.59689E-09-9.00583E-09 1.90158E-08-1.02606E-08-1.37432E-08
 -1       211 1.02490E-08-7.32619E-09 6.08568E-08 5.58323E-08 6.45443E-09 2.17273E-08
 -1       212 1.92471E-07-5.62944E-08-1.83070E-08 9.73093E-09-7.29620E-08-1.02104E-07
 -1       213-1.15711E-07 8.95483E-08 3.09748E-09 4.50885E-08 5.17715E-08 1.41913E-08
 -1       214 7.63361E-08-9.02886E-08 4.29208E-08-9.29984E-08-5.82060E-09 1.52418E-07
 -1       215 1.51819E-07-5.41226E-08-1.21218E-08-3.26623E-08-4.71154E-09 5.21543E-08
 -1       216-1.03792E-07 2.22945E-08 7.55751E-08 1.77482E-08 1.88217E-08-4.18296E-08
 -1       217-2.83865E-08-7.66808E-08 1.91696E-08-1.91387E-08-1.24806E-08 1.66359E-08
 -1       218-1.02824E-07-3.01742E-08 2.50111E-08-2.49663E-08 3.64632E-08-1.71105E-08
 -1       219-7.97215E-08-3.67260E-08 6.22102E-08 4.86822E-10-3.46638E-08-6.70444E-08
 -1       220-2.14947E-08 4.85222E-08 2.86314E-08 5.45074E-08 2.81493E-08-2.60467E-08
 -1       221-1.05598E-07 1.01543E-07 7.01398E-08 3.19973E-08 1.84912E-08 2.11128E-08
 -1       222 6.75283E-08 4.46023E-08-1.47237E-07 2.19780E-08-2.60232E-08-3.84454E-08
 -1       223-3.07392E-08 1.83421E-08-8.50633E-09-3.27859E-09-2.15107E-08 3.18938E-09
 -1       224-1.25725E-07 4.28234E-08 4.65251E-08-1.71750E-08 3.28132E-09 5.56916E-09
 -1       225-3.55224E-08 2.32128E-08-1.29730E-08 2.76381E-08 6.08976E-10-1.57588E-08
 -1       226 6.92274E-08 8.85840E-09-6.14221E-08 3.52579E-08 6.38430E-08-2.17317E-09
 -1       227 9.39102E-08 1.18694E-09-1.58279E-07 1.06787E-09-4.44659E-08-6.99651E-08
 -1       228 1.03109E-08 3.81263E-08 1.99747E-08 2.78249E-08-2.20453E-08 2.81460E-08
 -1       229-2.83630E-08-2.38137E-09-3.26538E-08 2.79240E-08-6.57906E-09 6.25447E-08
 -1       230 4.57957E-08 2.99752E-08 3.23686E-09 4.36890E-08-1.17223E-08 8.15269E-08
 -1       231 6.44431E-08-2.12249E-08-1.17636E-08 5.11523E-09 5.77956E-09 1.01758E-08
 -1       232-6.01272E-08-3.37178E-08 4.67585E-08-4.34892E-08-1.44627E-08 2.11330E-09
 -1       233 1.14618E-07-3.20357E-08-2.60409E-08 1.02973E-08-4.12693E-08 5.70858E-08
 -1       234-1.50877E-08 9.05440E-09 4.36000E-09 2.47355E-08-9.86109E-09-2.42446E-08
 -1       235 6.11812E-08-1.38106E-08-2.17815E-08-7.75979E-09 1.56792E-08-2.46472E-08
 -1       236 8.20245E-08-1.68331E-08-6.19395E-08-1.47442E-08-1.02185E-08 3.72805E-08
 -1       237-3.89370E-08-1.33442E-08 1.75387E-08-1.04752E-08 1.10488E-08 2.36066E-09
 -1       238 1.17731E-08 9.96902E-11 1.41863E-08 1.13479E-08-2.40742E-09-2.71307E-09
 -1       239-2.63475E-08 8.97298E-09 5.78632E-09 9.68946E-10 1.23762E-08 8.05767E-08
 -1       240-1.19575E-08-7.23460E-08 5.20685E-08-5.29737E-08 1.42736E-08 6.00484E-08
 -1       241 6.39165E-08 6.04831E-09-3.99130E-08 4.05782E-08 3.49726E-08 2.52554E-08
 -1       242-6.58748E-08 5.69482E-08-2.55711E-08 1.00564E-08 7.32867E-09 5.26708E-08
 -1       243-2.96375E-08 4.97625E-09 5.79080E-08-2.20872E-08-1.29349E-08 1.89938E-08
 -1       244 3.39079E-08-1.75121E-08 2.56131E-08 1.42218E-08-8.63392E-10-2.47680E-08
 -1       245 4.99006E-08-2.49867E-08 3.20100E-08 2.34392E-09-4.11295E-08 1.89096E-08
 -1       246 2.31957E-08-7.06911E-08 5.94004E-08 1.15396E-08-3.29536E-08 5.28671E-08
 -1       247-5.48452E-08 1.93432E-08 7.69204E-08 3.07141E-08 6.54257E-10-6.81405E-08
 -1       248-7.03688E-08-6.78438E-08 1.20973E-08-1.04703E-07-1.72374E-08-6.64412E-08
 -1       249-1.13761E-07 1.08739E-07 1.66412E-08 4.31137E-08 3.21105E-08 8.98111E-08
 -1       250-1.75290E-07 1.22298E-07-3.18957E-08-4.80117E-08 1.18725E-08 8.93456E-08
 -1       251 1.11425E-07 3.06923E-08-1.08579E-07 1.87947E-08 1.21986E-08-4.92688E-08
 -1       252 5.34275E-08-2.32843E-08 7.18114E-09-5.70598E-09-1.42629E-08 1.61568E-08
 -1       253 7.86081E-08-5.40003E-08-6.63166E-08-7.33970E-09 1.05564E-08 3.09327E-09
 -1       254-9.57319E-08 2.07202E-08 7.47929E-08 2.10625E-08 1.70813E-08 9.47414E-09
 -1       255 4.81689E-08-4.43130E-08 3.71167E-08-2.11236E-08-8.63566E-09 6.34487E-08
 -1       256 4.39520E-08-6.31659E-09 2.30143E-09-1.54806E-08-9.86282E-09 2.01042E-08
 -1       257 5.67709E-08-6.34765E-09-6.80367E-09-7.00147E-08-3.60552E-09 7.55817E-08
 -1       258 1.56183E-07-7.04300E-08-5.81793E-08-2.49427E-08 3.02383E-08 9.99555E-08
 -1       259-2.34477E-08 2.31215E-08-3.53964E-08-2.90624E-08 4.96274E-08 5.30912E-08
 -1       260 5.39584E-08 4.42182E-08-2.73767E-08 6.50068E-08-3.26476E-08 7.17503E-09
 -1       261-9.75242E-08-3.41705E-08 5.01917E-08-4.89798E-08-6.54357E-08-2.42296E-08
 -1       262-8.13751E-08 5.76999E-08 4.46074E-08 1.08848E-08-2.73313E-08 2.31102E-08
 -1       263 4.85342E-08-2.65610E-08 1.65055E-08 8.09950E-09-2.96508E-08-1.00921E-08
 -1       264-1.52673E-07 9.69963E-09 9.36802E-08-8.50215E-08-5.62853E-09 2.50992E-08
 -1       265 1.62345E-07-3.48252E-08 4.20489E-09 4.10310E-08-4.74189E-08-1.71709E-08
 -1       266 1.79838E-07-2.87057E-08-2.58448E-08 4.66191E-08-4.00848E-08 4.08410E-08
 -1       267-5.03853E-08 8.27857E-08-2.98153E-08 3.21888E-08 7.46009E-08 2.06711E-08
 -1       268-4.91594E-08-4.23236E-08 8.73102E-08-3.82963E-08-3.38680E-08 1.45385E-08
 -1       269-2.58378E-08-7.16399E-09-1.52493E-08 7.77313E-09-2.31202E-08 4.82134E-08
 -1       270 4.56264E-09-2.89026E-08-5.44897E-09-3.00536E-08 2.28099E-08-2.90587E-08
 -1       271-8.02906E-08 6.76325E-08-1.87715E-09-4.74570E-08-1.73956E-08 2.60674E-08
 -1       272 9.72220E-08-4.69856E-08-6.87467E-08-1.06631E-09-9.33430E-09-9.46461E-09
 -1       273-5.82135E-08 4.06684E-08-2.20373E-08 2.12885E-08-5.46783E-09 1.58554E-08
 -1       274-7.47292E-08 2.77385E-08 2.22865E-08-7.20374E-08-4.98643E-08 6.20784E-08
 -1       275 3.73800E-08 3.67254E-09-6.60656E-08-3.07463E-08-1.16724E-08 4.64655E-08
 -1       276-7.14140E-08 3.79240E-08-3.30991E-09 1.52241E-08 1.28771E-08 9.17339E-08
 -1       277 1.76446E-08 8.40016E-08-1.02459E-07 2.94243E-08 2.04447E-08 1.05469E-07
 -1       278-2.86843E-08 5.22780E-08-1.71585E-07-2.06257E-08 4.14637E-10-5.33638E-10
 -1       279-3.76978E-08 4.69340E-08 2.88730E-08-3.96444E-08 5.02227E-08 1.67913E-08
 -1       280-8.80830E-08 5.67714E-09 4.82149E-09-3.70673E-10 3.27393E-08 2.69074E-09
 -1       281 3.52918E-09 7.72031E-09-3.21690E-08-2.16783E-08 1.62352E-08 3.04376E-08
 -1       282 3.18442E-08-5.47425E-08-3.75423E-09-4.24134E-09 1.99422E-08 3.86963E-08
 -1       283 2.20285E-08 4.68458E-08-1.15522E-08 9.95463E-08 1.39631E-08 6.20808E-08
 -1       284 3.23103E-08-5.63537E-09-1.99548E-08 1.43870E-08 1.54668E-08 3.36227E-09
 -1       285-1.18229E-07 1.80587E-08-3.09046E-08-4.93576E-08 3.84164E-08 1.60394E-08
 -1       286-6.25922E-08 5.36812E-08 1.31246E-08 7.15031E-08-6.86439E-08-2.29463E-08
 -1       287-1.27371E-07 2.36833E-08-1.89914E-08-1.54977E-09 1.89743E-08 3.21558E-08
 -1       288 8.99019E-08 9.60507E-08-1.30691E-07 1.14934E-07-1.47505E-08 3.22823E-08
 -1       289-3.19401E-08 2.74791E-08-4.36296E-08 8.91153E-09-1.40877E-08 1.29736E-08
 -1       290 2.34558E-08 8.81337E-08-1.39763E-07 7.52083E-08 2.27104E-08 8.54753E-08
 -1       291 2.67973E-08 7.65717E-08-6.89875E-08 2.67966E-08-1.43200E-08 4.79839E-08
 -1       292-2.87832E-08 3.79449E-08-5.77079E-08-2.82642E-08-3.43711E-08 2.07396E-08
 -1       293-8.17477E-08 8.41551E-09-1.16627E-07-8.96677E-08 1.61750E-08 6.70156E-08
 -1       294 5.22754E-08-4.31226E-08-8.76412E-08-3.50954E-08 4.30948E-09 3.18057E-08
 -1       295 3.22274E-08-1.96467E-08 2.59154E-08 1.12378E-09-3.52236E-09 2.22083E-08
 -1       296 3.99519E-08 1.65247E-08-1.05370E-07-5.42131E-09 1.49129E-08 1.30764E-08
 -1       297 2.43978E-08 1.29335E-09-6.02187E-09 5.23369E-08-1.89771E-08 4.72670E-08
 -1       298-1.47876E-08 2.85242E-08 9.87390E-08 7.00024E-08-6.31462E-08-4.95239E-08
 -1       299 5.55266E-08 1.51746E-08 1.18588E-08-2.88756E-09-1.44839E-08 1.96362E-08
 -1       300 2.99497E-08 1.58926E-08 3.55827E-08 3.25374E-08-2.26414E-08-1.06936E-08
 -1       301-3.30035E-08 1.79730E-08 3.24944E-08-4.71056E-08-2.12452E-09-6.09034E-09
 -1       302 8.00962E-09 7.16738E-09 7.51054E-08-1.52505E-08-1.71485E-08 8.80003E-08
 -1       303-1.71202E-08 3.60537E-08-4.46081E-09-1.82669E-08 1.95154E-08 3.09007E-08
 -1       304-4.01011E-08 5.29858E-08-9.72202E-09 4.33639E-08 2.06132E-08 4.88548E-08
 -1       305-1.47367E-07 1.21976E-08 2.15187E-08-4.76261E-08-4.83882E-08 6.84527E-08
 -1       306-2.52197E-08 1.63932E-08 2.26615E-08 6.81505E-09-5.95655E-09-1.29074E-08
 -1       307-6.07696E-08 4.74629E-08 2.34243E-08 3.06619E-08-8.13675E-09-3.44332E-08
 -1       308-1.10982E-07 5.86295E-08-1.94866E-08 8.75811E-09-1.35743E-08 3.67895E-08
 -1       309 8.54418E-09 4.39336E-08-4.49583E-08 4.55603E-08-2.55219E-08-1.00337E-07
 -1       310-4.12229E-08 3.43581E-08 2.18157E-08-8.98316E-09-5.92085E-09-1.47666E-08
 -1       311-7.06114E-08 3.82161E-08 2.56961E-08-1.22892E-08 4.40409E-08 8.91814E-08
 -1       312 2.03979E-08 8.75146E-10-2.37184E-08-2.06488E-08 2.55733E-08 3.47861E-08
 -1       313 2.48934E-08 2.14953E-08-5.68015E-08 1.85542E-08 1.13270E-08-3.57850E-08
 -1       314 6.28402E-08-5.02006E-08-1.90854E-08-1.04399E-08-3.51600E-08-9.30102E-09
 -1       315 2.48887E-08 2.80187E-08-5.05477E-08 9.32506E-09 1.57886E-08-6.43202E-08
 -1       316 1.60172E-08 2.91367E-09-3.40359E-08-2.20377E-08-3.49806E-08-5.39206E-08
 -1       317 5.36420E-08-2.08415E-08-5.49938E-08-1.29257E-08-1.90702E-08-5.77270E-08
 -1       318 4.59317E-08-3.45735E-08-2.04200E-08 3.48832E-09-5.88221E-09-1.33813E-08
 -1       319-1.04119E-07 3.60478E-08-1.22758E-08-6.20441E-08 2.61292E-09 1.30285E-07
 -1       320 2.62908E-08 7.34897E-08-1.38754E-07 3.70176E-08-2.19330E-08 1.28504E-07
 -1       321 5.98818E-08 3.92127E-08-1.06178E-07 3.88221E-08-2.79874E-08 3.06559E-08
 -1       322-4.97484E-08 6.65918E-08-1.65172E-07-1.60751E-08-3.77782E-08 6.49429E-08
 -1       323 2.59768E-09 5.71911E-08-9.11558E-08-1.42268E-08-1.28862E-08 5.72566E-08
 -1       324-4.02599E-08 2.51862E-08-9.97593E-08-8.01953E-08 1.22890E-09 1.00947E-07
 -1       325 4.26324E-08-3.43481E-08 2.19033E-09-1.26434E-08-1.89164E-08 8.52250E-09
 -1       326 1.81113E-09-3.90035E-08 3.99037E-08-7.51252E-08-3.26201E-08 2.10438E-08
 -1       327-1.62799E-07 4.42005E-08 1.52237E-08-6.52288E-08-3.35378E-08 5.70054E-08
 -1       328-9.67397E-08 3.95698E-08 6.34137E-08-1.38664E-07 1.26970E-08 7.86085E-08
 -1       329-7.25492E-08 4.26160E-08 4.71636E-09 5.49739E-08 2.84744E-08 1.44348E-07
 -1       330-1.43225E-07 5.00802E-09-4.24529E-10-2.83422E-09 6.47860E-09 1.05069E-07
 -1       331 4.97789E-08 4.19015E-08-4.77424E-08 1.00944E-07 3.36272E-08 7.54256E-08
 -1       332-6.06670E-08 3.01290E-08-5.81887E-08 2.25936E-08-4.22032E-08 3.44611E-08
 -1       333-8.26623E-08 2.40366E-08-6.77757E-09-8.31208E-08-3.41526E-08-7.82668E-08
 -1       334-7.22911E-08 1.07013E-07-1.21220E-08-2.51246E-08-2.40132E-08 2.45765E-08
 -1       335 1.90367E-07-6.26551E-08-9.61046E-08 5.00660E-08-4.42734E-08-5.41201E-08
 -1       336 1.49706E-07-6.71871E-08-6.54097E-08 2.39797E-08-8.13372E-09-2.59417E-08
 -1       337-3.51383E-08-4.27103E-08-2.47428E-09-4.78649E-08 3.84002E-08-3.01391E-08
 -1       338 3.35325E-08-1.13435E-08-3.02751E-08 2.17540E-08 2.51000E-08 4.66252E-08
 -1       339 2.79394E-08 1.69741E-08 4.34574E-08 7.92692E-08 4.63242E-08 1.74998E-08
 -1       340-4.80848E-08-2.30668E-08 8.18345E-08 1.79037E-08 8.62960E-08 4.31466E-08
 -1       341-3.98762E-09-6.26401E-08-7.37614E-08-2.06220E-08-3.98853E-08 7.13099E-08
 -1       342-9.40156E-09 5.93749E-08-1.60474E-07-3.39268E-09-6.20788E-09 3.26113E-08
 -1       343-3.94054E-08-5.97738E-09-2.91189E-08 1.69168E-09 3.58407E-08 9.48793E-08
 -1       344-4.48512E-08 4.95413E-08-9.54070E-08 4.76762E-08-3.24854E-08 1.33493E-07
 -1       345 4.74389E-07 3.48871E-08-1.05056E-07 1.18872E-07-5.14329E-08 8.25504E-08
 -1       346 5.46210E-08-3.42184E-09 6.33570E-09 5.48630E-08-4.60081E-09 1.21285E-08
 -1       347 2.51697E-08-5.32983E-08-4.85347E-08-4.76317E-08-2.75208E-08 4.74033E-08
 -1       348-1.16537E-08 1.49938E-07 4.96764E-09 4.58559E-08-2.16806E-09-2.21758E-08
 -1       349-1.51281E-07 6.12657E-08 6.19704E-08-7.99970E-11-1.68471E-08 2.77044E-08
 -1       350-2.86002E-08 5.14666E-08 7.22709E-08 1.74063E-08 5.14413E-08 9.69585E-08
 -1       351-6.93424E-08 7.56570E-08 2.30203E-08 2.27242E-08 1.24369E-08 8.08708E-08
 -1       352 1.80525E-07-4.24870E-08-2.40077E-08-2.01192E-08-1.26590E-08 1.26128E-07
 -1       353 1.06639E-07-1.04881E-07 6.82907E-08-2.88610E-08-3.11970E-08 1.41623E-07
 -1       354-1.04919E-08-3.56035E-09 4.56006E-08 4.45803E-08 3.46321E-08 1.63185E-09
 -1       355-2.49832E-08-6.08353E-08-7.07689E-09-6.32617E-08-9.17025E-08-1.07369E-07
 -1       356 1.02951E-08 3.89946E-08-1.14440E-08-2.38931E-08 5.07916E-08-1.23290E-08
 -1       357 3.97134E-07-2.91879E-08-1.11621E-07 7.74423E-08 3.85263E-08 1.05337E-07
 -1       358 2.27733E-07-1.82306E-08-4.94419E-08 7.00210E-08 1.31725E-08 1.54652E-07
 -1       359 3.58169E-07-1.29096E-07-9.50710E-08-4.23485E-08 1.56801E-08 7.50061E-08
 -1       360 3.35203E-08-2.28695E-08 1.29164E-08 2.34488E-08-5.81287E-08-8.12869E-08
 -1       361-2.26023E-09 3.17522E-08 1.02318E-08 3.36467E-08-4.73824E-08-6.54257E-10
 -1       362-1.07573E-07-4.78052E-08 7.43029E-08-2.00742E-08 2.18812E-08 3.75842E-08
 -1       363-1.32557E-07 1.88892E-08 9.87595E-08-6.55747E-08-1.15152E-08-2.63082E-09
 -1       364 4.21738E-08 7.14610E-08-3.11124E-09 4.26559E-08 3.93396E-08-3.18649E-08
 -1       365-6.68564E-07 2.94668E-07 4.41807E-08-1.58552E-07-3.87332E-08-1.47263E-08
 -1       366-3.83970E-07 8.77818E-08 1.71183E-07-1.41671E-07 1.43916E-08 1.28912E-07
 -1       367-1.35941E-08-2.53640E-09-8.03255E-08-2.72327E-08 4.90859E-08 1.04702E-07
 -1       368 6.39451E-08-6.18000E-08-5.69544E-08-1.39342E-08 1.86216E-08 1.03548E-07
 -1       369 1.60713E-08 4.47748E-08-1.46972E-07-5.77638E-09 8.24061E-09 1.61333E-07
 -1       370 5.66900E-08-4.38577E-08-3.85517E-08-1.80824E-09-5.32904E-09-5.55660E-09
 -1       371-2.90411E-08-2.59797E-09 3.04204E-09-8.76380E-08 4.29396E-08 3.94156E-08
 -1       372-2.71359E-08 5.53079E-08-1.63569E-07-2.64443E-09-2.12763E-08 1.27020E-07
 -1       373 8.79825E-09 1.18554E-08-8.83462E-08-2.69314E-08-7.30019E-08 6.69211E-10
 -1       374-1.49536E-07 4.00020E-08-1.78291E-07-4.59560E-08-6.70964E-08 5.45874E-08
 -1       375 1.04720E-07 1.26286E-09-1.44431E-07 2.15162E-08-2.51388E-08 4.91780E-08
 -1       376-1.26302E-07-9.66185E-08 3.19265E-08-1.00156E-07-4.29889E-08-1.86721E-09
 -1       377 4.64805E-08 1.12416E-08-1.92219E-08 4.88387E-08 2.20808E-08 4.47320E-08
 -1       378 1.12772E-07-1.35832E-07 1.62813E-07-3.63313E-08-2.08747E-08 6.84490E-08
 -1       379 1.54438E-07-1.24737E-07 6.40612E-08-6.02336E-08-2.31680E-08 1.55789E-07
 -1       380-1.00895E-08-1.02753E-07 2.45083E-07-1.80577E-08 7.32867E-09 6.55812E-08
 -1       381 1.89317E-08-4.94553E-08 2.88372E-08-4.91935E-08-1.14141E-08 6.84793E-08
 -1       382 5.68196E-08-3.72459E-08-2.72924E-08-4.31849E-08 1.37593E-08 5.88793E-08
 -1       383 1.73375E-07-5.72116E-08-9.14653E-08-4.30618E-08-1.66647E-08 2.09779E-07
 -1       384-1.60412E-08 4.93433E-08-4.09508E-08 1.59235E-08-4.88333E-08-1.84944E-08
 -1       385-1.24504E-07 1.33860E-07 6.05348E-08-9.53696E-09 6.52667E-09 1.30019E-08
 -1       386 1.22489E-07 3.06693E-08 4.05420E-08 5.62850E-08 4.75677E-08 1.38233E-07
 -1       387-1.86665E-08 5.95398E-08-1.15764E-07 2.82950E-08-4.77803E-09 1.23033E-07
 -1       388-1.61805E-07 3.24188E-08-6.53082E-08-1.93131E-08-1.36900E-08 1.21683E-07
 -1       389 6.51553E-09 3.77677E-08-7.23924E-08 3.28243E-08-5.71278E-08 3.87606E-08
 -1       390 4.40161E-08-3.69104E-08-3.38552E-08 1.13720E-08-1.51263E-08 4.87971E-08
 -1       391-5.34853E-08-2.07457E-09 2.65681E-08 1.05722E-08-2.26867E-08 5.26860E-08
 -1       392-6.42187E-08 4.74716E-08-6.12108E-08 1.57261E-08 3.65312E-09 9.63573E-08
 -1       393 1.46455E-07-7.11268E-08 7.69416E-08 8.79649E-08 2.14234E-08 2.65764E-08
 -1       394-8.98494E-08 6.50758E-08 8.45335E-08 4.18384E-08 3.88680E-08 4.85820E-08
 -1       395-4.90335E-08-2.90194E-08 1.87465E-08 2.55737E-09 1.53924E-08 3.36673E-08
 -1       396-3.68600E-08-5.17009E-08 7.84719E-08-2.42037E-08 7.03051E-08 4.29319E-08
 -1       397 1.89330E-07-1.02869E-07-2.65004E-09 4.62069E-08 6.69426E-08 6.48601E-08
 -1       398-7.15384E-08 5.33544E-08 6.86558E-08 6.01225E-08 8.44818E-08 5.36861E-08
 -1       399-7.70628E-08-1.71642E-08 8.42510E-08 3.69906E-08 3.27932E-08 1.83515E-08
 -1       400 1.66306E-07 3.50612E-09-5.26739E-08 9.85969E-08 5.21575E-08 1.05878E-07
 -1       401 2.93414E-07 4.53376E-08-8.28719E-08 1.19694E-07-7.05869E-08-2.87423E-08
 -1       402-8.30074E-08 1.91493E-08-3.12249E-09 1.27297E-08-5.42615E-08 8.52992E-08
 -1       403 2.87919E-08-2.18482E-08-1.06846E-07 4.73033E-08 1.44386E-08 9.25298E-08
 -1       404 6.29387E-09-8.93727E-09-7.49609E-08 4.29696E-08 2.44113E-08 9.71133E-08
 -1       405-7.12512E-08 2.76981E-08-1.69812E-08-2.37076E-08-3.35700E-08 9.37473E-09
 -1       406 1.53249E-07 5.28397E-08-1.54349E-07 5.10401E-08 8.14647E-08 1.21850E-07
 -1       407 8.60434E-08 9.86762E-08-2.18632E-07 5.67921E-08 3.81706E-08 9.69935E-08
 -1       408 1.43068E-07 6.56437E-09 2.67364E-08 7.52868E-08-4.78894E-09 1.18815E-08
 -1       409-9.04253E-08 1.06341E-08-1.34322E-07-4.86197E-08 2.34120E-08 3.94372E-08
 -1       410 2.74502E-07 1.25939E-09-9.23611E-08 1.07066E-07-5.13143E-08 1.00076E-07
 -1       411-3.88205E-08-7.10004E-08 7.81781E-08-5.16519E-08 2.76439E-08 1.77595E-07
 -1       412 1.64325E-07 2.35931E-08 3.05632E-08 8.90613E-08 3.45829E-08 9.27157E-08
 -1       413 1.23178E-07-3.69619E-08 1.05913E-08-2.39459E-08 3.69825E-08 1.13126E-07
 -1       414-7.95101E-08 8.86822E-09 7.00288E-09-2.57236E-08 5.84987E-08 1.47247E-07
 -1       415-1.89731E-07 7.05081E-08-4.20745E-09-2.17642E-08 1.00729E-08 1.26059E-07
 -1       416-1.15507E-07 1.08562E-07-8.78226E-08 1.98900E-08-4.41252E-09 1.58043E-07
 -1       417-4.10587E-08 5.09620E-09-6.50915E-08 7.31972E-09-2.64423E-08 1.49776E-07
 -1       418 1.50637E-08 2.04236E-08-2.48861E-08 2.34857E-08 9.23028E-08 1.17863E-07
 -1       419-5.37181E-08-2.74171E-08-3.97197E-08-2.92980E-08 6.19611E-08 1.32246E-07
 -1       420-9.06900E-09 5.90276E-08 8.89709E-09 6.51368E-08 9.15982E-08 9.25778E-08
 -1       421-6.67391E-09-1.94062E-08-9.03493E-09-1.41326E-08 3.36743E-08-1.53739E-09
 -1       422 5.59278E-09-2.37040E-08 9.86902E-09 4.45089E-08-4.40905E-09-5.04277E-09
 -1       423 2.59604E-08 4.01235E-08 2.63512E-08 9.12357E-08-1.70048E-08 1.91738E-08
 -1       424 1.72963E-08-2.57737E-08-2.76534E-09 4.26420E-08 3.39194E-08-4.07023E-09
 -1       425 1.34110E-07 5.77417E-08-5.53357E-09 1.20531E-07-2.22241E-08 1.55616E-08
 -1       426 1.08824E-07 1.24367E-07 8.93672E-09 1.32861E-07 8.37969E-08 5.14971E-08
 -1       427 1.89563E-07 1.08572E-07-3.22781E-08 2.25544E-07 4.68836E-08 6.52158E-08
 -1       428 1.70949E-07-1.26790E-07-6.02920E-08-9.03380E-08-5.40601E-08 1.53139E-08
 -1       429-1.14771E-07-4.74684E-08 4.22617E-08-6.94474E-08 8.17371E-08 1.03577E-07
 -1       430 7.39033E-09 7.44057E-09-2.44042E-08 3.74454E-11-1.32896E-09-2.51724E-09
 -1       431 7.25797E-09 7.23974E-09-2.41983E-08-9.90074E-12-1.30991E-10-5.41904E-14
 -1       432 7.50714E-09 7.26817E-09-2.44698E-08 3.16854E-11-2.58783E-09-7.99380E-10
 -1       433 7.45344E-09 7.21649E-09-2.43014E-08-1.89783E-11 2.57637E-09-5.50787E-10
 -1       434 6.38612E-09 9.64691E-09-2.91084E-08-1.35968E-09-1.26069E-09-4.06264E-10
 -1       435 1.42172E-08 1.46480E-08-4.84288E-08 8.50771E-11-4.47174E-09 7.02824E-09
 -1       436 1.40770E-08 1.43502E-08-4.79488E-08-1.92496E-10 7.92069E-09 6.75774E-09
 -1       437 1.46840E-08 1.46626E-08-4.91610E-08 2.78324E-11 6.25815E-09-5.14364E-09
 -1       438 1.47057E-08 1.47140E-08-4.92593E-08-4.54480E-11-6.08245E-09-5.15985E-09
 -1       439-1.13799E-10-2.82774E-11 2.72155E-10-1.36018E-11 8.87220E-11 2.21687E-09
 -1       440-9.34996E-11-4.55599E-11 1.52685E-10-8.47565E-11-7.04717E-10 2.04383E-09
 -1       441-1.00481E-10-9.35169E-11 2.82540E-10 4.58209E-11 1.80639E-09 1.55201E-09
 -1       442 3.50119E-12-1.91743E-11-9.27909E-12-3.52845E-11 1.89061E-10 5.41450E-11
 -1       443-3.02558E-11-5.51389E-12 3.52781E-11 3.18877E-11-1.64089E-10 8.54631E-11
 -1       444-5.67854E-09 2.45696E-09 8.12716E-10-2.23465E-09 4.85186E-10 1.68597E-09
 -1       445-5.06850E-09 1.37200E-09 1.33256E-09-2.11034E-09-6.25656E-10-2.27635E-09
 -1       446-4.58674E-09 2.18120E-09-3.98850E-10-2.17887E-09 1.12983E-09 4.00025E-09
 -1       447-3.73065E-09 1.70748E-09-4.96869E-10-2.17972E-09-1.20094E-09-4.05231E-09
 -1       448-2.41479E-09 1.78665E-09-1.69768E-09-1.30406E-09 1.24351E-09 3.27797E-09
 -1       449 8.34643E-10 1.98574E-09-5.53873E-09-9.68448E-10 1.40481E-09 3.38332E-09
 -1       450 8.34284E-10-2.51285E-10-3.65707E-09 7.98234E-10-1.18937E-09 2.54881E-09
 -1       451 3.43857E-09 1.34361E-09-6.77925E-09-1.42366E-10-1.07840E-09-1.27521E-09
 -1       452 3.64737E-09 1.55200E-08-2.51156E-08 6.77480E-10 2.46696E-09-3.56461E-09
 -1       453 2.45317E-08 2.14703E-08-5.06407E-09 2.57665E-08 4.87127E-08 3.70819E-08
 -1       454 3.18709E-08 2.08782E-08-9.80841E-08 4.10064E-09-6.82814E-09-2.91296E-08
 -1       455 3.54711E-08-2.87189E-09-1.31500E-08 3.10612E-08 8.50656E-09 1.55734E-08
 -1       456 3.04931E-08-1.04510E-08-7.38553E-09 2.29327E-08 9.63201E-10 6.19427E-10
 -1       457 2.75226E-08 1.43800E-08-2.24626E-08 3.32923E-08 4.02596E-09 4.75488E-09
 -1       458 2.32913E-08-3.20541E-09-9.32010E-09 2.45076E-08 2.49860E-09-2.12751E-09
 -1       459 2.20756E-08 1.60297E-08-1.52549E-08 3.68210E-08-9.54157E-09-2.31409E-08
 -1       460 1.05757E-08 9.55285E-09-8.96149E-09 4.47118E-09-2.50644E-08-1.95808E-08
 -1       461 2.82190E-08 2.19905E-08-8.53331E-08 3.88391E-09 1.16892E-09 1.53134E-08
 -1       462 1.01394E-08 1.22618E-08-3.27319E-08 1.96610E-09-1.64988E-09 2.18823E-09
 -1       463 2.33621E-10 5.23551E-10-4.04347E-09 5.91658E-10 5.95083E-11 2.00154E-10
 -1       464 4.90272E-10 2.57317E-09-5.18628E-09-1.27389E-09-1.68955E-09-3.34036E-09
 -1       465 1.81791E-09 7.99276E-10-4.30888E-09 1.14718E-09-1.61542E-10 1.88809E-09
 -1       466-1.43877E-09 2.66764E-09-3.56279E-09-1.33658E-09-1.00492E-09-4.35253E-09
 -1       467-5.07909E-09 2.67168E-09-1.14856E-09-1.76003E-09 1.01249E-08 1.69582E-08
 -1       468-4.60744E-09 3.25531E-10 1.61228E-09-3.34278E-10 4.49521E-10 3.00360E-09
 -1       469 3.37867E-09-5.64254E-10-2.20884E-09-2.12741E-09-2.85498E-09 4.16223E-09
 -1       470-1.49128E-09 2.59099E-09-5.13406E-09-8.97296E-09-3.02038E-11 4.37155E-08
 -1       471 5.90328E-09 1.15420E-08-3.13956E-08-2.99938E-09 1.39884E-09 2.94967E-08
 -1       472 8.58167E-10 3.00920E-09-1.06884E-08-7.12961E-10 1.52643E-09 1.54254E-08
 -1       473-9.68921E-09-4.23196E-09 1.21023E-08-9.04521E-09 4.02776E-09 1.72543E-08
 -1       474-4.90335E-09 2.11173E-09-2.85415E-10-4.92206E-10 1.84825E-10 6.76522E-09
 -1       475-5.84753E-10-1.73065E-10 8.32063E-10-7.43058E-11-1.05645E-09 8.07620E-10
 -1       476 7.86025E-09 7.32545E-09-2.49595E-08-3.35794E-11 3.76365E-11 1.44315E-08
 -1       477 9.41278E-10 4.84907E-09-3.19453E-08-1.29523E-08 9.52191E-09 6.99668E-08
 -1       478-5.25046E-09 2.62812E-09-8.55894E-10-8.87583E-10 4.90117E-10 6.91813E-09
 -1       479-5.85794E-09 1.96428E-09 9.94536E-10-8.74590E-10-3.50390E-12 4.44773E-09
 -1       480-4.66629E-09 1.56646E-09 1.12671E-09-4.19187E-10 1.63264E-10 2.81733E-09
 -1       481-3.60523E-09 1.12540E-09 9.97671E-10-7.04087E-10-4.71381E-10 1.28457E-09
 -1       482-4.64691E-09 1.47371E-09 7.45264E-10-2.64476E-10 1.28368E-10 5.28195E-09
 -1       483 5.77276E-10 4.70443E-09-1.17626E-08 1.35606E-10 8.40728E-10 1.12251E-08
 -1       484-2.44623E-09 3.61133E-09-6.12762E-09-6.77294E-10 3.07987E-10 1.00637E-08
 -1       485-2.69488E-09 3.06455E-09-4.60228E-09-3.18943E-10 2.05893E-10 1.08604E-08
 -1       486 8.73916E-09 7.83731E-09-2.83067E-08-6.48248E-10 2.15458E-09 8.85660E-09
 -1       487 4.30296E-09 5.72041E-09-1.81869E-08 2.29033E-11 3.20037E-10 1.11220E-08
 -1       488 3.28109E-09 6.37417E-09-1.85310E-08-1.90504E-10 4.82752E-10 1.46127E-08
 -1       489 3.29762E-08 2.11757E-08-8.46482E-08-2.90165E-09-8.56348E-10 2.25447E-08
 -1       490 1.19882E-08 1.03581E-08-3.77797E-08-1.06986E-09 3.53221E-09 1.68666E-08
 -1       491 1.08393E-08 8.60342E-09-2.91620E-08-1.32458E-09 1.07126E-09 2.01198E-08
 -1       492 2.17220E-08 1.34858E-08-3.23471E-08 1.07497E-08 5.20365E-08 8.98740E-08
 -1       493 3.47849E-08 2.74478E-08-1.27720E-07-3.87768E-09 1.06076E-08 4.13530E-08
 -1       494-1.35927E-10 1.73588E-08-4.52836E-08-2.34485E-09 4.24700E-09 6.28788E-08
 -1       495 1.16831E-08-3.93600E-09-2.93667E-09-1.21174E-09-4.19684E-11 3.52901E-08
 -1       496 1.59955E-08 4.77804E-09-1.63903E-08 7.09285E-09 1.93167E-09 4.80922E-08
 -1       497 1.00592E-09 2.46255E-09-2.28760E-08-8.52141E-09 2.82053E-09 5.30002E-08
 -1       498-5.07875E-09-3.10985E-09 4.58102E-09 2.13465E-09 6.33730E-09 2.64650E-08
 -1       499 8.04876E-09-4.52990E-09 7.85037E-10 2.71206E-10 3.14802E-09 2.80057E-08
 -1       500-3.47699E-09 4.65982E-09 8.75637E-10-2.24685E-09 2.38608E-09 2.80318E-08
 -1       501-7.06039E-09-1.60604E-09 8.56472E-09-5.53450E-09 1.70632E-10 1.95586E-08
 -1       502-3.35341E-10-1.39400E-09 7.40308E-09 1.66698E-09-3.77520E-09 3.65553E-09
 -1       503-3.98935E-10-4.37324E-09 9.87812E-09-1.46496E-09-1.93569E-09 9.92113E-09
 -1       504-2.28799E-09-6.96116E-10 6.82533E-09-3.95657E-09 1.49984E-10 9.08607E-09
 -1       505 1.43631E-09-1.47096E-09 8.50886E-10-1.15226E-09-1.07113E-09 2.97718E-09
 -1       506-2.02903E-09 2.39496E-10 1.38344E-09-1.00067E-09-5.60229E-10-1.07449E-10
 -1       507-7.40326E-11-9.65459E-10 1.07946E-09-2.12089E-11-8.89756E-10 1.41971E-09
 -1       508 1.25614E-09-2.65645E-10-5.35679E-10-1.16695E-09-1.36486E-09 1.22680E-09
 -1       509-2.67993E-09 7.62235E-10 1.90804E-09-2.32983E-10-6.66807E-10 1.79221E-09
 -1       510-9.92945E-10 6.42950E-10 1.67809E-09-1.56267E-09 3.75566E-09 4.09574E-09
 -1       511-5.53094E-11-2.12081E-10-2.58901E-09-1.11849E-09-4.75422E-10 4.08390E-09
 -1       512-8.82545E-09-6.22455E-10 9.13564E-09-3.31611E-10 7.34684E-09 6.26156E-09
 -1       513-2.97571E-09 4.74776E-10-3.87055E-09-3.64976E-10 1.16583E-09 9.95007E-09
 -1       514-2.93133E-09 1.89632E-09-2.48766E-09-1.61476E-09 7.92661E-09 2.13430E-08
 -1       515-4.90195E-09 2.07803E-09 1.01769E-09-3.61125E-09 9.62925E-09 1.02881E-08
 -1       516-1.12261E-09 6.21638E-09-1.50568E-08-1.07564E-09 7.18944E-09 2.98467E-08
 -1       517 5.03525E-10 8.44940E-09-1.62559E-08-3.73042E-09 2.85337E-10 3.90820E-08
 -1       518 6.18986E-10 6.25255E-09-1.44648E-08-1.37893E-09 7.53503E-09 3.39919E-08
 -1       519 3.40241E-09 6.67471E-09-2.06623E-08-2.10643E-09 2.77340E-09 1.97752E-08
 -1       520-3.87517E-09 3.16662E-09-3.25902E-09-2.35669E-09-4.97012E-09-1.74328E-08
 -1       521-4.33429E-09 1.95085E-09-5.40614E-10-9.89316E-10-6.30348E-11-1.03129E-08
 -1       522 6.71276E-09 8.00184E-09-2.67910E-08-2.41571E-09-1.48307E-09-1.97098E-08
 -1       523-1.34837E-09 7.15908E-10 1.70852E-09-5.42827E-09-3.85227E-09-3.39679E-08
 -1       524-1.58458E-09-4.51827E-09 9.23730E-09-4.94867E-09 4.06354E-09-7.07673E-09
 -1       525 5.97259E-10-9.57449E-10 8.77266E-10-5.00238E-12-6.96373E-11-2.03624E-09
 -1       526-4.73869E-09 9.44903E-09-2.23766E-08-1.01507E-08-2.43476E-10-6.05975E-08
 -1       527-3.83573E-09 1.25422E-09 1.46805E-09-7.40905E-10 4.34081E-10-2.63396E-09
 -1       528-2.23948E-10 4.05464E-09-9.28850E-09-1.71005E-10-7.65592E-10-1.11889E-08
 -1       529 1.66227E-09-9.21007E-10 4.04524E-10 2.62001E-10 5.60625E-10-3.16230E-09
 -1       530-9.33316E-09-2.18474E-09 1.56070E-08 1.15912E-09-6.10482E-09-1.99773E-08
 -1       531-5.15680E-09 1.63564E-09 1.48938E-09-9.75914E-10 7.19306E-11-2.51352E-09
 -1       532-2.88993E-09 1.11154E-09 1.23557E-09-9.17272E-10 7.79687E-10-1.02188E-09
 -1       533-3.78339E-09 2.79977E-09-2.55582E-09-1.13534E-09-3.68543E-10-7.94519E-09
 -1       534-4.83659E-09 1.97109E-09 2.64835E-10-7.92120E-10 1.54875E-10-5.38429E-09
 -1       535-4.43885E-09 1.81681E-09 7.63002E-10-8.13870E-10 3.53466E-10-5.69735E-09
 -1       536-1.05796E-09 3.36161E-10 3.38612E-10-4.85405E-11 2.07013E-10-5.52207E-10
 -1       537 8.73429E-10-3.32024E-10-2.99744E-11-1.97322E-10 4.20449E-10-1.61354E-09
 -1       538-2.21162E-09 5.06325E-10 7.26625E-10 1.35485E-10-4.12718E-11-1.54026E-09
 -1       539 1.67079E-09 4.45816E-11 2.78521E-10-3.18926E-10 9.19409E-10-2.57138E-09
 -1       540-1.88667E-10-3.32235E-09 2.99272E-09 9.73164E-10-3.61884E-09-3.45913E-09
 -1       541 9.30542E-10-6.77917E-10 1.21950E-09 5.73828E-10 7.44105E-10-3.02569E-09
 -1       542-5.65654E-11-8.99465E-09 1.20079E-08-9.98366E-10-1.44375E-09-5.80028E-09
 -1       543-2.40343E-09-5.26615E-09-2.46784E-10-2.73633E-09 8.59387E-10-1.86129E-08
 -1       544 1.76953E-09-3.53391E-09 2.23400E-09-1.05076E-09 2.18482E-09-3.51511E-09
 -1       545-1.40448E-08-3.46906E-09 1.61249E-08-5.44555E-09 2.93078E-09-2.74413E-08
 -1       546-4.83128E-09-5.64811E-12 4.21612E-09 8.92911E-09-5.56947E-09-2.45600E-08
 -1       547-5.53739E-09-6.65622E-10 1.13080E-08-1.46000E-09-4.09909E-09-9.61804E-09
 -1       548 4.21424E-09-1.83185E-09-4.74362E-10 2.98215E-09-2.99029E-09-3.03872E-08
 -1       549 1.30916E-08-5.71319E-09-4.86596E-09 5.51295E-09-1.72212E-09-3.22831E-08
 -1       550-4.84974E-09-2.71831E-09 1.44285E-08-2.84443E-10-5.72550E-09-2.79839E-08
 -1       551 7.92455E-09 3.80472E-09-1.23989E-08 8.59720E-10-4.87999E-10-3.90361E-08
 -1       552 1.32164E-08 4.83232E-09-2.17438E-08 2.17287E-09-2.67414E-08-7.55566E-08
 -1       553-1.94583E-09 6.78518E-09-7.20284E-09-4.11919E-09-3.69009E-10-4.16204E-08
 -1       554 3.04669E-08 2.77403E-08-1.18492E-07 5.18587E-10-1.02369E-08-4.10398E-08
 -1       555 2.00531E-08 2.37760E-08-6.24071E-08 3.22791E-10-1.05406E-08-1.74615E-08
 -1       556 8.39028E-09 9.12296E-09-2.89238E-08-1.13584E-09-4.30060E-09-1.41916E-08
 -1       557 1.28301E-09 7.87705E-09-3.04874E-08-7.10546E-09 2.10095E-09-4.05819E-08
 -1       558 4.28886E-09 6.02861E-09-1.82473E-08-1.74011E-09-4.35910E-10-1.23744E-08
 -1       559 3.30090E-10 4.37409E-09-1.04260E-08-4.12299E-10-9.15685E-10-9.89198E-09
 -1       560-2.79457E-09 3.59607E-09-5.10846E-09-7.59090E-10-4.79987E-10-8.82098E-09
 -1       561 2.42727E-09 4.97879E-09-1.43808E-08-4.95794E-10-1.47735E-10-1.38165E-08
 -1       562-1.78511E-09 3.37467E-09-6.27498E-09-5.79128E-10-7.23376E-10-1.08616E-08
 -1       563-6.61444E-09 2.15022E-09 4.01641E-09-1.29775E-09 3.42785E-10-1.43203E-08
 -1       564 1.11553E-09 4.81982E-09-1.05875E-08-6.57668E-10-1.02160E-10-1.44073E-08
 -1       565 9.55823E-11 8.08921E-09-1.64314E-08-4.14353E-11-4.29288E-10-2.40816E-08
 -1       566-1.42934E-09-3.93382E-10 4.08529E-09-2.17386E-09-4.17658E-11-5.00670E-09
 -1       567-3.36195E-09 3.65095E-10 6.59708E-10 1.74506E-10-1.03264E-09-4.64050E-09
 -1       568-2.59687E-09 6.19499E-09-1.57409E-08-6.64785E-09 1.07669E-09-3.47857E-08
 -1       569 1.56910E-09 3.48928E-09-9.17814E-09-1.19584E-09-6.44854E-10-2.39468E-08
 -1       570-5.36395E-09-1.80246E-09 1.38422E-08-4.76347E-09-9.50498E-10-2.03162E-08
 -1       571-3.76420E-09-7.71996E-10 2.78819E-10-3.16149E-10 7.96846E-10-8.49511E-09
 -1       572 7.85505E-10-1.78397E-09 1.65883E-09-1.61107E-09 2.28112E-09-4.15639E-09
 -1       573-7.80970E-09 2.31405E-08-1.66346E-08-7.45469E-09 1.32180E-08 3.99435E-08
 -1       574 6.09934E-08 1.93378E-08-3.59752E-08 2.25237E-08-4.27923E-08-2.74529E-08
 -1       575-5.16668E-08 2.84659E-08 3.41464E-08 6.92472E-08 4.08851E-08 4.52887E-08
 -1       576-1.15887E-08-1.68360E-08-4.26449E-09-2.53178E-08-3.76916E-09 3.97162E-08
 -1       577-2.10507E-08 2.92870E-08-3.61437E-08 5.87407E-09-1.96933E-08-1.00309E-08
 -1       578 4.10486E-08 1.68385E-08-1.42605E-08 5.31680E-08-1.46405E-08-3.77414E-08
 -1       579-3.71642E-08-9.40515E-09 3.19993E-08-2.47788E-08 3.45091E-09-1.51778E-08
 -1       580-2.03673E-08 1.79017E-08 5.08440E-08-2.47998E-08-3.06524E-08 4.67665E-08
 -1       581 2.08925E-08-1.10350E-08-2.29866E-08-2.29311E-08-2.55377E-08 3.81510E-08
 -1       582 6.36490E-08-7.87239E-08 5.54615E-08-5.16018E-08-1.73151E-08 8.45750E-08
 -1       583 3.71476E-08-7.85661E-08 1.47209E-08-4.11042E-08-6.48501E-08 6.46190E-08
 -1       584-5.45153E-08-2.31330E-08 5.33970E-08-2.59038E-08-4.48313E-09 3.45223E-08
 -1       585 1.38113E-08-2.18330E-09 8.68769E-09-8.30808E-09-2.44858E-09 3.91549E-08
 -1       586 1.06767E-07-5.05886E-08-6.56777E-08-5.18629E-08-4.38367E-08 5.29302E-08
 -1       587-2.35292E-08 1.13617E-08 3.44495E-08-1.41872E-08-1.79075E-08 8.86745E-08
 -1       588-9.43484E-09-3.98741E-09 3.66738E-08-7.72658E-08-5.22394E-08 7.94850E-08
 -1       589 1.04300E-08-6.82429E-09-3.33729E-08-3.59802E-08-1.00014E-08 8.79243E-08
 -1       590 5.65978E-08 1.42474E-08-6.65026E-08 6.02068E-08-2.78047E-08 6.83455E-08
 -1       591-5.52813E-08 1.91989E-08-1.64523E-08-1.07489E-08 5.94590E-09 2.38008E-08
 -1       592-4.92777E-08 1.75071E-08-4.67575E-08 2.25729E-08-8.21363E-09 5.08420E-08
 -1       593-4.52603E-08-9.02420E-09 5.07718E-09-4.14258E-08-6.98817E-09-1.26111E-08
 -1       594-8.30630E-08 6.24940E-08-2.99184E-08 1.73499E-08-5.82722E-09 7.49067E-08
 -1       595 2.31800E-08 4.84944E-08-5.12802E-08 5.13169E-08 5.05652E-08 1.13563E-08
 -1       596-1.28330E-08 2.58899E-08-1.01170E-08 1.31854E-08-4.18565E-08-7.36773E-08
 -1       597-8.67718E-10 8.34385E-09-5.41325E-08-3.35993E-08-3.91188E-09 5.32757E-08
 -1       598 4.28100E-08 1.66968E-08-6.84010E-08-8.52524E-09-2.62016E-08 5.30951E-08
 -1       599-1.50965E-08 1.55878E-08 3.18694E-09-1.09041E-09 4.95346E-09 5.66041E-08
 -1       600-8.32285E-08-3.09418E-08 1.10977E-07-3.90231E-08 3.91682E-08 3.72135E-08
 -1       601 4.33952E-08 1.77112E-08 5.33907E-08 5.59353E-08-3.65777E-09 9.93744E-09
 -1       602 2.02876E-08-2.44490E-08-4.46816E-08 9.81190E-09 3.12630E-08 7.76957E-10
 -1       603-6.31058E-09-2.08560E-08-1.35100E-08-2.23422E-08-2.30788E-09 3.51315E-08
 -1       604 6.03841E-09-4.56943E-08-2.87755E-08-2.15868E-08 1.70300E-08-1.47075E-08
 -1       605 4.91016E-08 1.39380E-08 4.74487E-09 5.43727E-08-3.14239E-09 1.29242E-08
 -1       606 2.98785E-08-2.17459E-08 1.30314E-08 4.89344E-08-8.17479E-09 5.15705E-08
 -1       607-3.27094E-08-6.70952E-08 1.84992E-08 9.06909E-09-5.83998E-10 1.53842E-08
 -1       608-1.01419E-09-1.91046E-10-1.46537E-08 2.20228E-08 1.30033E-08 3.42896E-08
 -1       609-3.42201E-08 1.53449E-09 1.06787E-08-9.79673E-09-4.15739E-08-3.57590E-08
 -1       610-2.36382E-08-1.11076E-08 1.49390E-08-3.42001E-08-1.77483E-08 6.85905E-08
 -1       611 1.84717E-08-3.30125E-08 4.26922E-08 3.20943E-08 3.00630E-08 1.31483E-08
 -1       612 6.77148E-08-2.45947E-08-1.91754E-09 1.10444E-08-5.91385E-09-8.51912E-11
 -1       613-1.10009E-07 2.68448E-08-4.41744E-08-3.73100E-08-4.13130E-08-5.70740E-08
 -1       614-1.47977E-08 5.94241E-08-1.96112E-07 2.16869E-08 3.69930E-08-5.76236E-09
 -1       615-2.77799E-08 3.16309E-08-5.52076E-08 8.39505E-09-3.37348E-08 5.29984E-08
 -1       616 1.23235E-08 5.15950E-08-4.01438E-08 1.57081E-08-1.16149E-08 1.00100E-07
 -1       617-7.57296E-08 4.62631E-08 1.76223E-08 1.38721E-08 1.91763E-08 1.31326E-07
 -1       618 1.36097E-08-5.43961E-09-1.28915E-08-1.21734E-08-2.31622E-08 9.06364E-08
 -1       619 1.35591E-07-3.54758E-08 1.18503E-08 5.50100E-08 5.88459E-08 5.29310E-08
 -1       620 8.32540E-08-6.09098E-09-3.01984E-08 2.45677E-08-4.40042E-09 2.21450E-08
 -1       621-5.15050E-08-2.64615E-08 4.50566E-08-2.45925E-08 3.74192E-08 1.58318E-08
 -1       622-3.10081E-08 5.40476E-08-1.06802E-07-2.47759E-08-5.04669E-08 6.54673E-09
 -1       623 5.36545E-08 5.39902E-08-1.15532E-07 3.23835E-08 6.05370E-10-4.74636E-09
 -1       624 8.17474E-09 2.20705E-08-1.28395E-08 6.41109E-09 1.19809E-08 8.97299E-08
 -1       625-4.82291E-08 4.82548E-08 7.29044E-09 1.03427E-07 4.04921E-08 1.76231E-08
 -1       626-2.19293E-07 1.25212E-07-1.72685E-08-1.98248E-08-1.58152E-08 3.05409E-08
 -1       627-1.34795E-07 6.06893E-09 5.24176E-08 1.85520E-08 8.27297E-08 1.04547E-07
 -1       628 2.19283E-07-2.42040E-08 1.93268E-09 1.46172E-08-6.60104E-08 6.12048E-08
 -1       629 8.97807E-08-9.20838E-08-1.71995E-08 1.68799E-08-2.19011E-08 8.96089E-09
 -1       630 1.41972E-09-5.51499E-08 5.07364E-08-1.18969E-08-1.54000E-09-1.19888E-08
 -1       631 4.63133E-09 7.18547E-09-1.16438E-08-2.51799E-09 8.66052E-09 6.68193E-08
 -1       632-4.67920E-08 1.35625E-08-1.10440E-08-3.32582E-08 4.01795E-09 1.54143E-08
 -1       633-7.80987E-08 1.98695E-09 2.93109E-10-3.25772E-08-2.54563E-08-1.89460E-08
 -1       634-5.73998E-08-3.53123E-09 9.52732E-09 4.35684E-09 2.43250E-11 5.80734E-08
 -1       635-3.49212E-09-1.27034E-08 5.45719E-08 7.79010E-08 4.93141E-09-2.43465E-10
 -1       636-1.85367E-08-2.17826E-08 3.41569E-08 2.68805E-08-1.91509E-08 3.83403E-08
 -1       637-1.85822E-08-1.02931E-08 1.25961E-08 2.34394E-08 4.94563E-09-2.25910E-09
 -1       638 7.59443E-08 1.05314E-08 7.98898E-09 4.39879E-08-2.02860E-08 2.40443E-08
 -1       639 4.57345E-08-5.13707E-08 7.25249E-09-2.68993E-08-1.38465E-09 9.35579E-08
 -1       640-5.95115E-08-2.22808E-08-1.23576E-08-1.40909E-08 9.25039E-09 4.28442E-09
 -1       641-1.16575E-09-3.57171E-08-3.46946E-08 5.17518E-09-2.52608E-08 2.73210E-09
 -1       642-5.68111E-08 5.74576E-08 1.01728E-08-3.31108E-08-2.09027E-08-3.76849E-08
 -1       643 6.55991E-08 5.85835E-09-1.09997E-08 3.09332E-08 3.56921E-08 5.76569E-08
 -1       644 1.15568E-08 3.02462E-08-1.48881E-08 1.18694E-08-2.98947E-08 1.73140E-08
 -1       645-4.78240E-08 2.77855E-08-4.15799E-08-2.72673E-09-4.54908E-09 6.82418E-08
 -1       646 6.55901E-08-1.54489E-08-1.85722E-08 3.69341E-08 1.84974E-08 5.45663E-08
 -1       647 1.13140E-08 1.97165E-07 1.75882E-08 1.41531E-07 2.60726E-08-1.76102E-08
 -1       648-3.27112E-08-4.55456E-08 1.55665E-08-1.11556E-08 2.85265E-08 1.91875E-08
 -1       649-1.21966E-09-4.51052E-08 9.07458E-10-4.44534E-09-9.10751E-08-7.50919E-09
 -1       650 4.03701E-08-1.31135E-08-1.55087E-08 9.60969E-09-4.40838E-08-3.39418E-09
 -1       651-1.95449E-08-1.27906E-08 6.13037E-08-1.03681E-08-3.87002E-08-4.78719E-08
 -1       652 6.10724E-09 4.65521E-08-9.05442E-08 1.69189E-08-6.58311E-09-1.14276E-09
 -1       653-7.23676E-08 2.54500E-08-1.10400E-07 5.34838E-09-2.77380E-09 4.39309E-08
 -1       654 2.83737E-08 3.52077E-08-6.85095E-08 3.41291E-08-4.67923E-08-3.43592E-08
 -1       655 1.54668E-08-1.32791E-08-2.33142E-08-1.31378E-08-3.06594E-10-1.81610E-08
 -1       656 1.85802E-08 3.11670E-08-1.28688E-08-6.43089E-09-1.21160E-08 1.32672E-08
 -1       657-1.24916E-08 2.03927E-08 1.35841E-09 6.01658E-10-1.73275E-08-5.45786E-08
 -1       658 5.42157E-08 5.06024E-09-1.10817E-08 3.02529E-08 3.27420E-08 1.53052E-08
 -1       659 5.43783E-08-4.10285E-08-7.81112E-09 9.28608E-09-2.73474E-08 3.05693E-08
 -1       660 1.04451E-07-8.19931E-11-7.16309E-08 1.38202E-08-8.44152E-08-5.54487E-09
 -1       661 2.42757E-08-5.81849E-08-4.15282E-08-2.33089E-08 3.12906E-08 4.06835E-08
 -1       662 5.07465E-08-1.88866E-08-3.84692E-08-1.22986E-08-2.51421E-08-5.62202E-08
 -1       663 6.30783E-08-5.41393E-08-3.17017E-08 8.90221E-09 2.53829E-08 2.88246E-08
 -1       664-3.73693E-08-6.60967E-09 5.43466E-08 1.74763E-10-1.36451E-08 7.28187E-09
 -1       665-5.81008E-08-7.05022E-10 1.85086E-08-3.28596E-08 1.68419E-08 5.85187E-08
 -1       666-9.57090E-08 3.15987E-08-1.11096E-09-5.01072E-08 1.74905E-08 5.43613E-08
 -1       667-1.99605E-08 2.66321E-08 1.52118E-08 3.36683E-08 1.17660E-08 7.00450E-08
 -1       668-2.38749E-08 5.32604E-09-8.11007E-09 3.63143E-10-1.85557E-08 1.60670E-08
 -1       669-5.00660E-09 2.43898E-08 1.60167E-08 2.80928E-08 1.59204E-08 2.37508E-08
 -1       670 2.69048E-08-4.97910E-08-1.93489E-09-3.22921E-08-3.96509E-08 4.04311E-08
 -1       671 1.73505E-08 1.04375E-08-2.46089E-08-2.27214E-08-6.62395E-09 3.21489E-08
 -1       672 2.03445E-08-1.05348E-08-2.38009E-08-3.73858E-08 3.14448E-09-1.98658E-08
 -1       673 4.09274E-08 1.21130E-08-2.45307E-08 1.07261E-08 7.81428E-09-6.60552E-09
 -1       674 8.34697E-09 6.43203E-10 1.34396E-08-2.08202E-08 1.49801E-08 1.64678E-08
 -1       675-4.62856E-08 4.37814E-08-8.04954E-08-3.41678E-08 8.51687E-09 1.50038E-08
 -1       676-3.00588E-08 2.70009E-08 2.28548E-08 9.60380E-09 1.03721E-09 4.07031E-08
 -1       677-2.91538E-08 1.06397E-08 1.82744E-08 6.12821E-09-4.46496E-08-3.27463E-08
 -1       678 7.69265E-08 4.58283E-09-3.81536E-08 3.87851E-08 3.68384E-08 8.44010E-08
 -1       679 5.31415E-08-3.34685E-09-7.12218E-09 3.68687E-09 1.28986E-08 6.63444E-09
 -1       680-5.52443E-08-2.63263E-08-5.14197E-08-5.64777E-08-5.94835E-08 4.31399E-09
 -1       681 2.89458E-08 3.61816E-08-9.22340E-08 1.50714E-08 2.51420E-09-4.67742E-09
 -1       682 4.13507E-08 5.05225E-08-1.14661E-08 4.88490E-08 7.67931E-09 2.93470E-08
 -1       683 6.80582E-08 7.39821E-08-8.32058E-08 5.87245E-08 4.90024E-08 1.93794E-08
 -1       684 1.60670E-08 8.27756E-08-9.10650E-08 7.43177E-08 2.04882E-08 4.27050E-08
 -1       685-5.60616E-08 4.70754E-08-2.02762E-09-2.16634E-08-6.57192E-08-1.10849E-09
 -1       686 1.42852E-08 2.82156E-08 3.73685E-08 2.71857E-08-3.36427E-08-3.67847E-08
 -1       687-1.59028E-09-3.83795E-08 2.58430E-08 7.22858E-09-5.59988E-08-8.90041E-08
 -1       688 3.99297E-08 6.93737E-09-8.21199E-08 3.28035E-08 1.47122E-08 2.43775E-09
 -1       689-4.32956E-08 5.21607E-08-2.88016E-08 3.55382E-08-3.27027E-08-2.22945E-08
 -1       690-1.04887E-07 1.61816E-07 4.01158E-08 1.09625E-07 5.82966E-08 3.48553E-08
 -1       691-6.56781E-09 6.08567E-09 2.74466E-08 5.89963E-08 3.15915E-08 3.65133E-09
 -1       692-1.40446E-07 1.69202E-08 5.04835E-08 1.96175E-08 5.49602E-08 7.91703E-08
 -1       693-2.78205E-09 3.05093E-08-2.30102E-08 5.06089E-08 4.19540E-09 8.60940E-09
 -1       694-7.25655E-08 3.74951E-08-1.38375E-08-4.00107E-08 2.37935E-08 3.19483E-09
 -1       695-1.43459E-07 2.14405E-08 7.68895E-08 2.01561E-08 2.69579E-08 5.45227E-08
 -1       696-1.12685E-08 2.93252E-08-2.69901E-08 6.39930E-09-2.52883E-08 2.52798E-08
 -1       697 4.04001E-08 4.70716E-08-2.96840E-08 5.53036E-08 9.63086E-09 3.95572E-08
 -1       698-5.81736E-08 3.59690E-08 7.35432E-09 6.40365E-09-6.24348E-09 4.42413E-08
 -1       699 6.95739E-08 2.90601E-08-3.82577E-08 4.26181E-08-7.69339E-09 5.89712E-08
 -1       700-1.10647E-07 4.38376E-08 2.59565E-08-1.48255E-08 5.03408E-08 7.76507E-08
 -1       701 1.22873E-07 8.87760E-10 1.87878E-08 9.56163E-08-1.00911E-08-1.60777E-08
 -1       702 1.07112E-07 2.95267E-08-1.45549E-07 3.10523E-08-6.00591E-09 4.56712E-08
 -1       703-1.20464E-08-7.94811E-10 1.99850E-08-2.12220E-08-2.46054E-08 1.28369E-08
 -1       704 7.49557E-09 7.46436E-09-2.48881E-08 1.89705E-11 1.90294E-09 6.22073E-10
 -1       705 7.51311E-09 7.40212E-09-2.47777E-08 4.33854E-11-3.05790E-09-6.15341E-11
 -1       706 7.44919E-09 7.47362E-09-2.48739E-08 2.16614E-11-4.50148E-10-2.56827E-09
 -1       707 7.26094E-09 7.28177E-09-2.41227E-08-1.57492E-11 1.46749E-10 6.90497E-10
 -1       708 7.25437E-09 7.29575E-09-2.41104E-08 1.24188E-11-4.09076E-10 9.00752E-10
 -1       709-2.39134E-09 1.39736E-09-1.07163E-09-8.72609E-10 5.62224E-10 3.43837E-09
 -1       710 1.09897E-08-6.78333E-09 8.70235E-10 5.22102E-09-3.84970E-09 1.35886E-09
 -1       711 1.26771E-08-5.30979E-09-6.16042E-09-2.59200E-09 3.24841E-09-4.52084E-09
 -1       712 2.36479E-08-7.82493E-09-8.03593E-09 8.78448E-09 2.42672E-09-1.36783E-08
 -1       713 3.27057E-09-1.42428E-10-4.90728E-09-3.36626E-09-1.32552E-09-2.15782E-08
 -1       714-1.31904E-09 4.94481E-09-1.11672E-08-8.98578E-09 8.29618E-10-3.05124E-08
 -1       715 2.91106E-08-2.00657E-09-1.55234E-08 1.57514E-08-2.82841E-09-3.33257E-08
 -1       716 6.12736E-09-4.10142E-09 1.57798E-09 2.38843E-10-2.64569E-09 1.21906E-08
 -1       717 6.72022E-10 2.43343E-09-3.90313E-09-5.07648E-09-1.53891E-09 5.02601E-09
 -1       718 3.74385E-09-3.66108E-09 4.59225E-10-5.92438E-09-3.29562E-09 2.39378E-08
 -1       719 5.34356E-09-3.30209E-09-7.36204E-10-2.63791E-09-2.98263E-09-1.76783E-08
 -1       720 1.14575E-08-4.06270E-09-1.26443E-09 1.29167E-08-2.18090E-09-1.14522E-08
 -1       721 2.97254E-08 2.16023E-09-1.58092E-08 2.48121E-08 7.01635E-09 2.83648E-08
 -1       722-4.41742E-09 1.53978E-09 6.63395E-10-7.73909E-10 3.09336E-10 1.99788E-09
 -1       723-3.72694E-09 1.59588E-09 8.79226E-12-1.11289E-09 7.12323E-10 3.37710E-09
 -1       724-2.22112E-09 1.27070E-09-3.79257E-10-1.16619E-09 9.04267E-10 1.44758E-09
 -1       725-3.81354E-09 1.85888E-09-9.42796E-10-7.86514E-10 3.64502E-10 5.19973E-09
 -1       726-3.27299E-09 1.30767E-09 6.02743E-10-9.62272E-10 5.34869E-10 4.12717E-10
 -1       727 1.28431E-08-3.44187E-09-4.67946E-09 3.15104E-09-1.45147E-09-1.54714E-09
 -1       728 2.16721E-08-9.10740E-09-2.00132E-09 9.95495E-09-1.27137E-09 1.37652E-08
 -1       729 9.46088E-09-1.67424E-09-6.63801E-09 6.13439E-09-1.04967E-09-1.24046E-08
 -1       730 5.36343E-13-7.02614E-09 3.71805E-09-9.52081E-09 4.77438E-09 1.28847E-08
 -1       731 1.30267E-08-5.56526E-10-8.96035E-09 1.28329E-08 3.82017E-09 7.86850E-09
 -1       732 1.75694E-08-1.01986E-08-1.54642E-09 1.41218E-08-4.06039E-09-1.26965E-08
 -1       733 5.82740E-09-3.00997E-09-8.60556E-09 3.16892E-10 2.35580E-11 1.89728E-08
 -1       734 1.49199E-09 2.42007E-09-9.51577E-09-6.02630E-09-1.34324E-09 8.89662E-09
 -1       735 3.30937E-10 9.81732E-10-7.67289E-09-5.16365E-09-1.11473E-09 2.12138E-08
 -1       736 4.73028E-09 3.19330E-09-1.23708E-08-1.40643E-10 7.55232E-10 5.48529E-09
 -1       737 1.38296E-09 2.00786E-09-7.43447E-09-1.80165E-10 1.14823E-09 6.08915E-09
 -1       738 6.03884E-09 5.05930E-09-1.59417E-08-1.55425E-09 1.32918E-09 9.56692E-09
 -1       739-3.39711E-09 4.34425E-09-1.42297E-08-8.86081E-09 5.80691E-09 3.07922E-08
 -1       740-1.75557E-09 1.05145E-09-1.90775E-09-7.02658E-10-7.20815E-10-4.60734E-09
 -1       741-2.71656E-09 1.64545E-09-1.48313E-09-9.30105E-10-9.21692E-10-3.67334E-09
 -1       742-4.77109E-10 1.97335E-09-4.11170E-09-3.88961E-10-1.12425E-09-5.08579E-09
 -1       743 4.78179E-09 3.82983E-09-1.27637E-08-3.78343E-10 3.17646E-09-2.93369E-10
 -1       744-5.73355E-09 1.86262E-09-3.72839E-09-7.69310E-09 1.54770E-09-2.16586E-08
 -1       745-2.40760E-09 6.29283E-09-1.11218E-08-2.20608E-09-1.69429E-09 1.21788E-08
 -1       746 4.60125E-11 4.78384E-09-1.28223E-08-3.12868E-09-1.21241E-09 1.08718E-08
 -1       747-2.45314E-09 1.52720E-09 2.49199E-09-2.47968E-09-1.70795E-09 8.18512E-09
 -1       748-2.64647E-09-1.49520E-10 1.54309E-09-5.91620E-09 1.20832E-09 1.22744E-08
 -1       749 1.89285E-09 5.49580E-09-1.24346E-08-1.93073E-09 1.25687E-09 9.30210E-09
 -1       750 9.46956E-10 6.44058E-10-4.01030E-09-9.47226E-10 1.05069E-09 6.84723E-09
 -1       751-7.25678E-09 3.49300E-10 9.42120E-09-1.34740E-09-2.73232E-09-6.36377E-09
 -1       752 2.18911E-09 4.70784E-09-1.23969E-08-4.40114E-09 2.93132E-09 1.27221E-08
 -1       753-2.98865E-09 1.69853E-09-1.64201E-09-9.78515E-10-3.86702E-10 3.27743E-09
 -1       754-4.63277E-09 1.33014E-09 1.12885E-09-1.21655E-09-5.13364E-11-3.80556E-09
 -1       755-5.41908E-09 2.07248E-09 9.82512E-10-1.39403E-09-2.28678E-11 1.46388E-09
 -1       756 2.19338E-09 1.60425E-09-6.55912E-09-1.51170E-10 9.22354E-10 3.06756E-09
 -1       757-3.79791E-09 1.03265E-11-1.03242E-08-1.20254E-08 1.58272E-09 1.53687E-08
 -1       758 5.45793E-11 2.30775E-09-4.94342E-09-3.88098E-10-1.07566E-09-4.18102E-09
 -1       759-3.97207E-09 1.03837E-09 7.79049E-10-6.72504E-10 4.16219E-12-6.26032E-11
 -1       760-4.83591E-09 1.56098E-09 7.33389E-10-1.06041E-09 3.14639E-11-3.71489E-10
 -1       761-3.84267E-09 2.53003E-09-2.00184E-09-1.19426E-09 4.68196E-10 5.47099E-09
 -1       762-4.15937E-09 2.15615E-09-8.06603E-10-1.04242E-09-5.01322E-10-2.51456E-09
 -1       763 7.05970E-09 1.68318E-09-1.09001E-08-1.24561E-09 6.92632E-09 1.06671E-10
 -1       764-2.24466E-09 1.28765E-09-1.54944E-09-3.63700E-09-1.23998E-09-7.05319E-09
 -1       765 2.11764E-08 1.51795E-08-4.37495E-08-2.86855E-09 9.30698E-09-7.33468E-10
 -1       766-1.12875E-09 1.43410E-10-4.23503E-10-1.65374E-10 4.03196E-11 1.44333E-09
 -1       767 1.95975E-09 3.33426E-09-8.05948E-09-5.41574E-10-8.69235E-10-6.77929E-09
 -1       768 3.62851E-09 3.95298E-10-9.00534E-09 2.91627E-11-1.16835E-09-5.10852E-09
 -1       769 2.98431E-10 2.13116E-09-5.61269E-09-2.73922E-10 1.59778E-09 5.50042E-09
 -1       770 1.38355E-10 8.69296E-10-5.05699E-09-1.74556E-09-8.33262E-10-4.83906E-09
 -1       771-6.69964E-11 1.77876E-09-4.39054E-09-1.87688E-09-4.74828E-09-1.21331E-08
 -1       772-3.24031E-09 2.38676E-09-7.16295E-09-4.29815E-09-1.56294E-09-1.18638E-08
 -1       773 6.11788E-09 2.24783E-09-1.87561E-08-2.69003E-09-1.66286E-09-6.01554E-10
 -1       774 4.99943E-09 4.13957E-09-1.40369E-08-2.20676E-09-3.26436E-09-8.16297E-09
 -1       775 3.54602E-09 3.17025E-09-9.60624E-09-1.31313E-09-1.13816E-09-5.55091E-09
 -1       776 2.86999E-10 3.98507E-09-9.34045E-09-3.24918E-09 1.34324E-10-8.99561E-09
 -1       777 4.71792E-09 4.68258E-09-2.19619E-08-5.75791E-09 3.28440E-09-1.62091E-08
 -1       778-1.42358E-09 2.04182E-09-4.67923E-09-6.85297E-10 6.30508E-10 8.51729E-09
 -1       779-5.99846E-10 8.02927E-10-1.39045E-09-4.61744E-10 1.03076E-09 9.41427E-10
 -1       780-4.16527E-09 1.01210E-09 1.14478E-09-8.30409E-10 2.30667E-10 3.66517E-09
 -1       781-4.04516E-09 1.63610E-09 1.43442E-09-8.88623E-10 1.83503E-10-2.32857E-09
 -1       782 2.01700E-08-5.38581E-09-8.12522E-09 8.84235E-09 1.99706E-09 1.11262E-08
 -3
    1PSTEP                         4           1           1          
  100CL  101 1.000000000         782                     0    1           1
 -4  ERROR       1    1
 -5  STR(%)      1    1    0    0
 -1         1 3.49257E+01
 -1         2 3.74928E+01
 -1         3 4.08196E+01
 -1         4 3.77218E+01
 -1         5 2.32344E+01
 -1         6 1.59491E+01
 -1         7 2.32344E+01
 -1         8 1.85904E+01
 -1         9 2.29551E+01
 -1        10 2.28830E+01
 -1        11 2.29551E+01
 -1        12 2.29551E+01
 -1        13 1.12719E+01
 -1        14 1.16396E+01
 -1        15 3.66406E+01
 -1        16 3.43374E+01
 -1        17 3.43777E+01
 -1        18 3.11148E+01
 -1        19 4.06069E+01
 -1        20 3.02599E+01
 -1        21 3.72143E+01
 -1        22 3.03116E+01
 -1        23 3.83299E+01
 -1        24 3.83299E+01
 -1        25 3.60958E+01
 -1        26 3.57831E+01
 -1        27 3.54890E+01
 -1        28 3.43576E+01
 -1        29 3.27463E+01
 -1        30 3.58609E+01
 -1        31 3.54334E+01
 -1        32 3.37371E+01
 -1        33 3.37630E+01
 -1        34 3.43208E+01
 -1        35 3.83299E+01
 -1        36 3.72129E+01
 -1        37 3.55107E+01
 -1        38 3.62093E+01
 -1        39 3.74928E+01
 -1        40 3.65548E+01
 -1        41 3.43777E+01
 -1        42 4.06069E+01
 -1        43 4.06069E+01
 -1        44 3.72143E+01
 -1        45 2.61807E+01
 -1        46 3.14282E+01
 -1        47 3.52351E+01
 -1        48 3.83299E+01
 -1        49 2.82355E+01
 -1        50 3.74928E+01
 -1        51 3.70238E+01
 -1        52 3.54663E+01
 -1        53 3.74923E+01
 -1        54 4.06069E+01
 -1        55 3.89106E+01
 -1        56 3.16975E+01
 -1        57 2.88045E+01
 -1        58 3.33316E+01
 -1        59 3.67825E+01
 -1        60 3.32827E+01
 -1        61 3.28642E+01
 -1        62 3.41790E+01
 -1        63 3.41790E+01
 -1        64 4.07743E+01
 -1        65 4.17936E+01
 -1        66 4.17936E+01
 -1        67 3.52653E+01
 -1        68 3.67939E+01
 -1        69 3.67939E+01
 -1        70 3.18249E+01
 -1        71 3.27260E+01
 -1        72 2.16477E+01
 -1        73 3.74993E+01
 -1        74 3.41790E+01
 -1        75 3.74766E+01
 -1        76 4.12839E+01
 -1        77 4.17936E+01
 -1        78 3.85294E+01
 -1        79 3.60296E+01
 -1        80 3.67939E+01
 -1        81 3.43094E+01
 -1        82 3.22754E+01
 -1        83 2.71869E+01
 -1        84 3.12337E+01
 -1        85 4.15137E+01
 -1        86 2.37189E+01
 -1        87 3.65265E+01
 -1        88 3.26441E+01
 -1        89 3.24497E+01
 -1        90 3.24497E+01
 -1        91 2.40027E+01
 -1        92 3.13537E+01
 -1        93 3.42201E+01
 -1        94 3.52411E+01
 -1        95 3.52411E+01
 -1        96 3.96178E+01
 -1        97 3.26163E+01
 -1        98 3.01227E+01
 -1        99 3.45853E+01
 -1       100 3.25469E+01
 -1       101 3.24497E+01
 -1       102 2.82262E+01
 -1       103 2.76782E+01
 -1       104 3.27869E+01
 -1       105 3.47306E+01
 -1       106 3.52411E+01
 -1       107 3.64815E+01
 -1       108 3.77218E+01
 -1       109 4.08196E+01
 -1       110 3.77218E+01
 -1       111 3.92707E+01
 -1       112 4.08196E+01
 -1       113 1.95918E+01
 -1       114 2.32344E+01
 -1       115 2.09124E+01
 -1       116 1.72697E+01
 -1       117 2.29190E+01
 -1       118 2.29551E+01
 -1       119 2.29551E+01
 -1       120 2.29190E+01
 -1       121 1.94160E+01
 -1       122 2.30948E+01
 -1       123 2.07727E+01
 -1       124 2.30948E+01
 -1       125 2.18992E+01
 -1       126 2.62952E+01
 -1       127 3.13627E+01
 -1       128 3.13627E+01
 -1       129 2.79538E+01
 -1       130 2.62209E+01
 -1       131 2.50809E+01
 -1       132 3.05267E+01
 -1       133 3.02995E+01
 -1       134 2.72986E+01
 -1       135 2.16286E+01
 -1       136 1.65856E+01
 -1       137 2.40972E+01
 -1       138 2.88290E+01
 -1       139 3.13627E+01
 -1       140 2.96583E+01
 -1       141 2.70873E+01
 -1       142 2.56509E+01
 -1       143 2.78038E+01
 -1       144 3.04131E+01
 -1       145 2.87991E+01
 -1       146 2.44636E+01
 -1       147 1.64502E+01
 -1       148 1.14558E+01
 -1       149 2.35052E+01
 -1       150 2.90167E+01
 -1       151 3.13627E+01
 -1       152 2.85226E+01
 -1       153 2.79538E+01
 -1       154 2.41758E+01
 -1       155 3.05267E+01
 -1       156 2.94596E+01
 -1       157 2.94596E+01
 -1       158 2.52396E+01
 -1       159 2.16286E+01
 -1       160 1.75724E+01
 -1       161 2.62609E+01
 -1       162 3.01897E+01
 -1       163 2.99427E+01
 -1       164 2.82382E+01
 -1       165 2.60648E+01
 -1       166 2.73513E+01
 -1       167 2.99932E+01
 -1       168 2.94596E+01
 -1       169 2.73496E+01
 -1       170 2.34341E+01
 -1       171 1.66341E+01
 -1       172 3.70667E+01
 -1       173 3.67943E+01
 -1       174 3.70667E+01
 -1       175 3.21656E+01
 -1       176 3.59151E+01
 -1       177 3.43576E+01
 -1       178 3.43777E+01
 -1       179 3.54461E+01
 -1       180 3.74923E+01
 -1       181 3.58609E+01
 -1       182 4.06069E+01
 -1       183 4.06069E+01
 -1       184 3.54334E+01
 -1       185 3.72143E+01
 -1       186 3.37371E+01
 -1       187 3.43212E+01
 -1       188 3.08699E+01
 -1       189 3.16975E+01
 -1       190 3.48790E+01
 -1       191 3.83299E+01
 -1       192 3.83299E+01
 -1       193 3.67825E+01
 -1       194 3.72129E+01
 -1       195 4.06371E+01
 -1       196 4.17936E+01
 -1       197 4.00664E+01
 -1       198 4.00664E+01
 -1       199 3.55975E+01
 -1       200 3.35065E+01
 -1       201 3.67939E+01
 -1       202 3.40683E+01
 -1       203 4.07743E+01
 -1       204 3.72143E+01
 -1       205 3.41790E+01
 -1       206 3.51320E+01
 -1       207 3.86389E+01
 -1       208 3.77814E+01
 -1       209 3.74960E+01
 -1       210 3.80811E+01
 -1       211 4.03518E+01
 -1       212 4.07284E+01
 -1       213 3.74081E+01
 -1       214 3.08571E+01
 -1       215 4.04430E+01
 -1       216 3.42582E+01
 -1       217 3.54098E+01
 -1       218 3.74081E+01
 -1       219 3.47548E+01
 -1       220 3.47347E+01
 -1       221 3.46555E+01
 -1       222 3.59445E+01
 -1       223 3.75760E+01
 -1       224 3.79531E+01
 -1       225 4.12003E+01
 -1       226 3.64542E+01
 -1       227 4.12839E+01
 -1       228 3.21641E+01
 -1       229 3.73376E+01
 -1       230 3.79310E+01
 -1       231 3.72143E+01
 -1       232 3.37371E+01
 -1       233 3.56413E+01
 -1       234 3.35528E+01
 -1       235 3.70041E+01
 -1       236 3.70041E+01
 -1       237 3.69637E+01
 -1       238 3.29546E+01
 -1       239 3.61957E+01
 -1       240 3.59182E+01
 -1       241 3.59182E+01
 -1       242 3.45520E+01
 -1       243 3.80811E+01
 -1       244 3.91981E+01
 -1       245 3.67864E+01
 -1       246 4.00664E+01
 -1       247 3.41790E+01
 -1       248 3.41790E+01
 -1       249 3.46555E+01
 -1       250 3.79531E+01
 -1       251 4.07743E+01
 -1       252 4.12839E+01
 -1       253 4.17936E+01
 -1       254 4.17936E+01
 -1       255 3.79310E+01
 -1       256 3.46668E+01
 -1       257 3.62398E+01
 -1       258 3.70041E+01
 -1       259 3.67939E+01
 -1       260 3.67939E+01
 -1       261 3.61957E+01
 -1       262 3.37112E+01
 -1       263 3.26657E+01
 -1       264 3.31162E+01
 -1       265 3.63962E+01
 -1       266 3.08571E+01
 -1       267 4.15137E+01
 -1       268 3.65052E+01
 -1       269 4.00664E+01
 -1       270 3.52411E+01
 -1       271 3.55975E+01
 -1       272 3.83299E+01
 -1       273 3.48455E+01
 -1       274 3.40683E+01
 -1       275 3.65265E+01
 -1       276 3.72143E+01
 -1       277 3.65548E+01
 -1       278 3.51320E+01
 -1       279 3.95033E+01
 -1       280 3.95033E+01
 -1       281 3.41509E+01
 -1       282 3.87796E+01
 -1       283 4.07901E+01
 -1       284 4.15137E+01
 -1       285 3.96178E+01
 -1       286 3.88941E+01
 -1       287 3.76537E+01
 -1       288 3.70238E+01
 -1       289 3.65548E+01
 -1       290 3.90343E+01
 -1       291 3.58434E+01
 -1       292 3.47548E+01
 -1       293 3.58434E+01
 -1       294 3.54521E+01
 -1       295 3.85667E+01
 -1       296 3.58292E+01
 -1       297 3.85561E+01
 -1       298 3.85561E+01
 -1       299 3.65158E+01
 -1       300 3.73376E+01
 -1       301 3.56413E+01
 -1       302 3.52868E+01
 -1       303 3.72143E+01
 -1       304 3.16975E+01
 -1       305 3.56413E+01
 -1       306 3.05131E+01
 -1       307 3.31368E+01
 -1       308 3.60299E+01
 -1       309 3.35128E+01
 -1       310 3.54163E+01
 -1       311 3.52215E+01
 -1       312 3.67825E+01
 -1       313 3.83299E+01
 -1       314 3.69637E+01
 -1       315 3.67855E+01
 -1       316 3.17383E+01
 -1       317 3.67855E+01
 -1       318 3.76537E+01
 -1       319 3.01369E+01
 -1       320 3.90343E+01
 -1       321 3.58292E+01
 -1       322 2.94254E+01
 -1       323 3.45853E+01
 -1       324 3.65265E+01
 -1       325 3.44774E+01
 -1       326 3.45747E+01
 -1       327 3.32590E+01
 -1       328 3.32590E+01
 -1       329 3.06085E+01
 -1       330 3.48320E+01
 -1       331 3.30996E+01
 -1       332 2.94241E+01
 -1       333 3.49088E+01
 -1       334 3.34756E+01
 -1       335 3.67855E+01
 -1       336 3.62750E+01
 -1       337 3.52411E+01
 -1       338 3.52411E+01
 -1       339 3.42201E+01
 -1       340 3.52411E+01
 -1       341 3.41790E+01
 -1       342 3.65265E+01
 -1       343 3.55975E+01
 -1       344 3.67939E+01
 -1       345 2.56176E+01
 -1       346 4.00664E+01
 -1       347 4.06371E+01
 -1       348 4.08196E+01
 -1       349 4.15137E+01
 -1       350 3.52768E+01
 -1       351 3.52653E+01
 -1       352 3.24497E+01
 -1       353 4.17936E+01
 -1       354 4.07743E+01
 -1       355 4.08196E+01
 -1       356 3.74993E+01
 -1       357 3.32186E+01
 -1       358 2.36327E+01
 -1       359 3.32186E+01
 -1       360 4.08196E+01
 -1       361 3.96178E+01
 -1       362 4.15137E+01
 -1       363 3.64993E+01
 -1       364 3.52589E+01
 -1       365 3.96178E+01
 -1       366 3.64993E+01
 -1       367 3.41790E+01
 -1       368 3.41790E+01
 -1       369 3.74081E+01
 -1       370 3.74081E+01
 -1       371 4.07284E+01
 -1       372 3.53527E+01
 -1       373 3.86504E+01
 -1       374 3.53527E+01
 -1       375 4.07743E+01
 -1       376 4.12839E+01
 -1       377 3.86504E+01
 -1       378 4.17936E+01
 -1       379 4.17936E+01
 -1       380 4.12839E+01
 -1       381 3.71216E+01
 -1       382 3.38575E+01
 -1       383 3.71216E+01
 -1       384 3.60296E+01
 -1       385 3.52653E+01
 -1       386 3.38575E+01
 -1       387 3.67939E+01
 -1       388 3.67939E+01
 -1       389 3.60296E+01
 -1       390 3.61957E+01
 -1       391 3.37112E+01
 -1       392 3.61957E+01
 -1       393 3.30225E+01
 -1       394 3.34730E+01
 -1       395 3.49088E+01
 -1       396 3.39835E+01
 -1       397 2.84444E+01
 -1       398 3.47306E+01
 -1       399 3.76537E+01
 -1       400 3.08571E+01
 -1       401 3.28420E+01
 -1       402 2.89489E+01
 -1       403 3.78464E+01
 -1       404 4.10754E+01
 -1       405 4.10754E+01
 -1       406 3.65265E+01
 -1       407 3.01227E+01
 -1       408 3.67092E+01
 -1       409 3.86504E+01
 -1       410 3.71216E+01
 -1       411 3.72189E+01
 -1       412 3.24497E+01
 -1       413 3.24497E+01
 -1       414 3.38575E+01
 -1       415 2.96340E+01
 -1       416 3.40738E+01
 -1       417 3.03983E+01
 -1       418 3.49088E+01
 -1       419 3.34756E+01
 -1       420 3.47306E+01
 -1       421 3.42201E+01
 -1       422 3.52411E+01
 -1       423 3.52411E+01
 -1       424 3.76537E+01
 -1       425 3.76716E+01
 -1       426 4.11667E+01
 -1       427 3.80482E+01
 -1       428 4.04430E+01
 -1       429 4.07284E+01
 -1       430 2.09124E+01
 -1       431 2.29551E+01
 -1       432 2.30587E+01
 -1       433 2.30948E+01
 -1       434 3.08884E+01
 -1       435 2.09124E+01
 -1       436 1.95918E+01
 -1       437 2.30587E+01
 -1       438 2.30948E+01
 -1       439 2.32344E+01
 -1       440 2.32344E+01
 -1       441 2.32344E+01
 -1       442 2.30948E+01
 -1       443 2.30948E+01
 -1       444 1.67694E+01
 -1       445 1.66341E+01
 -1       446 2.27022E+01
 -1       447 2.16286E+01
 -1       448 2.54580E+01
 -1       449 2.76559E+01
 -1       450 2.88290E+01
 -1       451 3.13627E+01
 -1       452 3.13627E+01
 -1       453 2.82382E+01
 -1       454 2.99427E+01
 -1       455 2.60648E+01
 -1       456 2.51984E+01
 -1       457 2.79538E+01
 -1       458 2.46284E+01
 -1       459 2.78038E+01
 -1       460 3.05267E+01
 -1       461 2.99932E+01
 -1       462 2.98796E+01
 -1       463 2.77696E+01
 -1       464 2.62691E+01
 -1       465 2.98796E+01
 -1       466 2.34341E+01
 -1       467 3.08884E+01
 -1       468 3.08884E+01
 -1       469 3.08884E+01
 -1       470 2.79538E+01
 -1       471 2.78178E+01
 -1       472 2.90167E+01
 -1       473 3.05267E+01
 -1       474 1.89957E+01
 -1       475 2.62790E+01
 -1       476 1.99108E+01
 -1       477 2.85226E+01
 -1       478 2.04475E+01
 -1       479 1.51338E+01
 -1       480 2.10802E+01
 -1       481 2.62585E+01
 -1       482 2.49421E+01
 -1       483 2.76559E+01
 -1       484 2.54580E+01
 -1       485 2.40062E+01
 -1       486 2.56368E+01
 -1       487 2.31030E+01
 -1       488 2.44637E+01
 -1       489 2.95903E+01
 -1       490 2.95903E+01
 -1       491 2.38643E+01
 -1       492 2.82382E+01
 -1       493 2.99427E+01
 -1       494 2.81702E+01
 -1       495 2.70873E+01
 -1       496 2.79538E+01
 -1       497 2.82382E+01
 -1       498 2.78038E+01
 -1       499 2.83738E+01
 -1       500 2.92403E+01
 -1       501 3.05267E+01
 -1       502 3.05940E+01
 -1       503 3.07076E+01
 -1       504 3.07076E+01
 -1       505 2.90935E+01
 -1       506 2.39538E+01
 -1       507 2.67888E+01
 -1       508 2.85837E+01
 -1       509 2.85837E+01
 -1       510 3.08884E+01
 -1       511 3.08884E+01
 -1       512 3.08884E+01
 -1       513 2.99526E+01
 -1       514 2.99526E+01
 -1       515 3.07076E+01
 -1       516 2.93531E+01
 -1       517 2.78858E+01
 -1       518 2.94211E+01
 -1       519 2.84172E+01
 -1       520 3.08884E+01
 -1       521 2.62790E+01
 -1       522 3.02995E+01
 -1       523 2.74434E+01
 -1       524 3.13627E+01
 -1       525 2.90167E+01
 -1       526 3.05267E+01
 -1       527 1.89957E+01
 -1       528 2.08230E+01
 -1       529 2.90167E+01
 -1       530 2.85226E+01
 -1       531 1.53176E+01
 -1       532 2.12504E+01
 -1       533 2.39538E+01
 -1       534 1.89593E+01
 -1       535 2.26373E+01
 -1       536 2.62609E+01
 -1       537 2.90167E+01
 -1       538 2.40062E+01
 -1       539 2.90167E+01
 -1       540 3.01897E+01
 -1       541 2.90167E+01
 -1       542 3.13627E+01
 -1       543 2.99427E+01
 -1       544 3.01897E+01
 -1       545 2.85226E+01
 -1       546 2.82382E+01
 -1       547 2.99427E+01
 -1       548 2.76986E+01
 -1       549 2.58096E+01
 -1       550 2.79830E+01
 -1       551 2.73513E+01
 -1       552 3.05267E+01
 -1       553 2.89851E+01
 -1       554 2.99932E+01
 -1       555 2.98796E+01
 -1       556 2.98796E+01
 -1       557 3.04131E+01
 -1       558 2.77696E+01
 -1       559 2.30313E+01
 -1       560 2.12258E+01
 -1       561 2.55613E+01
 -1       562 2.35510E+01
 -1       563 2.85837E+01
 -1       564 2.82893E+01
 -1       565 3.05940E+01
 -1       566 2.99526E+01
 -1       567 2.76478E+01
 -1       568 3.07076E+01
 -1       569 2.91659E+01
 -1       570 2.94031E+01
 -1       571 3.11256E+01
 -1       572 3.01897E+01
 -1       573 3.51320E+01
 -1       574 4.15137E+01
 -1       575 4.08196E+01
 -1       576 3.58434E+01
 -1       577 3.47548E+01
 -1       578 3.47347E+01
 -1       579 3.47548E+01
 -1       580 3.71216E+01
 -1       581 4.17936E+01
 -1       582 3.44774E+01
 -1       583 3.91494E+01
 -1       584 3.91494E+01
 -1       585 3.46668E+01
 -1       586 3.32590E+01
 -1       587 3.46668E+01
 -1       588 3.32590E+01
 -1       589 3.40683E+01
 -1       590 3.58197E+01
 -1       591 3.58197E+01
 -1       592 3.67939E+01
 -1       593 3.60296E+01
 -1       594 3.50554E+01
 -1       595 4.07743E+01
 -1       596 3.86504E+01
 -1       597 3.65265E+01
 -1       598 3.86504E+01
 -1       599 3.86504E+01
 -1       600 3.43738E+01
 -1       601 3.38633E+01
 -1       602 3.62750E+01
 -1       603 3.59182E+01
 -1       604 3.67855E+01
 -1       605 4.00664E+01
 -1       606 4.00664E+01
 -1       607 4.00664E+01
 -1       608 4.00664E+01
 -1       609 4.00664E+01
 -1       610 3.79310E+01
 -1       611 3.76537E+01
 -1       612 3.76537E+01
 -1       613 3.79531E+01
 -1       614 3.58292E+01
 -1       615 3.60299E+01
 -1       616 3.62398E+01
 -1       617 3.62398E+01
 -1       618 3.56413E+01
 -1       619 3.76537E+01
 -1       620 3.91981E+01
 -1       621 3.52411E+01
 -1       622 3.58292E+01
 -1       623 3.51320E+01
 -1       624 3.72143E+01
 -1       625 4.08196E+01
 -1       626 3.92707E+01
 -1       627 3.80482E+01
 -1       628 3.28420E+01
 -1       629 4.04430E+01
 -1       630 4.04430E+01
 -1       631 3.55975E+01
 -1       632 3.54163E+01
 -1       633 3.69637E+01
 -1       634 3.74960E+01
 -1       635 4.04430E+01
 -1       636 4.04430E+01
 -1       637 3.78726E+01
 -1       638 4.12839E+01
 -1       639 3.91600E+01
 -1       640 3.52215E+01
 -1       641 3.61957E+01
 -1       642 3.41509E+01
 -1       643 3.83299E+01
 -1       644 3.76716E+01
 -1       645 3.45520E+01
 -1       646 3.69637E+01
 -1       647 4.07284E+01
 -1       648 4.06371E+01
 -1       649 3.46555E+01
 -1       650 3.78464E+01
 -1       651 3.83228E+01
 -1       652 3.90201E+01
 -1       653 3.46555E+01
 -1       654 3.83228E+01
 -1       655 3.35128E+01
 -1       656 3.80811E+01
 -1       657 3.91981E+01
 -1       658 3.83299E+01
 -1       659 4.15137E+01
 -1       660 4.10754E+01
 -1       661 4.15137E+01
 -1       662 3.91600E+01
 -1       663 4.12003E+01
 -1       664 4.12003E+01
 -1       665 3.52215E+01
 -1       666 3.55975E+01
 -1       667 3.55975E+01
 -1       668 3.73376E+01
 -1       669 3.41110E+01
 -1       670 4.06906E+01
 -1       671 3.56413E+01
 -1       672 3.60299E+01
 -1       673 3.72143E+01
 -1       674 3.72143E+01
 -1       675 3.51320E+01
 -1       676 3.51320E+01
 -1       677 3.83228E+01
 -1       678 3.53669E+01
 -1       679 3.91562E+01
 -1       680 3.41790E+01
 -1       681 3.54521E+01
 -1       682 4.15137E+01
 -1       683 4.15137E+01
 -1       684 3.90343E+01
 -1       685 3.78464E+01
 -1       686 3.74081E+01
 -1       687 3.79256E+01
 -1       688 3.95033E+01
 -1       689 3.90343E+01
 -1       690 4.08196E+01
 -1       691 4.07284E+01
 -1       692 4.07284E+01
 -1       693 3.87301E+01
 -1       694 4.08196E+01
 -1       695 4.11667E+01
 -1       696 3.90772E+01
 -1       697 3.91562E+01
 -1       698 4.10754E+01
 -1       699 4.11667E+01
 -1       700 4.11667E+01
 -1       701 3.92707E+01
 -1       702 3.58292E+01
 -1       703 3.79531E+01
 -1       704 2.32344E+01
 -1       705 2.32344E+01
 -1       706 2.32344E+01
 -1       707 2.30948E+01
 -1       708 2.30587E+01
 -1       709 2.35052E+01
 -1       710 2.05138E+01
 -1       711 2.58876E+01
 -1       712 2.50317E+01
 -1       713 2.66655E+01
 -1       714 2.82072E+01
 -1       715 2.82072E+01
 -1       716 2.79538E+01
 -1       717 2.76986E+01
 -1       718 2.42338E+01
 -1       719 2.39786E+01
 -1       720 2.42338E+01
 -1       721 2.42338E+01
 -1       722 1.89957E+01
 -1       723 2.12504E+01
 -1       724 2.35052E+01
 -1       725 2.12504E+01
 -1       726 2.12504E+01
 -1       727 2.68322E+01
 -1       728 2.33673E+01
 -1       729 3.05267E+01
 -1       730 2.82072E+01
 -1       731 2.54842E+01
 -1       732 2.23448E+01
 -1       733 2.82382E+01
 -1       734 2.79830E+01
 -1       735 2.85226E+01
 -1       736 2.44637E+01
 -1       737 2.90167E+01
 -1       738 2.84172E+01
 -1       739 2.99427E+01
 -1       740 2.62790E+01
 -1       741 2.39538E+01
 -1       742 2.35510E+01
 -1       743 3.01897E+01
 -1       744 3.05267E+01
 -1       745 2.93531E+01
 -1       746 2.94211E+01
 -1       747 2.99526E+01
 -1       748 2.96583E+01
 -1       749 2.84172E+01
 -1       750 2.90167E+01
 -1       751 3.08884E+01
 -1       752 2.95903E+01
 -1       753 2.76478E+01
 -1       754 2.85837E+01
 -1       755 1.53176E+01
 -1       756 2.76559E+01
 -1       757 2.85226E+01
 -1       758 2.57593E+01
 -1       759 2.49421E+01
 -1       760 2.12640E+01
 -1       761 2.27022E+01
 -1       762 2.62585E+01
 -1       763 3.13627E+01
 -1       764 2.89851E+01
 -1       765 3.13627E+01
 -1       766 2.62609E+01
 -1       767 2.82893E+01
 -1       768 3.02995E+01
 -1       769 2.90167E+01
 -1       770 2.85837E+01
 -1       771 3.08884E+01
 -1       772 3.07076E+01
 -1       773 3.04131E+01
 -1       774 3.05940E+01
 -1       775 2.87991E+01
 -1       776 3.04131E+01
 -1       777 3.05267E+01
 -1       778 2.62609E+01
 -1       779 2.62609E+01
 -1       780 2.71968E+01
 -1       781 2.48921E+01
 -1       782 2.60543E+01
 -3
 9999
