    1C
    1UUSER                                                              
    1UDATE              05.september.2026                               
    1UTIME              14:27:34                                        
    1UHOST                                                              
    1UPGM               CalculiX                                        
    1UVERSION           Version 2.18                             
    1UCOMPILETIME       Thu Oct 14 16:21:20 EEST 2021                    
    1UDIR                                                               
    1UDBN                                                               
    1UMAT    1FEMPART002_MATERIAL                                       
    2C                           782                                     1
 -1         1-5.00000E-15 5.00000E+00 2.12000E+02
 -1         2-5.00000E-15-5.00000E+00 2.12000E+02
 -1         3-2.00000E-15 5.00000E+00 2.00000E+02
 -1         4-2.00000E-15-5.00000E+00 2.00000E+02
 -1         5-5.00000E+00-3.00000E+00 1.80000E+02
 -1         6-5.00000E+00-3.00000E+00 4.80000E+01
 -1         7-5.00000E+00 3.00000E+00 1.80000E+02
 -1         8-5.00000E+00 3.00000E+00 4.80000E+01
 -1         9 5.00000E+00-3.00000E+00 1.80000E+02
 -1        10 5.00000E+00-3.00000E+00 4.80000E+01
 -1        11 5.00000E+00 3.00000E+00 1.80000E+02
 -1        12 5.00000E+00 3.00000E+00 4.80000E+01
 -1        13-7.00000E-15 5.00000E+00 7.60000E+01
 -1        14-7.00000E-15-5.00000E+00 7.60000E+01
 -1        15 1.00000E+01 5.00000E+00 2.09321E+02
 -1        16 1.73205E+01 5.00000E+00 2.02000E+02
 -1        17 2.00000E+01 5.00000E+00 1.92000E+02
 -1        18 1.73205E+01 5.00000E+00 1.82000E+02
 -1        19 1.00000E+01 5.00000E+00 1.74679E+02
 -1        20-1.13014E-13 5.00000E+00 1.72000E+02
 -1        21-1.00000E+01 5.00000E+00 1.74679E+02
 -1        22-1.73205E+01 5.00000E+00 1.82000E+02
 -1        23-2.00000E+01 5.00000E+00 1.92000E+02
 -1        24-1.73205E+01 5.00000E+00 2.02000E+02
 -1        25-1.00000E+01 5.00000E+00 2.09321E+02
 -1        26 5.17638E+00 5.00000E+00 2.11319E+02
 -1        27 1.41421E+01 5.00000E+00 2.06142E+02
 -1        28 1.93185E+01 5.00000E+00 1.97176E+02
 -1        29 1.93185E+01 5.00000E+00 1.86824E+02
 -1        30 1.41421E+01 5.00000E+00 1.77858E+02
 -1        31 5.17638E+00 5.00000E+00 1.72681E+02
 -1        32-5.17638E+00 5.00000E+00 1.72681E+02
 -1        33-1.41421E+01 5.00000E+00 1.77858E+02
 -1        34-1.93185E+01 5.00000E+00 1.86824E+02
 -1        35-1.93185E+01 5.00000E+00 1.97176E+02
 -1        36-1.41421E+01 5.00000E+00 2.06142E+02
 -1        37-5.17638E+00 5.00000E+00 2.11319E+02
 -1        38-4.90000E-15 0.00000E+00 2.12000E+02
 -1        39 1.00000E+01-5.00000E+00 2.09321E+02
 -1        40 1.73205E+01-5.00000E+00 2.02000E+02
 -1        41 2.00000E+01-5.00000E+00 1.92000E+02
 -1        42 1.73205E+01-5.00000E+00 1.82000E+02
 -1        43 1.00000E+01-5.00000E+00 1.74679E+02
 -1        44-1.13014E-13-5.00000E+00 1.72000E+02
 -1        45-1.00000E+01-5.00000E+00 1.74679E+02
 -1        46-1.73205E+01-5.00000E+00 1.82000E+02
 -1        47-2.00000E+01-5.00000E+00 1.92000E+02
 -1        48-1.73205E+01-5.00000E+00 2.02000E+02
 -1        49-1.00000E+01-5.00000E+00 2.09321E+02
 -1        50 5.17638E+00-5.00000E+00 2.11319E+02
 -1        51 1.41421E+01-5.00000E+00 2.06142E+02
 -1        52 1.93185E+01-5.00000E+00 1.97176E+02
 -1        53 1.93185E+01-5.00000E+00 1.86824E+02
 -1        54 1.41421E+01-5.00000E+00 1.77858E+02
 -1        55 5.17638E+00-5.00000E+00 1.72681E+02
 -1        56-5.17638E+00-5.00000E+00 1.72681E+02
 -1        57-1.41421E+01-5.00000E+00 1.77858E+02
 -1        58-1.93185E+01-5.00000E+00 1.86824E+02
 -1        59-1.93185E+01-5.00000E+00 1.97176E+02
 -1        60-1.41421E+01-5.00000E+00 2.06142E+02
 -1        61-5.17638E+00-5.00000E+00 2.11319E+02
 -1        62 4.00000E+00 5.00000E+00 1.98928E+02
 -1        63 6.92820E+00 5.00000E+00 1.96000E+02
 -1        64 8.00000E+00 5.00000E+00 1.92000E+02
 -1        65 6.92820E+00 5.00000E+00 1.88000E+02
 -1        66 4.00000E+00 5.00000E+00 1.85072E+02
 -1        67-4.52056E-14 5.00000E+00 1.84000E+02
 -1        68-4.00000E+00 5.00000E+00 1.85072E+02
 -1        69-6.92820E+00 5.00000E+00 1.88000E+02
 -1        70-8.00000E+00 5.00000E+00 1.92000E+02
 -1        71-6.92820E+00 5.00000E+00 1.96000E+02
 -1        72-4.00000E+00 5.00000E+00 1.98928E+02
 -1        73 2.07055E+00 5.00000E+00 1.99727E+02
 -1        74 5.65685E+00 5.00000E+00 1.97657E+02
 -1        75 7.72741E+00 5.00000E+00 1.94071E+02
 -1        76 7.72741E+00 5.00000E+00 1.89929E+02
 -1        77 5.65685E+00 5.00000E+00 1.86343E+02
 -1        78 2.07055E+00 5.00000E+00 1.84273E+02
 -1        79-2.07055E+00 5.00000E+00 1.84273E+02
 -1        80-5.65685E+00 5.00000E+00 1.86343E+02
 -1        81-7.72741E+00 5.00000E+00 1.89929E+02
 -1        82-7.72741E+00 5.00000E+00 1.94071E+02
 -1        83-5.65685E+00 5.00000E+00 1.97657E+02
 -1        84-2.07055E+00 5.00000E+00 1.99727E+02
 -1        85 4.00000E+00-5.00000E+00 1.98928E+02
 -1        86 6.92820E+00-5.00000E+00 1.96000E+02
 -1        87 8.00000E+00-5.00000E+00 1.92000E+02
 -1        88 6.92820E+00-5.00000E+00 1.88000E+02
 -1        89 4.00000E+00-5.00000E+00 1.85072E+02
 -1        90-4.52056E-14-5.00000E+00 1.84000E+02
 -1        91-4.00000E+00-5.00000E+00 1.85072E+02
 -1        92-6.92820E+00-5.00000E+00 1.88000E+02
 -1        93-8.00000E+00-5.00000E+00 1.92000E+02
 -1        94-6.92820E+00-5.00000E+00 1.96000E+02
 -1        95-4.00000E+00-5.00000E+00 1.98928E+02
 -1        96 2.07055E+00-5.00000E+00 1.99727E+02
 -1        97 5.65685E+00-5.00000E+00 1.97657E+02
 -1        98 7.72741E+00-5.00000E+00 1.94071E+02
 -1        99 7.72741E+00-5.00000E+00 1.89929E+02
 -1       100 5.65685E+00-5.00000E+00 1.86343E+02
 -1       101 2.07055E+00-5.00000E+00 1.84273E+02
 -1       102-2.07055E+00-5.00000E+00 1.84273E+02
 -1       103-5.65685E+00-5.00000E+00 1.86343E+02
 -1       104-7.72741E+00-5.00000E+00 1.89929E+02
 -1       105-7.72741E+00-5.00000E+00 1.94071E+02
 -1       106-5.65685E+00-5.00000E+00 1.97657E+02
 -1       107-2.07055E+00-5.00000E+00 1.99727E+02
 -1       108-1.96000E-15-1.66667E+00 2.00000E+02
 -1       109-1.96000E-15 1.66667E+00 2.00000E+02
 -1       110-1.96000E-15-3.33333E+00 2.00000E+02
 -1       111-1.96000E-15 8.88178E-16 2.00000E+02
 -1       112-1.96000E-15 3.33333E+00 2.00000E+02
 -1       113-5.00000E+00-3.00000E+00 1.14000E+02
 -1       114-5.00000E+00 0.00000E+00 1.80000E+02
 -1       115-5.00000E+00 3.00000E+00 1.14000E+02
 -1       116-5.00000E+00 0.00000E+00 4.80000E+01
 -1       117 5.00000E+00-3.00000E+00 1.14000E+02
 -1       118 5.00000E+00 0.00000E+00 1.80000E+02
 -1       119 5.00000E+00 3.00000E+00 1.14000E+02
 -1       120 5.00000E+00 0.00000E+00 4.80000E+01
 -1       121 0.00000E+00-3.00000E+00 4.80000E+01
 -1       122 0.00000E+00-3.00000E+00 1.80000E+02
 -1       123 0.00000E+00 3.00000E+00 4.80000E+01
 -1       124 0.00000E+00 3.00000E+00 1.80000E+02
 -1       125 1.40000E+01 5.00000E+00 7.22487E+01
 -1       126 2.42487E+01 5.00000E+00 6.20000E+01
 -1       127 2.80000E+01 5.00000E+00 4.80000E+01
 -1       128 2.42487E+01 5.00000E+00 3.40000E+01
 -1       129 1.40000E+01 5.00000E+00 2.37513E+01
 -1       130-1.70654E-13 5.00000E+00 2.00000E+01
 -1       131-1.40000E+01 5.00000E+00 2.37513E+01
 -1       132-2.42487E+01 5.00000E+00 3.40000E+01
 -1       133-2.80000E+01 5.00000E+00 4.80000E+01
 -1       134-2.42487E+01 5.00000E+00 6.20000E+01
 -1       135-1.40000E+01 5.00000E+00 7.22487E+01
 -1       136 7.24693E+00 5.00000E+00 7.50459E+01
 -1       137 1.97990E+01 5.00000E+00 6.77990E+01
 -1       138 2.70459E+01 5.00000E+00 5.52469E+01
 -1       139 2.70459E+01 5.00000E+00 4.07531E+01
 -1       140 1.97990E+01 5.00000E+00 2.82010E+01
 -1       141 7.24693E+00 5.00000E+00 2.09541E+01
 -1       142-7.24693E+00 5.00000E+00 2.09541E+01
 -1       143-1.97990E+01 5.00000E+00 2.82010E+01
 -1       144-2.70459E+01 5.00000E+00 4.07531E+01
 -1       145-2.70459E+01 5.00000E+00 5.52469E+01
 -1       146-1.97990E+01 5.00000E+00 6.77990E+01
 -1       147-7.24693E+00 5.00000E+00 7.50459E+01
 -1       148-6.86000E-15 0.00000E+00 7.60000E+01
 -1       149 1.40000E+01-5.00000E+00 7.22487E+01
 -1       150 2.42487E+01-5.00000E+00 6.20000E+01
 -1       151 2.80000E+01-5.00000E+00 4.80000E+01
 -1       152 2.42487E+01-5.00000E+00 3.40000E+01
 -1       153 1.40000E+01-5.00000E+00 2.37513E+01
 -1       154-1.70654E-13-5.00000E+00 2.00000E+01
 -1       155-1.40000E+01-5.00000E+00 2.37513E+01
 -1       156-2.42487E+01-5.00000E+00 3.40000E+01
 -1       157-2.80000E+01-5.00000E+00 4.80000E+01
 -1       158-2.42487E+01-5.00000E+00 6.20000E+01
 -1       159-1.40000E+01-5.00000E+00 7.22487E+01
 -1       160 7.24693E+00-5.00000E+00 7.50459E+01
 -1       161 1.97990E+01-5.00000E+00 6.77990E+01
 -1       162 2.70459E+01-5.00000E+00 5.52469E+01
 -1       163 2.70459E+01-5.00000E+00 4.07531E+01
 -1       164 1.97990E+01-5.00000E+00 2.82010E+01
 -1       165 7.24693E+00-5.00000E+00 2.09541E+01
 -1       166-7.24693E+00-5.00000E+00 2.09541E+01
 -1       167-1.97990E+01-5.00000E+00 2.82010E+01
 -1       168-2.70459E+01-5.00000E+00 4.07531E+01
 -1       169-2.70459E+01-5.00000E+00 5.52469E+01
 -1       170-1.97990E+01-5.00000E+00 6.77990E+01
 -1       171-7.24693E+00-5.00000E+00 7.50459E+01
 -1       172 5.17638E+00 0.00000E+00 2.11319E+02
 -1       173-5.17638E+00 0.00000E+00 2.11319E+02
 -1       174 1.00000E+01 0.00000E+00 2.09321E+02
 -1       175-1.00000E+01 0.00000E+00 2.09321E+02
 -1       176 1.41421E+01 0.00000E+00 2.06142E+02
 -1       177 1.93185E+01 0.00000E+00 1.97176E+02
 -1       178 2.00000E+01 0.00000E+00 1.92000E+02
 -1       179 1.73205E+01 0.00000E+00 2.02000E+02
 -1       180 1.93185E+01 0.00000E+00 1.86824E+02
 -1       181 1.73205E+01 0.00000E+00 1.82000E+02
 -1       182 1.41421E+01 0.00000E+00 1.77858E+02
 -1       183 1.00000E+01 0.00000E+00 1.74679E+02
 -1       184 5.17638E+00 0.00000E+00 1.72681E+02
 -1       185-5.17638E+00 0.00000E+00 1.72681E+02
 -1       186-1.13014E-13 0.00000E+00 1.72000E+02
 -1       187-1.41421E+01 0.00000E+00 1.77858E+02
 -1       188-1.73205E+01 0.00000E+00 1.82000E+02
 -1       189-1.00000E+01 0.00000E+00 1.74679E+02
 -1       190-1.93185E+01 0.00000E+00 1.86824E+02
 -1       191-1.93185E+01 0.00000E+00 1.97176E+02
 -1       192-1.73205E+01 0.00000E+00 2.02000E+02
 -1       193-2.00000E+01 0.00000E+00 1.92000E+02
 -1       194-1.41421E+01 0.00000E+00 2.06142E+02
 -1       195 3.41624E+00 5.00000E+00 2.04750E+02
 -1       196 9.33333E+00 5.00000E+00 1.82667E+02
 -1       197-3.47208E+00 5.00000E+00 2.04541E+02
 -1       198-9.28680E+00 5.00000E+00 2.01090E+02
 -1       199-1.27496E+01 5.00000E+00 1.88584E+02
 -1       200-1.23808E+01 5.00000E+00 1.95279E+02
 -1       201-9.12493E+00 5.00000E+00 1.82723E+02
 -1       202 3.26367E+00 5.00000E+00 1.79403E+02
 -1       203 1.25970E+01 5.00000E+00 1.88736E+02
 -1       204-3.31021E+00 5.00000E+00 1.79646E+02
 -1       205 9.27749E+00 5.00000E+00 2.01125E+02
 -1       206 1.23539E+01 5.00000E+00 1.95310E+02
 -1       207 6.70812E+00 5.00000E+00 2.07035E+02
 -1       208 1.70812E+00 5.00000E+00 2.08375E+02
 -1       209-1.73604E+00 5.00000E+00 2.08271E+02
 -1       210-6.73604E+00 5.00000E+00 2.06931E+02
 -1       211-2.79210E-02 5.00000E+00 2.04645E+02
 -1       212 1.70812E+00 5.00000E+00 2.02375E+02
 -1       213 3.70812E+00 5.00000E+00 2.01839E+02
 -1       214-3.73604E+00 5.00000E+00 2.01735E+02
 -1       215-1.73604E+00 5.00000E+00 2.02271E+02
 -1       216 1.32990E+01 5.00000E+00 2.01562E+02
 -1       217 9.63875E+00 5.00000E+00 2.05223E+02
 -1       218 6.34686E+00 5.00000E+00 2.02937E+02
 -1       219 1.61769E+01 5.00000E+00 1.93655E+02
 -1       220 1.48372E+01 5.00000E+00 1.98655E+02
 -1       221 1.08157E+01 5.00000E+00 1.98218E+02
 -1       222 1.49588E+01 5.00000E+00 1.85368E+02
 -1       223 1.62985E+01 5.00000E+00 1.90368E+02
 -1       224 1.24754E+01 5.00000E+00 1.92023E+02
 -1       225 9.66667E+00 5.00000E+00 1.78673E+02
 -1       226 1.33269E+01 5.00000E+00 1.82333E+02
 -1       227 1.09652E+01 5.00000E+00 1.85701E+02
 -1       228 1.63184E+00 5.00000E+00 1.75701E+02
 -1       229 6.63184E+00 5.00000E+00 1.77041E+02
 -1       230 6.29850E+00 5.00000E+00 1.81035E+02
 -1       231-6.65510E+00 5.00000E+00 1.77163E+02
 -1       232-1.65510E+00 5.00000E+00 1.75823E+02
 -1       233-2.32675E-02 5.00000E+00 1.79525E+02
 -1       234-1.32227E+01 5.00000E+00 1.82361E+02
 -1       235-9.56246E+00 5.00000E+00 1.78701E+02
 -1       236-6.21757E+00 5.00000E+00 1.81184E+02
 -1       237-1.63748E+01 5.00000E+00 1.90292E+02
 -1       238-1.50350E+01 5.00000E+00 1.85292E+02
 -1       239-1.09372E+01 5.00000E+00 1.85653E+02
 -1       240-1.48507E+01 5.00000E+00 1.98639E+02
 -1       241-1.61904E+01 5.00000E+00 1.93639E+02
 -1       242-1.25652E+01 5.00000E+00 1.91931E+02
 -1       243-9.64340E+00 5.00000E+00 2.05205E+02
 -1       244-1.33037E+01 5.00000E+00 2.01545E+02
 -1       245-1.08338E+01 5.00000E+00 1.98185E+02
 -1       246-6.37944E+00 5.00000E+00 2.02816E+02
 -1       247 6.63875E+00 5.00000E+00 2.00027E+02
 -1       248 8.10285E+00 5.00000E+00 1.98562E+02
 -1       249 9.64104E+00 5.00000E+00 1.95655E+02
 -1       250 1.01769E+01 5.00000E+00 1.93655E+02
 -1       251 1.02985E+01 5.00000E+00 1.90368E+02
 -1       252 9.76261E+00 5.00000E+00 1.88368E+02
 -1       253 8.13077E+00 5.00000E+00 1.85333E+02
 -1       254 6.66667E+00 5.00000E+00 1.83869E+02
 -1       255 3.63184E+00 5.00000E+00 1.82237E+02
 -1       256 1.63184E+00 5.00000E+00 1.81701E+02
 -1       257-1.65510E+00 5.00000E+00 1.81823E+02
 -1       258-3.65510E+00 5.00000E+00 1.82359E+02
 -1       259-6.56246E+00 5.00000E+00 1.83897E+02
 -1       260-8.02657E+00 5.00000E+00 1.85361E+02
 -1       261-9.83889E+00 5.00000E+00 1.88292E+02
 -1       262-1.03748E+01 5.00000E+00 1.90292E+02
 -1       263-1.01904E+01 5.00000E+00 1.93639E+02
 -1       264-9.65452E+00 5.00000E+00 1.95639E+02
 -1       265-8.10750E+00 5.00000E+00 1.98545E+02
 -1       266-6.64340E+00 5.00000E+00 2.00009E+02
 -1       267 3.41624E+00-5.00000E+00 2.04750E+02
 -1       268 9.33333E+00-5.00000E+00 1.82667E+02
 -1       269-3.47208E+00-5.00000E+00 2.04541E+02
 -1       270-9.28680E+00-5.00000E+00 2.01090E+02
 -1       271-1.27496E+01-5.00000E+00 1.88584E+02
 -1       272-1.23808E+01-5.00000E+00 1.95279E+02
 -1       273-9.12493E+00-5.00000E+00 1.82723E+02
 -1       274 3.26367E+00-5.00000E+00 1.79403E+02
 -1       275 1.25970E+01-5.00000E+00 1.88736E+02
 -1       276-3.31021E+00-5.00000E+00 1.79646E+02
 -1       277 9.27749E+00-5.00000E+00 2.01125E+02
 -1       278 1.23539E+01-5.00000E+00 1.95310E+02
 -1       279 1.70812E+00-5.00000E+00 2.08375E+02
 -1       280 6.70812E+00-5.00000E+00 2.07035E+02
 -1       281-6.73604E+00-5.00000E+00 2.06931E+02
 -1       282-1.73604E+00-5.00000E+00 2.08271E+02
 -1       283-2.79210E-02-5.00000E+00 2.04645E+02
 -1       284 3.70812E+00-5.00000E+00 2.01839E+02
 -1       285 1.70812E+00-5.00000E+00 2.02375E+02
 -1       286-1.73604E+00-5.00000E+00 2.02271E+02
 -1       287-3.73604E+00-5.00000E+00 2.01735E+02
 -1       288 9.63875E+00-5.00000E+00 2.05223E+02
 -1       289 1.32990E+01-5.00000E+00 2.01562E+02
 -1       290 6.34686E+00-5.00000E+00 2.02937E+02
 -1       291 1.48372E+01-5.00000E+00 1.98655E+02
 -1       292 1.61769E+01-5.00000E+00 1.93655E+02
 -1       293 1.08157E+01-5.00000E+00 1.98218E+02
 -1       294 1.62985E+01-5.00000E+00 1.90368E+02
 -1       295 1.49588E+01-5.00000E+00 1.85368E+02
 -1       296 1.24754E+01-5.00000E+00 1.92023E+02
 -1       297 1.33269E+01-5.00000E+00 1.82333E+02
 -1       298 9.66667E+00-5.00000E+00 1.78673E+02
 -1       299 1.09652E+01-5.00000E+00 1.85701E+02
 -1       300 6.63184E+00-5.00000E+00 1.77041E+02
 -1       301 1.63184E+00-5.00000E+00 1.75701E+02
 -1       302 6.29850E+00-5.00000E+00 1.81035E+02
 -1       303-1.65510E+00-5.00000E+00 1.75823E+02
 -1       304-6.65510E+00-5.00000E+00 1.77163E+02
 -1       305-2.32675E-02-5.00000E+00 1.79525E+02
 -1       306-9.56246E+00-5.00000E+00 1.78701E+02
 -1       307-1.32227E+01-5.00000E+00 1.82361E+02
 -1       308-6.21757E+00-5.00000E+00 1.81184E+02
 -1       309-1.50350E+01-5.00000E+00 1.85292E+02
 -1       310-1.63748E+01-5.00000E+00 1.90292E+02
 -1       311-1.09372E+01-5.00000E+00 1.85653E+02
 -1       312-1.61904E+01-5.00000E+00 1.93639E+02
 -1       313-1.48507E+01-5.00000E+00 1.98639E+02
 -1       314-1.25652E+01-5.00000E+00 1.91931E+02
 -1       315-1.33037E+01-5.00000E+00 2.01545E+02
 -1       316-9.64340E+00-5.00000E+00 2.05205E+02
 -1       317-1.08338E+01-5.00000E+00 1.98185E+02
 -1       318-6.37944E+00-5.00000E+00 2.02816E+02
 -1       319 8.10285E+00-5.00000E+00 1.98562E+02
 -1       320 6.63875E+00-5.00000E+00 2.00027E+02
 -1       321 1.01769E+01-5.00000E+00 1.93655E+02
 -1       322 9.64104E+00-5.00000E+00 1.95655E+02
 -1       323 9.76261E+00-5.00000E+00 1.88368E+02
 -1       324 1.02985E+01-5.00000E+00 1.90368E+02
 -1       325 6.66667E+00-5.00000E+00 1.83869E+02
 -1       326 8.13077E+00-5.00000E+00 1.85333E+02
 -1       327 1.63184E+00-5.00000E+00 1.81701E+02
 -1       328 3.63184E+00-5.00000E+00 1.82237E+02
 -1       329-3.65510E+00-5.00000E+00 1.82359E+02
 -1       330-1.65510E+00-5.00000E+00 1.81823E+02
 -1       331-8.02657E+00-5.00000E+00 1.85361E+02
 -1       332-6.56246E+00-5.00000E+00 1.83897E+02
 -1       333-1.03748E+01-5.00000E+00 1.90292E+02
 -1       334-9.83889E+00-5.00000E+00 1.88292E+02
 -1       335-9.65452E+00-5.00000E+00 1.95639E+02
 -1       336-1.01904E+01-5.00000E+00 1.93639E+02
 -1       337-6.64340E+00-5.00000E+00 2.00009E+02
 -1       338-8.10750E+00-5.00000E+00 1.98545E+02
 -1       339-7.75117E+00 4.09069E-04 1.93980E+02
 -1       340-5.90063E+00 8.58439E-03 1.97402E+02
 -1       341 5.90063E+00 8.58439E-03 1.97402E+02
 -1       342 7.75117E+00 4.09069E-04 1.93980E+02
 -1       343-7.72741E+00 0.00000E+00 1.89929E+02
 -1       344-5.65685E+00 0.00000E+00 1.86343E+02
 -1       345-2.07055E+00 3.33333E+00 1.99727E+02
 -1       346-3.33039E+00 3.82036E-01 1.99274E+02
 -1       347 3.33039E+00 3.82036E-01 1.99274E+02
 -1       348 2.07055E+00 3.33333E+00 1.99727E+02
 -1       349 1.81662E+00-2.08377E+00 1.99791E+02
 -1       350-1.81662E+00-2.08377E+00 1.99791E+02
 -1       351-2.07055E+00 0.00000E+00 1.84273E+02
 -1       352 2.07055E+00 0.00000E+00 1.84273E+02
 -1       353 5.65685E+00-8.88178E-16 1.86343E+02
 -1       354 7.72741E+00 0.00000E+00 1.89929E+02
 -1       355 1.04421E+00 4.16667E+00 1.99932E+02
 -1       356 3.06147E+00 4.16667E+00 1.99391E+02
 -1       357-1.04421E+00 4.16667E+00 1.99932E+02
 -1       358-3.06147E+00 4.16667E+00 1.99391E+02
 -1       359-1.04421E+00 2.50000E+00 1.99932E+02
 -1       360 1.04421E+00 2.50000E+00 1.99932E+02
 -1       361 9.14302E-01-3.54188E+00 1.99948E+02
 -1       362 2.94013E+00-3.54188E+00 1.99440E+02
 -1       363-9.14302E-01-3.54188E+00 1.99948E+02
 -1       364-2.94013E+00-3.54188E+00 1.99440E+02
 -1       365 9.14302E-01-1.87522E+00 1.99948E+02
 -1       366-9.14302E-01-1.87522E+00 1.99948E+02
 -1       367 5.00878E+00 2.50429E+00 1.98238E+02
 -1       368 6.45261E+00 2.50429E+00 1.96729E+02
 -1       369 4.70943E+00 1.95310E-01 1.98467E+02
 -1       370 3.66927E+00 2.69102E+00 1.99109E+02
 -1       371 2.70998E+00 1.85768E+00 1.99527E+02
 -1       372 7.40887E+00 2.50020E+00 1.95018E+02
 -1       373 7.93755E+00 2.50020E+00 1.92998E+02
 -1       374 7.03712E+00 4.49673E-03 1.95805E+02
 -1       375 7.93156E+00 2.50000E+00 1.90956E+02
 -1       376 7.39104E+00 2.50000E+00 1.88939E+02
 -1       377 7.99986E+00 2.04534E-04 1.91953E+02
 -1       378 6.34683E+00 2.50000E+00 1.87130E+02
 -1       379 4.87009E+00 2.50000E+00 1.85653E+02
 -1       380 6.92820E+00 0.00000E+00 1.88000E+02
 -1       381 3.06147E+00 2.50000E+00 1.84609E+02
 -1       382 1.04421E+00 2.50000E+00 1.84068E+02
 -1       383 4.00000E+00 0.00000E+00 1.85072E+02
 -1       384-3.06147E+00 2.50000E+00 1.84609E+02
 -1       385-1.04421E+00 2.50000E+00 1.84068E+02
 -1       386-4.16528E-14 0.00000E+00 1.84000E+02
 -1       387-4.87009E+00 2.50000E+00 1.85653E+02
 -1       388-6.34683E+00 2.50000E+00 1.87130E+02
 -1       389-4.00000E+00 0.00000E+00 1.85072E+02
 -1       390-7.39104E+00 2.50000E+00 1.88939E+02
 -1       391-7.93156E+00 2.50000E+00 1.90956E+02
 -1       392-6.92820E+00 0.00000E+00 1.88000E+02
 -1       393-7.93755E+00 2.50020E+00 1.92998E+02
 -1       394-7.40887E+00 2.50020E+00 1.95018E+02
 -1       395-7.99986E+00 2.04534E-04 1.91953E+02
 -1       396-6.45261E+00 2.50429E+00 1.96729E+02
 -1       397-5.00878E+00 2.50429E+00 1.98238E+02
 -1       398-7.03712E+00 4.49673E-03 1.95805E+02
 -1       399-4.70943E+00 1.95310E-01 1.98467E+02
 -1       400-3.66927E+00 2.69102E+00 1.99109E+02
 -1       401-2.70998E+00 1.85768E+00 1.99527E+02
 -1       402 6.45261E+00-2.49571E+00 1.96729E+02
 -1       403 5.00878E+00-2.49571E+00 1.98238E+02
 -1       404 3.66927E+00-2.30898E+00 1.99109E+02
 -1       405 2.58646E+00-8.50865E-01 1.99570E+02
 -1       406 7.93755E+00-2.49980E+00 1.92998E+02
 -1       407 7.40887E+00-2.49980E+00 1.95018E+02
 -1       408 7.39104E+00-2.50000E+00 1.88939E+02
 -1       409 7.93156E+00-2.50000E+00 1.90956E+02
 -1       410 4.87009E+00-2.50000E+00 1.85653E+02
 -1       411 6.34683E+00-2.50000E+00 1.87130E+02
 -1       412 1.04421E+00-2.50000E+00 1.84068E+02
 -1       413 3.06147E+00-2.50000E+00 1.84609E+02
 -1       414-1.04421E+00-2.50000E+00 1.84068E+02
 -1       415-3.06147E+00-2.50000E+00 1.84609E+02
 -1       416-6.34683E+00-2.50000E+00 1.87130E+02
 -1       417-4.87009E+00-2.50000E+00 1.85653E+02
 -1       418-7.93156E+00-2.50000E+00 1.90956E+02
 -1       419-7.39104E+00-2.50000E+00 1.88939E+02
 -1       420-7.40887E+00-2.49980E+00 1.95018E+02
 -1       421-7.93755E+00-2.49980E+00 1.92998E+02
 -1       422-5.00878E+00-2.49571E+00 1.98238E+02
 -1       423-6.45261E+00-2.49571E+00 1.96729E+02
 -1       424-3.66927E+00-2.30898E+00 1.99109E+02
 -1       425-2.58646E+00-8.50865E-01 1.99570E+02
 -1       426 9.14302E-01-2.08549E-01 1.99948E+02
 -1       427-9.14302E-01-2.08549E-01 1.99948E+02
 -1       428-1.70432E+00 1.02435E+00 1.99816E+02
 -1       429 1.70432E+00 1.02435E+00 1.99816E+02
 -1       430-5.00000E+00 0.00000E+00 1.14000E+02
 -1       431 5.00000E+00 0.00000E+00 1.14000E+02
 -1       432 0.00000E+00-3.00000E+00 1.14000E+02
 -1       433 0.00000E+00 3.00000E+00 1.14000E+02
 -1       434 0.00000E+00 0.00000E+00 4.80000E+01
 -1       435-2.50000E+00 1.50000E+00 4.80000E+01
 -1       436-2.50000E+00-1.50000E+00 4.80000E+01
 -1       437 2.50000E+00-1.50000E+00 4.80000E+01
 -1       438 2.50000E+00 1.50000E+00 4.80000E+01
 -1       439 0.00000E+00 0.00000E+00 1.80000E+02
 -1       440-2.50000E+00-1.50000E+00 1.80000E+02
 -1       441-2.50000E+00 1.50000E+00 1.80000E+02
 -1       442 2.50000E+00-1.50000E+00 1.80000E+02
 -1       443 2.50000E+00 1.50000E+00 1.80000E+02
 -1       444 7.24693E+00 0.00000E+00 7.50459E+01
 -1       445-7.24693E+00 0.00000E+00 7.50459E+01
 -1       446 1.40000E+01 0.00000E+00 7.22487E+01
 -1       447-1.40000E+01 0.00000E+00 7.22487E+01
 -1       448 1.97990E+01 0.00000E+00 6.77990E+01
 -1       449 2.42487E+01 0.00000E+00 6.20000E+01
 -1       450 2.70459E+01 0.00000E+00 5.52469E+01
 -1       451 2.80000E+01 0.00000E+00 4.80000E+01
 -1       452 2.70459E+01 0.00000E+00 4.07531E+01
 -1       453 1.97990E+01 0.00000E+00 2.82010E+01
 -1       454 2.42487E+01 0.00000E+00 3.40000E+01
 -1       455 7.24693E+00 0.00000E+00 2.09541E+01
 -1       456-1.70654E-13 0.00000E+00 2.00000E+01
 -1       457 1.40000E+01 0.00000E+00 2.37513E+01
 -1       458-7.24693E+00 0.00000E+00 2.09541E+01
 -1       459-1.40000E+01 0.00000E+00 2.37513E+01
 -1       460-1.97990E+01 0.00000E+00 2.82010E+01
 -1       461-2.42487E+01 0.00000E+00 3.40000E+01
 -1       462-2.70459E+01 0.00000E+00 4.07531E+01
 -1       463-2.70459E+01 0.00000E+00 5.52469E+01
 -1       464-2.42487E+01 0.00000E+00 6.20000E+01
 -1       465-2.80000E+01 0.00000E+00 4.80000E+01
 -1       466-1.97990E+01 0.00000E+00 6.77990E+01
 -1       467-7.17433E-15 5.00000E+00 4.80000E+01
 -1       468-3.75129E+00 5.00000E+00 6.20000E+01
 -1       469-1.40000E+01 5.00000E+00 5.17513E+01
 -1       470 3.75129E+00 5.00000E+00 3.40000E+01
 -1       471 1.40000E+01 5.00000E+00 4.42487E+01
 -1       472 1.02487E+01 5.00000E+00 5.82487E+01
 -1       473-1.02487E+01 5.00000E+00 3.77513E+01
 -1       474 5.12436E+00 5.00000E+00 6.71244E+01
 -1       475-1.40000E+01 5.00000E+00 6.20000E+01
 -1       476 1.91244E+01 5.00000E+00 5.31244E+01
 -1       477 1.40000E+01 5.00000E+00 3.40000E+01
 -1       478 9.56218E+00 5.00000E+00 6.96865E+01
 -1       479 2.56218E+00 5.00000E+00 7.15622E+01
 -1       480-1.87564E+00 5.00000E+00 6.90000E+01
 -1       481-8.87564E+00 5.00000E+00 6.71244E+01
 -1       482 6.86533E-01 5.00000E+00 6.45622E+01
 -1       483 1.72487E+01 5.00000E+00 6.01244E+01
 -1       484 1.21244E+01 5.00000E+00 6.52487E+01
 -1       485 7.68653E+00 5.00000E+00 6.26865E+01
 -1       486 2.35622E+01 5.00000E+00 5.05622E+01
 -1       487 2.16865E+01 5.00000E+00 5.75622E+01
 -1       488 1.46865E+01 5.00000E+00 5.56865E+01
 -1       489 1.91244E+01 5.00000E+00 3.91244E+01
 -1       490 2.10000E+01 5.00000E+00 4.61244E+01
 -1       491 1.65622E+01 5.00000E+00 4.86865E+01
 -1       492 1.40000E+01 5.00000E+00 2.88756E+01
 -1       493 1.91244E+01 5.00000E+00 3.40000E+01
 -1       494 1.40000E+01 5.00000E+00 3.91244E+01
 -1       495 1.87564E+00 5.00000E+00 2.70000E+01
 -1       496 8.87564E+00 5.00000E+00 2.88756E+01
 -1       497 8.87564E+00 5.00000E+00 3.40000E+01
 -1       498-1.21244E+01 5.00000E+00 3.07513E+01
 -1       499-5.12436E+00 5.00000E+00 2.88756E+01
 -1       500-3.24871E+00 5.00000E+00 3.58756E+01
 -1       501-1.72487E+01 5.00000E+00 3.58756E+01
 -1       502-2.10000E+01 5.00000E+00 4.98756E+01
 -1       503-1.91244E+01 5.00000E+00 4.28756E+01
 -1       504-1.21244E+01 5.00000E+00 4.47513E+01
 -1       505-1.91244E+01 5.00000E+00 5.68756E+01
 -1       506-1.40000E+01 5.00000E+00 6.71244E+01
 -1       507-1.91244E+01 5.00000E+00 6.20000E+01
 -1       508-1.40000E+01 5.00000E+00 5.68756E+01
 -1       509-8.87564E+00 5.00000E+00 6.20000E+01
 -1       510-7.00000E+00 5.00000E+00 4.98756E+01
 -1       511-8.87564E+00 5.00000E+00 5.68756E+01
 -1       512-1.87564E+00 5.00000E+00 5.50000E+01
 -1       513 3.24871E+00 5.00000E+00 6.01244E+01
 -1       514 5.12436E+00 5.00000E+00 5.31244E+01
 -1       515-5.12436E+00 5.00000E+00 4.28756E+01
 -1       516 7.00000E+00 5.00000E+00 4.61244E+01
 -1       517 8.87564E+00 5.00000E+00 3.91244E+01
 -1       518 1.87564E+00 5.00000E+00 4.10000E+01
 -1       519 1.21244E+01 5.00000E+00 5.12487E+01
 -1       520-7.17433E-15-5.00000E+00 4.80000E+01
 -1       521-3.75129E+00-5.00000E+00 6.20000E+01
 -1       522-1.40000E+01-5.00000E+00 5.17513E+01
 -1       523 3.75129E+00-5.00000E+00 3.40000E+01
 -1       524 1.40000E+01-5.00000E+00 4.42487E+01
 -1       525 1.02487E+01-5.00000E+00 5.82487E+01
 -1       526-1.02487E+01-5.00000E+00 3.77513E+01
 -1       527 5.12436E+00-5.00000E+00 6.71244E+01
 -1       528-1.40000E+01-5.00000E+00 6.20000E+01
 -1       529 1.91244E+01-5.00000E+00 5.31244E+01
 -1       530 1.40000E+01-5.00000E+00 3.40000E+01
 -1       531 2.56218E+00-5.00000E+00 7.15622E+01
 -1       532 9.56218E+00-5.00000E+00 6.96865E+01
 -1       533-8.87564E+00-5.00000E+00 6.71244E+01
 -1       534-1.87564E+00-5.00000E+00 6.90000E+01
 -1       535 6.86533E-01-5.00000E+00 6.45622E+01
 -1       536 1.21244E+01-5.00000E+00 6.52487E+01
 -1       537 1.72487E+01-5.00000E+00 6.01244E+01
 -1       538 7.68653E+00-5.00000E+00 6.26865E+01
 -1       539 2.16865E+01-5.00000E+00 5.75622E+01
 -1       540 2.35622E+01-5.00000E+00 5.05622E+01
 -1       541 1.46865E+01-5.00000E+00 5.56865E+01
 -1       542 2.10000E+01-5.00000E+00 4.61244E+01
 -1       543 1.91244E+01-5.00000E+00 3.91244E+01
 -1       544 1.65622E+01-5.00000E+00 4.86865E+01
 -1       545 1.91244E+01-5.00000E+00 3.40000E+01
 -1       546 1.40000E+01-5.00000E+00 2.88756E+01
 -1       547 1.40000E+01-5.00000E+00 3.91244E+01
 -1       548 8.87564E+00-5.00000E+00 2.88756E+01
 -1       549 1.87564E+00-5.00000E+00 2.70000E+01
 -1       550 8.87564E+00-5.00000E+00 3.40000E+01
 -1       551-5.12436E+00-5.00000E+00 2.88756E+01
 -1       552-1.21244E+01-5.00000E+00 3.07513E+01
 -1       553-3.24871E+00-5.00000E+00 3.58756E+01
 -1       554-1.72487E+01-5.00000E+00 3.58756E+01
 -1       555-1.91244E+01-5.00000E+00 4.28756E+01
 -1       556-2.10000E+01-5.00000E+00 4.98756E+01
 -1       557-1.21244E+01-5.00000E+00 4.47513E+01
 -1       558-1.91244E+01-5.00000E+00 5.68756E+01
 -1       559-1.91244E+01-5.00000E+00 6.20000E+01
 -1       560-1.40000E+01-5.00000E+00 6.71244E+01
 -1       561-1.40000E+01-5.00000E+00 5.68756E+01
 -1       562-8.87564E+00-5.00000E+00 6.20000E+01
 -1       563-1.87564E+00-5.00000E+00 5.50000E+01
 -1       564-8.87564E+00-5.00000E+00 5.68756E+01
 -1       565-7.00000E+00-5.00000E+00 4.98756E+01
 -1       566 5.12436E+00-5.00000E+00 5.31244E+01
 -1       567 3.24871E+00-5.00000E+00 6.01244E+01
 -1       568-5.12436E+00-5.00000E+00 4.28756E+01
 -1       569 1.87564E+00-5.00000E+00 4.10000E+01
 -1       570 8.87564E+00-5.00000E+00 3.91244E+01
 -1       571 7.00000E+00-5.00000E+00 4.61244E+01
 -1       572 1.21244E+01-5.00000E+00 5.12487E+01
 -1       573 1.52876E+01-7.21677E-17 1.95835E+02
 -1       574 9.27495E+00 0.00000E+00 2.02785E+02
 -1       575 1.87907E+00 1.77636E-15 2.04591E+02
 -1       576 1.63041E+01-2.50000E+00 1.98918E+02
 -1       577 1.76438E+01-2.50000E+00 1.93918E+02
 -1       578 1.63041E+01 2.50000E+00 1.98918E+02
 -1       579 1.76438E+01 2.50000E+00 1.93918E+02
 -1       580 5.70194E+00 2.50000E+00 1.83470E+02
 -1       581 7.49509E+00 2.50000E+00 1.84505E+02
 -1       582 5.70194E+00-2.50000E+00 1.83470E+02
 -1       583 7.49509E+00-2.50000E+00 1.84505E+02
 -1       584 9.33333E+00 0.00000E+00 1.82667E+02
 -1       585 5.96561E-01 2.50000E+00 1.81838E+02
 -1       586 2.66711E+00 2.50000E+00 1.81838E+02
 -1       587 5.96561E-01-2.50000E+00 1.81838E+02
 -1       588 2.66711E+00-2.50000E+00 1.81838E+02
 -1       589 3.26367E+00 0.00000E+00 1.79403E+02
 -1       590-7.39089E+00-2.50000E+00 1.84533E+02
 -1       591-9.12493E+00 0.00000E+00 1.82723E+02
 -1       592-7.39089E+00 2.50000E+00 1.84533E+02
 -1       593-5.59774E+00 2.50000E+00 1.83498E+02
 -1       594-5.59774E+00-2.50000E+00 1.83498E+02
 -1       595 1.01622E+01 2.50000E+00 1.89333E+02
 -1       596 1.01741E+01 2.50020E+00 1.91358E+02
 -1       597 1.01741E+01-2.49980E+00 1.91358E+02
 -1       598 1.25970E+01 0.00000E+00 1.88736E+02
 -1       599 1.01622E+01-2.50000E+00 1.89333E+02
 -1       600-9.14074E+00 2.50429E+00 1.96341E+02
 -1       601-1.00660E+01 2.50020E+00 1.94629E+02
 -1       602-1.00660E+01-2.49980E+00 1.94629E+02
 -1       603-1.23808E+01 0.00000E+00 1.95279E+02
 -1       604-9.14074E+00-2.49571E+00 1.96341E+02
 -1       605-6.30859E+00 2.69102E+00 2.00182E+02
 -1       606-3.40123E+00 2.69102E+00 2.01908E+02
 -1       607-3.47208E+00 0.00000E+00 2.04541E+02
 -1       608-3.40123E+00-2.30898E+00 2.01908E+02
 -1       609-6.37944E+00 0.00000E+00 2.02816E+02
 -1       610 6.29850E+00 0.00000E+00 1.81035E+02
 -1       611-6.30859E+00-2.30898E+00 2.00182E+02
 -1       612-9.28680E+00 0.00000E+00 2.01090E+02
 -1       613 1.24754E+01 0.00000E+00 1.92023E+02
 -1       614 1.00525E+01-2.49980E+00 1.94645E+02
 -1       615-6.21757E+00 0.00000E+00 1.81184E+02
 -1       616-2.69038E+00 2.50000E+00 1.81959E+02
 -1       617-2.69038E+00-2.50000E+00 1.81959E+02
 -1       618-2.32675E-02 0.00000E+00 1.79525E+02
 -1       619-7.59371E+00 2.50429E+00 1.99246E+02
 -1       620-1.08338E+01 0.00000E+00 1.98185E+02
 -1       621-7.59371E+00-2.49571E+00 1.99246E+02
 -1       622 1.00525E+01 2.50020E+00 1.94645E+02
 -1       623 1.23539E+01 0.00000E+00 1.95310E+02
 -1       624-3.31021E+00 0.00000E+00 1.79646E+02
 -1       625 9.39533E-01 8.33333E-01 2.02296E+02
 -1       626 9.39533E-01-8.33333E-01 2.02296E+02
 -1       627 3.12217E-02-1.04188E+00 2.02191E+02
 -1       628-2.77132E+00 4.16667E+00 2.02134E+02
 -1       629-1.73604E+00 3.33333E+00 2.02271E+02
 -1       630-7.25661E-01 1.91018E-01 2.01933E+02
 -1       631-1.27496E+01 0.00000E+00 1.88584E+02
 -1       632-1.63748E+01 0.00000E+00 1.90292E+02
 -1       633-1.25652E+01 0.00000E+00 1.91931E+02
 -1       634-1.73604E+00 0.00000E+00 2.08271E+02
 -1       635-7.96507E-01 2.50000E+00 2.04566E+02
 -1       636-7.96507E-01-2.50000E+00 2.04566E+02
 -1       637 9.39533E-01 2.50000E+00 2.08296E+02
 -1       638 9.12693E+00 2.50000E+00 1.87540E+02
 -1       639 9.12693E+00-2.50000E+00 1.87540E+02
 -1       640-8.42617E+00-2.50000E+00 1.86326E+02
 -1       641-8.42617E+00 2.50000E+00 1.86326E+02
 -1       642-9.64340E+00 0.00000E+00 2.05205E+02
 -1       643-1.48507E+01 0.00000E+00 1.98639E+02
 -1       644-2.64435E+00-3.54188E+00 2.02166E+02
 -1       645-1.00541E+01 2.50000E+00 1.92604E+02
 -1       646-1.00541E+01-2.50000E+00 1.92604E+02
 -1       647 2.74339E+00 4.16667E+00 2.02238E+02
 -1       648 3.37331E+00 2.69102E+00 2.02012E+02
 -1       649 9.12725E+00 2.50429E+00 1.96356E+02
 -1       650 7.58779E+00 4.29219E-03 2.00093E+02
 -1       651 1.08144E+01 2.50000E+00 1.99047E+02
 -1       652 8.51306E+00 2.04534E-04 1.98382E+02
 -1       653 9.12725E+00-2.49571E+00 1.96356E+02
 -1       654 1.08144E+01-2.50000E+00 1.99047E+02
 -1       655-1.50350E+01 0.00000E+00 1.85292E+02
 -1       656-6.73604E+00 0.00000E+00 2.06931E+02
 -1       657-1.33037E+01 0.00000E+00 2.01545E+02
 -1       658-1.61904E+01 0.00000E+00 1.93639E+02
 -1       659 5.54579E+00-1.04188E+00 2.01288E+02
 -1       660 6.30267E+00 1.91018E-01 2.01029E+02
 -1       661 6.63748E+00-2.50000E+00 2.00856E+02
 -1       662 1.09652E+01 0.00000E+00 1.85701E+02
 -1       663 1.33269E+01 0.00000E+00 1.82333E+02
 -1       664 9.66667E+00 0.00000E+00 1.78673E+02
 -1       665-1.09372E+01 0.00000E+00 1.85653E+02
 -1       666-1.02385E+01-2.50000E+00 1.89257E+02
 -1       667-1.02385E+01 2.50000E+00 1.89257E+02
 -1       668 6.63184E+00 0.00000E+00 1.77041E+02
 -1       669-1.32227E+01 0.00000E+00 1.82361E+02
 -1       670 1.49588E+01 0.00000E+00 1.85368E+02
 -1       671 1.63184E+00 0.00000E+00 1.75701E+02
 -1       672-9.56246E+00 0.00000E+00 1.78701E+02
 -1       673-6.65510E+00 0.00000E+00 1.77163E+02
 -1       674-1.65510E+00 0.00000E+00 1.75823E+02
 -1       675 1.38207E+01-2.50000E+00 1.95573E+02
 -1       676 1.38207E+01 2.50000E+00 1.95573E+02
 -1       677 1.22813E+01-3.60838E-17 1.99310E+02
 -1       678 7.58906E+00-2.49571E+00 1.99264E+02
 -1       679 9.39533E-01-2.50000E+00 2.08296E+02
 -1       680 7.58906E+00 2.50429E+00 1.99264E+02
 -1       681 1.62985E+01 0.00000E+00 1.90368E+02
 -1       682 2.61643E+00-3.54188E+00 2.02270E+02
 -1       683 6.34559E+00-2.50000E+00 2.03767E+02
 -1       684 9.27622E+00-2.50000E+00 2.01955E+02
 -1       685 9.27622E+00 2.50000E+00 2.01955E+02
 -1       686 6.30394E+00 2.69102E+00 2.00199E+02
 -1       687 1.32977E+01 2.50000E+00 2.02392E+02
 -1       688 9.63748E+00-2.50000E+00 2.06053E+02
 -1       689 1.32977E+01-2.50000E+00 2.02392E+02
 -1       690 1.97481E+00 1.66667E+00 2.02159E+02
 -1       691 2.64765E+00 2.50000E+00 2.04670E+02
 -1       692 2.60473E+00 1.91018E-01 2.01933E+02
 -1       693 5.93953E+00 2.50000E+00 2.06956E+02
 -1       694 9.39533E-01 2.50000E+00 2.02296E+02
 -1       695 1.84784E+00-1.04188E+00 2.02191E+02
 -1       696 9.63748E+00 2.50000E+00 2.06053E+02
 -1       697 5.93953E+00-2.50000E+00 2.06956E+02
 -1       698 6.34559E+00 2.50000E+00 2.03767E+02
 -1       699 5.57701E+00 8.88178E-16 2.03688E+02
 -1       700 2.64765E+00-2.50000E+00 2.04670E+02
 -1       701 9.39533E-01-2.50000E+00 2.02296E+02
 -1       702 1.39423E+01-2.50000E+00 1.92286E+02
 -1       703 1.39423E+01 2.50000E+00 1.92286E+02
 -1       704-2.50000E+00-1.50000E+00 1.14000E+02
 -1       705-2.50000E+00 1.50000E+00 1.14000E+02
 -1       706 0.00000E+00 0.00000E+00 1.14000E+02
 -1       707 2.50000E+00 1.50000E+00 1.14000E+02
 -1       708 2.50000E+00-1.50000E+00 1.14000E+02
 -1       709 8.97538E+00-8.97666E-01 6.54932E+01
 -1       710 5.93538E+00-1.29602E-02 2.59214E+01
 -1       711-6.01192E+00-5.00000E-01 2.83632E+01
 -1       712-3.00596E+00-2.75000E+00 2.41816E+01
 -1       713-1.13032E+00-2.75000E+00 3.11816E+01
 -1       714-8.13032E+00-2.75000E+00 3.30572E+01
 -1       715-1.00060E+01-2.75000E+00 2.60572E+01
 -1       716 8.87564E+00 0.00000E+00 2.88756E+01
 -1       717 3.75129E+00 0.00000E+00 3.40000E+01
 -1       718 4.84333E+00 2.49352E+00 2.99607E+01
 -1       719 4.84333E+00-2.50648E+00 2.99607E+01
 -1       720 9.96769E+00-2.50648E+00 2.48364E+01
 -1       721 9.96769E+00 2.49352E+00 2.48364E+01
 -1       722 5.12436E+00 0.00000E+00 6.71244E+01
 -1       723 9.56218E+00 0.00000E+00 6.96865E+01
 -1       724 1.14877E+01-2.94883E+00 6.88709E+01
 -1       725 7.04987E+00 2.05117E+00 6.63088E+01
 -1       726 7.04987E+00-2.94883E+00 6.63088E+01
 -1       727 1.87564E+00 0.00000E+00 2.70000E+01
 -1       728 2.96769E+00 2.49352E+00 2.29607E+01
 -1       729-1.21244E+01 0.00000E+00 3.07513E+01
 -1       730-8.13032E+00 2.25000E+00 3.30572E+01
 -1       731-1.00060E+01 2.25000E+00 2.60572E+01
 -1       732 2.96769E+00-2.50648E+00 2.29607E+01
 -1       733 1.40000E+01 0.00000E+00 2.88756E+01
 -1       734 8.87564E+00 0.00000E+00 3.40000E+01
 -1       735 1.40000E+01 0.00000E+00 3.40000E+01
 -1       736 1.91244E+01 0.00000E+00 5.31244E+01
 -1       737 1.46865E+01 0.00000E+00 5.56865E+01
 -1       738 1.65622E+01 0.00000E+00 4.86865E+01
 -1       739 1.40000E+01 0.00000E+00 3.91244E+01
 -1       740-8.87564E+00 0.00000E+00 6.20000E+01
 -1       741-1.40000E+01 0.00000E+00 6.71244E+01
 -1       742-1.40000E+01 0.00000E+00 6.20000E+01
 -1       743 2.35622E+01 0.00000E+00 5.05622E+01
 -1       744-1.02487E+01 0.00000E+00 3.77513E+01
 -1       745 7.00000E+00 0.00000E+00 4.61244E+01
 -1       746 1.87564E+00 0.00000E+00 4.10000E+01
 -1       747 5.12436E+00 0.00000E+00 5.31244E+01
 -1       748 8.87564E+00 0.00000E+00 3.91244E+01
 -1       749 1.21244E+01 0.00000E+00 5.12487E+01
 -1       750 1.02487E+01 0.00000E+00 5.82487E+01
 -1       751-1.87564E+00 0.00000E+00 5.50000E+01
 -1       752 1.40000E+01 0.00000E+00 4.42487E+01
 -1       753 3.24871E+00 0.00000E+00 6.01244E+01
 -1       754-3.75129E+00 0.00000E+00 6.20000E+01
 -1       755 2.56218E+00 0.00000E+00 7.15622E+01
 -1       756 2.16865E+01 0.00000E+00 5.75622E+01
 -1       757 1.91244E+01 0.00000E+00 3.40000E+01
 -1       758-1.91244E+01 0.00000E+00 6.20000E+01
 -1       759 6.86533E-01 0.00000E+00 6.45622E+01
 -1       760-1.87564E+00 0.00000E+00 6.90000E+01
 -1       761 1.14877E+01 2.05117E+00 6.88709E+01
 -1       762-8.87564E+00 0.00000E+00 6.71244E+01
 -1       763 2.10000E+01 0.00000E+00 4.61244E+01
 -1       764-3.24871E+00 0.00000E+00 3.58756E+01
 -1       765 1.91244E+01 0.00000E+00 3.91244E+01
 -1       766 9.61204E+00-2.94883E+00 6.18709E+01
 -1       767-1.40000E+01 0.00000E+00 5.68756E+01
 -1       768-2.10000E+01 0.00000E+00 4.98756E+01
 -1       769 1.72487E+01 0.00000E+00 6.01244E+01
 -1       770-8.87564E+00 0.00000E+00 5.68756E+01
 -1       771-7.00000E+00 0.00000E+00 4.98756E+01
 -1       772-5.12436E+00 0.00000E+00 4.28756E+01
 -1       773-1.91244E+01 0.00000E+00 4.28756E+01
 -1       774-1.40000E+01 0.00000E+00 5.17513E+01
 -1       775-1.91244E+01 0.00000E+00 5.68756E+01
 -1       776-1.21244E+01 0.00000E+00 4.47513E+01
 -1       777-1.72487E+01 0.00000E+00 3.58756E+01
 -1       778 9.61204E+00 2.05117E+00 6.18709E+01
 -1       779 1.66120E+01-2.94883E+00 6.37466E+01
 -1       780 2.61204E+00 2.05117E+00 6.37466E+01
 -1       781 2.61204E+00-2.94883E+00 6.37466E+01
 -1       782-3.00596E+00 2.25000E+00 2.41816E+01
 -3
    3C                           339                                     1
 -1       388    6    0    1
 -2        41        40        16       573        52       179       177       577       576       578
 -1       389    6    0    1
 -2        41        16        17       573       177        28       178       577       578       579
 -1       390    6    0    1
 -2       353       352       196       268       383       580       581       583       582       584
 -1       391    6    0    1
 -2       352       351       202       274       386       585       586       588       587       589
 -1       392    6    0    1
 -2       201       344       273       351       592       590       591       593       389       594
 -1       393    6    0    1
 -2       203       342       354       275       596       377       595       598       597       599
 -1       394    6    0    1
 -2       200       339       340       272       601       398       600       603       602       604
 -1       395    6    0    1
 -2       346       197       198       269       606       246       605       608       607       609
 -1       396    6    0    1
 -2       274       196       352       268       610       580       588       302       584       582
 -1       397    6    0    1
 -2       198       270       346       269       612       611       605       609       318       608
 -1       398    6    0    1
 -2       196       352       202       274       580       586       230       610       588       589
 -1       399    6    0    1
 -2       342       203       278       275       596       613       614       597       598       296
 -1       400    6    0    1
 -2       204       201       273       351       236       591       615       616       593       594
 -1       401    6    0    1
 -2       276       202       351       274       618       585       617       305       589       587
 -1       402    6    0    1
 -2       272       340       198       270       604       619       620       317       621       612
 -1       403    6    0    1
 -2       278       342       206       203       614       622       623       613       596       224
 -1       404    6    0    1
 -2       276       204       273       351       624       615       308       617       616       594
 -1       405    6    0    1
 -2       351       276       204       202       617       624       616       585       618       233
 -1       406    6    0    1
 -2       200       340       198       272       600       619       245       603       604       620
 -1       407    6    0    1
 -2       198       340       346       270       619       399       605       612       621       611
 -1       408    6    0    1
 -2       108       109       350       575       111       427       366       626       625       627
 -1       409    6    0    1
 -2       345       346       109       197       401       428       359       628       606       629
 -1       410    6    0    1
 -2       109       346       350       575       428       425       427       625       630       627
 -1       411    6    0    1
 -2       199        47       271       272       632       310       631       633       312       314
 -1       412    6    0    1
 -2       269       197         1       575       607       209       634       636       635       637
 -1       413    6    0    1
 -2       353        65       354       203       378       376       380       638       252       595
 -1       414    6    0    1
 -2       354        88       353       275       408       411       380       599       323       639
 -1       415    6    0    1
 -2       344       273        92       343       590       331       416       392       640       419
 -1       416    6    0    1
 -2       343        69       344       201       390       388       392       641       260       592
 -1       417    6    0    1
 -2       269       198       270        49       609       612       318       281       642       316
 -1       418    6    0    1
 -2       198        24       200       272       244       240       245       620       643       603
 -1       419    6    0    1
 -2       269       350       346       575       644       425       608       636       627       630
 -1       420    6    0    1
 -2       346        95       350       269       424       364       425       608       287       644
 -1       421    6    0    1
 -2       342        87       354       275       406       409       377       597       324       599
 -1       422    6    0    1
 -2        64       342       354       203       373       377       375       251       596       595
 -1       423    6    0    1
 -2       343       339        70       200       395       393       391       645       601       263
 -1       424    6    0    1
 -2       272       343       339        93       646       395       602       336       418       421
 -1       425    6    0    1
 -2       195       348        62       347       647       356       213       648       371       370
 -1       426    6    0    1
 -2       206       341       342       574       649       374       622       651       650       652
 -1       427    6    0    1
 -2       342       341       278       574       374       653       614       652       650       654
 -1       428    6    0    1
 -2        72       346       345       197       400       401       358       214       606       628
 -1       429    6    0    1
 -2       278       206       342       574       623       622       614       654       651       652
 -1       430    6    0    1
 -2       272       339       340        94       602       398       604       335       420       423
 -1       431    6    0    1
 -2       199        46       271        47       655       309       631       632        58       310
 -1       432    6    0    1
 -2       340        71       339       200       396       394       398       600       264       601
 -1       433    6    0    1
 -2       341       278        86       342       653       322       402       374       614       407
 -1       434    6    0    1
 -2       206       341        63       342       649       368       249       622       374       372
 -1       435    6    0    1
 -2        25         1       269       197        37       634       656       210       209       607
 -1       436    6    0    1
 -2        48       270       198        49       315       612       657        60       316       642
 -1       437    6    0    1
 -2        24        23       200       272        35       241       240       643       658       603
 -1       438    6    0    1
 -2       347       349        85       574       405       362       404       660       659       661
 -1       439    6    0    1
 -2       196       275       268        42       662       299       584       663       295       297
 -1       440    6    0    1
 -2        43       196       274       268       664       610       300       298       584       302
 -1       441    6    0    1
 -2        46       273       199       271       307       665       655       309       311       631
 -1       442    6    0    1
 -2       197       346       109       575       606       428       629       635       630       625
 -1       443    6    0    1
 -2        65       353       196       203       378       581       253       252       638       227
 -1       444    6    0    1
 -2       268       353        88       275       583       411       326       299       639       323
 -1       445    6    0    1
 -2       271        92       273       343       334       331       311       666       419       640
 -1       446    6    0    1
 -2        69       343       199       201       390       667       261       260       641       239
 -1       447    6    0    1
 -2       196       202        43       274       230       668       664       610       589       300
 -1       448    6    0    1
 -2        46       199       273       201       655       665       307       669       239       591
 -1       449    6    0    1
 -2       275       196       203        42       662       227       598       295       663       670
 -1       450    6    0    1
 -2       198       197        25       269       246       210       243       609       607       656
 -1       451    6    0    1
 -2       199        23       272       200       237       658       633       242       241       603
 -1       452    6    0    1
 -2       202       276        44       274       618       303       671       589       305       301
 -1       453    6    0    1
 -2       273       204        21       201       615       231       672       591       236       235
 -1       454    6    0    1
 -2        48       272       198       270       313       620       657       315       317       612
 -1       455    6    0    1
 -2       273       276        21       204       308       673       672       615       624       231
 -1       456    6    0    1
 -2       204       276        44       202       624       303       674       233       618       671
 -1       457    6    0    1
 -2       343        70       199       200       391       262       667       645       263       242
 -1       458    6    0    1
 -2       343       272       271        93       646       314       666       418       336       333
 -1       459    6    0    1
 -2        95       346       340       270       424       399       422       337       611       621
 -1       460    6    0    1
 -2       346       197       269       575       606       607       608       630       635       636
 -1       461    6    0    1
 -2       206       278       573       574       623       675       676       651       654       677
 -1       462    6    0    1
 -2        87       342       278       275       406       614       321       324       597       296
 -1       463    6    0    1
 -2       342        64       206       203       373       250       622       596       251       224
 -1       464    6    0    1
 -2        18       203       196        42       222       227       226       181       670       663
 -1       465    6    0    1
 -2       199        46        22       201       655       188       238       239       669       234
 -1       466    6    0    1
 -2         3       345       109       197       357       359       112       215       628       629
 -1       467    6    0    1
 -2       199       272        23        47       633       658       237       632       312       193
 -1       468    6    0    1
 -2       272        94       340       270       335       423       604       317       338       621
 -1       469    6    0    1
 -2        71       340       198       200       396       619       265       264       600       245
 -1       470    6    0    1
 -2       198       269        25        49       609       656       243       642       281       175
 -1       471    6    0    1
 -2       277       278        86       341       293       322       319       678       653       402
 -1       472    6    0    1
 -2         2       269         1       575       282       634        38       679       636       637
 -1       473    6    0    1
 -2       206       205        63       341       221       248       249       649       680       368
 -1       474    6    0    1
 -2       346       270        95       269       611       337       424       608       318       287
 -1       475    6    0    1
 -2        21       276       273        45       673       308       672       189       304       306
 -1       476    6    0    1
 -2       198        48        24       272       657       192       244       620       313       643
 -1       477    6    0    1
 -2        42       196        43       268       663       664        54       297       584       298
 -1       478    6    0    1
 -2        43       202        44       274       668       671        55       300       589       301
 -1       479    6    0    1
 -2        17       275       203        42       681       598       223       180       295       670
 -1       480    6    0    1
 -2        46       273        21       201       307       672       187       669       591       235
 -1       481    6    0    1
 -2        44        21       276       204       185       673       303       674       231       624
 -1       482    6    0    1
 -2        85       349       267       574       362       682       284       661       659       683
 -1       483    6    0    1
 -2       277       278       341       574       293       653       678       684       654       650
 -1       484    6    0    1
 -2       206       205       341       574       221       680       649       651       685       650
 -1       485    6    0    1
 -2       341       347        85       574       369       404       403       650       660       661
 -1       486    6    0    1
 -2       195        62       205       347       213       247       218       648       370       686
 -1       487    6    0    1
 -2        72       340       346       198       397       399       400       266       619       605
 -1       488    6    0    1
 -2        39        16        40       574       176       179        51       688       687       689
 -1       489    6    0    1
 -2       205       347        62       341       686       370       247       680       369       367
 -1       490    6    0    1
 -2        72       198       346       197       266       605       400       214       246       606
 -1       491    6    0    1
 -2        21        44       276        45       185       303       673       189        56       304
 -1       492    6    0    1
 -2        22        23        46       199        34       190       188       238       237       655
 -1       493    6    0    1
 -2        46       199        23        47       655       237       190        58       632       193
 -1       494    6    0    1
 -2       196        19        18        42       225        30       226       663       182       181
 -1       495    6    0    1
 -2       272        23        48        24       658       191       313       643        35       192
 -1       496    6    0    1
 -2       272        48        23        47       313       191       658       312        59       193
 -1       497    6    0    1
 -2       195       348       347       575       647       371       648       691       690       692
 -1       498    6    0    1
 -2        21       273        46        45       672       307       187       189       306        57
 -1       499    6    0    1
 -2         2        25       269        49       173       656       282        61       175       281
 -1       500    6    0    1
 -2        21        22        46       201        33       188       187       235       234       669
 -1       501    6    0    1
 -2       203        18        17        42       222        29       223       670       181       180
 -1       502    6    0    1
 -2        25       269         1         2       656       634        37       173       282        38
 -1       503    6    0    1
 -2        48       198        25        49       657       243       194        60       642       175
 -1       504    6    0    1
 -2       198        25        24        48       243        36       244       657       194       192
 -1       505    6    0    1
 -2        15         2         1       575       172        38        26       693       679       637
 -1       506    6    0    1
 -2       277        40       278       574       289       291       293       684       689       654
 -1       507    6    0    1
 -2        15         1       195       575        26       208       207       693       637       691
 -1       508    6    0    1
 -2         3       197       109       575       215       629       112       694       635       625
 -1       509    6    0    1
 -2       278        40       573       574       291       576       675       654       689       677
 -1       510    6    0    1
 -2       196        43       202        19       664       668       230       225       183       229
 -1       511    6    0    1
 -2        20       204        44       202       232       674       186       228       233       671
 -1       512    6    0    1
 -2       353       196        66        65       581       254       379       378       253        77
 -1       513    6    0    1
 -2       343        69       199        70       390       261       667       391        81       262
 -1       514    6    0    1
 -2       343       271        92        93       666       334       419       418       333       104
 -1       515    6    0    1
 -2       353        88        89       268       411       100       410       583       326       325
 -1       516    6    0    1
 -2       108       349       109       575       365       426       111       626       695       625
 -1       517    6    0    1
 -2        94        95       340       270       106       422       423       338       337       621
 -1       518    6    0    1
 -2        89       352       274        90       413       588       328       101       412       327
 -1       519    6    0    1
 -2        67       202        66       352       256       255        78       382       586       381
 -1       520    6    0    1
 -2        64       354        65       203       375       376        76       251       595       252
 -1       521    6    0    1
 -2        91       273        92       344       332       331       103       417       590       416
 -1       522    6    0    1
 -2       344       201        69        68       592       260       388       387       259        80
 -1       523    6    0    1
 -2       354        87        88       275       409        99       408       599       324       323
 -1       524    6    0    1
 -2       347       348       109       575       371       360       429       692       690       625
 -1       525    6    0    1
 -2        16        39        15       574       176       174        27       687       688       696
 -1       526    6    0    1
 -2       340       198        72        71       619       266       397       396       265        83
 -1       527    6    0    1
 -2       277        86        85       341       319        97       320       678       402       403
 -1       528    6    0    1
 -2        62        63       205       341        74       248       247       367       368       680
 -1       529    6    0    1
 -2        85       277       341       574       320       678       403       661       684       650
 -1       530    6    0    1
 -2       351        91       276        90       415       329       617       414       102       330
 -1       531    6    0    1
 -2        68       204        67       351       258       257        79       384       616       385
 -1       532    6    0    1
 -2        21        44        20       204       185       186        32       231       674       232
 -1       533    6    0    1
 -2        42        43       196        19        54       664       663       182       183       225
 -1       534    6    0    1
 -2        86       342       278        87       407       614       322        98       406       321
 -1       535    6    0    1
 -2       206       342        63        64       622       372       249       250       373        75
 -1       536    6    0    1
 -2        17        41       275        42       178       294       681       180        53       295
 -1       537    6    0    1
 -2       202        20        19        43       228        31       229       668       184       183
 -1       538    6    0    1
 -2        43        44       202        20        55       671       668       184       186       228
 -1       539    6    0    1
 -2        39         2        15       575        50       172       174       697       679       693
 -1       540    6    0    1
 -2         3        62       195       348        73       213       212       355       356       647
 -1       541    6    0    1
 -2       339        94       272        93       420       335       602       421       105       336
 -1       542    6    0    1
 -2        71        70       339       200        82       393       394       264       263       601
 -1       543    6    0    1
 -2       205       195       347       574       218       648       686       685       698       660
 -1       544    6    0    1
 -2         1       197       195       575       209       211       208       637       635       691
 -1       545    6    0    1
 -2       195       347       574       575       648       660       698       691       692       699
 -1       546    6    0    1
 -2       267         2        39       575       279        50       280       700       679       697
 -1       547    6    0    1
 -2        15       195       574       575       207       698       696       693       691       699
 -1       548    6    0    1
 -2       267        39       574       575       280       688       683       700       697       699
 -1       549    6    0    1
 -2       205       347       341       574       686       369       680       685       660       650
 -1       550    6    0    1
 -2        85       267       277       574       284       290       320       661       683       684
 -1       551    6    0    1
 -2       205       206        16       574       221       220       216       685       651       687
 -1       552    6    0    1
 -2         3        72       345       197        84       358       357       215       214       628
 -1       553    6    0    1
 -2        16       206       573       574       220       676       578       687       651       677
 -1       554    6    0    1
 -2       573        40        16       574       576       179       578       677       689       687
 -1       555    6    0    1
 -2       109       349       347       575       426       405       429       625       695       692
 -1       556    6    0    1
 -2       267        85         4       349       284        96       285       682       362       361
 -1       557    6    0    1
 -2       195       197         3       575       211       215       212       691       635       694
 -1       558    6    0    1
 -2         4       269       267       575       286       283       285       701       636       700
 -1       559    6    0    1
 -2       574        39        15       575       688       174       696       699       697       693
 -1       560    6    0    1
 -2       278        40        41       573       291        52       292       675       576       577
 -1       561    6    0    1
 -2        39        40       277       574        51       289       288       688       689       684
 -1       562    6    0    1
 -2       350        95         4       269       364       107       363       644       287       286
 -1       563    6    0    1
 -2       267       269         2       575       283       282       279       700       636       679
 -1       564    6    0    1
 -2        17        16       206       573        28       220       219       579       578       676
 -1       565    6    0    1
 -2       205        16        15       574       216        27       217       685       687       696
 -1       566    6    0    1
 -2        15       195       205       574       207       218       217       696       698       685
 -1       567    6    0    1
 -2       267        39       277       574       280       288       290       683       688       684
 -1       568    6    0    1
 -2       275       573        41        17       702       577       294       681       579       178
 -1       569    6    0    1
 -2        41       573       275       278       577       702       294       292       675       296
 -1       570    6    0    1
 -2       275       203       573        17       598       703       702       681       223       579
 -1       571    6    0    1
 -2       573       203       275       278       703       598       702       675       613       296
 -1       572    6    0    1
 -2       203       206       573        17       224       676       703       223       219       579
 -1       573    6    0    1
 -2       573       206       203       278       676       224       703       675       623       613
 -1       574    6    0    1
 -2       343       272       199       271       646       633       667       666       314       631
 -1       575    6    0    1
 -2       272       343       200       339       646       645       603       602       395       601
 -1       576    6    0    1
 -2       343       272       200       199       646       603       645       667       633       242
 -1       577    6    0    1
 -2       273       343       199       271       640       667       665       311       666       631
 -1       578    6    0    1
 -2       273       343       201       199       640       641       591       665       667       239
 -1       579    6    0    1
 -2       343       273       201       344       640       591       641       392       590       592
 -1       580    6    0    1
 -2       196       275       353       268       662       639       581       584       299       583
 -1       581    6    0    1
 -2       275       353       203       196       639       638       598       662       581       227
 -1       582    6    0    1
 -2       353       275       203       354       639       598       638       380       599       595
 -1       583    6    0    1
 -2        89       352       268       274       413       582       325       328       588       302
 -1       584    6    0    1
 -2       352        89       268       353       413       325       582       383       410       583
 -1       585    6    0    1
 -2        66       196       352       202       254       580       381       255       230       586
 -1       586    6    0    1
 -2       196        66       352       353       254       381       580       581       379       383
 -1       587    6    0    1
 -2        90       274       351       352       327       587       414       412       588       386
 -1       588    6    0    1
 -2       351       274        90       276       587       327       414       617       305       330
 -1       589    6    0    1
 -2        67       202       351       204       256       585       385       257       233       616
 -1       590    6    0    1
 -2       202        67       351       352       256       385       585       586       382       386
 -1       591    6    0    1
 -2        68       351       201       204       384       593       259       258       616       236
 -1       592    6    0    1
 -2       201       351        68       344       593       384       259       592       389       387
 -1       593    6    0    1
 -2        91       351       273       344       415       594       332       417       389       590
 -1       594    6    0    1
 -2       273       351        91       276       594       415       332       308       617       329
 -1       595    6    0    1
 -2         4       575       350       269       701       627       363       286       636       644
 -1       596    6    0    1
 -2       350       575         4       108       627       701       363       366       626       110
 -1       597    6    0    1
 -2       575       574       349       347       699       659       695       692       660       405
 -1       598    6    0    1
 -2       349       574       575       267       659       699       695       682       683       700
 -1       599    6    0    1
 -2       349       575         4       267       695       701       361       682       700       285
 -1       600    6    0    1
 -2         4       575       349       108       701       695       361       110       626       365
 -1       601    6    0    1
 -2       348       575         3       109       690       694       355       360       625       112
 -1       602    6    0    1
 -2         3       575       348       195       694       690       355       212       691       647
 -1       603    6    0    1
 -2       434         7         5       439       705       114       704       706       441       440
 -1       604    6    0    1
 -2         6       434         5        10       436       704       113       121       437       432
 -1       605    6    0    1
 -2        12         7         8       434       433       115       123       438       705       435
 -1       606    6    0    1
 -2         6         8         5       434       116       430       113       436       435       704
 -1       607    6    0    1
 -2       434         8         5         7       435       430       704       705       115       114
 -1       608    6    0    1
 -2       439         9        12        11       442       431       707       443       118       119
 -1       609    6    0    1
 -2       439         7        12       434       441       433       707       706       705       438
 -1       610    6    0    1
 -2        12         7       439        11       433       441       707       119       124       443
 -1       611    6    0    1
 -2        10        12       439         9       120       707       708       117       431       442
 -1       612    6    0    1
 -2       439        12        10       434       707       120       708       706       438       437
 -1       613    6    0    1
 -2       439         5        10         9       440       432       708       442       122       117
 -1       614    6    0    1
 -2        10         5       439       434       432       440       708       437       704       706
 -1       615    6    0    1
 -2       523       154       526       711       549       551       553       713       712       714
 -1       616    6    0    1
 -2       154       155       526       711       166       552       551       712       715       714
 -1       617    6    0    1
 -2       523       470       153       710       717       716       548       719       718       720
 -1       618    6    0    1
 -2       153       470       129       710       716       496       457       720       718       721
 -1       619    6    0    1
 -2       474       149       527       709       723       532       722       725       724       726
 -1       620    6    0    1
 -2       523       130       470       710       727       495       717       719       728       718
 -1       621    6    0    1
 -2       473       155       131       711       729       459       498       730       715       731
 -1       622    6    0    1
 -2       153       129       154       710       457       455       165       720       721       732
 -1       623    6    0    1
 -2       477       523       153       530       734       548       733       735       550       546
 -1       624    6    0    1
 -2       529       472       476       471       737       488       736       738       519       491
 -1       625    6    0    1
 -2       524       523       477       530       570       734       739       547       550       735
 -1       626    6    0    1
 -2       159       475       521       528       741       740       533       560       742       562
 -1       627    6    0    1
 -2       127       471       529       476       490       738       743       486       491       736
 -1       628    6    0    1
 -2       473       526       155       711       744       552       729       730       714       715
 -1       629    6    0    1
 -2       130       523       154       710       727       549       456       728       719       732
 -1       630    6    0    1
 -2       471       467       470       520       516       518       517       745       434       746
 -1       631    6    0    1
 -2       471       472       467       520       519       514       516       745       747       434
 -1       632    6    0    1
 -2       470       520       523       524       746       569       717       748       571       570
 -1       633    6    0    1
 -2       472       471       525       520       519       749       750       747       745       566
 -1       634    6    0    1
 -2       468       467       472       520       512       514       513       751       434       747
 -1       635    6    0    1
 -2       525       520       471       524       566       745       749       572       571       752
 -1       636    6    0    1
 -2       468       472       521       520       513       753       754       751       747       563
 -1       637    6    0    1
 -2       471       520       470       524       745       746       517       752       571       748
 -1       638    6    0    1
 -2       521       472       525       520       753       750       567       563       747       566
 -1       639    6    0    1
 -2        14       149       527       474       160       532       531       755       723       722
 -1       640    6    0    1
 -2       126       529       476       127       756       736       487       138       743       486
 -1       641    6    0    1
 -2       524       477       152       530       739       757       543       547       735       545
 -1       642    6    0    1
 -2       477       530       153       152       735       546       733       757       545       164
 -1       643    6    0    1
 -2       475       159       158       528       741       170       758       742       560       559
 -1       644    6    0    1
 -2        14       527       468       474       531       759       760       755       722       482
 -1       645    6    0    1
 -2       529       126       476       472       756       487       736       737       483       488
 -1       646    6    0    1
 -2       129       130       154       710       141       456       455       721       728       732
 -1       647    6    0    1
 -2       474       125       149       709       478       446       723       725       761       724
 -1       648    6    0    1
 -2       525       472       529       471       750       737       541       749       519       738
 -1       649    6    0    1
 -2       153       477       470       523       733       497       716       548       734       717
 -1       650    6    0    1
 -2       159       521       475       468       533       740       741       762       754       509
 -1       651    6    0    1
 -2       525       471       529       524       749       738       541       572       752       544
 -1       652    6    0    1
 -2       524       477       523       470       739       734       570       748       497       717
 -1       653    6    0    1
 -2       477       470       524       471       497       748       739       494       517       752
 -1       654    6    0    1
 -2       127       529       471       524       743       738       490       763       544       752
 -1       655    6    0    1
 -2       473       130       470       523       499       495       500       764       727       717
 -1       656    6    0    1
 -2       153       154       523       710       165       549       548       720       732       719
 -1       657    6    0    1
 -2        14       468       521       159       760       754       534       171       762       533
 -1       658    6    0    1
 -2       127       471       128       524       490       489       139       763       752       765
 -1       659    6    0    1
 -2       527       149       525       709       532       536       538       726       724       766
 -1       660    6    0    1
 -2       521       475       522       528       740       767       564       562       742       561
 -1       661    6    0    1
 -2       522       133       156       157       768       462       555       556       465       168
 -1       662    6    0    1
 -2       159       468       475       135       762       509       741       447       481       506
 -1       663    6    0    1
 -2       470       129       477       153       496       492       497       716       457       733
 -1       664    6    0    1
 -2       477       128       471       524       493       489       494       739       765       752
 -1       665    6    0    1
 -2        14       468        13       474       760       480       148       755       482       479
 -1       666    6    0    1
 -2       468        14       521       527       760       534       754       759       531       535
 -1       667    6    0    1
 -2       529       525       150       472       541       537       539       737       750       769
 -1       668    6    0    1
 -2       529       524       127       151       544       763       743       540       542       451
 -1       669    6    0    1
 -2       468       521       469       520       754       770       511       751       563       771
 -1       670    6    0    1
 -2       473       523       470       520       764       717       500       772       569       746
 -1       671    6    0    1
 -2       469       467       468       520       510       512       511       771       434       751
 -1       672    6    0    1
 -2       473       470       467       520       500       518       515       772       746       434
 -1       673    6    0    1
 -2       130       129       470       710       141       496       495       728       721       718
 -1       674    6    0    1
 -2       524       151       128       127       542       452       765       763       451       139
 -1       675    6    0    1
 -2       468        14       135       159       760       445       481       762       171       447
 -1       676    6    0    1
 -2       468        13       135        14       480       147       481       760       148       445
 -1       677    6    0    1
 -2       522       475       158       528       767       758       558       561       742       559
 -1       678    6    0    1
 -2       469       468       475       521       511       509       508       770       754       740
 -1       679    6    0    1
 -2       474        14       125        13       755       444       478       479       148       136
 -1       680    6    0    1
 -2       149        14       125       474       160       444       446       723       755       478
 -1       681    6    0    1
 -2       529       127       126       151       743       138       756       540       451       450
 -1       682    6    0    1
 -2       475       135       158       159       506       466       758       741       447       170
 -1       683    6    0    1
 -2       477       153       129       152       733       457       492       757       164       453
 -1       684    6    0    1
 -2       524       152       477       128       543       757       739       765       454       493
 -1       685    6    0    1
 -2       475       158       135       134       758       466       506       507       464       146
 -1       686    6    0    1
 -2       150       126       529       472       449       756       539       769       483       737
 -1       687    6    0    1
 -2       152       151       128       524       163       452       454       543       542       765
 -1       688    6    0    1
 -2       125       126       150       472       137       449       448       484       483       769
 -1       689    6    0    1
 -2       133       132       469       522       144       503       502       768       773       774
 -1       690    6    0    1
 -2       522       156       133       132       555       462       768       773       461       144
 -1       691    6    0    1
 -2       134       475       158       522       507       758       464       775       767       558
 -1       692    6    0    1
 -2       126       150       529       151       449       539       756       450       162       540
 -1       693    6    0    1
 -2       477       129       128       152       492       140       493       757       453       454
 -1       694    6    0    1
 -2       469       521       522       520       770       564       774       771       563       565
 -1       695    6    0    1
 -2       523       473       526       520       764       744       553       569       772       568
 -1       696    6    0    1
 -2       467       469       473       520       510       504       515       434       771       772
 -1       697    6    0    1
 -2       522       132       469       473       773       503       774       776       501       504
 -1       698    6    0    1
 -2       132       156       526       522       461       554       777       773       555       557
 -1       699    6    0    1
 -2       526       473       132       522       744       501       777       557       776       773
 -1       700    6    0    1
 -2       522       158       133       157       558       463       768       556       169       465
 -1       701    6    0    1
 -2       522       133       158       134       768       463       558       775       145       464
 -1       702    6    0    1
 -2       472       125       474       709       484       478       485       778       761       725
 -1       703    6    0    1
 -2       475       134       469       522       507       505       508       767       775       774
 -1       704    6    0    1
 -2       521       522       475       469       564       767       740       770       774       508
 -1       705    6    0    1
 -2       134       133       469       522       145       502       505       775       768       774
 -1       706    6    0    1
 -2       523       526       473       711       553       744       764       713       714       730
 -1       707    6    0    1
 -2       522       473       469       520       776       504       774       565       772       771
 -1       708    6    0    1
 -2       473       522       526       520       776       557       744       772       565       568
 -1       709    6    0    1
 -2       132       155       131       473       460       459       143       501       729       498
 -1       710    6    0    1
 -2       154       131       155       711       458       459       166       712       731       715
 -1       711    6    0    1
 -2       155       156       526       132       167       554       552       460       461       777
 -1       712    6    0    1
 -2       155       132       526       473       460       777       552       729       501       744
 -1       713    6    0    1
 -2       150       149       709       525       161       724       779       537       536       766
 -1       714    6    0    1
 -2       709       149       150       125       724       161       779       761       446       448
 -1       715    6    0    1
 -2       709       472       150       525       778       769       779       766       750       537
 -1       716    6    0    1
 -2       150       472       709       125       769       778       779       448       484       761
 -1       717    6    0    1
 -2       468       709       474       527       780       725       482       759       726       722
 -1       718    6    0    1
 -2       474       709       468       472       725       780       482       485       778       513
 -1       719    6    0    1
 -2       468       521       709       527       754       781       780       759       535       726
 -1       720    6    0    1
 -2       709       521       468       472       781       754       780       778       753       513
 -1       721    6    0    1
 -2       521       525       709       527       567       766       781       535       538       726
 -1       722    6    0    1
 -2       709       525       521       472       766       567       781       778       750       753
 -1       723    6    0    1
 -2       130       711       473       131       782       730       499       142       731       498
 -1       724    6    0    1
 -2       711       130       473       523       782       499       730       713       727       764
 -1       725    6    0    1
 -2       711       130       154       131       782       456       712       731       142       458
 -1       726    6    0    1
 -2       130       711       154       523       782       712       456       727       713       549
 -3
    1PSTEP                         1           1           1          
  100CL  101 1.000000000         782                     0    1           1
 -4  DISP        4    1
 -5  D1          1    2    1    0
 -5  D2          1    2    2    0
 -5  D3          1    2    3    0
 -5  ALL         1    2    0    0    1ALL
 -1         1-3.34618E+11-7.80931E+10 6.15586E+10
 -1         2-2.26342E+11-7.80931E+10 6.49647E+10
 -1         3-2.29756E+11-8.21805E+10 6.15586E+10
 -1         4-1.21480E+11-8.21805E+10 6.49647E+10
 -1         5 2.65286E+10-8.32906E+09 8.15576E+08
 -1         6 2.69561E+09-4.49268E+09 8.15576E+08
 -1         7 2.11374E+10-8.32906E+09 9.89956E+08
 -1         8-2.69561E+09-4.49268E+09 9.89956E+08
 -1         9 2.65286E+10 6.56298E+08-9.89956E+08
 -1        10 2.69561E+09 4.49268E+09-9.89956E+08
 -1        11 2.11374E+10 6.56298E+08-8.15576E+08
 -1        12-2.69561E+09 4.49268E+09-8.15576E+08
 -1        13 3.34798E-03-7.17072E-04 7.00269E-04
 -1        14 3.84258E-03-7.14041E-04 6.44659E-04
 -1        15-3.11204E+11 2.92707E+10 1.48944E+11
 -1        16-2.47233E+11 1.06041E+11 2.12914E+11
 -1        17-1.59848E+11 1.31648E+11 2.36329E+11
 -1        18-7.24626E+10 9.92288E+10 2.12914E+11
 -1        19-8.49213E+09 1.74715E+10 1.48944E+11
 -1        20 1.49227E+10-9.17177E+10 6.15586E+10
 -1        21-8.49213E+09-1.99081E+11-2.58267E+10
 -1        22-7.24626E+10-2.75852E+11-8.97972E+10
 -1        23-1.59848E+11-3.01458E+11-1.13212E+11
 -1        24-2.47233E+11-2.69040E+11-8.97972E+10
 -1        25-3.11204E+11-1.87282E+11-2.58267E+10
 -1        26-3.28663E+11-2.22772E+10 1.06793E+11
 -1        27-2.83429E+11 7.30377E+10 1.85140E+11
 -1        28-2.05082E+11 1.26032E+11 2.30374E+11
 -1        29-1.14614E+11 1.22506E+11 2.30374E+11
 -1        30-3.62664E+10 6.34037E+10 1.85140E+11
 -1        31 8.96752E+09-3.54375E+10 1.06793E+11
 -1        32 8.96752E+09-1.47534E+11 1.63246E+10
 -1        33-3.62664E+10-2.42848E+11-6.20229E+10
 -1        34-1.14614E+11-2.95843E+11-1.07257E+11
 -1        35-2.05082E+11-2.92316E+11-1.07257E+11
 -1        36-2.83429E+11-2.33214E+11-6.20229E+10
 -1        37-3.28663E+11-1.34373E+11 1.63246E+10
 -1        38-2.80480E+11-7.80931E+10 6.32616E+10
 -1        39-2.02927E+11 2.92707E+10 1.52350E+11
 -1        40-1.38957E+11 1.06041E+11 2.16320E+11
 -1        41-5.15714E+10 1.31648E+11 2.39735E+11
 -1        42 3.58139E+10 9.92288E+10 2.16320E+11
 -1        43 9.97843E+10 1.74715E+10 1.52350E+11
 -1        44 1.23199E+11-9.17177E+10 6.49647E+10
 -1        45 9.97843E+10-1.99081E+11-2.24206E+10
 -1        46 3.58139E+10-2.75852E+11-8.63910E+10
 -1        47-5.15714E+10-3.01458E+11-1.09806E+11
 -1        48-1.38957E+11-2.69040E+11-8.63910E+10
 -1        49-2.02927E+11-1.87282E+11-2.24206E+10
 -1        50-2.20387E+11-2.22772E+10 1.10199E+11
 -1        51-1.75153E+11 7.30377E+10 1.88546E+11
 -1        52-9.68053E+10 1.26032E+11 2.33780E+11
 -1        53-6.33744E+09 1.22506E+11 2.33780E+11
 -1        54 7.20100E+10 6.34037E+10 1.88546E+11
 -1        55 1.17244E+11-3.54375E+10 1.10199E+11
 -1        56 1.17244E+11-1.47534E+11 1.97308E+10
 -1        57 7.20100E+10-2.42848E+11-5.86167E+10
 -1        58-6.33744E+09-2.95843E+11-1.03851E+11
 -1        59-9.68053E+10-2.92316E+11-1.03851E+11
 -1        60-1.75153E+11-2.33214E+11-5.86167E+10
 -1        61-2.20387E+11-1.34373E+11 1.97308E+10
 -1        62-2.20390E+11-3.92349E+10 9.65127E+10
 -1        63-1.94802E+11-8.52678E+09 1.22101E+11
 -1        64-1.59848E+11 1.71580E+09 1.31467E+11
 -1        65-1.24894E+11-1.12517E+10 1.22101E+11
 -1        66-9.93056E+10-4.39546E+10 9.65127E+10
 -1        67-8.99396E+10-8.76303E+10 6.15586E+10
 -1        68-9.93056E+10-1.30576E+11 2.66045E+10
 -1        69-1.24894E+11-1.61284E+11 1.01628E+09
 -1        70-1.59848E+11-1.71527E+11-8.34965E+09
 -1        71-1.94802E+11-1.58559E+11 1.01628E+09
 -1        72-2.20390E+11-1.25856E+11 2.66045E+10
 -1        73-2.27374E+11-5.98541E+10 7.96521E+10
 -1        74-2.09280E+11-2.17281E+10 1.10991E+11
 -1        75-1.77941E+11-5.30482E+08 1.29085E+11
 -1        76-1.41754E+11-1.94100E+09 1.29085E+11
 -1        77-1.10415E+11-2.55818E+10 1.10991E+11
 -1        78-9.23217E+10-6.51182E+10 7.96521E+10
 -1        79-9.23217E+10-1.09957E+11 4.34650E+10
 -1        80-1.10415E+11-1.48083E+11 1.21260E+10
 -1        81-1.41754E+11-1.69280E+11-5.96758E+09
 -1        82-1.77941E+11-1.67870E+11-5.96758E+09
 -1        83-2.09280E+11-1.44229E+11 1.21260E+10
 -1        84-2.27374E+11-1.04693E+11 4.34650E+10
 -1        85-1.12114E+11-3.92349E+10 9.99188E+10
 -1        86-8.65255E+10-8.52678E+09 1.25507E+11
 -1        87-5.15714E+10 1.71580E+09 1.34873E+11
 -1        88-1.66173E+10-1.12517E+10 1.25507E+11
 -1        89 8.97091E+09-4.39546E+10 9.99188E+10
 -1        90 1.83368E+10-8.76303E+10 6.49647E+10
 -1        91 8.97091E+09-1.30576E+11 3.00106E+10
 -1        92-1.66173E+10-1.61284E+11 4.42242E+09
 -1        93-5.15714E+10-1.71527E+11-4.94350E+09
 -1        94-8.65255E+10-1.58559E+11 4.42242E+09
 -1        95-1.12114E+11-1.25856E+11 3.00106E+10
 -1        96-1.19098E+11-5.98541E+10 8.30583E+10
 -1        97-1.01004E+11-2.17281E+10 1.14397E+11
 -1        98-6.96650E+10-5.30482E+08 1.32491E+11
 -1        99-3.34778E+10-1.94100E+09 1.32491E+11
 -1       100-2.13881E+09-2.55818E+10 1.14397E+11
 -1       101 1.59548E+10-6.51182E+10 8.30583E+10
 -1       102 1.59548E+10-1.09957E+11 4.68711E+10
 -1       103-2.13881E+09-1.48083E+11 1.55321E+10
 -1       104-3.34778E+10-1.69280E+11-2.56144E+09
 -1       105-6.96650E+10-1.67870E+11-2.56144E+09
 -1       106-1.01004E+11-1.44229E+11 1.55321E+10
 -1       107-1.19098E+11-1.04693E+11 4.68711E+10
 -1       108-1.57572E+11-8.21805E+10 6.38293E+10
 -1       109-1.93664E+11-8.21805E+10 6.26939E+10
 -1       110-1.39526E+11-8.21805E+10 6.43970E+10
 -1       111-1.75618E+11-8.21805E+10 6.32616E+10
 -1       112-2.11710E+11-8.21805E+10 6.21263E+10
 -1       113 1.46121E+10-6.41087E+09 8.15576E+08
 -1       114 2.38330E+10-8.32906E+09 9.02766E+08
 -1       115 9.22090E+09-6.41087E+09 9.89956E+08
 -1       116 2.24012E-03-4.49268E+09 9.02766E+08
 -1       117 1.46121E+10 2.57449E+09-9.89956E+08
 -1       118 2.38330E+10 6.56298E+08-9.02766E+08
 -1       119 9.22090E+09 2.57449E+09-8.15576E+08
 -1       120 2.18034E-03 4.49268E+09-9.02766E+08
 -1       121 2.69561E+09-4.79266E-04-8.71904E+07
 -1       122 2.65286E+10-3.83638E+09-8.71904E+07
 -1       123-2.69561E+09-5.23103E-04 8.71904E+07
 -1       124 2.11374E+10-3.83638E+09 8.71904E+07
 -1       125 3.22481E-03-3.64251E-05 7.21913E-05
 -1       126 2.78398E-03 3.80814E-04-4.26120E-04
 -1       127 2.11493E-03 4.35134E-04-6.26230E-04
 -1       128 1.42100E-03 2.07670E-04-3.67139E-04
 -1       129 9.94195E-04-1.27571E-04 1.55504E-04
 -1       130 9.11871E-04-3.38008E-04 7.51178E-04
 -1       131 1.10523E-03-2.33239E-04 1.29643E-03
 -1       132 1.41891E-03-6.77983E-04 1.99674E-03
 -1       133 2.06912E-03-1.68006E-03 2.05993E-03
 -1       134 2.72235E-03-1.86192E-03 1.77715E-03
 -1       135 3.16352E-03-1.42628E-03 1.30196E-03
 -1       136 3.32797E-03-3.55565E-04 3.80288E-04
 -1       137 3.04021E-03 2.15496E-04-2.05574E-04
 -1       138 2.46856E-03 4.53123E-04-5.73120E-04
 -1       139 1.75231E-03 3.47342E-04-5.55322E-04
 -1       140 1.15580E-03 5.53387E-05 0.00000E+00
 -1       141 8.95879E-04-2.79675E-04 4.29997E-04
 -1       142 9.92009E-04-3.09625E-04 1.04124E-03
 -1       143 1.18584E-03-2.88591E-04 1.59080E-03
 -1       144 1.73953E-03-1.24262E-03 2.09926E-03
 -1       145 2.42610E-03-1.86498E-03 1.95579E-03
 -1       146 2.97085E-03-1.69978E-03 1.56273E-03
 -1       147 3.29253E-03-1.08592E-03 1.01127E-03
 -1       148 3.59635E-03-7.14451E-04 6.72812E-04
 -1       149 3.66474E-03-3.41008E-05 5.34249E-05
 -1       150 3.16861E-03 3.80273E-04-3.98275E-04
 -1       151 2.45814E-03 4.33399E-04-5.60120E-04
 -1       152 1.71756E-03 1.72840E-04-3.01635E-04
 -1       153 1.22844E-03-1.49598E-04 1.62869E-04
 -1       154 1.00485E-03-3.58308E-04 6.15306E-04
 -1       155 6.82276E-04-5.82079E-05 5.66355E-04
 -1       156 1.22176E-03-5.58265E-04 1.08542E-03
 -1       157 2.44231E-03-1.68968E-03 1.71527E-03
 -1       158 3.22138E-03-1.86015E-03 1.62477E-03
 -1       159 3.68914E-03-1.42487E-03 1.21852E-03
 -1       160 3.79638E-03-3.52265E-04 3.42701E-04
 -1       161 3.45255E-03 2.16987E-04-2.00793E-04
 -1       162 2.83213E-03 4.52795E-04-5.23704E-04
 -1       163 2.07344E-03 3.33787E-04-4.91078E-04
 -1       164 1.43374E-03 0.00000E+00 0.00000E+00
 -1       165 1.08173E-03-2.77584E-04 3.84975E-04
 -1       166 9.07872E-04-2.53718E-04 6.95123E-04
 -1       167 0.00000E+00 0.00000E+00 0.00000E+00
 -1       168 1.89346E-03-1.21968E-03 1.52043E-03
 -1       169 2.87684E-03-1.87403E-03 1.72216E-03
 -1       170 3.48858E-03-1.69554E-03 1.45112E-03
 -1       171 3.80631E-03-1.08426E-03 9.41714E-04
 -1       172-2.74525E+11-2.22772E+10 1.08496E+11
 -1       173-2.74525E+11-1.34373E+11 1.80277E+10
 -1       174-2.57065E+11 2.92707E+10 1.50647E+11
 -1       175-2.57065E+11-1.87282E+11-2.41236E+10
 -1       176-2.29291E+11 7.30377E+10 1.86843E+11
 -1       177-1.50944E+11 1.26032E+11 2.32077E+11
 -1       178-1.05710E+11 1.31648E+11 2.38032E+11
 -1       179-1.93095E+11 1.06041E+11 2.14617E+11
 -1       180-6.04757E+10 1.22506E+11 2.32077E+11
 -1       181-1.83243E+10 9.92288E+10 2.14617E+11
 -1       182 1.78718E+10 6.34037E+10 1.86843E+11
 -1       183 4.56461E+10 1.74715E+10 1.50647E+11
 -1       184 6.31058E+10-3.54375E+10 1.08496E+11
 -1       185 6.31058E+10-1.47534E+11 1.80277E+10
 -1       186 6.90609E+10-9.17177E+10 6.32616E+10
 -1       187 1.78718E+10-2.42848E+11-6.03198E+10
 -1       188-1.83243E+10-2.75852E+11-8.80941E+10
 -1       189 4.56461E+10-1.99081E+11-2.41236E+10
 -1       190-6.04757E+10-2.95843E+11-1.05554E+11
 -1       191-1.50944E+11-2.92316E+11-1.05554E+11
 -1       192-1.93095E+11-2.69040E+11-8.80941E+10
 -1       193-1.05710E+11-3.01458E+11-1.11509E+11
 -1       194-2.29291E+11-2.33214E+11-6.03198E+10
 -1       195-2.71260E+11-4.35729E+10 9.14114E+10
 -1       196-7.82883E+10 1.29736E+10 1.43118E+11
 -1       197-2.69439E+11-1.18228E+11 3.12177E+10
 -1       198-2.39283E+11-1.82363E+11-1.95944E+10
 -1       199-1.29995E+11-2.24117E+11-4.98539E+10
 -1       200-1.88501E+11-2.17844E+11-4.66318E+10
 -1       201-7.87762E+10-1.86867E+11-1.81799E+10
 -1       202-4.97686E+10-5.38582E+10 9.00783E+10
 -1       203-1.31328E+11 5.03789E+10 1.71638E+11
 -1       204-5.18932E+10-1.24955E+11 3.26322E+10
 -1       205-2.39586E+11 1.86561E+10 1.42630E+11
 -1       206-1.88774E+11 4.99855E+10 1.69513E+11
 -1       207-2.91232E+11-7.15108E+09 1.20178E+11
 -1       208-3.02939E+11-6.08330E+10 7.64850E+10
 -1       209-3.02029E+11-9.81606E+10 4.63881E+10
 -1       210-2.90321E+11-1.52755E+11 2.69551E+09
 -1       211-2.70350E+11-8.09005E+10 6.13146E+10
 -1       212-2.50508E+11-6.28767E+10 7.64850E+10
 -1       213-2.45825E+11-4.14039E+10 9.39621E+10
 -1       214-2.44915E+11-1.22042E+11 2.89111E+10
 -1       215-2.49598E+11-1.00204E+11 4.63881E+10
 -1       216-2.43410E+11 6.23486E+10 1.77772E+11
 -1       217-2.75395E+11 2.39634E+10 1.45787E+11
 -1       218-2.55423E+11-1.24584E+10 1.17021E+11
 -1       219-1.74311E+11 9.08165E+10 2.02921E+11
 -1       220-2.18004E+11 7.80133E+10 1.91214E+11
 -1       221-2.14180E+11 3.43208E+10 1.56072E+11
 -1       222-1.01895E+11 7.48039E+10 1.92276E+11
 -1       223-1.45588E+11 9.10132E+10 2.03983E+11
 -1       224-1.60051E+11 5.01822E+10 1.70576E+11
 -1       225-4.33902E+10 1.52225E+10 1.46031E+11
 -1       226-7.53754E+10 5.61012E+10 1.78016E+11
 -1       227-1.04808E+11 3.16763E+10 1.57378E+11
 -1       228-1.74229E+10-7.27879E+10 7.58184E+10
 -1       229-2.91303E+10-1.81934E+10 1.19511E+11
 -1       230-6.40284E+10-2.04423E+10 1.16598E+11
 -1       231-3.01927E+10-1.62018E+11 3.40276E+09
 -1       232-1.84853E+10-1.08336E+11 4.70954E+10
 -1       233-5.08309E+10-8.94066E+10 6.13552E+10
 -1       234-7.56194E+10-2.31359E+11-5.39885E+10
 -1       235-4.36342E+10-1.92974E+11-2.20033E+10
 -1       236-6.53347E+10-1.55911E+11 7.22618E+09
 -1       237-1.44921E+11-2.62788E+11-8.15329E+10
 -1       238-1.01229E+11-2.49984E+11-6.98255E+10
 -1       239-1.04386E+11-2.05492E+11-3.40169E+10
 -1       240-2.17867E+11-2.43442E+11-6.82145E+10
 -1       241-1.74175E+11-2.59651E+11-7.99219E+10
 -1       242-1.59248E+11-2.20980E+11-4.82428E+10
 -1       243-2.75243E+11-1.84823E+11-2.27105E+10
 -1       244-2.43258E+11-2.25701E+11-5.46958E+10
 -1       245-2.13892E+11-2.00104E+11-3.31131E+10
 -1       246-2.54361E+11-1.50296E+11 5.81167E+09
 -1       247-2.29988E+11-1.02894E+10 1.19571E+11
 -1       248-2.17194E+11 5.06467E+09 1.32366E+11
 -1       249-1.91788E+11 2.07293E+10 1.45807E+11
 -1       250-1.74311E+11 2.58506E+10 1.50490E+11
 -1       251-1.45588E+11 2.60474E+10 1.51552E+11
 -1       252-1.28111E+11 1.95636E+10 1.46869E+11
 -1       253-1.01591E+11 8.60952E+08 1.32609E+11
 -1       254-8.87969E+10-1.54905E+10 1.19815E+11
 -1       255-7.45371E+10-4.89064E+10 9.32955E+10
 -1       256-6.98541E+10-7.07442E+10 7.58184E+10
 -1       257-7.09164E+10-1.06293E+11 4.70954E+10
 -1       258-7.55994E+10-1.27765E+11 2.96183E+10
 -1       259-8.90409E+10-1.58721E+11 4.21230E+09
 -1       260-1.01835E+11-1.74075E+11-8.58179E+09
 -1       261-1.27444E+11-1.92700E+11-2.44188E+10
 -1       262-1.44921E+11-1.97822E+11-2.91018E+10
 -1       263-1.74175E+11-1.94685E+11-2.74907E+10
 -1       264-1.91652E+11-1.88201E+11-2.28078E+10
 -1       265-2.17042E+11-1.70461E+11-9.28905E+09
 -1       266-2.29836E+11-1.54110E+11 3.50505E+09
 -1       267-1.62984E+11-4.35729E+10 9.48176E+10
 -1       268 2.99882E+10 1.29736E+10 1.46524E+11
 -1       269-1.61163E+11-1.18228E+11 3.46239E+10
 -1       270-1.31006E+11-1.82363E+11-1.61882E+10
 -1       271-2.17185E+10-2.24117E+11-4.64478E+10
 -1       272-8.02250E+10-2.17844E+11-4.32256E+10
 -1       273 2.95002E+10-1.86867E+11-1.47737E+10
 -1       274 5.85079E+10-5.38582E+10 9.34844E+10
 -1       275-2.30517E+10 5.03789E+10 1.75044E+11
 -1       276 5.63832E+10-1.24955E+11 3.60384E+10
 -1       277-1.31310E+11 1.86561E+10 1.46036E+11
 -1       278-8.04977E+10 4.99855E+10 1.72919E+11
 -1       279-1.94663E+11-6.08330E+10 7.98912E+10
 -1       280-1.82955E+11-7.15108E+09 1.23584E+11
 -1       281-1.82045E+11-1.52755E+11 6.10165E+09
 -1       282-1.93752E+11-9.81606E+10 4.97943E+10
 -1       283-1.62073E+11-8.09005E+10 6.47207E+10
 -1       284-1.37549E+11-4.14039E+10 9.73682E+10
 -1       285-1.42232E+11-6.28767E+10 7.98912E+10
 -1       286-1.41321E+11-1.00204E+11 4.97943E+10
 -1       287-1.36638E+11-1.22042E+11 3.23172E+10
 -1       288-1.67118E+11 2.39634E+10 1.49193E+11
 -1       289-1.35133E+11 6.23486E+10 1.81178E+11
 -1       290-1.47147E+11-1.24584E+10 1.20427E+11
 -1       291-1.09727E+11 7.80133E+10 1.94620E+11
 -1       292-6.60346E+10 9.08165E+10 2.06327E+11
 -1       293-1.05904E+11 3.43208E+10 1.59478E+11
 -1       294-3.73115E+10 9.10132E+10 2.07390E+11
 -1       295 6.38110E+09 7.48039E+10 1.95682E+11
 -1       296-5.17747E+10 5.01822E+10 1.73982E+11
 -1       297 3.29010E+10 5.61012E+10 1.81422E+11
 -1       298 6.48863E+10 1.52225E+10 1.49437E+11
 -1       299 3.46826E+09 3.16763E+10 1.60784E+11
 -1       300 7.91461E+10-1.81934E+10 1.22917E+11
 -1       301 9.08535E+10-7.27879E+10 7.92246E+10
 -1       302 4.42481E+10-2.04423E+10 1.20004E+11
 -1       303 8.97912E+10-1.08336E+11 5.05015E+10
 -1       304 7.80838E+10-1.62018E+11 6.80890E+09
 -1       305 5.74456E+10-8.94066E+10 6.47614E+10
 -1       306 6.46423E+10-1.92974E+11-1.85971E+10
 -1       307 3.26571E+10-2.31359E+11-5.05824E+10
 -1       308 4.29417E+10-1.55911E+11 1.06323E+10
 -1       309 7.04769E+09-2.49984E+11-6.64194E+10
 -1       310-3.66449E+10-2.62788E+11-7.81268E+10
 -1       311 3.89086E+09-2.05492E+11-3.06107E+10
 -1       312-6.58982E+10-2.59651E+11-7.65157E+10
 -1       313-1.09591E+11-2.43442E+11-6.48083E+10
 -1       314-5.09717E+10-2.20980E+11-4.48367E+10
 -1       315-1.34981E+11-2.25701E+11-5.12896E+10
 -1       316-1.66967E+11-1.84823E+11-1.93044E+10
 -1       317-1.05616E+11-2.00104E+11-2.97069E+10
 -1       318-1.46084E+11-1.50296E+11 9.21782E+09
 -1       319-1.08918E+11 5.06467E+09 1.35772E+11
 -1       320-1.21712E+11-1.02894E+10 1.22978E+11
 -1       321-6.60346E+10 2.58506E+10 1.53896E+11
 -1       322-8.35116E+10 2.07293E+10 1.49213E+11
 -1       323-1.98345E+10 1.95636E+10 1.50275E+11
 -1       324-3.73115E+10 2.60474E+10 1.54958E+11
 -1       325 1.94796E+10-1.54905E+10 1.23222E+11
 -1       326 6.68546E+09 8.60952E+08 1.36016E+11
 -1       327 3.84224E+10-7.07442E+10 7.92246E+10
 -1       328 3.37394E+10-4.89064E+10 9.67016E+10
 -1       329 3.26771E+10-1.27765E+11 3.30245E+10
 -1       330 3.73600E+10-1.06293E+11 5.05015E+10
 -1       331 6.44147E+09-1.74075E+11-5.17565E+09
 -1       332 1.92356E+10-1.58721E+11 7.61844E+09
 -1       333-3.66449E+10-1.97822E+11-2.56956E+10
 -1       334-1.91679E+10-1.92700E+11-2.10127E+10
 -1       335-8.33752E+10-1.88201E+11-1.94016E+10
 -1       336-6.58982E+10-1.94685E+11-2.40846E+10
 -1       337-1.21560E+11-1.54110E+11 6.91119E+09
 -1       338-1.08766E+11-1.70461E+11-5.88290E+09
 -1       339-1.23014E+11-1.68158E+11-4.47234E+09
 -1       340-1.53009E+11-1.46955E+11 1.16959E+10
 -1       341-1.53009E+11-1.91754E+10 1.14822E+11
 -1       342-1.23014E+11-3.04082E+08 1.30995E+11
 -1       343-8.76160E+10-1.69280E+11-4.26451E+09
 -1       344-5.62770E+10-1.48083E+11 1.38291E+10
 -1       345-2.09328E+11-1.04693E+11 4.40327E+10
 -1       346-1.73409E+11-1.18488E+11 3.40288E+10
 -1       347-1.73409E+11-4.63675E+10 9.22342E+10
 -1       348-2.09328E+11-5.98541E+10 8.02198E+10
 -1       349-1.51229E+11-6.25819E+10 7.98460E+10
 -1       350-1.51229E+11-1.01921E+11 4.80968E+10
 -1       351-3.81835E+10-1.09957E+11 4.51681E+10
 -1       352-3.81835E+10-6.51182E+10 8.13552E+10
 -1       353-5.62770E+10-2.55818E+10 1.12694E+11
 -1       354-8.76160E+10-1.94100E+09 1.30788E+11
 -1       355-2.20135E+11-7.08974E+10 7.09673E+10
 -1       356-2.15412E+11-4.92394E+10 8.85951E+10
 -1       357-2.20135E+11-9.35101E+10 5.27176E+10
 -1       358-2.15412E+11-1.15536E+11 3.50897E+10
 -1       359-2.02089E+11-9.35101E+10 5.32852E+10
 -1       360-2.02089E+11-7.08974E+10 7.15350E+10
 -1       361-1.36810E+11-7.22986E+10 7.24577E+10
 -1       362-1.32375E+11-5.05364E+10 9.01605E+10
 -1       363-1.36810E+11-9.20980E+10 5.64784E+10
 -1       364-1.32375E+11-1.14206E+11 3.87756E+10
 -1       365-1.54856E+11-7.22986E+10 7.18900E+10
 -1       366-1.54856E+11-9.20980E+10 5.59107E+10
 -1       367-1.87336E+11-2.85473E+10 1.06178E+11
 -1       368-1.74150E+11-1.34280E+10 1.18795E+11
 -1       369-1.64336E+11-3.17106E+10 1.04349E+11
 -1       370-1.96968E+11-4.27545E+10 9.44090E+10
 -1       371-1.91599E+11-5.29989E+10 8.63101E+10
 -1       372-1.59154E+11-3.65672E+09 1.27153E+11
 -1       373-1.41499E+11 1.37943E+09 1.31773E+11
 -1       374-1.39009E+11-7.41383E+09 1.24754E+11
 -1       375-1.23654E+11 6.19073E+08 1.31720E+11
 -1       376-1.06026E+11-5.92062E+09 1.26997E+11
 -1       377-1.05302E+11 1.69832E+09 1.33169E+11
 -1       378-9.02213E+10-1.78430E+10 1.17872E+11
 -1       379-7.73168E+10-3.43356E+10 1.04968E+11
 -1       380-7.07555E+10-1.12517E+10 1.23804E+11
 -1       381-6.81920E+10-5.42744E+10 8.91628E+10
 -1       382-6.34686E+10-7.63006E+10 7.15350E+10
 -1       383-4.51673E+10-4.39546E+10 9.82157E+10
 -1       384-6.81920E+10-1.20571E+11 3.56574E+10
 -1       385-6.34686E+10-9.89133E+10 5.32852E+10
 -1       386-3.58014E+10-8.76303E+10 6.32616E+10
 -1       387-7.73168E+10-1.39799E+11 1.98527E+10
 -1       388-9.02213E+10-1.55285E+11 6.94819E+09
 -1       389-4.51673E+10-1.30576E+11 2.83075E+10
 -1       390-1.06026E+11-1.65976E+11-2.17667E+09
 -1       391-1.23654E+11-1.71141E+11-6.90004E+09
 -1       392-7.07555E+10-1.61284E+11 2.71935E+09
 -1       393-1.41499E+11-1.70511E+11-6.95246E+09
 -1       394-1.59154E+11-1.64098E+11-2.33260E+09
 -1       395-1.05302E+11-1.71541E+11-6.64544E+09
 -1       396-1.74150E+11-1.53161E+11 6.02232E+09
 -1       397-1.87336E+11-1.37014E+11 1.86393E+10
 -1       398-1.39009E+11-1.59805E+11 1.76604E+09
 -1       399-1.64336E+11-1.33695E+11 2.20416E+10
 -1       400-1.96968E+11-1.22213E+11 3.02811E+10
 -1       401-1.91599E+11-1.11684E+11 3.89477E+10
 -1       402-1.20012E+11-1.34280E+10 1.20498E+11
 -1       403-1.33198E+11-2.85473E+10 1.07881E+11
 -1       404-1.42830E+11-4.27545E+10 9.61121E+10
 -1       405-1.62650E+11-5.43215E+10 8.61533E+10
 -1       406-8.73607E+10 1.37943E+09 1.33476E+11
 -1       407-1.05016E+11-3.65672E+09 1.28856E+11
 -1       408-5.18878E+10-5.92062E+09 1.28700E+11
 -1       409-6.95156E+10 6.19073E+08 1.33423E+11
 -1       410-2.31786E+10-3.43356E+10 1.06671E+11
 -1       411-3.60831E+10-1.78430E+10 1.19575E+11
 -1       412-9.33036E+09-7.63006E+10 7.32380E+10
 -1       413-1.40537E+10-5.42744E+10 9.08659E+10
 -1       414-9.33036E+09-9.89133E+10 5.49883E+10
 -1       415-1.40537E+10-1.20571E+11 3.73605E+10
 -1       416-3.60831E+10-1.55285E+11 8.65126E+09
 -1       417-2.31786E+10-1.39799E+11 2.15558E+10
 -1       418-6.95156E+10-1.71141E+11-5.19696E+09
 -1       419-5.18878E+10-1.65976E+11-4.73593E+08
 -1       420-1.05016E+11-1.64098E+11-6.29531E+08
 -1       421-8.73607E+10-1.70511E+11-5.24938E+09
 -1       422-1.33198E+11-1.37014E+11 2.03424E+10
 -1       423-1.20012E+11-1.53161E+11 7.72539E+09
 -1       424-1.42830E+11-1.22213E+11 3.19841E+10
 -1       425-1.62650E+11-1.10332E+11 4.09496E+10
 -1       426-1.72902E+11-7.22986E+10 7.13223E+10
 -1       427-1.72902E+11-9.20980E+10 5.53430E+10
 -1       428-1.85104E+11-1.00697E+11 4.80195E+10
 -1       429-1.85104E+11-6.37892E+10 7.78060E+10
 -1       430 1.19165E+10-6.41087E+09 9.02766E+08
 -1       431 1.19165E+10 2.57449E+09-9.02766E+08
 -1       432 1.46121E+10-1.91819E+09-8.71904E+07
 -1       433 9.22090E+09-1.91819E+09 8.71904E+07
 -1       434 2.29392E-03-4.40407E-04 7.43216E-04
 -1       435-1.34780E+09-2.24634E+09 4.94978E+08
 -1       436 1.34780E+09-2.24634E+09 4.07788E+08
 -1       437 1.34780E+09 2.24634E+09-4.94978E+08
 -1       438-1.34780E+09 2.24634E+09-4.07788E+08
 -1       439 2.38330E+10-3.83638E+09 2.38907E-03
 -1       440 2.51808E+10-6.08272E+09 4.07788E+08
 -1       441 2.24852E+10-6.08272E+09 4.94978E+08
 -1       442 2.51808E+10-1.59004E+09-4.94978E+08
 -1       443 2.24852E+10-1.59004E+09-4.07788E+08
 -1       444 3.56187E-03-3.52517E-04 3.61429E-04
 -1       445 3.54965E-03-1.08451E-03 9.76732E-04
 -1       446 3.44524E-03-3.33474E-05 6.22545E-05
 -1       447 3.42658E-03-1.42587E-03 1.26093E-03
 -1       448 3.24773E-03 2.17943E-04-2.04254E-04
 -1       449 2.97700E-03 3.82218E-04-4.13282E-04
 -1       450 2.65061E-03 4.54080E-04-5.49577E-04
 -1       451 2.28676E-03 4.34264E-04-5.95207E-04
 -1       452 1.91236E-03 3.40229E-04-5.29459E-04
 -1       453 1.29595E-03 2.02076E-05-9.64029E-05
 -1       454 1.57119E-03 1.89633E-04-3.55248E-04
 -1       455 9.81698E-04-2.87864E-04 4.00560E-04
 -1       456 9.41968E-04-3.58131E-04 6.70084E-04
 -1       457 1.11488E-03-1.48159E-04 1.40167E-04
 -1       458 9.62148E-04-3.23844E-04 8.69337E-04
 -1       459 9.64247E-04-1.76641E-04 9.84443E-04
 -1       460 9.58205E-04-2.27386E-04 1.14648E-03
 -1       461 1.38888E-03-6.75866E-04 1.62180E-03
 -1       462 1.81583E-03-1.24783E-03 1.82543E-03
 -1       463 2.64560E-03-1.87329E-03 1.83464E-03
 -1       464 2.96855E-03-1.86573E-03 1.69964E-03
 -1       465 2.25484E-03-1.69726E-03 1.89688E-03
 -1       466 3.22988E-03-1.69888E-03 1.50771E-03
 -1       467 2.06676E-03-4.66968E-04 7.29026E-04
 -1       468 2.71011E-03-8.12381E-04 8.62349E-04
 -1       469 2.21232E-03-1.24861E-03 1.25259E-03
 -1       470 1.35778E-03-4.43931E-04 5.24339E-04
 -1       471 1.89913E-03-6.09626E-05 6.11483E-05
 -1       472 2.58841E-03-1.58403E-04 2.43641E-04
 -1       473 1.48202E-03-9.33448E-04 1.05167E-03
 -1       474 2.97539E-03-4.16674E-04 4.80514E-04
 -1       475 2.70610E-03-1.33878E-03 1.29771E-03
 -1       476 2.36201E-03 1.61463E-04-1.85197E-04
 -1       477 1.38443E-03-1.20739E-04 1.06961E-04
 -1       478 3.10291E-03-2.27291E-04 2.77786E-04
 -1       479 3.16450E-03-5.64824E-04 5.91644E-04
 -1       480 3.03795E-03-7.69394E-04 7.84684E-04
 -1       481 2.94223E-03-1.11633E-03 1.08209E-03
 -1       482 2.84288E-03-6.11309E-04 6.77039E-04
 -1       483 2.69096E-03 1.08601E-04-8.82002E-05
 -1       484 2.91384E-03-1.01811E-04 1.57529E-04
 -1       485 2.78507E-03-2.80084E-04 3.66211E-04
 -1       486 2.24017E-03 3.01758E-04-4.02240E-04
 -1       487 2.57722E-03 2.69475E-04-3.06795E-04
 -1       488 2.47851E-03 9.47632E-06 3.10356E-05
 -1       489 1.65317E-03 7.73467E-05-1.50968E-04
 -1       490 2.01401E-03 1.83893E-04-2.70825E-04
 -1       491 2.13740E-03 5.26165E-05-6.33544E-05
 -1       492 1.17250E-03-1.36988E-04 1.30733E-04
 -1       493 1.39516E-03 4.08697E-05-1.01337E-04
 -1       494 1.63555E-03-8.78919E-05 7.79932E-05
 -1       495 1.09965E-03-4.36623E-04 6.42051E-04
 -1       496 1.16959E-03-2.76060E-04 3.35708E-04
 -1       497 1.37408E-03-2.80155E-04 3.16519E-04
 -1       498 1.23576E-03-6.89850E-04 1.21618E-03
 -1       499 1.15683E-03-5.95509E-04 9.27013E-04
 -1       500 1.41104E-03-6.74355E-04 8.08672E-04
 -1       501 1.44233E-03-9.60731E-04 1.43493E-03
 -1       502 2.16493E-03-1.50812E-03 1.63408E-03
 -1       503 1.83707E-03-1.24017E-03 1.56130E-03
 -1       504 1.85946E-03-1.09804E-03 1.13935E-03
 -1       505 2.48420E-03-1.54108E-03 1.52886E-03
 -1       506 2.93950E-03-1.38558E-03 1.30295E-03
 -1       507 2.71460E-03-1.60270E-03 1.53320E-03
 -1       508 2.46589E-03-1.29317E-03 1.28070E-03
 -1       509 2.70451E-03-1.07324E-03 1.07765E-03
 -1       510 2.09507E-03-8.81940E-04 9.39338E-04
 -1       511 2.45517E-03-1.02624E-03 1.06435E-03
 -1       512 2.35936E-03-6.50965E-04 7.81967E-04
 -1       513 2.64779E-03-4.53964E-04 5.69203E-04
 -1       514 2.33609E-03-3.28376E-04 4.84741E-04
 -1       515 1.75040E-03-7.68934E-04 8.61832E-04
 -1       516 1.97524E-03-2.68776E-04 3.54436E-04
 -1       517 1.62044E-03-2.53405E-04 2.95931E-04
 -1       518 1.66594E-03-4.86008E-04 5.80780E-04
 -1       519 2.25971E-03-8.30531E-05 1.47974E-04
 -1       520 2.47296E-03-4.42836E-04 6.89251E-04
 -1       521 3.19992E-03-8.05460E-04 7.80196E-04
 -1       522 2.66095E-03-1.21403E-03 1.12489E-03
 -1       523 1.63216E-03-4.09651E-04 4.91846E-04
 -1       524 2.22407E-03-5.51492E-05 1.07907E-04
 -1       525 2.98415E-03-1.59076E-04 2.23466E-04
 -1       526 1.66006E-03-8.58304E-04 7.96840E-04
 -1       527 3.43635E-03-4.14147E-04 4.30757E-04
 -1       528 3.21506E-03-1.33200E-03 1.19456E-03
 -1       529 2.71610E-03 1.61331E-04-1.47589E-04
 -1       530 1.68090E-03-1.18789E-04 1.41260E-04
 -1       531 3.64607E-03-5.61252E-04 5.37523E-04
 -1       532 3.55210E-03-2.24596E-04 2.43896E-04
 -1       533 3.45603E-03-1.11063E-03 9.98945E-04
 -1       534 3.53500E-03-7.64777E-04 7.17836E-04
 -1       535 3.31912E-03-6.06649E-04 6.11130E-04
 -1       536 3.33612E-03-9.93110E-05 1.36021E-04
 -1       537 3.07759E-03 1.10524E-04-8.05053E-05
 -1       538 3.21356E-03-2.77789E-04 3.25005E-04
 -1       539 2.94725E-03 2.69157E-04-2.73949E-04
 -1       540 2.58808E-03 2.99762E-04-3.45054E-04
 -1       541 2.84863E-03 1.06487E-05 4.02407E-05
 -1       542 2.34917E-03 1.84067E-04-2.08090E-04
 -1       543 1.96839E-03 6.63442E-05-8.61660E-05
 -1       544 2.47488E-03 5.37549E-05-1.95493E-05
 -1       545 1.69626E-03 2.39404E-05-4.90909E-05
 -1       546 1.43809E-03-1.37065E-04 1.51897E-04
 -1       547 1.94753E-03-9.05520E-05 1.25142E-04
 -1       548 1.41834E-03-2.68059E-04 3.22478E-04
 -1       549 1.26624E-03-4.23286E-04 5.41926E-04
 -1       550 1.66144E-03-2.63391E-04 3.19181E-04
 -1       551 1.21144E-03-5.50955E-04 6.82391E-04
 -1       552 1.00277E-03-6.91429E-04 6.44332E-04
 -1       553 1.66012E-03-6.31635E-04 6.74871E-04
 -1       554 1.42533E-03-8.76616E-04 7.46856E-04
 -1       555 2.01169E-03-1.22375E-03 1.09049E-03
 -1       556 2.55312E-03-1.48568E-03 1.37653E-03
 -1       557 2.20827E-03-1.04788E-03 9.70248E-04
 -1       558 2.95480E-03-1.52813E-03 1.38137E-03
 -1       559 3.21940E-03-1.59742E-03 1.40754E-03
 -1       560 3.45961E-03-1.38139E-03 1.21109E-03
 -1       561 2.94952E-03-1.27598E-03 1.16612E-03
 -1       562 3.20814E-03-1.06754E-03 9.85205E-04
 -1       563 2.83470E-03-6.36151E-04 7.18693E-04
 -1       564 2.94082E-03-1.01819E-03 9.61353E-04
 -1       565 2.55924E-03-8.51166E-04 8.67604E-04
 -1       566 2.72729E-03-3.27456E-04 4.52615E-04
 -1       567 3.09191E-03-4.55284E-04 5.10004E-04
 -1       568 2.11621E-03-7.42582E-04 7.73863E-04
 -1       569 2.01517E-03-4.55086E-04 5.79385E-04
 -1       570 1.92638E-03-2.45841E-04 3.18359E-04
 -1       571 2.32847E-03-2.59313E-04 3.86775E-04
 -1       572 2.60953E-03-8.52953E-05 1.60894E-04
 -1       573-1.39222E+11 8.19297E+10 1.96853E+11
 -1       574-1.99951E+11 1.91939E+10 1.44311E+11
 -1       575-2.15738E+11-6.02708E+10 7.96819E+10
 -1       576-1.39089E+11 9.39854E+10 2.06587E+11
 -1       577-9.53967E+10 1.06789E+11 2.18294E+11
 -1       578-1.93228E+11 9.39854E+10 2.04884E+11
 -1       579-1.49535E+11 1.06789E+11 2.16591E+11
 -1       580-5.82359E+10-2.60723E+10 1.12237E+11
 -1       581-6.72827E+10-6.30408E+09 1.27906E+11
 -1       582-4.09763E+09-2.60723E+10 1.13940E+11
 -1       583-1.31444E+10-6.30408E+09 1.29609E+11
 -1       584-2.41500E+10 1.29736E+10 1.44821E+11
 -1       585-4.39760E+10-8.19074E+10 6.76232E+10
 -1       586-4.39760E+10-5.94882E+10 8.57167E+10
 -1       587 1.01622E+10-8.19074E+10 6.93262E+10
 -1       588 1.01622E+10-5.94882E+10 8.74198E+10
 -1       589 4.36967E+09-5.38582E+10 9.17813E+10
 -1       590-1.33884E+10-1.67475E+11-4.72326E+08
 -1       591-2.46380E+10-1.86867E+11-1.64768E+10
 -1       592-6.75266E+10-1.67475E+11-2.17540E+09
 -1       593-5.84799E+10-1.48412E+11 1.34941E+10
 -1       594-4.34162E+09-1.48412E+11 1.51972E+10
 -1       595-1.09472E+11 2.42190E+10 1.51213E+11
 -1       596-1.27171E+11 2.50374E+10 1.51317E+11
 -1       597-7.30328E+10 2.50374E+10 1.53020E+11
 -1       598-7.71899E+10 5.03789E+10 1.73341E+11
 -1       599-5.53339E+10 2.42190E+10 1.52916E+11
 -1       600-1.70755E+11-1.82400E+11-1.74679E+10
 -1       601-1.55758E+11-1.93001E+11-2.55521E+10
 -1       602-1.01619E+11-1.93001E+11-2.38490E+10
 -1       603-1.34363E+11-2.17844E+11-4.49287E+10
 -1       604-1.16617E+11-1.82400E+11-1.57649E+10
 -1       605-2.06346E+11-1.50426E+11 7.21723E+09
 -1       606-2.21424E+11-1.18358E+11 3.26233E+10
 -1       607-2.15301E+11-1.18228E+11 3.29208E+10
 -1       608-1.67286E+11-1.18358E+11 3.43263E+10
 -1       609-2.00223E+11-1.50296E+11 7.51474E+09
 -1       610-9.89018E+09-2.04423E+10 1.18301E+11
 -1       611-1.52207E+11-1.50426E+11 8.92030E+09
 -1       612-1.85145E+11-1.82363E+11-1.78913E+10
 -1       613-1.05913E+11 5.01822E+10 1.72279E+11
 -1       614-1.01756E+11 2.48407E+10 1.51957E+11
 -1       615-1.11965E+10-1.55911E+11 8.92925E+09
 -1       616-4.50384E+10-1.17456E+11 3.89001E+10
 -1       617 9.09988E+09-1.17456E+11 4.06032E+10
 -1       618 3.30733E+09-8.94066E+10 6.30583E+10
 -1       619-1.96146E+11-1.64659E+11-3.94923E+09
 -1       620-1.59754E+11-2.00104E+11-3.14100E+10
 -1       621-1.42008E+11-1.64659E+11-2.24616E+09
 -1       622-1.55894E+11 2.48407E+10 1.50254E+11
 -1       623-1.34636E+11 4.99855E+10 1.71216E+11
 -1       624 2.24499E+09-1.24955E+11 3.43353E+10
 -1       625-2.04701E+11-7.12256E+10 7.11879E+10
 -1       626-1.86655E+11-7.12256E+10 7.17556E+10
 -1       627-1.83484E+11-8.10961E+10 6.38894E+10
 -1       628-2.39384E+11-1.11460E+11 3.76252E+10
 -1       629-2.31552E+11-1.00204E+11 4.69558E+10
 -1       630-1.94574E+11-8.93794E+10 5.68554E+10
 -1       631-7.58567E+10-2.24117E+11-4.81508E+10
 -1       632-9.07832E+10-2.62788E+11-7.98299E+10
 -1       633-1.05110E+11-2.20980E+11-4.65398E+10
 -1       634-2.47891E+11-9.81606E+10 4.80912E+10
 -1       635-2.42589E+11-8.92494E+10 5.54498E+10
 -1       636-1.88451E+11-8.92494E+10 5.71529E+10
 -1       637-2.75178E+11-6.91819E+10 7.06202E+10
 -1       638-9.38026E+10 1.23986E+10 1.42166E+11
 -1       639-3.96644E+10 1.23986E+10 1.43869E+11
 -1       640-2.90579E+10-1.78074E+11-9.51911E+09
 -1       641-8.31961E+10-1.78074E+11-1.12222E+10
 -1       642-2.21105E+11-1.84823E+11-2.10075E+10
 -1       643-1.63729E+11-2.43442E+11-6.65114E+10
 -1       644-1.56196E+11-1.10075E+11 4.13603E+10
 -1       645-1.38059E+11-1.93562E+11-2.54482E+10
 -1       646-8.39205E+10-1.93562E+11-2.37451E+10
 -1       647-2.40294E+11-5.17135E+10 8.58156E+10
 -1       648-2.22334E+11-4.49702E+10 9.18228E+10
 -1       649-1.70892E+11 1.54050E+10 1.42167E+11
 -1       650-1.76480E+11 9.25081E+06 1.29566E+11
 -1       651-1.94363E+11 3.45897E+10 1.56912E+11
 -1       652-1.61483E+11 9.44492E+09 1.37653E+11
 -1       653-1.16753E+11 1.54050E+10 1.43870E+11
 -1       654-1.40225E+11 3.45897E+10 1.58615E+11
 -1       655-4.70905E+10-2.49984E+11-6.81225E+10
 -1       656-2.36183E+11-1.52755E+11 4.39858E+09
 -1       657-1.89120E+11-2.25701E+11-5.29927E+10
 -1       658-1.20036E+11-2.59651E+11-7.82188E+10
 -1       659-1.75590E+11-2.16940E+10 1.12079E+11
 -1       660-1.86680E+11-1.35868E+10 1.18273E+11
 -1       661-1.56033E+11-1.00205E+10 1.22115E+11
 -1       662-5.06700E+10 3.16763E+10 1.59081E+11
 -1       663-2.12372E+10 5.61012E+10 1.79719E+11
 -1       664 1.07480E+10 1.52225E+10 1.47734E+11
 -1       665-5.02474E+10-2.05492E+11-3.23138E+10
 -1       666-5.46673E+10-1.96699E+11-2.53561E+10
 -1       667-1.08806E+11-1.96699E+11-2.70592E+10
 -1       668 2.50079E+10-1.81934E+10 1.21214E+11
 -1       669-2.14812E+10-2.31359E+11-5.22854E+10
 -1       670-4.77571E+10 7.48039E+10 1.93979E+11
 -1       671 3.67153E+10-7.27879E+10 7.75215E+10
 -1       672 1.05040E+10-1.92974E+11-2.03002E+10
 -1       673 2.39455E+10-1.62018E+11 5.10583E+09
 -1       674 3.56530E+10-1.08336E+11 4.87985E+10
 -1       675-1.09860E+11 6.59576E+10 1.84886E+11
 -1       676-1.63998E+11 6.59576E+10 1.83183E+11
 -1       677-1.69587E+11 5.05618E+10 1.70582E+11
 -1       678-1.42159E+11-2.59652E+08 1.30429E+11
 -1       679-2.21040E+11-6.91819E+10 7.23233E+10
 -1       680-1.96298E+11-2.59652E+08 1.28726E+11
 -1       681-9.14498E+10 9.10132E+10 2.05687E+11
 -1       682-1.57107E+11-5.30774E+10 8.73318E+10
 -1       683-1.81468E+11-1.21895E+10 1.19564E+11
 -1       684-1.65631E+11 1.89250E+10 1.45174E+11
 -1       685-2.19769E+11 1.89250E+10 1.43471E+11
 -1       686-2.06497E+11-1.38557E+10 1.17432E+11
 -1       687-2.23592E+11 6.26175E+10 1.78613E+11
 -1       688-2.01439E+11 2.42323E+10 1.48331E+11
 -1       689-1.69454E+11 6.26175E+10 1.80316E+11
 -1       690-2.12533E+11-6.00624E+10 7.99509E+10
 -1       691-2.43499E+11-5.19218E+10 8.55467E+10
 -1       692-1.94574E+11-5.33192E+10 8.59580E+10
 -1       693-2.63471E+11-1.55000E+10 1.14313E+11
 -1       694-2.22747E+11-7.12256E+10 7.06202E+10
 -1       695-1.83484E+11-6.14263E+10 7.97639E+10
 -1       696-2.55577E+11 2.42323E+10 1.46627E+11
 -1       697-2.09333E+11-1.55000E+10 1.16016E+11
 -1       698-2.35606E+11-1.21895E+10 1.17861E+11
 -1       699-2.07845E+11-2.05384E+10 1.11996E+11
 -1       700-1.89361E+11-5.19218E+10 8.72497E+10
 -1       701-1.68609E+11-7.12256E+10 7.23233E+10
 -1       702-8.11369E+10 6.61543E+10 1.85948E+11
 -1       703-1.35275E+11 6.61543E+10 1.84245E+11
 -1       704 1.32643E+10-4.16453E+09 4.07788E+08
 -1       705 1.05687E+10-4.16453E+09 4.94978E+08
 -1       706 1.19165E+10-1.91819E+09 1.92367E-03
 -1       707 1.05687E+10 3.28149E+08-4.07788E+08
 -1       708 1.32643E+10 3.28149E+08-4.94978E+08
 -1       709 3.17267E-03-2.32579E-04 2.83130E-04
 -1       710 1.16298E-03-3.44510E-04 4.39290E-04
 -1       711 1.16244E-03-5.92722E-04 8.18118E-04
 -1       712 1.06352E-03-4.46977E-04 7.02557E-04
 -1       713 1.36960E-03-5.37729E-04 6.41686E-04
 -1       714 1.33517E-03-7.38090E-04 7.92712E-04
 -1       715 9.82439E-04-4.80756E-04 7.89449E-04
 -1       716 1.29500E-03-2.78177E-04 3.24005E-04
 -1       717 1.49612E-03-4.31973E-04 5.07005E-04
 -1       718 1.26195E-03-3.95419E-04 4.82834E-04
 -1       719 1.37826E-03-3.83667E-04 4.62041E-04
 -1       720 1.19539E-03-2.43430E-04 2.90321E-04
 -1       721 1.08597E-03-2.41975E-04 2.99202E-04
 -1       722 3.20620E-03-4.13307E-04 4.55478E-04
 -1       723 3.32792E-03-2.24004E-04 2.60453E-04
 -1       724 3.42132E-03-1.35620E-04 1.67092E-04
 -1       725 3.07808E-03-3.22024E-04 3.80504E-04
 -1       726 3.30224E-03-3.21248E-04 3.59026E-04
 -1       727 1.18165E-03-4.39285E-04 5.83932E-04
 -1       728 1.00925E-03-3.72459E-04 5.81859E-04
 -1       729 1.17586E-03-7.09092E-04 9.54178E-04
 -1       730 1.31887E-03-7.64883E-04 9.36082E-04
 -1       731 1.08883E-03-4.94799E-04 1.03346E-03
 -1       732 1.08224E-03-3.69720E-04 5.35164E-04
 -1       733 1.31389E-03-1.37639E-04 1.28627E-04
 -1       734 1.52107E-03-2.72990E-04 3.15789E-04
 -1       735 1.53778E-03-1.19414E-04 1.19737E-04
 -1       736 2.53895E-03 1.63067E-04-1.66526E-04
 -1       737 2.66244E-03 1.29159E-05 3.60385E-05
 -1       738 2.30528E-03 5.35610E-05-4.19060E-05
 -1       739 1.79263E-03-9.17711E-05 9.87410E-05
 -1       740 2.95423E-03-1.06981E-03 1.03088E-03
 -1       741 3.19911E-03-1.38450E-03 1.25729E-03
 -1       742 2.95953E-03-1.33700E-03 1.24691E-03
 -1       743 2.41406E-03 3.01587E-04-3.74103E-04
 -1       744 1.57925E-03-9.19814E-04 9.28457E-04
 -1       745 2.15322E-03-2.60662E-04 3.73285E-04
 -1       746 1.84162E-03-4.73415E-04 5.85845E-04
 -1       747 2.53366E-03-3.23980E-04 4.70983E-04
 -1       748 1.77552E-03-2.49410E-04 3.06264E-04
 -1       749 2.43349E-03-8.07921E-05 1.54861E-04
 -1       750 2.78614E-03-1.55822E-04 2.33596E-04
 -1       751 2.59869E-03-6.43642E-04 7.49877E-04
 -1       752 2.06199E-03-5.72806E-05 8.34484E-05
 -1       753 2.86732E-03-4.52407E-04 5.38338E-04
 -1       754 2.95317E-03-8.07192E-04 8.20104E-04
 -1       755 3.40548E-03-5.61267E-04 5.64658E-04
 -1       756 2.76270E-03 2.71385E-04-2.91158E-04
 -1       757 1.55375E-03 3.64040E-05-9.12830E-05
 -1       758 2.96563E-03-1.60287E-03 1.47098E-03
 -1       759 3.08079E-03-6.06794E-04 6.43725E-04
 -1       760 3.28671E-03-7.65983E-04 7.51573E-04
 -1       761 3.20224E-03-1.36418E-04 1.80522E-04
 -1       762 3.19838E-03-1.11312E-03 1.04058E-03
 -1       763 2.18100E-03 1.83998E-04-2.41724E-04
 -1       764 1.53245E-03-6.67402E-04 7.40284E-04
 -1       765 1.81446E-03 7.18470E-05-1.24113E-04
 -1       766 3.08448E-03-1.92855E-04 2.51208E-04
 -1       767 2.70849E-03-1.28608E-03 1.22735E-03
 -1       768 2.36144E-03-1.50449E-03 1.50655E-03
 -1       769 2.88468E-03 1.11996E-04-8.49750E-05
 -1       770 2.69777E-03-1.02210E-03 1.01324E-03
 -1       771 2.32949E-03-8.70249E-04 9.03003E-04
 -1       772 1.94062E-03-7.58181E-04 8.25508E-04
 -1       773 1.93657E-03-1.25322E-03 1.34158E-03
 -1       774 2.43752E-03-1.24012E-03 1.19127E-03
 -1       775 2.71692E-03-1.54048E-03 1.45590E-03
 -1       776 2.02348E-03-1.08947E-03 1.04315E-03
 -1       777 1.38347E-03-9.43328E-04 1.07335E-03
 -1       778 2.87623E-03-1.93340E-04 2.64301E-04
 -1       779 3.17655E-03 8.76677E-05-5.65223E-05
 -1       780 2.94917E-03-5.09631E-04 5.76273E-04
 -1       781 3.18059E-03-5.07893E-04 5.46534E-04
 -1       782 1.04462E-03-4.56312E-04 8.02545E-04
 -3
    1PSTEP                         2           1           1          
  100CL  101 1.000000000         782                     0    1           1
 -4  STRESS      6    1
 -5  SXX         1    4    1    1
 -5  SYY         1    4    2    2
 -5  SZZ         1    4    3    3
 -5  SXY         1    4    1    2
 -5  SYZ         1    4    2    3
 -5  SZX         1    4    3    1
 -1         1 1.49163E+01 1.49511E+00 2.17786E+00-6.20308E+00-1.82655E-01-2.92745E+00
 -1         2-1.42806E+01-4.20276E+00-2.25475E+00 7.17435E+00-2.94767E+00 6.67185E+00
 -1         3-4.60405E+00 9.01752E+00 1.15000E+01 3.07606E+00 1.96929E+00 8.70898E+00
 -1         4-2.37751E+01-2.70007E+01-1.63374E+01-4.46793E+00-1.57143E-01 1.40736E+01
 -1         5-4.25263E-01-2.50039E-01-6.05375E+01 1.53768E-01 2.92612E+00-8.98340E+00
 -1         6 8.59580E-02-3.04196E-01-5.56640E+01-1.85027E-01 4.59981E+00-3.57230E+00
 -1         7-3.18157E-01-2.79575E-01 8.10730E+00 2.59363E-01 1.64850E+00 5.83683E+00
 -1         8-4.22582E-01 1.55637E-01 1.21568E+01-5.69405E-01 7.42492E+00 6.50346E+00
 -1         9-1.08519E+00-4.77323E-01-7.62234E+00 4.26027E-01-7.47435E+00-6.80033E+00
 -1        10 1.57663E+00 1.49536E-01-2.65102E+00-8.10590E-02-1.92284E+00-5.56450E+00
 -1        11-3.26779E-01-5.89794E-01 6.03296E+01 5.82045E-01-4.72806E+00 3.32121E+00
 -1        12 5.45344E-01-4.74434E-02 6.56528E+01-2.11671E-01-2.70315E+00 9.18777E+00
 -1        13 5.70582E-01 6.40077E-03-2.76635E-02 8.41200E-02-1.11275E-03-6.97279E-02
 -1        14-1.46708E-01-1.61828E-02-2.39333E-02 1.06057E-01-7.06143E-03 1.27815E-01
 -1        15 1.30070E+01 3.21900E-01 1.90588E+00-9.54546E+00-1.47388E+00-2.31332E+00
 -1        16-8.41733E+00-1.08638E+01-1.52912E+01-4.72168E+00 3.63013E+00 8.83335E+00
 -1        17 4.35765E+00-2.40710E+00-9.29802E+00-2.05337E+00 7.70024E+00-4.52617E-01
 -1        18 5.57215E+00-1.80241E+00 9.58759E+00-8.51388E-01 1.44719E+00 6.09504E+00
 -1        19 4.00152E+00-4.83417E+00-3.63197E+00-1.43756E+00 1.46372E+00 5.15808E+00
 -1        20 2.15397E+01-3.43840E+00-3.49473E+00-3.98544E+00-1.33348E-01 3.89942E-01
 -1        21-3.22958E+00-5.80605E+00-9.65410E-01 7.36624E+00-2.74700E+00 2.46934E+00
 -1        22-3.85402E+00-6.45270E+00-2.80791E+00 3.72026E+00 7.85736E+00 1.18861E+01
 -1        23-7.95557E+00-4.32855E+00 1.19569E+01-1.09063E+01-7.05782E+00-2.76583E+00
 -1        24 5.51717E+00-5.71125E+00 3.56638E-01-7.69898E+00-4.16139E-01 1.86757E+00
 -1        25-8.82068E+00-9.66590E+00-6.74698E+00 4.85773E-01 6.20896E+00-6.05188E+00
 -1        26 1.85614E+00-6.63212E+00-5.71597E+00-1.15877E+01-8.44125E-01 6.05266E-01
 -1        27-3.44771E-01-4.23822E+00-1.51094E+01-3.33196E+00-5.68525E-01 2.47580E+00
 -1        28 4.05183E+00-9.48719E-01-9.44756E+00-2.12814E+00 6.33926E+00-5.44805E-01
 -1        29-3.27623E+00-6.08382E-01 4.05759E+00-5.97114E+00 3.94400E+00 3.61806E+00
 -1        30 1.01623E+01-1.57632E+00-1.07301E+00 2.89169E+00 4.15740E+00 6.60554E+00
 -1        31 1.42761E+01-1.61505E-01-1.78552E+00 1.75286E+00-7.82684E-01 2.56968E+00
 -1        32 1.07489E+01-3.80588E+00 1.19746E+00 6.02037E+00-3.95669E+00 1.24737E+00
 -1        33 7.53078E+00-2.96436E+00 1.14533E+00 3.26026E+00-4.29757E+00 8.64299E+00
 -1        34 3.02904E+00 1.02299E+01 1.05479E+01-1.91976E+00 9.23931E+00 4.92809E+00
 -1        35 9.60400E-01-7.90861E+00 8.63392E+00-1.44817E+01-7.20572E+00-2.53250E+00
 -1        36 2.02302E+01 1.14467E+00 9.93479E-01 2.78258E+00 8.83538E-01 2.30281E+00
 -1        37 1.94179E+00-2.29052E+00 5.61730E+00-5.40415E+00 4.92212E+00-5.39639E+00
 -1        38 6.87809E+00 1.43930E+00-7.25711E-01-1.28343E+00-1.69109E+00 1.55830E-01
 -1        39-2.01148E-01 1.69300E+00 4.69735E+00-6.11391E+00-3.55352E-02 1.71589E+00
 -1        40 8.27938E+00 4.13421E+00 1.30032E+01 4.15966E-01 1.67253E+00-6.34832E+00
 -1        41 7.40021E-01 9.29147E+00 1.11488E+01 5.78572E-01 2.21372E+00-6.00885E-01
 -1        42-1.40073E+00 3.63961E+00 1.71137E+00 2.20913E-01 1.82538E+00-1.03070E+00
 -1        43 4.86457E+00 1.37959E-01-2.96910E+00-3.23070E+00 2.16609E+00 6.52302E+00
 -1        44-1.20180E+01-3.82893E+00 2.75694E+00 4.66635E-01 1.62658E+00 2.39435E+00
 -1        45 2.64487E+00 5.46938E+00 4.20230E+00-1.71756E+00-7.69758E-01 1.73540E+00
 -1        46-8.48528E+00 1.06535E-01-8.64957E+00 6.56410E+00 5.51928E+00 1.64857E+00
 -1        47 5.32945E+00 9.04691E+00-5.28669E+00-1.24881E+00 6.09568E+00-2.45469E+00
 -1        48 1.58643E+01 1.92676E+01 1.81115E+01-2.47255E+00-2.16944E+00 1.63354E+01
 -1        49 1.14208E+01-4.82346E+00 1.24426E+01 7.95906E+00 4.30806E+00 9.04109E+00
 -1        50-6.16019E+00-2.11901E+00-4.16241E+00 2.15646E+00-2.07090E+00 2.93716E+00
 -1        51-4.81768E+00-1.97287E-01 6.52715E+00-9.55649E-01-8.05345E-01-1.53092E+00
 -1        52 4.39482E+00 1.06589E+01 1.04830E+01-1.41271E+00 2.91042E+00-6.28620E+00
 -1        53-1.10393E+01-5.23209E+00-1.31272E+00-6.93241E-01-5.38178E-01 8.45675E-01
 -1        54 7.30442E-02 1.06027E+00 1.29090E+00-7.02334E-01 1.88027E+00-1.35625E+00
 -1        55 1.50015E+00-8.79456E-01 7.61542E-02-3.34863E-01 1.04534E+00 8.37340E+00
 -1        56-1.91733E+00-1.72019E+00 3.33184E+00 2.00698E+00-3.92279E+00-8.98819E-02
 -1        57 2.95101E+00 2.59506E+00-8.53751E+00-6.25830E-01-3.39972E+00 1.05324E+00
 -1        58-3.65818E+00 2.54500E+00-1.19092E+01 3.04841E+00 9.16016E+00-7.81503E-01
 -1        59 2.30642E+01 2.14112E+01 1.56896E+01-7.13046E-01-4.38058E+00 1.16983E+01
 -1        60 1.49164E+01 6.48738E+00 1.58959E+01 6.46353E+00 1.71873E+00 1.31924E+01
 -1        61 6.52532E+00-5.78658E+00 5.05623E+00 1.08500E+01 2.49828E+00 3.12706E+00
 -1        62 3.22972E+01 1.00246E+00 5.51313E+00 3.62816E+00-1.96192E+00-8.95902E+00
 -1        63 1.78972E+01 6.24745E+00 1.99424E+01-2.00655E+00-1.37077E+00-2.41758E+01
 -1        64-1.03561E+01-2.49744E+00 2.93914E+00 1.49545E+00-2.59320E+00 3.81891E+00
 -1        65-1.05938E+01 3.22218E-01-1.20989E+01-1.60071E+00-3.40641E+00-1.11750E+01
 -1        66-8.98228E+00-6.35413E+00-1.51335E+01-3.57960E+00-1.41953E+00-5.35640E+00
 -1        67 2.83512E+01-3.53851E+00-3.19333E-01-5.95177E+00 2.37236E+00-8.68432E-01
 -1        68 1.83946E+01-3.30619E+00 6.33217E+00-3.59855E-01 4.39952E+00-1.68319E+01
 -1        69-9.05248E+00 7.24886E+00 2.11843E+01 1.47088E+01 1.38063E+00-1.69974E+00
 -1        70-4.78090E+00-1.46957E+01 7.78070E+00 1.29676E-01-3.01952E+00-6.07255E+00
 -1        71 1.78326E+01-3.15327E-01-5.61084E+00 2.86879E+00-3.76971E+00-9.00499E+00
 -1        72-3.64938E+01-7.31076E+00-6.06979E+00 4.19105E+00-2.73012E+00-1.55907E+01
 -1        73 6.29797E+01 1.76825E+01 1.84785E+01 1.53133E+01 1.23352E+01 9.68766E+00
 -1        74 6.15657E+00 2.00120E+00 4.55301E+00 5.01636E+00-2.13453E+00-1.33688E+01
 -1        75 5.85768E+00-2.93292E+00 3.96143E+00-6.59431E+00-1.00681E+01-1.11501E+01
 -1        76 1.10678E+01 1.68561E+01 1.86021E+01 1.54158E+00-2.43303E+00-7.49673E+00
 -1        77-4.20895E+01-1.45387E+01-2.87779E+01-9.49295E+00-2.16565E+00-1.49784E+01
 -1        78 1.83085E+01-6.53914E+00-8.57150E+00-2.45096E+00 2.26273E-01-3.03613E+00
 -1        79 5.94047E+01-8.71754E-01 1.47838E+01 1.72077E+00 2.59035E+00-7.25901E-01
 -1        80 1.77435E+01 1.51022E+00 1.66865E+01 6.01608E+00 9.95966E-01-6.73237E+00
 -1        81 6.29437E+00 8.64897E+00 2.63000E+01 4.76918E+00-2.29004E+00-7.00411E+00
 -1        82 3.08230E+00-1.85000E+01-7.56129E+00 6.97192E+00-5.33077E+00-5.99628E+00
 -1        83-2.89680E+00 1.42850E+00-1.06208E+01-5.12928E+00-1.49429E+00-1.62787E+01
 -1        84-6.45551E+01 3.25953E+00-8.08073E+00-1.51233E+01-3.24150E+00 1.24058E-01
 -1        85 2.41563E+01 3.53063E+00 1.13727E+01-5.88132E+00-8.16028E-01-5.77952E+00
 -1        86 1.97394E+01-4.82714E+00 2.09243E+01 1.99008E+00 2.00776E+00-1.16612E+01
 -1        87 9.95678E+00 8.04809E+00 3.41367E+01 5.32237E-02-6.35568E+00-3.06103E+00
 -1        88 3.08949E+00 3.09181E+00 8.91977E+00-2.11247E+00-1.02510E+00 2.07405E+00
 -1        89-1.89188E+01 7.18491E-01-2.48445E-01-3.93060E+00-1.77822E-01-8.12427E+00
 -1        90-9.13815E+00 1.04287E+00-4.03349E+00-1.95199E+00-6.00281E+00-1.76776E+00
 -1        91 1.52499E+01 8.36042E+00 1.58778E+01-1.44817E-01 1.88410E+00-1.28770E+00
 -1        92 2.88371E+01 1.32868E+01 2.54888E+01-6.78016E+00 2.11556E+00-1.16623E+01
 -1        93-1.34714E+01 6.51205E+00-2.76738E+00-2.55512E+00-2.67296E+00 3.27692E+00
 -1        94-2.64489E+01 4.49062E+00-9.39761E+00-1.16288E+01-2.72586E+00 3.30063E+00
 -1        95 2.17363E+01 8.08002E+00 1.55219E+01-1.21202E+00-8.09552E+00 9.90699E+00
 -1        96 1.34163E+01-6.52663E+00-9.89296E-01-1.04050E+01-1.62910E+00 1.07799E+01
 -1        97 3.29718E+01 2.04424E+00 2.93259E+01-1.63547E+01-2.55942E+00-9.59360E+00
 -1        98 2.25264E+01 4.48054E+00 3.87683E+01 5.94972E+00-3.30193E+00-5.71550E+00
 -1        99-1.95874E+00 3.04550E-01 2.82173E+01-1.88768E+00-2.11114E+00 1.01605E+01
 -1       100-9.52900E+00 2.84871E+00 3.74110E+00-7.38182E-01-2.65200E+00-4.46431E+00
 -1       101-2.99281E+01-1.25568E+01-1.63065E+01-3.40679E+00-1.16395E+00-6.08188E+00
 -1       102-1.86996E+01-9.57741E+00-1.35102E+01-6.33114E+00-1.20339E+00 2.51826E+00
 -1       103 2.45850E+01 1.16068E+01 2.80028E+01-4.55200E+00 6.54755E+00-2.82276E+00
 -1       104-3.42138E+00 1.04531E+00 3.02083E+00-2.33745E-01-5.59028E+00 8.09142E+00
 -1       105-4.41251E-01 9.19246E-01-7.88034E+00-8.06534E+00-1.41764E+00 5.58418E-01
 -1       106-1.47879E+01 5.59188E+00 2.86805E+00-9.80268E+00-4.98382E+00 3.02777E-01
 -1       107-6.34905E+00-1.80689E+01-1.48236E+01 2.36802E+00-1.82722E+00 8.77290E-01
 -1       108 3.45721E+01-2.63305E+01-6.58641E+00-1.41154E+01 1.02399E+01 2.02607E+00
 -1       109 1.24356E-01 9.93392E+00 1.61455E+01-2.48078E+01-5.46025E+00 6.10655E+00
 -1       110-4.57227E+01-5.56470E+01-3.45488E+01-1.12659E+01 7.14376E+00 1.41305E+01
 -1       111-7.37771E-01 3.47046E+00-2.29232E-01-2.40267E+01-2.98357E+00 5.14287E-01
 -1       112 1.18866E+01 1.26694E+01 2.79174E+01-1.12059E+01 1.97893E+00 6.41972E+00
 -1       113-2.17408E-01-8.93007E-02-5.81030E+01-2.02332E-03 2.75110E+00-6.39272E+00
 -1       114-2.43661E-01-2.07151E-01-2.60780E+01 6.45563E-01 2.20807E+00-1.14323E+00
 -1       115-5.66799E-01-1.94402E-01 9.93543E+00-1.93852E-01 3.67771E+00 5.63383E+00
 -1       116 1.91977E-01 1.73494E-01-2.14103E+01-1.57898E-01 7.84141E+00 2.05020E+00
 -1       117 3.84523E-01 1.72564E-01-4.88900E+00-2.07297E-02-3.93325E+00-5.60505E+00
 -1       118 5.98742E-01-9.77712E-01 2.64457E+01 3.93756E-01-8.06228E+00-2.20984E+00
 -1       119 2.62323E-01-4.12451E-01 6.30723E+01-1.60736E-01-2.51856E+00 6.46323E+00
 -1       120 5.14498E-01-2.19177E-01 3.11609E+01 2.10775E-02-2.31643E+00 1.44943E+00
 -1       121 9.84496E-01 2.17073E-01-2.90715E+01-7.62298E-03 4.51272E-01-4.66815E+00
 -1       122-1.39385E+00-1.40449E-01-3.42517E+01-3.28935E-01-1.50865E-01-8.38346E+00
 -1       123-4.07806E-01-4.46307E-01 3.86623E+01-8.61848E-02 3.75471E-02 8.20067E+00
 -1       124-6.03859E-01 1.34381E-01 3.43701E+01 7.38038E-01-3.22062E-01 4.63780E+00
 -1       125 4.94849E-01-1.00728E-02 1.88892E-01 1.37221E-02-1.61376E-03-3.30753E-01
 -1       126 1.35164E-01 1.02703E-02 3.60815E-01-4.75983E-02 6.82834E-02-2.79275E-01
 -1       127 3.06802E-03 2.31758E-02-9.69959E-02-1.00995E-02 1.46650E-01-1.93110E-01
 -1       128-5.20758E-02-2.21547E-01-2.95318E+00 1.30800E-01 4.19980E-01-5.42098E-01
 -1       129 2.86644E-01 1.02279E+00-6.14172E-01 2.47388E-01 7.45713E-01 1.14618E-01
 -1       130-1.70105E+00 1.85599E-01-9.86575E-01-3.06511E-01-2.33482E-01-1.61244E+00
 -1       131-2.37967E+00-1.42175E+00-4.40408E-01-2.68976E+00-8.62130E-01-1.79161E+00
 -1       132-4.21094E+00-2.60589E-01-5.82609E-01-9.57135E-01-7.26825E-01-3.63515E+00
 -1       133-5.01672E-01 1.43953E-01-2.91513E+00-5.71017E-01-6.99745E-01-1.47133E+00
 -1       134-4.58279E-01 1.42515E-01-6.81007E-01 1.64963E-01 1.94704E-01-5.57060E-01
 -1       135 1.14446E-01-9.36973E-03-7.42035E-02 1.09834E-01 5.24154E-02-3.70024E-02
 -1       136 5.70873E-01 1.36490E-02 5.61545E-02 5.24604E-02-2.93637E-04-1.95922E-01
 -1       137 3.02858E-01-1.04392E-02 2.39264E-01-1.27213E-02 5.71227E-02-3.07320E-01
 -1       138 7.80818E-02 3.36231E-02 2.27195E-01-3.13935E-02 9.93615E-02-2.17077E-01
 -1       139-5.88135E-02 1.17656E-02-9.81094E-01 3.79708E-02 1.48764E-01-2.55784E-01
 -1       140-8.43882E-01-1.79206E-01-4.75889E+00 4.26918E-01 1.82561E+00 7.32476E-01
 -1       141-8.07523E-01 2.07597E-01-6.90175E-01 5.74519E-03-3.73724E-02-7.21218E-01
 -1       142-2.09148E+00-1.54655E-01-4.13082E-01-1.23887E+00-5.41900E-01-1.63700E+00
 -1       143-7.78736E-01-1.30517E+00 6.68409E-01-1.06066E+00-7.32837E-01-2.97343E+00
 -1       144-1.19608E+00 4.56314E-01-3.55878E+00-4.89688E-01-1.72997E+00-2.14692E+00
 -1       145-2.63926E-01 1.20060E-01-1.15926E+00-1.67422E-01 1.31764E-01-8.23961E-01
 -1       146-9.16600E-02 7.61799E-02-1.85939E-01 1.18209E-01 9.44968E-02-1.95143E-01
 -1       147 3.37356E-01-1.20104E-02-2.51716E-02 6.42959E-02 4.29570E-02-1.60011E-02
 -1       148 2.01180E-01-1.22926E-02-3.00334E-02 1.27808E-01-2.73233E-03 5.21125E-02
 -1       149-2.98822E-01-2.57584E-02-8.83908E-02 3.84893E-02-1.99425E-02 1.73784E-01
 -1       150-2.04879E-01-5.64531E-03-2.63742E-01-1.41258E-02 1.21453E-02 2.58684E-01
 -1       151-2.79673E-02-9.85870E-02-3.10729E-01-4.56583E-03 8.98818E-02 7.79849E-02
 -1       152 1.01808E-01 2.49799E-01-2.29588E+00 5.38518E-02-6.08404E-01-6.26756E-01
 -1       153 1.11765E+00 2.20201E-01 2.41256E-01 3.61819E-02-3.03126E-01 8.69248E-01
 -1       154 1.78653E+00-1.35964E-01-1.27372E-01-6.94088E-01-4.78510E-01-4.82483E-02
 -1       155 1.57733E+01 4.82212E-01 3.05352E+00 2.61235E+00 3.43099E+00 4.36303E+00
 -1       156 2.78383E+00 2.85305E-01 1.87170E+01 1.07676E+00 1.45065E-01 5.00577E+00
 -1       157 3.06103E-01-1.34334E-01 2.04082E+00-1.91416E-01-3.54893E-01 6.19753E-01
 -1       158 1.66999E-01-6.11289E-02 7.32337E-01 2.01724E-02 8.03274E-02 4.32144E-01
 -1       159 1.22172E-02-9.96253E-03 2.05307E-01 1.03237E-01 5.53466E-02 1.51386E-01
 -1       160-1.73845E-01 2.20624E-02 2.08413E-03 6.38671E-02-6.39002E-03 1.35889E-01
 -1       161-2.16634E-01 1.42585E-02-1.59398E-01 3.71975E-02-1.09298E-02 2.19697E-01
 -1       162-1.64810E-02 3.16017E-02-2.92535E-01 1.97044E-02 5.23248E-02 1.42647E-01
 -1       163-1.53847E-05-3.80718E-02-9.41593E-01 4.50882E-02-1.42180E-01-1.37031E-02
 -1       164 2.91446E-01 1.16723E-01-1.54723E+00-4.02125E-02-7.59580E-01 4.15493E-01
 -1       165 1.31593E+00-6.17730E-02 1.59280E-01-1.60457E-01-3.60157E-01 2.70324E-01
 -1       166 5.40436E+00-7.65316E-01 3.82664E-01-9.86874E-01-4.15757E-01 1.16336E+00
 -1       167 2.78196E+01 4.39357E+00 2.67433E+01 1.06337E+01 1.00233E+01 1.34441E+01
 -1       168 7.70302E-02 1.87758E-03 5.60449E+00 5.20172E-02-1.22674E+00 1.46362E+00
 -1       169 7.06509E-02-5.40314E-02 1.38005E+00-1.71662E-01 4.02370E-04 4.60631E-01
 -1       170 2.02490E-01 2.57613E-03 4.21950E-01 6.75873E-02 1.12059E-01 2.95113E-01
 -1       171-8.92581E-02-1.41594E-02 9.66560E-02 7.84279E-02 1.35912E-02 1.24423E-01
 -1       172-2.03004E+00 5.16903E-01 4.85673E-01-5.40337E-02 3.86223E-01 5.37097E+00
 -1       173-1.08291E+01-6.67626E+00 2.10638E+00-1.31345E+00 2.97225E+00 2.56673E+00
 -1       174 1.48654E+01-1.33057E+00 2.18572E+00-4.47894E+00 6.96666E-01 2.99262E+00
 -1       175-2.45188E+00-1.15099E+01 2.88740E-01 4.75585E+00 3.78281E+00 9.15786E-01
 -1       176-7.95155E+00-5.83716E+00-9.07846E+00-9.50395E+00 5.91816E+00-5.28762E-01
 -1       177-1.40387E+01-1.92466E-01-2.96850E+00-4.65717E+00 4.72571E+00 4.60846E+00
 -1       178 4.29806E+00-7.37783E-01-2.75366E+00-1.95080E+00 7.15085E+00-4.34397E+00
 -1       179 1.38223E+01-7.33052E-01 4.22962E+00-2.93470E+00 9.40175E+00 1.10637E+00
 -1       180-2.49972E+00 1.85739E+00 3.97055E+00-2.55293E+00 1.29954E+00 7.62394E-01
 -1       181 1.96589E+00 2.27033E+00 3.01021E+00-5.64323E-01 2.12179E+00 2.24837E+00
 -1       182-4.52646E+00-1.05118E+00 1.50763E+00-3.91603E+00 1.58063E+00 1.88635E+00
 -1       183 4.57577E+00-1.21429E+00-3.29246E+00-2.53617E+00 1.58555E-01 5.07748E+00
 -1       184 6.60867E+00-4.58749E+00-9.18074E+00-3.43812E+00 1.21098E+00 2.82885E+00
 -1       185-5.57583E+00-2.86946E+00 3.22598E+00 6.37554E+00-1.94958E+00-1.26793E-01
 -1       186 3.65026E+00-4.35320E+00-2.03430E+00-2.91273E+00 4.68841E-01 1.80078E-01
 -1       187-3.28172E+00-2.62958E+00-5.19611E+00 5.74203E+00-4.42895E+00-8.67605E-01
 -1       188-5.78453E+00-4.72313E+00-4.56618E+00 5.95937E+00 7.35500E+00 3.61864E+00
 -1       189-2.53306E+00-1.20129E+00 1.07688E+00 3.67926E+00-1.74757E+00 3.40038E+00
 -1       190-3.13927E-01 3.71990E+00 2.78063E-01 3.65339E+00 7.81255E+00-8.79747E-02
 -1       191 2.65413E+00 5.25190E+00 1.08290E+01-1.26580E+01-7.76036E+00 2.23992E+00
 -1       192 7.39606E+00 9.95897E+00 9.69293E+00-2.76065E+00-2.24844E+00 1.11945E+01
 -1       193-1.40596E+00 5.18312E+00 4.21598E+00-7.55874E+00 8.54231E-01-4.07864E+00
 -1       194-1.47443E+00 1.79597E+00 5.65006E-01 4.61651E+00 2.30046E+00 3.90404E+00
 -1       195 4.38380E+00-7.65306E+00-2.99794E+00-3.73219E-01-3.39550E+00-5.96883E+00
 -1       196 4.13797E+00 1.04342E+00 4.71180E+00 9.39194E-01-3.46935E+00 2.82380E+00
 -1       197-2.45774E+00 5.61895E+00-1.02275E+01 2.27137E+00 6.91938E+00-1.35329E+00
 -1       198-1.37329E+01-5.96388E+00-8.86121E+00-1.94837E+00 1.78595E+00-2.45431E+00
 -1       199 1.71499E+01 8.79904E+00 1.73956E+01-8.26610E-01 1.26800E+00-1.68896E+00
 -1       200 1.29694E+01 4.95076E+00 1.52744E+01-2.94503E+00-7.62688E-01-6.69136E+00
 -1       201 7.97479E+00-5.14146E+00-1.37198E-01-2.58305E+00-7.28427E+00-2.48521E+00
 -1       202 6.19497E+00 1.03861E+00 3.63886E+00-4.12200E-01 3.30967E-01-5.87563E+00
 -1       203 2.86220E+00 2.29508E+00 8.21649E+00-1.80117E+00 6.52447E-01-9.74692E+00
 -1       204 1.06333E+01 2.86802E+00 7.81595E+00-6.56652E-02-3.60959E+00-6.03330E+00
 -1       205 1.57288E+01-4.81637E+00 2.55419E+00 8.02563E-01-1.80240E+00 1.00167E+01
 -1       206 3.94143E+00-9.86109E+00-1.56681E+01-3.48300E-01 1.86087E+00-1.05655E+01
 -1       207 1.92735E+01-4.15174E-01 4.21346E-01-8.56851E+00-3.86893E+00-5.62470E+00
 -1       208-2.05579E+00-5.17724E+00-3.52624E+00-1.58576E+00 1.54191E+00 3.88896E-01
 -1       209 5.34174E+00 7.43404E+00 2.60174E+00-7.05809E+00-3.58497E+00 5.30617E-01
 -1       210-1.09058E+01 5.70965E+00-1.40076E+00-2.75611E+00 2.13967E+00-7.68648E-01
 -1       211-1.43988E+01-9.70209E+00-1.21386E+01-1.65046E+00-7.07040E-01-9.92997E+00
 -1       212-3.29717E+01-1.13563E+01-9.69728E+00 8.55454E+00 2.69187E+00 6.51103E+00
 -1       213 4.29588E+01 5.39096E-01 1.14252E+01 4.57933E+00-6.75303E-01-3.70208E+00
 -1       214-1.85361E+01-1.36326E+00-6.52104E+00 1.74384E+01 6.03718E+00-1.14509E+01
 -1       215-2.83356E+01-1.04841E+01-1.13598E+01 1.41477E+01 2.63943E+00-3.90992E+00
 -1       216 1.63201E+00-1.17082E+01-1.44837E+01-5.69327E+00-2.52591E+00 5.44186E+00
 -1       217 8.73243E+00-1.13151E+00 2.11058E+00-3.90456E+00-7.50456E-01-5.92863E+00
 -1       218 3.36362E+01 1.58365E-01 8.49168E+00 9.33745E-01-2.74493E+00-1.01100E+00
 -1       219 6.00242E+00-3.35126E-01-6.32682E+00 1.65017E+00 9.09529E+00 1.42604E+00
 -1       220-4.40900E-01-6.87520E+00-6.38812E+00-3.09729E+00-1.72044E+00 9.77292E-01
 -1       221 1.12179E+01-9.65012E+00-7.74291E+00-1.67923E+00-2.52878E+00-7.46369E-01
 -1       222 2.79273E-03-1.76168E+00 1.25263E+01 7.21852E-01 1.26547E+00-3.60808E-01
 -1       223 8.56493E+00 3.56862E+00 2.97831E+00-1.06152E+00 2.71901E+00-6.56691E+00
 -1       224 1.22492E+01-6.59262E-01-2.99489E+00 1.73765E+00 1.08948E+00-1.17488E+01
 -1       225 9.32749E-01-4.37908E+00-7.19292E-01-8.96904E-02-1.16408E+00-1.22316E-01
 -1       226-3.91368E+00-1.89389E+00 8.02336E+00 5.02817E-01-7.13542E-01-6.75578E-01
 -1       227-8.75470E+00-4.41044E-01 1.34878E+01 1.06447E-01-1.26133E-01 1.26116E+00
 -1       228 1.20493E+01 2.50286E-01-9.69208E-02-5.65574E+00-4.19817E-01-1.73309E+00
 -1       229 9.96574E+00 1.91682E+00 1.79223E+00-1.88716E+00 2.89155E-01-3.28244E+00
 -1       230-5.60503E+00-6.03258E+00-5.39897E+00-2.07144E+00-1.58347E+00-6.25519E+00
 -1       231 2.61916E+00-1.39242E+00 3.06081E+00 5.17481E+00-2.20452E+00-3.09899E+00
 -1       232 2.46003E+01-2.58402E+00 3.24383E+00-2.26795E-01-2.82769E-01-3.16852E+00
 -1       233 1.30056E+01 3.12535E+00 5.16654E+00-2.98453E+00-8.81442E-01-3.84746E+00
 -1       234-4.51744E-01-5.86181E+00-7.36607E-01 1.54534E+00 1.11650E+00 4.94466E+00
 -1       235 1.44479E+00-8.41918E+00 5.73230E-01 4.65557E-01-1.54677E+00 7.59468E-02
 -1       236 9.43209E+00 4.42978E+00 1.15388E+01 4.62857E-01-6.23198E+00-2.65690E+00
 -1       237 6.97468E+00 5.69686E+00 1.60945E+01-5.03573E+00-5.92003E+00 2.63012E+00
 -1       238-4.82331E+00-4.19500E+00 2.33917E+00-3.45601E+00 7.49740E+00 6.10139E+00
 -1       239 8.68665E+00-3.58739E+00 5.81847E+00-2.73390E+00-1.74747E-01-6.39708E+00
 -1       240 8.10137E+00-4.10896E+00 1.55083E+00 1.08399E+00-1.63996E+00-4.19981E+00
 -1       241-5.49124E+00-2.83252E+00 2.13416E+01-1.77428E+00-6.35883E+00-3.62292E+00
 -1       242 2.07291E+01 1.33703E+01 3.26722E+01-3.73883E+00 3.01882E-01-5.40651E+00
 -1       243 8.64486E-01-6.45231E+00-1.21475E+01 6.24379E-01 3.49965E+00-4.15308E+00
 -1       244 3.08718E+00-1.14595E+01-7.90227E+00 1.58814E+00 1.91061E+00 3.19339E+00
 -1       245-7.32733E+00-2.73787E+00-5.27269E-01 2.43505E+00-1.02807E+00-3.45281E+00
 -1       246-1.01962E+01 3.16109E+00-9.28232E+00-5.98760E-01 5.07697E+00-6.01110E+00
 -1       247 2.28552E+01 4.17615E+00 3.52217E+00-1.94312E+00-5.67280E+00 4.10749E+00
 -1       248 1.95900E+01 3.33525E+00 1.23867E+01 1.37270E+01-2.49205E+00 6.71356E+00
 -1       249 1.34121E+01-1.03168E+01-1.13153E+01-7.33299E+00 3.99895E+00-1.85347E+01
 -1       250 1.20276E+01-1.50899E+01-1.16390E+01-1.68654E+00 2.28492E+00-7.62751E+00
 -1       251-1.16140E+01 2.30938E+00 8.15174E+00-8.02894E-01-6.03923E-01-1.00903E+00
 -1       252-3.34674E+00-7.08110E-01 7.11020E+00-2.64439E+00-2.51027E+00-7.38098E+00
 -1       253-7.46842E+00 2.97889E+00 4.44282E+00 6.25542E-01-3.18420E+00-3.59217E+00
 -1       254 1.61167E+01 3.15825E+00 1.38144E+00-4.52995E+00-4.32206E+00 4.26192E+00
 -1       255-3.77828E+00-4.49123E+00-7.48097E+00-2.51837E+00-3.33840E-02-6.44025E+00
 -1       256 1.13198E+01 6.28529E-01 4.12306E+00-1.21783E+00 3.16089E+00-2.17903E+00
 -1       257 2.10272E+01-1.77283E+00 5.28841E+00-3.59217E+00-5.69768E-01-3.81416E+00
 -1       258 1.26668E+00-9.36143E+00 9.86955E-01 2.52741E+00 2.41971E-01-1.24620E+01
 -1       259 1.38891E+01 2.85083E+00 2.35594E+00 1.24312E+00-4.35036E+00-9.97155E+00
 -1       260-1.24009E+01-6.02632E+00 3.62361E-01 1.65926E+00-4.87744E+00-4.46724E+00
 -1       261 2.04600E+01 1.34940E+01 2.40377E+01 1.06379E+01 5.99834E+00 5.88949E+00
 -1       262 2.96105E+01 6.13925E+00 2.49464E+01-1.27337E+00-1.16921E+00-6.11083E+00
 -1       263-4.86130E+00-9.85207E+00 1.04743E+01-4.11524E+00-6.72899E-02-2.07284E-02
 -1       264 3.52221E+01 6.33923E+00 6.21585E+00 7.60168E+00-4.25188E+00-3.25045E+00
 -1       265-2.28381E+01 5.49610E+00-5.76213E+00-2.17951E+00 4.89114E+00-3.91123E+00
 -1       266-2.78163E+01-4.48818E+00-4.46388E+00-3.97083E+00-2.18647E+00-6.72450E+00
 -1       267 1.16036E+01-3.78920E+00 3.22757E+00-5.98657E+00-3.05963E+00 1.62361E+00
 -1       268 1.06273E+01 4.01712E+00-7.06358E+00 3.49437E+00 3.31668E+00 7.66610E-01
 -1       269 1.62163E+01 7.51434E+00 1.33864E+01 1.19742E+00 2.87074E+00 5.23774E-01
 -1       270 3.39198E+00 4.99000E+00 7.34851E+00 8.42398E-01 5.19548E-01 9.47414E+00
 -1       271 1.56027E+01 1.01069E+01-2.00269E+00 3.57489E+00 1.76857E-02-9.21210E+00
 -1       272-1.07378E+01 7.36941E+00 2.49864E+00 3.22290E+00-3.14665E+00-1.11077E+00
 -1       273 1.22146E-01 4.91436E+00 8.32831E+00-3.23486E+00-2.81975E+00-2.02849E+00
 -1       274 6.35906E+00 2.55259E+00 2.15229E+00 1.25890E+00-1.03977E+00-3.26628E-01
 -1       275-1.69560E+00-3.12743E-01 1.42626E+01 3.71172E+00 1.89630E+00-1.92711E+00
 -1       276-5.58306E+00-1.81896E+00 4.74135E+00 1.41643E+00 1.70938E+00-1.06639E+01
 -1       277-1.17143E+01-4.04099E+00 1.48143E+01-5.55472E-01-1.44035E+00-1.42698E+01
 -1       278 1.58939E+01 7.26738E+00 2.67068E+01-4.54564E+00 2.19668E+00 1.94382E+00
 -1       279-1.09950E+00-9.58780E+00-3.72166E+00 2.74030E+00-2.34787E+00 2.65899E+00
 -1       280 1.65492E+01 5.08656E+00 6.65623E+00-5.73350E+00-2.71252E+00 3.69455E+00
 -1       281 1.40646E+01 4.53430E+00 1.61052E+01 3.27219E+00 1.06626E+00 6.73287E+00
 -1       282-3.23907E+00 1.95133E+00 3.06628E+00 3.15526E+00-2.29724E+00 5.20453E-01
 -1       283 2.62712E+00 2.48569E+00 3.70339E+00-4.86549E+00 4.63219E-01-2.28619E+00
 -1       284 4.78367E+00-1.92055E+00 5.69820E-01-3.94925E+00-1.50872E-01-8.40116E-02
 -1       285 2.82612E+01 5.66646E+00 1.22470E+01-7.48720E-01-1.40647E+00 2.13212E+00
 -1       286 1.60370E+01-5.16602E+00 3.70766E+00 9.69419E-01 4.47969E+00 2.81486E+00
 -1       287 3.64630E+01 1.01425E+01 2.17654E+01 4.47837E+00 2.52969E+00 2.59879E+00
 -1       288-1.26564E+01-1.18723E+00 8.50072E+00-8.82542E+00 1.95106E+00-2.94949E+00
 -1       289 5.87237E+00 4.48259E+00 1.13815E+01-4.06985E+00-3.21350E+00-2.15941E+00
 -1       290-3.98043E+00-3.12604E+00 9.03187E+00-1.02940E+01-1.21325E+00-6.34857E+00
 -1       291-4.61303E+00-2.15067E+00 1.29276E+01 3.49617E-01 9.61252E-01-5.56605E+00
 -1       292 4.05978E+00 4.16592E+00 1.37975E+01 3.20727E+00 8.33751E-02-3.66426E-01
 -1       293 1.14440E+01 6.26868E-01 2.92715E+01 6.33555E+00 1.22864E+00-1.04827E+01
 -1       294 1.10012E+00 7.23481E+00 2.13874E+01 5.02524E+00 3.00283E-01-2.09362E+00
 -1       295 4.39083E-01 1.93745E+00 3.93128E+00 1.87430E+00 1.39800E+00-4.85297E-01
 -1       296 6.13788E+00 4.19216E+00 2.46271E+01 1.57124E-01 6.98123E-01 7.29991E-01
 -1       297 7.78757E+00 4.07588E+00-6.21932E-01-3.65072E+00 3.16224E+00-1.20620E+00
 -1       298 2.21936E+00 1.84304E-02-1.35297E+01-5.97167E+00 4.31989E+00 4.02515E+00
 -1       299-1.56689E+00 3.22620E-01 3.04417E+00 4.59304E-01 1.25938E+00 2.15752E-01
 -1       300-2.04025E+00-4.19491E-01-2.90824E+00-3.15130E+00 8.03758E-01 1.60239E+00
 -1       301-6.32071E+00-1.83112E-01 1.92001E+00-5.15384E-01 2.07457E+00 3.46215E+00
 -1       302-4.96796E+00-3.52961E+00-1.47585E+01 1.47706E+00 1.12053E+00-4.92844E+00
 -1       303-1.38550E+01-4.57634E+00-1.14280E-01-1.20753E-01 1.83441E+00-3.75598E+00
 -1       304-1.68499E+00 4.92579E+00 4.41467E+00-2.26343E+00 5.47915E-01-3.60740E+00
 -1       305 3.95156E+00-3.47921E+00 4.61389E+00 4.24710E-01 1.60829E+00-2.26980E+00
 -1       306-3.09256E+00 5.82526E+00 7.83068E+00-2.63252E+00 3.33921E+00-7.96736E-01
 -1       307-4.86789E+00 3.67069E+00-2.40497E+00 2.92730E-01 1.04775E+00-4.22458E-01
 -1       308 3.13269E+00 3.25894E+00 1.30451E+01-4.42487E-02 1.45702E+00-6.77566E+00
 -1       309 9.37150E-01 1.07601E+01-4.07217E-02-8.03163E-01 1.30507E+00 2.47871E+00
 -1       310 3.73109E+00 3.83007E+00-8.72193E+00-6.42421E+00 5.93182E-01-2.86070E+00
 -1       311 7.48026E+00 3.75416E+00 1.89623E+00-1.06987E-01-2.67339E+00-1.44102E+01
 -1       312-3.71627E+00 5.90374E+00-1.19352E+00 2.94818E+00-1.63576E-01-4.54616E+00
 -1       313-4.14510E+00 9.15642E+00 5.78079E+00-1.59149E-01-5.08131E+00 5.56904E+00
 -1       314-5.56248E+00 1.92319E+00-7.38820E+00 1.05838E+00 1.28040E+00-5.59318E+00
 -1       315 1.42068E+00 6.19203E+00 1.10569E+01-2.98957E+00-1.25946E+00 1.17144E+01
 -1       316-7.47306E-01 2.26330E+00 1.01784E+01 2.25729E+00 2.15711E+00 1.07225E+01
 -1       317-3.03928E+00 6.72755E+00 8.28850E+00 1.35919E+00-1.27853E+00 8.22168E+00
 -1       318 6.31221E+00 8.52974E+00 1.15807E+01 5.43786E-01-8.55115E-02 7.43611E+00
 -1       319 1.09212E+01-4.53483E+00 2.07127E+01 8.09014E+00-6.48095E-01-1.53489E+01
 -1       320 1.29047E-01-9.25410E-01 2.10727E+01-1.99061E+00-1.19953E+00-1.02169E+01
 -1       321-8.26059E-01 5.93146E-01 1.78001E+01-5.66865E+00 1.98059E+00 1.24228E+00
 -1       322 1.56996E+01-2.10876E+00 2.51116E+01-2.97570E+00 4.12043E+00-2.13092E+00
 -1       323 4.74974E+00 2.37086E+00 1.62097E+01-2.34092E+00 1.88548E+00-1.14331E+00
 -1       324 1.44208E+01 3.64646E+00 2.49845E+01 3.42713E+00-5.07360E-01-5.04686E+00
 -1       325 3.41131E+00 5.25146E+00 3.19638E+00 2.55470E+00 1.51265E+00 7.25484E-01
 -1       326 6.41616E+00 4.21958E+00 2.16637E-01 2.32094E+00 5.91173E-01 2.94196E+00
 -1       327 1.67812E+01 8.55785E+00 9.79481E+00 2.83768E+00-3.93895E+00 1.05212E+00
 -1       328 1.69868E+01 7.66785E+00 1.97277E+00 1.56034E+00-9.51735E-03-5.82352E+00
 -1       329-1.03102E+01-6.01175E+00 4.26784E+00 4.98288E+00-1.58349E-01-1.15877E+01
 -1       330 4.56836E+00-2.56916E+00 5.53980E+00-1.06314E+00-9.15144E-01-6.33143E+00
 -1       331 2.13043E+00 6.78425E+00 1.47601E+01-5.80458E+00-5.38643E+00-6.41982E+00
 -1       332 8.45435E-01-2.94156E+00 1.24498E+01 1.74505E+00-2.08569E-01 3.29977E+00
 -1       333 1.38451E+01 1.06790E+01-1.44158E+00 3.11154E+00-2.13290E+00 3.12753E+00
 -1       334 2.07264E+01-1.87791E+00-1.13673E+00 9.26464E-01 4.29633E+00-7.67007E+00
 -1       335-1.83675E+01 6.81253E+00 1.67042E+00-2.82184E+00-2.12571E+00 4.64439E+00
 -1       336-1.85778E+01-9.28926E-01-5.45571E+00-2.75478E+00 1.81423E+00 1.79346E-01
 -1       337 1.72432E+01 8.29515E+00 1.35323E+01 4.50699E-01-4.27327E+00 1.26239E+01
 -1       338 3.15350E+00 1.15445E+01 1.11206E+01-1.87111E+00 2.89566E+00 1.21720E+00
 -1       339-1.12149E+01 7.45722E+00-3.75195E+00-9.58371E+00-1.79411E+01-2.84892E+00
 -1       340-2.77148E+00-8.69015E+00-1.58422E+01-1.27977E+01-1.05947E+01 3.53107E+00
 -1       341-1.52639E+00 1.26039E+01 1.45100E+01-3.29931E+00 2.88878E+00-1.64945E+01
 -1       342-1.30692E+00 6.16887E+00 2.64408E+01 1.58429E+00-4.99588E+00-4.06240E+00
 -1       343-7.95057E-01 4.59055E+00 1.18318E+01-4.90753E+00-1.79162E+00-1.57387E+01
 -1       344 1.95476E+01 4.32146E+00 1.97176E+01 3.59148E+00 4.20030E+00-2.16952E+01
 -1       345-9.23162E+01-7.07466E+00-1.66067E+01-3.06726E+00-2.17810E+00-1.41662E+01
 -1       346-6.18515E+00-1.03678E+01-3.29794E+00-1.29053E+01-7.40253E-01 7.71055E-01
 -1       347 1.09578E+01 4.35010E+00 2.71238E+00-9.96581E+00 2.91870E+00-8.73854E+00
 -1       348-1.06207E+01-2.52653E+01-9.87239E+00-3.76203E+00 2.86443E-01-2.01215E-01
 -1       349 2.37470E+01 7.92912E+00-1.43255E+00-8.15170E+00 7.36509E+00-3.05236E+00
 -1       350 2.45112E+01-4.57872E+00-1.02991E+01-4.43205E+00 1.90123E+00-1.03411E+00
 -1       351 1.37691E+01 5.71236E+00 1.76626E+00-4.16868E+00 5.54435E+00-3.73350E+00
 -1       352-1.85699E+01-2.68126E+00-7.19298E-01-3.38399E+00 3.50987E+00-5.55473E+00
 -1       353-1.83698E+01-2.40660E+00-1.45525E+01 1.16800E+00-4.77589E+00-9.02127E+00
 -1       354 2.57560E+00 2.31858E+00-5.40765E+00-4.34844E+00-5.92537E+00-1.83543E+00
 -1       355 2.74291E+01 7.23538E+00 9.98989E+00-5.47949E-01 4.48468E+00 1.00901E+01
 -1       356 1.78857E+01-1.36003E+01-5.90426E-01 9.48762E+00 3.80311E-01-5.39263E+00
 -1       357-8.47081E+01-2.09188E+01-1.53583E+01-9.26291E+00-3.56953E+00-1.19434E+01
 -1       358-5.37300E+01 3.56934E+00-5.37835E+00 1.44909E+00-1.55947E+00-1.54553E+01
 -1       359-5.77977E+01 5.09223E+00 5.69779E+00-5.60286E+00-4.69136E+00-6.24583E+00
 -1       360 1.19975E+01-1.47378E+01 2.79385E+00-7.65460E+00-4.13045E-01 1.67085E+01
 -1       361 1.07820E+01-3.66408E+00 9.95750E-01-1.03656E+01 4.97873E+00 4.95215E+00
 -1       362 1.63840E+01 3.83519E+00-5.89190E+00-6.63036E+00 1.20950E+00-1.50378E+00
 -1       363 2.38277E+01-1.18885E+01-1.18151E+01 3.12061E+00 2.22465E+00 5.42196E+00
 -1       364-2.81068E-01-7.09156E+00 9.39146E-01-1.46698E+00-3.26849E+00 1.14293E+01
 -1       365 9.30216E+01 7.46082E+00 1.49778E+01-9.86238E+00 9.51687E+00 4.62161E-01
 -1       366 7.87905E+01-9.54964E-01-4.45431E+00-1.06177E+01 1.18107E+01-1.35478E+01
 -1       367-1.86170E+00 8.43996E+00 1.33137E+01 9.95730E-01 3.01103E-01-2.34756E+01
 -1       368 2.30490E+00 9.70251E+00 2.12228E+01 2.11658E-01 3.01391E+00-1.50831E+01
 -1       369-1.03406E+01 1.05493E+01 9.66761E+00-6.60539E+00 7.62377E+00-2.07486E+01
 -1       370 2.40459E+01 5.02398E+00 6.83077E+00-4.34663E+00 9.02995E-02-4.51856E+00
 -1       371 2.12693E+01-2.68182E+00 4.63778E+00-8.06696E+00-6.17724E-01-1.03203E+01
 -1       372 2.07260E+01 1.82319E+01 4.39472E+01-2.84142E+00-2.32175E+00-1.72588E+01
 -1       373-9.36585E+00 1.94416E+00 8.33285E+00 3.43212E+00-1.54498E+00 7.30373E+00
 -1       374 1.83279E+01 1.71957E+01 3.57718E+01-5.05534E-01-1.16568E+00-6.71535E+00
 -1       375-1.03787E+01 2.97773E+00 7.92812E+00 3.71469E-01 8.29645E-02 2.80542E-01
 -1       376 1.98102E+01 9.99072E+00-5.70397E+00-8.98898E-01-2.99350E+00-1.01716E+00
 -1       377-7.61108E+00-1.34417E+00 1.16698E+01-3.04771E+00-5.88730E+00-7.12674E+00
 -1       378-2.44828E+01-5.57257E+00-2.37764E+01 1.07684E-01-6.27499E+00-6.65975E+00
 -1       379-2.37886E+01-5.84873E+00-1.44325E+01 1.21529E+00-3.21474E+00-6.77002E+00
 -1       380-1.48611E+01-9.47661E+00-3.91651E+01 2.01640E+00-6.99594E+00-5.71747E+00
 -1       381 4.44506E+00 2.51226E-01 1.22191E+00-4.01983E+00-5.21334E-01-8.28569E-01
 -1       382 2.80440E+00-2.82287E+00 1.44152E+00-5.38330E+00 3.04308E+00-3.60659E+00
 -1       383-1.75942E+01 2.64957E+00 4.23673E+00-2.09219E+00 2.42808E-01-1.33678E+01
 -1       384 1.54458E+01 3.73026E-01 4.08549E+00-5.35582E+00 5.84981E+00-4.86910E+00
 -1       385 2.83114E+01 3.89765E-01-2.70707E+00-9.75970E+00 3.31895E-01 2.03583E+00
 -1       386-2.02420E+01-5.72434E+00-1.01223E+01-8.10237E+00 2.58899E+00-6.57631E+00
 -1       387 1.86498E+01 1.65237E+00 1.54949E+01-6.06965E-02 1.86935E+00-2.01683E+01
 -1       388 2.79785E+01 1.20970E+01 2.97687E+01 5.00055E+00 8.91276E-01-1.67814E+01
 -1       389 1.76014E+01 8.84766E+00 1.56011E+01 7.39959E-01 8.19495E+00-8.76268E+00
 -1       390-1.97481E+01-5.97197E+00 1.16621E+01 4.39847E-01 2.21396E+00-1.12751E+01
 -1       391-2.80497E+00-9.88577E+00 3.55928E+00-1.02463E+01-4.66225E+00-1.38487E+01
 -1       392 1.04237E+01 2.18486E+00 2.01326E+01-1.46833E+00 3.06416E+00-1.60513E+01
 -1       393-2.48710E+01-9.63600E+00-6.40977E+00-1.05086E+00-7.72523E+00-4.22576E+00
 -1       394-8.14768E+00-2.84883E+00-1.07290E+01-1.00819E+01-1.77000E+01-2.21426E+00
 -1       395 7.39559E+00 1.38863E+01 4.53268E+00-1.46853E+00-1.08626E+01-5.92855E+00
 -1       396-3.89109E+00-5.33536E+00-1.25222E+01-6.30709E+00-3.71584E+00-2.71644E+00
 -1       397-3.99197E+01-1.93861E+01-2.22508E+01-7.58476E+00-1.03264E+01-1.38996E+00
 -1       398 3.10857E-01 7.19491E-01-5.15689E+00-1.66044E+01-1.69330E+01-2.49694E+00
 -1       399 8.22619E+00-1.56065E+00-8.03336E+00-1.49399E+01-7.59995E+00 5.01005E-01
 -1       400-2.62895E+01-1.42138E+01-8.18072E-01-6.01412E+00-2.64866E+00-9.34661E+00
 -1       401-6.15795E+01-2.08964E+01-1.36997E+01-6.00028E+00-3.02245E-01-2.84591E-01
 -1       402 1.32817E+01 3.76192E+00 8.98832E+00-4.55439E+00-2.34939E+00-1.03706E+01
 -1       403 2.04351E+01 1.34264E+01 2.42021E+01-9.15260E+00-1.27706E+00-1.30269E+01
 -1       404 8.74599E+00 3.19491E+00 6.30609E+00-9.27397E+00 5.02132E+00-9.49590E+00
 -1       405 1.09070E+01 5.36793E-01-1.25859E+00-5.58859E+00 6.55221E+00-8.10575E-01
 -1       406-2.40862E+01-5.28422E+00 1.53692E+01-4.61778E-02-1.18343E+01-1.30947E+01
 -1       407-1.60772E+01-3.48385E+00 2.22306E+01-3.24879E+00-6.27087E+00-7.37072E+00
 -1       408-2.36186E+01-6.56178E+00-4.48827E+00-3.18723E+00-6.47370E+00 1.37838E+00
 -1       409 3.24340E+01 2.04061E+01 4.04226E+01-9.42219E-01-9.02152E+00-3.40284E+00
 -1       410-3.15933E+01-1.32845E+00-2.42626E+00-6.23512E+00-2.86781E+00-3.62159E+00
 -1       411 7.04991E+00 4.48649E+00-5.79546E+00-1.15397E+00-1.24440E+00-1.22188E+01
 -1       412-3.10795E+01-8.20527E+00-1.44659E+01 1.63737E+00-5.13923E-01-3.14634E+00
 -1       413-1.23699E+01 7.94482E-01-3.43950E+00-1.32031E+00 2.80527E+00-9.11461E+00
 -1       414 7.52714E+00 9.44333E+00 6.00709E-01-1.52448E+00-3.92490E-01-8.25272E+00
 -1       415 3.17046E+01 1.98978E+01 1.81633E+01-5.12972E-01 3.23615E+00-3.87632E+00
 -1       416 2.66421E+01 1.39690E+01 2.90724E+01 3.94279E+00 4.01200E+00-2.03911E+01
 -1       417 2.31283E+01 1.03042E+01 2.35203E+01 2.13376E+00 5.96112E+00-1.67375E+01
 -1       418-4.08136E+00 1.34116E+01 7.95885E+00-4.10574E+00-5.72343E+00-1.40168E+01
 -1       419 2.50084E+01 1.72449E+01 2.57991E+01-1.03521E+00 2.48800E+00-1.81110E+01
 -1       420-5.19034E+00 2.47141E+00-7.64386E+00-1.12245E+01-1.06565E+01-4.69192E+00
 -1       421-7.16992E+00 4.01267E+00-2.29779E+00-1.67669E+00-4.56402E+00 2.56511E+00
 -1       422 8.96203E+00-3.09409E+00-2.39115E-01-8.11133E+00-1.32200E+01 9.32928E+00
 -1       423-7.24231E+00-2.45542E+00-9.14084E+00-1.15536E+01-6.52777E+00 3.58316E+00
 -1       424 4.93670E+00-4.17903E-02 4.32369E+00-1.07948E+01-3.47861E+00 3.25779E+00
 -1       425-1.93090E+01-1.20368E+01-9.61010E+00-8.96275E+00-1.38526E+00 6.11647E+00
 -1       426 4.58419E+00 1.73585E+00-5.07243E+00-1.78169E+01 4.59411E-01-4.17630E+00
 -1       427-4.38735E+00-1.33338E+00-7.67151E+00-3.46563E+01-3.56937E+00-1.15297E+00
 -1       428-2.88847E+01-2.06090E+01 2.02896E+00-2.99110E+00-2.58488E+00 3.03076E+00
 -1       429 3.85204E+01 5.35511E+00 1.90672E+00-1.46437E+01-6.83074E+00-9.04579E+00
 -1       430 3.22763E-01 4.06642E-01-2.37268E+01 1.04004E-01 4.85157E+00-2.14719E-01
 -1       431 2.59096E-01-3.03590E-01 2.90657E+01 6.07275E-02-4.77234E+00 3.47925E-01
 -1       432 5.85383E-01 3.04217E-02-3.16252E+01-1.49150E-01 6.75093E-01-7.90806E+00
 -1       433 2.55362E-01-5.72272E-02 3.70152E+01-6.98698E-02-6.59205E-01 8.04207E+00
 -1       434 1.00748E+00 2.29296E-01 3.52877E+00 8.15307E-02 1.06088E+00 2.08200E+00
 -1       435-7.84721E-01 1.07042E-01 8.31525E+00-4.47402E-01 4.87218E+00 4.02035E+00
 -1       436-2.91852E-01-6.96609E-01-2.56500E+01-2.71147E-01 2.89912E+00-6.80572E-01
 -1       437 8.44681E-01-2.72141E-01 1.01911E+00 7.96668E-02-7.38551E-01-1.33018E+00
 -1       438 7.52283E-01 5.49806E-01 3.55809E+01 9.03545E-02-8.27939E-01 6.34136E+00
 -1       439-1.60457E+00 6.78626E-02-1.31197E-01 1.93928E-01-1.50894E+00-2.58069E+00
 -1       440-1.99065E+00-5.00279E-01-3.07596E+01-1.53974E-01 1.31626E+00-6.18356E+00
 -1       441-2.09160E+00-4.08957E-01 3.55647E+00 6.94274E-01 1.50371E-01 1.63748E+00
 -1       442-5.07134E-01 1.99993E-02-3.54941E+00 6.00193E-02-4.60326E+00-4.59711E+00
 -1       443-7.30232E-01-1.96642E-01 3.01363E+01 8.02726E-01-3.51549E+00 1.94001E-01
 -1       444 1.70929E-01-2.21584E-02 4.29353E-02 7.43344E-02-4.58296E-03-6.30142E-02
 -1       445 1.00596E-01 3.27969E-02 2.70755E-02 1.07195E-01 3.87833E-02 7.26145E-02
 -1       446 1.04333E-01-6.33462E-03 3.72507E-02 2.62760E-02-1.19045E-02-8.36289E-02
 -1       447 3.25495E-02 6.29423E-04 6.78944E-02 1.45620E-01 7.40424E-02 7.28045E-02
 -1       448 1.07104E-01-2.01575E-02 4.34388E-03-1.05128E-02 1.01583E-02-3.68122E-02
 -1       449-2.22658E-02 1.51652E-02 3.49630E-02-3.72691E-02 5.26690E-02-1.93162E-02
 -1       450 2.51219E-02-3.17386E-02-3.65949E-02-9.62605E-03 8.57939E-02-6.68303E-02
 -1       451 8.73610E-03-1.54009E-02-1.81549E-01-5.39538E-03 1.65872E-01-9.32846E-02
 -1       452 6.65695E-02 1.58864E-01-5.29231E-01 4.30880E-02 3.08405E-01-1.84699E-01
 -1       453 5.68599E-01 1.40467E+00-3.86725E-01 2.39348E-01 2.87765E-01-2.76621E-02
 -1       454 2.52452E-02-6.11339E-02-2.66709E+00 9.44406E-02 1.46387E-01-4.75054E-01
 -1       455 7.99524E-01 1.31763E-01-1.86044E-01-2.15573E-01-2.60359E-02 7.74667E-02
 -1       456 2.73833E-01 4.36271E-01-2.40623E-01-5.14368E-01-3.35874E-01-5.79289E-01
 -1       457 6.65181E-01 6.33205E-01-9.64249E-02 5.02737E-02-2.72348E-02 2.21004E-01
 -1       458-9.07193E-01-1.06113E+00-1.82580E-01-1.90115E+00-8.05196E-01-7.05838E-01
 -1       459 2.81085E+00-2.73544E+00 3.23157E-01-1.82824E+00 2.27190E-02 6.75890E-01
 -1       460 9.43641E+00-3.05360E-01 1.64449E+00 3.47341E+00 3.04184E+00 5.13855E-01
 -1       461-2.01557E+00-9.91666E-02 1.00652E+01-4.45591E-01-1.01615E+00 4.76983E-01
 -1       462 1.55500E-01-1.02821E+00 1.19751E+00 2.70152E-01-7.41666E-01 1.90089E-01
 -1       463-3.67393E-02 2.73393E-01-2.23871E-01-2.75159E-01-9.80190E-02-3.29529E-01
 -1       464-1.10207E-01-4.34653E-02 8.92536E-02 9.83391E-02 1.55779E-01-1.01689E-02
 -1       465-6.97848E-02-5.72193E-02-7.94757E-01-3.29540E-01-4.96117E-01-5.18731E-01
 -1       466 9.43752E-02-1.05745E-01 1.57793E-01 7.54455E-02 8.97764E-02 1.41836E-01
 -1       467 1.95835E+00-6.53120E-01 1.61248E+00-3.51763E-01-6.14052E-01 1.04969E+00
 -1       468 6.41521E-01 7.75211E-02 4.33617E-01 1.22882E-01-1.26980E-02 6.41242E-01
 -1       469-1.09385E+00-1.13439E-01 1.09913E+00 1.51042E-01 4.98609E-01 2.70864E-02
 -1       470 6.61838E-01-3.44531E-01-8.29095E-01 3.70669E-01 1.21083E-01-3.12906E-02
 -1       471 7.82411E-01 2.96053E-02-1.11304E-01 1.56784E-02 1.40657E-01 8.00764E-01
 -1       472 8.19455E-01 1.88503E-01 4.37130E-01-5.59080E-02-3.66902E-02-1.09839E-01
 -1       473-3.62500E-01 4.54051E-01-1.29735E+00 1.05304E+00 4.26717E-01 1.00583E+00
 -1       474 7.50369E-01 1.12905E-02 7.37197E-02 6.20356E-04-6.99740E-02 3.32725E-03
 -1       475-1.72945E-01 3.36250E-02 3.05285E-01 1.17405E-01 4.39792E-02 9.65140E-02
 -1       476 2.74630E-01 5.29709E-04 1.85339E-01-5.15130E-02 1.88119E-02 2.40353E-02
 -1       477-6.96707E-02-3.61538E-01-9.47167E-01-6.47674E-02 3.29711E-01 5.12464E-01
 -1       478 6.21560E-01-4.08176E-03 1.11195E-01-2.48375E-03-3.82828E-02-1.63684E-01
 -1       479 6.77180E-01 2.05624E-02 4.40724E-02 2.04790E-02-3.06155E-02-4.01754E-02
 -1       480 5.25313E-01-9.08263E-04 1.03833E-01 6.29959E-02-1.98977E-02 2.14965E-01
 -1       481 3.12730E-01 1.43006E-02 1.61156E-01 6.40780E-02 3.91949E-02 2.28005E-01
 -1       482 7.44359E-01 3.71372E-02 1.50012E-01 9.18253E-02-6.69923E-02 2.66845E-01
 -1       483 4.48004E-01 2.39484E-02 3.57708E-01-2.78823E-02 7.90178E-03-1.57867E-01
 -1       484 5.75342E-01 1.61625E-02 2.57130E-01-3.23154E-03-7.69119E-03-1.85597E-01
 -1       485 8.64870E-01 8.26196E-04 2.02622E-01-3.51934E-02-1.99368E-02-7.14803E-02
 -1       486 9.73367E-02-3.86525E-02-1.63940E-02-2.42244E-02 4.80873E-02-4.59273E-02
 -1       487 2.17626E-01-2.04556E-03 2.76724E-01-4.69259E-02 4.20597E-02-1.32446E-01
 -1       488 4.98718E-01 4.58424E-02 3.69350E-01-4.70722E-02-5.85437E-02-3.90646E-02
 -1       489 3.60910E-01-1.38048E-01-1.48248E+00 2.07986E-02 9.80192E-02 1.21702E-01
 -1       490 2.40816E-01-5.51447E-02-3.03264E-01 1.03500E-02 1.32523E-01 2.24604E-01
 -1       491 3.56709E-01-3.26892E-06 9.24116E-03-4.23414E-02 1.39535E-01 3.15958E-01
 -1       492-3.86529E-02 3.52504E-01-7.75777E-01 5.35794E-02 9.41004E-01 5.87673E-01
 -1       493-2.91083E-01-6.33588E-01-2.86905E+00 2.41023E-02 4.62575E-01 1.01962E-01
 -1       494 1.45963E-01-1.03655E-01-9.26011E-01 2.52385E-02 1.53361E-01 7.54044E-01
 -1       495-5.08397E-01-1.32576E-01-1.09492E+00 1.02290E-03-4.76843E-02-1.00105E+00
 -1       496 1.59120E-01 1.40269E-01-9.31806E-01 2.26736E-01 2.84727E-01-2.93176E-01
 -1       497 2.91187E-01-2.05060E-01-6.45056E-01 1.41540E-01 3.13721E-01 3.47239E-01
 -1       498-1.16546E+00 7.95588E-01-1.54861E+00-7.35366E-01-4.26084E-01-9.60026E-01
 -1       499-7.91922E-01 1.05018E-01-1.53608E+00 4.11933E-01-1.10874E-03-7.60917E-01
 -1       500-9.03168E-04-6.32246E-01-1.41489E+00 4.10991E-01 8.04844E-04 3.86841E-01
 -1       501-2.28622E+00-9.79337E-02-8.53763E-01 2.12851E-01 7.81181E-01-1.07613E+00
 -1       502-1.01880E+00-4.79551E-01-1.30219E+00-2.65081E-01 2.65794E-01-7.71394E-01
 -1       503-1.93576E+00 1.42729E-02-1.07503E+00-5.75043E-01 3.21025E-01-1.54760E+00
 -1       504-1.43738E+00-6.07626E-01-1.24676E-01 4.70356E-01 3.96152E-01 4.63501E-01
 -1       505-8.92409E-01 6.69462E-02-3.07298E-02 1.27273E-01 2.21429E-01-3.93291E-01
 -1       506-5.38762E-02-1.53770E-02 6.89456E-02 1.14095E-01 1.38041E-02 4.22649E-02
 -1       507-3.02597E-01 1.56656E-01-7.73277E-02 1.03677E-01 8.77720E-02-2.33063E-01
 -1       508-2.70124E-01 1.78618E-01 8.97027E-01 2.20464E-01 1.42467E-01 2.80069E-01
 -1       509 1.98229E-01-1.46823E-02 4.01377E-01 1.17086E-01 1.83705E-02 4.17834E-01
 -1       510 6.37364E-01-6.08889E-01 9.99092E-01 2.47135E-01-2.87649E-01 9.62433E-01
 -1       511-2.64415E-01 2.45205E-02 1.21788E+00-4.22061E-02 2.54310E-01 5.96579E-01
 -1       512 1.53053E+00-3.71572E-01 2.85491E-01-1.46965E-01-9.24212E-01 9.12188E-01
 -1       513 1.18441E+00 4.10377E-01 6.39674E-01 5.77424E-02 2.60567E-02 3.15556E-01
 -1       514 1.08653E+00-2.97785E-01 5.65552E-01-6.47228E-01-8.29493E-01-2.27719E-01
 -1       515 5.93690E-01-7.32702E-01 4.98785E-01 2.75415E-01-2.42343E-02 1.60226E+00
 -1       516 8.18676E-01-4.19149E-01 9.49460E-01-7.69729E-01-2.89335E-01 7.88334E-01
 -1       517 9.25025E-01-2.34132E-01-8.57032E-01 2.49857E-01-5.22262E-02 5.43658E-01
 -1       518 1.01565E+00-6.19845E-01 7.10593E-01-1.79737E-01 5.11820E-02 6.34568E-01
 -1       519 8.42975E-01 2.52474E-01 5.32409E-01 3.37808E-02 1.06898E-02 4.02455E-01
 -1       520 1.19037E-01 2.02688E-01 3.69059E-01 4.19245E-01 6.10490E-01 2.20535E+00
 -1       521-2.86096E-01 6.42141E-02 2.44028E-01 8.37786E-02-8.11066E-02 1.03873E+00
 -1       522 9.25313E-01 1.59060E-01 3.71940E+00 2.86126E-01 6.28600E-01 1.99459E+00
 -1       523 2.50000E+00-1.71482E-01 1.17478E+00 2.54345E-01 1.45278E-01 1.86911E+00
 -1       524 6.23519E-01-1.60030E-02-6.09236E-01-6.23905E-02 5.85871E-02 1.15637E+00
 -1       525-3.15516E-01 9.10717E-02-4.26757E-01-3.68719E-02-2.94413E-02 7.88491E-01
 -1       526 7.58601E+00 2.57224E-01 6.56349E+00 8.06874E-01 1.13881E+00 8.19067E+00
 -1       527-3.50200E-01-2.32433E-02-1.47545E-01 1.01459E-02-7.94578E-02 5.18880E-01
 -1       528 3.78219E-02 2.78660E-03 8.95289E-01 5.13379E-02 2.68675E-02 6.58862E-01
 -1       529 5.17916E-02-2.02969E-02-5.97666E-01-8.18229E-02 1.97015E-02 6.32641E-01
 -1       530 4.53772E-01 5.63772E-03-3.96387E-01 2.41763E-03-5.53017E-02 1.43112E+00
 -1       531-2.43277E-01-2.23541E-03-5.74209E-02 3.12742E-02-3.72391E-02 2.87796E-01
 -1       532-3.29712E-01-3.19818E-02-1.07597E-01 2.68821E-02-4.61856E-02 3.52162E-01
 -1       533-6.92966E-02 4.36511E-02 3.78357E-01 5.24878E-02 2.00293E-02 4.72772E-01
 -1       534-2.07606E-01 1.02225E-02 1.68628E-01 5.05255E-02-4.44000E-02 4.88549E-01
 -1       535-3.86373E-01-6.81437E-02-5.63055E-02 6.10496E-02-9.85365E-02 7.61450E-01
 -1       536-2.58189E-01-7.58494E-03-2.37317E-01-2.50480E-02-2.09813E-03 5.02395E-01
 -1       537-1.80554E-01 4.17182E-02-3.31154E-01-1.51751E-02-5.48351E-03 5.40601E-01
 -1       538-3.70509E-01 2.50833E-02-2.96149E-01-4.73831E-02-1.82651E-02 6.55312E-01
 -1       539-8.86901E-02-9.55366E-03-4.66165E-01-4.53633E-02 1.42449E-02 4.36414E-01
 -1       540 3.39643E-02-6.10653E-02-5.59002E-01-2.23608E-02 3.04443E-02 3.52291E-01
 -1       541-1.14369E-01 5.98500E-02-5.06826E-01-5.28020E-02-2.95594E-02 7.52563E-01
 -1       542 2.67518E-01-1.63296E-01-5.49966E-01-5.84065E-02 7.04178E-03 5.51954E-01
 -1       543 3.91283E-01-2.77161E-02-1.50943E+00 4.48962E-02-2.23997E-01 4.65329E-01
 -1       544 2.31935E-01-1.28832E-01-7.57118E-01-8.93321E-02 2.72461E-02 8.64870E-01
 -1       545 1.21868E-01-6.37336E-02-2.12814E+00 7.82183E-02-1.27370E-01 6.03751E-01
 -1       546 6.81764E-01 1.47145E-01-1.59973E-01 5.08724E-02-2.03226E-01 1.35184E+00
 -1       547 5.26116E-01-3.99589E-02-5.37579E-01 9.92032E-03 4.41033E-03 1.31704E+00
 -1       548 1.51461E+00-3.52280E-02 2.99095E-01 1.92666E-01 3.38314E-02 1.07575E+00
 -1       549 3.12576E+00 2.88573E-01 7.21430E-01-7.42248E-02-9.29700E-02 1.10194E+00
 -1       550 1.08000E+00 1.30700E-02 2.58413E-01 1.07537E-01 4.40606E-02 1.33243E+00
 -1       551 6.35657E+00-4.19478E-01 2.55960E+00 3.63724E-01 2.86145E-01 3.30962E+00
 -1       552 1.58762E+01 2.43677E+00 6.09482E+00 3.10691E+00 3.63513E+00 7.73470E+00
 -1       553 3.76945E+00-1.17974E+00 2.26467E+00 3.06623E-02 6.68713E-02 3.93787E+00
 -1       554 3.80563E+00 1.39867E+00 1.82799E+01 5.22448E-02 1.20353E+00 8.99316E+00
 -1       555 2.00781E+00-3.82675E-01 7.27200E+00 6.26724E-01 1.37090E+00 2.27886E+00
 -1       556 7.26964E-01-4.24181E-02 3.49852E+00 2.17026E-02 6.09705E-01 1.39083E+00
 -1       557 4.13779E+00 6.50587E-01 5.84165E+00 6.18641E-01 4.20817E-01 5.25992E+00
 -1       558 2.80110E-01-8.96893E-02 1.84041E+00 1.73177E-01 1.49364E-01 1.02498E+00
 -1       559 1.14832E-01-2.34013E-02 7.94675E-01 4.53742E-02 5.30012E-02 5.37005E-01
 -1       560 1.03633E-01-8.62607E-03 5.26676E-01 7.22547E-02 2.60322E-02 4.02333E-01
 -1       561 1.39828E-01-9.63034E-03 1.46665E+00 1.28230E-01 7.18141E-02 1.05645E+00
 -1       562-8.93812E-02 2.40189E-02 7.12699E-01 3.08867E-02 2.18406E-02 7.63147E-01
 -1       563-2.92013E-01-4.18865E-01-7.11665E-01 2.20251E-01-5.25968E-01 1.52528E+00
 -1       564-1.18257E-01-1.82063E-01 1.11690E+00 9.07642E-02 1.10478E-01 1.22012E+00
 -1       565 7.11924E-01-4.56176E-01 1.28493E+00 4.44340E-01 9.85177E-02 2.32380E+00
 -1       566-1.14714E+00-3.53893E-01-9.12144E-01-3.70799E-01-2.77308E-01 8.30557E-01
 -1       567-3.97246E-01 4.69437E-02-2.22284E-01-9.57563E-03-1.15291E-02 9.27003E-01
 -1       568 2.23815E+00-1.87376E-01 2.67246E+00 7.99297E-01 6.73135E-01 4.19317E+00
 -1       569 7.63890E-01-2.29497E-01 1.30918E+00 8.16126E-02 6.39099E-01 2.29483E+00
 -1       570 1.12163E+00 1.12805E-02 1.92154E-01 9.35656E-02 8.61999E-02 1.28787E+00
 -1       571-4.65699E-01-3.12242E-01-2.99493E-01-4.94221E-01 3.23707E-01 1.59312E+00
 -1       572-1.09398E-02 4.47339E-02-5.78949E-01 4.00604E-02 5.65271E-02 1.06675E+00
 -1       573-2.69112E+00-7.49920E-01 5.95362E-02-7.01784E+00-1.01071E+00-1.88875E+00
 -1       574-3.06747E+00 1.24506E-01 7.93506E+00-4.75525E+00 5.32753E+00 1.02050E+00
 -1       575 6.85431E+00 2.07031E+00-6.31324E+00-1.24747E+01-4.85548E+00-5.87628E+00
 -1       576 3.39785E+00-1.72765E+00 1.59551E+00-1.45577E+00 4.01485E+00-6.04895E+00
 -1       577 1.12780E+00 2.42673E+00 6.83954E+00-4.33423E+00 1.07938E+00 8.32192E-01
 -1       578-4.54220E+00-2.78479E+00-1.84697E+00-6.17496E+00 2.81767E+00 4.11717E+00
 -1       579 1.12088E+00-2.07859E+00-8.60076E+00-1.30582E+00 3.98690E+00-2.35285E+00
 -1       580 7.71102E+00 2.44781E+00 3.14261E+00-4.14798E+00-1.42259E+00 1.75425E+00
 -1       581 9.31786E-01 4.92597E+00 5.05498E+00-1.27976E+00-4.73759E+00 9.77162E-01
 -1       582-8.91485E+00-2.07803E-02-6.39053E+00 3.46658E+00 3.68647E+00-5.08403E+00
 -1       583 1.87050E-01 4.89218E+00 1.04253E+00 3.46350E+00 6.79744E-01-1.60677E+00
 -1       584 8.47842E+00 3.28552E+00-5.23899E+00 1.23857E+00 9.28740E-02 4.82027E-01
 -1       585 7.47131E+00 5.28832E-01-1.67167E+00-1.81741E+00 1.34643E+00-3.53278E-01
 -1       586-1.98693E+00-7.20875E-01 4.40838E+00-1.67107E+00 2.23010E+00-4.43512E+00
 -1       587-4.94854E+00-1.81685E+00-2.78990E+00 7.21185E-01 1.68591E+00-2.18431E+00
 -1       588 1.10911E+00 2.56796E+00 3.18554E-01 7.80789E-01 1.05271E+00-6.92736E-01
 -1       589 5.24485E+00 5.51729E-01 2.80293E-01-1.56292E-01-7.81569E-01-5.89172E+00
 -1       590-1.04834E+01-3.55038E+00 6.77316E+00 3.76797E+00-1.45522E+00-8.98100E+00
 -1       591 7.40080E+00 4.77327E+00 5.37030E+00-4.29429E+00-4.94205E+00-3.54363E+00
 -1       592 2.02982E+01 3.70116E+00 8.39983E+00-1.59060E+00-4.70254E+00-1.04355E+01
 -1       593 2.17626E+01 5.67104E+00 8.77092E+00 5.52226E-02-2.20717E+00-1.82956E+00
 -1       594 8.62092E+00 4.88458E+00 1.04019E+01 1.49883E-01 4.89023E+00-3.78974E+00
 -1       595 3.31842E+00 4.37967E+00 9.71284E+00-6.92338E+00-1.88977E+00-8.19005E+00
 -1       596-1.45090E+00 1.30817E+00 3.84046E+00-1.03547E+00 6.74589E-01-2.38933E+00
 -1       597 1.17491E+00-2.12729E+00 1.84837E+01 2.11474E+00-1.64941E+00-6.63473E+00
 -1       598-3.80933E+00 6.37278E-01 1.07543E+01 1.22131E+00 3.23104E+00-9.27500E+00
 -1       599 2.13778E+00-1.08833E+00 1.08314E+00-3.40956E-01-1.06300E+00-3.59023E+00
 -1       600 9.58213E+00 2.02203E+00-3.02121E+00-5.95044E+00-4.48217E+00-7.16378E-01
 -1       601-8.62656E+00 3.11500E+00-2.40120E+00-9.27185E+00-7.76783E+00-3.69921E+00
 -1       602 6.24302E+00 1.28451E+01 9.50330E+00-2.59690E+00-7.74002E+00-9.42413E-01
 -1       603 3.22574E-01 9.89492E+00 9.43891E+00-1.21624E+00-3.74191E+00-5.04485E+00
 -1       604 4.04887E+00 4.64369E+00 6.09434E+00-2.26097E+00-6.59936E+00 3.78381E+00
 -1       605-1.34619E+01-4.97519E+00-3.31947E+00-1.07495E+01-1.38109E+00-3.59095E+00
 -1       606-9.11364E+00-6.75420E+00-7.28676E+00-7.85135E+00 6.22197E+00-1.60252E+00
 -1       607 3.79372E+00 7.41386E+00 9.95021E-01-2.85332E+00 2.42836E+00 2.31998E+00
 -1       608 1.47745E+01 5.58366E+00 8.20121E+00-7.81374E+00 1.12323E+00-8.80521E-01
 -1       609 7.11914E+00 3.69688E+00 3.44665E+00-2.87684E+00 1.90199E+00 7.20262E+00
 -1       610 3.11344E+00 1.44498E+00-3.28205E+00 9.82875E-01-1.51966E+00-1.83474E+00
 -1       611 4.70014E+00 1.97545E+00 7.89839E-01-8.18407E+00-5.58064E-01 1.61863E+00
 -1       612-1.43585E+01-4.30991E+00-3.47437E+00 5.37464E-02-8.42034E-02 1.68800E+00
 -1       613 2.28900E+01 7.87568E+00 1.61989E+01-5.50018E-01 5.31413E-01-3.00593E+00
 -1       614 5.87540E+00 6.86189E+00 2.53453E+01-8.28317E+00-3.61509E+00 3.35177E+00
 -1       615 7.89316E+00 9.05021E+00 1.14954E+01-9.90635E-01-1.41759E+00-3.64287E+00
 -1       616 1.59952E+01 5.16291E+00 7.15302E+00-3.25713E+00-1.47311E+00-5.38714E+00
 -1       617 2.72623E+00 6.49134E-01 3.06678E+00 4.04826E-01 4.01588E+00-1.00052E+01
 -1       618 5.32617E+00 1.49306E+00 8.40333E-01-1.03505E+00 3.75103E-01-6.78783E+00
 -1       619-2.64764E+01-6.81127E+00-1.22769E+01-8.45152E+00-4.34832E+00-2.53198E+00
 -1       620-8.08425E+00 4.62569E-01 1.84434E+00 2.79134E+00-2.60642E+00-3.61315E+00
 -1       621 8.68774E+00-1.11787E+00-3.57925E+00-2.50947E+00-3.34692E+00 3.46243E+00
 -1       622 2.54191E-01-4.18992E+00 2.78725E+00 5.93012E+00 4.03734E+00-5.52560E+00
 -1       623 6.31777E-01 9.13442E-01 5.77899E+00-2.29355E+00 1.86183E-01-6.38075E+00
 -1       624 1.29501E+00 3.09207E+00 3.22880E+00-2.85637E-01-2.38785E+00-7.57802E+00
 -1       625 1.23397E+01 4.44776E+00 2.60270E+00-2.51092E+01-5.53069E+00-1.63488E+00
 -1       626 1.24003E+01-1.08986E+01-5.75562E-01-1.29959E+01-2.69954E+00-1.89237E+00
 -1       627 3.88793E+01 9.57285E+00-1.01202E+00-1.03719E+01-3.62986E+00-8.29305E+00
 -1       628-3.94953E+01-2.73908E+00-1.24326E+01 8.81723E+00 5.88484E+00-6.32929E+00
 -1       629-7.93388E+00 7.14087E+00 6.50416E+00-7.45446E+00 4.65120E+00 3.63451E+00
 -1       630 1.58580E+01 3.55346E+00-1.54944E+00-6.42562E+00-2.12514E+00-1.08590E-01
 -1       631 2.77306E+00 8.45815E+00 5.46958E+00-1.21264E+00 4.71485E-02-1.00639E+01
 -1       632 6.98541E+00 8.93584E+00 5.38863E+00-2.07170E+00 1.39862E+00-2.07451E+00
 -1       633 1.03554E+01 1.28676E+01 8.83436E+00-2.68120E-01-1.61861E+00 1.39140E-01
 -1       634 1.06383E+01 2.06493E+00 3.24310E+00-2.15061E+00 4.63317E-01-3.11970E+00
 -1       635-6.08269E+00 1.71835E+00-1.11556E+01-1.15460E+01 2.00121E+00-2.00947E+00
 -1       636 1.10037E+01 5.00138E+00-2.87200E-01-4.39442E+00 3.99379E-01-5.14524E+00
 -1       637 4.41839E+00 3.41658E-01-1.72650E+00-5.55811E+00 1.12656E+00 2.36515E-02
 -1       638-1.25386E+01-2.17558E+00 7.81919E-01-3.49774E+00-4.53517E+00-5.73887E+00
 -1       639-7.20780E+00-2.93153E+00-4.27810E+00 2.48805E+00-1.03970E+00-6.60589E+00
 -1       640 1.31141E+01 1.38119E+01 1.72387E+01-3.84543E+00-3.02231E+00-3.48357E+00
 -1       641-4.34155E+00-8.60133E+00 4.11160E+00-7.54243E+00-1.47577E+00-5.43603E+00
 -1       642 4.42451E+00-2.45330E+00 2.46638E-01 1.38020E+00 2.44739E+00 6.17057E+00
 -1       643-1.07635E+01-5.11812E-01-9.56500E-01-3.47287E+00-4.36750E+00-3.45147E+00
 -1       644 5.58624E+00-4.54553E+00 4.58194E+00 2.59306E+00 2.46117E+00 5.02397E+00
 -1       645-1.44896E+00 1.74211E+00 1.09122E+01-1.00231E+01-1.72327E+00-1.33658E+01
 -1       646-9.16354E+00 3.63344E+00-3.12883E+00-7.37116E-01-3.66493E+00-8.61039E+00
 -1       647-2.05627E+01-2.30797E+01-1.48061E+01-4.05485E+00-2.52870E+00-5.55578E+00
 -1       648 3.74681E+01 9.27333E+00 1.10880E+01-6.75716E+00-2.53499E+00-6.88050E+00
 -1       649-5.49034E-01-2.01004E+00-5.27343E+00 1.14457E+00 4.87484E+00-7.29748E+00
 -1       650-5.91372E+00 1.69093E+00 4.68467E+00-4.84665E+00 4.15757E+00-5.47211E+00
 -1       651 2.89559E+00-2.63220E+00-4.93361E+00 3.67471E-01 1.26759E+00 1.85853E+00
 -1       652 1.08744E+01 2.88122E+00 1.68263E+01-2.53192E+00 7.18110E-01-1.37525E+00
 -1       653 1.39793E+00 4.98872E+00 1.42364E+01-1.07770E+01 5.73765E-01-4.22283E+00
 -1       654 4.04333E+00 1.07329E+00 1.21541E+01-6.81882E+00 4.47103E+00 3.64972E+00
 -1       655-1.66091E+00 3.04015E+00 2.97387E+00 9.18068E-01 4.43274E+00 6.96254E-01
 -1       656-2.40270E+00-2.33766E+00 1.54275E+00 1.76942E-01 2.76452E+00 4.03434E-01
 -1       657 8.96061E+00 4.85819E+00 3.43696E+00 4.30399E-01 6.05173E-01 8.09110E+00
 -1       658-1.45691E+01-3.60893E+00 3.22171E+00-2.05544E+00-8.69676E+00-3.11357E+00
 -1       659-7.54647E-01 1.00548E+01 7.37848E+00-7.38559E+00 2.20473E+00-2.07787E+00
 -1       660-1.68011E+01-2.00542E+00 1.18421E+00-5.49977E+00 5.61894E+00 3.22687E-01
 -1       661 5.72580E-01-1.08574E+00 8.01212E+00-4.36316E+00-1.88180E+00-3.85039E+00
 -1       662-7.02750E+00-1.69315E+00 3.63109E+00 2.27388E+00-1.30098E+00 3.95762E+00
 -1       663-4.12975E+00 1.18593E+00 3.45552E+00 1.57913E+00-4.14546E-01-2.09949E+00
 -1       664 4.06935E+00-1.43505E-02-1.45523E+00 6.08177E-01-3.52585E-01 7.17405E-01
 -1       665 6.06431E+00 3.43369E+00 5.92078E+00-1.86535E+00-2.92744E-01-8.12977E+00
 -1       666 1.41038E+01 1.15617E+01 6.96579E+00 4.40225E+00-6.30573E-01-1.22249E+01
 -1       667 3.58632E-01 1.38601E+00 9.18876E+00-4.37913E+00 2.47232E+00-8.69744E+00
 -1       668 7.89242E+00 1.78987E+00 3.10333E+00-2.53032E+00 4.51460E-01-1.14255E-01
 -1       669-5.02025E+00-5.30647E+00-2.44564E+00 2.99400E+00 2.16576E+00-2.70127E+00
 -1       670 4.77438E-01 3.98972E+00 1.71996E+00 1.95628E+00 1.86348E+00-3.47342E+00
 -1       671-2.38361E-01-3.09507E-01 2.01049E+00-1.83859E+00 2.17694E-01-4.67836E-01
 -1       672-2.30131E+00 5.54095E-01 3.21370E+00 1.72005E+00 7.13518E-01-2.04670E-01
 -1       673-9.37725E+00-2.27243E+00 1.12952E-01 4.28353E+00 5.68659E-01-2.74073E+00
 -1       674 8.31944E-01-2.18232E+00 2.56160E+00 4.54636E-03 1.81814E+00-3.16050E+00
 -1       675 1.15109E+01 4.03419E+00 1.32848E+01-4.59234E+00-1.48407E-01-3.46368E-01
 -1       676 1.47741E+00 2.39869E+00-7.48376E-01-2.70898E+00-1.37565E+00-6.38334E+00
 -1       677 8.31392E+00 3.90450E+00 5.10203E+00-9.41019E+00 3.41519E+00 4.21800E+00
 -1       678-1.86910E+01-3.51451E+00 3.68098E+00-3.14379E+00-2.81493E+00-1.43387E+01
 -1       679-1.32494E+01-3.41203E+00-5.08180E+00 3.05985E+00-6.15670E-01 1.38989E+00
 -1       680 9.51722E+00 8.80091E+00 1.71359E+01 3.01215E+00 2.08609E+00-2.72216E+00
 -1       681-2.93101E+00-8.79085E-01 7.07879E+00-1.50269E+00 1.11106E+00-4.35575E-01
 -1       682-7.73833E+00-4.69813E+00-4.37241E+00-5.12802E+00 1.70343E+00-1.62520E+00
 -1       683-4.44897E+00-3.79385E+00 6.42551E+00-9.62307E+00-2.11650E+00-3.26382E+00
 -1       684-4.36540E+00-2.13818E+00 1.19593E+01-8.89158E+00-8.47729E-01-9.37441E+00
 -1       685 5.47623E+00-4.26781E+00 4.10968E+00 1.52633E+00 8.04732E+00 2.62494E+00
 -1       686-3.21666E+00-2.97972E+00-6.23249E+00-8.17883E+00 1.03778E+00 5.72770E+00
 -1       687-2.72856E+00-6.71039E+00-6.82305E+00-1.31768E+00 6.34622E+00 8.69550E+00
 -1       688 1.31049E+00 3.72440E+00 1.13141E+01-5.48334E+00 2.39491E+00-2.65269E+00
 -1       689 9.00807E+00 2.92323E+00 1.00858E+01-6.32773E+00 2.07948E+00 7.23080E-01
 -1       690 6.37561E+00-1.06918E+01-9.86936E+00-1.53387E+01-4.12164E+00-1.13641E+00
 -1       691 3.44527E-01-4.01963E+00-4.77790E+00-7.68762E+00-2.45403E+00 4.02924E-01
 -1       692 2.72249E+01 6.00385E-01-2.37185E+00-1.61201E+01-3.27093E+00-1.19434E+01
 -1       693 5.97526E+00-5.14034E-01 9.45380E-01-8.98021E+00 8.61983E-01 1.89752E+00
 -1       694 1.63563E+01 8.71021E+00 6.60682E+00-8.54019E+00-1.88289E+00-2.66119E-02
 -1       695 2.08433E+01 3.29221E+00-4.42440E+00-6.12783E+00-6.51281E-01-9.36700E+00
 -1       696 9.37015E+00 2.47468E+00 7.55200E+00-5.44001E+00 3.89228E+00-5.05977E+00
 -1       697-5.41302E+00-2.83868E+00-6.15184E+00-3.66598E+00-1.47188E+00-3.09657E+00
 -1       698 3.21162E+01 8.50316E+00 1.46232E+01-2.47386E+00 3.36320E+00-7.13619E+00
 -1       699-4.63199E+00 1.61571E-01 2.16515E+00-6.76739E+00 1.61825E+00-7.19031E+00
 -1       700 1.23740E+01-1.32280E+00-3.65264E+00-2.76663E+00-4.91432E+00-7.38759E+00
 -1       701-1.70958E+01-7.43211E+00-9.62095E+00-7.98915E+00-7.84788E+00 3.42027E+00
 -1       702-1.48075E+01-2.25423E+00 1.59926E+01-2.02421E+00-4.81107E-01-2.69881E-01
 -1       703-3.70753E+00-2.11737E+00-6.28032E+00-1.09054E+00-2.65414E-01-6.53575E+00
 -1       704-1.22695E-01-3.89493E-01-2.78626E+01 4.36215E-02 1.66021E+00-3.27149E+00
 -1       705 1.18842E-01 1.14712E-02 6.57797E+00-5.13833E-02 1.68826E+00 3.85980E+00
 -1       706-2.07428E-01 2.34322E-01 2.62640E+00 1.17964E-01 3.98315E-02 1.70779E-01
 -1       707-1.34546E-01 6.55476E-02 3.28596E+01-8.55120E-03-1.79250E+00 3.15713E+00
 -1       708 5.18891E-01 1.84965E-01-1.17314E+00-3.71233E-01-1.46082E+00-3.90137E+00
 -1       709 1.03505E-01 2.84812E-03-8.78691E-03-6.18231E-02-6.09690E-02 2.72147E-01
 -1       710 1.28900E+00-3.60719E-02-1.96188E-02 3.24197E-01-9.87602E-02 1.00260E-01
 -1       711 3.06617E+00 8.44429E-01 4.48653E-01 1.99077E+00-1.71637E-02 6.01023E-01
 -1       712 2.47815E+00 2.84695E-01 6.14860E-02 5.88223E-01-2.65684E-01 2.30175E-01
 -1       713 3.71956E+00 2.26927E-01 1.20553E+00 1.02583E+00 1.48522E-01 1.69035E+00
 -1       714 7.03276E+00 3.65274E-01 3.46945E+00 2.07115E+00 7.08973E-01 4.04069E+00
 -1       715 6.06268E+00 9.73362E-01 1.35121E+00 8.66413E-01 8.17938E-02 1.72736E+00
 -1       716 7.73185E-01-9.25589E-02-2.14213E-01 2.40585E-01-2.96903E-02 2.46732E-01
 -1       717 1.53205E+00-1.68707E-01 3.05179E-01 3.48419E-01 2.07007E-01 8.30191E-01
 -1       718 6.80491E-01-2.38693E-01-5.87609E-01 3.56631E-01 6.38073E-02-6.49098E-02
 -1       719 2.13752E+00-4.21710E-02 6.18198E-01 4.00080E-01 8.38758E-02 1.03417E+00
 -1       720 1.38564E+00 2.25004E-01 2.98235E-01 1.61963E-01-2.09744E-01 3.59575E-01
 -1       721 7.50627E-01 2.67719E-01-4.34804E-01 2.49460E-01 1.19897E-01-6.23689E-02
 -1       722 1.96037E-01-5.32787E-03-3.69291E-02 8.77425E-03-8.34626E-02 2.72388E-01
 -1       723 1.86173E-01-6.81787E-03-7.07779E-03 1.62565E-02-5.48781E-02 8.74003E-02
 -1       724-1.14504E-01-2.12256E-02-4.03063E-02-3.61044E-03-3.20395E-02 2.45052E-01
 -1       725 4.73063E-01 2.26619E-02 6.56183E-02-1.75166E-02-6.59491E-02 1.10653E-01
 -1       726-1.27531E-01-1.45857E-03-1.01961E-01-1.77070E-02-7.94963E-02 3.94815E-01
 -1       727 1.03338E+00 7.85170E-02 1.53632E-01 1.47014E-01 4.30679E-02 2.55716E-01
 -1       728-1.49272E-01 9.11700E-02-5.14163E-01 9.37111E-02-1.33086E-01-6.78336E-01
 -1       729 3.93928E+00 1.07373E+00 1.77647E-02 7.32028E-01 4.00443E-01 1.60284E+00
 -1       730 1.51940E+00 1.04861E+00-7.37043E-01 1.85942E+00 1.94418E-01 4.66332E-01
 -1       731-1.10167E-01 1.69784E-01 9.96881E-02-4.83638E-01-6.98003E-01-6.41295E-01
 -1       732 1.44246E+00-1.27036E-01 2.56051E-02-1.23618E-01-3.04555E-01 6.39335E-02
 -1       733 4.96390E-01-1.00304E-01-2.75288E-01-2.56861E-02 1.41622E-02 7.03754E-01
 -1       734 8.55425E-01-1.91954E-01 6.53806E-02 9.95556E-02 1.69443E-01 8.15249E-01
 -1       735 3.27032E-01-1.04667E-01-5.39444E-01 9.10965E-03 8.26491E-02 8.88990E-01
 -1       736 1.58075E-01-7.71711E-03-1.93046E-01-7.55731E-02 3.54108E-02 3.17338E-01
 -1       737 2.47930E-01-8.01736E-03-9.88516E-02-7.77426E-02-3.37954E-02 3.22781E-01
 -1       738 3.45462E-01 2.65893E-03-3.13674E-01-7.70494E-02 1.55838E-01 6.01011E-01
 -1       739 3.33993E-01-1.05005E-01-8.03728E-01-4.94901E-02 1.78845E-01 8.95173E-01
 -1       740-1.12974E-01 1.21908E-01 4.75752E-01 1.04279E-01 2.69422E-03 5.41075E-01
 -1       741-2.57396E-02 2.61934E-03 2.64352E-01 1.18081E-01 4.08032E-02 1.83884E-01
 -1       742-6.87892E-02 3.12154E-03 5.53797E-01 1.10579E-01 5.68764E-02 3.66446E-01
 -1       743 1.04545E-01 2.60846E-02-2.95974E-01-4.96798E-02 7.91966E-02 1.89456E-01
 -1       744 3.66260E+00 3.56422E-01 2.78548E+00 1.24563E+00 8.42772E-01 4.45094E+00
 -1       745-2.49009E-01 7.12324E-02 2.23463E-01-3.69149E-01 4.95153E-01 1.12279E+00
 -1       746 8.92912E-01 3.72782E-01 1.04761E+00 2.62023E-01 9.64099E-01 1.37043E+00
 -1       747-3.04581E-01-1.92087E-01-7.76127E-01-2.00404E-01-1.64230E-01 1.39227E-01
 -1       748 1.06280E+00 2.07479E-01-2.58769E-01 1.70983E-01 2.22087E-01 7.83012E-01
 -1       749 4.13274E-01 2.24816E-01 2.91787E-02 3.03830E-02 1.30336E-01 7.99460E-01
 -1       750 1.89326E-01 5.44327E-02-5.49840E-02-6.01217E-02-5.55191E-02 3.41799E-01
 -1       751 5.96737E-01-5.08178E-02-6.22822E-01 4.64272E-01-2.27382E-01 1.30855E+00
 -1       752 6.93537E-01-5.47645E-03-3.04851E-01-5.00783E-02 1.65722E-01 9.25462E-01
 -1       753 3.67076E-01 1.71940E-01 1.96922E-01 6.92856E-03 4.09201E-03 5.08856E-01
 -1       754 2.18475E-01 2.40007E-02 3.45984E-01 1.70584E-01-5.92052E-02 8.44645E-01
 -1       755 2.37743E-01-2.13225E-02 1.36998E-02 5.23038E-02-3.18485E-02 9.41169E-02
 -1       756 7.72277E-02-7.22593E-03-1.18862E-01-6.83405E-02 3.70045E-02 1.72221E-01
 -1       757 2.74840E-02-1.29225E-01-1.62748E+00-3.74677E-02-1.20153E-01-3.74670E-02
 -1       758-2.63582E-02-5.36584E-02 4.20309E-01 7.09120E-02 7.41853E-02 2.22741E-01
 -1       759 2.00395E-01 6.66611E-04 1.01788E-01 1.01695E-01-5.82792E-02 5.33900E-01
 -1       760 1.75283E-01-2.08414E-02 1.40382E-01 1.09849E-01-9.98747E-03 3.24818E-01
 -1       761 3.03542E-01 1.03640E-02 1.34488E-01-1.66497E-02-2.08463E-02-2.29197E-02
 -1       762 1.72325E-01-1.93168E-02 3.03628E-01 1.05499E-01 4.01680E-02 3.36918E-01
 -1       763 3.24697E-01-4.86117E-03-3.83149E-01-4.60726E-02 1.15893E-01 4.01548E-01
 -1       764 1.87036E+00 2.56744E-01 6.06538E-01 7.37602E-01 2.90753E-01 1.78815E+00
 -1       765 5.90998E-01 1.14780E-01-1.07574E+00 3.23026E-02 2.30880E-01 2.97896E-01
 -1       766-1.02382E-01 2.64545E-02-2.31873E-01-9.13230E-02-3.41163E-02 5.27834E-01
 -1       767-8.08601E-02-2.13855E-01 1.04919E+00 1.59971E-01 1.53495E-01 6.65206E-01
 -1       768 9.88585E-02 3.33984E-01 1.13689E+00-2.86307E-01 2.95861E-01 2.62756E-01
 -1       769 1.81991E-01-1.53280E-02-2.26228E-02-3.72178E-02-2.01057E-02 1.52862E-01
 -1       770-1.35790E-01 3.81707E-01 1.23493E+00 2.04368E-01 1.64936E-01 7.86099E-01
 -1       771 5.73799E-01 2.94537E-01 1.05568E+00 8.71420E-01 3.55247E-01 1.64287E+00
 -1       772 1.24455E+00 8.49009E-01 1.45357E+00 1.07297E+00 1.01771E+00 2.67559E+00
 -1       773-9.02772E-01 8.76254E-01 2.60191E+00-3.95088E-01 4.29962E-01-3.79724E-02
 -1       774-1.36023E-01-8.41627E-02 2.27569E+00 3.16373E-01 6.13516E-01 9.33257E-01
 -1       775-2.12026E-01-1.63451E-01 8.61389E-01 2.22800E-01 2.57621E-01 4.00496E-01
 -1       776 7.15823E-01 6.92615E-02 1.96635E+00 7.21960E-01 4.95734E-01 2.06067E+00
 -1       777-4.21683E-01-2.33804E-02 3.86546E+00-6.12108E-01 6.39234E-01 2.94051E+00
 -1       778 5.06091E-01 6.49716E-02 1.69728E-01-8.01613E-02-3.61937E-02 1.07264E-01
 -1       779-8.28860E-02-2.73630E-02-1.45400E-01-3.85370E-02-1.94088E-02 3.00865E-01
 -1       780 4.35462E-01 9.42334E-03 4.25705E-02 9.73157E-02-1.15230E-01 3.79023E-01
 -1       781-1.71010E-01-5.26582E-02-1.09974E-01 2.65096E-02-1.18839E-01 6.63427E-01
 -1       782 2.63736E-01-1.01653E-01-4.18274E-01 3.96757E-01-2.52893E-01-4.75783E-01
 -3
    1PSTEP                         3           1           1          
  100CL  101 1.000000000         782                     0    1           1
 -4  TOSTRAIN    6    1
 -5  EXX         1    4    1    1
 -5  EYY         1    4    2    2
 -5  EZZ         1    4    3    3
 -5  EXY         1    4    1    2
 -5  EYZ         1    4    2    3
 -5  EZX         1    4    3    1
 -1         1 6.57827E-05-1.73006E-05-1.30740E-05-3.84000E-05-1.13072E-06-1.81223E-05
 -1         2-5.87777E-05 3.60875E-06 1.56678E-05 4.44127E-05-1.82475E-05 4.13019E-05
 -1         3-5.12348E-05 3.30893E-05 4.84569E-05 1.90423E-05 1.21909E-05 5.39127E-05
 -1         4-5.13033E-05-7.12709E-05-5.26049E-06-2.76586E-05-9.72787E-07 8.71224E-05
 -1         5 8.48143E-05 8.58991E-05-2.87309E-04 9.51896E-07 1.81141E-05-5.56115E-05
 -1         6 8.03639E-05 7.79487E-05-2.64755E-04-1.14541E-06 2.84750E-05-2.21143E-05
 -1         7-1.26975E-05-1.24587E-05 3.94601E-05 1.60558E-06 1.02050E-05 3.61327E-05
 -1         8-1.96015E-05-1.60221E-05 5.82709E-05-3.52489E-06 4.59638E-05 4.02595E-05
 -1         9 6.40336E-06 1.01664E-05-3.40647E-05 2.63731E-06-4.62698E-05-4.20973E-05
 -1        10 1.10813E-05 2.24691E-06-1.50898E-05-5.01794E-07-1.19033E-05-3.44469E-05
 -1        11-8.68987E-05-8.85269E-05 2.88593E-04 3.60313E-06-2.92690E-05 2.05599E-05
 -1        12-9.11251E-05-9.47947E-05 3.11921E-04-1.31034E-06-1.67338E-05 5.68767E-05
 -1        13 2.74743E-06-7.45117E-07-9.55991E-07 5.20743E-07-6.88845E-09-4.31649E-07
 -1        14-6.41303E-07 1.66713E-07 1.18734E-07 6.56545E-07-4.37136E-08 7.91237E-07
 -1        15 5.87554E-05-1.97712E-05-9.96564E-06-5.90909E-05-9.12403E-06-1.43206E-05
 -1        16-2.71818E-06-1.78630E-05-4.52710E-05-2.92295E-05 2.24723E-05 5.46826E-05
 -1        17 3.74723E-05-4.40472E-06-4.70628E-05-1.27114E-05 4.76681E-05-2.80192E-06
 -1        18 1.54124E-05-3.02397E-05 4.02698E-05-5.27050E-06 8.95881E-06 3.77312E-05
 -1        19 3.11494E-05-2.35478E-05-1.61056E-05-8.89920E-06 9.06112E-06 3.19310E-05
 -1        20 1.12475E-04-4.21519E-05-4.25006E-05-2.46718E-05-8.25487E-07 2.41392E-06
 -1        21-5.70543E-06-2.16550E-05 8.31086E-06 4.56005E-05-1.70052E-05 1.52864E-05
 -1        22-5.12305E-06-2.12101E-05 1.35290E-06 2.30302E-05 4.86408E-05 7.35807E-05
 -1        23-4.87814E-05-2.63283E-05 7.44865E-05-6.75153E-05-4.36913E-05-1.71218E-05
 -1        24 3.39217E-05-3.55876E-05 1.97553E-06-4.76603E-05-2.57610E-06 1.15611E-05
 -1        25-1.85563E-05-2.37886E-05-5.71905E-06 3.00717E-06 3.84364E-05-3.74640E-05
 -1        26 2.64789E-05-2.60675E-05-2.03961E-05-7.17332E-05-5.22553E-06 3.74689E-06
 -1        27 2.59978E-05 1.89546E-06-6.54026E-05-2.06264E-05-3.51944E-06 1.53264E-05
 -1        28 3.41462E-05 3.19047E-06-4.94214E-05-1.31742E-05 3.92430E-05-3.37260E-06
 -1        29-2.05285E-05-4.01329E-06 2.48713E-05-3.69642E-05 2.44153E-05 2.23975E-05
 -1        30 5.21764E-05-2.04909E-05-1.73752E-05 1.79009E-05 2.57363E-05 4.08915E-05
 -1        31 7.07630E-05-1.86128E-05-2.86662E-05 1.08510E-05-4.84518E-06 1.59076E-05
 -1        32 5.49117E-05-3.51895E-05-4.21648E-06 3.72690E-05-2.44938E-05 7.72184E-06
 -1        33 3.84595E-05-2.65105E-05-1.06948E-06 2.01826E-05-2.66040E-05 5.35042E-05
 -1        34-1.52586E-05 2.93184E-05 3.12867E-05-1.18843E-05 5.71957E-05 3.05072E-05
 -1        35 3.53718E-06-5.13662E-05 5.10399E-05-8.96489E-05-4.46068E-05-1.56774E-05
 -1        36 9.32799E-05-2.48688E-05-2.58047E-05 1.72255E-05 5.46952E-06 1.42555E-05
 -1        37 4.49408E-06-2.17059E-05 2.72472E-05-3.34543E-05 3.04703E-05-3.34062E-05
 -1        38 3.17334E-05-1.93529E-06-1.53378E-05-7.94505E-06-1.04686E-05 9.64664E-07
 -1        39-1.00869E-05 1.63877E-06 2.02371E-05-3.78480E-05-2.19980E-07 1.06222E-05
 -1        40 1.49437E-05-1.07169E-05 4.41861E-05 2.57503E-06 1.03538E-05-3.92991E-05
 -1        41-2.56765E-05 2.72611E-05 3.87588E-05 3.58164E-06 1.37040E-05-3.71977E-06
 -1        42-1.43144E-05 1.68877E-05 4.95098E-06 1.36756E-06 1.13000E-05-6.38055E-06
 -1        43 2.72091E-05-2.05086E-06-2.12850E-05-1.99995E-05 1.34092E-05 4.03806E-05
 -1        44-5.56972E-05-5.00290E-06 3.57668E-05 2.88869E-06 1.00693E-05 1.48222E-05
 -1        45-1.22206E-06 1.62630E-05 8.41918E-06-1.06325E-05-4.76517E-06 1.07430E-05
 -1        46-2.82017E-05 2.49857E-05-2.92188E-05 4.06349E-05 3.41670E-05 1.02054E-05
 -1        47 2.00066E-05 4.30194E-05-4.57124E-05-7.73070E-06 3.77352E-05-1.51957E-05
 -1        48 2.21457E-05 4.32138E-05 3.60566E-05-1.53063E-05-1.34299E-05 1.01124E-04
 -1        49 4.35001E-05-5.70594E-05 4.98259E-05 4.92704E-05 2.66689E-05 5.59687E-05
 -1        50-2.03608E-05 4.65603E-06-7.99357E-06 1.33495E-05-1.28199E-05 1.81824E-05
 -1        51-3.19840E-05-3.38156E-06 3.82459E-05-5.91592E-06-4.98547E-06-9.47712E-06
 -1        52-9.27494E-06 2.95027E-05 2.84135E-05-8.74538E-06 1.80169E-05-3.89146E-05
 -1        53-4.32185E-05-7.26893E-06 1.69939E-05-4.29149E-06-3.33158E-06 5.23513E-06
 -1        54-3.01098E-06 3.10040E-06 4.52813E-06-4.34778E-06 1.16398E-05-8.39584E-06
 -1        55 8.29113E-06-6.43974E-06-5.24063E-07-2.07296E-06 6.47116E-06 5.18353E-05
 -1        56-1.14325E-05-1.02121E-05 2.10624E-05 1.24242E-05-2.42839E-05-5.56412E-07
 -1        57 2.25417E-05 2.03382E-05-4.85778E-05-3.87418E-06-2.10459E-05 6.52005E-06
 -1        58-4.04250E-06 3.43581E-05-5.51201E-05 1.88711E-05 5.67058E-05-4.83788E-06
 -1        59 5.68285E-05 4.65958E-05 1.11758E-05-4.41410E-06-2.71179E-05 7.24184E-05
 -1        60 3.90545E-05-1.31253E-05 4.51179E-05 4.00124E-05 1.06398E-05 8.16671E-05
 -1        61 3.21163E-05-4.41002E-05 2.30219E-05 6.71667E-05 1.54656E-05 1.93580E-05
 -1        62 1.44488E-04-4.92412E-05-2.13180E-05 2.24600E-05-1.21452E-05-5.54606E-05
 -1        63 4.78105E-05-2.43067E-05 6.04713E-05-1.24215E-05-8.48574E-06-1.49660E-04
 -1        64-4.99458E-05-1.29692E-06 3.23581E-05 9.25755E-06-1.60532E-05 2.36409E-05
 -1        65-3.36229E-05 3.39526E-05-4.29402E-05-9.90915E-06-2.10873E-05-6.91784E-05
 -1        66-1.20761E-05 4.19342E-06-5.01553E-05-2.21594E-05-8.78755E-06-3.31587E-05
 -1        67 1.40517E-04-5.68955E-05-3.69673E-05-3.68443E-05 1.46860E-05-5.37601E-06
 -1        68 8.32705E-05-5.10677E-05 8.59831E-06-2.22767E-06 2.72351E-05-1.04197E-04
 -1        69-8.37259E-05 1.71872E-05 1.03454E-04 9.10543E-05 8.54676E-06-1.05222E-05
 -1        70-1.28876E-05-7.42650E-05 6.48747E-05 8.02755E-07-1.86923E-05-3.75920E-05
 -1        71 9.33833E-05-1.89613E-05-5.17430E-05 1.77592E-05-2.33363E-05-5.57452E-05
 -1        72-1.54665E-04 2.59920E-05 3.36742E-05 2.59446E-05-1.69008E-05-9.65137E-05
 -1        73 2.48245E-04-3.21665E-05-2.72390E-05 9.47965E-05 7.63606E-05 5.99712E-05
 -1        74 1.99539E-05-5.76990E-06 1.00271E-05 3.10536E-05-1.32137E-05-8.27595E-05
 -1        75 2.64244E-05-2.79936E-05 1.46857E-05-4.08219E-05-6.23266E-05-6.90246E-05
 -1        76 2.04935E-06 3.78815E-05 4.86900E-05 9.54312E-06-1.50616E-05-4.64083E-05
 -1        77-1.38545E-04 3.20073E-05-5.61401E-05-5.87659E-05-1.34064E-05-9.27235E-05
 -1        78 1.08770E-04-4.50489E-05-5.76301E-05-1.51726E-05 1.40074E-06-1.87951E-05
 -1        79 2.63005E-04-1.10135E-04-1.32196E-05 1.06524E-05 1.60355E-05-4.49368E-06
 -1        80 5.84977E-05-4.19942E-05 5.19542E-05 3.72424E-05 6.16550E-06-4.16766E-05
 -1        81-1.99539E-05-5.37779E-06 1.03890E-04 2.95235E-05-1.41765E-05-4.33588E-05
 -1        82 5.19081E-05-8.16969E-05-1.39808E-05 4.31595E-05-3.30000E-05-3.71198E-05
 -1        83-6.62518E-07 2.61132E-05-4.84775E-05-3.17527E-05-9.25035E-06-1.00773E-04
 -1        84-3.00518E-04 1.19287E-04 4.90854E-05-9.36206E-05-2.00664E-05 7.67980E-07
 -1        85 9.37393E-05-3.39432E-05 1.46032E-05-3.64082E-05-5.05160E-06-3.57780E-05
 -1        86 7.10013E-05-8.10774E-05 7.83364E-05 1.23195E-05 1.24290E-05-7.21885E-05
 -1        87-1.28508E-05-2.46665E-05 1.36835E-04 3.29480E-07-3.93447E-05-1.89492E-05
 -1        88-2.44757E-06-2.43315E-06 3.36447E-05-1.30772E-05-6.34588E-06 1.28394E-05
 -1        89-9.07610E-05 3.08032E-05 2.48174E-05-2.43323E-05-1.10080E-06-5.02931E-05
 -1        90-3.92427E-05 2.37827E-05-7.64240E-06-1.20838E-05-3.71602E-05-1.09433E-05
 -1        91 3.79924E-05-4.65664E-06 4.18797E-05-8.96487E-07 1.16635E-05-7.97149E-06
 -1        92 8.19258E-05-1.43380E-05 6.11983E-05-4.19724E-05 1.30963E-05-7.21953E-05
 -1        93-6.94989E-05 5.42080E-05-3.23614E-06-1.58174E-05-1.65469E-05 2.02857E-05
 -1        94-1.18937E-04 7.25932E-05-1.33815E-05-7.19881E-05-1.68744E-05 2.04325E-05
 -1        95 6.97894E-05-1.47497E-05 3.13189E-05-7.50296E-06-5.01151E-05 6.13290E-05
 -1        96 7.46239E-05-4.88320E-05-1.45533E-05-6.44118E-05-1.00849E-05 6.67329E-05
 -1        97 1.12194E-04-7.92623E-05 8.96244E-05-1.01243E-04-1.58440E-05-5.93889E-05
 -1        98 4.54847E-05-6.62281E-05 1.46030E-04 3.68316E-05-2.04405E-05-3.53817E-05
 -1        99-5.00728E-05-3.60620E-05 1.36731E-04-1.16856E-05-1.30690E-05 6.28982E-05
 -1       100-5.47902E-05 2.18337E-05 2.73580E-05-4.56970E-06-1.64171E-05-2.76362E-05
 -1       101-1.01281E-04 6.25511E-06-1.69573E-05-2.10896E-05-7.20538E-06-3.76497E-05
 -1       102-5.60637E-05 4.07281E-07-2.39383E-05-3.91928E-05-7.44954E-06 1.55893E-05
 -1       103 6.04861E-05-1.98549E-05 8.16443E-05-2.81790E-05 4.05324E-05-1.74743E-05
 -1       104-2.21011E-05 5.54989E-06 1.77793E-05-1.44700E-06-3.46065E-05 5.00897E-05
 -1       105 7.84323E-06 1.62654E-05-3.82083E-05-4.99283E-05-8.77587E-06 3.45687E-06
 -1       106-8.25043E-05 4.36564E-05 2.67946E-05-6.06832E-05-3.08522E-05 1.87433E-06
 -1       107 1.67558E-05-5.57959E-05-3.57058E-05 1.46592E-05-1.13113E-05 5.43084E-06
 -1       108 2.11653E-04-1.65363E-04-4.31376E-05-8.73812E-05 6.33899E-05 1.25423E-05
 -1       109-3.66641E-05 2.40618E-05 6.25141E-05-1.53572E-04-3.38015E-05 3.78025E-05
 -1       110-8.88760E-05-1.50312E-04-1.97043E-05-6.97416E-05 4.42233E-05 8.74748E-05
 -1       111-8.14352E-06 1.79074E-05-4.99542E-06-1.48737E-04-1.84697E-05 3.18368E-06
 -1       112-1.37809E-06 3.46737E-06 9.78600E-05-6.93699E-05 1.22505E-05 3.97411E-05
 -1       113 8.20966E-05 8.28896E-05-2.76243E-04-1.25253E-08 1.70306E-05-3.95740E-05
 -1       114 3.63899E-05 3.66160E-05-1.23537E-04 3.99634E-06 1.36690E-05-7.07711E-06
 -1       115-1.66148E-05-1.43095E-05 4.83990E-05-1.20004E-06 2.27668E-05 3.48761E-05
 -1       116 3.12524E-05 3.11380E-05-1.02476E-04-9.77462E-07 4.85420E-05 1.26917E-05
 -1       117 8.56883E-06 7.25670E-06-2.40768E-05-1.28327E-07-2.43487E-05-3.46979E-05
 -1       118-3.35317E-05-4.32907E-05 1.26473E-04 2.43754E-06-4.99094E-05-1.36800E-05
 -1       119-8.82649E-05-9.24420E-05 3.00559E-04-9.95032E-07-1.55911E-05 4.00105E-05
 -1       120-4.17525E-05-4.62943E-05 1.47963E-04 1.30480E-07-1.43398E-05 8.97268E-06
 -1       121 4.59087E-05 4.11580E-05-1.40152E-04-4.71899E-08 2.79359E-06-2.88981E-05
 -1       122 4.24942E-05 5.02534E-05-1.60911E-04-2.03626E-06-9.33924E-07-5.18976E-05
 -1       123-5.65363E-05-5.67746E-05 1.85327E-04-5.33525E-07 2.32434E-07 5.07660E-05
 -1       124-5.21676E-05-4.75976E-05 1.64338E-04 4.56881E-06-1.99372E-06 2.87102E-05
 -1       125 2.10097E-06-1.02474E-06 2.06948E-07 8.49464E-08-9.98993E-09-2.04752E-06
 -1       126 1.13514E-07-6.59634E-07 1.51040E-06-2.94656E-07 4.22707E-07-1.72885E-06
 -1       127 1.20067E-07 2.44544E-07-4.99376E-07-6.25204E-08 9.07836E-07-1.19544E-06
 -1       128 4.28734E-06 3.23824E-06-1.36719E-05 8.09714E-07 2.59988E-06-3.35584E-06
 -1       129 7.81234E-07 5.33831E-06-4.79525E-06 1.53145E-06 4.61632E-06 7.09540E-07
 -1       130-6.95598E-06 4.72327E-06-2.53305E-06-1.89745E-06-1.44536E-06-9.98179E-06
 -1       131-8.67153E-06-2.74154E-06 3.33341E-06-1.66509E-05-5.33700E-06-1.10909E-05
 -1       132-1.88475E-05 5.60703E-06 3.61357E-06-5.92512E-06-4.49939E-06-2.25033E-05
 -1       133 1.56990E-06 5.56663E-06-1.33705E-05-3.53487E-06-4.33175E-06-9.10821E-06
 -1       134-1.41301E-06 2.30620E-06-2.79180E-06 1.02120E-06 1.20531E-06-3.44847E-06
 -1       135 6.64372E-07-1.02107E-07-5.03459E-07 6.79923E-07 3.24476E-07-2.29062E-07
 -1       136 2.61872E-06-8.30758E-07-5.67629E-07 3.24755E-07-1.81775E-09-1.21285E-06
 -1       137 1.11529E-06-8.24170E-07 7.21612E-07-7.87506E-08 3.53617E-07-1.90246E-06
 -1       138-7.79277E-10-2.76000E-07 9.22303E-07-1.94341E-07 6.15095E-07-1.34381E-06
 -1       139 1.10469E-06 1.54161E-06-4.60466E-06 2.35057E-07 9.20923E-07-1.58342E-06
 -1       140 3.03593E-06 7.15059E-06-2.11998E-05 2.64283E-06 1.13014E-05 4.53438E-06
 -1       141-3.15595E-06 3.12812E-06-2.42951E-06 3.55654E-08-2.31353E-07-4.46468E-06
 -1       142-9.14838E-06 2.84150E-06 1.24171E-06-7.66918E-06-3.35462E-06-1.01338E-05
 -1       143-2.79861E-06-6.05747E-06 6.15990E-06-6.56599E-06-4.53661E-06-1.84069E-05
 -1       144-1.26352E-06 8.96557E-06-1.58897E-05-3.03140E-06-1.07093E-05-1.32905E-05
 -1       145 2.27789E-07 2.60484E-06-5.31478E-06-1.03642E-06 8.15684E-07-5.10071E-06
 -1       146-2.79678E-07 7.59331E-07-8.63308E-07 7.31768E-07 5.84980E-07-1.20803E-06
 -1       147 1.65958E-06-5.03170E-07-5.84645E-07 3.98022E-07 2.65924E-07-9.90547E-08
 -1       148 1.01846E-06-3.03031E-07-4.12855E-07 7.91194E-07-1.69144E-08 3.22601E-07
 -1       149-1.25989E-06 4.30503E-07 4.27784E-08 2.38267E-07-1.23453E-07 1.07580E-06
 -1       150-5.90773E-07 6.42575E-07-9.55166E-07-8.74456E-08 7.51850E-08 1.60138E-06
 -1       151 4.51560E-07 1.43902E-08-1.29887E-06-2.82646E-08 5.56411E-07 4.82764E-07
 -1       152 3.40778E-06 4.32391E-06-1.14351E-05 3.33368E-07-3.76631E-06-3.87992E-06
 -1       153 4.66290E-06-8.92711E-07-7.62372E-07 2.23983E-07-1.87649E-06 5.38106E-06
 -1       154 8.88348E-06-3.01767E-06-2.96449E-06-4.29673E-06-2.96220E-06-2.98680E-07
 -1       155 7.00600E-05-2.45992E-05-8.68161E-06 1.61717E-05 2.12395E-05 2.70092E-05
 -1       156-1.38898E-05-2.93569E-05 8.47442E-05 6.66568E-06 8.98022E-07 3.09881E-05
 -1       157-1.26592E-06-3.99243E-06 9.47280E-06-1.18496E-06-2.19696E-06 3.83657E-06
 -1       158-1.63635E-07-1.57586E-06 3.33608E-06 1.24877E-07 4.97265E-07 2.67518E-06
 -1       159-2.20886E-07-3.58190E-07 9.74432E-07 6.39086E-07 3.42622E-07 9.37154E-07
 -1       160-8.62330E-07 3.50432E-07 2.26757E-07 3.95368E-07-3.95572E-08 8.41215E-07
 -1       161-8.24247E-07 6.05086E-07-4.69931E-07 2.30270E-07-6.76604E-08 1.36003E-06
 -1       162 2.94281E-07 5.91936E-07-1.41463E-06 1.21980E-07 3.23915E-07 8.83051E-07
 -1       163 1.39945E-06 1.16386E-06-4.42937E-06 2.79117E-07-8.80161E-07-8.48288E-08
 -1       164 3.43143E-06 2.34981E-06-7.95088E-06-2.48935E-07-4.70216E-06 2.57210E-06
 -1       165 6.12705E-06-2.40161E-06-1.03318E-06-9.93307E-07-2.22954E-06 1.67344E-06
 -1       166 2.62817E-05-1.19115E-05-4.80500E-06-6.10922E-06-2.57373E-06 7.20173E-06
 -1       167 8.79933E-05-5.70252E-05 8.13300E-05 6.58279E-05 6.20489E-05 8.32252E-05
 -1       168-7.64229E-06-8.10752E-06 2.65753E-05 3.22011E-07-7.59409E-06 9.06052E-06
 -1       169-1.55787E-06-2.32972E-06 6.54791E-06-1.06267E-06 2.49086E-09 2.85153E-06
 -1       170 3.57772E-07-8.79789E-07 1.71633E-06 4.18397E-07 6.93697E-07 1.82689E-06
 -1       171-5.42891E-07-7.79942E-08 6.08006E-07 4.85506E-07 8.41362E-08 7.70239E-07
 -1       172-1.10991E-05 4.66768E-06 4.47435E-06-3.34494E-07 2.39090E-06 3.32489E-05
 -1       173-4.50388E-05-1.93307E-05 3.50381E-05-8.13090E-06 1.83996E-05 1.58893E-05
 -1       174 6.95660E-05-3.06948E-05-8.92729E-06-2.77268E-05 4.31269E-06 1.85257E-05
 -1       175 4.35457E-06-5.17187E-05 2.13203E-05 2.94410E-05 2.34174E-05 5.66915E-06
 -1       176-1.65565E-05-3.46743E-06-2.35326E-05-5.88340E-05 3.66362E-05-3.27329E-06
 -1       177-6.23353E-05 2.33795E-05 6.19454E-06-2.88301E-05 2.92544E-05 2.85286E-05
 -1       178 2.54547E-05-5.71953E-06-1.81988E-05-1.20764E-05 4.42672E-05-2.68912E-05
 -1       179 6.08255E-05-2.92792E-05 1.44209E-06-1.81672E-05 5.82013E-05 6.84894E-06
 -1       180-2.02290E-05 6.74351E-06 1.98250E-05-1.58038E-05 8.04475E-06 4.71958E-06
 -1       181 1.81778E-06 3.70236E-06 8.28259E-06-3.49343E-06 1.31349E-05 1.39185E-05
 -1       182-2.22066E-05-6.92984E-07 1.51472E-05-2.42421E-05 9.78486E-06 1.16774E-05
 -1       183 2.82276E-05-7.61564E-06-2.04805E-05-1.57001E-05 9.81529E-07 3.14320E-05
 -1       184 5.11388E-05-1.81708E-05-4.66052E-05-2.12836E-05 7.49655E-06 1.75119E-05
 -1       185-2.70609E-05-1.03072E-05 2.74265E-05 3.94676E-05-1.20688E-05-7.84907E-07
 -1       186 2.65072E-05-2.30381E-05-8.68296E-06-1.80312E-05 2.90235E-06 1.11477E-06
 -1       187-4.44767E-06-4.10624E-07-1.62987E-05 3.55459E-05-2.74173E-05-5.37089E-06
 -1       188-1.42750E-05-7.70437E-06-6.73276E-06 3.68913E-05 4.55309E-05 2.24011E-05
 -1       189-1.18845E-05-3.64019E-06 1.04628E-05 2.27763E-05-1.08183E-05 2.10500E-05
 -1       190-7.20627E-06 1.77650E-05-3.54157E-06 2.26162E-05 4.83634E-05-5.44605E-07
 -1       191-1.03340E-05 5.74746E-06 4.02723E-05-7.83590E-05-4.80403E-05 1.38662E-05
 -1       192 7.14521E-06 2.30108E-05 2.13639E-05-1.70897E-05-1.39189E-05 6.92992E-05
 -1       193-2.01223E-05 2.06672E-05 1.46801E-05-4.67922E-05 5.28810E-06-2.52487E-05
 -1       194-1.03939E-05 9.85140E-06 2.23117E-06 2.85784E-05 1.42410E-05 2.41679E-05
 -1       195 3.60910E-05-3.84229E-05-9.60554E-06-2.31040E-06-2.10197E-05-3.69499E-05
 -1       196 1.14829E-05-7.67387E-06 1.50352E-05 5.81406E-06-2.14769E-05 1.74807E-05
 -1       197-5.11984E-06 4.48787E-05-5.32185E-05 1.40608E-05 4.28342E-05-8.37754E-06
 -1       198-4.42159E-05 3.87783E-06-1.40580E-05-1.20614E-05 1.10559E-05-1.51933E-05
 -1       199 4.42454E-05-7.45068E-06 4.57664E-05-5.11711E-06 7.84950E-06-1.04555E-05
 -1       200 3.28659E-05-1.67733E-05 4.71352E-05-1.82311E-05-4.72140E-06-4.14227E-05
 -1       201 4.55161E-05-3.56797E-05-4.70094E-06-1.59903E-05-4.50931E-05-1.53846E-05
 -1       202 2.28177E-05-9.10257E-06 6.99423E-06-2.55171E-06 2.04885E-06-3.63730E-05
 -1       203-1.38698E-06-4.89775E-06 3.17586E-05-1.11501E-05 4.03896E-06-6.03381E-05
 -1       204 3.53719E-05-1.26988E-05 1.79312E-05-4.06499E-07-2.23451E-05-3.73490E-05
 -1       205 7.81306E-05-4.90536E-05-3.42634E-06 4.96824E-06-1.11577E-05 6.20081E-05
 -1       206 5.52389E-05-3.02052E-05-6.61531E-05-2.15614E-06 1.15197E-05-6.54056E-05
 -1       207 9.17699E-05-3.01126E-05-2.49341E-05-5.30431E-05-2.39505E-05-3.48195E-05
 -1       208 2.64409E-06-1.66792E-05-6.45875E-06-9.81663E-06 9.54517E-06 2.40745E-06
 -1       209 1.11000E-05 2.40523E-05-5.86187E-06-4.36929E-05-2.21927E-05 3.28477E-06
 -1       210-5.80881E-05 4.47697E-05 7.52825E-07-1.70616E-05 1.32456E-05-4.75830E-06
 -1       211-3.73648E-05-8.28990E-06-2.33729E-05-1.02171E-05-4.37691E-06-6.14713E-05
 -1       212-1.26931E-04 6.87824E-06 1.71481E-05 5.29566E-05 1.66639E-05 4.03064E-05
 -1       213 1.87474E-04-7.51243E-05-7.73394E-06 2.83482E-05-4.18045E-06-2.29176E-05
 -1       214-7.70041E-05 2.93043E-05-2.62487E-06 1.07952E-04 3.73730E-05-7.08867E-05
 -1       215-1.03726E-04 6.78338E-06 1.36244E-06 8.75808E-05 1.63393E-05-2.42043E-05
 -1       216 4.51885E-05-3.73938E-05-5.45755E-05-3.52440E-05-1.56366E-05 3.36877E-05
 -1       217 4.01843E-05-2.08782E-05-8.08091E-07-2.41711E-05-4.64568E-06-3.67011E-05
 -1       218 1.47815E-04-5.94285E-05-7.84138E-06 5.78033E-06-1.69924E-05-6.25856E-06
 -1       219 3.81000E-05-1.13240E-06-3.82239E-05 1.02153E-05 5.63042E-05 8.82787E-06
 -1       220 1.68481E-05-2.29833E-05-1.99680E-05-1.91737E-05-1.06503E-05 6.04990E-06
 -1       221 7.82660E-05-5.09173E-05-3.91107E-05-1.03952E-05-1.56543E-05-4.62038E-06
 -1       222-1.53647E-05-2.62877E-05 6.21618E-05 4.46861E-06 7.83385E-06-2.23357E-06
 -1       223 3.14326E-05 5.03070E-07-3.15123E-06-6.57133E-06 1.68320E-05-4.06523E-05
 -1       224 6.35498E-05-1.63598E-05-3.08184E-05 1.07569E-05 6.74439E-06-7.27306E-05
 -1       225 1.17251E-05-2.11577E-05 1.49813E-06-5.55226E-07-7.20621E-06-7.57195E-07
 -1       226-2.73930E-05-1.48895E-05 4.65030E-05 3.11267E-06-4.41717E-06-4.18215E-06
 -1       227-6.03273E-05-8.86178E-06 7.73644E-05 6.58960E-07-7.80822E-07 7.80716E-06
 -1       228 5.71586E-05-1.58830E-05-1.80324E-05-3.50117E-05-2.59887E-06-1.07286E-05
 -1       229 4.21573E-05-7.66942E-06-8.44064E-06-1.16824E-05 1.79001E-06-2.03199E-05
 -1       230-1.03598E-05-1.30066E-05-9.08424E-06-1.28232E-05-9.80246E-06-3.87226E-05
 -1       231 1.00888E-05-1.47448E-05 1.28228E-05 3.20345E-05-1.36470E-05-1.91843E-05
 -1       232 1.16202E-04-5.20821E-05-1.60050E-05-1.40397E-06-1.75047E-06-1.96147E-05
 -1       233 5.00861E-05-1.10777E-05 1.55832E-06-1.84756E-05-5.45654E-06-2.38176E-05
 -1       234 7.27515E-06-2.62158E-05 5.51172E-06 9.56641E-06 6.91164E-06 3.06098E-05
 -1       235 1.80885E-05-4.29742E-05 1.26931E-05 2.88202E-06-9.57522E-06 4.70147E-07
 -1       236 2.21025E-05-8.86418E-06 3.51439E-05 2.86531E-06-3.85789E-05-1.64475E-05
 -1       237 2.08230E-06-5.82802E-06 5.85381E-05-3.11736E-05-3.66478E-05 1.62817E-05
 -1       238-2.03169E-05-1.64274E-05 2.40222E-05-2.13944E-05 4.64125E-05 3.77705E-05
 -1       239 3.81777E-05-3.78044E-05 2.04224E-05-1.69242E-05-1.08176E-06-3.96009E-05
 -1       240 4.22324E-05-3.33553E-05 1.68145E-06 6.71043E-06-1.01521E-05-2.59989E-05
 -1       241-5.25903E-05-3.61316E-05 1.13518E-04-1.09836E-05-3.93642E-05-2.24276E-05
 -1       242 3.29352E-05-1.26195E-05 1.06868E-04-2.31451E-05 1.86879E-06-3.34688E-05
 -1       243 3.06878E-05-1.46067E-05-4.98626E-05 3.86521E-06 2.16645E-05-2.57096E-05
 -1       244 4.23605E-05-4.76903E-05-2.56694E-05 9.83135E-06 1.18276E-05 1.97686E-05
 -1       245-3.02276E-05-1.81660E-06 1.18681E-05 1.50741E-05-6.36427E-06-2.13745E-05
 -1       246-3.98089E-05 4.28793E-05-3.41513E-05-3.70661E-06 3.14289E-05-3.72116E-05
 -1       247 9.78367E-05-1.77955E-05-2.18440E-05-1.20289E-05-3.51173E-05 2.54273E-05
 -1       248 7.08258E-05-2.97989E-05 2.62340E-05 8.49766E-05-1.54269E-05 4.15601E-05
 -1       249 9.47700E-05-5.21228E-05-5.83042E-05-4.53947E-05 2.47554E-05-1.14738E-04
 -1       250 9.54584E-05-7.24118E-05-5.10492E-05-1.04405E-05 1.41447E-05-4.72179E-05
 -1       251-7.02491E-05 1.59431E-05 5.21101E-05-4.97029E-06-3.73857E-06-6.24637E-06
 -1       252-2.50827E-05-8.74833E-06 3.96507E-05-1.63701E-05-1.55398E-05-4.56918E-05
 -1       253-4.61664E-05 1.85075E-05 2.75699E-05 3.87240E-06-1.97117E-05-2.22372E-05
 -1       254 7.02610E-05-9.95807E-06-2.09574E-05-2.80425E-05-2.67556E-05 2.63833E-05
 -1       255-8.88644E-07-5.30219E-06-2.38101E-05-1.55899E-05-2.06663E-07-3.98682E-05
 -1       256 4.71160E-05-1.90683E-05 2.56451E-06-7.53895E-06 1.95674E-05-1.34892E-05
 -1       257 9.51074E-05-4.60358E-05-2.32338E-06-2.22372E-05-3.52713E-06-2.36115E-05
 -1       258 1.79953E-05-4.77977E-05 1.62637E-05 1.56459E-05 1.49792E-06-7.71454E-05
 -1       259 5.87004E-05-9.63183E-06-1.26954E-05 7.69553E-06-2.69308E-05-6.17287E-05
 -1       260-5.09603E-05-1.14989E-05 2.80501E-05 1.02716E-05-3.01937E-05-2.76543E-05
 -1       261 4.38120E-05 6.89107E-07 6.59593E-05 6.58535E-05 3.71326E-05 3.64588E-05
 -1       262 9.65942E-05-4.87038E-05 6.77212E-05-7.88278E-06-7.23797E-06-3.78289E-05
 -1       263-2.40379E-05-5.49332E-05 7.08966E-05-2.54753E-05-4.16556E-07-1.28318E-07
 -1       264 1.49789E-04-2.90103E-05-2.97741E-05 4.70580E-05-2.63212E-05-2.01219E-05
 -1       265-1.08373E-04 6.70294E-05-2.66437E-06-1.34922E-05 3.02785E-05-2.42123E-05
 -1       266-1.19670E-04 2.47422E-05 2.48926E-05-2.45813E-05-1.35353E-05-4.16278E-05
 -1       267 5.60578E-05-3.92312E-05 4.20589E-06-3.70597E-05-1.89406E-05 1.00509E-05
 -1       268 5.49581E-05 1.40382E-05-5.45567E-05 2.16318E-05 2.05318E-05 4.74568E-06
 -1       269 4.73623E-05-6.50700E-06 2.98438E-05 7.41260E-06 1.77712E-05 3.24241E-06
 -1       270-1.47414E-06 8.41836E-06 2.30186E-05 5.21485E-06 3.21625E-06 5.86494E-05
 -1       271 6.27210E-05 2.86995E-05-4.62646E-05 2.21302E-05 1.09483E-07-5.70273E-05
 -1       272-6.52295E-05 4.68626E-05 1.67102E-05 1.99513E-05-1.94792E-05-6.87617E-06
 -1       273-1.83364E-05 1.13296E-05 3.24636E-05-2.00253E-05-1.74556E-05-1.25573E-05
 -1       274 2.35600E-05-3.90182E-09-2.48191E-06 7.79317E-06-6.43667E-06-2.02198E-06
 -1       275-2.80027E-05-1.94422E-05 7.07864E-05 2.29773E-05 1.17390E-05-1.19297E-05
 -1       276-3.07609E-05-7.45926E-06 3.31522E-05 8.76835E-06 1.05818E-05-6.60147E-05
 -1       277-7.11730E-05-2.36713E-05 9.30519E-05-3.43863E-06-8.91647E-06-8.83366E-05
 -1       278 2.71508E-05-2.62516E-05 9.40876E-05-2.81397E-05 1.35985E-05 1.20331E-05
 -1       279 1.37778E-05-3.87688E-05-2.45460E-06 1.69638E-05-1.45344E-05 1.64604E-05
 -1       280 6.20304E-05-8.92896E-06 7.88086E-07-3.54931E-05-1.67918E-05 2.28710E-05
 -1       281 3.74896E-05-2.15078E-05 5.01213E-05 2.02564E-05 6.60063E-06 4.16797E-05
 -1       282-2.25921E-05 9.53888E-06 1.64410E-05 1.95326E-05-1.42210E-05 3.22185E-06
 -1       283 3.66855E-06 2.79306E-06 1.03312E-05-3.01197E-05 2.86755E-06-1.41526E-05
 -1       284 2.47090E-05-1.67933E-05-1.37674E-06-2.44477E-05-9.33972E-07-5.20072E-07
 -1       285 1.08987E-04-3.08857E-05 9.85103E-06-4.63494E-06-8.70673E-06 1.31988E-05
 -1       286 7.84500E-05-5.28068E-05 2.12554E-06 6.00117E-06 2.77314E-05 1.74253E-05
 -1       287 1.28051E-04-3.48860E-05 3.70654E-05 2.77232E-05 1.56600E-05 1.60878E-05
 -1       288-7.07164E-05 2.83241E-07 6.02562E-05-5.46335E-05 1.20780E-05-1.82587E-05
 -1       289 5.30064E-06-3.30279E-06 3.94050E-05-2.51943E-05-1.98931E-05-1.33678E-05
 -1       290-2.73913E-05-2.21022E-05 5.31610E-05-6.37249E-05-7.51059E-06-3.93007E-05
 -1       291-3.73625E-05-2.21193E-05 7.12225E-05 2.16429E-06 5.95061E-06-3.44565E-05
 -1       292-6.32967E-06-5.67263E-06 5.39512E-05 1.98545E-05 5.16132E-07-2.26835E-06
 -1       293 1.17832E-05-5.51798E-05 1.22144E-04 3.92201E-05 7.60589E-06-6.48932E-05
 -1       294-3.56501E-05 2.32650E-06 8.99375E-05 3.11086E-05 1.85890E-06-1.29605E-05
 -1       295-6.29302E-06 2.98258E-06 1.53253E-05 1.16028E-05 8.65430E-06-3.00422E-06
 -1       296-1.19424E-05-2.39873E-05 1.02515E-04 9.72670E-07 4.32172E-06 4.51899E-06
 -1       297 3.21494E-05 9.17235E-06-1.99094E-05-2.25997E-05 1.95758E-05-7.46692E-06
 -1       298 2.98702E-05 1.62453E-05-6.76238E-05-3.69675E-05 2.67422E-05 2.49176E-05
 -1       299-1.22711E-05-5.74117E-07 1.62736E-05 2.84331E-06 7.79614E-06 1.33561E-06
 -1       300-4.96160E-06 5.07170E-06-1.03348E-05-1.95081E-05 4.97565E-06 9.91956E-06
 -1       301-3.25799E-05 5.41475E-06 1.84341E-05-3.19047E-06 1.28426E-05 2.14324E-05
 -1       302 2.46892E-06 1.13730E-05-5.81392E-05 9.14371E-06 6.93663E-06-3.05094E-05
 -1       303-5.92753E-05-1.83599E-06 2.57863E-05-7.47517E-07 1.13558E-05-2.32513E-05
 -1       304-2.13673E-05 1.95566E-05 1.63925E-05-1.40117E-05 3.39186E-06-2.23315E-05
 -1       305 1.71960E-05-2.88040E-05 2.12961E-05 2.62916E-06 9.95606E-06-1.40511E-05
 -1       306-3.42350E-05 2.09706E-05 3.33851E-05-1.62966E-05 2.06713E-05-4.93217E-06
 -1       307-2.49886E-05 2.78693E-05-9.74198E-06 1.81214E-06 6.48609E-06-2.61522E-06
 -1       308-8.37386E-06-7.59230E-06 5.29884E-05-2.73920E-07 9.01965E-06-4.19446E-05
 -1       309-1.08508E-05 4.99579E-05-1.69043E-05-4.97196E-06 8.07903E-06 1.53444E-05
 -1       310 2.47555E-05 2.53682E-05-5.23346E-05-3.97689E-05 3.67208E-06-1.77091E-05
 -1       311 2.75483E-05 4.48195E-06-7.01949E-06-6.62303E-07-1.65495E-05-8.92059E-05
 -1       312-2.44254E-05 3.51270E-05-8.80836E-06 1.82506E-05-1.01261E-06-2.81429E-05
 -1       313-4.10774E-05 4.12653E-05 2.03685E-05-9.85205E-07-3.14557E-05 3.44750E-05
 -1       314-1.86808E-05 2.76590E-05-2.99829E-05 6.55186E-06 7.92630E-06-3.46245E-05
 -1       315-1.78762E-05 1.16607E-05 4.17766E-05-1.85069E-05-7.79667E-06 7.25180E-05
 -1       316-2.13324E-05-2.69536E-06 4.63028E-05 1.39737E-05 1.33535E-05 6.63772E-05
 -1       317-3.59243E-05 2.45371E-05 3.42001E-05 8.41401E-06-7.91470E-06 5.08961E-05
 -1       318 1.32892E-06 1.50565E-05 3.39435E-05 3.36630E-06-5.29357E-07 4.60331E-05
 -1       319 2.88946E-05-6.67858E-05 8.95086E-05 5.00818E-05-4.01202E-06-9.50169E-05
 -1       320-2.81674E-05-3.46950E-05 1.01484E-04-1.23228E-05-7.42568E-06-6.32476E-05
 -1       321-3.02097E-05-2.14241E-05 8.50951E-05-3.50917E-05 1.22608E-05 7.69030E-06
 -1       322 4.18987E-05-6.83434E-05 1.00163E-04-1.84210E-05 2.55074E-05-1.31914E-05
 -1       323-3.92581E-06-1.86522E-05 6.70166E-05-1.44914E-05 1.16720E-05-7.07765E-06
 -1       324 2.77690E-05-3.89291E-05 9.31634E-05 2.12156E-05-3.14080E-06-3.12424E-05
 -1       325 4.17600E-06 1.55674E-05 2.84547E-06 1.58148E-05 9.36403E-06 4.49109E-06
 -1       326 2.42157E-05 1.06178E-05-1.41623E-05 1.43677E-05 3.65964E-06 1.82122E-05
 -1       327 5.36924E-05 2.78594E-06 1.04433E-05 1.75666E-05-2.43840E-05 6.51315E-06
 -1       328 6.71171E-05 9.42851E-06-2.58268E-05 9.65925E-06-5.89170E-08-3.60503E-05
 -1       329-4.66049E-05-1.99954E-05 4.36401E-05 3.08464E-05-9.80253E-07-7.17332E-05
 -1       330 1.75103E-05-2.66743E-05 2.35240E-05-6.58135E-06-5.66518E-06-3.91946E-05
 -1       331-2.06327E-05 8.17667E-06 5.75508E-05-3.59331E-05-3.33446E-05-3.97417E-05
 -1       332-9.55735E-06-3.30006E-05 6.22793E-05 1.08027E-05-1.29114E-06 2.04271E-05
 -1       333 5.27327E-05 3.31331E-05-4.18991E-05 1.92619E-05-1.32037E-05 1.93609E-05
 -1       334 1.03004E-04-3.69277E-05-3.23394E-05 5.73525E-06 2.65964E-05-4.74814E-05
 -1       335-9.95829E-05 5.62936E-05 2.44615E-05-1.74685E-05-1.31592E-05 2.87510E-05
 -1       336-7.93450E-05 2.99102E-05 1.88721E-06-1.70534E-05 1.12309E-05 1.11024E-06
 -1       337 5.09281E-05-4.46429E-06 2.79564E-05 2.79004E-06-2.64536E-05 7.81482E-05
 -1       338-1.73620E-05 3.45820E-05 3.19583E-05-1.15831E-05 1.79255E-05 7.53502E-06
 -1       339-5.86973E-05 5.68917E-05-1.24984E-05-5.93277E-05-1.11064E-04-1.76362E-05
 -1       340 2.18488E-05-1.47906E-05-5.90655E-05-7.92236E-05-6.55860E-05 2.18590E-05
 -1       341-4.60028E-05 4.14706E-05 5.32704E-05-2.04243E-05 1.78829E-05-1.02109E-04
 -1       342-5.28087E-05-6.53004E-06 1.18963E-04 9.80751E-06-3.09269E-05-2.51482E-05
 -1       343-2.72464E-05 6.09305E-06 5.09196E-05-3.03799E-05-1.10910E-05-9.74303E-05
 -1       344 5.87422E-05-3.55147E-05 5.97946E-05 2.22330E-05 2.60018E-05-1.34303E-04
 -1       345-4.05770E-04 1.21915E-04 6.29075E-05-1.89878E-05-1.34835E-05-8.76953E-05
 -1       346-9.93062E-06-3.58231E-05 7.94259E-06-7.98896E-05-4.58252E-06 4.77320E-06
 -1       347 4.20910E-05 1.18590E-06-8.95242E-06-6.16931E-05 1.80681E-05-5.40957E-05
 -1       348-3.78143E-07-9.10351E-05 4.25439E-06-2.32888E-05 1.77322E-06-1.24562E-06
 -1       349 1.03800E-04 5.88000E-06-5.20732E-05-5.04629E-05 4.55934E-05-1.88956E-05
 -1       350 1.37974E-04-4.21065E-05-7.75181E-05-2.74365E-05 1.17695E-05-6.40165E-06
 -1       351 5.48836E-05 5.00830E-06-1.94200E-05-2.58061E-05 3.43222E-05-2.31122E-05
 -1       352-8.35702E-05 1.47881E-05 2.69336E-05-2.09485E-05 2.17278E-05-3.43864E-05
 -1       353-6.32477E-05 3.55718E-05-3.96171E-05 7.23048E-06-2.95650E-05-5.58460E-05
 -1       354 1.66777E-05 1.50866E-05-3.27424E-05-2.69189E-05-3.66809E-05-1.13622E-05
 -1       355 1.06007E-04-1.90015E-05-1.94977E-06-3.39207E-06 2.77623E-05 6.24625E-05
 -1       356 1.05442E-04-8.94707E-05-8.93361E-06 5.87329E-05 2.35431E-06-3.33830E-05
 -1       357-3.51548E-04 4.33387E-05 7.77606E-05-5.73418E-05-2.20971E-05-7.39352E-05
 -1       358-2.53273E-04 1.01437E-04 4.60469E-05 8.97053E-06-9.65386E-06-9.56756E-05
 -1       359-2.90641E-04 9.86771E-05 1.02426E-04-3.46844E-05-2.90417E-05-3.86647E-05
 -1       360 7.41937E-05-9.13106E-05 1.72188E-05-4.73856E-05-2.55694E-06 1.03434E-04
 -1       361 5.51548E-05-3.42734E-05-5.42680E-06-6.41680E-05 3.08207E-05 3.06562E-05
 -1       362 8.09571E-05 3.27413E-06-5.69412E-05-4.10451E-05 7.48737E-06-9.30912E-06
 -1       363 1.47328E-04-7.37730E-05-7.33183E-05 1.93181E-05 1.37716E-05 3.35645E-05
 -1       364 7.45075E-06-3.47095E-05 1.50044E-05-9.08133E-06-2.02335E-05 7.07530E-05
 -1       365 4.10905E-04-1.18757E-04-7.22233E-05-6.10528E-05 5.89140E-05 2.86099E-06
 -1       366 3.82920E-04-1.10742E-04-1.32405E-04-6.57286E-05 7.31138E-05-8.38673E-05
 -1       367-3.99419E-05 2.38303E-05 5.40011E-05 6.16405E-06 1.86397E-06-1.45325E-04
 -1       368-3.32034E-05 1.25914E-05 8.39077E-05 1.31026E-06 1.86575E-05-9.33715E-05
 -1       369-7.81223E-05 5.11960E-05 4.57382E-05-4.08905E-05 4.71947E-05-1.28444E-04
 -1       370 9.75691E-05-2.01859E-05-9.00097E-06-2.69077E-05 5.58997E-07-2.79720E-05
 -1       371 9.84880E-05-4.97807E-05-4.46882E-06-4.99383E-05-3.82401E-06-6.38875E-05
 -1       372 9.86791E-06-5.57185E-06 1.53618E-04-1.75897E-05-1.43728E-05-1.06840E-04
 -1       373-5.92807E-05 1.07336E-05 5.02827E-05 2.12464E-05-9.56418E-06 4.52136E-05
 -1       374 1.16078E-05 4.59908E-06 1.19594E-04-3.12949E-06-7.21614E-06-4.15712E-05
 -1       375-6.50020E-05 1.76804E-05 4.83257E-05 2.29957E-06 5.13590E-07 1.73669E-06
 -1       376 8.82102E-05 2.74232E-05-6.97345E-05-5.56461E-06-1.85312E-05-6.29668E-06
 -1       377-5.09941E-05-1.21990E-05 6.83637E-05-1.88668E-05-3.64452E-05-4.41179E-05
 -1       378-7.46576E-05 4.24058E-05-7.02849E-05 6.66617E-07-3.88452E-05-4.12270E-05
 -1       379-8.43059E-05 2.67505E-05-2.63872E-05 7.52321E-06-1.99008E-05-4.19097E-05
 -1       380-1.27911E-06 3.20536E-05-1.51732E-04 1.24825E-05-4.33082E-05-3.53939E-05
 -1       381 1.90625E-05-6.89936E-06-8.90362E-07-2.48847E-05-3.22731E-06-5.12924E-06
 -1       382 1.53276E-05-1.95078E-05 6.89078E-06-3.33252E-05 1.88381E-05-2.23265E-05
 -1       383-9.36193E-05 3.16991E-05 4.15243E-05-1.29517E-05 1.50310E-06-8.27531E-05
 -1       384 6.71822E-05-2.61256E-05-3.14364E-06-3.31551E-05 3.62131E-05-3.01420E-05
 -1       385 1.38126E-04-3.47215E-05-5.38924E-05-6.04172E-05 2.05459E-06 1.26027E-05
 -1       386-7.37527E-05 1.61189E-05-1.11065E-05-5.01575E-05 1.60271E-05-4.07105E-05
 -1       387 6.43126E-05-4.09097E-05 4.47821E-05-3.75741E-07 1.15722E-05-1.24852E-04
 -1       388 7.34227E-05-2.48914E-05 8.45051E-05 3.09558E-05 5.51742E-06-1.03885E-04
 -1       389 4.88893E-05-5.30037E-06 3.65065E-05 4.58070E-06 5.07306E-05-5.42451E-05
 -1       390-1.02167E-04-1.68864E-05 9.22767E-05 2.72286E-06 1.37054E-05-6.97985E-05
 -1       391-4.31915E-06-4.81527E-05 3.50786E-05-6.34295E-05-2.88615E-05-8.57302E-05
 -1       392 1.77544E-05-3.32478E-05 7.78575E-05-9.08968E-06 1.89686E-05-9.93652E-05
 -1       393-9.55108E-05-1.19887E-06 1.87730E-05-6.50533E-06-4.78229E-05-2.61595E-05
 -1       394-1.94016E-05 1.34008E-05-3.53811E-05-6.24117E-05-1.09571E-04-1.37073E-05
 -1       395 8.90428E-06 4.90848E-05-8.81852E-06-9.09087E-06-6.72447E-05-3.67006E-05
 -1       396 6.98174E-06-1.95898E-06-4.64487E-05-3.90439E-05-2.30028E-05-1.68161E-05
 -1       397-1.30613E-04-3.49990E-06-2.12336E-05-4.69533E-05-6.39252E-05-8.60450E-06
 -1       398 7.81941E-06 1.03491E-05-2.60285E-05-1.02789E-04-1.04823E-04-1.54573E-05
 -1       399 5.28781E-05-7.70712E-06-4.77763E-05-9.24852E-05-4.70473E-05 3.10146E-06
 -1       400-1.03714E-04-2.89594E-05 5.39662E-05-3.72302E-05-1.63965E-05-5.78600E-05
 -1       401-2.43813E-04 8.03514E-06 5.25859E-05-3.71446E-05-1.87104E-06-1.76176E-06
 -1       402 4.50317E-05-1.39004E-05 1.84535E-05-2.81938E-05-1.45438E-05-6.41989E-05
 -1       403 4.35550E-05 1.67775E-07 6.68746E-05-5.66589E-05-7.90560E-06-8.06430E-05
 -1       404 2.80747E-05-6.28910E-06 1.29706E-05-5.74103E-05 3.10844E-05-5.87841E-05
 -1       405 5.29693E-05-1.12273E-05-2.23416E-05-3.45960E-05 4.05613E-05-5.01785E-06
 -1       406-1.29103E-04-1.27101E-05 1.15144E-04-2.85862E-07-7.32599E-05-8.10623E-05
 -1       407-1.03339E-04-2.53803E-05 1.33804E-04-2.01116E-05-3.88197E-05-4.56282E-05
 -1       408-9.66839E-05 8.90616E-06 2.17421E-05-1.97305E-05-4.00753E-05 8.53284E-06
 -1       409 6.75497E-05-6.90885E-06 1.17003E-04-5.83279E-06-5.58475E-05-2.10652E-05
 -1       410-1.45080E-04 4.22734E-05 3.54774E-05-3.85984E-05-1.77531E-05-2.24194E-05
 -1       411 3.54410E-05 1.95722E-05-4.40780E-05-7.14364E-06-7.70341E-06-7.56405E-05
 -1       412-1.15610E-04 2.59922E-05-1.27643E-05 1.01361E-05-3.18143E-06-1.94773E-05
 -1       413-5.51258E-05 2.63682E-05 1.57758E-07-8.17333E-06 1.73660E-05-5.64238E-05
 -1       414 2.14949E-05 3.33570E-05-2.13830E-05-9.43723E-06-2.42970E-06-5.10882E-05
 -1       415 9.66015E-05 2.35113E-05 1.27742E-05-3.17554E-06 2.00333E-05-2.39963E-05
 -1       416 6.53793E-05-1.30731E-05 8.04241E-05 2.44077E-05 2.48362E-05-1.26231E-04
 -1       417 6.18140E-05-1.75732E-05 6.42409E-05 1.32090E-05 3.69022E-05-1.03613E-04
 -1       418-4.99643E-05 5.83256E-05 2.45704E-05-2.54165E-05-3.54307E-05-8.67709E-05
 -1       419 5.75961E-05 9.53665E-06 6.24909E-05-6.40845E-06 1.54019E-05-1.12116E-04
 -1       420-1.73267E-05 3.01032E-05-3.25152E-05-6.94849E-05-6.59686E-05-2.90452E-05
 -1       421-3.65923E-05 3.26333E-05-6.43151E-06-1.03795E-05-2.82534E-05 1.58793E-05
 -1       422 4.74380E-05-2.71951E-05-9.52141E-06-5.02130E-05-8.18378E-05 5.77527E-05
 -1       423-1.79211E-05 1.17120E-05-2.96739E-05-7.15223E-05-4.04100E-05 2.21814E-05
 -1       424 1.73911E-05-1.34281E-05 1.35963E-05-6.68247E-05-2.15342E-05 2.01672E-05
 -1       425-6.10237E-05-1.60048E-05-9.82698E-07-5.54837E-05-8.57545E-06 3.78639E-05
 -1       426 2.65960E-05 8.96342E-06-3.31830E-05-1.10295E-04 2.84397E-06-2.58533E-05
 -1       427-8.02803E-06 1.08775E-05-2.83585E-05-2.14539E-04-2.20961E-05-7.13744E-06
 -1       428-1.11003E-04-5.97730E-05 8.03670E-05-1.85163E-05-1.60016E-05 1.87619E-05
 -1       429 1.73057E-04-3.22525E-05-5.35997E-05-9.06512E-05-4.22856E-05-5.59977E-05
 -1       430 3.48515E-05 3.53708E-05-1.14027E-04 6.43837E-07 3.00335E-05-1.32921E-06
 -1       431-3.98550E-05-4.33383E-05 1.38472E-04 3.75932E-07-2.95431E-05 2.15382E-06
 -1       432 4.79229E-05 4.44874E-05-1.51476E-04-9.23310E-07 4.17914E-06-4.89547E-05
 -1       433-5.15811E-05-5.35162E-05 1.75980E-04-4.32527E-07-4.08079E-06 4.97842E-05
 -1       434-5.71137E-07-5.38846E-06 1.50368E-05 5.04714E-07 6.56735E-06 1.28886E-05
 -1       435-1.57686E-05-1.02482E-05 4.05645E-05-2.76963E-06 3.01611E-05 2.48879E-05
 -1       436 3.62482E-05 3.37425E-05-1.20731E-04-1.67853E-06 1.79469E-05-4.21307E-06
 -1       437 2.95519E-06-3.95847E-06 4.03500E-06 4.93176E-07-4.57198E-06-8.23444E-06
 -1       438-4.80330E-05-4.92864E-05 1.67573E-04 5.59337E-07-5.12534E-06 3.92560E-05
 -1       439-7.55034E-06 2.80282E-06 1.57055E-06 1.20051E-06-9.34103E-06-1.59757E-05
 -1       440 3.51777E-05 4.44038E-05-1.42916E-04-9.53173E-07 8.14827E-06-3.82792E-05
 -1       441-1.44564E-05-4.04009E-06 2.05078E-05 4.29789E-06 9.30868E-07 1.01368E-05
 -1       442 2.62709E-06 5.89029E-06-1.62060E-05 3.71548E-07-2.84963E-05-2.84583E-05
 -1       443-4.62483E-05-4.29451E-05 1.44830E-04 4.96926E-06-2.17626E-05 1.20096E-06
 -1       444 7.84267E-07-4.11037E-07-8.07562E-09 4.60165E-07-2.83707E-08-3.90088E-07
 -1       445 3.93498E-07-2.62122E-08-6.16309E-08 6.63586E-07 2.40087E-07 4.49518E-07
 -1       446 4.52659E-07-2.32428E-07 3.73865E-08 1.62661E-07-7.36943E-08-5.17703E-07
 -1       447 5.71064E-08-1.40494E-07 2.75908E-07 9.01456E-07 4.58358E-07 4.50695E-07
 -1       448 5.32609E-07-2.55199E-07-1.03524E-07-6.50789E-08 6.28845E-08-2.27885E-07
 -1       449-1.77639E-07 5.40762E-08 1.76634E-07-2.30713E-07 3.26046E-07-1.19576E-07
 -1       450 2.17247E-07-1.34746E-07-1.64809E-07-5.95899E-08 5.31105E-07-4.13711E-07
 -1       451 3.22957E-07 1.73537E-07-8.54996E-07-3.34000E-08 1.02683E-06-5.77476E-07
 -1       452 8.46093E-07 1.41744E-06-2.84220E-06 2.66735E-07 1.90918E-06-1.14338E-06
 -1       453 1.25341E-06 6.42909E-06-4.66051E-06 1.48168E-06 1.78140E-06-1.71242E-07
 -1       454 4.01769E-06 3.48296E-06-1.26492E-05 5.84632E-07 9.06206E-07-2.94081E-06
 -1       455 3.88480E-06-2.48959E-07-2.21633E-06-1.33450E-06-1.61175E-07 4.79555E-07
 -1       456 1.02447E-06 2.03004E-06-2.16026E-06-3.18418E-06-2.07922E-06-3.58607E-06
 -1       457 2.40070E-06 2.20275E-06-2.31400E-06 3.11218E-07-1.68597E-07 1.36812E-06
 -1       458-2.54324E-06-3.49619E-06 1.94246E-06-1.17690E-05-4.98454E-06-4.36947E-06
 -1       459 1.68311E-05-1.75031E-05 1.43111E-06-1.13177E-05 1.40642E-07 4.18408E-06
 -1       460 4.30223E-05-1.72840E-05-5.21344E-06 2.15020E-05 1.88304E-05 3.18101E-06
 -1       461-2.38351E-05-1.19717E-05 5.09505E-05-2.75842E-06-6.29048E-06 2.95275E-06
 -1       462 4.98623E-07-6.82912E-06 6.94916E-06 1.67237E-06-4.59126E-06 1.17674E-06
 -1       463-2.45695E-07 1.67417E-06-1.40413E-06-1.70337E-06-6.06784E-07-2.03994E-06
 -1       464-5.90206E-07-1.77044E-07 6.44549E-07 6.08766E-07 9.64345E-07-6.29506E-08
 -1       465 8.84801E-07 9.62587E-07-3.60312E-06-2.04001E-06-3.07120E-06-3.21119E-06
 -1       466 3.75051E-07-8.63789E-07 7.67639E-07 4.67043E-07 5.55759E-07 8.78033E-07
 -1       467 7.95496E-06-8.21128E-06 5.81386E-06-2.17758E-06-3.80128E-06 6.49810E-06
 -1       468 2.32466E-06-1.16676E-06 1.03764E-06 7.60699E-07-7.86067E-08 3.96959E-06
 -1       469-6.61695E-06-5.47719E-07 6.95864E-06 9.35022E-07 3.08663E-06 1.67678E-07
 -1       470 4.82822E-06-1.40169E-06-4.40137E-06 2.29462E-06 7.49560E-07-1.93704E-07
 -1       471 3.84248E-06-8.17746E-07-1.69004E-06 9.70570E-08 8.70734E-07 4.95711E-06
 -1       472 3.00841E-06-8.97489E-07 6.41634E-07-3.46097E-07-2.27130E-07-6.79958E-07
 -1       473-5.21484E-07 4.53335E-06-6.30862E-06 6.51882E-06 2.64158E-06 6.22655E-06
 -1       474 3.45174E-06-1.12351E-06-7.37039E-07 3.84030E-09-4.33173E-07 2.05973E-08
 -1       475-1.30771E-06-2.89386E-08 1.65277E-06 7.26791E-07 2.72252E-07 5.97468E-07
 -1       476 1.04224E-06-6.54576E-07 4.89479E-07-3.18890E-07 1.16455E-07 1.48790E-07
 -1       477 1.53781E-06-2.68985E-07-3.89431E-06-4.00941E-07 2.04107E-06 3.17239E-06
 -1       478 2.80679E-06-1.06623E-06-3.52613E-07-1.53756E-08-2.36989E-07-1.01328E-06
 -1       479 3.13233E-06-9.32444E-07-7.86906E-07 1.26775E-07-1.89524E-07-2.48705E-07
 -1       480 2.35445E-06-9.03105E-07-2.54708E-07 3.89974E-07-1.23177E-07 1.33074E-06
 -1       481 1.23854E-06-6.08881E-07 3.00224E-07 3.96673E-07 2.42635E-07 1.41146E-06
 -1       482 3.27721E-06-1.10083E-06-4.02081E-07 5.68442E-07-4.14715E-07 1.65190E-06
 -1       483 1.58813E-06-1.03698E-06 1.02915E-06-1.72605E-07 4.89158E-08-9.77274E-07
 -1       484 2.34931E-06-1.11228E-06 3.79424E-07-2.00048E-08-4.76122E-08-1.14893E-06
 -1       485 3.82779E-06-1.52105E-06-2.71842E-07-2.17864E-07-1.23418E-07-4.42497E-07
 -1       486 5.42146E-07-2.99692E-07-1.61901E-07-1.49961E-07 2.97683E-07-2.84312E-07
 -1       487 6.43919E-07-7.15955E-07 1.00976E-06-2.90494E-07 2.60370E-07-8.19902E-07
 -1       488 1.78171E-06-1.02180E-06 9.80868E-07-2.91399E-07-3.62414E-07-2.41828E-07
 -1       489 4.03366E-06 9.44868E-07-7.37779E-06 1.28753E-07 6.06786E-07 7.53391E-07
 -1       490 1.65875E-06-1.73383E-07-1.70936E-06 6.40717E-08 8.20380E-07 1.39041E-06
 -1       491 1.68542E-06-5.22801E-07-4.65574E-07-2.62113E-07 8.63791E-07 1.95593E-06
 -1       492 4.20614E-07 2.84206E-06-4.14254E-06 3.31682E-07 5.82526E-06 3.63797E-06
 -1       493 3.61766E-06 1.49738E-06-1.23412E-05 1.49205E-07 2.86356E-06 6.31191E-07
 -1       494 2.16601E-06 6.20757E-07-4.47001E-06 1.56238E-07 9.49376E-07 4.66789E-06
 -1       495-6.67367E-07 1.65914E-06-4.29824E-06 6.33224E-09-2.95189E-07-6.19700E-06
 -1       496 1.88848E-06 1.77179E-06-4.86487E-06 1.40360E-06 1.76259E-06-1.81490E-06
 -1       497 2.60105E-06-4.70948E-07-3.19473E-06 8.76203E-07 1.94208E-06 2.14957E-06
 -1       498-4.47404E-06 7.66575E-06-6.84597E-06-4.55227E-06-2.63767E-06-5.94302E-06
 -1       499-1.72668E-06 3.82581E-06-6.33340E-06 2.55006E-06-6.86363E-09-4.71044E-06
 -1       500 2.92018E-06-9.88139E-07-5.83306E-06 2.54423E-06 4.98237E-09 2.39473E-06
 -1       501-9.52718E-06 4.01933E-06-6.59609E-07 1.31765E-06 4.83588E-06-6.66175E-06
 -1       502-2.30608E-06 1.03213E-06-4.06042E-06-1.64098E-06 1.64539E-06-4.77530E-06
 -1       503-7.70256E-06 4.36910E-06-2.37420E-06-3.55979E-06 1.98730E-06-9.58038E-06
 -1       504-5.79854E-06-6.61946E-07 2.32775E-06 2.91173E-06 2.45237E-06 2.86929E-06
 -1       505-4.30130E-06 1.63756E-06 1.03290E-06 7.87878E-07 1.37075E-06-2.43466E-06
 -1       506-3.33080E-07-9.47517E-08 4.27246E-07 7.06304E-07 8.54536E-08 2.61640E-07
 -1       507-1.55426E-06 1.28873E-06-1.59741E-07 6.41809E-07 5.43350E-07-1.44277E-06
 -1       508-2.82294E-06-4.50138E-08 4.40228E-06 1.36478E-06 8.81937E-07 1.73376E-06
 -1       509 3.91525E-07-9.26496E-07 1.64911E-06 7.24820E-07 1.13722E-07 2.58659E-06
 -1       510 2.47764E-06-5.23726E-06 4.71690E-06 1.52989E-06-1.78068E-06 5.95792E-06
 -1       511-3.03397E-06-1.24533E-06 6.14213E-06-2.61276E-07 1.57430E-06 3.69311E-06
 -1       512 7.41123E-06-4.36371E-06-2.96177E-07-9.09780E-07-5.72131E-06 5.64688E-06
 -1       513 4.13997E-06-6.51656E-07 7.67803E-07 3.57453E-07 1.61304E-07 1.95344E-06
 -1       514 4.79145E-06-3.77815E-06 1.56632E-06-4.00665E-06-5.13496E-06-1.40969E-06
 -1       515 3.16126E-06-5.04974E-06 2.57376E-06 1.70495E-06-1.50022E-07 9.91876E-06
 -1       516 3.14087E-06-4.52186E-06 3.95049E-06-4.76499E-06-1.79112E-06 4.88016E-06
 -1       517 5.96369E-06-1.21205E-06-5.06810E-06 1.54673E-06-3.23305E-07 3.36550E-06
 -1       518 4.70678E-06-5.41770E-06 2.81834E-06-1.11266E-06 3.16841E-07 3.92828E-06
 -1       519 2.89290E-06-7.62576E-07 9.70352E-07 2.09119E-07 6.61750E-08 2.49139E-06
 -1       520-2.49941E-07 2.67903E-07 1.29782E-06 2.59533E-06 3.77923E-06 1.36522E-05
 -1       521-1.80271E-06 3.65878E-07 1.47901E-06 5.18630E-07-5.02088E-07 6.43021E-06
 -1       522-1.13440E-06-5.87787E-06 1.61623E-05 1.77126E-06 3.89134E-06 1.23474E-05
 -1       523 1.04715E-05-6.06626E-06 2.26773E-06 1.57452E-06 8.99337E-07 1.15707E-05
 -1       524 3.86234E-06-9.66087E-08-3.76900E-06-3.86227E-07 3.62682E-07 7.15850E-06
 -1       525-1.02291E-06 1.49407E-06-1.71154E-06-2.28254E-07-1.82256E-07 4.88113E-06
 -1       526 2.63800E-05-1.89887E-05 2.00501E-05 4.99493E-06 7.04979E-06 5.07041E-05
 -1       527-1.42363E-06 6.00382E-07-1.69107E-07 6.28081E-08-4.91882E-07 3.21211E-06
 -1       528-1.10286E-06-1.31975E-06 4.20527E-06 3.17806E-07 1.66322E-07 4.07867E-06
 -1       529 1.12943E-06 6.83169E-07-2.89102E-06-5.06523E-07 1.21961E-07 3.91635E-06
 -1       530 2.71903E-06-5.51322E-08-2.54386E-06 1.49663E-08-3.42344E-07 8.85933E-06
 -1       531-1.07324E-06 4.18924E-07 7.72995E-08 1.93602E-07-2.30528E-07 1.78160E-06
 -1       532-1.37066E-06 4.72432E-07 4.33898E-09 1.66413E-07-2.85911E-07 2.18005E-06
 -1       533-9.32853E-07-2.33652E-07 1.83834E-06 3.24924E-07 1.23991E-07 2.92669E-06
 -1       534-1.24410E-06 1.04361E-07 1.08497E-06 3.12777E-07-2.74857E-07 3.02435E-06
 -1       535-1.66209E-06 3.07904E-07 3.81188E-07 3.77926E-07-6.09988E-07 4.71374E-06
 -1       536-8.79613E-07 6.71748E-07-7.50405E-07-1.55059E-07-1.29884E-08 3.11007E-06
 -1       537-4.46299E-07 9.29669E-07-1.37859E-06-9.39414E-08-3.39456E-08 3.34658E-06
 -1       538-1.37709E-06 1.07181E-06-9.16765E-07-2.93324E-07-1.13070E-07 4.05670E-06
 -1       539 2.57265E-07 7.47157E-07-2.07949E-06-2.80820E-07 8.81827E-08 2.70161E-06
 -1       540 1.04755E-06 4.59267E-07-2.62320E-06-1.38424E-07 1.88464E-07 2.18085E-06
 -1       541 9.39239E-08 1.17242E-06-2.33557E-06-3.26870E-07-1.82987E-07 4.65872E-06
 -1       542 2.29284E-06-3.74106E-07-2.76777E-06-3.61564E-07 4.35920E-08 3.41686E-06
 -1       543 4.05918E-06 1.46538E-06-7.70716E-06 2.77929E-07-1.38665E-06 2.88061E-06
 -1       544 2.37009E-06 1.36776E-07-3.75261E-06-5.53008E-07 1.68666E-07 5.35395E-06
 -1       545 3.71158E-06 2.56262E-06-1.02171E-05 4.84209E-07-7.88479E-07 3.73750E-06
 -1       546 3.26482E-06-4.47267E-08-1.94593E-06 3.14924E-07-1.25807E-06 8.36852E-06
 -1       547 3.33037E-06-1.73904E-07-3.25441E-06 6.14115E-08 2.73021E-08 8.15309E-06
 -1       548 6.83550E-06-2.75876E-06-6.89149E-07 1.19270E-06 2.09432E-07 6.65940E-06
 -1       549 1.34417E-05-4.12182E-06-1.44224E-06-4.59487E-07-5.75528E-07 6.82154E-06
 -1       550 4.75501E-06-1.84978E-06-3.30985E-07 6.65705E-07 2.72756E-07 8.24840E-06
 -1       551 2.72121E-05-1.47349E-05 3.70699E-06 2.25162E-06 1.77138E-06 2.04881E-05
 -1       552 6.34130E-05-1.97835E-05 2.86155E-06 1.92332E-05 2.25032E-05 4.78815E-05
 -1       553 1.63999E-05-1.42380E-05 7.08454E-06 1.89814E-07 4.13965E-07 2.43773E-05
 -1       554-9.99020E-06-2.48904E-05 7.96124E-05 3.23420E-07 7.45041E-06 5.56719E-05
 -1       555-2.80881E-07-1.50791E-05 3.23069E-05 3.87972E-06 8.48650E-06 1.41072E-05
 -1       556-1.47556E-06-6.23840E-06 1.56817E-05 1.34350E-07 3.77436E-06 8.60989E-06
 -1       557 1.04291E-05-1.11583E-05 2.09768E-05 3.82968E-06 2.60506E-06 3.25614E-05
 -1       558-1.16717E-06-3.45640E-06 8.49181E-06 1.07205E-06 9.24637E-07 6.34509E-06
 -1       559-5.55001E-07-1.41073E-06 3.65355E-06 2.80888E-07 3.28103E-07 3.32432E-06
 -1       560-2.46581E-07-9.41518E-07 2.37226E-06 4.47291E-07 1.61152E-07 2.49063E-06
 -1       561-1.41561E-06-2.34082E-06 6.79804E-06 7.93807E-07 4.44564E-07 6.53992E-06
 -1       562-1.47808E-06-7.76079E-07 3.48718E-06 1.91203E-07 1.35204E-07 4.72424E-06
 -1       563 2.24504E-07-5.60770E-07-2.37334E-06 1.36346E-06-3.25599E-06 9.44220E-06
 -1       564-1.89861E-06-2.29360E-06 5.74761E-06 5.61874E-07 6.83909E-07 7.55314E-06
 -1       565 2.20618E-06-5.02491E-06 5.75335E-06 2.75068E-06 6.09872E-07 1.43854E-05
 -1       566-3.65397E-06 1.25664E-06-2.19920E-06-2.29542E-06-1.71667E-06 5.14155E-06
 -1       567-1.64116E-06 1.10858E-06-5.58064E-07-5.92777E-08-7.13704E-08 5.73859E-06
 -1       568 7.10772E-06-7.90742E-06 9.79632E-06 4.94803E-06 4.16702E-06 2.59577E-05
 -1       569 2.09516E-06-4.05438E-06 5.47079E-06 5.05221E-07 3.95633E-06 1.42061E-05
 -1       570 5.05046E-06-1.82311E-06-7.03419E-07 5.79216E-07 5.33619E-07 7.97253E-06
 -1       571-1.34371E-06-3.93736E-07-3.14811E-07-3.05946E-06 2.00390E-06 9.86215E-06
 -1       572 7.11070E-07 1.05572E-06-2.80518E-06 2.47993E-07 3.49930E-07 6.60370E-06
 -1       573-1.18286E-05 1.88351E-07 5.19927E-06-4.34438E-05-6.25680E-06-1.16923E-05
 -1       574-2.61207E-05-6.36081E-06 4.19903E-05-2.94372E-05 3.29800E-05 6.31739E-06
 -1       575 3.87009E-05 9.08567E-06-4.28125E-05-7.72245E-05-3.00577E-05-3.63770E-05
 -1       576 1.63690E-05-1.53603E-05 5.21169E-06-9.01194E-06 2.48538E-05-3.74459E-05
 -1       577-7.86709E-06 1.73962E-07 2.74914E-05-2.68310E-05 6.68189E-06 5.15167E-06
 -1       578-1.50127E-05-4.13353E-06 1.67202E-06-3.82259E-05 1.74427E-05 2.54872E-05
 -1       579 2.05937E-05 7.87478E-07-3.95878E-05-8.08364E-06 2.46808E-05-1.45653E-05
 -1       580 2.87328E-05-3.84898E-06 4.52220E-07-2.56780E-05-8.80648E-06 1.08596E-05
 -1       581-9.82143E-06 1.49045E-05 1.57031E-05-7.92235E-06-2.93279E-05 6.04910E-06
 -1       582-3.32927E-05 2.17659E-05-1.76659E-05 2.14598E-05 2.28210E-05-3.14726E-05
 -1       583-7.58744E-06 2.15396E-05-2.29161E-06 2.14407E-05 4.20794E-06-9.94665E-06
 -1       584 4.31641E-05 1.10176E-05-4.17532E-05 7.66733E-06 5.74934E-07 2.98398E-06
 -1       585 3.72103E-05-5.76696E-06-1.93891E-05-1.12507E-05 8.33502E-06-2.18696E-06
 -1       586-1.47294E-05-6.89195E-06 2.48606E-05-1.03447E-05 1.38054E-05-2.74555E-05
 -1       587-1.69834E-05 2.40324E-06-3.62038E-06 4.46448E-06 1.04366E-05-1.35220E-05
 -1       588 1.15787E-06 1.01889E-05-3.73604E-06 4.83345E-06 6.51676E-06-4.28836E-06
 -1       589 2.37869E-05-5.26578E-06-6.94610E-06-9.67521E-07-4.83829E-06-3.64726E-05
 -1       590-5.45251E-05-1.16062E-05 5.23014E-05 2.33255E-05-9.00848E-06-5.55967E-05
 -1       591 2.07511E-05 4.48543E-06 8.18132E-06-2.65837E-05-3.05936E-05-2.19367E-05
 -1       592 7.93712E-05-2.33727E-05 5.71434E-06-9.84656E-06-2.91110E-05-6.46008E-05
 -1       593 8.30002E-05-1.66144E-05 2.57533E-06 3.41854E-07-1.36634E-05-1.13258E-05
 -1       594 1.92142E-05-3.91554E-06 3.02393E-05 9.27850E-07 3.02729E-05-2.34603E-05
 -1       595-4.33016E-06 2.23949E-06 3.52543E-05-4.28590E-05-1.16986E-05-5.07003E-05
 -1       596-1.42642E-05 2.81572E-06 1.84918E-05-6.41006E-06 4.17603E-06-1.47911E-05
 -1       597-1.77714E-05-3.82137E-05 8.93781E-05 1.30912E-05-1.02106E-05-4.10721E-05
 -1       598-3.44134E-05-6.88677E-06 5.57426E-05 7.56050E-06 2.00017E-05-5.74167E-05
 -1       599 1.01873E-05-9.78385E-06 3.65860E-06-2.11068E-06-6.58046E-06-2.22252E-05
 -1       600 4.70566E-05 2.55965E-07-3.09641E-05-3.68360E-05-2.77468E-05-4.43472E-06
 -1       601-4.20986E-05 3.05873E-05-3.56062E-06-5.73972E-05-4.80866E-05-2.28999E-05
 -1       602-2.19759E-06 3.86723E-05 1.79851E-05-1.60760E-05-4.79144E-05-5.83398E-06
 -1       603-2.60837E-05 3.31737E-05 3.03508E-05-7.52913E-06-2.31642E-05-3.12300E-05
 -1       604 3.94028E-06 7.62253E-06 1.66027E-05-1.39965E-05-4.08532E-05 2.34236E-05
 -1       605-5.22549E-05 2.82032E-07 1.05318E-05-6.65443E-05-8.54963E-06-2.22297E-05
 -1       606-2.33398E-05-8.73371E-06-1.20305E-05-4.86036E-05 3.85170E-05-9.92037E-06
 -1       607 6.05263E-06 2.84630E-05-1.12726E-05-1.76634E-05 1.50327E-05 1.43618E-05
 -1       608 5.06621E-05-6.23358E-06 9.97029E-06-4.83708E-05 6.95332E-06-5.45085E-06
 -1       609 2.36957E-05 2.51018E-06 9.61140E-07-1.78090E-05 1.17742E-05 4.45876E-05
 -1       610 1.74503E-05 7.12175E-06-2.21408E-05 6.08447E-06-9.40744E-06-1.13579E-05
 -1       611 1.84312E-05 1.56409E-06-5.77542E-06-5.06633E-05-3.45468E-06 1.00201E-05
 -1       612-5.72536E-05 4.95221E-06 1.01246E-05 3.32716E-07-5.21259E-07 1.04496E-05
 -1       613 7.46079E-05-1.83382E-05 3.31868E-05-3.40487E-06 3.28970E-06-1.86081E-05
 -1       614-1.80322E-05-1.19254E-05 1.02496E-04-5.12768E-05-2.23791E-05 2.07491E-05
 -1       615 8.23559E-06 1.53983E-05 3.05353E-05-6.13250E-06-8.77556E-06-2.25511E-05
 -1       616 5.85737E-05-8.48367E-06 3.83606E-06-2.01632E-05-9.11926E-06-3.33490E-05
 -1       617 7.67362E-06-5.18462E-06 9.78177E-06 2.50607E-06 2.48602E-05-6.19372E-05
 -1       618 2.20293E-05-1.69946E-06-5.74019E-06-6.40748E-06 2.32207E-06-4.20199E-05
 -1       619-9.88091E-05 2.29272E-05-1.09076E-05-5.23189E-05-2.69182E-05-1.56742E-05
 -1       620-4.17920E-05 1.11169E-05 1.96707E-05 1.72797E-05-1.61350E-05-2.23671E-05
 -1       621 4.80803E-05-1.26210E-05-2.78582E-05-1.55348E-05-2.07190E-05 2.14341E-05
 -1       622 3.21425E-06-2.42969E-05 1.88951E-05 3.67103E-05 2.49930E-05-3.42061E-05
 -1       623-6.55216E-06-4.80852E-06 2.53116E-05-1.41981E-05 1.15256E-06-3.94999E-05
 -1       624-2.86306E-06 8.26153E-06 9.10796E-06-1.76823E-06-1.47819E-05-4.69116E-05
 -1       625 4.86882E-05-1.66414E-07-1.15882E-05-1.55438E-04-3.42376E-05-1.01207E-05
 -1       626 7.54408E-05-6.87904E-05-4.88616E-06-8.04506E-05-1.67114E-05-1.17147E-05
 -1       627 1.72910E-04-8.51118E-06-7.40366E-05-6.42069E-05-2.24705E-05-5.13379E-05
 -1       628-1.66399E-04 6.11394E-05 1.13217E-06 5.45828E-05 3.64300E-05-3.91813E-05
 -1       629-5.72733E-05 3.60466E-05 3.21051E-05-4.61466E-05 2.87932E-05 2.24994E-05
 -1       630 7.26512E-05-3.51951E-06-3.51089E-05-3.97777E-05-1.31557E-05-6.72224E-07
 -1       631-6.69173E-06 2.85017E-05 1.00010E-05-7.50684E-06 2.91872E-07-6.23006E-05
 -1       632 1.28003E-05 2.48744E-05 2.91550E-06-1.28248E-05 8.65815E-06-1.28422E-05
 -1       633 1.83087E-05 3.38603E-05 8.89266E-06-1.65979E-06-1.00200E-05 8.61341E-07
 -1       634 4.30756E-05-9.99754E-06-2.70410E-06-1.33133E-05 2.86815E-06-1.93124E-05
 -1       635-1.54834E-05 3.28087E-05-4.68872E-05-7.14754E-05 1.23885E-05-1.24396E-05
 -1       636 4.56641E-05 8.50680E-06-2.42320E-05-2.72035E-05 2.47235E-06-3.18515E-05
 -1       637 2.30183E-05-2.21862E-06-1.50215E-05-3.44074E-05 6.97394E-06 1.46414E-07
 -1       638-5.77167E-05 6.43537E-06 2.47437E-05-2.16527E-05-2.80749E-05-3.55264E-05
 -1       639-2.40234E-05 2.44874E-06-5.88713E-06 1.54022E-05-6.43623E-06-4.08936E-05
 -1       640 1.80902E-05 2.24101E-05 4.36231E-05-2.38051E-05-1.87096E-05-2.15650E-05
 -1       641-1.42602E-05-4.06302E-05 3.80689E-05-4.66912E-05-9.13570E-06-3.36516E-05
 -1       642 2.42215E-05-1.83554E-05-1.64156E-06 8.54408E-06 1.51505E-05 3.81988E-05
 -1       643-4.91573E-05 1.43057E-05 1.15529E-05-2.14987E-05-2.70369E-05-2.13662E-05
 -1       644 2.65491E-05-3.61713E-05 2.03320E-05 1.60523E-05 1.52358E-05 3.11008E-05
 -1       645-2.49774E-05-5.22312E-06 5.15440E-05-6.20476E-05-1.06678E-05-8.27409E-05
 -1       646-4.43568E-05 3.48626E-05-6.99904E-06-4.56310E-06-2.26877E-05-5.33024E-05
 -1       647-4.37949E-05-5.93766E-05-8.15880E-06-2.51015E-05-1.56539E-05-3.43929E-05
 -1       648 1.49332E-04-2.52071E-05-1.39737E-05-4.18300E-05-1.56928E-05-4.25936E-05
 -1       649 7.79050E-06-1.25381E-06-2.14557E-05 7.08544E-06 3.01776E-05-4.51749E-05
 -1       650-3.72686E-05 9.80784E-06 2.83405E-05-3.00031E-05 2.57373E-05-3.38750E-05
 -1       651 2.45968E-05-9.62282E-06-2.38697E-05 2.27482E-06 7.84700E-06 1.15052E-05
 -1       652 2.36294E-05-2.58523E-05 6.04742E-05-1.56738E-05 4.44544E-06-8.51343E-06
 -1       653-2.08076E-05 1.42110E-06 5.86685E-05-6.67150E-05 3.55188E-06-2.61413E-05
 -1       654 3.57625E-07-1.80283E-05 5.05674E-05-4.22117E-05 2.76778E-05 2.25935E-05
 -1       655-1.65005E-05 1.26012E-05 1.21909E-05 5.68328E-06 2.74408E-05 4.31015E-06
 -1       656-1.03058E-05-9.90320E-06 1.41183E-05 1.09536E-06 1.71137E-05 2.49745E-06
 -1       657 3.08194E-05 5.42342E-06-3.37466E-06 2.66437E-06 3.74631E-06 5.00878E-05
 -1       658-6.88234E-05-9.74833E-07 4.13100E-05-1.27242E-05-5.38371E-05-1.92745E-05
 -1       659-2.84982E-05 3.84174E-05 2.18497E-05-4.57203E-05 1.36483E-05-1.28630E-05
 -1       660-7.88321E-05 1.27602E-05 3.25056E-05-3.40462E-05 3.47839E-05 1.99759E-06
 -1       661-7.16825E-06-1.74340E-05 3.88860E-05-2.70101E-05-1.16492E-05-2.38357E-05
 -1       662-3.62327E-05-3.21062E-06 2.97490E-05 1.40764E-05-8.05369E-06 2.44995E-05
 -1       663-2.62961E-05 6.61049E-06 2.06603E-05 9.77555E-06-2.56624E-06-1.29969E-05
 -1       664 2.14772E-05-3.80280E-06-1.27225E-05 3.76491E-06-2.18267E-06 4.44108E-06
 -1       665 1.55141E-05-7.70661E-07 1.46256E-05-1.15474E-05-1.81222E-06-5.03272E-05
 -1       666 4.06931E-05 2.49565E-05-3.49464E-06 2.72520E-05-3.90355E-06-7.56777E-05
 -1       667-1.33990E-05-7.03906E-06 4.12636E-05-2.71089E-05 1.53048E-05-5.38413E-05
 -1       668 3.05926E-05-7.18500E-06 9.45900E-07-1.56639E-05 2.79475E-06-7.07291E-07
 -1       669-1.28315E-05-1.46034E-05 3.10656E-06 1.85343E-05 1.34071E-05-1.67221E-05
 -1       670-5.88317E-06 1.58595E-05 1.80862E-06 1.21103E-05 1.15358E-05-2.15021E-05
 -1       671-3.56503E-06-4.00545E-06 1.03564E-05-1.13817E-05 1.34763E-06-2.89613E-06
 -1       672-1.63412E-05 1.33513E-06 1.77994E-05 1.06479E-05 4.41702E-06-1.26700E-06
 -1       673-4.15686E-05 2.41362E-06 1.71803E-05 2.65171E-05 3.52027E-06-1.69665E-05
 -1       674 3.41981E-06-1.52399E-05 1.41272E-05 2.81441E-08 1.12552E-05-1.95650E-05
 -1       675 3.00725E-05-1.62120E-05 4.10536E-05-2.84288E-05-9.18709E-07-2.14418E-06
 -1       676 4.67768E-06 1.03808E-05-9.10097E-06-1.67699E-05-8.51595E-06-3.95159E-05
 -1       677 2.67236E-05-5.72790E-07 6.84050E-06-5.82535E-05 2.11417E-05 2.61114E-05
 -1       678-8.92425E-05 4.70709E-06 4.92506E-05-1.94616E-05-1.74258E-05-8.87635E-05
 -1       679-5.09585E-05 9.93971E-06-3.96945E-07 1.89420E-05-3.81129E-06 8.60408E-06
 -1       680 8.26743E-06 3.83315E-06 5.54310E-05 1.86467E-05 1.29139E-05-1.68515E-05
 -1       681-2.28139E-05-1.01115E-05 3.91515E-05-9.30236E-06 6.87798E-06-2.69642E-06
 -1       682-2.38913E-05-5.07099E-06-3.05465E-06-3.17449E-05 1.05450E-05-1.00608E-05
 -1       683-2.49451E-05-2.08896E-05 4.23731E-05-5.95714E-05-1.31022E-05-2.02046E-05
 -1       684-3.48178E-05-2.10302E-05 6.62399E-05-5.50431E-05-5.24785E-06-5.80321E-05
 -1       685 2.63032E-05-3.40171E-05 1.78436E-05 9.44871E-06 4.98168E-05 1.62496E-05
 -1       686-2.15712E-06-6.90376E-07-2.08265E-05-5.06308E-05 6.42434E-06 3.54572E-05
 -1       687 6.34036E-06-1.83091E-05-1.90065E-05-8.15705E-06 3.92862E-05 5.38293E-05
 -1       688-1.52432E-05-2.99941E-07 4.66842E-05-3.39445E-05 1.48257E-05-1.64214E-05
 -1       689 2.43112E-05-1.33568E-05 3.09829E-05-3.91717E-05 1.28729E-05 4.47621E-06
 -1       690 5.97331E-05-4.59222E-05-4.08310E-05-9.49540E-05-2.55149E-05-7.03490E-06
 -1       691 1.42085E-05-1.28077E-05-1.75017E-05-4.75900E-05-1.51916E-05 2.49429E-06
 -1       692 1.32173E-04-3.26453E-05-5.10449E-05-9.97909E-05-2.02486E-05-7.39352E-05
 -1       693 2.78374E-05-1.23344E-05-3.29995E-06-5.55918E-05 5.33609E-06 1.17466E-05
 -1       694 5.60056E-05 8.67274E-06-4.34824E-06-5.28678E-05-1.16560E-05-1.64740E-07
 -1       695 1.00871E-04-7.77846E-06-5.55480E-05-3.79342E-05-4.03174E-06-5.79862E-05
 -1       696 3.02959E-05-1.23903E-05 1.90407E-05-3.36763E-05 2.40951E-05-3.13224E-05
 -1       697-1.29327E-05 3.00372E-06-1.75063E-05-2.26942E-05-9.11167E-06-1.91692E-05
 -1       698 1.19897E-04-2.62794E-05 1.16064E-05-1.53144E-05 2.08198E-05-4.41764E-05
 -1       699-2.53810E-05 4.29345E-06 1.66965E-05-4.18934E-05 1.00177E-05-4.45114E-05
 -1       700 6.60315E-05-1.87581E-05-3.31809E-05-1.71268E-05-3.04220E-05-4.57327E-05
 -1       701-5.70471E-05 2.77580E-06-1.07742E-05-4.94566E-05-4.85821E-05 2.11731E-05
 -1       702-9.01381E-05-1.24275E-05 1.00529E-04-1.25308E-05-2.97828E-06-1.67069E-06
 -1       703-5.65818E-06 4.18562E-06-2.15850E-05-6.75095E-06-1.64304E-06-4.04594E-05
 -1       704 3.97759E-05 3.81242E-05-1.31947E-04 2.70038E-07 1.02775E-05-2.02521E-05
 -1       705-8.84758E-06-9.51226E-06 3.11375E-05-3.18087E-07 1.04511E-05 2.38940E-05
 -1       706-5.07451E-06-2.33986E-06 1.24683E-05 7.30251E-07 2.46576E-07 1.05720E-06
 -1       707-4.76766E-05-4.64379E-05 1.56573E-04-5.29360E-08-1.10964E-05 1.95442E-05
 -1       708 3.88259E-06 1.81542E-06-6.59188E-06-2.29811E-06-9.04317E-06-2.41513E-05
 -1       709 5.01363E-07-1.21748E-07-1.93775E-07-3.82715E-07-3.77427E-07 1.68472E-06
 -1       710 6.21765E-06-1.98517E-06-1.88332E-06 2.00693E-06-6.11373E-07 6.20656E-07
 -1       711 1.27536E-05-1.00009E-06-3.45013E-06 1.23238E-05-1.06252E-07 3.72062E-06
 -1       712 1.13062E-05-2.27236E-06-3.65413E-06 3.64138E-06-1.64471E-06 1.42489E-06
 -1       713 1.56658E-05-5.95524E-06 1.02784E-07 6.35038E-06 9.19423E-07 1.04640E-05
 -1       714 2.80112E-05-1.32637E-05 5.95255E-06 1.28214E-05 4.38888E-06 2.50138E-05
 -1       715 2.55491E-05-5.95622E-06-3.61716E-06 5.36351E-06 5.06342E-07 1.06932E-05
 -1       716 4.12008E-06-1.23929E-06-1.99239E-06 1.48933E-06-1.83797E-07 1.52739E-06
 -1       717 7.10049E-06-3.42797E-06-4.94394E-07 2.15688E-06 1.28147E-06 5.13928E-06
 -1       718 4.42086E-06-1.26932E-06-3.42928E-06 2.20772E-06 3.94998E-07-4.01823E-07
 -1       719 9.35579E-06-4.13756E-06-4.95615E-08 2.47669E-06 5.19231E-07 6.40200E-06
 -1       720 5.85080E-06-1.33409E-06-8.80754E-07 1.00263E-06-1.29842E-06 2.22594E-06
 -1       721 3.81311E-06 8.23675E-07-3.52527E-06 1.54427E-06 7.42221E-07-3.86093E-07
 -1       722 9.93875E-07-2.52667E-07-4.48294E-07 5.43168E-08-5.16673E-07 1.68621E-06
 -1       723 9.06388E-07-2.88316E-07-2.89925E-07 1.00636E-07-3.39721E-07 5.41049E-07
 -1       724-4.57357E-07 1.20084E-07 1.96532E-09-2.23504E-08-1.98340E-07 1.51699E-06
 -1       725 2.12657E-06-6.61631E-07-3.95711E-07-1.08436E-07-4.08256E-07 6.84995E-07
 -1       726-4.59549E-07 3.20901E-07-3.01259E-07-1.09615E-07-4.92120E-07 2.44409E-06
 -1       727 4.58921E-06-1.32184E-06-8.56843E-07 9.10086E-07 2.66611E-07 1.58300E-06
 -1       728-1.06542E-07 1.38191E-06-2.36539E-06 5.80117E-07-8.23863E-07-4.19922E-06
 -1       729 1.71992E-05-5.39941E-07-7.07684E-06 4.53160E-06 2.47894E-06 9.92237E-06
 -1       730 6.79013E-06 3.87575E-06-7.17832E-06 1.15107E-05 1.20354E-06 2.88682E-06
 -1       731-9.09564E-07 8.23464E-07 3.89538E-07-2.99395E-06-4.32097E-06-3.96992E-06
 -1       732 7.01374E-06-2.70216E-06-1.75724E-06-7.65254E-07-1.88534E-06 3.95779E-07
 -1       733 2.90032E-06-7.93501E-07-1.87673E-06-1.59009E-07 8.76707E-08 4.35657E-06
 -1       734 4.25427E-06-2.22950E-06-6.36480E-07 6.16296E-07 1.04893E-06 5.04678E-06
 -1       735 2.47746E-06-1.94968E-07-2.88645E-06 5.63931E-08 5.11638E-07 5.50327E-06
 -1       736 1.03954E-06 1.32117E-08-1.13407E-06-4.67833E-07 2.19210E-07 1.96448E-06
 -1       737 1.33329E-06-2.51147E-07-8.13454E-07-4.81264E-07-2.09209E-07 1.99817E-06
 -1       738 2.08936E-06-3.27505E-08-1.99100E-06-4.76973E-07 9.64713E-07 3.72054E-06
 -1       739 2.88863E-06 1.71026E-07-4.15440E-06-3.06367E-07 1.10713E-06 5.54155E-06
 -1       740-1.39177E-06 6.22597E-08 2.25272E-06 6.45539E-07 1.66785E-08 3.34951E-06
 -1       741-5.03957E-07-3.28402E-07 1.29185E-06 7.30975E-07 2.52591E-07 1.13833E-06
 -1       742-1.12317E-06-6.78004E-07 2.73094E-06 6.84538E-07 3.52092E-07 2.26847E-06
 -1       743 8.83389E-07 3.97682E-07-1.59601E-06-3.07541E-07 4.90265E-07 1.17282E-06
 -1       744 1.29525E-05-7.51430E-06 7.52275E-06 7.71102E-06 5.21716E-06 2.75534E-05
 -1       745-1.60675E-06 3.75695E-07 1.31808E-06-2.28521E-06 3.06523E-06 6.95059E-06
 -1       746 2.22283E-06-9.97030E-07 3.18050E-06 1.62205E-06 5.96823E-06 8.48363E-06
 -1       747-6.72220E-08 6.29169E-07-2.98632E-06-1.24059E-06-1.01666E-06 8.61883E-07
 -1       748 5.13422E-06-1.60621E-07-3.04691E-06 1.05847E-06 1.37482E-06 4.84722E-06
 -1       749 1.60512E-06 4.38477E-07-7.72610E-07 1.88085E-07 8.06844E-07 4.94904E-06
 -1       750 9.02341E-07 6.72859E-08-6.10056E-07-3.72182E-07-3.43690E-07 2.11590E-06
 -1       751 3.80395E-06-2.04725E-07-3.74570E-06 2.87406E-06-1.40760E-06 8.10053E-06
 -1       752 3.74588E-06-5.81345E-07-2.43461E-06-3.10008E-07 1.02590E-06 5.72905E-06
 -1       753 1.22103E-06 1.30509E-08 1.67701E-07 4.28911E-08 2.53315E-08 3.15006E-06
 -1       754 5.11808E-07-6.92082E-07 1.30115E-06 1.05600E-06-3.66508E-07 5.22876E-06
 -1       755 1.14300E-06-4.60740E-07-2.43935E-07 3.23786E-07-1.97158E-07 5.82629E-07
 -1       756 5.47876E-07 2.50685E-08-6.66012E-07-4.23060E-07 2.29076E-07 1.06613E-06
 -1       757 2.64045E-06 1.67035E-06-7.60455E-06-2.31943E-07-7.43802E-07-2.31938E-07
 -1       758-6.49301E-07-8.18302E-07 2.11578E-06 4.38979E-07 4.59242E-07 1.37887E-06
 -1       759 8.07896E-07-4.28516E-07 1.97476E-07 6.29538E-07-3.60776E-07 3.30509E-06
 -1       760 6.63909E-07-5.50196E-07 4.47856E-07 6.80018E-07-6.18272E-08 2.01078E-06
 -1       761 1.23851E-06-5.76406E-07 1.91984E-07-1.03070E-07-1.29049E-07-1.41884E-07
 -1       762 4.14437E-07-7.71919E-07 1.22727E-06 6.53091E-07 2.48659E-07 2.08568E-06
 -1       763 2.10048E-06 6.03544E-08-2.28143E-06-2.85212E-07 7.17432E-07 2.48578E-06
 -1       764 7.67320E-06-2.31583E-06-1.50439E-07 4.56611E-06 1.79990E-06 1.10695E-05
 -1       765 4.18707E-06 1.23906E-06-6.13082E-06 1.99968E-07 1.42926E-06 1.84412E-06
 -1       766-1.94081E-07 6.03482E-07-9.95689E-07-5.65333E-07-2.11196E-07 3.26754E-06
 -1       767-1.57839E-06-2.40169E-06 5.41718E-06 9.90298E-07 9.50209E-07 4.11794E-06
 -1       768-1.63049E-06-1.74953E-07 4.79541E-06-1.77238E-06 1.83152E-06 1.62659E-06
 -1       769 9.20838E-07-3.00659E-07-3.45817E-07-2.30396E-07-1.24464E-07 9.46289E-07
 -1       770-2.95610E-06 2.47449E-07 5.52932E-06 1.26513E-06 1.02103E-06 4.86633E-06
 -1       771 8.03499E-07-9.25267E-07 3.78656E-06 5.39450E-06 2.19915E-06 1.01701E-05
 -1       772 2.63705E-06 1.88444E-07 3.93094E-06 6.64218E-06 6.30009E-06 1.65632E-05
 -1       773-9.26773E-06 1.74529E-06 1.24279E-05-2.44578E-06 2.66167E-06-2.35067E-07
 -1       774-3.77849E-06-3.45744E-06 1.11512E-05 1.95850E-06 3.79796E-06 5.77730E-06
 -1       775-2.00670E-06-1.70600E-06 4.63825E-06 1.37924E-06 1.59480E-06 2.47926E-06
 -1       776 5.00666E-07-3.50186E-06 8.24202E-06 4.46927E-06 3.06883E-06 1.27566E-05
 -1       777-7.49670E-06-5.03102E-06 1.90428E-05-3.78924E-06 3.95716E-06 1.82032E-05
 -1       778 2.07467E-06-6.56067E-07-7.57520E-09-4.96237E-07-2.24056E-07 6.64018E-07
 -1       779-1.47891E-07 1.95823E-07-5.34883E-07-2.38562E-07-1.20150E-07 1.86250E-06
 -1       780 1.99935E-06-6.38031E-07-4.32835E-07 6.02430E-07-7.13331E-07 2.34633E-06
 -1       781-5.82003E-07 1.50653E-07-2.04161E-07 1.64107E-07-7.35668E-07 4.10693E-06
 -1       782 1.99864E-06-2.63291E-07-2.22333E-06 2.45611E-06-1.56553E-06-2.94532E-06
 -3
    1PSTEP                         4           1           1          
  100CL  101 1.000000000         782                     0    1           1
 -4  ERROR       1    1
 -5  STR(%)      1    1    0    0
 -1         1 3.33356E+01
 -1         2 3.44555E+01
 -1         3 3.60137E+01
 -1         4 3.58388E+01
 -1         5 2.63850E+01
 -1         6 2.08896E+01
 -1         7 2.63850E+01
 -1         8 2.56034E+01
 -1         9 2.35237E+01
 -1        10 2.52663E+01
 -1        11 1.92210E+01
 -1        12 2.36005E+01
 -1        13 2.08029E+01
 -1        14 2.60642E+01
 -1        15 3.59474E+01
 -1        16 3.76438E+01
 -1        17 3.31424E+01
 -1        18 2.94024E+01
 -1        19 2.65749E+01
 -1        20 3.31617E+01
 -1        21 3.73851E+01
 -1        22 3.04821E+01
 -1        23 2.97921E+01
 -1        24 3.54857E+01
 -1        25 3.71588E+01
 -1        26 3.46415E+01
 -1        27 3.67956E+01
 -1        28 3.53931E+01
 -1        29 3.12724E+01
 -1        30 2.79886E+01
 -1        31 2.98683E+01
 -1        32 3.52734E+01
 -1        33 3.39336E+01
 -1        34 3.01371E+01
 -1        35 3.26389E+01
 -1        36 3.63222E+01
 -1        37 3.52472E+01
 -1        38 3.38955E+01
 -1        39 3.59474E+01
 -1        40 3.76438E+01
 -1        41 3.14958E+01
 -1        42 3.14663E+01
 -1        43 3.63019E+01
 -1        44 3.67989E+01
 -1        45 3.01507E+01
 -1        46 3.73851E+01
 -1        47 4.32257E+01
 -1        48 3.71588E+01
 -1        49 3.71588E+01
 -1        50 3.52014E+01
 -1        51 3.67956E+01
 -1        52 3.45698E+01
 -1        53 3.14810E+01
 -1        54 3.38841E+01
 -1        55 3.65504E+01
 -1        56 3.34748E+01
 -1        57 3.37679E+01
 -1        58 4.03054E+01
 -1        59 4.01922E+01
 -1        60 3.71588E+01
 -1        61 3.58071E+01
 -1        62 3.11976E+01
 -1        63 3.76825E+01
 -1        64 3.76825E+01
 -1        65 3.96658E+01
 -1        66 3.96658E+01
 -1        67 2.49706E+01
 -1        68 3.65029E+01
 -1        69 3.65029E+01
 -1        70 3.49072E+01
 -1        71 2.99972E+01
 -1        72 2.28006E+01
 -1        73 3.36057E+01
 -1        74 3.44400E+01
 -1        75 3.76825E+01
 -1        76 3.86741E+01
 -1        77 3.96658E+01
 -1        78 3.23182E+01
 -1        79 3.07368E+01
 -1        80 3.65029E+01
 -1        81 3.57051E+01
 -1        82 3.24522E+01
 -1        83 2.63989E+01
 -1        84 2.94072E+01
 -1        85 2.90391E+01
 -1        86 3.36680E+01
 -1        87 3.43800E+01
 -1        88 3.05716E+01
 -1        89 3.72228E+01
 -1        90 3.72228E+01
 -1        91 3.17700E+01
 -1        92 2.55765E+01
 -1        93 3.06766E+01
 -1        94 3.45962E+01
 -1        95 3.37178E+01
 -1        96 3.24390E+01
 -1        97 3.13535E+01
 -1        98 3.40240E+01
 -1        99 3.24758E+01
 -1       100 3.38972E+01
 -1       101 3.72228E+01
 -1       102 3.44964E+01
 -1       103 2.86732E+01
 -1       104 2.81265E+01
 -1       105 3.26364E+01
 -1       106 3.41570E+01
 -1       107 3.47783E+01
 -1       108 3.58388E+01
 -1       109 3.60137E+01
 -1       110 3.58388E+01
 -1       111 3.59263E+01
 -1       112 3.60137E+01
 -1       113 2.36373E+01
 -1       114 2.63850E+01
 -1       115 2.59942E+01
 -1       116 2.32465E+01
 -1       117 2.43950E+01
 -1       118 2.13724E+01
 -1       119 2.14107E+01
 -1       120 2.44334E+01
 -1       121 2.30779E+01
 -1       122 2.49544E+01
 -1       123 2.46019E+01
 -1       124 2.28030E+01
 -1       125 3.09145E+01
 -1       126 3.09292E+01
 -1       127 2.80758E+01
 -1       128 2.09877E+01
 -1       129 2.53058E+01
 -1       130 2.84624E+01
 -1       131 2.68416E+01
 -1       132 2.97794E+01
 -1       133 2.98315E+01
 -1       134 2.86389E+01
 -1       135 2.24336E+01
 -1       136 2.58587E+01
 -1       137 3.09218E+01
 -1       138 2.95025E+01
 -1       139 2.45318E+01
 -1       140 2.31468E+01
 -1       141 2.68841E+01
 -1       142 2.76520E+01
 -1       143 2.83105E+01
 -1       144 2.98054E+01
 -1       145 2.92352E+01
 -1       146 2.55363E+01
 -1       147 2.16183E+01
 -1       148 2.34336E+01
 -1       149 3.09145E+01
 -1       150 3.09292E+01
 -1       151 2.80758E+01
 -1       152 2.19288E+01
 -1       153 2.50856E+01
 -1       154 2.67707E+01
 -1       155 2.68416E+01
 -1       156 2.98315E+01
 -1       157 2.98315E+01
 -1       158 2.86389E+01
 -1       159 2.24336E+01
 -1       160 2.84893E+01
 -1       161 3.09218E+01
 -1       162 2.95025E+01
 -1       163 2.50023E+01
 -1       164 2.35072E+01
 -1       165 2.59281E+01
 -1       166 2.68061E+01
 -1       167 2.83365E+01
 -1       168 2.98315E+01
 -1       169 2.92352E+01
 -1       170 2.55363E+01
 -1       171 2.42489E+01
 -1       172 3.52014E+01
 -1       173 3.58071E+01
 -1       174 3.59474E+01
 -1       175 3.71588E+01
 -1       176 3.67956E+01
 -1       177 3.45698E+01
 -1       178 3.23191E+01
 -1       179 3.76438E+01
 -1       180 3.23043E+01
 -1       181 3.04344E+01
 -1       182 2.90206E+01
 -1       183 3.14384E+01
 -1       184 3.47318E+01
 -1       185 3.70920E+01
 -1       186 3.49803E+01
 -1       187 3.73851E+01
 -1       188 3.39336E+01
 -1       189 3.37679E+01
 -1       190 3.35886E+01
 -1       191 3.34754E+01
 -1       192 3.63222E+01
 -1       193 3.65089E+01
 -1       194 3.71588E+01
 -1       195 4.11388E+01
 -1       196 3.96658E+01
 -1       197 3.20174E+01
 -1       198 4.03287E+01
 -1       199 4.32257E+01
 -1       200 4.03287E+01
 -1       201 3.73851E+01
 -1       202 3.70458E+01
 -1       203 3.99363E+01
 -1       204 3.67989E+01
 -1       205 3.12045E+01
 -1       206 3.99363E+01
 -1       207 3.85431E+01
 -1       208 3.72372E+01
 -1       209 3.26765E+01
 -1       210 3.45881E+01
 -1       211 3.65781E+01
 -1       212 3.85762E+01
 -1       213 3.61682E+01
 -1       214 2.74090E+01
 -1       215 3.40156E+01
 -1       216 3.44242E+01
 -1       217 3.35760E+01
 -1       218 3.61716E+01
 -1       219 3.65393E+01
 -1       220 3.87901E+01
 -1       221 3.55704E+01
 -1       222 3.46693E+01
 -1       223 3.65393E+01
 -1       224 3.99363E+01
 -1       225 3.31203E+01
 -1       226 3.45341E+01
 -1       227 3.98011E+01
 -1       228 3.51038E+01
 -1       229 3.18104E+01
 -1       230 3.83558E+01
 -1       231 3.70920E+01
 -1       232 3.49803E+01
 -1       233 3.69224E+01
 -1       234 3.39336E+01
 -1       235 3.73851E+01
 -1       236 3.70920E+01
 -1       237 3.65089E+01
 -1       238 3.68539E+01
 -1       239 4.03054E+01
 -1       240 3.79072E+01
 -1       241 3.50604E+01
 -1       242 4.17772E+01
 -1       243 3.87437E+01
 -1       244 3.79072E+01
 -1       245 4.03287E+01
 -1       246 3.61731E+01
 -1       247 3.12011E+01
 -1       248 3.44435E+01
 -1       249 3.88094E+01
 -1       250 3.88094E+01
 -1       251 3.88094E+01
 -1       252 3.98011E+01
 -1       253 3.96658E+01
 -1       254 3.96658E+01
 -1       255 3.83558E+01
 -1       256 3.10082E+01
 -1       257 3.08847E+01
 -1       258 3.66509E+01
 -1       259 3.69440E+01
 -1       260 3.69440E+01
 -1       261 3.98643E+01
 -1       262 3.90664E+01
 -1       263 3.76180E+01
 -1       264 3.51630E+01
 -1       265 3.51630E+01
 -1       266 3.15646E+01
 -1       267 3.55948E+01
 -1       268 3.70532E+01
 -1       269 3.55948E+01
 -1       270 3.45962E+01
 -1       271 4.32257E+01
 -1       272 4.32257E+01
 -1       273 4.20657E+01
 -1       274 3.72228E+01
 -1       275 3.80473E+01
 -1       276 3.67989E+01
 -1       277 3.28527E+01
 -1       278 3.99363E+01
 -1       279 3.50251E+01
 -1       280 3.57711E+01
 -1       281 3.63768E+01
 -1       282 3.50251E+01
 -1       283 3.55948E+01
 -1       284 3.23169E+01
 -1       285 3.57168E+01
 -1       286 3.57168E+01
 -1       287 3.46563E+01
 -1       288 3.44000E+01
 -1       289 3.52482E+01
 -1       290 3.42237E+01
 -1       291 3.87901E+01
 -1       292 3.57160E+01
 -1       293 3.63945E+01
 -1       294 3.47715E+01
 -1       295 3.47568E+01
 -1       296 3.89918E+01
 -1       297 3.42598E+01
 -1       298 3.66775E+01
 -1       299 3.75503E+01
 -1       300 3.67624E+01
 -1       301 3.70109E+01
 -1       302 3.71380E+01
 -1       303 3.67989E+01
 -1       304 3.34748E+01
 -1       305 3.70109E+01
 -1       306 3.61082E+01
 -1       307 3.97254E+01
 -1       308 3.94323E+01
 -1       309 4.03054E+01
 -1       310 4.32257E+01
 -1       311 4.26457E+01
 -1       312 4.32257E+01
 -1       313 4.01922E+01
 -1       314 4.32257E+01
 -1       315 3.58775E+01
 -1       316 3.58775E+01
 -1       317 3.89109E+01
 -1       318 3.50955E+01
 -1       319 3.32603E+01
 -1       320 3.09459E+01
 -1       321 3.71581E+01
 -1       322 3.68021E+01
 -1       323 3.43095E+01
 -1       324 3.62136E+01
 -1       325 3.71380E+01
 -1       326 3.38124E+01
 -1       327 3.72228E+01
 -1       328 3.72228E+01
 -1       329 3.42844E+01
 -1       330 3.70109E+01
 -1       331 3.38211E+01
 -1       332 3.69179E+01
 -1       333 3.69511E+01
 -1       334 3.44011E+01
 -1       335 3.89109E+01
 -1       336 3.69511E+01
 -1       337 3.41570E+01
 -1       338 3.45962E+01
 -1       339 3.18922E+01
 -1       340 4.03287E+01
 -1       341 3.28527E+01
 -1       342 3.76825E+01
 -1       343 4.20657E+01
 -1       344 3.65029E+01
 -1       345 2.62245E+01
 -1       346 3.37178E+01
 -1       347 4.11388E+01
 -1       348 4.11388E+01
 -1       349 3.58388E+01
 -1       350 3.46496E+01
 -1       351 3.46571E+01
 -1       352 3.72228E+01
 -1       353 3.96658E+01
 -1       354 3.80473E+01
 -1       355 3.85762E+01
 -1       356 3.61682E+01
 -1       357 3.11191E+01
 -1       358 2.45125E+01
 -1       359 3.11191E+01
 -1       360 3.85762E+01
 -1       361 3.58388E+01
 -1       362 3.24390E+01
 -1       363 3.52442E+01
 -1       364 3.41837E+01
 -1       365 3.58388E+01
 -1       366 3.52442E+01
 -1       367 3.20251E+01
 -1       368 3.52676E+01
 -1       369 3.69957E+01
 -1       370 3.61682E+01
 -1       371 4.11388E+01
 -1       372 3.76825E+01
 -1       373 3.76825E+01
 -1       374 3.52676E+01
 -1       375 3.78649E+01
 -1       376 3.88566E+01
 -1       377 3.78649E+01
 -1       378 3.96658E+01
 -1       379 3.96658E+01
 -1       380 3.88566E+01
 -1       381 3.84443E+01
 -1       382 3.10967E+01
 -1       383 3.84443E+01
 -1       384 3.55800E+01
 -1       385 2.98138E+01
 -1       386 3.59400E+01
 -1       387 3.65029E+01
 -1       388 3.65029E+01
 -1       389 3.55800E+01
 -1       390 3.92843E+01
 -1       391 3.84865E+01
 -1       392 3.92843E+01
 -1       393 3.33997E+01
 -1       394 3.09447E+01
 -1       395 3.69790E+01
 -1       396 3.51630E+01
 -1       397 3.15646E+01
 -1       398 3.61104E+01
 -1       399 3.70232E+01
 -1       400 2.82592E+01
 -1       401 2.99711E+01
 -1       402 3.32603E+01
 -1       403 3.09459E+01
 -1       404 3.50889E+01
 -1       405 3.84888E+01
 -1       406 3.60312E+01
 -1       407 3.56752E+01
 -1       408 3.43095E+01
 -1       409 3.62136E+01
 -1       410 3.84443E+01
 -1       411 3.51187E+01
 -1       412 3.72228E+01
 -1       413 3.72228E+01
 -1       414 3.59400E+01
 -1       415 3.32135E+01
 -1       416 3.10397E+01
 -1       417 3.41365E+01
 -1       418 3.63712E+01
 -1       419 3.38211E+01
 -1       420 3.32442E+01
 -1       421 3.12844E+01
 -1       422 3.70232E+01
 -1       423 3.74624E+01
 -1       424 3.37178E+01
 -1       425 3.41837E+01
 -1       426 3.59263E+01
 -1       427 3.53317E+01
 -1       428 3.48657E+01
 -1       429 3.85762E+01
 -1       430 2.59942E+01
 -1       431 2.35621E+01
 -1       432 2.58256E+01
 -1       433 2.49927E+01
 -1       434 3.10275E+01
 -1       435 2.59942E+01
 -1       436 2.36373E+01
 -1       437 2.58256E+01
 -1       438 2.49927E+01
 -1       439 2.63850E+01
 -1       440 2.63850E+01
 -1       441 2.63850E+01
 -1       442 2.49544E+01
 -1       443 2.28030E+01
 -1       444 2.84893E+01
 -1       445 2.42489E+01
 -1       446 3.09145E+01
 -1       447 2.24336E+01
 -1       448 3.09218E+01
 -1       449 3.09292E+01
 -1       450 2.95025E+01
 -1       451 2.80758E+01
 -1       452 2.45318E+01
 -1       453 2.36173E+01
 -1       454 2.14583E+01
 -1       455 2.60383E+01
 -1       456 2.76165E+01
 -1       457 2.51957E+01
 -1       458 2.68061E+01
 -1       459 2.68416E+01
 -1       460 2.83105E+01
 -1       461 2.98054E+01
 -1       462 2.98315E+01
 -1       463 2.92352E+01
 -1       464 2.86389E+01
 -1       465 2.98315E+01
 -1       466 2.55363E+01
 -1       467 2.93294E+01
 -1       468 3.79485E+01
 -1       469 2.97794E+01
 -1       470 2.67793E+01
 -1       471 3.27257E+01
 -1       472 3.79485E+01
 -1       473 2.84624E+01
 -1       474 2.70014E+01
 -1       475 2.68511E+01
 -1       476 3.04374E+01
 -1       477 2.50856E+01
 -1       478 2.89580E+01
 -1       479 2.39022E+01
 -1       480 2.93757E+01
 -1       481 3.01910E+01
 -1       482 3.24749E+01
 -1       483 3.44388E+01
 -1       484 3.44315E+01
 -1       485 3.24749E+01
 -1       486 2.92566E+01
 -1       487 3.06833E+01
 -1       488 3.41929E+01
 -1       489 2.68567E+01
 -1       490 3.04008E+01
 -1       491 3.15815E+01
 -1       492 2.51957E+01
 -1       493 2.30366E+01
 -1       494 2.89056E+01
 -1       495 2.76208E+01
 -1       496 2.60426E+01
 -1       497 2.59325E+01
 -1       498 2.76520E+01
 -1       499 2.84624E+01
 -1       500 2.76208E+01
 -1       501 2.91209E+01
 -1       502 2.98054E+01
 -1       503 2.97794E+01
 -1       504 2.91209E+01
 -1       505 2.92091E+01
 -1       506 2.46424E+01
 -1       507 2.77450E+01
 -1       508 2.83153E+01
 -1       509 3.23998E+01
 -1       510 2.95544E+01
 -1       511 3.38639E+01
 -1       512 3.36389E+01
 -1       513 3.79485E+01
 -1       514 3.36389E+01
 -1       515 2.88959E+01
 -1       516 3.10275E+01
 -1       517 2.97525E+01
 -1       518 2.80543E+01
 -1       519 3.53371E+01
 -1       520 3.27257E+01
 -1       521 3.79485E+01
 -1       522 2.98315E+01
 -1       523 2.84624E+01
 -1       524 2.08169E+01
 -1       525 3.27257E+01
 -1       526 2.66564E+01
 -1       527 2.70014E+01
 -1       528 1.99736E+01
 -1       529 3.09292E+01
 -1       530 1.99493E+01
 -1       531 2.65328E+01
 -1       532 2.89580E+01
 -1       533 3.01910E+01
 -1       534 3.20063E+01
 -1       535 3.24749E+01
 -1       536 3.18201E+01
 -1       537 3.18274E+01
 -1       538 2.98636E+01
 -1       539 3.09292E+01
 -1       540 2.95025E+01
 -1       541 3.18274E+01
 -1       542 2.44464E+01
 -1       543 2.13729E+01
 -1       544 2.58731E+01
 -1       545 2.09390E+01
 -1       546 2.25174E+01
 -1       547 2.03831E+01
 -1       548 2.67740E+01
 -1       549 2.76165E+01
 -1       550 2.42058E+01
 -1       551 2.67136E+01
 -1       552 2.67490E+01
 -1       553 2.75594E+01
 -1       554 2.82440E+01
 -1       555 2.98315E+01
 -1       556 2.98315E+01
 -1       557 2.82440E+01
 -1       558 2.92352E+01
 -1       559 2.43063E+01
 -1       560 2.12036E+01
 -1       561 2.49025E+01
 -1       562 2.89610E+01
 -1       563 3.53371E+01
 -1       564 3.38900E+01
 -1       565 3.12786E+01
 -1       566 3.27257E+01
 -1       567 3.53371E+01
 -1       568 2.96911E+01
 -1       569 3.05940E+01
 -1       570 2.46396E+01
 -1       571 2.67713E+01
 -1       572 2.67713E+01
 -1       573 3.99363E+01
 -1       574 3.76438E+01
 -1       575 4.11388E+01
 -1       576 3.87901E+01
 -1       577 3.57160E+01
 -1       578 3.87901E+01
 -1       579 3.65393E+01
 -1       580 3.84443E+01
 -1       581 3.96658E+01
 -1       582 3.71380E+01
 -1       583 3.83595E+01
 -1       584 3.83595E+01
 -1       585 3.58515E+01
 -1       586 3.71343E+01
 -1       587 3.59400E+01
 -1       588 3.72228E+01
 -1       589 3.71343E+01
 -1       590 3.92843E+01
 -1       591 3.97254E+01
 -1       592 3.69440E+01
 -1       593 3.60211E+01
 -1       594 3.83614E+01
 -1       595 3.89918E+01
 -1       596 3.88094E+01
 -1       597 3.78649E+01
 -1       598 3.89918E+01
 -1       599 3.80473E+01
 -1       600 4.03287E+01
 -1       601 3.61104E+01
 -1       602 3.75589E+01
 -1       603 4.17772E+01
 -1       604 4.17772E+01
 -1       605 3.70232E+01
 -1       606 3.28676E+01
 -1       607 3.38061E+01
 -1       608 3.46563E+01
 -1       609 3.79617E+01
 -1       610 3.84443E+01
 -1       611 3.41570E+01
 -1       612 3.74624E+01
 -1       613 3.99363E+01
 -1       614 3.88094E+01
 -1       615 3.94323E+01
 -1       616 3.57280E+01
 -1       617 3.57280E+01
 -1       618 3.69224E+01
 -1       619 4.03287E+01
 -1       620 4.17772E+01
 -1       621 3.74624E+01
 -1       622 3.88094E+01
 -1       623 3.99363E+01
 -1       624 3.67989E+01
 -1       625 3.85762E+01
 -1       626 3.84888E+01
 -1       627 3.78942E+01
 -1       628 2.91210E+01
 -1       629 3.40156E+01
 -1       630 3.74283E+01
 -1       631 4.32257E+01
 -1       632 4.32257E+01
 -1       633 4.32257E+01
 -1       634 3.44652E+01
 -1       635 3.65781E+01
 -1       636 3.83668E+01
 -1       637 3.72372E+01
 -1       638 3.98011E+01
 -1       639 3.88566E+01
 -1       640 4.20657E+01
 -1       641 3.97254E+01
 -1       642 3.87437E+01
 -1       643 3.93557E+01
 -1       644 3.51222E+01
 -1       645 4.11972E+01
 -1       646 4.26457E+01
 -1       647 4.11388E+01
 -1       648 4.11388E+01
 -1       649 3.63945E+01
 -1       650 3.52482E+01
 -1       651 3.87901E+01
 -1       652 3.76632E+01
 -1       653 3.63945E+01
 -1       654 3.87901E+01
 -1       655 4.03054E+01
 -1       656 3.63768E+01
 -1       657 3.87437E+01
 -1       658 3.65089E+01
 -1       659 3.67413E+01
 -1       660 3.93913E+01
 -1       661 3.33415E+01
 -1       662 3.88566E+01
 -1       663 3.55661E+01
 -1       664 3.79839E+01
 -1       665 4.26457E+01
 -1       666 4.26457E+01
 -1       667 4.26457E+01
 -1       668 3.66739E+01
 -1       669 3.73851E+01
 -1       670 3.57013E+01
 -1       671 3.69224E+01
 -1       672 3.97254E+01
 -1       673 3.70920E+01
 -1       674 3.67989E+01
 -1       675 3.99363E+01
 -1       676 3.99363E+01
 -1       677 3.87901E+01
 -1       678 3.28527E+01
 -1       679 3.77971E+01
 -1       680 3.20286E+01
 -1       681 3.55948E+01
 -1       682 3.57168E+01
 -1       683 3.66193E+01
 -1       684 3.52482E+01
 -1       685 3.44242E+01
 -1       686 3.61716E+01
 -1       687 3.76438E+01
 -1       688 3.67956E+01
 -1       689 3.76438E+01
 -1       690 4.11388E+01
 -1       691 4.11388E+01
 -1       692 4.11388E+01
 -1       693 3.85431E+01
 -1       694 3.85762E+01
 -1       695 3.84888E+01
 -1       696 3.67956E+01
 -1       697 3.85431E+01
 -1       698 3.93913E+01
 -1       699 3.93913E+01
 -1       700 3.83668E+01
 -1       701 3.84888E+01
 -1       702 3.89918E+01
 -1       703 3.99363E+01
 -1       704 2.63850E+01
 -1       705 2.63850E+01
 -1       706 2.63850E+01
 -1       707 2.49927E+01
 -1       708 2.58256E+01
 -1       709 3.79485E+01
 -1       710 2.54203E+01
 -1       711 2.84624E+01
 -1       712 2.76165E+01
 -1       713 2.84624E+01
 -1       714 2.75594E+01
 -1       715 2.76520E+01
 -1       716 2.59325E+01
 -1       717 2.76208E+01
 -1       718 2.60998E+01
 -1       719 2.69413E+01
 -1       720 2.52529E+01
 -1       721 2.53631E+01
 -1       722 2.70014E+01
 -1       723 2.89580E+01
 -1       724 3.44315E+01
 -1       725 3.24749E+01
 -1       726 3.24749E+01
 -1       727 2.84624E+01
 -1       728 2.69413E+01
 -1       729 2.76520E+01
 -1       730 2.84624E+01
 -1       731 2.76520E+01
 -1       732 2.60955E+01
 -1       733 2.50856E+01
 -1       734 2.67740E+01
 -1       735 2.25174E+01
 -1       736 3.06833E+01
 -1       737 3.44388E+01
 -1       738 3.18274E+01
 -1       739 2.29513E+01
 -1       740 3.23998E+01
 -1       741 2.46424E+01
 -1       742 2.34124E+01
 -1       743 2.95025E+01
 -1       744 2.75594E+01
 -1       745 3.27257E+01
 -1       746 2.97525E+01
 -1       747 3.53371E+01
 -1       748 2.37981E+01
 -1       749 3.27257E+01
 -1       750 3.53371E+01
 -1       751 3.53371E+01
 -1       752 2.67713E+01
 -1       753 3.79485E+01
 -1       754 3.79485E+01
 -1       755 2.65328E+01
 -1       756 3.09292E+01
 -1       757 2.35072E+01
 -1       758 2.77450E+01
 -1       759 3.24749E+01
 -1       760 3.20063E+01
 -1       761 3.44315E+01
 -1       762 3.01910E+01
 -1       763 2.44464E+01
 -1       764 2.84624E+01
 -1       765 2.09023E+01
 -1       766 3.53371E+01
 -1       767 2.83413E+01
 -1       768 2.98315E+01
 -1       769 3.44388E+01
 -1       770 3.38639E+01
 -1       771 3.12525E+01
 -1       772 3.05940E+01
 -1       773 2.98054E+01
 -1       774 2.98054E+01
 -1       775 2.92352E+01
 -1       776 2.91469E+01
 -1       777 2.82179E+01
 -1       778 3.79485E+01
 -1       779 3.44388E+01
 -1       780 3.79485E+01
 -1       781 3.79485E+01
 -1       782 2.84624E+01
 -3
 9999
