    1C
    1UUSER                                                              
    1UDATE              05.september.2026                               
    1UTIME              11:50:38                                        
    1UHOST                                                              
    1UPGM               CalculiX                                        
    1UVERSION           Version 2.18                             
    1UCOMPILETIME       Thu Oct 14 16:21:20 EEST 2021                    
    1UDIR                                                               
    1UDBN                                                               
    1UMAT    1FEMPART002_MATERIAL                                       
    2C                           782                                     1
 -1         1-5.00000E-15 5.00000E+00 2.12000E+02
 -1         2-5.00000E-15-5.00000E+00 2.12000E+02
 -1         3-2.00000E-15 5.00000E+00 2.00000E+02
 -1         4-2.00000E-15-5.00000E+00 2.00000E+02
 -1         5-5.00000E+00-3.00000E+00 1.80000E+02
 -1         6-5.00000E+00-3.00000E+00 4.80000E+01
 -1         7-5.00000E+00 3.00000E+00 1.80000E+02
 -1         8-5.00000E+00 3.00000E+00 4.80000E+01
 -1         9 5.00000E+00-3.00000E+00 1.80000E+02
 -1        10 5.00000E+00-3.00000E+00 4.80000E+01
 -1        11 5.00000E+00 3.00000E+00 1.80000E+02
 -1        12 5.00000E+00 3.00000E+00 4.80000E+01
 -1        13-7.00000E-15 5.00000E+00 7.60000E+01
 -1        14-7.00000E-15-5.00000E+00 7.60000E+01
 -1        15 1.00000E+01 5.00000E+00 2.09321E+02
 -1        16 1.73205E+01 5.00000E+00 2.02000E+02
 -1        17 2.00000E+01 5.00000E+00 1.92000E+02
 -1        18 1.73205E+01 5.00000E+00 1.82000E+02
 -1        19 1.00000E+01 5.00000E+00 1.74679E+02
 -1        20-1.13014E-13 5.00000E+00 1.72000E+02
 -1        21-1.00000E+01 5.00000E+00 1.74679E+02
 -1        22-1.73205E+01 5.00000E+00 1.82000E+02
 -1        23-2.00000E+01 5.00000E+00 1.92000E+02
 -1        24-1.73205E+01 5.00000E+00 2.02000E+02
 -1        25-1.00000E+01 5.00000E+00 2.09321E+02
 -1        26 5.17638E+00 5.00000E+00 2.11319E+02
 -1        27 1.41421E+01 5.00000E+00 2.06142E+02
 -1        28 1.93185E+01 5.00000E+00 1.97176E+02
 -1        29 1.93185E+01 5.00000E+00 1.86824E+02
 -1        30 1.41421E+01 5.00000E+00 1.77858E+02
 -1        31 5.17638E+00 5.00000E+00 1.72681E+02
 -1        32-5.17638E+00 5.00000E+00 1.72681E+02
 -1        33-1.41421E+01 5.00000E+00 1.77858E+02
 -1        34-1.93185E+01 5.00000E+00 1.86824E+02
 -1        35-1.93185E+01 5.00000E+00 1.97176E+02
 -1        36-1.41421E+01 5.00000E+00 2.06142E+02
 -1        37-5.17638E+00 5.00000E+00 2.11319E+02
 -1        38-4.90000E-15 0.00000E+00 2.12000E+02
 -1        39 1.00000E+01-5.00000E+00 2.09321E+02
 -1        40 1.73205E+01-5.00000E+00 2.02000E+02
 -1        41 2.00000E+01-5.00000E+00 1.92000E+02
 -1        42 1.73205E+01-5.00000E+00 1.82000E+02
 -1        43 1.00000E+01-5.00000E+00 1.74679E+02
 -1        44-1.13014E-13-5.00000E+00 1.72000E+02
 -1        45-1.00000E+01-5.00000E+00 1.74679E+02
 -1        46-1.73205E+01-5.00000E+00 1.82000E+02
 -1        47-2.00000E+01-5.00000E+00 1.92000E+02
 -1        48-1.73205E+01-5.00000E+00 2.02000E+02
 -1        49-1.00000E+01-5.00000E+00 2.09321E+02
 -1        50 5.17638E+00-5.00000E+00 2.11319E+02
 -1        51 1.41421E+01-5.00000E+00 2.06142E+02
 -1        52 1.93185E+01-5.00000E+00 1.97176E+02
 -1        53 1.93185E+01-5.00000E+00 1.86824E+02
 -1        54 1.41421E+01-5.00000E+00 1.77858E+02
 -1        55 5.17638E+00-5.00000E+00 1.72681E+02
 -1        56-5.17638E+00-5.00000E+00 1.72681E+02
 -1        57-1.41421E+01-5.00000E+00 1.77858E+02
 -1        58-1.93185E+01-5.00000E+00 1.86824E+02
 -1        59-1.93185E+01-5.00000E+00 1.97176E+02
 -1        60-1.41421E+01-5.00000E+00 2.06142E+02
 -1        61-5.17638E+00-5.00000E+00 2.11319E+02
 -1        62 4.00000E+00 5.00000E+00 1.98928E+02
 -1        63 6.92820E+00 5.00000E+00 1.96000E+02
 -1        64 8.00000E+00 5.00000E+00 1.92000E+02
 -1        65 6.92820E+00 5.00000E+00 1.88000E+02
 -1        66 4.00000E+00 5.00000E+00 1.85072E+02
 -1        67-4.52056E-14 5.00000E+00 1.84000E+02
 -1        68-4.00000E+00 5.00000E+00 1.85072E+02
 -1        69-6.92820E+00 5.00000E+00 1.88000E+02
 -1        70-8.00000E+00 5.00000E+00 1.92000E+02
 -1        71-6.92820E+00 5.00000E+00 1.96000E+02
 -1        72-4.00000E+00 5.00000E+00 1.98928E+02
 -1        73 2.07055E+00 5.00000E+00 1.99727E+02
 -1        74 5.65685E+00 5.00000E+00 1.97657E+02
 -1        75 7.72741E+00 5.00000E+00 1.94071E+02
 -1        76 7.72741E+00 5.00000E+00 1.89929E+02
 -1        77 5.65685E+00 5.00000E+00 1.86343E+02
 -1        78 2.07055E+00 5.00000E+00 1.84273E+02
 -1        79-2.07055E+00 5.00000E+00 1.84273E+02
 -1        80-5.65685E+00 5.00000E+00 1.86343E+02
 -1        81-7.72741E+00 5.00000E+00 1.89929E+02
 -1        82-7.72741E+00 5.00000E+00 1.94071E+02
 -1        83-5.65685E+00 5.00000E+00 1.97657E+02
 -1        84-2.07055E+00 5.00000E+00 1.99727E+02
 -1        85 4.00000E+00-5.00000E+00 1.98928E+02
 -1        86 6.92820E+00-5.00000E+00 1.96000E+02
 -1        87 8.00000E+00-5.00000E+00 1.92000E+02
 -1        88 6.92820E+00-5.00000E+00 1.88000E+02
 -1        89 4.00000E+00-5.00000E+00 1.85072E+02
 -1        90-4.52056E-14-5.00000E+00 1.84000E+02
 -1        91-4.00000E+00-5.00000E+00 1.85072E+02
 -1        92-6.92820E+00-5.00000E+00 1.88000E+02
 -1        93-8.00000E+00-5.00000E+00 1.92000E+02
 -1        94-6.92820E+00-5.00000E+00 1.96000E+02
 -1        95-4.00000E+00-5.00000E+00 1.98928E+02
 -1        96 2.07055E+00-5.00000E+00 1.99727E+02
 -1        97 5.65685E+00-5.00000E+00 1.97657E+02
 -1        98 7.72741E+00-5.00000E+00 1.94071E+02
 -1        99 7.72741E+00-5.00000E+00 1.89929E+02
 -1       100 5.65685E+00-5.00000E+00 1.86343E+02
 -1       101 2.07055E+00-5.00000E+00 1.84273E+02
 -1       102-2.07055E+00-5.00000E+00 1.84273E+02
 -1       103-5.65685E+00-5.00000E+00 1.86343E+02
 -1       104-7.72741E+00-5.00000E+00 1.89929E+02
 -1       105-7.72741E+00-5.00000E+00 1.94071E+02
 -1       106-5.65685E+00-5.00000E+00 1.97657E+02
 -1       107-2.07055E+00-5.00000E+00 1.99727E+02
 -1       108-1.96000E-15-1.66667E+00 2.00000E+02
 -1       109-1.96000E-15 1.66667E+00 2.00000E+02
 -1       110-1.96000E-15-3.33333E+00 2.00000E+02
 -1       111-1.96000E-15 8.88178E-16 2.00000E+02
 -1       112-1.96000E-15 3.33333E+00 2.00000E+02
 -1       113-5.00000E+00-3.00000E+00 1.14000E+02
 -1       114-5.00000E+00 0.00000E+00 1.80000E+02
 -1       115-5.00000E+00 3.00000E+00 1.14000E+02
 -1       116-5.00000E+00 0.00000E+00 4.80000E+01
 -1       117 5.00000E+00-3.00000E+00 1.14000E+02
 -1       118 5.00000E+00 0.00000E+00 1.80000E+02
 -1       119 5.00000E+00 3.00000E+00 1.14000E+02
 -1       120 5.00000E+00 0.00000E+00 4.80000E+01
 -1       121 0.00000E+00-3.00000E+00 4.80000E+01
 -1       122 0.00000E+00-3.00000E+00 1.80000E+02
 -1       123 0.00000E+00 3.00000E+00 4.80000E+01
 -1       124 0.00000E+00 3.00000E+00 1.80000E+02
 -1       125 1.40000E+01 5.00000E+00 7.22487E+01
 -1       126 2.42487E+01 5.00000E+00 6.20000E+01
 -1       127 2.80000E+01 5.00000E+00 4.80000E+01
 -1       128 2.42487E+01 5.00000E+00 3.40000E+01
 -1       129 1.40000E+01 5.00000E+00 2.37513E+01
 -1       130-1.70654E-13 5.00000E+00 2.00000E+01
 -1       131-1.40000E+01 5.00000E+00 2.37513E+01
 -1       132-2.42487E+01 5.00000E+00 3.40000E+01
 -1       133-2.80000E+01 5.00000E+00 4.80000E+01
 -1       134-2.42487E+01 5.00000E+00 6.20000E+01
 -1       135-1.40000E+01 5.00000E+00 7.22487E+01
 -1       136 7.24693E+00 5.00000E+00 7.50459E+01
 -1       137 1.97990E+01 5.00000E+00 6.77990E+01
 -1       138 2.70459E+01 5.00000E+00 5.52469E+01
 -1       139 2.70459E+01 5.00000E+00 4.07531E+01
 -1       140 1.97990E+01 5.00000E+00 2.82010E+01
 -1       141 7.24693E+00 5.00000E+00 2.09541E+01
 -1       142-7.24693E+00 5.00000E+00 2.09541E+01
 -1       143-1.97990E+01 5.00000E+00 2.82010E+01
 -1       144-2.70459E+01 5.00000E+00 4.07531E+01
 -1       145-2.70459E+01 5.00000E+00 5.52469E+01
 -1       146-1.97990E+01 5.00000E+00 6.77990E+01
 -1       147-7.24693E+00 5.00000E+00 7.50459E+01
 -1       148-6.86000E-15 0.00000E+00 7.60000E+01
 -1       149 1.40000E+01-5.00000E+00 7.22487E+01
 -1       150 2.42487E+01-5.00000E+00 6.20000E+01
 -1       151 2.80000E+01-5.00000E+00 4.80000E+01
 -1       152 2.42487E+01-5.00000E+00 3.40000E+01
 -1       153 1.40000E+01-5.00000E+00 2.37513E+01
 -1       154-1.70654E-13-5.00000E+00 2.00000E+01
 -1       155-1.40000E+01-5.00000E+00 2.37513E+01
 -1       156-2.42487E+01-5.00000E+00 3.40000E+01
 -1       157-2.80000E+01-5.00000E+00 4.80000E+01
 -1       158-2.42487E+01-5.00000E+00 6.20000E+01
 -1       159-1.40000E+01-5.00000E+00 7.22487E+01
 -1       160 7.24693E+00-5.00000E+00 7.50459E+01
 -1       161 1.97990E+01-5.00000E+00 6.77990E+01
 -1       162 2.70459E+01-5.00000E+00 5.52469E+01
 -1       163 2.70459E+01-5.00000E+00 4.07531E+01
 -1       164 1.97990E+01-5.00000E+00 2.82010E+01
 -1       165 7.24693E+00-5.00000E+00 2.09541E+01
 -1       166-7.24693E+00-5.00000E+00 2.09541E+01
 -1       167-1.97990E+01-5.00000E+00 2.82010E+01
 -1       168-2.70459E+01-5.00000E+00 4.07531E+01
 -1       169-2.70459E+01-5.00000E+00 5.52469E+01
 -1       170-1.97990E+01-5.00000E+00 6.77990E+01
 -1       171-7.24693E+00-5.00000E+00 7.50459E+01
 -1       172 5.17638E+00 0.00000E+00 2.11319E+02
 -1       173-5.17638E+00 0.00000E+00 2.11319E+02
 -1       174 1.00000E+01 0.00000E+00 2.09321E+02
 -1       175-1.00000E+01 0.00000E+00 2.09321E+02
 -1       176 1.41421E+01 0.00000E+00 2.06142E+02
 -1       177 1.93185E+01 0.00000E+00 1.97176E+02
 -1       178 2.00000E+01 0.00000E+00 1.92000E+02
 -1       179 1.73205E+01 0.00000E+00 2.02000E+02
 -1       180 1.93185E+01 0.00000E+00 1.86824E+02
 -1       181 1.73205E+01 0.00000E+00 1.82000E+02
 -1       182 1.41421E+01 0.00000E+00 1.77858E+02
 -1       183 1.00000E+01 0.00000E+00 1.74679E+02
 -1       184 5.17638E+00 0.00000E+00 1.72681E+02
 -1       185-5.17638E+00 0.00000E+00 1.72681E+02
 -1       186-1.13014E-13 0.00000E+00 1.72000E+02
 -1       187-1.41421E+01 0.00000E+00 1.77858E+02
 -1       188-1.73205E+01 0.00000E+00 1.82000E+02
 -1       189-1.00000E+01 0.00000E+00 1.74679E+02
 -1       190-1.93185E+01 0.00000E+00 1.86824E+02
 -1       191-1.93185E+01 0.00000E+00 1.97176E+02
 -1       192-1.73205E+01 0.00000E+00 2.02000E+02
 -1       193-2.00000E+01 0.00000E+00 1.92000E+02
 -1       194-1.41421E+01 0.00000E+00 2.06142E+02
 -1       195 3.41624E+00 5.00000E+00 2.04750E+02
 -1       196 9.33333E+00 5.00000E+00 1.82667E+02
 -1       197-3.47208E+00 5.00000E+00 2.04541E+02
 -1       198-9.28680E+00 5.00000E+00 2.01090E+02
 -1       199-1.27496E+01 5.00000E+00 1.88584E+02
 -1       200-1.23808E+01 5.00000E+00 1.95279E+02
 -1       201-9.12493E+00 5.00000E+00 1.82723E+02
 -1       202 3.26367E+00 5.00000E+00 1.79403E+02
 -1       203 1.25970E+01 5.00000E+00 1.88736E+02
 -1       204-3.31021E+00 5.00000E+00 1.79646E+02
 -1       205 9.27749E+00 5.00000E+00 2.01125E+02
 -1       206 1.23539E+01 5.00000E+00 1.95310E+02
 -1       207 6.70812E+00 5.00000E+00 2.07035E+02
 -1       208 1.70812E+00 5.00000E+00 2.08375E+02
 -1       209-1.73604E+00 5.00000E+00 2.08271E+02
 -1       210-6.73604E+00 5.00000E+00 2.06931E+02
 -1       211-2.79210E-02 5.00000E+00 2.04645E+02
 -1       212 1.70812E+00 5.00000E+00 2.02375E+02
 -1       213 3.70812E+00 5.00000E+00 2.01839E+02
 -1       214-3.73604E+00 5.00000E+00 2.01735E+02
 -1       215-1.73604E+00 5.00000E+00 2.02271E+02
 -1       216 1.32990E+01 5.00000E+00 2.01562E+02
 -1       217 9.63875E+00 5.00000E+00 2.05223E+02
 -1       218 6.34686E+00 5.00000E+00 2.02937E+02
 -1       219 1.61769E+01 5.00000E+00 1.93655E+02
 -1       220 1.48372E+01 5.00000E+00 1.98655E+02
 -1       221 1.08157E+01 5.00000E+00 1.98218E+02
 -1       222 1.49588E+01 5.00000E+00 1.85368E+02
 -1       223 1.62985E+01 5.00000E+00 1.90368E+02
 -1       224 1.24754E+01 5.00000E+00 1.92023E+02
 -1       225 9.66667E+00 5.00000E+00 1.78673E+02
 -1       226 1.33269E+01 5.00000E+00 1.82333E+02
 -1       227 1.09652E+01 5.00000E+00 1.85701E+02
 -1       228 1.63184E+00 5.00000E+00 1.75701E+02
 -1       229 6.63184E+00 5.00000E+00 1.77041E+02
 -1       230 6.29850E+00 5.00000E+00 1.81035E+02
 -1       231-6.65510E+00 5.00000E+00 1.77163E+02
 -1       232-1.65510E+00 5.00000E+00 1.75823E+02
 -1       233-2.32675E-02 5.00000E+00 1.79525E+02
 -1       234-1.32227E+01 5.00000E+00 1.82361E+02
 -1       235-9.56246E+00 5.00000E+00 1.78701E+02
 -1       236-6.21757E+00 5.00000E+00 1.81184E+02
 -1       237-1.63748E+01 5.00000E+00 1.90292E+02
 -1       238-1.50350E+01 5.00000E+00 1.85292E+02
 -1       239-1.09372E+01 5.00000E+00 1.85653E+02
 -1       240-1.48507E+01 5.00000E+00 1.98639E+02
 -1       241-1.61904E+01 5.00000E+00 1.93639E+02
 -1       242-1.25652E+01 5.00000E+00 1.91931E+02
 -1       243-9.64340E+00 5.00000E+00 2.05205E+02
 -1       244-1.33037E+01 5.00000E+00 2.01545E+02
 -1       245-1.08338E+01 5.00000E+00 1.98185E+02
 -1       246-6.37944E+00 5.00000E+00 2.02816E+02
 -1       247 6.63875E+00 5.00000E+00 2.00027E+02
 -1       248 8.10285E+00 5.00000E+00 1.98562E+02
 -1       249 9.64104E+00 5.00000E+00 1.95655E+02
 -1       250 1.01769E+01 5.00000E+00 1.93655E+02
 -1       251 1.02985E+01 5.00000E+00 1.90368E+02
 -1       252 9.76261E+00 5.00000E+00 1.88368E+02
 -1       253 8.13077E+00 5.00000E+00 1.85333E+02
 -1       254 6.66667E+00 5.00000E+00 1.83869E+02
 -1       255 3.63184E+00 5.00000E+00 1.82237E+02
 -1       256 1.63184E+00 5.00000E+00 1.81701E+02
 -1       257-1.65510E+00 5.00000E+00 1.81823E+02
 -1       258-3.65510E+00 5.00000E+00 1.82359E+02
 -1       259-6.56246E+00 5.00000E+00 1.83897E+02
 -1       260-8.02657E+00 5.00000E+00 1.85361E+02
 -1       261-9.83889E+00 5.00000E+00 1.88292E+02
 -1       262-1.03748E+01 5.00000E+00 1.90292E+02
 -1       263-1.01904E+01 5.00000E+00 1.93639E+02
 -1       264-9.65452E+00 5.00000E+00 1.95639E+02
 -1       265-8.10750E+00 5.00000E+00 1.98545E+02
 -1       266-6.64340E+00 5.00000E+00 2.00009E+02
 -1       267 3.41624E+00-5.00000E+00 2.04750E+02
 -1       268 9.33333E+00-5.00000E+00 1.82667E+02
 -1       269-3.47208E+00-5.00000E+00 2.04541E+02
 -1       270-9.28680E+00-5.00000E+00 2.01090E+02
 -1       271-1.27496E+01-5.00000E+00 1.88584E+02
 -1       272-1.23808E+01-5.00000E+00 1.95279E+02
 -1       273-9.12493E+00-5.00000E+00 1.82723E+02
 -1       274 3.26367E+00-5.00000E+00 1.79403E+02
 -1       275 1.25970E+01-5.00000E+00 1.88736E+02
 -1       276-3.31021E+00-5.00000E+00 1.79646E+02
 -1       277 9.27749E+00-5.00000E+00 2.01125E+02
 -1       278 1.23539E+01-5.00000E+00 1.95310E+02
 -1       279 1.70812E+00-5.00000E+00 2.08375E+02
 -1       280 6.70812E+00-5.00000E+00 2.07035E+02
 -1       281-6.73604E+00-5.00000E+00 2.06931E+02
 -1       282-1.73604E+00-5.00000E+00 2.08271E+02
 -1       283-2.79210E-02-5.00000E+00 2.04645E+02
 -1       284 3.70812E+00-5.00000E+00 2.01839E+02
 -1       285 1.70812E+00-5.00000E+00 2.02375E+02
 -1       286-1.73604E+00-5.00000E+00 2.02271E+02
 -1       287-3.73604E+00-5.00000E+00 2.01735E+02
 -1       288 9.63875E+00-5.00000E+00 2.05223E+02
 -1       289 1.32990E+01-5.00000E+00 2.01562E+02
 -1       290 6.34686E+00-5.00000E+00 2.02937E+02
 -1       291 1.48372E+01-5.00000E+00 1.98655E+02
 -1       292 1.61769E+01-5.00000E+00 1.93655E+02
 -1       293 1.08157E+01-5.00000E+00 1.98218E+02
 -1       294 1.62985E+01-5.00000E+00 1.90368E+02
 -1       295 1.49588E+01-5.00000E+00 1.85368E+02
 -1       296 1.24754E+01-5.00000E+00 1.92023E+02
 -1       297 1.33269E+01-5.00000E+00 1.82333E+02
 -1       298 9.66667E+00-5.00000E+00 1.78673E+02
 -1       299 1.09652E+01-5.00000E+00 1.85701E+02
 -1       300 6.63184E+00-5.00000E+00 1.77041E+02
 -1       301 1.63184E+00-5.00000E+00 1.75701E+02
 -1       302 6.29850E+00-5.00000E+00 1.81035E+02
 -1       303-1.65510E+00-5.00000E+00 1.75823E+02
 -1       304-6.65510E+00-5.00000E+00 1.77163E+02
 -1       305-2.32675E-02-5.00000E+00 1.79525E+02
 -1       306-9.56246E+00-5.00000E+00 1.78701E+02
 -1       307-1.32227E+01-5.00000E+00 1.82361E+02
 -1       308-6.21757E+00-5.00000E+00 1.81184E+02
 -1       309-1.50350E+01-5.00000E+00 1.85292E+02
 -1       310-1.63748E+01-5.00000E+00 1.90292E+02
 -1       311-1.09372E+01-5.00000E+00 1.85653E+02
 -1       312-1.61904E+01-5.00000E+00 1.93639E+02
 -1       313-1.48507E+01-5.00000E+00 1.98639E+02
 -1       314-1.25652E+01-5.00000E+00 1.91931E+02
 -1       315-1.33037E+01-5.00000E+00 2.01545E+02
 -1       316-9.64340E+00-5.00000E+00 2.05205E+02
 -1       317-1.08338E+01-5.00000E+00 1.98185E+02
 -1       318-6.37944E+00-5.00000E+00 2.02816E+02
 -1       319 8.10285E+00-5.00000E+00 1.98562E+02
 -1       320 6.63875E+00-5.00000E+00 2.00027E+02
 -1       321 1.01769E+01-5.00000E+00 1.93655E+02
 -1       322 9.64104E+00-5.00000E+00 1.95655E+02
 -1       323 9.76261E+00-5.00000E+00 1.88368E+02
 -1       324 1.02985E+01-5.00000E+00 1.90368E+02
 -1       325 6.66667E+00-5.00000E+00 1.83869E+02
 -1       326 8.13077E+00-5.00000E+00 1.85333E+02
 -1       327 1.63184E+00-5.00000E+00 1.81701E+02
 -1       328 3.63184E+00-5.00000E+00 1.82237E+02
 -1       329-3.65510E+00-5.00000E+00 1.82359E+02
 -1       330-1.65510E+00-5.00000E+00 1.81823E+02
 -1       331-8.02657E+00-5.00000E+00 1.85361E+02
 -1       332-6.56246E+00-5.00000E+00 1.83897E+02
 -1       333-1.03748E+01-5.00000E+00 1.90292E+02
 -1       334-9.83889E+00-5.00000E+00 1.88292E+02
 -1       335-9.65452E+00-5.00000E+00 1.95639E+02
 -1       336-1.01904E+01-5.00000E+00 1.93639E+02
 -1       337-6.64340E+00-5.00000E+00 2.00009E+02
 -1       338-8.10750E+00-5.00000E+00 1.98545E+02
 -1       339-7.75117E+00 4.09069E-04 1.93980E+02
 -1       340-5.90063E+00 8.58439E-03 1.97402E+02
 -1       341 5.90063E+00 8.58439E-03 1.97402E+02
 -1       342 7.75117E+00 4.09069E-04 1.93980E+02
 -1       343-7.72741E+00 0.00000E+00 1.89929E+02
 -1       344-5.65685E+00 0.00000E+00 1.86343E+02
 -1       345-2.07055E+00 3.33333E+00 1.99727E+02
 -1       346-3.33039E+00 3.82036E-01 1.99274E+02
 -1       347 3.33039E+00 3.82036E-01 1.99274E+02
 -1       348 2.07055E+00 3.33333E+00 1.99727E+02
 -1       349 1.81662E+00-2.08377E+00 1.99791E+02
 -1       350-1.81662E+00-2.08377E+00 1.99791E+02
 -1       351-2.07055E+00 0.00000E+00 1.84273E+02
 -1       352 2.07055E+00 0.00000E+00 1.84273E+02
 -1       353 5.65685E+00-8.88178E-16 1.86343E+02
 -1       354 7.72741E+00 0.00000E+00 1.89929E+02
 -1       355 1.04421E+00 4.16667E+00 1.99932E+02
 -1       356 3.06147E+00 4.16667E+00 1.99391E+02
 -1       357-1.04421E+00 4.16667E+00 1.99932E+02
 -1       358-3.06147E+00 4.16667E+00 1.99391E+02
 -1       359-1.04421E+00 2.50000E+00 1.99932E+02
 -1       360 1.04421E+00 2.50000E+00 1.99932E+02
 -1       361 9.14302E-01-3.54188E+00 1.99948E+02
 -1       362 2.94013E+00-3.54188E+00 1.99440E+02
 -1       363-9.14302E-01-3.54188E+00 1.99948E+02
 -1       364-2.94013E+00-3.54188E+00 1.99440E+02
 -1       365 9.14302E-01-1.87522E+00 1.99948E+02
 -1       366-9.14302E-01-1.87522E+00 1.99948E+02
 -1       367 5.00878E+00 2.50429E+00 1.98238E+02
 -1       368 6.45261E+00 2.50429E+00 1.96729E+02
 -1       369 4.70943E+00 1.95310E-01 1.98467E+02
 -1       370 3.66927E+00 2.69102E+00 1.99109E+02
 -1       371 2.70998E+00 1.85768E+00 1.99527E+02
 -1       372 7.40887E+00 2.50020E+00 1.95018E+02
 -1       373 7.93755E+00 2.50020E+00 1.92998E+02
 -1       374 7.03712E+00 4.49673E-03 1.95805E+02
 -1       375 7.93156E+00 2.50000E+00 1.90956E+02
 -1       376 7.39104E+00 2.50000E+00 1.88939E+02
 -1       377 7.99986E+00 2.04534E-04 1.91953E+02
 -1       378 6.34683E+00 2.50000E+00 1.87130E+02
 -1       379 4.87009E+00 2.50000E+00 1.85653E+02
 -1       380 6.92820E+00 0.00000E+00 1.88000E+02
 -1       381 3.06147E+00 2.50000E+00 1.84609E+02
 -1       382 1.04421E+00 2.50000E+00 1.84068E+02
 -1       383 4.00000E+00 0.00000E+00 1.85072E+02
 -1       384-3.06147E+00 2.50000E+00 1.84609E+02
 -1       385-1.04421E+00 2.50000E+00 1.84068E+02
 -1       386-4.16528E-14 0.00000E+00 1.84000E+02
 -1       387-4.87009E+00 2.50000E+00 1.85653E+02
 -1       388-6.34683E+00 2.50000E+00 1.87130E+02
 -1       389-4.00000E+00 0.00000E+00 1.85072E+02
 -1       390-7.39104E+00 2.50000E+00 1.88939E+02
 -1       391-7.93156E+00 2.50000E+00 1.90956E+02
 -1       392-6.92820E+00 0.00000E+00 1.88000E+02
 -1       393-7.93755E+00 2.50020E+00 1.92998E+02
 -1       394-7.40887E+00 2.50020E+00 1.95018E+02
 -1       395-7.99986E+00 2.04534E-04 1.91953E+02
 -1       396-6.45261E+00 2.50429E+00 1.96729E+02
 -1       397-5.00878E+00 2.50429E+00 1.98238E+02
 -1       398-7.03712E+00 4.49673E-03 1.95805E+02
 -1       399-4.70943E+00 1.95310E-01 1.98467E+02
 -1       400-3.66927E+00 2.69102E+00 1.99109E+02
 -1       401-2.70998E+00 1.85768E+00 1.99527E+02
 -1       402 6.45261E+00-2.49571E+00 1.96729E+02
 -1       403 5.00878E+00-2.49571E+00 1.98238E+02
 -1       404 3.66927E+00-2.30898E+00 1.99109E+02
 -1       405 2.58646E+00-8.50865E-01 1.99570E+02
 -1       406 7.93755E+00-2.49980E+00 1.92998E+02
 -1       407 7.40887E+00-2.49980E+00 1.95018E+02
 -1       408 7.39104E+00-2.50000E+00 1.88939E+02
 -1       409 7.93156E+00-2.50000E+00 1.90956E+02
 -1       410 4.87009E+00-2.50000E+00 1.85653E+02
 -1       411 6.34683E+00-2.50000E+00 1.87130E+02
 -1       412 1.04421E+00-2.50000E+00 1.84068E+02
 -1       413 3.06147E+00-2.50000E+00 1.84609E+02
 -1       414-1.04421E+00-2.50000E+00 1.84068E+02
 -1       415-3.06147E+00-2.50000E+00 1.84609E+02
 -1       416-6.34683E+00-2.50000E+00 1.87130E+02
 -1       417-4.87009E+00-2.50000E+00 1.85653E+02
 -1       418-7.93156E+00-2.50000E+00 1.90956E+02
 -1       419-7.39104E+00-2.50000E+00 1.88939E+02
 -1       420-7.40887E+00-2.49980E+00 1.95018E+02
 -1       421-7.93755E+00-2.49980E+00 1.92998E+02
 -1       422-5.00878E+00-2.49571E+00 1.98238E+02
 -1       423-6.45261E+00-2.49571E+00 1.96729E+02
 -1       424-3.66927E+00-2.30898E+00 1.99109E+02
 -1       425-2.58646E+00-8.50865E-01 1.99570E+02
 -1       426 9.14302E-01-2.08549E-01 1.99948E+02
 -1       427-9.14302E-01-2.08549E-01 1.99948E+02
 -1       428-1.70432E+00 1.02435E+00 1.99816E+02
 -1       429 1.70432E+00 1.02435E+00 1.99816E+02
 -1       430-5.00000E+00 0.00000E+00 1.14000E+02
 -1       431 5.00000E+00 0.00000E+00 1.14000E+02
 -1       432 0.00000E+00-3.00000E+00 1.14000E+02
 -1       433 0.00000E+00 3.00000E+00 1.14000E+02
 -1       434 0.00000E+00 0.00000E+00 4.80000E+01
 -1       435-2.50000E+00 1.50000E+00 4.80000E+01
 -1       436-2.50000E+00-1.50000E+00 4.80000E+01
 -1       437 2.50000E+00-1.50000E+00 4.80000E+01
 -1       438 2.50000E+00 1.50000E+00 4.80000E+01
 -1       439 0.00000E+00 0.00000E+00 1.80000E+02
 -1       440-2.50000E+00-1.50000E+00 1.80000E+02
 -1       441-2.50000E+00 1.50000E+00 1.80000E+02
 -1       442 2.50000E+00-1.50000E+00 1.80000E+02
 -1       443 2.50000E+00 1.50000E+00 1.80000E+02
 -1       444 7.24693E+00 0.00000E+00 7.50459E+01
 -1       445-7.24693E+00 0.00000E+00 7.50459E+01
 -1       446 1.40000E+01 0.00000E+00 7.22487E+01
 -1       447-1.40000E+01 0.00000E+00 7.22487E+01
 -1       448 1.97990E+01 0.00000E+00 6.77990E+01
 -1       449 2.42487E+01 0.00000E+00 6.20000E+01
 -1       450 2.70459E+01 0.00000E+00 5.52469E+01
 -1       451 2.80000E+01 0.00000E+00 4.80000E+01
 -1       452 2.70459E+01 0.00000E+00 4.07531E+01
 -1       453 1.97990E+01 0.00000E+00 2.82010E+01
 -1       454 2.42487E+01 0.00000E+00 3.40000E+01
 -1       455 7.24693E+00 0.00000E+00 2.09541E+01
 -1       456-1.70654E-13 0.00000E+00 2.00000E+01
 -1       457 1.40000E+01 0.00000E+00 2.37513E+01
 -1       458-7.24693E+00 0.00000E+00 2.09541E+01
 -1       459-1.40000E+01 0.00000E+00 2.37513E+01
 -1       460-1.97990E+01 0.00000E+00 2.82010E+01
 -1       461-2.42487E+01 0.00000E+00 3.40000E+01
 -1       462-2.70459E+01 0.00000E+00 4.07531E+01
 -1       463-2.70459E+01 0.00000E+00 5.52469E+01
 -1       464-2.42487E+01 0.00000E+00 6.20000E+01
 -1       465-2.80000E+01 0.00000E+00 4.80000E+01
 -1       466-1.97990E+01 0.00000E+00 6.77990E+01
 -1       467-7.17433E-15 5.00000E+00 4.80000E+01
 -1       468-3.75129E+00 5.00000E+00 6.20000E+01
 -1       469-1.40000E+01 5.00000E+00 5.17513E+01
 -1       470 3.75129E+00 5.00000E+00 3.40000E+01
 -1       471 1.40000E+01 5.00000E+00 4.42487E+01
 -1       472 1.02487E+01 5.00000E+00 5.82487E+01
 -1       473-1.02487E+01 5.00000E+00 3.77513E+01
 -1       474 5.12436E+00 5.00000E+00 6.71244E+01
 -1       475-1.40000E+01 5.00000E+00 6.20000E+01
 -1       476 1.91244E+01 5.00000E+00 5.31244E+01
 -1       477 1.40000E+01 5.00000E+00 3.40000E+01
 -1       478 9.56218E+00 5.00000E+00 6.96865E+01
 -1       479 2.56218E+00 5.00000E+00 7.15622E+01
 -1       480-1.87564E+00 5.00000E+00 6.90000E+01
 -1       481-8.87564E+00 5.00000E+00 6.71244E+01
 -1       482 6.86533E-01 5.00000E+00 6.45622E+01
 -1       483 1.72487E+01 5.00000E+00 6.01244E+01
 -1       484 1.21244E+01 5.00000E+00 6.52487E+01
 -1       485 7.68653E+00 5.00000E+00 6.26865E+01
 -1       486 2.35622E+01 5.00000E+00 5.05622E+01
 -1       487 2.16865E+01 5.00000E+00 5.75622E+01
 -1       488 1.46865E+01 5.00000E+00 5.56865E+01
 -1       489 1.91244E+01 5.00000E+00 3.91244E+01
 -1       490 2.10000E+01 5.00000E+00 4.61244E+01
 -1       491 1.65622E+01 5.00000E+00 4.86865E+01
 -1       492 1.40000E+01 5.00000E+00 2.88756E+01
 -1       493 1.91244E+01 5.00000E+00 3.40000E+01
 -1       494 1.40000E+01 5.00000E+00 3.91244E+01
 -1       495 1.87564E+00 5.00000E+00 2.70000E+01
 -1       496 8.87564E+00 5.00000E+00 2.88756E+01
 -1       497 8.87564E+00 5.00000E+00 3.40000E+01
 -1       498-1.21244E+01 5.00000E+00 3.07513E+01
 -1       499-5.12436E+00 5.00000E+00 2.88756E+01
 -1       500-3.24871E+00 5.00000E+00 3.58756E+01
 -1       501-1.72487E+01 5.00000E+00 3.58756E+01
 -1       502-2.10000E+01 5.00000E+00 4.98756E+01
 -1       503-1.91244E+01 5.00000E+00 4.28756E+01
 -1       504-1.21244E+01 5.00000E+00 4.47513E+01
 -1       505-1.91244E+01 5.00000E+00 5.68756E+01
 -1       506-1.40000E+01 5.00000E+00 6.71244E+01
 -1       507-1.91244E+01 5.00000E+00 6.20000E+01
 -1       508-1.40000E+01 5.00000E+00 5.68756E+01
 -1       509-8.87564E+00 5.00000E+00 6.20000E+01
 -1       510-7.00000E+00 5.00000E+00 4.98756E+01
 -1       511-8.87564E+00 5.00000E+00 5.68756E+01
 -1       512-1.87564E+00 5.00000E+00 5.50000E+01
 -1       513 3.24871E+00 5.00000E+00 6.01244E+01
 -1       514 5.12436E+00 5.00000E+00 5.31244E+01
 -1       515-5.12436E+00 5.00000E+00 4.28756E+01
 -1       516 7.00000E+00 5.00000E+00 4.61244E+01
 -1       517 8.87564E+00 5.00000E+00 3.91244E+01
 -1       518 1.87564E+00 5.00000E+00 4.10000E+01
 -1       519 1.21244E+01 5.00000E+00 5.12487E+01
 -1       520-7.17433E-15-5.00000E+00 4.80000E+01
 -1       521-3.75129E+00-5.00000E+00 6.20000E+01
 -1       522-1.40000E+01-5.00000E+00 5.17513E+01
 -1       523 3.75129E+00-5.00000E+00 3.40000E+01
 -1       524 1.40000E+01-5.00000E+00 4.42487E+01
 -1       525 1.02487E+01-5.00000E+00 5.82487E+01
 -1       526-1.02487E+01-5.00000E+00 3.77513E+01
 -1       527 5.12436E+00-5.00000E+00 6.71244E+01
 -1       528-1.40000E+01-5.00000E+00 6.20000E+01
 -1       529 1.91244E+01-5.00000E+00 5.31244E+01
 -1       530 1.40000E+01-5.00000E+00 3.40000E+01
 -1       531 2.56218E+00-5.00000E+00 7.15622E+01
 -1       532 9.56218E+00-5.00000E+00 6.96865E+01
 -1       533-8.87564E+00-5.00000E+00 6.71244E+01
 -1       534-1.87564E+00-5.00000E+00 6.90000E+01
 -1       535 6.86533E-01-5.00000E+00 6.45622E+01
 -1       536 1.21244E+01-5.00000E+00 6.52487E+01
 -1       537 1.72487E+01-5.00000E+00 6.01244E+01
 -1       538 7.68653E+00-5.00000E+00 6.26865E+01
 -1       539 2.16865E+01-5.00000E+00 5.75622E+01
 -1       540 2.35622E+01-5.00000E+00 5.05622E+01
 -1       541 1.46865E+01-5.00000E+00 5.56865E+01
 -1       542 2.10000E+01-5.00000E+00 4.61244E+01
 -1       543 1.91244E+01-5.00000E+00 3.91244E+01
 -1       544 1.65622E+01-5.00000E+00 4.86865E+01
 -1       545 1.91244E+01-5.00000E+00 3.40000E+01
 -1       546 1.40000E+01-5.00000E+00 2.88756E+01
 -1       547 1.40000E+01-5.00000E+00 3.91244E+01
 -1       548 8.87564E+00-5.00000E+00 2.88756E+01
 -1       549 1.87564E+00-5.00000E+00 2.70000E+01
 -1       550 8.87564E+00-5.00000E+00 3.40000E+01
 -1       551-5.12436E+00-5.00000E+00 2.88756E+01
 -1       552-1.21244E+01-5.00000E+00 3.07513E+01
 -1       553-3.24871E+00-5.00000E+00 3.58756E+01
 -1       554-1.72487E+01-5.00000E+00 3.58756E+01
 -1       555-1.91244E+01-5.00000E+00 4.28756E+01
 -1       556-2.10000E+01-5.00000E+00 4.98756E+01
 -1       557-1.21244E+01-5.00000E+00 4.47513E+01
 -1       558-1.91244E+01-5.00000E+00 5.68756E+01
 -1       559-1.91244E+01-5.00000E+00 6.20000E+01
 -1       560-1.40000E+01-5.00000E+00 6.71244E+01
 -1       561-1.40000E+01-5.00000E+00 5.68756E+01
 -1       562-8.87564E+00-5.00000E+00 6.20000E+01
 -1       563-1.87564E+00-5.00000E+00 5.50000E+01
 -1       564-8.87564E+00-5.00000E+00 5.68756E+01
 -1       565-7.00000E+00-5.00000E+00 4.98756E+01
 -1       566 5.12436E+00-5.00000E+00 5.31244E+01
 -1       567 3.24871E+00-5.00000E+00 6.01244E+01
 -1       568-5.12436E+00-5.00000E+00 4.28756E+01
 -1       569 1.87564E+00-5.00000E+00 4.10000E+01
 -1       570 8.87564E+00-5.00000E+00 3.91244E+01
 -1       571 7.00000E+00-5.00000E+00 4.61244E+01
 -1       572 1.21244E+01-5.00000E+00 5.12487E+01
 -1       573 1.52876E+01-7.21677E-17 1.95835E+02
 -1       574 9.27495E+00 0.00000E+00 2.02785E+02
 -1       575 1.87907E+00 1.77636E-15 2.04591E+02
 -1       576 1.63041E+01-2.50000E+00 1.98918E+02
 -1       577 1.76438E+01-2.50000E+00 1.93918E+02
 -1       578 1.63041E+01 2.50000E+00 1.98918E+02
 -1       579 1.76438E+01 2.50000E+00 1.93918E+02
 -1       580 5.70194E+00 2.50000E+00 1.83470E+02
 -1       581 7.49509E+00 2.50000E+00 1.84505E+02
 -1       582 5.70194E+00-2.50000E+00 1.83470E+02
 -1       583 7.49509E+00-2.50000E+00 1.84505E+02
 -1       584 9.33333E+00 0.00000E+00 1.82667E+02
 -1       585 5.96561E-01 2.50000E+00 1.81838E+02
 -1       586 2.66711E+00 2.50000E+00 1.81838E+02
 -1       587 5.96561E-01-2.50000E+00 1.81838E+02
 -1       588 2.66711E+00-2.50000E+00 1.81838E+02
 -1       589 3.26367E+00 0.00000E+00 1.79403E+02
 -1       590-7.39089E+00-2.50000E+00 1.84533E+02
 -1       591-9.12493E+00 0.00000E+00 1.82723E+02
 -1       592-7.39089E+00 2.50000E+00 1.84533E+02
 -1       593-5.59774E+00 2.50000E+00 1.83498E+02
 -1       594-5.59774E+00-2.50000E+00 1.83498E+02
 -1       595 1.01622E+01 2.50000E+00 1.89333E+02
 -1       596 1.01741E+01 2.50020E+00 1.91358E+02
 -1       597 1.01741E+01-2.49980E+00 1.91358E+02
 -1       598 1.25970E+01 0.00000E+00 1.88736E+02
 -1       599 1.01622E+01-2.50000E+00 1.89333E+02
 -1       600-9.14074E+00 2.50429E+00 1.96341E+02
 -1       601-1.00660E+01 2.50020E+00 1.94629E+02
 -1       602-1.00660E+01-2.49980E+00 1.94629E+02
 -1       603-1.23808E+01 0.00000E+00 1.95279E+02
 -1       604-9.14074E+00-2.49571E+00 1.96341E+02
 -1       605-6.30859E+00 2.69102E+00 2.00182E+02
 -1       606-3.40123E+00 2.69102E+00 2.01908E+02
 -1       607-3.47208E+00 0.00000E+00 2.04541E+02
 -1       608-3.40123E+00-2.30898E+00 2.01908E+02
 -1       609-6.37944E+00 0.00000E+00 2.02816E+02
 -1       610 6.29850E+00 0.00000E+00 1.81035E+02
 -1       611-6.30859E+00-2.30898E+00 2.00182E+02
 -1       612-9.28680E+00 0.00000E+00 2.01090E+02
 -1       613 1.24754E+01 0.00000E+00 1.92023E+02
 -1       614 1.00525E+01-2.49980E+00 1.94645E+02
 -1       615-6.21757E+00 0.00000E+00 1.81184E+02
 -1       616-2.69038E+00 2.50000E+00 1.81959E+02
 -1       617-2.69038E+00-2.50000E+00 1.81959E+02
 -1       618-2.32675E-02 0.00000E+00 1.79525E+02
 -1       619-7.59371E+00 2.50429E+00 1.99246E+02
 -1       620-1.08338E+01 0.00000E+00 1.98185E+02
 -1       621-7.59371E+00-2.49571E+00 1.99246E+02
 -1       622 1.00525E+01 2.50020E+00 1.94645E+02
 -1       623 1.23539E+01 0.00000E+00 1.95310E+02
 -1       624-3.31021E+00 0.00000E+00 1.79646E+02
 -1       625 9.39533E-01 8.33333E-01 2.02296E+02
 -1       626 9.39533E-01-8.33333E-01 2.02296E+02
 -1       627 3.12217E-02-1.04188E+00 2.02191E+02
 -1       628-2.77132E+00 4.16667E+00 2.02134E+02
 -1       629-1.73604E+00 3.33333E+00 2.02271E+02
 -1       630-7.25661E-01 1.91018E-01 2.01933E+02
 -1       631-1.27496E+01 0.00000E+00 1.88584E+02
 -1       632-1.63748E+01 0.00000E+00 1.90292E+02
 -1       633-1.25652E+01 0.00000E+00 1.91931E+02
 -1       634-1.73604E+00 0.00000E+00 2.08271E+02
 -1       635-7.96507E-01 2.50000E+00 2.04566E+02
 -1       636-7.96507E-01-2.50000E+00 2.04566E+02
 -1       637 9.39533E-01 2.50000E+00 2.08296E+02
 -1       638 9.12693E+00 2.50000E+00 1.87540E+02
 -1       639 9.12693E+00-2.50000E+00 1.87540E+02
 -1       640-8.42617E+00-2.50000E+00 1.86326E+02
 -1       641-8.42617E+00 2.50000E+00 1.86326E+02
 -1       642-9.64340E+00 0.00000E+00 2.05205E+02
 -1       643-1.48507E+01 0.00000E+00 1.98639E+02
 -1       644-2.64435E+00-3.54188E+00 2.02166E+02
 -1       645-1.00541E+01 2.50000E+00 1.92604E+02
 -1       646-1.00541E+01-2.50000E+00 1.92604E+02
 -1       647 2.74339E+00 4.16667E+00 2.02238E+02
 -1       648 3.37331E+00 2.69102E+00 2.02012E+02
 -1       649 9.12725E+00 2.50429E+00 1.96356E+02
 -1       650 7.58779E+00 4.29219E-03 2.00093E+02
 -1       651 1.08144E+01 2.50000E+00 1.99047E+02
 -1       652 8.51306E+00 2.04534E-04 1.98382E+02
 -1       653 9.12725E+00-2.49571E+00 1.96356E+02
 -1       654 1.08144E+01-2.50000E+00 1.99047E+02
 -1       655-1.50350E+01 0.00000E+00 1.85292E+02
 -1       656-6.73604E+00 0.00000E+00 2.06931E+02
 -1       657-1.33037E+01 0.00000E+00 2.01545E+02
 -1       658-1.61904E+01 0.00000E+00 1.93639E+02
 -1       659 5.54579E+00-1.04188E+00 2.01288E+02
 -1       660 6.30267E+00 1.91018E-01 2.01029E+02
 -1       661 6.63748E+00-2.50000E+00 2.00856E+02
 -1       662 1.09652E+01 0.00000E+00 1.85701E+02
 -1       663 1.33269E+01 0.00000E+00 1.82333E+02
 -1       664 9.66667E+00 0.00000E+00 1.78673E+02
 -1       665-1.09372E+01 0.00000E+00 1.85653E+02
 -1       666-1.02385E+01-2.50000E+00 1.89257E+02
 -1       667-1.02385E+01 2.50000E+00 1.89257E+02
 -1       668 6.63184E+00 0.00000E+00 1.77041E+02
 -1       669-1.32227E+01 0.00000E+00 1.82361E+02
 -1       670 1.49588E+01 0.00000E+00 1.85368E+02
 -1       671 1.63184E+00 0.00000E+00 1.75701E+02
 -1       672-9.56246E+00 0.00000E+00 1.78701E+02
 -1       673-6.65510E+00 0.00000E+00 1.77163E+02
 -1       674-1.65510E+00 0.00000E+00 1.75823E+02
 -1       675 1.38207E+01-2.50000E+00 1.95573E+02
 -1       676 1.38207E+01 2.50000E+00 1.95573E+02
 -1       677 1.22813E+01-3.60838E-17 1.99310E+02
 -1       678 7.58906E+00-2.49571E+00 1.99264E+02
 -1       679 9.39533E-01-2.50000E+00 2.08296E+02
 -1       680 7.58906E+00 2.50429E+00 1.99264E+02
 -1       681 1.62985E+01 0.00000E+00 1.90368E+02
 -1       682 2.61643E+00-3.54188E+00 2.02270E+02
 -1       683 6.34559E+00-2.50000E+00 2.03767E+02
 -1       684 9.27622E+00-2.50000E+00 2.01955E+02
 -1       685 9.27622E+00 2.50000E+00 2.01955E+02
 -1       686 6.30394E+00 2.69102E+00 2.00199E+02
 -1       687 1.32977E+01 2.50000E+00 2.02392E+02
 -1       688 9.63748E+00-2.50000E+00 2.06053E+02
 -1       689 1.32977E+01-2.50000E+00 2.02392E+02
 -1       690 1.97481E+00 1.66667E+00 2.02159E+02
 -1       691 2.64765E+00 2.50000E+00 2.04670E+02
 -1       692 2.60473E+00 1.91018E-01 2.01933E+02
 -1       693 5.93953E+00 2.50000E+00 2.06956E+02
 -1       694 9.39533E-01 2.50000E+00 2.02296E+02
 -1       695 1.84784E+00-1.04188E+00 2.02191E+02
 -1       696 9.63748E+00 2.50000E+00 2.06053E+02
 -1       697 5.93953E+00-2.50000E+00 2.06956E+02
 -1       698 6.34559E+00 2.50000E+00 2.03767E+02
 -1       699 5.57701E+00 8.88178E-16 2.03688E+02
 -1       700 2.64765E+00-2.50000E+00 2.04670E+02
 -1       701 9.39533E-01-2.50000E+00 2.02296E+02
 -1       702 1.39423E+01-2.50000E+00 1.92286E+02
 -1       703 1.39423E+01 2.50000E+00 1.92286E+02
 -1       704-2.50000E+00-1.50000E+00 1.14000E+02
 -1       705-2.50000E+00 1.50000E+00 1.14000E+02
 -1       706 0.00000E+00 0.00000E+00 1.14000E+02
 -1       707 2.50000E+00 1.50000E+00 1.14000E+02
 -1       708 2.50000E+00-1.50000E+00 1.14000E+02
 -1       709 8.97538E+00-8.97666E-01 6.54932E+01
 -1       710 5.93538E+00-1.29602E-02 2.59214E+01
 -1       711-6.01192E+00-5.00000E-01 2.83632E+01
 -1       712-3.00596E+00-2.75000E+00 2.41816E+01
 -1       713-1.13032E+00-2.75000E+00 3.11816E+01
 -1       714-8.13032E+00-2.75000E+00 3.30572E+01
 -1       715-1.00060E+01-2.75000E+00 2.60572E+01
 -1       716 8.87564E+00 0.00000E+00 2.88756E+01
 -1       717 3.75129E+00 0.00000E+00 3.40000E+01
 -1       718 4.84333E+00 2.49352E+00 2.99607E+01
 -1       719 4.84333E+00-2.50648E+00 2.99607E+01
 -1       720 9.96769E+00-2.50648E+00 2.48364E+01
 -1       721 9.96769E+00 2.49352E+00 2.48364E+01
 -1       722 5.12436E+00 0.00000E+00 6.71244E+01
 -1       723 9.56218E+00 0.00000E+00 6.96865E+01
 -1       724 1.14877E+01-2.94883E+00 6.88709E+01
 -1       725 7.04987E+00 2.05117E+00 6.63088E+01
 -1       726 7.04987E+00-2.94883E+00 6.63088E+01
 -1       727 1.87564E+00 0.00000E+00 2.70000E+01
 -1       728 2.96769E+00 2.49352E+00 2.29607E+01
 -1       729-1.21244E+01 0.00000E+00 3.07513E+01
 -1       730-8.13032E+00 2.25000E+00 3.30572E+01
 -1       731-1.00060E+01 2.25000E+00 2.60572E+01
 -1       732 2.96769E+00-2.50648E+00 2.29607E+01
 -1       733 1.40000E+01 0.00000E+00 2.88756E+01
 -1       734 8.87564E+00 0.00000E+00 3.40000E+01
 -1       735 1.40000E+01 0.00000E+00 3.40000E+01
 -1       736 1.91244E+01 0.00000E+00 5.31244E+01
 -1       737 1.46865E+01 0.00000E+00 5.56865E+01
 -1       738 1.65622E+01 0.00000E+00 4.86865E+01
 -1       739 1.40000E+01 0.00000E+00 3.91244E+01
 -1       740-8.87564E+00 0.00000E+00 6.20000E+01
 -1       741-1.40000E+01 0.00000E+00 6.71244E+01
 -1       742-1.40000E+01 0.00000E+00 6.20000E+01
 -1       743 2.35622E+01 0.00000E+00 5.05622E+01
 -1       744-1.02487E+01 0.00000E+00 3.77513E+01
 -1       745 7.00000E+00 0.00000E+00 4.61244E+01
 -1       746 1.87564E+00 0.00000E+00 4.10000E+01
 -1       747 5.12436E+00 0.00000E+00 5.31244E+01
 -1       748 8.87564E+00 0.00000E+00 3.91244E+01
 -1       749 1.21244E+01 0.00000E+00 5.12487E+01
 -1       750 1.02487E+01 0.00000E+00 5.82487E+01
 -1       751-1.87564E+00 0.00000E+00 5.50000E+01
 -1       752 1.40000E+01 0.00000E+00 4.42487E+01
 -1       753 3.24871E+00 0.00000E+00 6.01244E+01
 -1       754-3.75129E+00 0.00000E+00 6.20000E+01
 -1       755 2.56218E+00 0.00000E+00 7.15622E+01
 -1       756 2.16865E+01 0.00000E+00 5.75622E+01
 -1       757 1.91244E+01 0.00000E+00 3.40000E+01
 -1       758-1.91244E+01 0.00000E+00 6.20000E+01
 -1       759 6.86533E-01 0.00000E+00 6.45622E+01
 -1       760-1.87564E+00 0.00000E+00 6.90000E+01
 -1       761 1.14877E+01 2.05117E+00 6.88709E+01
 -1       762-8.87564E+00 0.00000E+00 6.71244E+01
 -1       763 2.10000E+01 0.00000E+00 4.61244E+01
 -1       764-3.24871E+00 0.00000E+00 3.58756E+01
 -1       765 1.91244E+01 0.00000E+00 3.91244E+01
 -1       766 9.61204E+00-2.94883E+00 6.18709E+01
 -1       767-1.40000E+01 0.00000E+00 5.68756E+01
 -1       768-2.10000E+01 0.00000E+00 4.98756E+01
 -1       769 1.72487E+01 0.00000E+00 6.01244E+01
 -1       770-8.87564E+00 0.00000E+00 5.68756E+01
 -1       771-7.00000E+00 0.00000E+00 4.98756E+01
 -1       772-5.12436E+00 0.00000E+00 4.28756E+01
 -1       773-1.91244E+01 0.00000E+00 4.28756E+01
 -1       774-1.40000E+01 0.00000E+00 5.17513E+01
 -1       775-1.91244E+01 0.00000E+00 5.68756E+01
 -1       776-1.21244E+01 0.00000E+00 4.47513E+01
 -1       777-1.72487E+01 0.00000E+00 3.58756E+01
 -1       778 9.61204E+00 2.05117E+00 6.18709E+01
 -1       779 1.66120E+01-2.94883E+00 6.37466E+01
 -1       780 2.61204E+00 2.05117E+00 6.37466E+01
 -1       781 2.61204E+00-2.94883E+00 6.37466E+01
 -1       782-3.00596E+00 2.25000E+00 2.41816E+01
 -3
    3C                           339                                     1
 -1       388    6    0    1
 -2        41        40        16       573        52       179       177       577       576       578
 -1       389    6    0    1
 -2        41        16        17       573       177        28       178       577       578       579
 -1       390    6    0    1
 -2       353       352       196       268       383       580       581       583       582       584
 -1       391    6    0    1
 -2       352       351       202       274       386       585       586       588       587       589
 -1       392    6    0    1
 -2       201       344       273       351       592       590       591       593       389       594
 -1       393    6    0    1
 -2       203       342       354       275       596       377       595       598       597       599
 -1       394    6    0    1
 -2       200       339       340       272       601       398       600       603       602       604
 -1       395    6    0    1
 -2       346       197       198       269       606       246       605       608       607       609
 -1       396    6    0    1
 -2       274       196       352       268       610       580       588       302       584       582
 -1       397    6    0    1
 -2       198       270       346       269       612       611       605       609       318       608
 -1       398    6    0    1
 -2       196       352       202       274       580       586       230       610       588       589
 -1       399    6    0    1
 -2       342       203       278       275       596       613       614       597       598       296
 -1       400    6    0    1
 -2       204       201       273       351       236       591       615       616       593       594
 -1       401    6    0    1
 -2       276       202       351       274       618       585       617       305       589       587
 -1       402    6    0    1
 -2       272       340       198       270       604       619       620       317       621       612
 -1       403    6    0    1
 -2       278       342       206       203       614       622       623       613       596       224
 -1       404    6    0    1
 -2       276       204       273       351       624       615       308       617       616       594
 -1       405    6    0    1
 -2       351       276       204       202       617       624       616       585       618       233
 -1       406    6    0    1
 -2       200       340       198       272       600       619       245       603       604       620
 -1       407    6    0    1
 -2       198       340       346       270       619       399       605       612       621       611
 -1       408    6    0    1
 -2       108       109       350       575       111       427       366       626       625       627
 -1       409    6    0    1
 -2       345       346       109       197       401       428       359       628       606       629
 -1       410    6    0    1
 -2       109       346       350       575       428       425       427       625       630       627
 -1       411    6    0    1
 -2       199        47       271       272       632       310       631       633       312       314
 -1       412    6    0    1
 -2       269       197         1       575       607       209       634       636       635       637
 -1       413    6    0    1
 -2       353        65       354       203       378       376       380       638       252       595
 -1       414    6    0    1
 -2       354        88       353       275       408       411       380       599       323       639
 -1       415    6    0    1
 -2       344       273        92       343       590       331       416       392       640       419
 -1       416    6    0    1
 -2       343        69       344       201       390       388       392       641       260       592
 -1       417    6    0    1
 -2       269       198       270        49       609       612       318       281       642       316
 -1       418    6    0    1
 -2       198        24       200       272       244       240       245       620       643       603
 -1       419    6    0    1
 -2       269       350       346       575       644       425       608       636       627       630
 -1       420    6    0    1
 -2       346        95       350       269       424       364       425       608       287       644
 -1       421    6    0    1
 -2       342        87       354       275       406       409       377       597       324       599
 -1       422    6    0    1
 -2        64       342       354       203       373       377       375       251       596       595
 -1       423    6    0    1
 -2       343       339        70       200       395       393       391       645       601       263
 -1       424    6    0    1
 -2       272       343       339        93       646       395       602       336       418       421
 -1       425    6    0    1
 -2       195       348        62       347       647       356       213       648       371       370
 -1       426    6    0    1
 -2       206       341       342       574       649       374       622       651       650       652
 -1       427    6    0    1
 -2       342       341       278       574       374       653       614       652       650       654
 -1       428    6    0    1
 -2        72       346       345       197       400       401       358       214       606       628
 -1       429    6    0    1
 -2       278       206       342       574       623       622       614       654       651       652
 -1       430    6    0    1
 -2       272       339       340        94       602       398       604       335       420       423
 -1       431    6    0    1
 -2       199        46       271        47       655       309       631       632        58       310
 -1       432    6    0    1
 -2       340        71       339       200       396       394       398       600       264       601
 -1       433    6    0    1
 -2       341       278        86       342       653       322       402       374       614       407
 -1       434    6    0    1
 -2       206       341        63       342       649       368       249       622       374       372
 -1       435    6    0    1
 -2        25         1       269       197        37       634       656       210       209       607
 -1       436    6    0    1
 -2        48       270       198        49       315       612       657        60       316       642
 -1       437    6    0    1
 -2        24        23       200       272        35       241       240       643       658       603
 -1       438    6    0    1
 -2       347       349        85       574       405       362       404       660       659       661
 -1       439    6    0    1
 -2       196       275       268        42       662       299       584       663       295       297
 -1       440    6    0    1
 -2        43       196       274       268       664       610       300       298       584       302
 -1       441    6    0    1
 -2        46       273       199       271       307       665       655       309       311       631
 -1       442    6    0    1
 -2       197       346       109       575       606       428       629       635       630       625
 -1       443    6    0    1
 -2        65       353       196       203       378       581       253       252       638       227
 -1       444    6    0    1
 -2       268       353        88       275       583       411       326       299       639       323
 -1       445    6    0    1
 -2       271        92       273       343       334       331       311       666       419       640
 -1       446    6    0    1
 -2        69       343       199       201       390       667       261       260       641       239
 -1       447    6    0    1
 -2       196       202        43       274       230       668       664       610       589       300
 -1       448    6    0    1
 -2        46       199       273       201       655       665       307       669       239       591
 -1       449    6    0    1
 -2       275       196       203        42       662       227       598       295       663       670
 -1       450    6    0    1
 -2       198       197        25       269       246       210       243       609       607       656
 -1       451    6    0    1
 -2       199        23       272       200       237       658       633       242       241       603
 -1       452    6    0    1
 -2       202       276        44       274       618       303       671       589       305       301
 -1       453    6    0    1
 -2       273       204        21       201       615       231       672       591       236       235
 -1       454    6    0    1
 -2        48       272       198       270       313       620       657       315       317       612
 -1       455    6    0    1
 -2       273       276        21       204       308       673       672       615       624       231
 -1       456    6    0    1
 -2       204       276        44       202       624       303       674       233       618       671
 -1       457    6    0    1
 -2       343        70       199       200       391       262       667       645       263       242
 -1       458    6    0    1
 -2       343       272       271        93       646       314       666       418       336       333
 -1       459    6    0    1
 -2        95       346       340       270       424       399       422       337       611       621
 -1       460    6    0    1
 -2       346       197       269       575       606       607       608       630       635       636
 -1       461    6    0    1
 -2       206       278       573       574       623       675       676       651       654       677
 -1       462    6    0    1
 -2        87       342       278       275       406       614       321       324       597       296
 -1       463    6    0    1
 -2       342        64       206       203       373       250       622       596       251       224
 -1       464    6    0    1
 -2        18       203       196        42       222       227       226       181       670       663
 -1       465    6    0    1
 -2       199        46        22       201       655       188       238       239       669       234
 -1       466    6    0    1
 -2         3       345       109       197       357       359       112       215       628       629
 -1       467    6    0    1
 -2       199       272        23        47       633       658       237       632       312       193
 -1       468    6    0    1
 -2       272        94       340       270       335       423       604       317       338       621
 -1       469    6    0    1
 -2        71       340       198       200       396       619       265       264       600       245
 -1       470    6    0    1
 -2       198       269        25        49       609       656       243       642       281       175
 -1       471    6    0    1
 -2       277       278        86       341       293       322       319       678       653       402
 -1       472    6    0    1
 -2         2       269         1       575       282       634        38       679       636       637
 -1       473    6    0    1
 -2       206       205        63       341       221       248       249       649       680       368
 -1       474    6    0    1
 -2       346       270        95       269       611       337       424       608       318       287
 -1       475    6    0    1
 -2        21       276       273        45       673       308       672       189       304       306
 -1       476    6    0    1
 -2       198        48        24       272       657       192       244       620       313       643
 -1       477    6    0    1
 -2        42       196        43       268       663       664        54       297       584       298
 -1       478    6    0    1
 -2        43       202        44       274       668       671        55       300       589       301
 -1       479    6    0    1
 -2        17       275       203        42       681       598       223       180       295       670
 -1       480    6    0    1
 -2        46       273        21       201       307       672       187       669       591       235
 -1       481    6    0    1
 -2        44        21       276       204       185       673       303       674       231       624
 -1       482    6    0    1
 -2        85       349       267       574       362       682       284       661       659       683
 -1       483    6    0    1
 -2       277       278       341       574       293       653       678       684       654       650
 -1       484    6    0    1
 -2       206       205       341       574       221       680       649       651       685       650
 -1       485    6    0    1
 -2       341       347        85       574       369       404       403       650       660       661
 -1       486    6    0    1
 -2       195        62       205       347       213       247       218       648       370       686
 -1       487    6    0    1
 -2        72       340       346       198       397       399       400       266       619       605
 -1       488    6    0    1
 -2        39        16        40       574       176       179        51       688       687       689
 -1       489    6    0    1
 -2       205       347        62       341       686       370       247       680       369       367
 -1       490    6    0    1
 -2        72       198       346       197       266       605       400       214       246       606
 -1       491    6    0    1
 -2        21        44       276        45       185       303       673       189        56       304
 -1       492    6    0    1
 -2        22        23        46       199        34       190       188       238       237       655
 -1       493    6    0    1
 -2        46       199        23        47       655       237       190        58       632       193
 -1       494    6    0    1
 -2       196        19        18        42       225        30       226       663       182       181
 -1       495    6    0    1
 -2       272        23        48        24       658       191       313       643        35       192
 -1       496    6    0    1
 -2       272        48        23        47       313       191       658       312        59       193
 -1       497    6    0    1
 -2       195       348       347       575       647       371       648       691       690       692
 -1       498    6    0    1
 -2        21       273        46        45       672       307       187       189       306        57
 -1       499    6    0    1
 -2         2        25       269        49       173       656       282        61       175       281
 -1       500    6    0    1
 -2        21        22        46       201        33       188       187       235       234       669
 -1       501    6    0    1
 -2       203        18        17        42       222        29       223       670       181       180
 -1       502    6    0    1
 -2        25       269         1         2       656       634        37       173       282        38
 -1       503    6    0    1
 -2        48       198        25        49       657       243       194        60       642       175
 -1       504    6    0    1
 -2       198        25        24        48       243        36       244       657       194       192
 -1       505    6    0    1
 -2        15         2         1       575       172        38        26       693       679       637
 -1       506    6    0    1
 -2       277        40       278       574       289       291       293       684       689       654
 -1       507    6    0    1
 -2        15         1       195       575        26       208       207       693       637       691
 -1       508    6    0    1
 -2         3       197       109       575       215       629       112       694       635       625
 -1       509    6    0    1
 -2       278        40       573       574       291       576       675       654       689       677
 -1       510    6    0    1
 -2       196        43       202        19       664       668       230       225       183       229
 -1       511    6    0    1
 -2        20       204        44       202       232       674       186       228       233       671
 -1       512    6    0    1
 -2       353       196        66        65       581       254       379       378       253        77
 -1       513    6    0    1
 -2       343        69       199        70       390       261       667       391        81       262
 -1       514    6    0    1
 -2       343       271        92        93       666       334       419       418       333       104
 -1       515    6    0    1
 -2       353        88        89       268       411       100       410       583       326       325
 -1       516    6    0    1
 -2       108       349       109       575       365       426       111       626       695       625
 -1       517    6    0    1
 -2        94        95       340       270       106       422       423       338       337       621
 -1       518    6    0    1
 -2        89       352       274        90       413       588       328       101       412       327
 -1       519    6    0    1
 -2        67       202        66       352       256       255        78       382       586       381
 -1       520    6    0    1
 -2        64       354        65       203       375       376        76       251       595       252
 -1       521    6    0    1
 -2        91       273        92       344       332       331       103       417       590       416
 -1       522    6    0    1
 -2       344       201        69        68       592       260       388       387       259        80
 -1       523    6    0    1
 -2       354        87        88       275       409        99       408       599       324       323
 -1       524    6    0    1
 -2       347       348       109       575       371       360       429       692       690       625
 -1       525    6    0    1
 -2        16        39        15       574       176       174        27       687       688       696
 -1       526    6    0    1
 -2       340       198        72        71       619       266       397       396       265        83
 -1       527    6    0    1
 -2       277        86        85       341       319        97       320       678       402       403
 -1       528    6    0    1
 -2        62        63       205       341        74       248       247       367       368       680
 -1       529    6    0    1
 -2        85       277       341       574       320       678       403       661       684       650
 -1       530    6    0    1
 -2       351        91       276        90       415       329       617       414       102       330
 -1       531    6    0    1
 -2        68       204        67       351       258       257        79       384       616       385
 -1       532    6    0    1
 -2        21        44        20       204       185       186        32       231       674       232
 -1       533    6    0    1
 -2        42        43       196        19        54       664       663       182       183       225
 -1       534    6    0    1
 -2        86       342       278        87       407       614       322        98       406       321
 -1       535    6    0    1
 -2       206       342        63        64       622       372       249       250       373        75
 -1       536    6    0    1
 -2        17        41       275        42       178       294       681       180        53       295
 -1       537    6    0    1
 -2       202        20        19        43       228        31       229       668       184       183
 -1       538    6    0    1
 -2        43        44       202        20        55       671       668       184       186       228
 -1       539    6    0    1
 -2        39         2        15       575        50       172       174       697       679       693
 -1       540    6    0    1
 -2         3        62       195       348        73       213       212       355       356       647
 -1       541    6    0    1
 -2       339        94       272        93       420       335       602       421       105       336
 -1       542    6    0    1
 -2        71        70       339       200        82       393       394       264       263       601
 -1       543    6    0    1
 -2       205       195       347       574       218       648       686       685       698       660
 -1       544    6    0    1
 -2         1       197       195       575       209       211       208       637       635       691
 -1       545    6    0    1
 -2       195       347       574       575       648       660       698       691       692       699
 -1       546    6    0    1
 -2       267         2        39       575       279        50       280       700       679       697
 -1       547    6    0    1
 -2        15       195       574       575       207       698       696       693       691       699
 -1       548    6    0    1
 -2       267        39       574       575       280       688       683       700       697       699
 -1       549    6    0    1
 -2       205       347       341       574       686       369       680       685       660       650
 -1       550    6    0    1
 -2        85       267       277       574       284       290       320       661       683       684
 -1       551    6    0    1
 -2       205       206        16       574       221       220       216       685       651       687
 -1       552    6    0    1
 -2         3        72       345       197        84       358       357       215       214       628
 -1       553    6    0    1
 -2        16       206       573       574       220       676       578       687       651       677
 -1       554    6    0    1
 -2       573        40        16       574       576       179       578       677       689       687
 -1       555    6    0    1
 -2       109       349       347       575       426       405       429       625       695       692
 -1       556    6    0    1
 -2       267        85         4       349       284        96       285       682       362       361
 -1       557    6    0    1
 -2       195       197         3       575       211       215       212       691       635       694
 -1       558    6    0    1
 -2         4       269       267       575       286       283       285       701       636       700
 -1       559    6    0    1
 -2       574        39        15       575       688       174       696       699       697       693
 -1       560    6    0    1
 -2       278        40        41       573       291        52       292       675       576       577
 -1       561    6    0    1
 -2        39        40       277       574        51       289       288       688       689       684
 -1       562    6    0    1
 -2       350        95         4       269       364       107       363       644       287       286
 -1       563    6    0    1
 -2       267       269         2       575       283       282       279       700       636       679
 -1       564    6    0    1
 -2        17        16       206       573        28       220       219       579       578       676
 -1       565    6    0    1
 -2       205        16        15       574       216        27       217       685       687       696
 -1       566    6    0    1
 -2        15       195       205       574       207       218       217       696       698       685
 -1       567    6    0    1
 -2       267        39       277       574       280       288       290       683       688       684
 -1       568    6    0    1
 -2       275       573        41        17       702       577       294       681       579       178
 -1       569    6    0    1
 -2        41       573       275       278       577       702       294       292       675       296
 -1       570    6    0    1
 -2       275       203       573        17       598       703       702       681       223       579
 -1       571    6    0    1
 -2       573       203       275       278       703       598       702       675       613       296
 -1       572    6    0    1
 -2       203       206       573        17       224       676       703       223       219       579
 -1       573    6    0    1
 -2       573       206       203       278       676       224       703       675       623       613
 -1       574    6    0    1
 -2       343       272       199       271       646       633       667       666       314       631
 -1       575    6    0    1
 -2       272       343       200       339       646       645       603       602       395       601
 -1       576    6    0    1
 -2       343       272       200       199       646       603       645       667       633       242
 -1       577    6    0    1
 -2       273       343       199       271       640       667       665       311       666       631
 -1       578    6    0    1
 -2       273       343       201       199       640       641       591       665       667       239
 -1       579    6    0    1
 -2       343       273       201       344       640       591       641       392       590       592
 -1       580    6    0    1
 -2       196       275       353       268       662       639       581       584       299       583
 -1       581    6    0    1
 -2       275       353       203       196       639       638       598       662       581       227
 -1       582    6    0    1
 -2       353       275       203       354       639       598       638       380       599       595
 -1       583    6    0    1
 -2        89       352       268       274       413       582       325       328       588       302
 -1       584    6    0    1
 -2       352        89       268       353       413       325       582       383       410       583
 -1       585    6    0    1
 -2        66       196       352       202       254       580       381       255       230       586
 -1       586    6    0    1
 -2       196        66       352       353       254       381       580       581       379       383
 -1       587    6    0    1
 -2        90       274       351       352       327       587       414       412       588       386
 -1       588    6    0    1
 -2       351       274        90       276       587       327       414       617       305       330
 -1       589    6    0    1
 -2        67       202       351       204       256       585       385       257       233       616
 -1       590    6    0    1
 -2       202        67       351       352       256       385       585       586       382       386
 -1       591    6    0    1
 -2        68       351       201       204       384       593       259       258       616       236
 -1       592    6    0    1
 -2       201       351        68       344       593       384       259       592       389       387
 -1       593    6    0    1
 -2        91       351       273       344       415       594       332       417       389       590
 -1       594    6    0    1
 -2       273       351        91       276       594       415       332       308       617       329
 -1       595    6    0    1
 -2         4       575       350       269       701       627       363       286       636       644
 -1       596    6    0    1
 -2       350       575         4       108       627       701       363       366       626       110
 -1       597    6    0    1
 -2       575       574       349       347       699       659       695       692       660       405
 -1       598    6    0    1
 -2       349       574       575       267       659       699       695       682       683       700
 -1       599    6    0    1
 -2       349       575         4       267       695       701       361       682       700       285
 -1       600    6    0    1
 -2         4       575       349       108       701       695       361       110       626       365
 -1       601    6    0    1
 -2       348       575         3       109       690       694       355       360       625       112
 -1       602    6    0    1
 -2         3       575       348       195       694       690       355       212       691       647
 -1       603    6    0    1
 -2       434         7         5       439       705       114       704       706       441       440
 -1       604    6    0    1
 -2         6       434         5        10       436       704       113       121       437       432
 -1       605    6    0    1
 -2        12         7         8       434       433       115       123       438       705       435
 -1       606    6    0    1
 -2         6         8         5       434       116       430       113       436       435       704
 -1       607    6    0    1
 -2       434         8         5         7       435       430       704       705       115       114
 -1       608    6    0    1
 -2       439         9        12        11       442       431       707       443       118       119
 -1       609    6    0    1
 -2       439         7        12       434       441       433       707       706       705       438
 -1       610    6    0    1
 -2        12         7       439        11       433       441       707       119       124       443
 -1       611    6    0    1
 -2        10        12       439         9       120       707       708       117       431       442
 -1       612    6    0    1
 -2       439        12        10       434       707       120       708       706       438       437
 -1       613    6    0    1
 -2       439         5        10         9       440       432       708       442       122       117
 -1       614    6    0    1
 -2        10         5       439       434       432       440       708       437       704       706
 -1       615    6    0    1
 -2       523       154       526       711       549       551       553       713       712       714
 -1       616    6    0    1
 -2       154       155       526       711       166       552       551       712       715       714
 -1       617    6    0    1
 -2       523       470       153       710       717       716       548       719       718       720
 -1       618    6    0    1
 -2       153       470       129       710       716       496       457       720       718       721
 -1       619    6    0    1
 -2       474       149       527       709       723       532       722       725       724       726
 -1       620    6    0    1
 -2       523       130       470       710       727       495       717       719       728       718
 -1       621    6    0    1
 -2       473       155       131       711       729       459       498       730       715       731
 -1       622    6    0    1
 -2       153       129       154       710       457       455       165       720       721       732
 -1       623    6    0    1
 -2       477       523       153       530       734       548       733       735       550       546
 -1       624    6    0    1
 -2       529       472       476       471       737       488       736       738       519       491
 -1       625    6    0    1
 -2       524       523       477       530       570       734       739       547       550       735
 -1       626    6    0    1
 -2       159       475       521       528       741       740       533       560       742       562
 -1       627    6    0    1
 -2       127       471       529       476       490       738       743       486       491       736
 -1       628    6    0    1
 -2       473       526       155       711       744       552       729       730       714       715
 -1       629    6    0    1
 -2       130       523       154       710       727       549       456       728       719       732
 -1       630    6    0    1
 -2       471       467       470       520       516       518       517       745       434       746
 -1       631    6    0    1
 -2       471       472       467       520       519       514       516       745       747       434
 -1       632    6    0    1
 -2       470       520       523       524       746       569       717       748       571       570
 -1       633    6    0    1
 -2       472       471       525       520       519       749       750       747       745       566
 -1       634    6    0    1
 -2       468       467       472       520       512       514       513       751       434       747
 -1       635    6    0    1
 -2       525       520       471       524       566       745       749       572       571       752
 -1       636    6    0    1
 -2       468       472       521       520       513       753       754       751       747       563
 -1       637    6    0    1
 -2       471       520       470       524       745       746       517       752       571       748
 -1       638    6    0    1
 -2       521       472       525       520       753       750       567       563       747       566
 -1       639    6    0    1
 -2        14       149       527       474       160       532       531       755       723       722
 -1       640    6    0    1
 -2       126       529       476       127       756       736       487       138       743       486
 -1       641    6    0    1
 -2       524       477       152       530       739       757       543       547       735       545
 -1       642    6    0    1
 -2       477       530       153       152       735       546       733       757       545       164
 -1       643    6    0    1
 -2       475       159       158       528       741       170       758       742       560       559
 -1       644    6    0    1
 -2        14       527       468       474       531       759       760       755       722       482
 -1       645    6    0    1
 -2       529       126       476       472       756       487       736       737       483       488
 -1       646    6    0    1
 -2       129       130       154       710       141       456       455       721       728       732
 -1       647    6    0    1
 -2       474       125       149       709       478       446       723       725       761       724
 -1       648    6    0    1
 -2       525       472       529       471       750       737       541       749       519       738
 -1       649    6    0    1
 -2       153       477       470       523       733       497       716       548       734       717
 -1       650    6    0    1
 -2       159       521       475       468       533       740       741       762       754       509
 -1       651    6    0    1
 -2       525       471       529       524       749       738       541       572       752       544
 -1       652    6    0    1
 -2       524       477       523       470       739       734       570       748       497       717
 -1       653    6    0    1
 -2       477       470       524       471       497       748       739       494       517       752
 -1       654    6    0    1
 -2       127       529       471       524       743       738       490       763       544       752
 -1       655    6    0    1
 -2       473       130       470       523       499       495       500       764       727       717
 -1       656    6    0    1
 -2       153       154       523       710       165       549       548       720       732       719
 -1       657    6    0    1
 -2        14       468       521       159       760       754       534       171       762       533
 -1       658    6    0    1
 -2       127       471       128       524       490       489       139       763       752       765
 -1       659    6    0    1
 -2       527       149       525       709       532       536       538       726       724       766
 -1       660    6    0    1
 -2       521       475       522       528       740       767       564       562       742       561
 -1       661    6    0    1
 -2       522       133       156       157       768       462       555       556       465       168
 -1       662    6    0    1
 -2       159       468       475       135       762       509       741       447       481       506
 -1       663    6    0    1
 -2       470       129       477       153       496       492       497       716       457       733
 -1       664    6    0    1
 -2       477       128       471       524       493       489       494       739       765       752
 -1       665    6    0    1
 -2        14       468        13       474       760       480       148       755       482       479
 -1       666    6    0    1
 -2       468        14       521       527       760       534       754       759       531       535
 -1       667    6    0    1
 -2       529       525       150       472       541       537       539       737       750       769
 -1       668    6    0    1
 -2       529       524       127       151       544       763       743       540       542       451
 -1       669    6    0    1
 -2       468       521       469       520       754       770       511       751       563       771
 -1       670    6    0    1
 -2       473       523       470       520       764       717       500       772       569       746
 -1       671    6    0    1
 -2       469       467       468       520       510       512       511       771       434       751
 -1       672    6    0    1
 -2       473       470       467       520       500       518       515       772       746       434
 -1       673    6    0    1
 -2       130       129       470       710       141       496       495       728       721       718
 -1       674    6    0    1
 -2       524       151       128       127       542       452       765       763       451       139
 -1       675    6    0    1
 -2       468        14       135       159       760       445       481       762       171       447
 -1       676    6    0    1
 -2       468        13       135        14       480       147       481       760       148       445
 -1       677    6    0    1
 -2       522       475       158       528       767       758       558       561       742       559
 -1       678    6    0    1
 -2       469       468       475       521       511       509       508       770       754       740
 -1       679    6    0    1
 -2       474        14       125        13       755       444       478       479       148       136
 -1       680    6    0    1
 -2       149        14       125       474       160       444       446       723       755       478
 -1       681    6    0    1
 -2       529       127       126       151       743       138       756       540       451       450
 -1       682    6    0    1
 -2       475       135       158       159       506       466       758       741       447       170
 -1       683    6    0    1
 -2       477       153       129       152       733       457       492       757       164       453
 -1       684    6    0    1
 -2       524       152       477       128       543       757       739       765       454       493
 -1       685    6    0    1
 -2       475       158       135       134       758       466       506       507       464       146
 -1       686    6    0    1
 -2       150       126       529       472       449       756       539       769       483       737
 -1       687    6    0    1
 -2       152       151       128       524       163       452       454       543       542       765
 -1       688    6    0    1
 -2       125       126       150       472       137       449       448       484       483       769
 -1       689    6    0    1
 -2       133       132       469       522       144       503       502       768       773       774
 -1       690    6    0    1
 -2       522       156       133       132       555       462       768       773       461       144
 -1       691    6    0    1
 -2       134       475       158       522       507       758       464       775       767       558
 -1       692    6    0    1
 -2       126       150       529       151       449       539       756       450       162       540
 -1       693    6    0    1
 -2       477       129       128       152       492       140       493       757       453       454
 -1       694    6    0    1
 -2       469       521       522       520       770       564       774       771       563       565
 -1       695    6    0    1
 -2       523       473       526       520       764       744       553       569       772       568
 -1       696    6    0    1
 -2       467       469       473       520       510       504       515       434       771       772
 -1       697    6    0    1
 -2       522       132       469       473       773       503       774       776       501       504
 -1       698    6    0    1
 -2       132       156       526       522       461       554       777       773       555       557
 -1       699    6    0    1
 -2       526       473       132       522       744       501       777       557       776       773
 -1       700    6    0    1
 -2       522       158       133       157       558       463       768       556       169       465
 -1       701    6    0    1
 -2       522       133       158       134       768       463       558       775       145       464
 -1       702    6    0    1
 -2       472       125       474       709       484       478       485       778       761       725
 -1       703    6    0    1
 -2       475       134       469       522       507       505       508       767       775       774
 -1       704    6    0    1
 -2       521       522       475       469       564       767       740       770       774       508
 -1       705    6    0    1
 -2       134       133       469       522       145       502       505       775       768       774
 -1       706    6    0    1
 -2       523       526       473       711       553       744       764       713       714       730
 -1       707    6    0    1
 -2       522       473       469       520       776       504       774       565       772       771
 -1       708    6    0    1
 -2       473       522       526       520       776       557       744       772       565       568
 -1       709    6    0    1
 -2       132       155       131       473       460       459       143       501       729       498
 -1       710    6    0    1
 -2       154       131       155       711       458       459       166       712       731       715
 -1       711    6    0    1
 -2       155       156       526       132       167       554       552       460       461       777
 -1       712    6    0    1
 -2       155       132       526       473       460       777       552       729       501       744
 -1       713    6    0    1
 -2       150       149       709       525       161       724       779       537       536       766
 -1       714    6    0    1
 -2       709       149       150       125       724       161       779       761       446       448
 -1       715    6    0    1
 -2       709       472       150       525       778       769       779       766       750       537
 -1       716    6    0    1
 -2       150       472       709       125       769       778       779       448       484       761
 -1       717    6    0    1
 -2       468       709       474       527       780       725       482       759       726       722
 -1       718    6    0    1
 -2       474       709       468       472       725       780       482       485       778       513
 -1       719    6    0    1
 -2       468       521       709       527       754       781       780       759       535       726
 -1       720    6    0    1
 -2       709       521       468       472       781       754       780       778       753       513
 -1       721    6    0    1
 -2       521       525       709       527       567       766       781       535       538       726
 -1       722    6    0    1
 -2       709       525       521       472       766       567       781       778       750       753
 -1       723    6    0    1
 -2       130       711       473       131       782       730       499       142       731       498
 -1       724    6    0    1
 -2       711       130       473       523       782       499       730       713       727       764
 -1       725    6    0    1
 -2       711       130       154       131       782       456       712       731       142       458
 -1       726    6    0    1
 -2       130       711       154       523       782       712       456       727       713       549
 -3
    1PSTEP                         1           1           1          
  100CL  101 1.000000000         782                     0    1           1
 -4  DISP        4    1
 -5  D1          1    2    1    0
 -5  D2          1    2    2    0
 -5  D3          1    2    3    0
 -5  ALL         1    2    0    0    1ALL
 -1         1 3.08451E+11 2.66708E+11-2.45069E+11
 -1         2 2.93522E+11 2.66708E+11-7.03752E+10
 -1         3 8.92337E+10 5.70757E+10-2.45069E+11
 -1         4 7.43049E+10 5.70757E+10-7.03752E+10
 -1         5 1.79310E+10-5.62614E+09 5.51338E+08
 -1         6 1.82254E+09-3.03756E+09 5.51338E+08
 -1         7 1.42859E+10-5.62614E+09 6.69000E+08
 -1         8-1.82254E+09-3.03756E+09 6.69000E+08
 -1         9 1.79310E+10 4.48992E+08-6.69000E+08
 -1        10 1.82254E+09 3.03756E+09-6.69000E+08
 -1        11 1.42859E+10 4.48992E+08-5.51338E+08
 -1        12-1.82254E+09 3.03756E+09-5.51338E+08
 -1        13 9.50258E-04 8.08655E-03-2.05506E-03
 -1        14 3.79687E-04 8.07332E-03-3.12887E-04
 -1        15 2.59502E+11 2.04970E+11-4.27750E+11
 -1        16 1.25770E+11 6.61570E+10-5.61482E+11
 -1        17-5.69112E+10-1.12537E+11-6.10431E+11
 -1        18-2.39592E+11-2.83230E+11-5.61482E+11
 -1        19-3.73324E+11-4.00186E+11-4.27750E+11
 -1        20-4.22273E+11-4.32066E+11-2.45069E+11
 -1        21-3.73324E+11-3.70328E+11-6.23875E+10
 -1        22-2.39592E+11-2.31515E+11 7.13443E+10
 -1        23-5.69112E+10-5.28214E+10 1.20294E+11
 -1        24 1.25770E+11 1.17872E+11 7.13443E+10
 -1        25 2.59502E+11 2.34828E+11-6.23875E+10
 -1        26 2.96002E+11 2.47075E+11-3.39631E+11
 -1        27 2.01439E+11 1.43262E+11-5.03419E+11
 -1        28 3.76515E+10-2.10913E+10-5.97982E+11
 -1        29-1.51474E+11-2.01947E+11-5.97982E+11
 -1        30-3.15261E+11-3.50845E+11-5.03419E+11
 -1        31-4.09824E+11-4.27889E+11-3.39631E+11
 -1        32-4.09824E+11-4.12433E+11-1.50506E+11
 -1        33-3.15261E+11-3.08620E+11 1.32815E+10
 -1        34-1.51474E+11-1.44267E+11 1.07844E+11
 -1        35 3.76515E+10 3.65892E+10 1.07844E+11
 -1        36 2.01439E+11 1.85487E+11 1.32815E+10
 -1        37 2.96002E+11 2.62531E+11-1.50506E+11
 -1        38 3.00987E+11 2.66708E+11-1.57722E+11
 -1        39 2.44573E+11 2.04970E+11-2.53056E+11
 -1        40 1.10841E+11 6.61570E+10-3.86788E+11
 -1        41-7.18400E+10-1.12537E+11-4.35737E+11
 -1        42-2.54521E+11-2.83230E+11-3.86788E+11
 -1        43-3.88253E+11-4.00186E+11-2.53056E+11
 -1        44-4.37202E+11-4.32066E+11-7.03752E+10
 -1        45-3.88253E+11-3.70328E+11 1.12306E+11
 -1        46-2.54521E+11-2.31515E+11 2.46038E+11
 -1        47-7.18400E+10-5.28214E+10 2.94987E+11
 -1        48 1.10841E+11 1.17872E+11 2.46038E+11
 -1        49 2.44573E+11 2.34828E+11 1.12306E+11
 -1        50 2.81073E+11 2.47075E+11-1.64938E+11
 -1        51 1.86510E+11 1.43262E+11-3.28725E+11
 -1        52 2.27227E+10-2.10913E+10-4.23288E+11
 -1        53-1.66403E+11-2.01947E+11-4.23288E+11
 -1        54-3.30190E+11-3.50845E+11-3.28725E+11
 -1        55-4.24753E+11-4.27889E+11-1.64938E+11
 -1        56-4.24753E+11-4.12433E+11 2.41875E+10
 -1        57-3.30190E+11-3.08620E+11 1.87975E+11
 -1        58-1.66403E+11-1.44267E+11 2.82538E+11
 -1        59 2.27227E+10 3.65892E+10 2.82538E+11
 -1        60 1.86510E+11 1.85487E+11 1.87975E+11
 -1        61 2.81073E+11 2.62531E+11 2.41875E+10
 -1        62 6.96540E+10 3.23806E+10-3.18141E+11
 -1        63 1.61613E+10-2.31447E+10-3.71634E+11
 -1        64-5.69112E+10-9.46221E+10-3.91214E+11
 -1        65-1.29984E+11-1.62899E+11-3.71634E+11
 -1        66-1.83476E+11-2.09682E+11-3.18141E+11
 -1        67-2.03056E+11-2.22434E+11-2.45069E+11
 -1        68-1.83476E+11-1.97739E+11-1.71996E+11
 -1        69-1.29984E+11-1.42213E+11-1.18503E+11
 -1        70-5.69112E+10-7.07360E+10-9.89238E+10
 -1        71 1.61613E+10-2.45868E+09-1.18503E+11
 -1        72 6.96540E+10 4.43237E+10-1.71996E+11
 -1        73 8.42540E+10 4.92226E+10-2.82894E+11
 -1        74 4.64289E+10 7.69748E+09-3.48409E+11
 -1        75-1.90861E+10-5.80440E+10-3.86234E+11
 -1        76-9.47363E+10-1.30386E+11-3.86234E+11
 -1        77-1.60251E+11-1.89946E+11-3.48409E+11
 -1        78-1.98076E+11-2.20763E+11-2.82894E+11
 -1        79-1.98076E+11-2.14581E+11-2.07244E+11
 -1        80-1.60251E+11-1.73056E+11-1.41729E+11
 -1        81-9.47363E+10-1.07314E+11-1.03904E+11
 -1        82-1.90861E+10-3.49718E+10-1.03904E+11
 -1        83 4.64289E+10 2.45875E+10-1.41729E+11
 -1        84 8.42540E+10 5.54048E+10-2.07244E+11
 -1        85 5.47252E+10 3.23806E+10-1.43448E+11
 -1        86 1.23247E+09-2.31447E+10-1.96940E+11
 -1        87-7.18400E+10-9.46221E+10-2.16520E+11
 -1        88-1.44912E+11-1.62899E+11-1.96940E+11
 -1        89-1.98405E+11-2.09682E+11-1.43448E+11
 -1        90-2.17985E+11-2.22434E+11-7.03752E+10
 -1        91-1.98405E+11-1.97739E+11 2.69727E+09
 -1        92-1.44912E+11-1.42213E+11 5.61900E+10
 -1        93-7.18400E+10-7.07360E+10 7.57697E+10
 -1        94 1.23247E+09-2.45868E+09 5.61900E+10
 -1        95 5.47252E+10 4.43237E+10 2.69727E+09
 -1        96 6.93252E+10 4.92226E+10-1.08200E+11
 -1        97 3.15001E+10 7.69748E+09-1.73715E+11
 -1        98-3.40149E+10-5.80440E+10-2.11540E+11
 -1        99-1.09665E+11-1.30386E+11-2.11540E+11
 -1       100-1.75180E+11-1.89946E+11-1.73715E+11
 -1       101-2.13005E+11-2.20763E+11-1.08200E+11
 -1       102-2.13005E+11-2.14581E+11-3.25501E+10
 -1       103-1.75180E+11-1.73056E+11 3.29649E+10
 -1       104-1.09665E+11-1.07314E+11 7.07900E+10
 -1       105-3.40149E+10-3.49718E+10 7.07900E+10
 -1       106 3.15001E+10 2.45875E+10 3.29649E+10
 -1       107 6.93252E+10 5.54048E+10-3.25501E+10
 -1       108 7.92812E+10 5.70757E+10-1.28606E+11
 -1       109 8.42575E+10 5.70757E+10-1.86837E+11
 -1       110 7.67931E+10 5.70757E+10-9.94908E+10
 -1       111 8.17693E+10 5.70757E+10-1.57722E+11
 -1       112 8.67456E+10 5.70757E+10-2.15953E+11
 -1       113 9.87677E+09-4.33185E+09 5.51338E+08
 -1       114 1.61085E+10-5.62614E+09 6.10169E+08
 -1       115 6.23169E+09-4.33185E+09 6.69000E+08
 -1       116 8.27570E-04-3.03756E+09 6.10169E+08
 -1       117 9.87677E+09 1.74328E+09-6.69000E+08
 -1       118 1.61085E+10 4.48992E+08-6.10169E+08
 -1       119 6.23169E+09 1.74328E+09-5.51338E+08
 -1       120 9.37700E-04 3.03756E+09-6.10169E+08
 -1       121 1.82254E+09 3.21505E-03-5.88312E+07
 -1       122 1.79310E+10-2.58857E+09-5.88312E+07
 -1       123-1.82254E+09 3.27831E-03 5.88312E+07
 -1       124 1.42859E+10-2.58857E+09 5.88312E+07
 -1       125 9.54136E-04 6.60461E-03-1.81704E-03
 -1       126 1.07494E-03 4.27069E-03-1.57304E-03
 -1       127 1.22637E-03 1.86984E-03-1.36186E-03
 -1       128 1.25792E-03 4.24949E-04-8.44072E-04
 -1       129 1.30063E-03-4.04877E-04-1.02687E-03
 -1       130 1.06144E-03-1.69457E-03-1.95126E-03
 -1       131 9.79180E-04-1.24679E-03-2.30160E-03
 -1       132 1.12415E-03 1.52463E-03-2.24257E-03
 -1       133 1.16458E-03 4.48036E-03-2.23978E-03
 -1       134 1.12216E-03 6.90635E-03-2.25699E-03
 -1       135 1.02820E-03 8.21735E-03-2.21043E-03
 -1       136 9.37970E-04 7.49224E-03-1.94309E-03
 -1       137 1.00375E-03 5.49761E-03-1.68989E-03
 -1       138 1.15474E-03 3.02259E-03-1.46413E-03
 -1       139 1.25032E-03 9.88893E-04-1.15319E-03
 -1       140 1.24724E-03 1.71803E-04 0.00000E+00
 -1       141 1.17619E-03-1.20239E-03-1.61318E-03
 -1       142 1.00912E-03-1.74703E-03-2.16076E-03
 -1       143 1.00330E-03-9.57211E-05-2.32102E-03
 -1       144 1.16768E-03 3.04186E-03-2.23301E-03
 -1       145 1.15219E-03 5.80123E-03-2.25426E-03
 -1       146 1.07890E-03 7.73081E-03-2.24629E-03
 -1       147 9.82412E-04 8.33664E-03-2.14581E-03
 -1       148 6.63930E-04 8.08089E-03-1.18366E-03
 -1       149 3.64645E-04 6.59013E-03-1.21770E-04
 -1       150 4.90130E-04 4.25647E-03 4.69907E-05
 -1       151 6.82705E-04 1.85981E-03 1.00477E-04
 -1       152 8.95377E-04 2.84077E-04-3.78595E-05
 -1       153 1.39921E-03-4.99712E-04-1.35815E-04
 -1       154 1.28760E-03-1.64797E-03-2.20214E-04
 -1       155 6.43365E-04-1.21744E-03-1.08652E-04
 -1       156 4.31981E-04 1.48181E-03-3.28835E-05
 -1       157 6.38706E-04 4.46821E-03-3.11937E-04
 -1       158 6.02857E-04 6.89029E-03-4.10552E-04
 -1       159 4.89551E-04 8.20480E-03-4.18996E-04
 -1       160 3.56235E-04 7.47824E-03-2.24142E-04
 -1       161 4.12895E-04 5.48607E-03-2.85789E-05
 -1       162 5.87643E-04 3.01286E-03 8.92657E-05
 -1       163 7.78075E-04 9.15286E-04 3.52037E-05
 -1       164 1.18218E-03 0.00000E+00 0.00000E+00
 -1       165 1.40105E-03-1.16181E-03-2.12909E-04
 -1       166 1.04388E-03-1.69541E-03-2.08979E-04
 -1       167 0.00000E+00 0.00000E+00 0.00000E+00
 -1       168 5.75196E-04 3.01152E-03-1.94173E-04
 -1       169 6.29558E-04 5.78236E-03-3.70188E-04
 -1       170 5.51339E-04 7.71800E-03-4.28419E-04
 -1       171 4.27784E-04 8.32464E-03-3.80689E-04
 -1       172 2.88537E+11 2.47075E+11-2.52285E+11
 -1       173 2.88537E+11 2.62531E+11-6.31592E+10
 -1       174 2.52037E+11 2.04970E+11-3.40403E+11
 -1       175 2.52037E+11 2.34828E+11 2.49592E+10
 -1       176 1.93975E+11 1.43262E+11-4.16072E+11
 -1       177 3.01871E+10-2.10913E+10-5.10635E+11
 -1       178-6.43756E+10-1.12537E+11-5.23084E+11
 -1       179 1.18306E+11 6.61570E+10-4.74135E+11
 -1       180-1.58938E+11-2.01947E+11-5.10635E+11
 -1       181-2.47057E+11-2.83230E+11-4.74135E+11
 -1       182-3.22726E+11-3.50845E+11-4.16072E+11
 -1       183-3.80789E+11-4.00186E+11-3.40403E+11
 -1       184-4.17288E+11-4.27889E+11-2.52285E+11
 -1       185-4.17288E+11-4.12433E+11-6.31592E+10
 -1       186-4.29738E+11-4.32066E+11-1.57722E+11
 -1       187-3.22726E+11-3.08620E+11 1.00628E+11
 -1       188-2.47057E+11-2.31515E+11 1.58691E+11
 -1       189-3.80789E+11-3.70328E+11 2.49592E+10
 -1       190-1.58938E+11-1.44267E+11 1.95191E+11
 -1       191 3.01871E+10 3.65892E+10 1.95191E+11
 -1       192 1.18306E+11 1.17872E+11 1.58691E+11
 -1       193-6.43756E+10-5.28214E+10 2.07640E+11
 -1       194 1.93975E+11 1.85487E+11 1.00628E+11
 -1       195 1.75999E+11 1.34948E+11-3.07477E+11
 -1       196-2.27414E+11-2.59660E+11-4.15571E+11
 -1       197 1.72192E+11 1.41590E+11-1.81640E+11
 -1       198 1.09150E+11 8.99848E+10-7.54164E+10
 -1       199-1.19319E+11-1.23325E+11-1.21581E+10
 -1       200 2.98985E+09-6.91406E+09-1.88939E+10
 -1       201-2.26393E+11-2.31128E+11-7.83734E+10
 -1       202-2.87035E+11-3.07613E+11-3.04690E+11
 -1       203-1.16532E+11-1.58499E+11-4.75192E+11
 -1       204-2.82593E+11-2.93551E+11-1.84597E+11
 -1       205 1.09784E+11 6.28773E+10-4.14551E+11
 -1       206 3.56011E+09-4.32947E+10-4.70751E+11
 -1       207 2.17751E+11 1.69959E+11-3.67613E+11
 -1       208 2.42225E+11 2.00828E+11-2.76273E+11
 -1       209 2.40322E+11 2.04149E+11-2.13354E+11
 -1       210 2.15847E+11 1.88209E+11-1.22014E+11
 -1       211 1.74096E+11 1.38269E+11-2.44559E+11
 -1       212 1.32617E+11 9.60117E+10-2.76273E+11
 -1       213 1.22827E+11 8.36641E+10-3.12809E+11
 -1       214 1.20923E+11 9.29570E+10-1.76818E+11
 -1       215 1.30713E+11 9.93330E+10-2.13354E+11
 -1       216 1.17777E+11 6.45171E+10-4.88016E+11
 -1       217 1.84643E+11 1.33924E+11-4.21150E+11
 -1       218 1.42892E+11 9.89124E+10-3.61014E+11
 -1       219-2.66755E+10-7.79157E+10-5.40591E+11
 -1       220 6.46650E+10 1.14311E+10-5.16116E+11
 -1       221 5.66721E+10 9.79129E+09-4.42651E+11
 -1       222-1.78062E+11-2.20865E+11-5.18337E+11
 -1       223-8.67218E+10-1.35518E+11-5.42812E+11
 -1       224-5.64861E+10-1.00897E+11-4.72971E+11
 -1       225-3.00369E+11-3.29923E+11-4.21660E+11
 -1       226-2.33503E+11-2.71445E+11-4.88526E+11
 -1       227-1.71973E+11-2.09080E+11-4.45382E+11
 -1       228-3.54654E+11-3.69839E+11-2.74879E+11
 -1       229-3.30179E+11-3.53899E+11-3.66220E+11
 -1       230-2.57224E+11-2.83636E+11-3.60130E+11
 -1       231-3.27959E+11-3.31940E+11-1.23492E+11
 -1       232-3.52433E+11-3.62809E+11-2.14833E+11
 -1       233-2.84814E+11-3.00582E+11-2.44644E+11
 -1       234-2.32993E+11-2.31322E+11-3.51454E+09
 -1       235-2.99859E+11-3.00728E+11-7.03805E+10
 -1       236-2.54493E+11-2.62340E+11-1.31485E+11
 -1       237-8.81153E+10-8.80732E+10 5.40678E+10
 -1       238-1.79456E+11-1.77420E+11 2.95931E+10
 -1       239-1.72856E+11-1.77227E+11-4.52657E+10
 -1       240 6.43799E+10 5.54789E+10 2.62252E+10
 -1       241-2.69607E+10-2.98677E+10 5.06998E+10
 -1       242-5.81648E+10-6.51195E+10-1.55260E+10
 -1       243 1.84326E+11 1.62406E+11-6.89020E+10
 -1       244 1.17460E+11 1.03928E+11-2.03601E+09
 -1       245 5.60697E+10 4.15354E+10-4.71552E+10
 -1       246 1.40671E+11 1.15788E+11-1.28528E+11
 -1       247 8.97190E+10 4.76290E+10-3.66346E+11
 -1       248 6.29727E+10 1.98663E+10-3.93092E+11
 -1       249 9.86070E+09-3.32197E+10-4.21192E+11
 -1       250-2.66755E+10-6.89584E+10-4.30982E+11
 -1       251-8.67218E+10-1.26561E+11-4.33203E+11
 -1       252-1.23258E+11-1.60699E+11-4.23413E+11
 -1       253-1.78699E+11-2.11280E+11-3.93602E+11
 -1       254-2.05445E+11-2.34671E+11-3.66856E+11
 -1       255-2.35256E+11-2.58647E+11-3.11415E+11
 -1       256-2.45045E+11-2.65023E+11-2.74879E+11
 -1       257-2.42825E+11-2.57993E+11-2.14833E+11
 -1       258-2.33035E+11-2.45645E+11-1.78297E+11
 -1       259-2.04935E+11-2.14434E+11-1.25185E+11
 -1       260-1.78189E+11-1.86671E+11-9.84384E+10
 -1       261-1.24652E+11-1.32769E+11-6.53308E+10
 -1       262-8.81153E+10-9.70305E+10-5.55409E+10
 -1       263-2.69607E+10-3.88250E+10-5.89089E+10
 -1       264 9.57557E+09-4.68637E+09-6.86987E+10
 -1       265 6.26554E+10 4.37631E+10-9.69599E+10
 -1       266 8.94018E+10 6.71542E+10-1.23706E+11
 -1       267 1.61071E+11 1.34948E+11-1.32783E+11
 -1       268-2.42342E+11-2.59660E+11-2.40878E+11
 -1       269 1.57263E+11 1.41590E+11-6.94685E+09
 -1       270 9.42207E+10 8.99848E+10 9.92771E+10
 -1       271-1.34248E+11-1.23325E+11 1.62535E+11
 -1       272-1.19390E+10-6.91406E+09 1.55800E+11
 -1       273-2.41322E+11-2.31128E+11 9.63200E+10
 -1       274-3.01964E+11-3.07613E+11-1.29996E+11
 -1       275-1.31461E+11-1.58499E+11-3.00499E+11
 -1       276-2.97522E+11-2.93551E+11-9.90391E+09
 -1       277 9.48552E+10 6.28773E+10-2.39857E+11
 -1       278-1.13687E+10-4.32947E+10-2.96057E+11
 -1       279 2.27296E+11 2.00828E+11-1.01579E+11
 -1       280 2.02822E+11 1.69959E+11-1.92920E+11
 -1       281 2.00918E+11 1.88209E+11 5.26796E+10
 -1       282 2.25393E+11 2.04149E+11-3.86610E+10
 -1       283 1.59167E+11 1.38269E+11-6.98651E+10
 -1       284 1.07898E+11 8.36641E+10-1.38116E+11
 -1       285 1.17688E+11 9.60117E+10-1.01579E+11
 -1       286 1.15784E+11 9.93330E+10-3.86610E+10
 -1       287 1.05994E+11 9.29570E+10-2.12479E+09
 -1       288 1.69714E+11 1.33924E+11-2.46457E+11
 -1       289 1.02848E+11 6.45171E+10-3.13323E+11
 -1       290 1.27963E+11 9.89124E+10-1.86320E+11
 -1       291 4.97362E+10 1.14311E+10-3.41423E+11
 -1       292-4.16043E+10-7.79157E+10-3.65897E+11
 -1       293 4.17433E+10 9.79129E+09-2.67957E+11
 -1       294-1.01651E+11-1.35518E+11-3.68118E+11
 -1       295-1.92991E+11-2.20865E+11-3.43643E+11
 -1       296-7.14149E+10-1.00897E+11-2.98278E+11
 -1       297-2.48432E+11-2.71445E+11-3.13833E+11
 -1       298-3.15298E+11-3.29923E+11-2.46967E+11
 -1       299-1.86902E+11-2.09080E+11-2.70688E+11
 -1       300-3.45108E+11-3.53899E+11-1.91526E+11
 -1       301-3.69583E+11-3.69839E+11-1.00186E+11
 -1       302-2.72153E+11-2.83636E+11-1.85437E+11
 -1       303-3.67362E+11-3.62809E+11-4.01395E+10
 -1       304-3.42887E+11-3.31940E+11 5.12010E+10
 -1       305-2.99743E+11-3.00582E+11-6.99501E+10
 -1       306-3.14788E+11-3.00728E+11 1.04313E+11
 -1       307-2.47922E+11-2.31322E+11 1.71179E+11
 -1       308-2.69422E+11-2.62340E+11 4.32081E+10
 -1       309-1.94385E+11-1.77420E+11 2.04287E+11
 -1       310-1.03044E+11-8.80732E+10 2.28761E+11
 -1       311-1.87785E+11-1.77227E+11 1.29428E+11
 -1       312-4.18895E+10-2.98677E+10 2.25393E+11
 -1       313 4.94511E+10 5.54789E+10 2.00919E+11
 -1       314-7.30936E+10-6.51195E+10 1.59167E+11
 -1       315 1.02531E+11 1.03928E+11 1.72657E+11
 -1       316 1.69397E+11 1.62406E+11 1.05792E+11
 -1       317 4.11409E+10 4.15354E+10 1.27538E+11
 -1       318 1.25742E+11 1.15788E+11 4.61651E+10
 -1       319 4.80439E+10 1.98663E+10-2.18399E+11
 -1       320 7.47902E+10 4.76290E+10-1.91653E+11
 -1       321-4.16043E+10-6.89584E+10-2.56289E+11
 -1       322-5.06812E+09-3.32197E+10-2.46499E+11
 -1       323-1.38187E+11-1.60699E+11-2.48720E+11
 -1       324-1.01651E+11-1.26561E+11-2.58509E+11
 -1       325-2.20374E+11-2.34671E+11-1.92163E+11
 -1       326-1.93627E+11-2.11280E+11-2.18909E+11
 -1       327-2.59974E+11-2.65023E+11-1.00186E+11
 -1       328-2.50184E+11-2.58647E+11-1.36722E+11
 -1       329-2.47964E+11-2.45645E+11-3.60332E+09
 -1       330-2.57753E+11-2.57993E+11-4.01395E+10
 -1       331-1.93117E+11-1.86671E+11 7.62550E+10
 -1       332-2.19864E+11-2.14434E+11 4.95087E+10
 -1       333-1.03044E+11-9.70305E+10 1.19153E+11
 -1       334-1.39580E+11-1.32769E+11 1.09363E+11
 -1       335-5.35325E+09-4.68637E+09 1.05995E+11
 -1       336-4.18895E+10-3.88250E+10 1.15785E+11
 -1       337 7.44730E+10 6.71542E+10 5.09872E+10
 -1       338 4.77266E+10 4.37631E+10 7.77336E+10
 -1       339-2.82091E+10-3.65230E+10-1.61298E+10
 -1       340 3.43232E+10 2.05009E+10-5.00785E+10
 -1       341 3.43232E+10 2.88299E+09-2.65665E+11
 -1       342-2.82091E+10-5.96661E+10-2.99328E+11
 -1       343-1.02201E+11-1.07314E+11-1.65568E+10
 -1       344-1.67716E+11-1.73056E+11-5.43819E+10
 -1       345 8.17658E+10 5.54048E+10-1.78128E+11
 -1       346 6.90738E+10 4.93618E+10-1.03556E+11
 -1       347 6.90738E+10 3.94180E+10-2.25236E+11
 -1       348 8.17658E+10 4.92226E+10-2.53778E+11
 -1       349 7.48407E+10 5.07129E+10-1.54506E+11
 -1       350 7.48407E+10 5.61369E+10-8.81336E+10
 -1       351-2.05541E+11-2.14581E+11-1.19897E+11
 -1       352-2.05541E+11-2.20763E+11-1.95547E+11
 -1       353-1.67716E+11-1.89946E+11-2.61062E+11
 -1       354-1.02201E+11-1.30386E+11-2.98887E+11
 -1       355 8.67394E+10 5.43212E+10-2.49587E+11
 -1       356 7.68651E+10 4.18671E+10-2.86438E+11
 -1       357 8.67394E+10 5.74390E+10-2.11435E+11
 -1       358 7.68651E+10 5.10079E+10-1.74584E+11
 -1       359 8.42512E+10 5.74390E+10-1.82320E+11
 -1       360 8.42512E+10 5.43212E+10-2.20471E+11
 -1       361 7.55241E+10 5.47951E+10-1.12550E+11
 -1       362 6.62541E+10 4.29060E+10-1.49558E+11
 -1       363 7.55241E+10 5.75250E+10-7.91450E+10
 -1       364 6.62541E+10 5.16845E+10-4.21369E+10
 -1       365 7.80123E+10 5.47951E+10-1.41666E+11
 -1       366 7.80123E+10 5.75250E+10-1.08261E+11
 -1       367 5.33188E+10 1.88165E+10-2.92971E+11
 -1       368 2.57536E+10-9.69883E+09-3.19347E+11
 -1       369 5.40547E+10 2.32634E+10-2.47166E+11
 -1       370 6.95080E+10 3.60310E+10-2.71763E+11
 -1       371 7.59022E+10 4.47674E+10-2.39681E+11
 -1       372-5.50907E+09-4.10163E+10-3.36745E+11
 -1       373-4.24179E+10-7.71006E+10-3.46403E+11
 -1       374 5.14348E+09-2.67117E+10-2.86355E+11
 -1       375-7.97191E+10-1.12762E+11-3.46290E+11
 -1       376-1.16571E+11-1.47195E+11-3.36416E+11
 -1       377-6.52328E+10-9.54420E+10-3.03868E+11
 -1       378-1.49611E+11-1.77231E+11-3.17340E+11
 -1       379-1.76588E+11-2.00824E+11-2.90363E+11
 -1       380-1.37448E+11-1.62899E+11-2.84287E+11
 -1       381-1.95664E+11-2.16366E+11-2.57323E+11
 -1       382-2.05538E+11-2.22797E+11-2.20471E+11
 -1       383-1.90941E+11-2.09682E+11-2.30794E+11
 -1       384-1.95664E+11-2.07225E+11-1.45468E+11
 -1       385-2.05538E+11-2.19679E+11-1.82320E+11
 -1       386-2.10520E+11-2.22434E+11-1.57722E+11
 -1       387-1.76588E+11-1.86284E+11-1.12428E+11
 -1       388-1.49611E+11-1.58281E+11-8.54507E+10
 -1       389-1.90941E+11-1.97739E+11-8.46495E+10
 -1       390-1.16571E+11-1.25127E+11-6.63750E+10
 -1       391-7.97191E+10-8.90798E+10-5.65007E+10
 -1       392-1.37448E+11-1.42213E+11-3.11567E+10
 -1       393-4.24179E+10-5.34009E+10-5.63948E+10
 -1       394-5.50907E+09-1.88952E+10-6.60527E+10
 -1       395-6.52328E+10-7.15563E+10-1.15831E+10
 -1       396 2.57536E+10 9.56714E+09-8.35932E+10
 -1       397 5.33188E+10 3.37715E+10-1.09969E+11
 -1       398 5.14348E+09-5.70053E+09-2.92456E+10
 -1       399 5.40547E+10 3.73247E+10-7.51014E+10
 -1       400 6.95080E+10 4.69866E+10-1.37702E+11
 -1       401 7.59022E+10 5.28587E+10-1.40668E+11
 -1       402 1.82892E+10-9.69883E+09-2.32001E+11
 -1       403 4.58544E+10 1.88165E+10-2.05624E+11
 -1       404 6.20436E+10 3.60310E+10-1.84416E+11
 -1       405 7.26502E+10 4.57087E+10-1.90108E+11
 -1       406-4.98823E+10-7.71006E+10-2.59056E+11
 -1       407-1.29735E+10-4.10163E+10-2.49398E+11
 -1       408-1.24035E+11-1.47195E+11-2.49069E+11
 -1       409-8.71835E+10-1.12762E+11-2.58943E+11
 -1       410-1.84052E+11-2.00824E+11-2.03016E+11
 -1       411-1.57075E+11-1.77231E+11-2.29993E+11
 -1       412-2.13002E+11-2.22797E+11-1.33124E+11
 -1       413-2.03128E+11-2.16366E+11-1.69976E+11
 -1       414-2.13002E+11-2.19679E+11-9.49728E+10
 -1       415-2.03128E+11-2.07225E+11-5.81213E+10
 -1       416-1.57075E+11-1.58281E+11 1.89600E+09
 -1       417-1.84052E+11-1.86284E+11-2.50812E+10
 -1       418-8.71835E+10-8.90798E+10 3.08461E+10
 -1       419-1.24035E+11-1.25127E+11 2.09717E+10
 -1       420-1.29735E+10-1.88952E+10 2.12940E+10
 -1       421-4.98823E+10-5.34009E+10 3.09519E+10
 -1       422 4.58544E+10 3.37715E+10-2.26226E+10
 -1       423 1.82892E+10 9.56714E+09 3.75351E+09
 -1       424 6.20436E+10 4.69866E+10-5.03550E+10
 -1       425 7.26502E+10 5.34313E+10-9.56080E+10
 -1       426 8.05004E+10 5.47951E+10-1.70781E+11
 -1       427 8.05004E+10 5.75250E+10-1.37376E+11
 -1       428 7.99436E+10 5.64118E+10-1.44482E+11
 -1       429 7.99436E+10 5.13231E+10-2.06751E+11
 -1       430 8.05423E+09-4.33185E+09 6.10169E+08
 -1       431 8.05423E+09 1.74328E+09-6.10169E+08
 -1       432 9.87677E+09-1.29429E+09-5.88312E+07
 -1       433 6.23169E+09-1.29429E+09 5.88312E+07
 -1       434 9.37691E-04 3.28764E-03-1.34360E-03
 -1       435-9.11269E+08-1.51878E+09 3.34500E+08
 -1       436 9.11269E+08-1.51878E+09 2.75669E+08
 -1       437 9.11269E+08 1.51878E+09-3.34500E+08
 -1       438-9.11269E+08 1.51878E+09-2.75669E+08
 -1       439 1.61085E+10-2.58857E+09-3.82890E-03
 -1       440 1.70197E+10-4.10735E+09 2.75669E+08
 -1       441 1.51972E+10-4.10735E+09 3.34500E+08
 -1       442 1.70197E+10-1.06979E+09-3.34500E+08
 -1       443 1.51972E+10-1.06979E+09-2.75669E+08
 -1       444 6.47141E-04 7.48545E-03-1.08309E-03
 -1       445 7.05475E-04 8.33151E-03-1.26250E-03
 -1       446 6.60408E-04 6.59707E-03-9.68874E-04
 -1       447 7.59163E-04 8.21244E-03-1.31434E-03
 -1       448 7.07020E-04 5.49069E-03-8.58190E-04
 -1       449 7.81268E-04 4.26182E-03-7.62601E-04
 -1       450 8.68609E-04 3.01441E-03-6.91880E-04
 -1       451 9.55813E-04 1.85308E-03-6.51719E-04
 -1       452 1.01850E-03 9.31827E-04-5.88220E-04
 -1       453 1.21293E-03 4.57111E-05-4.20395E-04
 -1       454 1.09323E-03 3.18767E-04-5.03867E-04
 -1       455 1.28909E-03-1.18504E-03-9.22915E-04
 -1       456 1.17679E-03-1.67708E-03-1.08679E-03
 -1       457 1.33459E-03-4.79697E-04-6.38434E-04
 -1       458 1.03652E-03-1.73754E-03-1.19299E-03
 -1       459 8.62114E-04-1.24623E-03-1.21559E-03
 -1       460 7.09497E-04-9.08005E-05-1.19596E-03
 -1       461 8.22661E-04 1.50017E-03-1.14874E-03
 -1       462 8.75926E-04 3.03670E-03-1.21381E-03
 -1       463 8.89665E-04 5.79227E-03-1.31032E-03
 -1       464 8.59941E-04 6.89956E-03-1.33393E-03
 -1       465 9.04163E-04 4.47799E-03-1.27875E-03
 -1       466 8.14277E-04 7.72549E-03-1.33756E-03
 -1       467 1.12717E-03 3.28026E-03-2.19127E-03
 -1       468 1.08253E-03 5.84764E-03-2.11890E-03
 -1       469 1.12735E-03 4.48559E-03-2.24266E-03
 -1       470 1.01035E-03 6.93825E-04-1.88639E-03
 -1       471 1.12380E-03 2.00941E-03-1.58621E-03
 -1       472 1.09447E-03 4.45299E-03-1.85236E-03
 -1       473 1.03281E-03 1.58563E-03-2.27962E-03
 -1       474 1.02878E-03 6.25330E-03-1.98119E-03
 -1       475 1.10868E-03 6.37699E-03-2.22019E-03
 -1       476 1.14302E-03 3.13523E-03-1.59549E-03
 -1       477 1.03702E-03 5.85835E-04-1.28650E-03
 -1       478 9.95268E-04 6.43307E-03-1.90165E-03
 -1       479 9.93504E-04 7.16609E-03-2.02121E-03
 -1       480 1.02888E-03 6.97286E-03-2.08740E-03
 -1       481 1.06173E-03 7.02646E-03-2.16953E-03
 -1       482 1.05716E-03 6.05920E-03-2.05513E-03
 -1       483 1.08729E-03 4.37198E-03-1.70677E-03
 -1       484 1.03821E-03 5.52722E-03-1.84219E-03
 -1       485 1.06074E-03 5.34842E-03-1.92741E-03
 -1       486 1.18457E-03 2.49704E-03-1.46398E-03
 -1       487 1.11849E-03 3.69959E-03-1.59189E-03
 -1       488 1.11378E-03 3.78767E-03-1.72714E-03
 -1       489 1.15616E-03 1.10974E-03-1.21116E-03
 -1       490 1.18600E-03 1.96171E-03-1.42073E-03
 -1       491 1.14338E-03 2.57218E-03-1.59135E-03
 -1       492 1.09015E-03 8.72204E-06-1.17443E-03
 -1       493 1.07128E-03 5.12982E-04-8.95066E-04
 -1       494 1.08642E-03 1.26972E-03-1.45062E-03
 -1       495 1.00455E-03-4.58932E-04-1.91875E-03
 -1       496 1.04169E-03-4.53112E-05-1.56118E-03
 -1       497 1.02376E-03 6.50360E-04-1.61696E-03
 -1       498 9.64721E-04 1.96407E-04-2.29483E-03
 -1       499 9.55227E-04-2.19362E-04-2.14866E-03
 -1       500 1.00628E-03 1.09648E-03-2.14798E-03
 -1       501 1.08652E-03 1.47980E-03-2.31130E-03
 -1       502 1.15801E-03 4.46702E-03-2.24570E-03
 -1       503 1.15661E-03 3.01500E-03-2.26385E-03
 -1       504 1.10331E-03 3.06186E-03-2.26211E-03
 -1       505 1.13683E-03 5.69370E-03-2.24094E-03
 -1       506 1.07381E-03 7.29989E-03-2.21440E-03
 -1       507 1.11703E-03 6.63848E-03-2.24124E-03
 -1       508 1.12819E-03 5.44096E-03-2.23054E-03
 -1       509 1.09801E-03 6.11483E-03-2.17960E-03
 -1       510 1.11977E-03 3.84294E-03-2.19391E-03
 -1       511 1.12104E-03 5.19679E-03-2.20071E-03
 -1       512 1.10647E-03 4.53283E-03-2.13229E-03
 -1       513 1.07887E-03 5.15796E-03-2.01741E-03
 -1       514 1.09306E-03 3.87563E-03-1.96457E-03
 -1       515 1.04974E-03 2.47141E-03-2.20918E-03
 -1       516 1.12561E-03 2.62220E-03-1.86936E-03
 -1       517 1.07295E-03 1.41030E-03-1.72935E-03
 -1       518 1.06259E-03 1.93384E-03-2.04523E-03
 -1       519 1.11805E-03 3.20847E-03-1.74060E-03
 -1       520 7.19239E-04 3.27522E-03-4.04529E-04
 -1       521 5.65766E-04 5.84437E-03-3.71399E-04
 -1       522 6.78301E-04 4.48104E-03-3.64272E-04
 -1       523 9.47801E-04 6.94179E-04-2.79948E-04
 -1       524 7.18561E-04 1.98054E-03-9.11381E-05
 -1       525 5.37350E-04 4.44722E-03-1.82595E-04
 -1       526 7.38962E-04 1.61841E-03-3.15903E-04
 -1       527 4.60497E-04 6.24284E-03-2.64213E-04
 -1       528 5.97800E-04 6.36696E-03-4.05217E-04
 -1       529 6.08696E-04 3.11355E-03-1.69319E-05
 -1       530 9.53490E-04 5.77793E-04-1.29454E-04
 -1       531 4.20965E-04 7.15360E-03-2.90879E-04
 -1       532 4.11939E-04 6.42116E-03-1.94794E-04
 -1       533 5.29144E-04 7.01526E-03-3.96448E-04
 -1       534 4.74398E-04 6.96317E-03-3.42240E-04
 -1       535 5.12468E-04 6.05216E-03-3.23577E-04
 -1       536 4.57825E-04 5.51485E-03-1.54061E-04
 -1       537 5.14954E-04 4.35733E-03-6.25530E-05
 -1       538 4.98242E-04 5.33906E-03-2.29640E-04
 -1       539 5.53101E-04 3.68390E-03 1.23945E-05
 -1       540 6.47074E-04 2.47703E-03 5.14613E-05
 -1       541 5.69519E-04 3.77117E-03-9.88149E-05
 -1       542 7.13585E-04 1.94952E-03 2.18393E-05
 -1       543 8.13325E-04 1.03515E-03-1.40656E-05
 -1       544 6.65147E-04 2.54658E-03-5.27348E-05
 -1       545 9.25480E-04 4.60890E-04-3.54853E-05
 -1       546 1.16455E-03 1.09549E-05-1.43578E-04
 -1       547 8.13688E-04 1.22243E-03-9.92819E-05
 -1       548 1.15406E-03-3.79310E-05-2.38006E-04
 -1       549 1.13792E-03-4.30119E-04-2.75981E-04
 -1       550 9.57753E-04 6.43665E-04-2.29385E-04
 -1       551 9.48964E-04-1.83061E-04-2.88022E-04
 -1       552 6.79835E-04 2.01684E-04-2.67565E-04
 -1       553 8.40174E-04 1.09766E-03-3.20646E-04
 -1       554 6.44556E-04 1.47762E-03-2.37818E-04
 -1       555 6.44408E-04 2.99145E-03-2.79974E-04
 -1       556 6.64130E-04 4.46240E-03-3.41222E-04
 -1       557 7.19301E-04 3.06728E-03-3.28549E-04
 -1       558 6.41308E-04 5.68375E-03-3.85363E-04
 -1       559 6.02639E-04 6.62704E-03-4.09700E-04
 -1       560 5.45472E-04 7.28897E-03-4.14488E-04
 -1       561 6.43959E-04 5.43311E-03-3.87710E-04
 -1       562 5.85600E-04 6.10661E-03-3.94878E-04
 -1       563 6.41760E-04 4.54305E-03-3.86802E-04
 -1       564 6.40382E-04 5.19015E-03-3.86773E-04
 -1       565 7.07635E-04 3.84375E-03-3.75306E-04
 -1       566 6.11180E-04 3.87177E-03-2.77141E-04
 -1       567 5.42146E-04 5.15107E-03-2.98799E-04
 -1       568 7.44816E-04 2.45901E-03-3.39006E-04
 -1       569 7.94476E-04 1.91132E-03-3.26390E-04
 -1       570 8.23864E-04 1.39863E-03-1.92927E-04
 -1       571 7.06484E-04 2.59569E-03-2.37590E-04
 -1       572 6.27419E-04 3.18015E-03-1.37922E-04
 -1       573 5.68316E+09-3.85062E+10-4.36998E+11
 -1       574 1.32639E+11 9.18749E+10-3.27158E+11
 -1       575 1.65642E+11 1.34476E+11-1.92049E+11
 -1       576 5.82622E+10 1.38254E+10-4.11893E+11
 -1       577-3.30784E+10-7.55214E+10-4.36368E+11
 -1       578 6.57266E+10 1.38254E+10-4.99240E+11
 -1       579-2.56140E+10-7.55214E+10-5.23714E+11
 -1       580-2.16477E+11-2.40211E+11-3.05559E+11
 -1       581-1.97565E+11-2.24803E+11-3.38317E+11
 -1       582-2.23942E+11-2.40211E+11-2.18212E+11
 -1       583-2.05029E+11-2.24803E+11-2.50970E+11
 -1       584-2.34878E+11-2.59660E+11-3.28224E+11
 -1       585-2.46288E+11-2.61097E+11-2.12293E+11
 -1       586-2.46288E+11-2.64188E+11-2.50118E+11
 -1       587-2.53752E+11-2.61097E+11-1.24947E+11
 -1       588-2.53752E+11-2.64188E+11-1.62772E+11
 -1       589-2.94499E+11-3.07613E+11-2.17343E+11
 -1       590-2.04519E+11-2.02092E+11 2.09691E+10
 -1       591-2.33858E+11-2.31128E+11 8.97330E+09
 -1       592-1.97055E+11-2.02092E+11-6.63777E+10
 -1       593-2.15967E+11-2.22855E+11-9.91351E+10
 -1       594-2.23431E+11-2.22855E+11-1.17884E+10
 -1       595-1.09367E+11-1.44443E+11-3.87040E+11
 -1       596-7.23707E+10-1.09083E+11-3.87260E+11
 -1       597-7.98351E+10-1.09083E+11-2.99914E+11
 -1       598-1.23997E+11-1.58499E+11-3.87845E+11
 -1       599-1.16831E+11-1.44443E+11-2.99693E+11
 -1       600 1.86565E+10 6.79340E+09-3.44862E+10
 -1       601-1.26096E+10-2.17185E+10-1.75119E+10
 -1       602-2.00740E+10-2.17185E+10 6.98349E+10
 -1       603-4.47456E+09-6.91406E+09 6.84528E+10
 -1       604 1.11921E+10 6.79340E+09 5.28605E+10
 -1       605 8.91117E+10 6.96733E+10-8.94862E+10
 -1       606 1.20633E+11 9.54761E+10-1.42598E+11
 -1       607 1.64728E+11 1.41590E+11-9.42936E+10
 -1       608 1.13169E+11 9.54761E+10-5.52514E+10
 -1       609 1.33206E+11 1.15788E+11-4.11816E+10
 -1       610-2.64689E+11-2.83636E+11-2.72784E+11
 -1       611 8.16473E+10 6.96733E+10-2.13942E+09
 -1       612 1.01685E+11 8.99848E+10 1.19304E+10
 -1       613-6.39505E+10-1.00897E+11-3.85625E+11
 -1       614-1.97889E+10-5.14804E+10-2.97693E+11
 -1       615-2.61958E+11-2.62340E+11-4.41387E+10
 -1       616-2.44067E+11-2.54066E+11-1.52247E+11
 -1       617-2.51531E+11-2.54066E+11-6.49004E+10
 -1       618-2.92278E+11-3.00582E+11-1.57297E+11
 -1       619 7.17364E+10 5.52428E+10-6.27475E+10
 -1       620 4.86053E+10 4.15354E+10 4.01916E+10
 -1       621 6.42720E+10 5.52428E+10 2.45993E+10
 -1       622-1.23245E+10-5.14804E+10-3.85039E+11
 -1       623-3.90430E+09-4.32947E+10-3.83404E+11
 -1       624-2.90057E+11-2.93551E+11-9.72506E+10
 -1       625 1.24950E+11 9.57759E+10-1.89443E+11
 -1       626 1.22462E+11 9.57759E+10-1.60328E+11
 -1       627 1.20242E+11 9.53065E+10-1.40091E+11
 -1       628 1.26979E+11 9.84976E+10-1.79884E+11
 -1       629 1.28225E+11 9.93330E+10-1.84239E+11
 -1       630 1.17358E+11 9.19190E+10-1.47802E+11
 -1       631-1.26784E+11-1.23325E+11 7.51887E+10
 -1       632-9.55797E+10-8.80732E+10 1.41415E+11
 -1       633-6.56292E+10-6.51195E+10 7.18207E+10
 -1       634 2.32857E+11 2.04149E+11-1.26008E+11
 -1       635 1.68917E+11 1.38033E+11-1.86845E+11
 -1       636 1.61453E+11 1.38033E+11-9.94979E+10
 -1       637 2.37047E+11 2.00592E+11-2.18559E+11
 -1       638-1.42124E+11-1.74222E+11-3.68127E+11
 -1       639-1.49588E+11-1.74222E+11-2.80780E+11
 -1       640-1.71761E+11-1.69221E+11 3.98816E+10
 -1       641-1.64297E+11-1.69221E+11-4.74651E+10
 -1       642 1.76861E+11 1.62406E+11 1.84448E+10
 -1       643 5.69155E+10 5.54789E+10 1.13572E+11
 -1       644 1.16052E+11 9.88636E+10-4.75402E+10
 -1       645-4.96054E+10-5.71141E+10-1.77254E+10
 -1       646-5.70698E+10-5.71141E+10 6.96214E+10
 -1       647 1.28883E+11 9.20851E+10-2.80628E+11
 -1       648 1.22537E+11 8.71828E+10-2.66356E+11
 -1       649 1.89417E+10-2.02059E+10-3.68208E+11
 -1       650 8.34812E+10 4.73790E+10-2.96412E+11
 -1       651 6.80996E+10 2.42901E+10-3.98954E+11
 -1       652 5.22150E+10 1.61044E+10-3.13243E+11
 -1       653 1.14773E+10-2.02059E+10-2.80861E+11
 -1       654 6.06352E+10 2.42901E+10-3.11607E+11
 -1       655-1.86920E+11-1.77420E+11 1.16940E+11
 -1       656 2.08383E+11 1.88209E+11-3.46672E+10
 -1       657 1.09995E+11 1.03928E+11 8.53107E+10
 -1       658-3.44251E+10-2.98677E+10 1.38047E+11
 -1       659 1.03740E+11 7.12939E+10-2.40832E+11
 -1       660 1.00856E+11 6.56465E+10-2.76197E+11
 -1       661 9.36822E+10 6.21278E+10-2.35303E+11
 -1       662-1.79437E+11-2.09080E+11-3.58035E+11
 -1       663-2.40967E+11-2.71445E+11-4.01180E+11
 -1       664-3.07833E+11-3.29923E+11-3.34314E+11
 -1       665-1.80321E+11-1.77227E+11 4.20810E+10
 -1       666-1.18224E+11-1.15320E+11 7.29893E+10
 -1       667-1.10760E+11-1.15320E+11-1.43574E+10
 -1       668-3.37644E+11-3.53899E+11-2.78873E+11
 -1       669-2.40457E+11-2.31322E+11 8.38322E+10
 -1       670-1.85527E+11-2.20865E+11-4.30990E+11
 -1       671-3.62119E+11-3.69839E+11-1.87533E+11
 -1       672-3.07323E+11-3.00728E+11 1.69663E+10
 -1       673-3.35423E+11-3.31940E+11-3.61457E+10
 -1       674-3.59898E+11-3.62809E+11-1.27486E+11
 -1       675-2.84277E+09-4.09005E+10-3.66527E+11
 -1       676 4.62163E+09-4.09005E+10-4.53874E+11
 -1       677 6.91612E+10 2.66844E+10-3.82078E+11
 -1       678 6.45892E+10 3.28801E+10-2.52761E+11
 -1       679 2.29582E+11 2.00592E+11-1.31212E+11
 -1       680 7.20536E+10 3.28801E+10-3.40108E+11
 -1       681-9.41862E+10-1.35518E+11-4.55465E+11
 -1       682 1.17956E+11 9.28302E+10-1.43645E+11
 -1       683 1.46855E+11 1.13411E+11-2.29971E+11
 -1       684 1.13747E+11 7.73761E+10-2.83508E+11
 -1       685 1.21212E+11 7.73761E+10-3.70854E+11
 -1       686 8.94289E+10 5.11477E+10-3.19893E+11
 -1       687 1.29205E+11 7.90159E+10-4.44320E+11
 -1       688 1.88606E+11 1.48423E+11-2.90107E+11
 -1       689 1.21740E+11 7.90159E+10-3.56973E+11
 -1       690 1.23704E+11 9.18494E+10-2.22914E+11
 -1       691 1.70821E+11 1.34712E+11-2.49763E+11
 -1       692 1.17358E+11 8.69471E+10-2.08642E+11
 -1       693 2.12572E+11 1.69723E+11-3.09899E+11
 -1       694 1.27438E+11 9.57759E+10-2.18559E+11
 -1       695 1.20242E+11 9.25945E+10-1.73278E+11
 -1       696 1.96071E+11 1.48423E+11-3.77454E+11
 -1       697 2.05108E+11 1.69723E+11-2.22553E+11
 -1       698 1.54319E+11 1.13411E+11-3.17317E+11
 -1       699 1.49141E+11 1.13176E+11-2.59603E+11
 -1       700 1.63356E+11 1.34712E+11-1.62416E+11
 -1       701 1.19974E+11 9.57759E+10-1.31212E+11
 -1       702-6.28890E+10-9.85027E+10-3.68748E+11
 -1       703-5.54246E+10-9.85027E+10-4.56095E+11
 -1       704 8.96550E+09-2.81307E+09 2.75669E+08
 -1       705 7.14296E+09-2.81307E+09 3.34500E+08
 -1       706 8.05423E+09-1.29429E+09-3.18496E-03
 -1       707 7.14296E+09 2.24496E+08-2.75669E+08
 -1       708 8.96550E+09 2.24496E+08-3.34500E+08
 -1       709 6.98994E-04 5.74491E-03-9.03553E-04
 -1       710 1.14473E-03-5.25052E-04-9.92937E-04
 -1       711 9.48461E-04-3.13054E-04-1.13012E-03
 -1       712 1.07273E-03-1.02928E-03-6.62788E-04
 -1       713 9.69584E-04 2.34992E-04-6.95128E-04
 -1       714 8.43368E-04 6.13619E-04-7.41780E-04
 -1       715 8.50055E-04-7.72936E-04-6.82607E-04
 -1       716 1.10217E-03-5.34080E-05-9.03267E-04
 -1       717 9.83077E-04 6.87435E-04-1.08698E-03
 -1       718 1.03338E-03 5.06365E-05-1.42122E-03
 -1       719 1.06189E-03 6.31579E-05-6.49885E-04
 -1       720 1.26414E-03-5.38592E-04-5.32686E-04
 -1       721 1.19737E-03-5.26422E-04-1.13572E-03
 -1       722 7.45192E-04 6.24875E-03-1.12209E-03
 -1       723 7.04444E-04 6.42719E-03-1.04793E-03
 -1       724 5.36732E-04 6.16896E-03-5.12593E-04
 -1       725 8.63905E-04 5.99976E-03-1.44145E-03
 -1       726 5.78818E-04 5.99429E-03-5.87059E-04
 -1       727 1.07410E-03-4.51923E-04-1.09518E-03
 -1       728 1.12117E-03-1.07765E-03-1.45519E-03
 -1       729 8.49913E-04 1.92671E-04-1.27562E-03
 -1       730 9.36376E-04 5.95592E-04-1.69949E-03
 -1       731 9.41393E-04-7.80478E-04-1.68744E-03
 -1       732 1.22075E-03-1.05252E-03-6.53502E-04
 -1       733 1.14003E-03 1.56758E-05-6.92579E-04
 -1       734 9.96910E-04 6.36935E-04-9.29577E-04
 -1       735 1.01556E-03 5.77509E-04-7.24816E-04
 -1       736 8.75151E-04 3.11982E-03-8.06559E-04
 -1       737 8.42867E-04 3.77590E-03-9.14600E-04
 -1       738 9.02401E-04 2.55264E-03-8.21969E-04
 -1       739 9.52090E-04 1.22686E-03-7.89824E-04
 -1       740 8.39716E-04 6.11317E-03-1.28706E-03
 -1       741 8.09694E-04 7.29595E-03-1.31351E-03
 -1       742 8.52367E-04 6.37384E-03-1.31188E-03
 -1       743 9.16416E-04 2.47935E-03-7.16861E-04
 -1       744 8.84880E-04 1.59225E-03-1.29552E-03
 -1       745 9.17830E-04 2.60543E-03-1.05374E-03
 -1       746 9.29998E-04 1.91567E-03-1.18755E-03
 -1       747 8.54058E-04 3.87473E-03-1.12724E-03
 -1       748 9.51017E-04 1.39688E-03-9.58993E-04
 -1       749 8.73355E-04 3.19158E-03-9.40992E-04
 -1       750 8.17127E-04 4.44949E-03-1.01997E-03
 -1       751 8.74533E-04 4.54287E-03-1.26386E-03
 -1       752 9.20273E-04 1.98414E-03-8.33871E-04
 -1       753 8.11479E-04 5.15718E-03-1.15821E-03
 -1       754 8.22666E-04 5.84835E-03-1.24491E-03
 -1       755 7.07724E-04 7.16095E-03-1.15564E-03
 -1       756 8.34162E-04 3.68904E-03-7.89870E-04
 -1       757 1.01815E-03 4.64676E-04-4.65595E-04
 -1       758 8.58344E-04 6.63442E-03-1.32564E-03
 -1       759 7.83844E-04 6.05727E-03-1.18913E-03
 -1       760 7.51633E-04 6.96856E-03-1.21377E-03
 -1       761 8.28333E-04 6.17602E-03-1.36216E-03
 -1       762 7.94195E-04 7.02198E-03-1.28216E-03
 -1       763 9.44714E-04 1.94045E-03-7.07986E-04
 -1       764 9.28820E-04 1.08631E-03-1.23087E-03
 -1       765 9.98470E-04 1.05605E-03-6.13768E-04
 -1       766 6.18304E-04 5.09307E-03-5.42587E-04
 -1       767 8.86798E-04 5.43922E-03-1.30644E-03
 -1       768 9.06869E-04 4.46467E-03-1.28885E-03
 -1       769 8.01406E-04 4.36220E-03-8.85024E-04
 -1       770 8.79658E-04 5.19594E-03-1.29075E-03
 -1       771 9.15197E-04 3.84750E-03-1.28582E-03
 -1       772 8.99782E-04 2.46574E-03-1.27726E-03
 -1       773 9.07894E-04 3.01003E-03-1.27205E-03
 -1       774 9.04000E-04 4.48447E-03-1.30137E-03
 -1       775 8.87692E-04 5.68944E-03-1.31384E-03
 -1       776 9.06735E-04 3.05994E-03-1.28982E-03
 -1       777 8.33886E-04 1.47621E-03-1.27059E-03
 -1       778 9.00273E-04 5.09665E-03-1.38427E-03
 -1       779 5.89996E-04 4.99949E-03-4.19792E-04
 -1       780 8.96742E-04 5.81265E-03-1.51763E-03
 -1       781 6.22779E-04 5.80858E-03-6.55961E-04
 -1       782 1.02923E-03-1.05222E-03-1.56947E-03
 -3
    1PSTEP                         2           1           1          
  100CL  101 1.000000000         782                     0    1           1
 -4  STRESS      6    1
 -5  SXX         1    4    1    1
 -5  SYY         1    4    2    2
 -5  SZZ         1    4    3    3
 -5  SXY         1    4    1    2
 -5  SYZ         1    4    2    3
 -5  SZX         1    4    3    1
 -1         1-2.43887E+01-2.65964E+00-6.96285E+00 1.85393E+01 6.72329E+00-2.68950E+00
 -1         2 1.35345E+01-1.46638E+01 2.59781E+00-2.72710E-01 1.99336E+00-6.39788E+00
 -1         3 1.53913E+01-3.82495E+01-2.52433E+01-3.20674E+01-1.01543E+01-1.27579E+01
 -1         4 8.59703E+01 4.23800E+01 4.52573E+01 2.59627E+01-1.44216E+01-1.27550E+01
 -1         5-4.21089E-01-1.99883E-01-4.15181E+01 1.63017E-01 1.54641E+00-6.43325E+00
 -1         6-5.71899E-02-2.51816E-01-4.80752E+01-1.22360E-01 3.18253E+00-1.76458E+00
 -1         7-2.20478E-02 1.64263E-02 5.06423E+00-2.77138E-02 1.64966E+00 3.81638E+00
 -1         8-3.50458E-01 9.09995E-02-2.44604E+00-3.35262E-01 4.96213E+00 4.93253E+00
 -1         9-1.92542E+00-8.82910E-01-6.11383E+00 1.55255E-01-5.02839E+00-4.58409E+00
 -1        10 1.42348E+00 1.78689E-01-1.23223E+01-2.01398E-02-1.27182E+00-4.06621E+00
 -1        11-4.06062E-01-9.33297E-01 4.00604E+01 3.55094E-01-3.19691E+00 2.26755E+00
 -1        12 2.04417E-01-2.15091E-02 3.35800E+01-1.17182E-01-1.86078E+00 5.95746E+00
 -1        13-6.64094E-01 4.74977E-03 2.15907E-02-1.10108E-01-1.70523E-02 1.22614E-01
 -1        14-1.13014E+00 2.07851E-02-5.68663E-03-1.09899E-01-1.51382E-02-2.10231E-01
 -1        15-2.67715E+00-8.23110E+00 6.95783E-01 5.11503E+00-3.07250E+00-1.75757E+00
 -1        16-4.67370E+00-1.26444E+01 1.37535E+01 8.64740E+00-3.74485E+00-1.58068E+01
 -1        17-9.71194E+00-2.27773E+00 1.55669E+01-2.81292E+00-5.77096E+00-1.68039E+01
 -1        18 7.04918E+00 1.83905E+01 8.09359E+00 1.50227E+01-7.81210E+00-1.93935E+01
 -1        19-2.56258E+01-1.83344E+01-2.97100E+01 8.38075E+00-3.61864E+00-4.32654E+00
 -1        20-2.47682E+01-1.33820E+01 3.39876E+00-1.56855E+01-6.49881E+00-6.95830E+00
 -1        21 2.04471E+01-1.50988E+01-4.21966E+00-9.52094E+00-1.84711E-01-1.64527E+01
 -1        22-8.80729E+00-2.75123E+01-1.55717E+00-7.80864E+00-2.48656E+00-9.25311E+00
 -1        23 1.88508E+01 1.00722E+01 1.51011E+01 1.00655E+01 1.11020E+01 8.59821E+00
 -1        24 9.43659E+00-4.32337E+00 3.27703E+00 1.06825E+00 4.43841E+00 7.89454E+00
 -1        25 8.76810E+00 2.01182E+01 4.75560E+00 1.97845E+00-4.02188E+00-2.24783E+00
 -1        26 2.23689E+00 1.32815E+01 8.57884E+00 1.80583E+01-4.94304E+00-1.14133E+01
 -1        27-3.61361E+00-2.84719E+01 1.81692E+01 4.42430E-01-4.50716E+00-5.95296E+00
 -1        28-1.02661E+01-1.45896E+00 2.02560E+01 2.61392E+00-1.06876E+00-8.93187E+00
 -1        29 6.33752E+00 1.76175E+01 1.56510E+00 1.37532E+01-7.33782E+00-2.27997E+01
 -1        30-2.15107E+01-8.55356E+00 7.14578E-01-4.88460E+00-9.26453E+00-1.22921E+01
 -1        31-4.26298E+01-4.71388E+01-9.46617E+00-1.07279E+01-1.02028E+01-4.58733E+00
 -1        32 8.75707E+00-2.08147E+01-2.70431E+01-6.67990E+00-5.16393E+00-1.10319E+01
 -1        33-1.15456E+01-3.76564E+01-8.62180E+00-1.35571E+01-9.33195E+00-1.29639E+01
 -1        34-6.02624E+00-1.92583E-01 3.69681E+00 1.93090E-01 6.93774E+00 1.01953E+00
 -1        35 9.16067E+00 1.47480E+01 8.17088E+00 7.89398E+00 1.27612E+01 1.13555E+01
 -1        36-3.02581E+01-3.04330E+01-1.06852E+01-1.38136E+01-2.03907E+00-6.10884E-01
 -1        37-6.10234E+00 1.67336E+01-7.74993E+00 1.36124E+01 2.00698E+00-8.49960E-01
 -1        38-1.21759E+01-1.58140E+01-1.13286E+00 8.89872E+00 6.20168E+00-2.89775E+00
 -1        39 9.67795E+00 9.64575E+00-1.80831E+00 1.11135E+01 1.17973E+00-1.29565E+00
 -1        40-7.38074E+00-1.50612E-01 2.40998E+00-3.44403E+00-2.43140E+00 1.56499E+01
 -1        41-9.24237E+00-1.53774E+01-1.85075E+01-3.62586E+00-1.39930E+00-6.75561E-01
 -1        42 5.63243E+00-1.80740E+01 5.51933E+00 5.64391E+00 9.04684E-01 1.26026E+01
 -1        43-1.67113E+01 2.57368E+00 3.24378E+00 7.22180E+00-4.99027E+00-1.32584E+01
 -1        44-3.97603E+00 9.18097E-01 3.82773E+00-2.06002E+01 2.44519E+00-4.77332E+00
 -1        45-1.08282E+01 1.27200E+01 1.42224E+01 5.69147E+00 1.23027E+00-3.12957E+00
 -1        46-1.34533E+00 7.08181E+00 7.07122E+00 8.75414E+00-1.63596E+00-8.41558E+00
 -1        47-1.85614E+01 2.09030E+00-5.25437E+00-1.03662E+01 8.00004E+00 2.39295E+00
 -1        48-1.97282E+01-1.01801E+01-2.96291E+01-2.61110E-01-8.71160E+00-2.24334E+01
 -1        49-1.18713E+01 4.39741E-01-4.47281E+00-1.55543E+01-7.69536E+00-4.54284E+00
 -1        50-2.00369E-01 2.65755E+00-3.15907E+00 8.94002E-01 3.27150E+00-3.13343E+00
 -1        51 1.50814E+01-7.75569E+00 2.09472E+00 8.10411E-01 2.89436E+00 1.03360E+01
 -1        52 3.02666E+00-1.34774E+01-2.19020E+00 2.33895E+00-1.33203E-01 8.63071E+00
 -1        53 1.37178E+01 1.46555E+01 1.28400E+01 7.86951E+00 5.21535E+00 2.15675E+00
 -1        54 1.16645E+01 2.85088E+00 2.39096E+00 1.03774E+01-2.10914E+00 4.32902E+00
 -1        55-3.10190E+01-2.57041E+01-1.56044E+01-1.24336E+01 4.38645E-01-1.72030E+01
 -1        56-1.33816E+01-5.75486E+00-3.91004E+00-8.54882E+00-1.15645E+00-1.67745E+00
 -1        57-1.44448E+01 9.09525E+00 2.58667E+01 1.21752E+01-5.93211E+00-2.90246E+00
 -1        58-1.73723E+00 2.39991E+00-1.35019E+00-3.83037E+00 7.87863E+00-8.66384E+00
 -1        59-3.16619E+01-2.92000E+01-3.68912E+01-1.47780E+01-1.20845E+01-1.71790E+01
 -1        60-1.78832E+01 8.03977E+00-9.70296E+00-1.24630E+01-1.09591E+01-1.60006E+01
 -1        61-2.46061E+01-4.99493E+01-1.43182E+01-1.81819E+01-3.66624E+00 3.96045E+00
 -1        62 7.03912E-01 2.08208E+00-4.69176E-01 5.45151E+00 2.20577E+01 2.25577E+00
 -1        63-6.13254E+00-1.10546E+01 4.15279E+00-2.43291E+00 2.20963E+01 2.89562E+01
 -1        64-1.41293E+01-1.54507E+00-4.88151E+01-1.10087E+00-5.28010E+00 1.07485E+00
 -1        65 1.66623E+01-4.19816E+01 3.92706E-01-1.23212E+01 5.20516E+00 1.78570E+01
 -1        66 2.14902E+01-3.30927E+00 6.06875E+00 2.12281E+00 1.49382E+01 2.98536E+01
 -1        67 3.35421E+01 5.51717E+01 5.23946E+01-1.85508E+01 8.01126E+00 1.04101E+01
 -1        68-1.45300E+01-3.50337E+00-2.57605E+01-1.44750E+01 1.25613E+01 6.47187E+00
 -1        69-2.86738E+01-9.70498E+00-3.66560E-02-6.89963E+00-1.92996E+01-7.64287E+00
 -1        70 2.33833E+01-4.66535E+00 3.80951E+01 9.91391E+00-1.15023E+01-4.23075E+00
 -1        71-3.93815E+01-1.62849E+00 1.03626E+01-1.15584E+01 5.62695E+00 6.89818E-01
 -1        72 6.62475E+01-1.29970E+00 1.75335E+01 1.34334E+00 1.23914E+01 4.11731E+01
 -1        73-6.16867E+01-5.88525E+01-4.19946E+01-5.01732E+01-4.18192E+00-1.76059E+01
 -1        74 3.13923E+01-1.02339E+01 3.15924E+01 6.09144E+00 2.69494E+01 1.20449E+01
 -1        75-3.89570E+01-1.49560E+01-2.43154E+01-8.05834E+00 1.18149E+01 1.31126E+01
 -1        76-4.76136E+01-5.12689E+01-8.81989E+01-1.76072E+01 9.86152E+00 1.88682E+01
 -1        77 7.20508E+01 4.34814E+01 6.71672E+01 2.33175E+01 2.64863E+01 3.68218E+01
 -1        78-3.70580E+00-9.69257E+00 3.08106E+01-2.58125E+01 1.49837E+01 1.30218E+01
 -1        79-2.15738E+01-4.63464E+00-1.90106E+01-5.20136E+01 3.25969E+00-4.74023E+00
 -1        80-5.71168E+01-8.60199E+00-1.18051E+01-2.49500E+01-1.41697E+01-7.94107E+00
 -1        81-9.51731E+00 1.39456E+01 1.72075E+01 9.60183E+00-1.85430E+01 1.10224E+01
 -1        82 1.60752E+00 3.79495E-01 4.85516E+01 1.18541E+00 2.29582E+01 2.62125E+01
 -1        83 5.42436E+00-5.27047E+00-9.16474E+00 1.06559E+01 1.36422E+01 1.18278E+01
 -1        84 5.06078E+01-5.09259E+01-1.09600E+01-8.47819E+00 1.33276E+01 1.74465E+01
 -1        85-2.51196E+01-3.63553E+01-2.34294E+01-6.54367E+00-1.95865E+00 1.44000E+01
 -1        86-3.77391E+01-6.33043E+00-3.43706E+01-6.93910E+00-1.97837E+01 2.67370E+01
 -1        87-1.39941E+01-9.62434E-02-4.10373E+01-4.51981E+00-1.44231E+01 2.04254E+01
 -1        88-7.18831E+00-1.74840E+01-1.62705E+01-1.87814E+01-2.35841E+00 1.22534E+01
 -1        89 8.53582E+01 2.84586E+01 3.10858E+01 9.09455E+00 1.74862E+01 2.13891E+01
 -1        90-2.03671E+01-6.71990E+00-8.32373E+00 1.30922E+01 1.29083E+01 3.24036E+01
 -1        91-3.87557E+01 4.27720E+00-1.62850E+01 8.36500E-02-6.91098E+00 3.23637E+01
 -1        92 1.25678E+01 3.73717E+01-5.03171E+00 1.36606E+01 6.73723E-01 1.94754E+01
 -1        93 8.89680E+00-1.46306E+01-2.02777E+01-2.86507E+00 3.74756E+00-7.14577E+00
 -1        94 5.89291E+01 2.12077E+01 9.64575E+00 2.87551E+01-6.29391E+00 6.24050E+00
 -1        95-2.90312E+00-1.38958E+00-3.99164E+00 5.62492E+00 1.42933E+01 5.91649E+00
 -1        96 6.40170E+00 1.50174E+01 1.23157E+01-2.12038E+00-2.10857E+00-7.00609E+00
 -1        97-4.00377E+01 5.55755E+01-2.87711E+01 1.77496E+01-2.61301E+01 3.16034E+01
 -1        98-3.22062E+01-2.04674E+01-5.08242E+01-5.75999E+00-1.09269E+01 1.70047E+01
 -1        99 4.90903E+00-8.70636E+00-3.67119E+01-9.64170E+00-3.57435E+01-9.50732E+00
 -1       100 4.29121E+01-2.17453E+01-8.47535E+00-8.63060E+00 3.68433E+00 2.66918E+01
 -1       101 8.17901E+01 7.11970E+01 7.39144E+01 3.04520E+01 2.92422E+01 1.90855E+01
 -1       102-5.49660E+01 1.07699E+01-1.22918E+01 1.18963E+01-7.80207E+00 2.15879E+01
 -1       103 6.39546E+00 5.38602E+01-2.35099E+00 4.30446E+00-1.98857E+01 1.94214E+01
 -1       104 4.15721E+01-1.58851E+01-3.67410E+00 8.35192E+00-2.28521E+01-3.96631E+01
 -1       105-2.49926E+01-1.35758E+01-2.92659E+01 9.62400E+00 4.74253E+00 5.71388E+00
 -1       106 5.31081E+01 3.63447E+01 1.53224E+01 3.27062E+01 6.97087E+00 1.84264E+01
 -1       107 4.14384E+01 1.25601E+01 2.89203E+01 2.41651E+01 1.50030E+01 8.32098E+00
 -1       108-1.46031E+02 2.28308E+01-3.03548E+01-4.77389E+01-1.98786E+01-3.12324E+00
 -1       109 1.00691E+01-2.15291E+01-2.87470E+01-1.13579E+01 7.35709E+00 5.86634E+00
 -1       110 7.79855E+01 1.11333E+02 6.05984E+01 2.67405E+01-2.84531E+01-1.85199E+01
 -1       111-2.43106E+01-2.07059E+01-3.13024E+01-1.15548E+01 8.84789E+00 1.55460E+01
 -1       112-2.19710E+01-1.91624E+01-3.51872E+01-2.71233E+01-5.08192E+00-6.02370E+00
 -1       113-8.02210E-02 1.24519E-03-4.47665E+01 6.81954E-03 1.24299E+00-4.50762E+00
 -1       114-3.67022E-02-1.30825E-02-1.80731E+01 3.28515E-01 1.64229E+00-1.21451E+00
 -1       115-2.08125E-01-7.75009E-02 1.16495E+00-1.49439E-01 2.93610E+00 3.78547E+00
 -1       116 2.66992E-02-1.97486E-02-2.50553E+01-1.57898E-01 5.54552E+00 1.79305E+00
 -1       117-6.20938E-02-6.94773E-02-8.99299E+00-6.55270E-02-2.63250E+00-3.85677E+00
 -1       118-4.94962E-01-1.16266E+00 1.69839E+01 2.95402E-01-5.43682E+00-1.47979E+00
 -1       119 1.01824E-01-4.60397E-01 3.69422E+01-1.62960E-02-1.71202E+00 4.33913E+00
 -1       120 2.37175E-01-1.65347E-01 1.03287E+01 2.23480E-02-1.54275E+00 7.65411E-01
 -1       121 5.53223E-01 8.13776E-02-3.02549E+01 3.15926E-02-2.07954E-02-2.93778E+00
 -1       122-1.25194E+00-2.46390E-01-2.37535E+01-1.08887E-01-9.00652E-02-5.54522E+00
 -1       123-2.37703E-01-8.10831E-02 1.54774E+01-1.14903E-01 3.24318E-01 5.61493E+00
 -1       124-3.40974E-01 1.46904E-01 2.27425E+01 1.67193E-01-2.15898E-01 3.16219E+00
 -1       125-6.54968E-01 1.19816E-02-3.86490E-01-1.64691E-01 6.00168E-02 5.91577E-01
 -1       126-2.28201E-01-4.50273E-02-1.40850E+00-6.58581E-02 1.47189E-01 6.65533E-01
 -1       127 1.05879E-01 9.37469E-02-3.60904E+00-4.23241E-02 5.81277E-01 1.63465E-01
 -1       128 1.77915E-01-9.76371E-01-2.02503E+01 2.81117E-01 7.73187E-01-6.18440E-01
 -1       129 6.80789E+00 4.94352E+00-1.45526E+00 4.19659E+00 4.79425E+00 6.95422E+00
 -1       130 2.39535E+00 6.14694E-02-4.15861E-01 1.13949E+00-8.38171E-02 1.50988E+00
 -1       131-4.74885E-01 2.64018E-01-6.53942E-01 6.29913E-01-4.48372E-01 4.48563E-01
 -1       132-2.72672E+00-2.10852E-01-5.98055E-01-9.14446E-01 1.86615E-01 3.01160E-01
 -1       133-2.37630E-01-1.68455E-01-3.46090E-01-1.92428E-01-3.01191E-01-1.91317E-01
 -1       134-2.49942E-01 7.02672E-02-3.31982E-01 4.51038E-02 1.08204E-02-2.03961E-01
 -1       135-4.92883E-01-1.21945E-02-2.04004E-02-9.69025E-02-5.08749E-02-1.95805E-01
 -1       136-7.29323E-01-2.82267E-02-1.82698E-01-1.09344E-01 4.57536E-02 3.38458E-01
 -1       137-3.87551E-01-5.63204E-03-8.46591E-01-9.82718E-02 5.52605E-02 6.11314E-01
 -1       138-1.11614E-01 9.09699E-02-2.19776E+00-1.07147E-01 3.87837E-01 4.02259E-01
 -1       139-5.32461E-01 4.48503E-02-8.37042E+00 4.36720E-02 2.06977E-01 1.80340E-01
 -1       140-2.56892E+00-3.29487E+00-3.10710E+01 2.98821E+00 1.16209E+01 9.75452E+00
 -1       141 5.38126E+00 8.36498E-01 1.00493E-02 2.48615E+00 4.57294E-01 3.73030E+00
 -1       142 3.24223E-01-4.59572E-02-8.85692E-01 9.89322E-01-3.05974E-01 9.82205E-01
 -1       143-1.12295E+00 1.21226E-01 2.39213E-01 1.33811E-01 1.56571E-01 1.95107E-01
 -1       144-5.62684E-01-1.36244E-02-4.10144E-01-4.47374E-01-4.95634E-01-1.59573E-01
 -1       145-2.06462E-01 6.76066E-02-4.12175E-01-4.67074E-03-9.35599E-02-1.08250E-01
 -1       146-3.97556E-01-1.63811E-02-2.28533E-01-3.27529E-02-9.74261E-03-2.23825E-01
 -1       147-5.50726E-01 1.16605E-02 4.74200E-03-8.73575E-02-3.47414E-02-2.40261E-02
 -1       148-8.93409E-01 1.17481E-02 6.54923E-03-1.52446E-01-2.17525E-02-7.78541E-02
 -1       149-6.74139E-01 3.40980E-02-1.15188E-01-1.23233E-01 9.64800E-02 2.53282E-01
 -1       150-7.56297E-02 7.34153E-02-2.95259E-01-7.22163E-02 1.52978E-01 8.74622E-02
 -1       151-1.07260E-01-5.18612E-01 1.08776E+00 1.40771E-01-6.40910E-01-4.33841E-01
 -1       152-5.93539E-01-6.64202E-02-7.46497E-01-2.25884E-01-1.30651E+00-4.34048E+00
 -1       153 2.06921E+00 4.82888E-01 5.60766E-01 1.67629E+00-5.27527E-01-1.69077E+00
 -1       154 4.78929E+00-4.69120E-01 1.56405E-02 1.48041E+00-4.08663E-01-2.26202E+00
 -1       155 1.53624E+01 2.62054E+00 1.58911E+00 4.37417E+00-1.10919E+00-3.77004E+00
 -1       156 1.28506E+00-3.18544E-01-5.50513E+00 1.40575E+00-1.15711E+00 2.64532E+00
 -1       157 2.06010E-01-2.46066E-02-2.17661E+00 2.25511E-02-3.62114E-01-4.37526E-02
 -1       158-1.57363E-01 6.59087E-02-1.09145E+00-4.78831E-02-2.24665E-02-5.82212E-01
 -1       159-8.66195E-01 2.62445E-02-4.16660E-01-7.02867E-02-4.04543E-02-6.65272E-01
 -1       160-9.67501E-01 6.85646E-03-6.44809E-02-1.02567E-01 3.07583E-02 8.38530E-02
 -1       161-3.62377E-01 2.93472E-02-1.81404E-01-7.81030E-02 8.12268E-02 1.72375E-01
 -1       162 1.76071E-02-3.24741E-02-9.80478E-02 6.66215E-04-5.25164E-03-1.25738E-01
 -1       163-1.47170E-01-2.51769E-01 1.99657E+00 5.41754E-01-1.12473E+00-9.73393E-01
 -1       164-5.57981E-01 3.20761E-01 3.15870E-02 5.99519E-01-1.23287E+00-3.04870E+00
 -1       165 3.52294E+00-1.80203E-01 1.55226E-01 1.80382E+00-4.91926E-01-1.88310E+00
 -1       166 8.39619E+00 2.60468E-01 2.28726E-01 1.75826E+00-5.82355E-01-3.16472E+00
 -1       167 1.72737E+01 1.23889E+00-5.48085E-03 7.83057E+00-2.46587E+00 1.61525E+00
 -1       168-4.72782E-01-3.67252E-01-4.79568E+00 2.83607E-01-5.33062E-01 8.77182E-01
 -1       169 3.26613E-01 2.92342E-01-1.25829E+00 4.44637E-04-1.29511E-01-3.31165E-01
 -1       170-5.58015E-01-7.81517E-03-7.41801E-01-3.60138E-02-2.04614E-02-6.14218E-01
 -1       171-9.67700E-01 5.83262E-02-1.47986E-01-4.67047E-02-1.99512E-02-4.13926E-01
 -1       172-4.47127E-01-1.15516E+01-1.95439E+00 3.84096E+00-4.90238E+00-8.13160E+00
 -1       173 2.55237E+01 2.11719E+01 5.09786E+00 1.58695E+01-9.10620E+00-1.59005E+01
 -1       174-2.60203E+01-1.40096E+01-1.32658E+01-2.55718E+00-1.25428E+01-1.04634E+01
 -1       175 4.16289E+00 9.79476E+00-1.88459E+00-6.55565E+00-5.39898E+00-9.62469E-01
 -1       176 1.98986E+01 1.45010E+01 3.26254E+01 1.95898E+01-5.80643E+00-9.73547E-01
 -1       177 2.24953E+01 6.18527E+00-1.60251E+00 1.57939E+01-2.96339E+00-7.43465E+00
 -1       178-8.25078E+00 1.16549E+00 1.07622E+00-4.15107E+00-2.17953E+00-4.83482E+00
 -1       179-3.44108E+01-2.08218E+01-5.48366E+00-6.08743E+00-1.19848E+01-6.01735E+00
 -1       180 3.12877E+00-1.27467E+01 4.83881E+00 2.29278E+00 7.66784E-02 5.30022E+00
 -1       181-9.31222E-01-1.24472E+00 1.63036E+01 6.38200E+00-4.82663E+00 1.16038E+00
 -1       182 1.37335E+01 1.92959E+01-1.34711E+01 1.64056E+01-6.72390E-01-1.31479E+00
 -1       183-2.66582E+01-7.82784E+00-1.51692E+01 8.22385E+00-2.31080E+00-3.16409E+00
 -1       184-3.18469E+01-1.57916E+01 5.28228E+00-5.41134E+00 7.77218E-01-1.11902E+01
 -1       185 1.59870E+01 4.37510E+00 3.30414E+00-7.84851E+00-9.57452E-01-3.30463E+00
 -1       186-5.75842E+00-4.29742E-01 1.73932E+00-1.43239E+01 4.03675E+00-8.59070E-01
 -1       187-5.64979E+00-1.46442E+01 5.70818E+00-9.43262E-01 3.22617E+00 5.70099E+00
 -1       188-1.47137E+01-1.21041E+01-5.16558E-01-3.55290E+00 3.48439E+00-1.21529E+00
 -1       189 1.12453E+01 1.49400E+00 6.47707E+00-4.06874E+00-1.75521E+00-1.28898E+01
 -1       190 5.97096E+00-4.10241E+00 3.03004E-01-2.62333E+00 5.34693E+00 9.13086E-01
 -1       191-7.34345E-01-1.61238E+00-1.09834E+01 3.49267E+00 7.40095E+00 1.11903E+00
 -1       192-1.24418E+01-2.06434E+01-1.85571E+01-3.65215E+00-7.23404E+00-1.24023E+01
 -1       193 4.91572E+00 1.61059E+01 1.10453E+01 1.62072E+00 1.19544E+01 1.01104E+01
 -1       194-3.53404E+00-3.81665E+00-4.30558E+00-2.81591E+00-1.72829E+00-2.23111E+00
 -1       195 2.56031E-01 1.95762E+01 1.52364E+01 1.03987E+01 1.72063E+01 4.90850E-01
 -1       196-8.53557E+00-9.69946E+00-1.56135E+01 1.05097E+00-2.01531E+00-2.61787E+00
 -1       197-9.71947E+00-1.22477E+01 8.75198E+00 4.68891E+00-2.15267E+00 3.07729E+00
 -1       198 3.16610E+01 2.24098E+01 2.05421E+01 8.58998E+00-9.62869E+00-6.71943E-01
 -1       199-1.51145E+01 1.77338E+00 7.83224E+00-9.08022E+00 2.01726E+00 1.18086E+01
 -1       200-1.75970E+01-1.56847E-01 8.66107E+00-1.26620E+01-4.14507E+00 9.83683E+00
 -1       201-2.31156E+00 2.95929E+00-6.26557E+00 2.65437E+00-3.84383E+00 2.30022E+00
 -1       202 3.68134E+01 2.64530E+00-3.57923E+00-3.04876E+00-6.55853E+00 1.72160E+01
 -1       203-2.11426E+00 1.16579E+01-1.82803E+01-6.50265E-01-7.36186E+00-5.12164E+00
 -1       204 4.31422E+01 9.78357E+00 3.70874E+00 2.33183E+00-2.99617E+00 1.41346E+01
 -1       205-1.81530E+01-4.04093E+00-5.58552E+00-4.80101E+00-1.39056E+01-1.15269E+01
 -1       206-2.87848E+00 3.80957E+01 4.79757E+01 6.14719E+00-2.04847E-01 5.16227E+00
 -1       207 6.57828E-01 4.58473E+00 1.74255E+01 3.82117E+00 1.04606E+01 4.22215E+00
 -1       208-3.95226E+00 9.64823E-01 1.23681E+01 5.34406E-01-1.79189E-01-6.31886E+00
 -1       209-1.30785E+01-5.02257E+00-8.73011E+00 2.06611E+01 8.04747E+00-2.76401E+00
 -1       210 6.76232E+00 1.21867E+00-7.04631E+00 2.99962E+00-7.85788E-01-2.01660E+00
 -1       211 2.10074E+01 3.17995E+01 3.05166E+01 9.90889E+00 3.95883E+00 2.03907E+00
 -1       212 6.52557E+01 1.69382E+01 1.81532E+01-3.02758E+00-1.09973E+01-2.06038E+01
 -1       213-4.18086E+01 1.32566E+01-7.43025E+00 4.54919E+00 2.05353E+01 1.33792E+00
 -1       214 2.20466E+01-2.05386E+01 1.82190E+01-2.13526E+01 5.58407E+00 3.08391E+01
 -1       215 3.41906E+01-1.51179E+00 1.04061E+01-2.71722E+00 2.83233E+00 9.24535E+00
 -1       216-2.85487E+01 3.03310E+00 1.35738E+01-1.81484E+00 6.37655E+00-8.29423E+00
 -1       217-6.03291E+00-1.58420E+01-4.59809E-01-3.64716E+00 1.93633E+00 3.71119E+00
 -1       218-3.04334E+01-3.43701E+01-1.32586E+01-1.12031E+01 1.47034E+01-3.89443E+00
 -1       219-1.71498E+01-5.62553E+00 1.78169E+01 2.06202E+00-1.53357E+01-2.24157E+01
 -1       220-3.23328E-01 2.27688E+01 1.59868E+01 1.12322E+01 3.94362E+00-9.73317E+00
 -1       221-5.19933E+00 3.94232E+01 2.87946E+01 5.14406E+00 3.26286E+00 4.65118E+00
 -1       222 5.27571E+00 1.09316E+00-3.59623E+01 4.41526E+00-7.77484E+00-1.53656E+01
 -1       223-8.20059E+00 2.02994E+00-4.62687E+00-5.07988E+00-6.15571E+00-4.26532E+00
 -1       224-3.07211E+01 8.33728E+00 7.82514E+00-5.79859E+00-5.00326E+00 9.32523E+00
 -1       225-4.42856E+00 4.79433E-01-6.34582E+00 3.68396E+00-1.76841E+00 2.76478E+00
 -1       226 2.37873E+01 8.31625E+00 3.28223E+00 1.12653E+01 6.59107E+00 1.77266E+00
 -1       227 1.13193E+01-5.55315E+00-3.78289E+01 8.93792E-01-6.64458E+00-1.69321E+01
 -1       228 1.52200E+01 2.23191E+01 1.60232E+01 3.63909E+00-4.07312E+00 4.96354E+00
 -1       229-1.25081E+01-9.47172E+00-1.03242E+01 5.74915E+00 2.04706E+00 1.62584E+01
 -1       230 3.46779E+01 2.84204E+01 2.57362E+01 8.19927E+00-5.06906E+00 1.85316E+01
 -1       231 2.07551E+01-1.30803E+00 1.30496E+00 3.29894E+00 1.13189E+00-2.03849E+00
 -1       232 3.67712E-01-2.02722E+01 8.95795E-01-1.13624E+01-3.95721E+00-5.30999E+00
 -1       233 5.68213E+01 1.21355E+01 1.26596E+01 4.61560E-01-7.91871E+00 1.08268E+01
 -1       234-5.01989E+00-5.85246E+00-2.83854E+00 5.15603E+00-2.72050E+00-4.57181E+00
 -1       235 4.82149E+00-7.01645E+00-7.17379E+00 5.24192E-01 5.31767E+00-5.77265E+00
 -1       236 3.23733E+01 1.44036E+01-3.57394E+00 1.01548E+00-4.91543E+00 1.03615E+01
 -1       237-1.11257E+01-3.99753E+00 6.72919E+00-4.65753E+00 1.17040E+00 3.67400E+00
 -1       238 1.22011E+01 6.49987E+00 1.16299E+01 7.17168E-01 4.89763E+00 3.10887E+00
 -1       239-4.22599E+00 6.38191E+00 3.93524E+00-4.97374E-01 2.88046E+00 1.71579E+01
 -1       240-1.33596E+01-3.05888E+01 4.00845E+00-1.13357E+01 2.31185E+00 1.35374E+01
 -1       241 2.16941E+01 9.31650E+00 8.06965E+00 1.07428E+01 4.35787E+00 6.77674E+00
 -1       242-9.70634E+00 2.14011E+01 8.20749E+00-1.12312E+00 3.67335E+00 1.17979E+01
 -1       243-9.90329E+00 1.80067E+00 8.95487E+00-5.75798E+00-4.94011E-01 4.19924E+00
 -1       244 1.62981E+01 1.46637E+00 1.06944E+01 3.94557E+00-1.56942E+00-2.68023E+00
 -1       245 1.84283E+01 5.92526E-01 1.64808E+01 2.42573E+00-1.12441E+01 2.66810E+00
 -1       246 4.84105E+00-1.28840E+01 1.14460E+01-3.04251E+00-5.72702E+00 8.12206E+00
 -1       247 3.25025E+00 1.49708E+01 9.54465E+00 1.23924E+01-9.04809E+00-1.42309E+01
 -1       248-3.11737E+01-4.60710E+01-2.10650E+01-2.40372E+01-8.47666E+00-1.26392E+01
 -1       249-1.28521E+01 3.51004E+01 3.76900E+01 9.92572E+00 7.50323E+00 1.79436E+01
 -1       250-4.29585E+01 2.52682E+01 4.39628E+00-9.15513E+00-4.55905E+00 1.05301E+01
 -1       251 1.97173E+01 9.51204E+00-3.43102E+01 8.92598E+00-4.43334E+00-1.70613E+01
 -1       252 1.53713E+01-3.69980E+00-3.25110E+00-2.30812E-01 4.42686E+00-2.93273E+00
 -1       253 1.32364E+01-2.45394E+01-1.14210E+01 2.60828E+00 1.17032E+01-2.56111E+00
 -1       254-2.26914E+01-6.35953E+00-9.15259E+00 4.35126E+00 4.01459E+00 3.19813E+00
 -1       255 1.98092E+01-1.21983E+00 1.25363E+01-1.07274E+01 2.50922E+00 1.98905E+01
 -1       256 3.40554E+01 2.15231E+01 2.34160E+01-4.09533E+00 1.32764E+00 1.24748E+01
 -1       257 5.89959E+01 3.98366E+01 2.90383E+01-1.64413E+01-8.31774E-01 2.03527E+01
 -1       258 3.93924E+01-2.11242E+01-1.71445E+01 5.74200E-01 7.60308E+00 2.53722E+01
 -1       259-1.36245E+00 1.46368E+01-8.83727E+00-7.20108E+00 6.13135E+00 8.14237E+00
 -1       260 1.90363E+01 2.72421E+01 8.29405E+00 1.36008E+01-1.27771E+01-1.80788E+00
 -1       261-3.37192E+01-1.64584E+01 1.07914E+01-9.80445E+00-1.25975E+01-1.71696E+00
 -1       262-2.39820E+00 2.39932E+01 2.92506E+01 2.18009E+00-5.55659E+00 2.09906E+00
 -1       263 1.37167E+01-8.10667E+00 1.95432E+01 3.29491E-01-7.20338E+00-3.22934E+00
 -1       264-3.95022E+01-1.43558E+01 1.05377E+01-2.15612E+01-2.44162E+00 2.83327E+00
 -1       265 5.42096E+01 1.31397E+01 1.86926E+01 1.47617E+01-1.12405E+01-9.77535E+00
 -1       266 5.89015E+01 1.73217E+01 1.79933E+01 7.94006E+00-1.39460E+01 9.57950E+00
 -1       267-8.98456E+00 1.59374E+01-2.04470E+00 6.66449E+00 1.10404E+01 7.43395E+00
 -1       268-2.93959E+00-1.21729E+01 1.28498E+01-1.10763E+01-1.25426E+01 9.57585E+00
 -1       269-4.98800E+00-6.93548E+00-6.82127E+00 5.26097E-01-2.70578E+00 7.90649E+00
 -1       270-6.45112E-01-1.61221E+01-8.89728E+00-8.74155E+00 3.15122E+00-2.24369E+00
 -1       271-1.45107E+01 2.31607E+01-5.74945E+00-1.10511E+01-3.73789E+00-2.45467E+00
 -1       272 1.50472E+01-1.28601E+01-1.91871E+01 1.73345E+00-6.30197E+00-5.10558E+00
 -1       273-2.37660E+01-5.54779E+00-9.60120E+00 2.24344E+00-4.50128E+00 6.79786E+00
 -1       274-2.73548E+01 3.92071E+00 1.16371E+01-1.49322E+01-1.18217E+01 1.56628E+01
 -1       275 3.73198E+00-1.37842E+00-8.38383E+00-4.86849E+00 1.63129E-01 1.37802E+01
 -1       276-4.07444E+01-1.14603E+01-1.54186E+01 7.87347E+00 4.51789E+00 2.20503E+01
 -1       277 1.35399E+00 2.36177E+01-2.00487E+01 8.57313E+00 6.97301E+00 2.69247E+01
 -1       278-2.61117E+01-4.16728E+00-4.20007E+01-6.94323E+00 1.63761E-02 3.21789E+00
 -1       279-1.30784E+01-2.98418E+00 4.13698E+00-6.52556E+00 5.40415E+00 5.34322E+00
 -1       280-2.27492E+01-8.40203E+00-4.79039E+00-1.73264E+00 3.88416E+00-5.71204E-01
 -1       281 9.10855E-01-2.26263E+00-6.32100E+00-6.07518E+00 2.63312E+00 7.22940E+00
 -1       282 1.08403E+01-1.88212E+01-7.59666E-01 1.33240E+00 2.99171E+00 4.40095E+00
 -1       283 1.92697E+01 1.74544E+01 1.09887E+01 1.92740E+01 3.93741E+00 9.07468E+00
 -1       284 8.87139E+00-4.89655E+00-5.51798E+00 6.24538E+00 1.81049E+00 1.94570E+00
 -1       285-4.31081E+01-9.81526E+00-1.84244E+01-1.22403E+01 5.39041E+00 8.37665E+00
 -1       286 6.77775E+00 1.28354E+01 1.23149E+01 1.37102E+01-1.14929E+01-4.23142E+00
 -1       287-3.07778E+01-5.11885E+00-1.18765E+01-3.03776E+00 7.43836E+00 1.03233E+01
 -1       288 3.73820E+01 4.79948E+01-6.11704E+00 2.23828E+01-6.74246E+00 9.62939E+00
 -1       289-6.88192E+00 7.68255E+00-7.93337E+00 5.02813E-01-6.69647E+00 7.07732E+00
 -1       290 1.11560E+01 2.11011E+01-2.50925E+01 1.57629E+01 8.82808E+00 2.23591E+01
 -1       291 1.30903E+01 2.92515E+01 5.25979E+00 8.95379E+00-3.83242E+00 1.27200E+01
 -1       292-1.99608E+01-2.32008E+00-1.89892E+01-9.30489E+00-2.55416E+00 4.69492E+00
 -1       293-4.60247E+01-3.49993E+01-4.81576E+01-1.55597E+01 7.31929E+00 1.60593E+01
 -1       294-2.04101E+00-2.31122E+01-2.79257E+01-7.97736E+00 5.28701E+00 1.15251E+01
 -1       295 1.12229E+01-5.49471E+00 1.11913E+01 1.51792E+00 7.88820E-02 7.06370E+00
 -1       296 4.48212E+00 1.38298E+00-1.93316E+01-5.04334E-01 2.60496E+00 7.82916E+00
 -1       297 1.53783E+01 6.60001E+00 2.04863E+00 1.16176E+01-5.87917E+00 1.36845E+01
 -1       298 2.25324E+01 3.36085E+01 3.75031E+01 1.33432E+01-1.74737E+01-5.48698E+00
 -1       299 3.09810E+01 2.24281E+01 2.02248E+01-3.22978E+00-5.61512E+00 8.85557E+00
 -1       300 1.96177E+01 2.10365E+01 2.20446E+01 9.53620E+00-3.40594E+00-1.46772E+00
 -1       301-1.30902E+01 3.96362E+00 1.07445E+01-1.58428E+01-9.89538E-01-1.41475E+00
 -1       302 2.23146E+01 1.74201E+01 3.65588E+01-2.57825E+00-2.72555E+00 1.78267E+01
 -1       303-8.07941E+00 7.33758E+00-3.29987E-01-4.30076E+00 6.90803E+00 5.75749E+00
 -1       304-1.81755E+01 1.31276E+01-2.80061E+00 1.52383E+01 6.01713E+00 1.05360E+01
 -1       305-6.16559E+01-2.39434E+01-1.45718E+01-9.06827E+00-1.45462E+01 2.19708E+01
 -1       306-1.04128E+01 6.28374E+00 1.29543E+01 4.96533E-01-1.53787E+00-1.61652E+00
 -1       307-1.62458E+01 1.33739E+01 9.80308E+00 7.38112E+00-5.06634E+00-5.59643E+00
 -1       308-5.16901E+01-1.21687E+01-2.01193E+01 4.93779E+00-2.34822E+00 1.15639E+01
 -1       309 8.69597E+00 2.16893E+01-4.51345E+00 1.08580E+01-9.95453E+00-2.65516E+01
 -1       310-7.93204E+00 1.53935E+01 2.67430E+00-4.31917E+00-2.23749E+00-6.42740E+00
 -1       311-1.90913E+01 8.02425E+00 3.82542E+00-4.55612E+00 9.07056E+00 1.34546E+01
 -1       312-3.25855E+00-5.20809E+00-1.43721E+01-3.69290E+00 5.21033E+00 5.86006E+00
 -1       313 3.88814E+00 2.51203E+00-1.28625E+01 4.31917E+00-1.07461E+00-7.76708E+00
 -1       314 1.07954E+01-1.16752E+01-1.05716E+01-1.69528E+00-8.76137E+00-8.08346E+00
 -1       315 4.31826E+00 1.44281E-01-1.59230E+01 1.87060E-01 3.81868E+00-1.32282E+01
 -1       316 1.66579E+00-1.04952E+01-8.00259E+00-8.06073E+00-7.17844E+00-9.05221E+00
 -1       317 8.29175E+00-9.19566E+00-1.84219E+01-1.95996E+00-6.84963E+00-1.09516E+01
 -1       318 1.32004E+01-1.19456E+01-4.14231E-01-1.05312E+00 3.60852E-01 7.28880E-01
 -1       319-4.11754E+01-1.13512E+01-1.94485E+01-1.12332E+01-1.90586E+00 3.25480E+01
 -1       320-4.52104E-01 8.29098E+00-3.60419E+01 8.90943E+00-1.19027E+01 2.84221E+01
 -1       321 5.98603E+00 8.88517E-01-2.97413E+01 7.13824E+00-9.40678E+00 1.04703E+01
 -1       322-2.72260E+01-6.95495E+00-4.76110E+01-5.71705E+00-7.33388E+00 1.60437E+01
 -1       323-6.52100E+00 4.17456E+00-2.25146E+01-8.50073E+00 4.50037E-01 1.36413E+01
 -1       324-2.75919E+01-1.17650E+01-2.34263E+01-1.72253E+01-5.02454E+00 2.45511E+01
 -1       325 1.65307E+01-1.04123E+01-3.87333E-01-4.62710E+00-9.05317E+00 5.16267E+00
 -1       326 8.71265E+00-1.24902E+01 5.94425E+00-2.24355E+01-6.25040E+00 8.33765E+00
 -1       327-6.60399E+01-1.40577E+01-1.55263E+01-1.01776E+01-8.77990E+00 1.97036E+01
 -1       328-1.43171E+01 1.59076E+01 1.98767E+01-2.50466E+01 1.14603E+01 1.65747E+01
 -1       329-3.68682E+01-7.55322E-01-6.25551E+00 1.90480E+01 6.35361E+00 3.14862E+01
 -1       330-6.75648E+01-3.61988E+01-3.23855E+01 2.86734E-01-4.38645E-01 2.74017E+01
 -1       331 1.88112E+01 1.18283E+01 1.22320E+00 2.13724E+01 4.03744E+00 1.59934E+01
 -1       332-3.65995E+01-1.35354E+01-2.37384E+01 1.07290E+01-1.56852E+01 1.10384E+01
 -1       333-2.22981E+01 3.01631E+00-1.53389E+01-2.18757E+01-7.81064E+00-1.94887E+01
 -1       334 1.87603E+00 4.14622E+01 5.80260E+00-6.81410E+00-3.54046E+00-1.05873E-01
 -1       335 4.50921E+01-5.16461E+00-1.61639E+01 1.32500E+01-1.19786E+01-1.13709E+01
 -1       336 3.40389E+01-6.74155E+00-1.60448E+01 5.30913E+00-2.19845E+00-8.47821E+00
 -1       337-1.70279E+01-2.42041E+01-1.08763E+01-1.04137E+01 4.07953E+00-1.85537E+00
 -1       338 8.00917E+00 9.85281E-01-8.03002E+00 3.85340E+00 7.46083E+00 1.10897E+01
 -1       339 2.33916E+01 3.23114E+01 3.32927E+01 1.49415E+01 5.13685E-02 1.71335E+00
 -1       340-1.08603E+01-1.82139E+00 1.95182E+01-7.07067E+00 1.78032E+01 1.15182E+01
 -1       341-2.67407E+01-3.91675E+01-5.22288E+01-8.74614E+00-5.29878E+00 1.74588E+01
 -1       342-1.45426E+01 3.19120E+00-3.80441E+01-2.49661E+00-4.01984E+00-5.00354E+00
 -1       343-2.76112E+01-1.47831E+01-1.76589E+01-4.16897E-01 8.05598E+00 1.49645E+01
 -1       344-2.14361E+01 1.05110E+00-2.83517E+01 1.93365E+01-3.02304E+00 2.40408E+01
 -1       345 1.21762E+02 7.31249E+01 2.56970E+01 2.74647E+01-1.06858E+01 2.16086E+01
 -1       346 2.57087E+01-4.86751E-01 7.08628E+00 8.25432E+00-2.99415E+00 4.45711E+00
 -1       347-3.16701E+00-2.97275E+01-1.46502E+01-1.46704E+01-3.01816E+00 9.67182E+00
 -1       348 2.84356E+01 4.96891E+01 9.34118E+00 5.31767E+00-8.39581E+00 1.50429E+00
 -1       349-1.06760E+01 1.95704E+01 1.78811E+01-8.78233E+00 1.38375E+00 1.28818E+01
 -1       350 2.40661E+01 2.71832E+01 2.43131E+01 3.05250E+00 1.45385E+01 1.91930E+01
 -1       351 4.66255E+00 2.92775E+01 1.20058E+01-3.08246E+00 4.83604E+00 2.09790E+01
 -1       352 5.12746E+01 7.38078E+00 1.10063E+01-6.56385E+00 2.11079E+00 3.51017E+01
 -1       353 3.64710E+01-9.82459E+00 2.95823E+01-6.76170E+00-1.67786E+01 2.60647E+01
 -1       354 6.16332E+00 9.20376E+00 1.61926E+01 5.68313E+00 2.91159E+00 2.46786E+00
 -1       355 4.83494E+00-3.14509E+01-1.91468E+01-2.10363E+01-2.62067E+01-1.70635E+01
 -1       356 1.72942E+01 1.78415E+01 8.21397E+00-5.78868E+00 5.50470E+00-1.26138E+00
 -1       357 9.25840E+01 2.35628E+01 7.83562E+00 1.82437E+01 1.21985E+01 2.12701E+01
 -1       358 6.79924E+01 4.16068E+01 2.32220E+01 1.69935E+01 4.70396E+00 3.65474E+01
 -1       359 6.48468E+01-1.37068E+01-1.45648E+01-2.14866E+01 2.17170E+00 2.38937E+01
 -1       360 2.33430E+01-1.37377E+01-4.12203E+00-7.60698E-01-1.44771E+01-1.99043E+01
 -1       361 2.46033E+01 2.12636E+01 1.31325E+01 2.15764E+00-2.97907E+00 5.75311E+00
 -1       362-2.64718E+01-2.86922E+01-1.47279E+00-1.18862E+01 6.32825E+00 1.21973E+01
 -1       363-1.27499E+01-1.25894E+00 1.11232E+01-1.49276E+01 2.20169E+00 3.55326E+00
 -1       364 3.71028E+01 4.33620E+01 2.19626E+01 1.32556E+01 3.95026E+00-1.02753E+00
 -1       365-1.73836E+02 2.09716E+01-3.45671E+01-4.08269E+01-4.46536E+00 2.38783E+00
 -1       366-9.07840E+01-1.57112E+01-2.48903E+00-4.43705E+01 1.31073E+01 1.84072E+01
 -1       367-2.38218E+01-1.43149E+01-4.68023E+01-4.16447E+00 1.52126E+01 2.10287E+01
 -1       368 7.51812E+00-2.18145E+01-1.48382E+01-5.80389E+00 4.28061E+00 1.90804E+01
 -1       369-1.03129E+00 1.58108E+01-1.93277E+01-8.74175E+00 1.03768E+01 3.34416E+01
 -1       370 1.11669E+01-1.44409E+01-2.50000E+00-1.66855E+00 1.61544E+00-6.32863E+00
 -1       371-1.07161E+01-2.19182E+01-1.89092E+01-2.47438E+01 1.13671E+01 9.85256E+00
 -1       372-2.27742E+01-7.60333E+00-5.32836E+01-4.62991E+00-7.95889E+00 1.85355E+01
 -1       373-7.59459E+00-5.86116E+00-2.86015E+01-6.33500E+00-1.88244E+01-1.62240E+01
 -1       374-7.54858E+01-3.55424E+01-8.23934E+01-1.43271E+01-1.48913E+01 5.75639E+00
 -1       375 1.29943E+01-3.83245E+00-3.73554E+01 5.73695E+00-1.16850E+01 5.91544E+00
 -1       376-5.59392E+01-5.83527E+01-3.08803E+01-2.71430E+01-1.09383E+01 3.65501E+00
 -1       377 1.44473E+01 9.05349E+00 2.89267E+00 7.79994E+00 8.44823E-02 6.39820E+00
 -1       378 4.35096E+01-1.59386E+01 4.91817E+01-1.06955E+01-6.10717E+00 1.01710E+01
 -1       379 3.62613E+01-2.15892E+01 9.41888E+00-1.62883E+01-7.25280E+00 3.08603E+01
 -1       380 2.29332E+01 5.96073E-01 7.73530E+01-5.39326E+00-7.11743E+00 1.00378E+01
 -1       381 1.32845E+01-1.02870E+01-2.54927E+00-1.69845E+01-2.46061E+00 2.28230E+01
 -1       382 2.58612E+01-5.95585E-01 1.95040E+01-1.36847E+01 9.10353E+00 1.83804E+01
 -1       383 4.94387E+01 3.93714E-01 2.93550E+00-1.15093E+01-2.63218E+00 4.76897E+01
 -1       384 2.54787E+00 1.18111E+01-1.01626E+01-2.75827E-01-1.19427E+01-6.98115E+00
 -1       385 2.21173E+01 6.17940E+01 4.18917E+01-8.35080E+00-1.31729E+00 7.58754E+00
 -1       386 6.64650E+01 4.54133E+01 3.21687E+01 7.10807E+00 1.32153E+01 3.58227E+01
 -1       387-1.01537E+01 6.40034E+00-2.56395E+01 5.04199E+00 2.19035E+00 2.52919E+01
 -1       388-5.63995E+01-1.78853E+01-3.63157E+01-1.30198E-01-2.57721E+00 2.60462E+01
 -1       389-3.54852E+00 3.75213E+00-1.72330E+01 7.40098E+00-8.44939E+00 5.63156E+00
 -1       390-3.01125E+00-1.79113E+01-7.23221E+00 2.26769E+00-1.94849E+00 6.46530E+00
 -1       391-2.38962E+01-1.56594E+01 1.38174E-02-2.07527E+00-8.63588E+00 3.76400E+00
 -1       392-2.96270E+01 2.97965E+00-1.89947E+01 1.10711E+01 3.01296E+00 1.43466E+01
 -1       393 5.56755E+01 7.44570E+00 5.05645E+01 2.39667E+01 6.37065E-01 3.21856E+00
 -1       394-1.10920E+01 3.01402E+01 2.95370E+01 4.19081E+00-1.61908E+00 6.16005E+00
 -1       395-1.87766E+01-1.01911E+01-4.29198E+00-8.84602E-01-4.05497E+00 6.02091E+00
 -1       396-1.93610E+01-1.58042E+01 1.10891E+01-1.14143E+01 1.68441E+01 6.76515E+00
 -1       397 5.00369E+01-1.47300E+01 1.25398E+01 8.74948E-01 1.22680E+01 1.82649E+01
 -1       398-8.21784E+00 3.07631E+01 2.90495E+01 5.59146E+00 1.00006E+01 1.19045E+01
 -1       399-1.46441E+01-7.96697E+00 1.26285E+01-1.65313E+00 4.00609E+00 5.83658E+00
 -1       400 6.91430E+01 2.24508E+01 2.16636E+01 1.89450E+01 1.57961E+01 2.54494E+01
 -1       401 9.42682E+01 5.01474E+01 2.44991E+01 2.55654E+01-1.54849E+01-1.82178E+00
 -1       402-3.74698E+01-1.77189E+01-3.62170E+01-5.57401E-01-1.29757E+01 1.87282E+01
 -1       403-1.96270E-01-1.98515E+01-3.80062E+01 6.50066E+00-4.19693E-01 2.09951E+01
 -1       404 9.74849E+00-5.07840E+00-9.17848E+00 5.15276E+00 7.20519E+00 1.47608E+01
 -1       405-1.72825E+01-9.57928E+00-1.29989E+01-1.14051E+01-7.46261E+00 5.29952E+00
 -1       406 3.21866E+01 2.35385E+01-1.59337E+01 1.36291E+01 1.18596E+01 2.51210E+01
 -1       407 1.61721E+01 2.60394E+01-3.26629E+01 1.22537E+01 1.12544E+01 1.67923E+01
 -1       408 5.71257E+01 2.60237E+01 2.43121E+01 1.42502E+01-3.80582E+00 1.35669E+00
 -1       409-5.16166E+01-2.63073E+01-5.06958E+01-1.54889E+01-2.04335E+00 1.14342E+01
 -1       410 9.97564E+01 4.53506E+01 2.08970E+01 2.48062E+01-2.45426E+01 1.96584E+01
 -1       411-6.14329E+00-1.94804E+01 2.04089E+01-1.50102E+01 7.73651E+00 3.61568E+01
 -1       412 4.52562E+01 2.67273E+01 1.87503E+01 2.42400E+01 1.04093E+01 3.24106E+01
 -1       413 4.48049E+01 1.33200E+01 2.81524E+01-5.33561E+00 9.11149E+00 2.84631E+01
 -1       414-2.47487E+01-8.29608E+00-1.44393E+01-1.09660E+01 1.63053E+01 3.76468E+01
 -1       415-5.46042E+01 1.28447E+01-1.01227E+01-9.13145E+00 4.18864E+00 3.08217E+01
 -1       416-3.20177E+01 2.33674E+01-2.23701E+01 5.00532E+00 4.09695E-01 2.80334E+01
 -1       417-2.15395E+01-9.47912E+00-1.92298E+01 4.62994E+00-2.95168E+00 2.85907E+01
 -1       418 5.39505E+00 1.98532E+01-3.17232E+00 4.94252E+00 2.15584E+01 2.35896E+01
 -1       419-2.52665E+01-1.95131E+01-1.84077E+01-7.26242E+00 1.69426E+01 2.40864E+01
 -1       420 1.16923E+01 3.51388E+01 1.40329E+01 1.12861E+01 1.68105E+01 2.05099E+01
 -1       421-9.52932E+00-6.24247E+00-1.06569E+01-3.05905E+00 5.48813E+00 8.91190E-01
 -1       422 1.20935E+01-2.50222E+00 8.75064E+00 6.16390E+00-3.67157E+00 1.02868E+00
 -1       423 2.36253E+01 2.95589E+01 2.06288E+01 1.60711E+01-5.15003E+00 5.72709E+00
 -1       424 9.72395E+00-6.49940E+00-1.58337E+00 7.75649E+00 3.40733E+00 4.38979E+00
 -1       425 6.76743E+01 4.36415E+01 2.56732E+01 2.79202E+01-9.28523E+00 2.95767E+00
 -1       426 7.20162E+01 7.32224E+01 4.60200E+01 2.46042E+01 2.47255E+01 1.17765E+01
 -1       427 9.37304E+01 7.29017E+01 3.15157E+01 3.94970E+01 1.31372E+01 1.52790E+01
 -1       428 1.76558E+01-6.18044E+01-3.21821E+01-2.90419E+01-1.40887E+01 5.12655E+00
 -1       429-3.26887E+01-3.59891E+01-1.27671E+01-2.18302E+01 2.55182E+01 2.16765E+01
 -1       430 2.68356E-01 2.41172E-01-2.16588E+01 8.20402E-02 3.04874E+00-5.48923E-01
 -1       431-1.01152E+00-6.68541E-01 1.35708E+01 2.05599E-03-3.25583E+00 2.20613E-01
 -1       432 4.90221E-01 2.58201E-02-2.69485E+01-1.25820E-02 4.47189E-02-5.51332E+00
 -1       433 2.52668E-01 6.51136E-02 1.94229E+01-1.71904E-01-3.40549E-02 5.31470E+00
 -1       434 1.73199E-01 1.26447E-01-4.16535E+00-6.64086E-02 5.20021E-01 1.34440E+00
 -1       435-6.34897E-01 6.10131E-02-5.10572E+00-2.49143E-01 2.57546E+00 3.86097E+00
 -1       436-3.40860E-01-4.92186E-01-2.79287E+01-1.81567E-01 3.25267E+00 6.44744E-01
 -1       437 5.53629E-01-2.03950E-01-1.01314E+01 4.95897E-02 5.16227E-01-1.74157E+00
 -1       438 5.17593E-01 3.47347E-01 1.31707E+01 4.22465E-02-1.52983E+00 3.44386E+00
 -1       439-1.06372E+00-1.52542E-01-5.74666E-01 1.92482E-01-1.00680E+00-1.39459E+00
 -1       440-1.55034E+00-5.80995E-01-2.13672E+01-6.93145E-02 7.86026E-01-3.86159E+00
 -1       441-1.33058E+00-2.47231E-01 1.98244E+00 4.12267E-01 3.83756E-01 1.34356E+00
 -1       442-1.23206E+00-4.99940E-01-3.28374E+00 5.83710E-02-3.07422E+00-3.09135E+00
 -1       443-6.53235E-01-4.24234E-01 1.97417E+01 5.75775E-01-2.39072E+00 1.58969E-01
 -1       444-8.35440E-01 4.00948E-02-9.89753E-02-1.54785E-01 3.99925E-02 1.78564E-01
 -1       445-7.96692E-01-9.23182E-03-4.54375E-02-1.16035E-01-3.49794E-02-2.23704E-01
 -1       446-7.30171E-01 8.22208E-04-2.80552E-01-1.88080E-01 9.75415E-02 4.32996E-01
 -1       447-6.81492E-01-1.05775E-02-2.32851E-01-9.53930E-02-6.12925E-02-4.38822E-01
 -1       448-4.10525E-01-4.21005E-03-4.26876E-01-1.32780E-01 1.25103E-01 3.82183E-01
 -1       449-1.58917E-01 7.56778E-03-8.11372E-01-1.18671E-01 1.66502E-01 3.71094E-01
 -1       450-1.31859E-01-2.54862E-01-6.99873E-01 6.53124E-02-4.55320E-02 2.24977E-01
 -1       451 1.86979E-01-2.73552E-02-9.80723E-01-1.80474E-02 1.83544E-02-1.88764E-01
 -1       452-4.01958E-02 1.11157E+00-3.08719E+00 8.91952E-02 4.35650E-01-4.55461E-01
 -1       453 5.43362E+00 5.69392E+00 2.10400E+00 2.50453E+00 4.62530E+00 3.38192E+00
 -1       454-1.86528E-01-1.23321E+00-1.37851E+01 4.39272E-01-5.23010E-01-2.96735E+00
 -1       455 5.16035E+00 1.15231E+00 1.00442E-02 2.68023E+00 7.52138E-01 1.48558E+00
 -1       456 3.93048E+00 2.06446E-01 1.96651E-02 1.74067E+00-1.42367E-01-3.26712E-01
 -1       457 4.31568E+00 3.05573E+00-7.68305E-01 3.06274E+00 3.44324E-01 6.14780E-01
 -1       458 2.33604E+00-2.77434E-01-2.29431E-01 9.37796E-01-3.20102E-01-6.96575E-01
 -1       459 5.51165E+00 1.16281E+00 4.18732E-01 2.10028E+00-8.46875E-01-1.68378E+00
 -1       460 8.11450E+00 1.41804E+00 1.08399E+00 2.74474E+00-2.20971E-01-1.43881E+00
 -1       461-1.19679E+00-4.62420E-01-3.34204E+00 5.74620E-02-5.83796E-01 1.71146E+00
 -1       462 3.01013E-01-2.85488E-01-2.90370E+00 3.60464E-01-6.54763E-01 3.31644E-01
 -1       463-2.51052E-01 6.94350E-03-8.73814E-01-1.30481E-01-5.73699E-02-2.33613E-01
 -1       464-2.14425E-01 5.81842E-02-7.15685E-01-4.44661E-02-4.24321E-02-3.91374E-01
 -1       465-6.69258E-04-8.21879E-02-1.12315E+00-1.20490E-01-3.50671E-01-1.63833E-01
 -1       466-3.51498E-01 1.30206E-02-4.93016E-01-6.63379E-02-2.85367E-02-4.10662E-01
 -1       467 4.01286E-01-4.47334E-01 5.26433E-01-4.00473E-01 1.21959E+00 2.25017E+00
 -1       468-5.97963E-01-2.24225E-01 3.81430E-01 4.31576E-02 7.50409E-02 5.57948E-01
 -1       469-4.17956E-01-1.43962E-01 2.36776E-01-1.10557E-01 7.91718E-02 3.92706E-01
 -1       470 9.49469E-02-1.12505E-01-1.73509E+00-5.80426E-01 1.29879E-01 4.13879E+00
 -1       471-1.51560E-01 1.57028E-01-3.98876E+00-2.76481E-01 2.19827E-01 3.18194E+00
 -1       472 7.95667E-03-1.73743E-01-1.33840E+00-7.37216E-02 1.22208E-01 1.57889E+00
 -1       473-1.47222E+00-1.03050E-01-1.17853E-01-9.68457E-02 6.76650E-01 2.00721E+00
 -1       474-4.60308E-01-2.35327E-03-8.65384E-02-4.55995E-02-3.18810E-02 7.17405E-01
 -1       475-3.06917E-01 1.83321E-02 2.00987E-01 7.56499E-02-8.08682E-02-3.25921E-02
 -1       476 1.75792E-01-1.28910E-03-2.97710E+00-3.79674E-02 1.50464E-02 1.41022E+00
 -1       477-1.84292E+00-1.59444E+00-5.53499E+00-1.22684E+00 1.07971E+00 6.82495E+00
 -1       478-5.47412E-01 6.50748E-03-2.26358E-01-8.56014E-02 1.73095E-02 6.39724E-01
 -1       479-5.74260E-01-4.75556E-03-2.64779E-02-6.65672E-02-2.13280E-02 4.18715E-01
 -1       480-5.20442E-01 5.04763E-03 6.89326E-02 4.02762E-03 5.44028E-03 3.47821E-01
 -1       481-4.99669E-01 3.63918E-03 9.00115E-02-2.68435E-02-1.31553E-02 1.68737E-01
 -1       482-4.24436E-01-1.74861E-02 1.40731E-01 4.13871E-02-3.04880E-02 6.52705E-01
 -1       483-2.33716E-01-9.24326E-03-1.40943E+00 8.17750E-03 7.55793E-02 1.04101E+00
 -1       484-3.56312E-01-9.42511E-03-8.12240E-01-5.87712E-02 1.59168E-02 9.43019E-01
 -1       485-1.66321E-01-1.08475E-02-5.17970E-01-4.66701E-02-4.67995E-03 1.12138E+00
 -1       486 3.14240E-02-1.12942E-01-3.52483E+00-7.49190E-02 2.34494E-01 8.03897E-01
 -1       487-6.52099E-02-3.60352E-02-2.17134E+00-3.03145E-02 5.77325E-02 9.99210E-01
 -1       488-1.20057E-01-8.88290E-03-2.19655E+00-3.41325E-02-8.51280E-03 1.45393E+00
 -1       489 1.03067E+00-2.42691E-01-1.08722E+01-2.50314E-01-2.10872E-02 2.17166E+00
 -1       490 1.26513E-01-1.38373E-01-4.81500E+00-1.00996E-01 4.00625E-01 1.71009E+00
 -1       491 4.96771E-01 1.30633E-01-3.43705E+00-1.62296E-01 1.70027E-01 2.11308E+00
 -1       492 2.11971E+00 1.65283E+00-3.37030E+00 1.01053E+00 5.36265E+00 8.64015E+00
 -1       493-1.55776E+00-2.39721E+00-1.81093E+01-3.34188E-01 1.27659E+00 3.89716E+00
 -1       494-2.05032E+00-4.25214E-01-6.88370E+00-2.07336E-01 4.67202E-01 6.34964E+00
 -1       495 1.10939E+00-1.07986E-01-9.01976E-01-1.09395E-01-1.87892E-02 2.59800E+00
 -1       496 1.87618E+00 8.31957E-01-2.01622E+00 7.91466E-01 3.73605E-01 4.23507E+00
 -1       497-1.05850E+00-1.19173E+00-4.15838E+00-6.96556E-01 4.63164E-01 5.18942E+00
 -1       498-1.54664E+00 1.41583E-02-1.00988E+00-3.01110E-01 2.94590E-01 1.64910E+00
 -1       499 4.61849E-01-5.58581E-02-9.45407E-01 3.10973E-01 2.71134E-01 1.91489E+00
 -1       500-4.89358E-02 4.95373E-01-8.57322E-01 7.40769E-02 2.84913E-01 2.73577E+00
 -1       501-2.26319E+00-1.82623E-01 8.52128E-02-3.46515E-01 5.38472E-01 9.64486E-01
 -1       502-4.28481E-01-7.34857E-02 1.75706E-02-4.16934E-02-1.70991E-01-2.23176E-01
 -1       503-1.11171E+00-6.08089E-02 3.75522E-01-5.22918E-01 2.67003E-02-1.97643E-01
 -1       504-1.07098E+00-1.07944E-01 7.05410E-01-3.65340E-02 3.49025E-01 1.14092E+00
 -1       505-4.82655E-01-3.42524E-02-6.55068E-02-2.16807E-02 4.77038E-02-7.56100E-02
 -1       506-4.14646E-01-1.02233E-02 7.67690E-02-8.62603E-03-4.64430E-02-1.29107E-01
 -1       507-2.90177E-01 1.89121E-02-8.43704E-02 7.42132E-02-1.89501E-02-1.53934E-01
 -1       508-1.00872E-01 1.39807E-01 4.72190E-01 3.42542E-02-6.95193E-02 1.42683E-01
 -1       509-3.84422E-01 3.61400E-02 4.68682E-01 3.83980E-02-5.50272E-02 2.85587E-01
 -1       510 3.64204E-01-2.66297E-01 7.72631E-01 2.22293E-02 6.44725E-01 6.81673E-01
 -1       511-6.38042E-01-4.49810E-01 7.79210E-02-1.39442E-01 1.83577E-01 6.69177E-01
 -1       512-2.70848E-01-3.91991E-01 1.75575E+00-1.27073E-01 5.46239E-01 9.19905E-01
 -1       513-2.96254E-01-3.68203E-01-4.77867E-01 8.93556E-03 1.81181E-01 1.19093E+00
 -1       514 6.82228E-02-3.07816E-01 1.65936E-01-5.83824E-01 6.64939E-01 2.27911E+00
 -1       515-3.80772E-01-3.89847E-01-3.27638E-01-1.36857E-01 1.36467E+00 1.54070E+00
 -1       516-5.22098E-01-3.75503E-01-1.69136E+00-6.19947E-01 9.59045E-01 3.55729E+00
 -1       517 1.20909E-01 3.91711E-01-2.59191E+00-1.79327E-01 5.71740E-02 4.01551E+00
 -1       518 2.88815E-01-3.13317E-01-2.49118E+00-2.51839E-01 1.22637E+00 3.78929E+00
 -1       519-5.27325E-03-1.59928E-04-2.46806E+00-1.63881E-01 2.92277E-01 2.09689E+00
 -1       520-7.72136E-01 1.49689E-01-5.48609E-01 6.87714E-02-3.71355E-01-9.61844E-02
 -1       521-1.16431E+00 2.49378E-03 1.28711E-01-3.67982E-02-6.25969E-02-3.88673E-01
 -1       522 2.86405E-01 1.38867E-02-9.41816E-01-2.80305E-02 2.85781E-01-5.09936E-01
 -1       523 1.62386E+00 4.08341E-02 5.24941E-01-3.19284E-01-2.57882E-01-1.70546E+00
 -1       524 2.32655E-01-1.98586E-01 5.16800E-01-4.85508E-01 4.02709E-01 2.09098E-01
 -1       525-2.26299E-01 2.14328E-03-2.65366E-01-2.60828E-02-2.57887E-02 5.71291E-01
 -1       526 3.29004E+00-1.72873E-01 9.22498E-01-3.79931E-01 7.32685E-01-1.59288E-01
 -1       527-9.68480E-01 3.80457E-02 5.06505E-02-5.95218E-02-2.11573E-02 2.06104E-01
 -1       528-5.29703E-01-3.81885E-04-6.97268E-01 1.52115E-02-5.20083E-02-7.28062E-01
 -1       529 1.64320E-01-1.74560E-02-4.66298E-01-3.56355E-02 5.95656E-02 2.14111E-01
 -1       530-3.66918E-01 7.87670E-02 1.27191E+00 1.03960E-01-5.93140E-01-7.35786E-01
 -1       531-1.07251E+00 3.04685E-02 9.82007E-03-6.38882E-02-2.58531E-02 7.47191E-03
 -1       532-7.59704E-01 5.23685E-02 2.80027E-03-6.73265E-02 4.07661E-02 2.53971E-01
 -1       533-8.86021E-01 4.99673E-02-1.90778E-01-6.90611E-02-1.65709E-02-5.25326E-01
 -1       534-1.06632E+00 1.71135E-02 4.01437E-02-3.83187E-02-7.61685E-03-2.13179E-01
 -1       535-1.16034E+00-1.12217E-02 5.20328E-02-3.73860E-02-2.96215E-02 7.71562E-03
 -1       536-4.70493E-01-6.58088E-03-2.14939E-01-1.61800E-02 2.40468E-02 4.51135E-01
 -1       537-9.49991E-02 4.01633E-02-3.17303E-01-2.15327E-02 3.43047E-02 3.50401E-01
 -1       538-7.55317E-01-3.97180E-03-1.52578E-01-1.29679E-02-1.78769E-02 4.79876E-01
 -1       539 1.69694E-01 1.49481E-01-3.00577E-01-6.57392E-02 9.23297E-02 1.37394E-01
 -1       540-8.33831E-02-3.79937E-01-2.84009E-01 7.27149E-02-3.09752E-01-4.08896E-02
 -1       541-9.50792E-03 6.12744E-02-3.12505E-01 1.25349E-02 5.14700E-02 3.54021E-01
 -1       542 2.84778E-01-7.23541E-01 7.86715E-01-1.27713E-01-1.25601E-01-1.28096E-01
 -1       543-6.15404E-01-1.03243E+00-1.63567E+00-2.13644E-01-7.46168E-02-1.34016E+00
 -1       544 2.06593E-01-3.68990E-01-4.40909E-01-1.52771E-01 2.16780E-01 3.31286E-01
 -1       545-1.34391E+00-4.55328E-01-1.01204E-01-4.43110E-01 1.84648E-01-2.02860E+00
 -1       546-5.30652E-02 5.00768E-02 1.61742E-01 8.40737E-01-6.42373E-01-1.25801E+00
 -1       547-1.99017E-03 2.63527E-01 8.63573E-01-1.25170E-01-3.72031E-01 1.32289E-01
 -1       548 1.52004E+00-6.30434E-02 8.29231E-02 4.01192E-01-2.45755E-01-1.96659E+00
 -1       549 3.51688E+00-1.47187E-01-2.41059E-02 4.56706E-01-2.13921E-01-2.14509E+00
 -1       550 6.82000E-01 2.35820E-01 1.64896E+00 4.33851E-02-4.87152E-01-1.49929E+00
 -1       551 4.94455E+00 2.28631E-02 3.32848E-01 3.24693E-01 1.43527E-01-1.39810E+00
 -1       552 1.15989E+01 1.82530E+00 1.75219E+00 2.29074E+00 2.40979E-02-1.73505E+00
 -1       553 2.16296E+00-3.22003E-01 3.01487E-01-3.41753E-01-1.98056E-02-1.20136E+00
 -1       554 1.12797E+00-6.40615E-01-2.63922E+00 8.48826E-02-1.15361E-01 2.26686E+00
 -1       555 1.79082E+00 6.33719E-01-2.12611E+00 4.50336E-01-3.64924E-02-7.66841E-02
 -1       556 4.09213E-01 2.22234E-02-1.17217E+00-9.25303E-02 2.19657E-02-3.81329E-01
 -1       557 1.24595E+00-3.01259E-01-4.55699E-01-2.25504E-01 4.80909E-01-2.17647E-01
 -1       558-3.77076E-02-5.10679E-02-1.12808E+00-4.10027E-02 6.38961E-02-5.25112E-01
 -1       559-3.87962E-01-7.14387E-03-9.29755E-01-6.96531E-03-4.37694E-02-6.58722E-01
 -1       560-6.59276E-01 3.18461E-02-4.72276E-01-2.63169E-02-2.22154E-02-6.59616E-01
 -1       561-2.74560E-01-2.57350E-02-9.29072E-01 3.86284E-02 3.49088E-02-6.82998E-01
 -1       562-7.86914E-01-9.79594E-03-4.25307E-01-2.76703E-02-6.27301E-02-6.42540E-01
 -1       563-1.19006E+00-1.54832E-02 5.16119E-01 3.69833E-02-3.10990E-01-4.76890E-01
 -1       564-4.77349E-01-1.58486E-02-5.81509E-01 1.29774E-02 4.41654E-02-6.61623E-01
 -1       565-1.89065E-01-8.82490E-02-1.29964E+00 3.05949E-01 6.24095E-02-9.12775E-01
 -1       566-8.01614E-01-5.49617E-02 8.58649E-02-4.78227E-01-1.60692E-01 4.95595E-01
 -1       567-1.06566E+00-1.21886E-01-1.52208E-01 1.70497E-02-1.17535E-01 3.10484E-01
 -1       568 1.92253E-01-4.14694E-01-1.14812E+00-1.23720E-01 5.47651E-01-6.92246E-01
 -1       569 3.26045E-01-2.05637E-01-1.35348E+00-4.68976E-02 3.54516E-01-5.49139E-01
 -1       570 5.46160E-01 3.15517E-01 1.57726E+00-3.60086E-01-2.29758E-02-8.17514E-01
 -1       571-1.21587E+00-5.93912E-01-7.90972E-01-3.38589E-01 3.29635E-01 6.48128E-01
 -1       572-5.00547E-02-1.08177E-01-3.93407E-01-1.46501E-01 2.35921E-01 4.37483E-01
 -1       573 2.24067E+00 2.29733E+00-9.20589E-01-2.61837E+00 5.97125E+00 6.71578E+00
 -1       574 9.52733E+00 3.85260E+00-1.38207E+01 3.06458E+00-7.74271E+00-2.22517E+00
 -1       575 2.59539E+00 1.83686E+01 1.28860E+01 1.16621E+01 6.64004E+00 6.85412E+00
 -1       576-4.81831E+00-1.15236E+01 1.45121E+00-6.44770E+00 1.63703E+00 1.09853E+01
 -1       577-1.11567E+01-1.40412E+00-1.61269E+01-5.03713E-01-7.24261E-01-1.17313E+00
 -1       578 1.05934E+01 6.53161E+00-2.05484E+00 1.00098E+01-3.38621E+00-6.62560E+00
 -1       579-5.93843E+00-4.54789E+00 1.69705E+01-4.45967E+00-7.36489E-01-8.77758E+00
 -1       580 4.40066E-02 4.66150E+00 4.14771E+00-7.10708E+00-5.74641E+00 1.17208E+01
 -1       581-2.19980E+00-1.11546E+01-1.58126E+01-5.37645E+00-9.18770E+00 3.64562E+00
 -1       582 1.60153E+01-2.06498E+01 1.21970E+01-1.13528E+01-1.67484E+00 2.22388E+01
 -1       583 1.11574E+01-2.06841E+01-1.96921E+00-1.02550E+01-2.25450E+01 1.53831E+01
 -1       584-1.07530E+01-9.76478E+00 2.22140E+00-6.24589E+00-3.97740E+00 1.09141E+01
 -1       585 2.91949E+01 1.04072E+01 6.46979E+00-7.93979E+00-3.15316E+00 1.55729E+01
 -1       586 2.97619E+01-6.00329E+00-8.30746E+00-1.73224E+01-9.88376E+00 1.91595E+01
 -1       587 3.98715E+00 1.21801E+01 1.85666E+01-6.12377E+00-6.78502E+00 2.72471E+01
 -1       588-1.82810E+01-7.32800E+00-3.04006E+00-1.69149E+01-1.06485E+01 2.06722E+01
 -1       589 2.54029E+00-3.88560E+00-3.86957E+00-1.11607E+01-2.50408E+00 2.05984E+01
 -1       590 1.08302E+01-4.66243E-01-1.07964E+01 2.03237E+01-8.54949E+00 1.13125E+01
 -1       591-1.48557E+01 1.54661E+00-8.53754E+00-5.82086E+00-1.46058E+00 9.09465E+00
 -1       592-1.60955E+01-2.15267E+00-2.06800E+01 8.50376E+00-3.87015E+00 1.36371E+01
 -1       593-9.60481E+00-6.06359E+00-6.94388E+00-8.64632E+00-7.83478E+00-8.49702E-02
 -1       594-3.02659E+01 2.34287E+00-1.69868E+01 3.86942E+00-1.10638E-01 1.88303E+01
 -1       595 5.10108E+00 1.79693E+01-1.45466E+01 9.48590E+00 6.05012E+00 2.30459E+00
 -1       596-4.21569E+00 2.08255E+00-1.51906E+01 1.44281E+00-1.63919E+01-1.93516E+01
 -1       597-1.16023E+01-7.28085E+00-1.41034E+01-6.74784E+00-2.59829E+00 9.18466E+00
 -1       598 3.83894E+00 2.31452E+00-1.78692E+01-1.70642E+00-3.51048E+00 1.31452E+01
 -1       599-5.21684E+00 3.10785E+00 3.67470E+00-1.22112E+00 4.45018E+00 1.45729E+01
 -1       600-2.51301E+01-8.47944E+00 2.46383E+01-1.68514E+01 6.79968E+00 9.76468E+00
 -1       601 2.63301E+01 2.75140E+01 3.49719E+01 8.75700E+00-6.57974E+00 1.31763E+00
 -1       602 7.68793E-01-4.15980E+00-9.88488E+00 5.30975E-01 1.34626E+00-1.55481E+00
 -1       603-9.34888E+00-7.99020E+00-6.29357E+00-5.58497E+00-3.23572E+00 6.50629E+00
 -1       604-1.48016E+01-2.48151E+01-2.00731E+01-7.54072E+00 1.40293E+00-9.64308E-01
 -1       605 2.30413E+01 1.82854E+01 1.25478E+01 8.57039E+00-4.03250E+00 1.10135E+00
 -1       606 1.08719E+01-5.77436E+00 7.70043E+00 3.77878E+00 2.58254E+00 8.57568E+00
 -1       607-2.60859E+01-2.87220E+01-1.89270E+01-2.96594E+00 1.44647E-01 3.78073E+00
 -1       608 1.09651E+00 1.11184E+00-4.38173E+00 2.56582E+00 4.37373E+00 1.11806E+01
 -1       609-3.16389E+00 5.72464E+00 3.35652E+00-2.43345E+00-9.72521E+00-7.50063E+00
 -1       610-1.72469E+00-4.48464E-01 1.28396E+01-7.30173E+00-5.49618E+00 1.37977E+01
 -1       611 1.15407E+01-7.97541E+00 9.37856E+00 4.44912E+00 2.02997E+00 7.34668E+00
 -1       612 2.44127E+01 8.65292E-01 5.45859E+00 2.23558E+00-2.87814E+00 1.38540E+00
 -1       613-4.68104E+01-1.55028E+01-3.59185E+01-1.17000E+01-1.16342E+01-2.58382E+00
 -1       614-1.81170E+01 1.62797E+00-4.57805E+01 1.11632E+00 3.82394E+00-4.18537E+00
 -1       615-5.72372E+00 7.11438E+00-1.25838E+01 8.35047E-01-5.04520E+00 1.23382E+01
 -1       616 2.07151E+01 2.37641E+01 9.17884E-02 1.62405E+00-1.16289E+00 2.08560E+01
 -1       617-2.38599E+01 7.43986E+00 1.11543E+00 4.85611E-01 7.27682E+00 3.25903E+01
 -1       618 5.25543E+00-3.43459E+00-2.58552E+00-3.23088E+00-5.29261E+00 2.20048E+01
 -1       619 4.51871E+01 1.35509E+01 2.06501E+01 8.22258E+00 1.02955E+01 1.12357E+01
 -1       620 2.84802E+01 8.92324E+00 4.91514E+00 8.38189E+00-3.78393E+00 4.02717E+00
 -1       621-1.29716E+01-1.39392E+01 9.64554E-01-1.06178E+01 6.21195E+00 5.39595E+00
 -1       622-4.88689E+00 1.14408E+01-3.76318E-01-3.52712E+00-7.83337E+00-2.57984E+00
 -1       623 1.19327E+01 2.23371E+01 3.57492E+00 6.37129E+00 2.60229E+00 5.68389E+00
 -1       624 4.99321E+00 6.34648E+00-3.55080E-01 2.62657E+00 3.94354E+00 1.78999E+01
 -1       625 4.44101E-01 2.15134E+01 3.44735E+00 1.24512E+01 1.00744E+01 2.86658E+00
 -1       626-4.67689E+01 1.78942E+01-1.54357E+01-2.96755E+00-9.54427E+00 2.21617E+00
 -1       627-2.05190E+01 3.29023E+00 5.33291E+00 1.46010E+00 1.89805E+01 1.98405E+01
 -1       628 4.19509E+01 1.81591E+01 1.57718E+01 1.61804E+00-1.16331E+01 1.02409E+01
 -1       629-7.18839E+00-2.57528E+01-1.68301E+01-8.75927E+00-1.39529E+00 3.85620E+00
 -1       630 8.46935E+00-7.07348E+00 1.22291E+01-3.18954E+00-2.83552E+00-2.71245E+00
 -1       631 3.27539E+00 7.68986E+00-7.60650E-01 2.78716E-01 4.25485E+00 1.04458E+01
 -1       632-1.75110E+01 3.29387E+00-5.51207E+00-8.86490E+00 3.72028E+00 4.70234E+00
 -1       633-3.15354E+01-8.28787E+00-1.11728E+01-8.20855E+00-8.30769E+00-6.63149E+00
 -1       634-1.59445E+01-1.00759E+01-5.32242E+00 6.27209E+00 1.02382E+00 5.50765E+00
 -1       635 3.54428E+00 4.86426E+00 1.03278E+01 1.26147E+01 2.56007E+00 1.45710E-01
 -1       636 3.84972E+00 1.22460E+00 4.02353E+00 2.78425E+00-4.38055E+00 8.29411E+00
 -1       637-9.50232E+00-1.04530E+01-8.77585E+00 8.19923E+00 5.23393E+00 5.01730E-01
 -1       638 3.17169E+01 2.26899E+01 2.13097E+01 9.62032E+00-8.07895E+00-2.54596E-01
 -1       639 7.31991E+00-1.32636E+01 7.89138E+00-6.29023E+00-2.20980E+00 2.16738E+01
 -1       640-2.80849E+01-2.25014E+01-1.26678E+01-6.62830E+00 1.00179E+00-6.73906E-01
 -1       641-2.10077E+01-2.67924E+01-2.29691E+01 1.20039E-01-7.34877E+00-1.25213E+00
 -1       642-4.28893E+00 1.50242E+01 6.27878E+00-4.53080E+00-4.56891E+00-3.31001E+00
 -1       643 2.49525E+01 1.75955E+01 1.24470E+01 8.08279E+00 4.50763E+00 1.13127E+01
 -1       644 1.04999E+01 9.91926E+00 4.01877E+00 2.76239E+00-6.87404E+00 6.52319E+00
 -1       645-2.29522E+01-3.49315E+00-1.65928E+01-6.89531E+00-2.12547E+00 1.23849E+01
 -1       646 1.69761E+01 7.18708E+00-2.57561E-01 9.27399E+00 7.11197E-01 8.19111E+00
 -1       647 2.45929E+01 8.07620E+01 2.94698E+01 2.85196E+01 5.75425E+00-8.81575E-01
 -1       648-3.29161E+01-4.05482E+01-2.15613E+01-6.70257E+00 1.00333E+01 5.38113E+00
 -1       649 2.90850E+00-1.17941E+01 1.13746E+01-8.75533E-01-1.97164E+01-3.10372E+00
 -1       650 2.43643E+00-8.77155E+00-1.74455E+01-9.22970E-01-5.69446E+00 6.50344E+00
 -1       651 6.22584E-01 2.41784E-02 2.18200E+01-4.18564E+00-1.02201E+01-5.86400E+00
 -1       652 3.80380E+00 6.63494E+00-1.52595E+01 3.77803E-01 2.68873E+00-4.59165E+00
 -1       653-3.67432E+01-1.78428E+01-4.57521E+01-2.63201E+00 3.47849E+00 1.19199E+01
 -1       654 3.78754E+00 6.41485E+00-1.00597E+01 3.03997E+00-5.37115E+00-5.56566E+00
 -1       655 2.92863E+00 2.95225E-01-4.19904E+00-2.26825E+00 1.21497E+00-2.55594E+00
 -1       656 2.63426E+00 1.43341E+01 1.14477E+00-1.31404E+00-1.56342E+00-1.18749E-01
 -1       657-5.92350E+00 4.16002E+00-1.27730E+00 2.47446E+00-4.54669E+00-1.02212E+01
 -1       658 1.45015E+01 5.34159E+00 4.25185E+00 7.11900E+00 1.27844E+00 9.24551E-01
 -1       659 1.01729E+01-5.05068E+00 1.00535E+00-6.37532E+00-7.01500E+00 7.49940E+00
 -1       660 2.12821E+01 9.00277E+00-4.44753E+00 1.55050E-01-1.84529E+01-5.40163E-01
 -1       661-1.29773E+01-3.17128E+01-1.76021E+01-8.42453E+00 6.97045E+00 7.24867E+00
 -1       662 1.34747E+01-6.23835E-01 4.55872E-01-2.02567E+00-6.48415E+00-6.42682E+00
 -1       663 8.84676E+00-1.80856E+01-1.07529E+01 3.26828E+00 4.53381E+00 7.46959E+00
 -1       664-6.12451E+00-7.73125E-01 6.31125E+00-3.49879E-01-5.01700E+00 3.60253E+00
 -1       665-2.28904E+01-6.43070E+00-2.12024E-01-1.05079E+01 5.05296E+00 1.42750E+01
 -1       666-2.85728E+01 6.55891E+00-8.61309E+00-1.14362E+01 5.77462E+00 5.77504E+00
 -1       667 1.10651E+00 1.32330E+01 1.45962E+01 6.69830E+00 5.35498E+00 1.22686E+01
 -1       668-7.87635E+00-1.04663E+00-6.40771E+00 3.79303E-01 1.55485E+00 4.26471E+00
 -1       669-4.46036E+00 1.22216E+01 5.86333E+00 1.04527E+01 3.12011E+00 5.54697E+00
 -1       670-4.74348E+00-2.05722E+01-5.58112E+00-1.07295E+01-6.84357E+00 9.83343E+00
 -1       671 9.80804E+00 8.87407E-01-1.00291E-01-9.74841E+00 2.15257E-01 6.33329E+00
 -1       672 5.88295E-01-1.01916E+01-5.26084E+00-1.21113E+01-5.09652E-01-5.81739E+00
 -1       673 1.01484E+01 2.17500E+00-3.48204E+00 5.25188E+00 3.19285E+00-5.35036E+00
 -1       674 1.94599E+01 3.02487E+00 1.11169E+01-1.01802E+01 3.94065E+00 1.45389E+00
 -1       675-2.33024E+01-1.32000E+00-2.19536E+01-9.42554E+00 5.41481E+00 5.54913E+00
 -1       676 8.29808E-01 1.24798E+01 1.59484E+01 1.21617E+00 9.43740E-01 7.66321E+00
 -1       677-3.13218E+00 2.78924E-01 2.59874E+00-3.56734E+00-5.86822E+00-8.49860E+00
 -1       678 1.79798E+01 8.23456E+00-3.29514E+00 1.13978E+01 1.15884E+01 1.95822E+01
 -1       679 2.07745E+01 1.51680E+01 5.47150E+00-6.53854E-01 2.16166E+00 5.67065E+00
 -1       680-2.62968E+01-2.62084E+01-4.52425E+01-1.63811E+01-1.57594E+01 6.71395E+00
 -1       681 6.62907E+00 7.19729E+00-1.43996E+01 3.94860E+00-1.20915E+00 4.58973E-01
 -1       682 3.08760E+01 3.01519E+01 1.00964E+01 1.03643E+01 2.15889E+00 1.12421E+01
 -1       683 1.90014E+01 2.15998E+01-7.99660E+00 1.23850E+01 8.55528E+00 2.88193E+00
 -1       684 2.41690E+00 2.25160E+01-1.78208E+01 1.23620E+01 9.01403E+00 1.09841E+01
 -1       685-1.47111E+01 3.33320E+00-1.26338E+01-3.32226E+00-1.77077E+01 5.09037E+00
 -1       686 2.40383E+01 2.47232E+01 3.00266E+01 3.54790E+00-1.38275E+01-6.25563E+00
 -1       687-8.89878E+00-2.16872E+01-6.39449E+00 1.69971E+00-1.37833E+01-1.58574E+01
 -1       688-9.12574E-03-7.01886E+00-2.86475E+01 6.23823E+00 4.44397E+00 1.78571E+00
 -1       689-7.23235E+00 1.08995E+01-8.14577E+00 3.99581E+00-3.97074E+00-2.21110E+00
 -1       690 9.22865E+00 5.19992E+01 2.26537E+01 1.76420E+01 9.28410E+00 4.60951E+00
 -1       691 7.88287E+00 7.44300E+00 1.68280E+01 9.87199E+00 6.51453E+00-4.70762E+00
 -1       692-3.28056E+01-1.77626E+01-6.30901E+00-2.33926E+00 1.12638E+01 1.39910E+01
 -1       693 1.36022E+00 4.82864E+00-1.39446E+00 1.09849E+01 5.90964E-01-1.74616E+00
 -1       694-7.73634E+00 2.18330E+00-1.16188E+00-1.67146E+01 2.49532E+00-3.92970E+00
 -1       695-1.13754E+01 6.76434E+00 1.50638E+01-1.18339E-01 6.54743E+00 1.01238E+01
 -1       696 3.17496E+00 9.18272E+00-9.32047E+00 2.37714E+00-4.71381E+00 6.80269E+00
 -1       697 2.54257E+01 3.50901E+01 1.38573E+01 1.19142E+01 4.06956E+00 6.51543E+00
 -1       698-2.14360E+01 1.14826E+00-1.32452E+01-3.09274E+00 3.28806E+00 1.05812E+01
 -1       699 1.90868E+01 1.60494E+01-5.38140E+00 8.11628E+00-2.72247E+00 7.75793E+00
 -1       700-2.58642E+01 9.98818E+00 1.06554E-01-7.03368E+00 7.47620E+00 1.47318E+01
 -1       701 6.33452E+01 3.17811E+01 3.04680E+01 2.25518E+01-6.02751E+00-1.92945E+00
 -1       702 2.44320E+01 7.76726E+00-2.36678E+01 1.12602E+01-1.66945E+00 8.90430E+00
 -1       703 5.05114E-01-6.95748E-01 3.12338E+00-7.21171E+00-5.52079E+00 6.99815E+00
 -1       704-2.94326E-01-2.66856E-01-2.46062E+01 4.08532E-02 1.41909E+00-2.14071E+00
 -1       705 1.37314E-01 3.56892E-02-1.25553E+00-8.98967E-02 6.50594E-01 2.57074E+00
 -1       706-1.73999E-02 9.23974E-02-3.93135E+00 7.33239E-02-5.18483E-02-3.23991E-01
 -1       707-2.03520E-01-3.60194E-02 1.65629E+01 8.68955E-02-1.19890E+00 2.22191E+00
 -1       708 5.88886E-01 1.06041E-01-6.27056E+00-2.51063E-01-1.04448E+00-2.51761E+00
 -1       709-5.32836E-01-6.42755E-03-2.70483E-01-1.24346E-01 5.78896E-03 6.67252E-01
 -1       710 2.24171E+00-2.97511E-01 2.62661E-01 6.90497E-01-4.12995E-01 2.38029E-01
 -1       711 3.28537E+00 1.65091E-01-4.12550E-01 1.10248E+00 2.81216E-01-8.48077E-02
 -1       712 4.40569E+00 7.68185E-03-2.97724E-01 1.19440E+00 4.23060E-02-1.11981E+00
 -1       713 2.69312E+00 2.87408E-02-1.33900E-01 3.89624E-01-2.78002E-02-8.29551E-01
 -1       714 4.01574E+00 1.74198E-01 5.06378E-01 5.78790E-01 5.40243E-01-1.81050E-01
 -1       715 7.54130E+00 1.26041E+00 1.87753E-01 2.00921E+00-1.99241E-01-1.91632E+00
 -1       716 1.33169E+00-1.75638E-01 5.79296E-02 1.73203E-01-2.52069E-01 1.33644E+00
 -1       717 1.02745E+00 9.01339E-02-7.02178E-01-2.41194E-01 7.88547E-03 1.18056E+00
 -1       718 8.33609E-01-4.38331E-01-5.97092E-01-3.03653E-01-2.36136E-01 2.19523E+00
 -1       719 1.99602E+00-2.41261E-01 1.21318E-01 2.85030E-02-2.12050E-01-8.40450E-01
 -1       720 2.42637E+00 1.94159E-01 4.46657E-01 1.28147E+00-3.38820E-01-7.57266E-01
 -1       721 4.34553E+00 1.47362E+00-6.98665E-01 2.42543E+00 7.15667E-01 2.58036E+00
 -1       722-7.30876E-01-7.65310E-03-2.67541E-02-6.56222E-02-3.50226E-02 4.62148E-01
 -1       723-6.03500E-01 4.26704E-03-1.47268E-01-9.30894E-02 3.01272E-02 4.80511E-01
 -1       724-5.82176E-01 9.01129E-03-2.22145E-01-1.14167E-01 6.46473E-02 4.30462E-01
 -1       725-5.10951E-01-9.52241E-03-1.94934E-01-8.78611E-02-1.76801E-02 6.86615E-01
 -1       726-7.49133E-01 3.68367E-02-5.28167E-02-1.01960E-01-1.13019E-02 4.37571E-01
 -1       727 2.23592E+00 6.42196E-02-2.53507E-01 3.85900E-01-1.10237E-01 8.05299E-02
 -1       728 2.65380E+00-5.59393E-02 1.17358E-01 9.71361E-01-2.05119E-01 8.17523E-01
 -1       729 3.53569E+00 6.62805E-01-6.52562E-01 1.04991E+00 1.80972E-01-1.42627E-01
 -1       730 7.15518E-01-1.50903E-01-6.80082E-01 3.90113E-01 5.76166E-01 1.34978E+00
 -1       731 1.36810E+00 3.00297E-01-6.00636E-01 8.32579E-01-1.25670E-01 2.14204E-01
 -1       732 3.02535E+00-6.17176E-01 1.96488E-01 1.19873E+00-5.75408E-01-1.08969E+00
 -1       733 4.38405E-01-7.46439E-01-1.45553E+00 6.60759E-03 1.09006E-02 2.26294E+00
 -1       734 2.62936E-01-2.88303E-01-1.53424E+00-4.87342E-01-8.72671E-03 1.49868E+00
 -1       735-2.86831E-01-4.21421E-01-1.68083E+00-4.70521E-01-5.02309E-02 2.64088E+00
 -1       736 1.55880E-01-1.85160E-02-1.73517E+00-6.63681E-02 8.84292E-02 7.91704E-01
 -1       737-1.37209E-01-1.18053E-01-1.17804E+00-5.61972E-02 6.37421E-02 9.11231E-01
 -1       738 3.36906E-01 1.48037E-01-2.15262E+00-2.02729E-01 1.99820E-01 1.33758E+00
 -1       739-1.19585E+00-5.90986E-01-2.92376E+00-8.36626E-01 6.37493E-01 3.52299E+00
 -1       740-6.48228E-01-1.30766E-02-2.93478E-02 8.42003E-03-7.62192E-02-2.36134E-01
 -1       741-6.10649E-01-1.32571E-02-2.05886E-01-3.31436E-03-6.09886E-02-3.49890E-01
 -1       742-4.25694E-01 5.00341E-03-2.59935E-01 3.71165E-02-7.17404E-02-3.73944E-01
 -1       743 1.69078E-01 7.93492E-02-1.78759E+00-6.88071E-02 3.44332E-01 1.29544E-01
 -1       744 1.21293E+00-9.47699E-02 7.65769E-01 1.46044E-01 7.00894E-01 8.29127E-01
 -1       745-1.21032E+00 6.43359E-02-1.69582E+00-4.52502E-01 2.41273E-02 2.22724E+00
 -1       746-1.55431E-01-4.13343E-02-2.40986E+00-9.84830E-02 3.83228E-01 2.24117E+00
 -1       747-3.64749E-01 2.31461E-01 3.59839E-01-3.60250E-01-4.33815E-01 1.34784E+00
 -1       748 2.13504E-01 9.00454E-02-4.31781E-01-4.21218E-01 2.52181E-01 1.81199E+00
 -1       749-6.66869E-02 2.88875E-01-1.66786E+00-1.74951E-01 1.69767E-01 1.44840E+00
 -1       750-5.54542E-02-9.62055E-02-6.69101E-01-1.02435E-01 5.07859E-02 1.09587E+00
 -1       751-3.40592E-01 3.57491E-01 1.71902E+00 1.97613E-01-6.00319E-01 2.44066E-02
 -1       752 1.96662E-02 5.55747E-02-1.85561E+00-4.36417E-01 3.46409E-01 1.82758E+00
 -1       753-5.37529E-01-7.92684E-05-1.52625E-01-7.53289E-02-6.77199E-02 7.64972E-01
 -1       754-8.00681E-01-4.32445E-02 4.27496E-01-1.30320E-02-3.15940E-02 7.28372E-02
 -1       755-8.03371E-01 1.67625E-02-1.88887E-02-9.08203E-02-2.48176E-02 2.37069E-01
 -1       756 2.39697E-03-4.19585E-02-1.01649E+00-6.31053E-02 1.07723E-01 4.72182E-01
 -1       757-1.34887E+00-1.05168E+00-3.07069E+00-1.12154E+00 6.38485E-02 1.43359E+00
 -1       758-2.84870E-01-6.41177E-04-4.67031E-01 1.61861E-02-4.89420E-02-3.53712E-01
 -1       759-7.21773E-01-7.36907E-02 9.95409E-02 1.31536E-02-4.29978E-02 3.47870E-01
 -1       760-8.17780E-01-6.09430E-02 1.42180E-02-1.99897E-02 1.95811E-03 1.31921E-01
 -1       761-5.85262E-01 1.59531E-02-3.90851E-01-1.24744E-01 2.24699E-02 6.26031E-01
 -1       762-7.43106E-01-3.01810E-02-7.30497E-02-3.51642E-02-1.65959E-02-1.03675E-01
 -1       763 6.24732E-01 3.41112E-03-1.52992E+00-1.43048E-01 7.11651E-01 3.01453E-01
 -1       764 8.19740E-01 1.72204E-01-3.53033E-01 1.71717E-01 4.84808E-02 4.45004E-01
 -1       765 1.69751E+00 9.55125E-01-5.28868E+00-2.33145E-01 9.99300E-01 1.71404E-01
 -1       766-4.59332E-01-6.45621E-02-3.01186E-01-7.07396E-02-1.44462E-02 6.90899E-01
 -1       767-1.73072E-01-2.30982E-02-3.52513E-01 5.88197E-02 1.70212E-02-3.08743E-01
 -1       768-1.73310E-02-7.45937E-02-5.36969E-01-1.97322E-01 9.12871E-02-3.15227E-01
 -1       769-1.99564E-01-4.99587E-02-8.81743E-01-3.65745E-02 1.30227E-01 7.21663E-01
 -1       770-5.10238E-01 8.62021E-03-8.73020E-03-2.36284E-02-1.16795E-02-7.99479E-02
 -1       771 1.79594E-01 2.15347E-01 1.21417E-01 4.23310E-01-3.59295E-01-4.03588E-01
 -1       772-3.76548E-01 1.30362E-01-1.10788E+00 3.31975E-01 4.03743E-01 2.50649E-01
 -1       773-8.89065E-01 7.16826E-02-7.80621E-01-5.12175E-01 1.34240E-01-1.15157E-01
 -1       774-7.50696E-02-1.88743E-02-3.06584E-01-5.13812E-03 9.34894E-02-1.69337E-01
 -1       775-8.84847E-02-1.96264E-02-6.68420E-01 3.22815E-02 7.41452E-02-3.23475E-01
 -1       776-8.78397E-02 6.94517E-02-6.68459E-02 2.10109E-01 3.38236E-01 4.80753E-01
 -1       777-8.08663E-01-4.47986E-01-3.66718E-01-9.31572E-01 7.30253E-01 4.31209E-01
 -1       778-2.77544E-01-7.51845E-02-6.47846E-01-1.03461E-01 1.97346E-02 1.04752E+00
 -1       779-3.26607E-01-1.96128E-02-4.22498E-01-7.04703E-02 8.45720E-02 4.06332E-01
 -1       780-5.21628E-01-2.96746E-02 1.75716E-01-1.23467E-02-5.50863E-02 6.33404E-01
 -1       781-8.90831E-01 4.95878E-02 1.25696E-01-6.73701E-02-6.58560E-02 3.03702E-01
 -1       782 2.51906E+00-1.11320E-01-7.12922E-01 1.07041E+00 2.38059E-03 6.56202E-01
 -3
    1PSTEP                         3           1           1          
  100CL  101 1.000000000         782                     0    1           1
 -4  TOSTRAIN    6    1
 -5  EXX         1    4    1    1
 -5  EYY         1    4    2    2
 -5  EZZ         1    4    3    3
 -5  EXY         1    4    1    2
 -5  EYZ         1    4    2    3
 -5  EZX         1    4    3    1
 -1         1-1.02390E-04 3.21230E-05 5.48403E-06 1.14767E-04 4.16204E-05-1.66493E-05
 -1         2 8.16872E-05-9.28736E-05 1.39837E-05-1.68820E-06 1.23399E-05-3.96059E-05
 -1         3 1.63996E-04-1.68066E-04-8.75519E-05-1.98512E-04-6.28600E-05-7.89775E-05
 -1         4 2.84186E-04 1.43415E-05 3.21535E-05 1.60721E-04-8.92766E-05-7.89593E-05
 -1         5 5.75919E-05 5.89613E-05-1.96818E-04 1.00915E-06 9.57301E-06-3.98249E-05
 -1         6 6.87663E-05 6.75614E-05-2.28488E-04-7.57465E-07 1.97014E-05-1.09236E-05
 -1         7-7.36307E-06-7.12490E-06 2.41234E-05-1.71562E-07 1.02122E-05 2.36252E-05
 -1         8 1.69550E-06 4.42833E-06-1.12772E-05-2.07543E-06 3.07180E-05 3.05347E-05
 -1         9 8.26693E-07 7.28031E-06-2.51016E-05 9.61105E-07-3.11281E-05-2.83777E-05
 -1        10 2.41265E-05 1.64206E-05-6.09664E-05-1.24675E-07-7.87319E-06-2.51718E-05
 -1        11-5.78295E-05-6.10934E-05 1.92677E-04 2.19820E-06-1.97904E-05 1.40372E-05
 -1        12-4.69673E-05-4.83659E-05 1.59643E-04-7.25415E-07-1.15191E-05 3.68795E-05
 -1        13-3.19998E-06 9.40479E-07 1.04473E-06-6.81621E-07-1.05562E-07 7.59036E-07
 -1        14-5.40321E-06 1.72159E-06 1.55772E-06-6.80330E-07-9.37126E-08-1.30143E-06
 -1        15-1.98357E-06-3.63652E-05 1.88965E-05 3.16645E-05-1.90202E-05-1.08802E-05
 -1        16-2.38401E-05-7.31825E-05 9.02329E-05 5.35315E-05-2.31824E-05-9.78516E-05
 -1        17-6.52319E-05-1.92106E-05 9.12563E-05-1.74133E-05-3.57250E-05-1.04024E-04
 -1        18-4.26691E-06 6.59414E-05 2.19848E-06 9.29974E-05-4.83606E-05-1.20055E-04
 -1        19-5.33927E-05-8.25579E-06-7.86758E-05 5.18808E-05-2.24011E-05-2.67833E-05
 -1        20-1.03682E-04-3.31959E-05 7.06849E-05-9.71008E-05-4.02307E-05-4.30752E-05
 -1        21 1.24965E-04-9.50813E-05-2.77339E-05-5.89391E-05-1.14345E-06-1.01850E-04
 -1        22-4.11620E-07-1.16205E-04 4.44701E-05-4.83392E-05-1.53930E-05-5.72811E-05
 -1        23 5.38036E-05-5.40087E-07 3.05918E-05 6.23102E-05 6.87268E-05 5.32270E-05
 -1        24 4.64309E-05-3.87498E-05 8.30030E-06 6.61297E-06 2.74759E-05 4.88710E-05
 -1        25 6.21884E-06 7.64814E-05-1.86204E-05 1.22475E-05-2.48973E-05-1.39151E-05
 -1        26-2.05771E-05 4.77941E-05 1.86825E-05 1.11789E-04-3.05998E-05-7.06537E-05
 -1        27-2.48962E-06-1.56374E-04 1.32357E-04 2.73885E-06-2.79015E-05-3.68516E-05
 -1        28-7.57391E-05-2.12187E-05 1.13207E-04 1.61814E-05-6.61613E-06-5.52925E-05
 -1        29 2.77494E-06 7.26034E-05-2.67686E-05 8.51387E-05-4.54246E-05-1.41141E-04
 -1        30-9.12335E-05-1.10224E-05 4.63517E-05-3.02380E-05-5.73519E-05-7.60939E-05
 -1        31-1.22135E-04-1.50047E-04 8.31639E-05-6.64111E-05-6.31599E-05-2.83977E-05
 -1        32 1.10069E-04-7.29948E-05-1.11552E-04-4.13518E-05-3.19672E-05-6.82925E-05
 -1        33 1.11328E-05-1.50506E-04 2.92323E-05-8.39248E-05-5.77692E-05-8.02528E-05
 -1        34-3.37024E-05 2.41069E-06 2.64879E-05 1.19532E-06 4.29479E-05 6.31140E-06
 -1        35 1.08810E-05 4.54692E-05 4.75371E-06 4.88675E-05 7.89979E-05 7.02959E-05
 -1        36-8.53459E-05-8.64284E-05 3.58194E-05-8.55129E-05-1.26228E-05-3.78166E-06
 -1        37-4.18926E-05 9.94730E-05-5.20920E-05 8.42673E-05 1.24242E-05-5.26165E-06
 -1        38-3.37708E-05-5.62923E-05 3.45911E-05 5.50873E-05 3.83914E-05-1.79385E-05
 -1        39 3.48891E-05 3.46898E-05-3.62163E-05 6.87981E-05 7.30307E-06-8.02067E-06
 -1        40-3.83741E-05 6.38389E-06 2.22352E-05-2.13202E-05-1.50515E-05 9.68804E-05
 -1        41 4.39567E-06-3.35828E-05-5.29600E-05-2.24458E-05-8.66235E-06-4.18204E-06
 -1        42 4.47563E-05-1.01998E-04 4.40562E-05 3.49385E-05 5.60043E-06 7.80160E-05
 -1        43-8.78881E-05 3.14949E-05 3.56431E-05 4.47064E-05-3.08921E-05-8.20755E-05
 -1        44-2.57132E-05 4.58375E-06 2.25957E-05-1.27525E-04 1.51369E-05-2.95491E-05
 -1        45-9.00523E-05 5.57228E-05 6.50233E-05 3.52329E-05 7.61595E-06-1.93735E-05
 -1        46-2.66250E-05 2.55431E-05 2.54775E-05 5.41923E-05-1.01274E-05-5.20964E-05
 -1        47-8.38678E-05 4.39764E-05-1.49060E-06-6.41715E-05 4.95241E-05 1.48135E-05
 -1        48-3.70736E-05 2.20337E-05-9.83647E-05-1.61640E-06-5.39289E-05-1.38874E-04
 -1        49-5.07686E-05 2.54428E-05-4.96826E-06-9.62887E-05-4.76380E-05-2.81224E-05
 -1        50-2.37688E-07 1.74542E-05-1.85534E-05 5.53430E-06 2.02521E-05-1.93974E-05
 -1        51 7.99031E-05-6.14691E-05-4.90418E-07 5.01683E-06 1.79174E-05 6.39845E-05
 -1        52 3.67950E-05-6.53732E-05 4.50015E-06 1.44792E-05-8.24590E-07 5.34282E-05
 -1        53 2.60437E-05 3.18486E-05 2.06093E-05 4.87160E-05 3.22855E-05 1.33513E-05
 -1        54 4.80567E-05-6.50355E-06-9.35068E-06 6.42412E-05-1.30566E-05 2.67987E-05
 -1        55-8.86970E-05-5.57959E-05 6.72620E-06-7.69701E-05 2.71542E-06-1.06495E-04
 -1        56-4.99147E-05-2.70184E-06 8.71853E-06-5.29213E-05-7.15896E-06-1.03842E-05
 -1        57-1.18731E-04 2.69938E-05 1.30817E-04 7.53704E-05-3.67226E-05-1.79676E-05
 -1        58-9.77211E-06 1.58388E-05-7.37618E-06-2.37118E-05 4.87725E-05-5.36333E-05
 -1        59-5.63549E-05-4.11145E-05-8.87267E-05-9.14832E-05-7.48090E-05-1.06346E-04
 -1        60-8.27821E-05 7.76934E-05-3.21426E-05-7.71522E-05-6.78422E-05-9.90514E-05
 -1        61-2.53611E-05-1.82248E-04 3.83257E-05-1.12555E-04-2.26958E-05 2.45171E-05
 -1        62 1.04782E-06 9.57931E-06-6.21415E-06 3.37475E-05 1.36548E-04 1.39643E-05
 -1        63-1.93428E-05-4.98128E-05 4.43283E-05-1.50609E-05 1.36787E-04 1.79253E-04
 -1        64 4.66046E-06 8.25631E-05-2.10061E-04-6.81491E-06-3.26863E-05 6.65382E-06
 -1        65 1.38757E-04-2.24277E-04 3.80405E-05-7.62740E-05 3.22224E-05 1.10543E-04
 -1        66 9.83921E-05-5.51284E-05 2.92608E-06 1.31412E-05 9.24748E-05 1.84808E-04
 -1        67 6.05815E-06 1.39956E-04 1.22764E-04-1.14838E-04 4.95935E-05 6.44437E-05
 -1        68-2.73851E-05 4.08752E-05-9.69072E-05-8.96072E-05 7.77607E-05 4.00639E-05
 -1        69-1.22625E-04-5.19927E-06 5.46522E-05-4.27120E-05-1.19474E-04-4.73130E-05
 -1        70 6.35924E-05-1.10042E-04 1.54665E-04 6.13718E-05-7.12048E-05-2.61904E-05
 -1        71-2.00008E-04 3.37008E-05 1.07931E-04-7.15522E-05 3.48335E-05 4.27030E-06
 -1        72 2.92273E-04-1.25876E-04-9.28956E-06 8.31594E-06 7.67086E-05 2.54881E-04
 -1        73-1.49679E-04-1.32134E-04-2.77753E-05-3.10596E-04-2.58881E-05-1.08989E-04
 -1        74 1.18975E-04-1.38711E-04 1.20214E-04 3.77089E-05 1.66830E-04 7.45638E-05
 -1        75-1.29408E-04 1.91700E-05-3.87690E-05-4.98850E-05 7.31398E-05 8.11734E-05
 -1        76-2.74918E-05-5.01198E-05-2.78734E-04-1.08997E-04 6.10475E-05 1.16803E-04
 -1        77 1.85030E-04 8.17150E-06 1.54798E-04 1.44346E-04 1.63963E-04 2.27945E-04
 -1        78-4.78152E-05-8.48762E-05 1.65857E-04-1.59792E-04 9.27565E-05 8.06112E-05
 -1        79-6.89537E-05 3.59080E-05-5.30858E-05-3.21989E-04 2.01790E-05-2.93443E-05
 -1        80-2.42832E-04 5.74981E-05 3.76691E-05-1.54452E-04-8.77171E-05-4.91590E-05
 -1        81-8.98248E-05 5.54216E-05 7.56142E-05 5.94399E-05-1.14790E-04 6.82336E-05
 -1        82-6.22468E-05-6.98488E-05 2.28360E-04 7.33825E-06 1.42122E-04 1.62268E-04
 -1        83 4.64520E-05-1.97541E-05-4.38615E-05 6.59652E-05 8.44517E-05 7.32200E-05
 -1        84 3.29398E-04-2.99144E-04-5.17360E-05-5.24840E-05 8.25043E-05 1.08002E-04
 -1        85-3.42103E-05-1.03765E-04-2.37472E-05-4.05084E-05-1.21250E-05 8.91430E-05
 -1        86-1.21565E-04 7.28689E-05-1.00713E-04-4.29563E-05-1.22470E-04 1.65515E-04
 -1        87-7.87634E-06 7.81581E-05-1.75287E-04-2.79798E-05-8.92861E-05 1.26443E-04
 -1        88 1.39906E-05-4.97444E-05-4.22323E-05-1.16266E-04-1.45997E-05 7.58547E-05
 -1        89 3.21404E-04-3.08315E-05-1.45677E-05 5.62996E-05 1.08248E-04 1.32408E-04
 -1        90-7.54952E-05 8.98735E-06-9.41127E-07 8.10472E-05 7.99086E-05 2.00594E-04
 -1        91-1.67397E-04 9.89972E-05-2.82926E-05 5.17833E-07-4.27823E-05 2.00347E-04
 -1        92 1.36466E-05 1.67195E-04-9.53027E-05 8.45654E-05 4.17067E-06 1.20562E-04
 -1        93 9.22346E-05-5.34111E-05-8.83691E-05-1.77361E-05 2.31992E-05-4.42357E-05
 -1        94 2.36538E-04 3.02518E-06-6.85491E-05 1.78008E-04-3.89623E-05 3.86317E-05
 -1        95-6.13691E-06 3.23261E-06-1.28754E-05 3.48209E-05 8.84821E-05 3.66259E-05
 -1        96-8.56293E-06 4.47721E-05 2.80475E-05-1.31262E-05-1.30530E-05-4.33710E-05
 -1        97-2.28948E-04 3.62943E-04-1.59202E-04 1.09879E-04-1.61757E-04 1.95640E-04
 -1        98-5.15176E-05 2.11513E-05-1.66772E-04-3.56571E-05-6.76429E-05 1.05267E-04
 -1        99 8.82596E-05 3.97382E-06-1.69394E-04-5.96867E-05-2.21269E-04-5.88548E-05
 -1       100 2.47515E-04-1.52744E-04-7.05971E-05-5.34276E-05 2.28077E-05 1.65235E-04
 -1       101 1.82175E-04 1.16598E-04 1.33420E-04 1.88512E-04 1.81023E-04 1.18148E-04
 -1       102-2.59569E-04 1.47368E-04 4.60508E-06 7.36438E-05-4.82985E-05 1.33639E-04
 -1       103-4.31300E-05 2.50699E-04-9.72747E-05 2.66466E-05-1.23102E-04 1.20228E-04
 -1       104 2.25904E-04-1.29783E-04-5.41915E-05 5.17024E-05-1.41465E-04-2.45534E-04
 -1       105-5.78098E-05 1.28654E-05-8.42638E-05 5.95771E-05 2.93585E-05 3.53716E-05
 -1       106 1.79086E-04 7.53123E-05-5.48261E-05 2.02467E-04 4.31530E-05 1.14068E-04
 -1       107 1.38068E-04-4.07022E-05 6.05748E-05 1.49594E-04 9.28756E-05 5.15108E-05
 -1       108-6.84638E-04 3.60698E-04 3.14541E-05-2.95527E-04-1.23058E-04-1.93344E-05
 -1       109 1.19771E-04-7.58369E-05-1.20519E-04-7.03107E-05 4.55439E-05 3.63154E-05
 -1       110 1.25744E-04 3.32178E-04 1.81096E-05 1.65537E-04-1.76138E-04-1.14647E-04
 -1       111-4.14673E-05-1.91522E-05-8.47497E-05-7.15298E-05 5.47726E-05 9.62370E-05
 -1       112-2.69817E-05-9.59489E-06-1.08796E-04-1.67906E-04-3.14595E-05-3.72895E-05
 -1       113 6.35683E-05 6.40726E-05-2.13061E-04 4.22162E-08 7.69473E-06-2.79043E-05
 -1       114 2.56626E-05 2.58088E-05-8.59911E-05 2.03366E-06 1.01665E-05-7.51837E-06
 -1       115-2.54457E-06-1.73594E-06 5.95541E-06-9.25096E-07 1.81759E-05 2.34339E-05
 -1       116 3.59487E-05 3.56611E-05-1.19321E-04-9.77462E-07 3.43294E-05 1.10998E-05
 -1       117 1.26507E-05 1.26050E-05-4.26358E-05-4.05643E-07-1.62964E-05-2.38752E-05
 -1       118-2.49588E-05-2.90921E-05 8.32439E-05 1.82868E-06-3.36565E-05-9.16062E-06
 -1       119-5.16320E-05-5.51124E-05 1.76428E-04-1.00880E-07-1.05982E-05 2.68613E-05
 -1       120-1.33897E-05-1.58815E-05 4.90817E-05 1.38345E-07-9.55034E-06 4.73826E-06
 -1       121 4.57394E-05 4.28185E-05-1.44978E-04 1.95573E-07-1.28733E-07-1.81863E-05
 -1       122 2.83239E-05 3.45487E-05-1.10971E-04-6.74064E-07-5.57546E-07-3.43276E-05
 -1       123-2.31266E-05-2.21571E-05 7.41572E-05-7.11306E-07 2.00768E-06 3.47591E-05
 -1       124-3.43228E-05-3.13026E-05 1.08575E-04 1.03500E-06-1.33651E-06 1.95754E-05
 -1       125-2.58388E-06 1.54485E-06-9.21875E-07-1.01951E-06 3.71533E-07 3.66215E-06
 -1       126 9.89803E-07 2.12373E-06-6.31684E-06-4.07693E-07 9.11173E-07 4.11997E-06
 -1       127 5.52604E-06 5.45094E-06-1.74711E-05-2.62007E-07 3.59838E-06 1.01192E-06
 -1       128 3.11711E-05 2.40255E-05-9.52895E-05 1.74025E-06 4.78639E-06-3.82844E-06
 -1       129 2.74353E-05 1.58940E-05-2.37175E-05 2.59789E-05 2.96787E-05 4.30499E-05
 -1       130 1.19127E-05-2.53513E-06-5.49003E-06 7.05396E-06-5.18867E-07 9.34686E-06
 -1       131-1.70432E-06 2.86984E-06-2.81277E-06 3.89946E-06-2.77564E-06 2.77682E-06
 -1       132-1.18288E-05 3.74562E-06 1.34865E-06-5.66085E-06 1.15523E-06 1.86432E-06
 -1       133-3.96505E-07 3.17182E-08-1.06793E-06-1.19122E-06-1.86452E-06-1.18434E-06
 -1       134-8.16324E-07 1.16593E-06-1.32419E-06 2.79214E-07 6.69835E-08-1.26262E-06
 -1       135-2.30050E-06 6.75193E-07 6.24394E-07-5.99873E-07-3.14940E-07-1.21213E-06
 -1       136-3.17165E-06 1.16847E-06 2.12225E-07-6.76892E-07 2.83237E-07 2.09521E-06
 -1       137-6.28022E-07 1.73624E-06-3.46969E-06-6.08349E-07 3.42089E-07 3.78432E-06
 -1       138 2.47820E-06 3.73230E-06-1.04360E-05-6.63289E-07 2.40090E-06 2.49017E-06
 -1       139 9.35814E-06 1.29320E-05-3.91626E-05 2.70351E-07 1.28129E-06 1.11639E-06
 -1       140 3.68612E-05 3.23672E-05-1.39580E-04 1.84984E-05 7.19388E-05 6.03851E-05
 -1       141 2.44157E-05-3.71855E-06-8.83466E-06 1.53905E-05 2.83086E-06 2.30923E-05
 -1       142 2.87485E-06 5.83255E-07-4.61510E-06 6.12437E-06-1.89412E-06 6.08031E-06
 -1       143-5.86227E-06 1.83974E-06 2.57014E-06 8.28352E-07 9.69247E-07 1.20781E-06
 -1       144-2.07407E-06 1.32488E-06-1.12977E-06-2.76946E-06-3.06821E-06-9.87831E-07
 -1       145-4.90912E-07 1.20570E-06-1.76437E-06-2.89141E-08-5.79180E-07-6.70118E-07
 -1       146-1.54325E-06 8.16408E-07-4.96913E-07-2.02756E-07-6.03114E-08-1.38558E-06
 -1       147-2.64593E-06 8.35503E-07 7.92674E-07-5.40784E-07-2.15066E-07-1.48733E-07
 -1       148-4.28047E-06 1.32289E-06 1.29070E-06-9.43713E-07-1.34658E-07-4.81954E-07
 -1       149-3.09434E-06 1.28998E-06 3.65832E-07-7.62873E-07 5.97257E-07 1.56794E-06
 -1       150-4.32224E-08 8.79437E-07-1.40283E-06-4.47053E-07 9.47008E-07 5.41433E-07
 -1       151-1.32383E-06-3.87029E-06 6.07390E-06 8.71437E-07-3.96754E-06-2.68568E-06
 -1       152-1.66507E-06 1.59805E-06-2.61195E-06-1.39833E-06-8.08794E-06-2.68696E-05
 -1       153 8.36243E-06-1.45764E-06-9.75533E-07 1.03771E-05-3.26564E-06-1.04667E-05
 -1       154 2.34540E-05-9.09809E-06-6.09719E-06 9.16445E-06-2.52982E-06-1.40030E-05
 -1       155 6.71407E-05-1.17378E-05-1.81228E-05 2.70782E-05-6.86642E-06-2.33383E-05
 -1       156 1.44389E-05 4.51179E-06-2.75956E-05 8.70224E-06-7.16308E-06 1.63758E-05
 -1       157 4.12559E-06 2.69797E-06-1.06240E-05 1.39602E-07-2.24166E-06-2.70849E-07
 -1       158 7.15705E-07 2.09786E-06-5.06671E-06-2.96419E-07-1.39078E-07-3.60417E-06
 -1       159-3.56700E-06 1.95762E-06-7.84166E-07-4.35108E-07-2.50431E-07-4.11835E-06
 -1       160-4.52483E-06 1.50691E-06 1.06530E-06-6.34940E-07 1.90409E-07 5.19090E-07
 -1       161-1.50838E-06 9.16579E-07-3.88073E-07-4.83495E-07 5.02832E-07 1.06709E-06
 -1       162 2.70303E-07-3.97232E-08-4.45656E-07 4.12419E-09-3.25102E-08-7.78377E-07
 -1       163-3.19338E-06-3.84090E-06 1.00774E-05 3.35371E-06-6.96260E-06-6.02577E-06
 -1       164-3.16041E-06 2.27942E-06 4.89300E-07 3.71131E-06-7.63208E-06-1.88729E-05
 -1       165 1.68116E-05-6.11263E-06-4.03617E-06 1.11665E-05-3.04526E-06-1.16573E-05
 -1       166 3.92830E-05-1.10810E-05-1.12775E-05 1.08845E-05-3.60505E-06-1.95911E-05
 -1       167 8.04935E-05-1.87694E-05-2.64726E-05 4.84750E-05-1.52649E-05 9.99919E-06
 -1       168 5.12428E-06 5.77756E-06-2.16365E-05 1.75566E-06-3.29991E-06 5.43017E-06
 -1       169 2.93522E-06 2.72307E-06-6.87608E-06 2.75252E-09-8.01733E-07-2.05007E-06
 -1       170-1.58633E-06 1.81966E-06-2.72406E-06-2.22943E-07-1.26666E-07-3.80230E-06
 -1       171-4.48001E-06 1.87158E-06 5.94409E-07-2.89124E-07-1.23508E-07-2.56240E-06
 -1       172 1.71651E-05-5.15768E-05 7.83442E-06 2.37773E-05-3.03481E-05-5.03385E-05
 -1       173 8.40129E-05 5.70738E-05-4.24325E-05 9.82396E-05-5.63717E-05-9.84319E-05
 -1       174-8.49412E-05-1.05893E-05-5.98488E-06-1.58302E-05-7.76460E-05-6.47737E-05
 -1       175 8.52303E-06 4.33870E-05-2.89137E-05-4.05826E-05-3.34223E-05-5.95814E-06
 -1       176 2.74319E-05-5.98192E-06 1.06217E-04 1.21270E-04-3.59446E-05-6.02672E-06
 -1       177 1.00574E-04-3.93249E-07-4.86033E-05 9.77715E-05-1.83448E-05-4.60240E-05
 -1       178-4.24919E-05 1.57993E-05 1.52467E-05-2.56971E-05-1.34924E-05-2.99298E-05
 -1       179-1.26282E-04-4.21594E-05 5.27910E-05-3.76841E-05-7.41913E-05-3.72503E-05
 -1       180 2.61959E-05-7.20809E-05 3.67819E-05 1.41934E-05 4.74675E-07 3.28109E-05
 -1       181-2.59471E-05-2.78879E-05 8.07449E-05 3.95076E-05-2.98791E-05 7.18333E-06
 -1       182 5.70764E-05 9.15103E-05-1.11333E-04 1.01558E-04-4.16242E-06-8.13915E-06
 -1       183-9.40911E-05 2.24780E-05-2.29683E-05 5.09096E-05-1.43050E-05-1.95872E-05
 -1       184-1.36638E-04-3.72485E-05 9.32086E-05-3.34988E-05 4.81135E-06-6.92727E-05
 -1       185 6.51580E-05-6.72490E-06-1.33546E-05-4.85860E-05-5.92709E-06-2.04572E-05
 -1       186-2.92919E-05 3.69518E-06 1.71227E-05-8.86715E-05 2.49894E-05-5.31805E-06
 -1       187-1.41380E-05-6.98179E-05 5.61733E-05-5.83924E-06 1.99715E-05 3.52919E-05
 -1       188-5.20355E-05-3.58813E-05 3.58513E-05-2.19942E-05 2.15700E-05-7.52321E-06
 -1       189 4.21616E-05-1.82033E-05 1.26442E-05-2.51874E-05-1.08656E-05-7.97938E-05
 -1       190 3.38609E-05-2.84981E-05-1.22649E-06-1.62397E-05 3.31001E-05 5.65244E-06
 -1       191 1.44971E-05 9.06167E-06-4.89496E-05 2.16213E-05 4.58154E-05 6.92733E-06
 -1       192-3.24606E-06-5.40176E-05-4.11025E-05-2.26086E-05-4.47821E-05-7.67761E-05
 -1       193-1.53793E-05 5.38934E-05 2.25659E-05 1.00331E-05 7.40035E-05 6.25882E-05
 -1       194-5.22558E-06-6.97509E-06-1.00018E-05-1.74318E-05-1.06990E-05-1.38116E-05
 -1       195-4.85132E-05 7.10881E-05 4.42226E-05 6.43730E-05 1.06515E-04 3.03859E-06
 -1       196-4.48424E-06-1.16893E-05-4.82997E-05 6.50597E-06-1.24757E-05-1.62058E-05
 -1       197-4.12893E-05-5.69403E-05 7.30578E-05 2.90266E-05-1.33260E-05 1.90499E-05
 -1       198 8.94069E-05 3.21373E-05 2.05755E-05 5.31761E-05-5.96062E-05-4.15965E-06
 -1       199-8.56963E-05 1.88479E-05 5.63552E-05-5.62109E-05 1.24878E-05 7.31006E-05
 -1       200-9.59439E-05 1.20187E-05 6.66058E-05-7.83837E-05-2.56599E-05 6.08946E-05
 -1       201-6.28415E-06 2.63449E-05-3.07614E-05 1.64318E-05-2.37951E-05 1.42395E-05
 -1       202 1.76636E-04-3.48806E-05-7.34135E-05-1.88733E-05-4.06004E-05 1.06575E-04
 -1       203-6.07447E-07 8.46490E-05-1.00683E-04-4.02545E-06-4.55734E-05-3.17054E-05
 -1       204 1.86164E-04-2.03415E-05-5.79476E-05 1.44351E-05-1.85477E-05 8.75002E-05
 -1       205-7.26906E-05 1.46696E-05 5.10784E-06-2.97206E-05-8.60823E-05-7.13572E-05
 -1       206-1.36666E-04 1.16983E-04 1.78146E-04 3.80541E-05-1.26810E-06 3.19569E-05
 -1       207-2.83107E-05-4.00134E-06 7.54894E-05 2.36549E-05 6.47560E-05 2.61371E-05
 -1       208-3.78673E-05-7.42822E-06 6.31635E-05 3.30823E-06-1.10927E-06-3.91168E-05
 -1       209-4.26319E-05 7.23817E-06-1.57133E-05 1.27902E-04 4.98177E-05-1.71105E-05
 -1       210 4.05268E-05 6.20888E-06-4.49553E-05 1.85691E-05-4.86440E-06-1.24837E-05
 -1       211 1.10123E-05 7.78204E-05 6.98786E-05 6.13407E-05 2.45071E-05 1.26228E-05
 -1       212 2.60611E-04-3.84973E-05-3.09762E-05-1.87421E-05-6.80783E-05-1.27547E-04
 -1       213-2.07412E-04 1.33468E-04 5.40636E-06 2.81616E-05 1.27123E-04 8.28235E-06
 -1       214 1.08298E-04-1.55325E-04 8.46028E-05-1.32183E-04 3.45681E-05 1.90909E-04
 -1       215 1.50106E-04-7.09086E-05 2.86892E-06-1.68209E-05 1.75335E-05 5.72331E-05
 -1       216-1.59670E-04 3.58361E-05 1.01088E-04-1.12347E-05 3.94739E-05-5.13452E-05
 -1       217-5.43990E-06-6.61626E-05 2.90602E-05-2.25777E-05 1.19868E-05 2.29740E-05
 -1       218-7.68798E-05-1.01250E-04 2.94402E-05-6.93528E-05 9.10213E-05-2.41084E-05
 -1       219-9.90821E-05-2.77413E-05 1.17379E-04 1.27649E-05-9.49356E-05-1.38764E-04
 -1       220-5.69048E-05 8.60463E-05 4.40628E-05 6.95329E-05 2.44129E-05-6.02530E-05
 -1       221-1.22213E-04 1.54022E-04 8.82259E-05 3.18442E-05 2.01986E-05 2.87930E-05
 -1       222 7.49355E-05 4.90435E-05-1.80347E-04 2.73325E-05-4.81300E-05-9.51206E-05
 -1       223-3.53405E-05 2.79913E-05-1.32175E-05-3.14468E-05-3.81068E-05-2.64044E-05
 -1       224-1.69380E-04 7.24099E-05 6.92394E-05-3.58960E-05-3.09726E-05 5.77276E-05
 -1       225-1.27078E-05 1.76750E-05-2.45766E-05 2.28055E-05-1.09473E-05 1.71153E-05
 -1       226 9.67038E-05 9.30366E-07-3.02326E-05 6.97376E-05 4.08018E-05 1.09736E-05
 -1       227 1.15876E-04 1.14273E-05-1.88375E-04 5.53300E-06-4.11331E-05-1.04818E-04
 -1       228 1.77017E-05 6.16480E-05 2.26738E-05 2.25277E-05-2.52145E-05 3.07267E-05
 -1       229-3.12823E-05-1.24859E-05-1.77633E-05 3.55900E-05 1.26723E-05 1.00648E-04
 -1       230 8.77663E-05 4.90292E-05 3.24131E-05 5.07574E-05-3.13799E-05 1.14719E-04
 -1       231 9.88382E-05-3.77431E-05-2.15674E-05 2.04220E-05 7.00691E-06-1.26192E-05
 -1       232 2.94316E-05-9.83394E-05 3.27007E-05-7.03389E-05-2.44970E-05-3.28714E-05
 -1       233 2.35156E-04-4.14705E-05-3.82257E-05 2.85728E-06-4.90206E-05 6.70233E-05
 -1       234-1.14885E-05-1.66426E-05 2.01506E-06 3.19183E-05-1.68412E-05-2.83017E-05
 -1       235 4.32312E-05-3.00512E-05-3.10252E-05 3.24500E-06 3.29189E-05-3.57355E-05
 -1       236 1.38688E-04 2.74466E-05-8.38430E-05 6.28633E-06-3.04289E-05 6.41427E-05
 -1       237-5.68817E-05-1.27552E-05 5.36483E-05-2.88324E-05 7.24533E-06 2.27438E-05
 -1       238 3.22009E-05-3.09262E-06 2.86650E-05 4.43961E-06 3.03186E-05 1.92454E-05
 -1       239-3.48626E-05 3.08054E-05 1.56594E-05-3.07898E-06 1.78314E-05 1.06215E-04
 -1       240-2.56451E-05-1.32302E-04 8.18713E-05-7.01733E-05 1.43114E-05 8.38028E-05
 -1       241 7.84678E-05 1.84469E-06-5.87393E-06 6.65030E-05 2.69773E-05 4.19512E-05
 -1       242-8.85186E-05 1.04051E-04 2.23765E-05-6.95263E-06 2.27398E-05 7.30345E-05
 -1       243-6.25236E-05 9.92951E-06 5.42174E-05-3.56446E-05-3.05816E-06 2.59953E-05
 -1       244 6.02376E-05-3.15780E-05 2.55477E-05 2.44249E-05-9.71543E-06-1.65919E-05
 -1       245 6.33634E-05-4.70486E-05 5.13073E-05 1.50164E-05-6.96061E-05 1.65168E-05
 -1       246 2.51069E-05-8.46197E-05 6.59948E-05-1.88346E-05-3.54530E-05 5.02794E-05
 -1       247-1.95447E-05 5.30111E-05 1.94206E-05 7.67147E-05-5.60120E-05-8.80962E-05
 -1       248-5.25375E-05-1.44759E-04 1.00400E-05-1.48802E-04-5.24745E-05-7.82429E-05
 -1       249-1.65187E-04 1.31662E-04 1.47693E-04 6.14450E-05 4.64486E-05 1.11079E-04
 -1       250-2.46942E-04 1.75414E-04 4.62066E-05-5.66746E-05-2.82227E-05 6.51863E-05
 -1       251 1.29318E-04 6.61424E-05-2.05138E-04 5.52561E-05-2.74445E-05-1.05618E-04
 -1       252 8.31266E-05-3.49327E-05-3.21550E-05-1.42884E-06 2.74044E-05-1.81550E-05
 -1       253 1.14403E-04-1.19448E-04-3.82385E-05 1.61465E-05 7.24484E-05-1.58545E-05
 -1       254-8.58940E-05 1.52079E-05-2.08245E-06 2.69364E-05 2.48522E-05 1.97979E-05
 -1       255 7.81633E-05-5.20165E-05 3.31402E-05-6.64079E-05 1.55333E-05 1.23132E-04
 -1       256 9.79701E-05 2.03888E-05 3.21067E-05-2.53520E-05 8.21873E-06 7.72248E-05
 -1       257 1.82540E-04 6.39350E-05-2.91154E-06-1.01779E-04-5.14908E-06 1.25993E-04
 -1       258 2.42253E-04-1.32374E-04-1.07738E-04 3.55457E-06 4.70667E-05 1.57066E-04
 -1       259-1.47729E-05 8.42699E-05-6.10455E-05-4.45781E-05 3.79559E-05 5.04051E-05
 -1       260 3.98833E-05 9.06808E-05-2.66166E-05 8.41954E-05-7.90964E-05-1.11917E-05
 -1       261-1.52472E-04-4.56191E-05 1.23070E-04-6.06942E-05-7.79847E-05-1.06288E-05
 -1       262-8.74827E-05 7.58928E-05 1.08439E-04 1.34958E-05-3.43979E-05 1.29942E-05
 -1       263 4.89799E-05-8.61173E-05 8.50483E-05 2.03971E-06-4.45923E-05-1.99912E-05
 -1       264-1.82651E-04-2.69829E-05 1.27119E-04-1.33474E-04-1.51148E-05 1.75393E-05
 -1       265 2.12666E-04-4.15762E-05-7.20093E-06 9.13819E-05-6.95839E-05-6.05140E-05
 -1       266 2.30033E-04-2.73654E-05-2.32078E-05 4.91528E-05-8.63323E-05 5.93017E-05
 -1       267-6.26303E-05 9.16485E-05-1.96693E-05 4.12564E-05 6.83455E-05 4.60197E-05
 -1       268-1.49651E-05-7.21237E-05 8.27789E-05-6.85677E-05-7.76446E-05 5.92791E-05
 -1       269-4.09991E-06-1.61557E-05-1.54487E-05 3.25679E-06-1.67501E-05 4.89449E-05
 -1       270 3.26700E-05-6.31399E-05-1.84149E-05-5.41143E-05 1.95076E-05-1.38895E-05
 -1       271-9.39716E-05 1.39232E-04-3.97355E-05-6.84113E-05-2.31393E-05-1.51956E-05
 -1       272 1.17435E-04-5.53242E-05-9.44917E-05 1.07309E-05-3.90122E-05-3.16060E-05
 -1       273-9.15298E-05 2.12493E-05-3.84319E-06 1.38880E-05-2.78650E-05 4.20820E-05
 -1       274-1.52486E-04 4.11239E-05 8.88919E-05-9.24376E-05-7.31822E-05 9.69604E-05
 -1       275 3.17174E-05 8.16124E-08-4.32852E-05-3.01383E-05 1.00985E-06 8.53060E-05
 -1       276-1.55622E-04 2.56600E-05 1.15602E-06 4.87405E-05 2.79679E-05 1.36502E-04
 -1       277 1.34911E-06 1.39172E-04-1.31144E-04 5.30718E-05 4.31663E-05 1.66677E-04
 -1       278-5.83870E-05 7.74592E-05-1.56748E-04-4.29819E-05 1.01376E-07 1.99203E-05
 -1       279-6.39249E-05-1.43697E-06 4.26464E-05-4.03963E-05 3.34543E-05 3.30771E-05
 -1       280-8.94833E-05-6.67373E-07 2.16904E-05-1.07259E-05 2.40448E-05-3.53602E-06
 -1       281 1.65997E-05-3.04565E-06-2.81689E-05-3.76083E-05 1.63003E-05 4.47535E-05
 -1       282 7.95931E-05-1.04026E-04 7.78385E-06 8.24816E-06 1.85201E-05 2.72440E-05
 -1       283 5.11273E-05 3.98897E-05-1.35546E-07 1.19315E-04 2.43744E-05 5.61766E-05
 -1       284 5.71226E-05-2.81075E-05-3.19544E-05 3.86619E-05 1.12078E-05 1.20448E-05
 -1       285-1.64934E-04 4.11644E-05-1.21306E-05-7.57733E-05 3.33692E-05 5.18555E-05
 -1       286-3.65399E-06 3.38457E-05 3.06237E-05 8.48727E-05-7.11468E-05-2.61945E-05
 -1       287-1.22282E-04 3.65592E-05-5.27371E-06-1.88052E-05 4.60470E-05 6.39061E-05
 -1       288 1.18184E-04 1.83882E-04-1.51096E-04 1.38560E-04-4.17390E-05 5.96105E-05
 -1       289-3.24128E-05 5.77483E-05-3.89217E-05 3.11265E-06-4.14543E-05 4.38120E-05
 -1       290 5.88257E-05 1.20391E-04-1.65570E-04 9.75797E-05 5.46500E-05 1.38413E-04
 -1       291 1.30328E-05 1.13078E-04-3.54416E-05 5.54282E-05-2.37245E-05 7.87431E-05
 -1       292-6.46095E-05 4.45948E-05-5.85948E-05-5.76017E-05-1.58115E-05 2.90638E-05
 -1       293-1.00370E-04-3.21170E-05-1.13573E-04-9.63217E-05 4.53099E-05 9.94149E-05
 -1       294 6.31922E-05-6.72486E-05-9.70462E-05-4.93836E-05 3.27291E-05 7.13456E-05
 -1       295 4.53045E-05-5.81857E-05 4.51089E-05 9.39667E-06 4.88317E-07 4.37277E-05
 -1       296 4.69843E-05 2.77992E-05-1.00434E-04-3.12207E-06 1.61259E-05 4.84663E-05
 -1       297 6.08748E-05 6.53299E-06-2.16422E-05 7.19184E-05-3.63949E-05 8.47135E-05
 -1       298 5.70905E-06 7.42755E-05 9.83848E-05 8.26007E-05-1.08171E-04-3.39670E-05
 -1       299 8.65957E-05 3.36494E-05 2.00100E-05-1.99939E-05-3.47602E-05 5.48202E-05
 -1       300 3.18730E-05 4.06563E-05 4.68970E-05 5.90336E-05-2.10844E-05-9.08591E-06
 -1       301-8.33460E-05 2.22254E-05 6.42023E-05-9.80748E-05-6.12571E-06-8.75800E-06
 -1       302 2.91472E-05-1.15203E-06 1.17326E-04-1.59606E-05-1.68724E-05 1.10356E-04
 -1       303-4.84842E-05 4.69543E-05-5.11608E-07-2.66238E-05 4.27640E-05 3.56416E-05
 -1       304-1.01303E-04 9.24783E-05-6.12492E-06 9.43326E-05 3.72489E-05 6.52228E-05
 -1       305-2.38578E-04-5.11921E-06 5.28950E-05-5.61369E-05-9.00480E-05 1.36010E-04
 -1       306-7.70676E-05 2.62918E-05 6.75860E-05 3.07377E-06-9.52015E-06-1.00070E-05
 -1       307-1.10471E-04 7.28891E-05 5.07841E-05 4.56927E-05-3.13631E-05-3.46446E-05
 -1       308-2.00018E-04 4.46387E-05-4.57927E-06 3.05673E-05-1.45366E-05 7.15862E-05
 -1       309 1.68725E-05 9.73074E-05-6.49002E-05 6.72161E-05-6.16233E-05-1.64367E-04
 -1       310-6.35828E-05 8.08136E-05 2.07547E-06-2.67377E-05-1.38511E-05-3.97887E-05
 -1       311-1.07839E-04 6.00191E-05 3.40264E-05-2.82045E-05 5.61511E-05 8.32906E-05
 -1       312 1.24548E-05 3.86255E-07-5.63434E-05-2.28608E-05 3.22544E-05 3.62766E-05
 -1       313 3.33013E-05 2.47825E-05-7.03929E-05 2.67377E-05-6.65236E-06-4.80819E-05
 -1       314 8.31876E-05-5.59157E-05-4.90842E-05-1.04946E-05-5.42370E-05-5.00404E-05
 -1       315 4.31042E-05 1.72653E-05-8.21991E-05 1.15799E-06 2.36394E-05-8.18890E-05
 -1       316 3.43577E-05-4.09244E-05-2.54942E-05-4.98998E-05-4.44379E-05-5.60375E-05
 -1       317 7.89381E-05-2.93173E-05-8.64318E-05-1.21331E-05-4.24025E-05-6.77958E-05
 -1       318 8.05161E-05-7.51499E-05-3.76513E-06-6.51934E-06 2.23385E-06 4.51212E-06
 -1       319-1.52074E-04 3.25521E-05-1.75739E-05-6.95388E-05-1.17982E-05 2.01488E-04
 -1       320 3.74913E-05 9.16151E-05-1.82827E-04 5.51536E-05-7.36832E-05 1.75946E-04
 -1       321 6.97232E-05 3.81671E-05-1.51446E-04 4.41891E-05-5.82324E-05 6.48162E-05
 -1       322-5.16961E-05 7.37912E-05-1.77889E-04-3.53913E-05-4.54002E-05 9.93179E-05
 -1       323-4.85238E-06 6.13583E-05-1.03860E-04-5.26236E-05 2.78594E-06 8.44459E-05
 -1       324-8.11165E-05 1.68590E-05-5.53296E-05-1.06633E-04-3.11043E-05 1.51983E-04
 -1       325 9.41456E-05-7.26443E-05-1.05850E-05-2.86439E-05-5.60434E-05 3.19594E-05
 -1       326 5.08401E-05-8.04155E-05 3.37024E-05-1.38886E-04-3.86930E-05 5.16140E-05
 -1       327-2.72213E-04 4.95815E-05 4.04904E-05-6.30043E-05-5.43518E-05 1.21974E-04
 -1       328-1.19297E-04 6.78080E-05 9.23790E-05-1.55051E-04 7.09448E-05 1.02605E-04
 -1       329-1.65548E-04 5.80086E-05 2.39598E-05 1.17916E-04 3.93319E-05 1.94915E-04
 -1       330-2.23760E-04-2.95888E-05-5.98283E-06 1.77502E-06-2.71542E-06 1.69630E-04
 -1       331 7.09320E-05 2.77048E-05-3.79459E-05 1.32305E-04 2.49937E-05 9.90067E-05
 -1       332-1.21035E-04 2.17426E-05-4.14187E-05 6.64176E-05-9.70989E-05 6.83330E-05
 -1       333-8.85776E-05 6.81304E-05-4.54968E-05-1.35421E-04-4.83516E-05-1.20644E-04
 -1       334-5.85877E-05 1.86470E-04-3.42803E-05-4.21825E-05-2.19171E-05-6.55403E-07
 -1       335 2.45193E-04-6.59193E-05-1.34010E-04 8.20235E-05-7.41532E-05-7.03916E-05
 -1       336 1.94642E-04-5.78084E-05-1.15400E-04 3.28661E-05-1.36095E-05-5.24841E-05
 -1       337-3.09703E-05-7.53947E-05 7.11087E-06-6.44661E-05 2.52542E-05-1.14856E-05
 -1       338 4.82028E-05 4.72160E-06-5.10874E-05 2.38544E-05 4.61861E-05 6.86503E-05
 -1       339 1.76686E-05 7.28860E-05 7.89611E-05 9.24952E-05 3.17996E-07 1.06064E-05
 -1       340-7.69967E-05-2.10417E-05 1.11060E-04-4.37708E-05 1.10210E-04 7.13032E-05
 -1       341 3.22947E-06-7.36986E-05-1.54554E-04-5.41428E-05-3.28020E-05 1.08078E-04
 -1       342-1.94605E-05 9.03200E-05-1.64946E-04-1.54552E-05-2.48847E-05-3.09743E-05
 -1       343-8.51362E-05-5.72431E-06-2.35265E-05-2.58079E-06 4.98704E-05 9.26375E-05
 -1       344-6.30757E-05 7.61306E-05-1.05887E-04 1.19702E-04-1.87141E-05 1.48824E-04
 -1       345 4.38645E-04 1.37558E-04-1.56043E-04 1.70019E-04-6.61500E-05 1.33768E-04
 -1       346 1.12995E-04-4.91679E-05-2.28723E-06 5.10982E-05-1.85352E-05 2.75916E-05
 -1       347 4.83158E-05-1.16106E-04-2.27709E-05-9.08168E-05-1.86839E-05 5.98732E-05
 -1       348 5.10787E-05 1.82648E-04-6.71249E-05 3.29189E-05-5.19741E-05 9.31225E-06
 -1       349-1.04340E-04 8.28993E-05 7.24417E-05-5.43668E-05 8.56609E-06 7.97447E-05
 -1       350 4.10345E-05 6.03305E-05 4.25636E-05 1.88964E-05 9.00004E-05 1.18814E-04
 -1       351-3.67736E-05 1.15605E-04 8.68461E-06-1.90819E-05 2.99374E-05 1.29870E-04
 -1       352 2.17897E-04-5.38261E-05-3.13825E-05-4.06333E-05 1.30668E-05 2.17296E-04
 -1       353 1.45446E-04-1.41146E-04 1.02802E-04-4.18582E-05-1.03868E-04 1.61353E-04
 -1       354-6.93133E-06 1.18904E-05 5.51545E-05 3.51813E-05 1.80241E-05 1.52772E-05
 -1       355 9.53060E-05-1.29321E-04-5.31525E-05-1.30225E-04-1.62232E-04-1.05631E-04
 -1       356 4.51313E-05 4.85192E-05-1.10797E-05-3.58347E-05 3.40767E-05-7.80853E-06
 -1       357 3.96021E-04-3.12529E-05-1.28611E-04 1.12937E-04 7.55145E-05 1.31672E-04
 -1       358 2.31161E-04 6.78215E-05-4.59893E-05 1.05198E-04 2.91198E-05 2.26246E-04
 -1       359 3.49182E-04-1.37102E-04-1.42413E-04-1.33012E-04 1.34438E-05 1.47913E-04
 -1       360 1.36671E-04-9.28762E-05-3.33505E-05-4.70908E-06-8.96202E-05-1.23217E-04
 -1       361 6.80212E-05 4.73469E-05-2.98821E-06 1.33568E-05-1.84418E-05 3.56145E-05
 -1       362-8.29635E-05-9.67085E-05 7.17924E-05-7.35815E-05 3.91749E-05 7.55069E-05
 -1       363-7.48055E-05-3.67113E-06 7.29802E-05-9.24087E-05 1.36295E-05 2.19964E-05
 -1       364 8.33590E-05 1.22106E-04-1.03656E-05 8.20586E-05 2.44540E-05-6.36089E-06
 -1       365-8.08367E-04 3.97583E-04 5.37724E-05-2.52738E-04-2.76427E-05 1.47818E-05
 -1       366-4.06305E-04 5.84319E-05 1.40284E-04-2.74674E-04 8.11404E-05 1.13949E-04
 -1       367-2.61270E-05 3.27255E-05-1.68387E-04-2.57801E-05 9.41734E-05 1.30178E-04
 -1       368 8.81616E-05-9.34211E-05-5.02350E-05-3.59288E-05 2.64990E-05 1.18117E-04
 -1       369 1.13128E-07 1.04374E-04-1.13150E-04-5.41156E-05 6.42374E-05 2.07019E-04
 -1       370 7.73772E-05-8.11476E-05-7.22764E-06-1.03291E-05 1.00003E-05-3.91772E-05
 -1       371 7.29569E-06-6.20505E-05-4.34233E-05-1.53176E-04 7.03680E-05 6.09921E-05
 -1       372-2.14674E-05 7.24477E-05-2.10335E-04-2.86613E-05-4.92693E-05 1.14744E-04
 -1       373 1.30677E-05 2.37985E-05-1.16975E-04-3.92166E-05-1.16532E-04-1.00435E-04
 -1       374-1.90976E-04 5.62922E-05-2.33738E-04-8.86918E-05-9.21839E-05 3.56348E-05
 -1       375 1.20717E-04 1.65518E-05-1.90971E-04 3.55145E-05-7.23359E-05 3.66194E-05
 -1       376-1.38901E-04-1.53842E-04 1.62252E-05-1.68028E-04-6.77131E-05 2.26262E-05
 -1       377 5.17307E-05 1.83405E-05-1.97979E-05 4.82853E-05 5.22985E-07 3.96079E-05
 -1       378 1.59698E-04-2.08314E-04 1.94812E-04-6.62105E-05-3.78063E-05 6.29634E-05
 -1       379 1.90059E-04-1.68063E-04 2.38916E-05-1.00832E-04-4.48983E-05 1.91040E-04
 -1       380-2.14988E-06-1.40428E-04 3.34734E-04-3.33869E-05-4.40603E-05 6.21387E-05
 -1       381 8.15970E-05-6.43220E-05-1.64214E-05-1.05142E-04-1.52323E-05 1.41285E-04
 -1       382 9.61365E-05-6.76436E-05 5.67825E-05-8.47150E-05 5.63552E-05 1.13784E-04
 -1       383 2.30666E-04-7.29454E-05-5.72105E-05-7.12483E-05-1.62945E-05 2.95222E-04
 -1       384 9.77765E-06 6.71216E-05-6.89061E-05-1.70750E-06-7.39308E-05-4.32166E-05
 -1       385-4.28018E-05 2.02816E-04 7.96109E-05-5.16954E-05-8.15468E-06 4.69705E-05
 -1       386 2.05668E-04 7.53487E-05-6.64184E-06 4.40023E-05 8.18092E-05 2.21759E-04
 -1       387-2.08663E-05 8.16108E-05-1.16731E-04 3.12123E-05 1.35593E-05 1.56569E-04
 -1       388-1.91139E-04 4.72824E-05-6.68110E-05-8.05991E-07-1.59542E-05 1.61238E-04
 -1       389 2.36066E-06 4.75551E-05-8.23527E-05 4.58156E-05-5.23058E-05 3.48620E-05
 -1       390 2.15800E-05-7.06584E-05-4.54975E-06 1.40381E-05-1.20621E-05 4.00233E-05
 -1       391-9.14404E-05-4.04510E-05 5.65737E-05-1.28469E-05-5.34602E-05 2.33010E-05
 -1       392-1.18203E-04 8.36484E-05-5.23831E-05 6.85357E-05 1.86517E-05 8.88122E-05
 -1       393 1.82250E-04-1.16316E-04 1.50610E-04 1.48366E-04 3.94373E-06 1.99244E-05
 -1       394-1.38072E-04 1.17175E-04 1.13441E-04 2.59431E-05-1.00229E-05 3.81337E-05
 -1       395-6.87222E-05-1.55740E-05 2.09445E-05-5.47611E-06-2.51022E-05 3.72723E-05
 -1       396-8.54593E-05-6.34412E-05 1.03041E-04-7.06599E-05 1.04273E-04 4.18795E-05
 -1       397 2.41400E-04-1.59538E-04 9.27494E-06 5.41634E-06 7.59448E-05 1.13068E-04
 -1       398-1.24579E-04 1.16731E-04 1.06124E-04 3.46138E-05 6.19084E-05 7.36947E-05
 -1       399-7.63930E-05-3.50586E-05 9.24373E-05-1.02336E-05 2.47996E-05 3.61312E-05
 -1       400 2.66232E-04-2.28153E-05-2.76881E-05 1.17279E-04 9.77854E-05 1.57544E-04
 -1       401 3.42258E-04 6.91297E-05-8.96456E-05 1.58262E-04-9.58592E-05-1.12777E-05
 -1       402-1.01377E-04 2.08912E-05-9.36207E-05-3.45058E-06-8.03259E-05 1.15936E-04
 -1       403 8.17192E-05-3.99558E-05-1.52342E-04 4.02422E-05-2.59810E-06 1.29970E-04
 -1       404 6.67883E-05-2.49971E-05-5.03786E-05 3.18980E-05 4.46036E-05 9.13762E-05
 -1       405-5.00431E-05-2.35640E-06-2.35257E-05-7.06030E-05-4.61971E-05 3.28065E-05
 -1       406 1.42406E-04 8.88695E-05-1.55482E-04 8.43708E-05 7.34164E-05 1.55511E-04
 -1       407 8.64719E-05 1.47555E-04-2.15839E-04 7.58561E-05 6.96699E-05 1.03952E-04
 -1       408 2.00119E-04 7.58274E-06-3.01304E-06 8.82153E-05-2.35599E-05 8.39859E-06
 -1       409-1.35789E-04 2.08878E-05-1.30089E-04-9.58837E-05-1.26493E-05 7.07834E-05
 -1       410 3.80391E-04 4.35933E-05-1.07786E-04 1.53562E-04-1.51930E-04 1.21695E-04
 -1       411-3.05801E-05-1.13143E-04 1.33790E-04-9.29203E-05 4.78926E-05 2.23828E-04
 -1       412 1.50537E-04 3.58349E-05-1.35461E-05 1.50057E-04 6.44384E-05 2.00637E-04
 -1       413 1.54110E-04-4.07960E-05 5.10234E-05-3.30300E-05 5.64045E-05 1.76200E-04
 -1       414-8.53717E-05 1.64776E-05-2.15516E-05-6.78850E-05 1.00938E-04 2.33051E-04
 -1       415-2.63908E-04 1.53632E-04 1.14531E-05-5.65280E-05 2.59297E-05 1.90801E-04
 -1       416-1.53890E-04 1.88970E-04-9.41666E-05 3.09853E-05 2.53621E-06 1.73540E-04
 -1       417-6.15562E-05 1.31032E-05-4.72583E-05 2.86615E-05-1.82723E-05 1.76990E-04
 -1       418 1.86096E-06 9.13635E-05-5.11752E-05 3.05966E-05 1.33457E-04 1.46031E-04
 -1       419-6.61440E-05-3.05278E-05-2.36848E-05-4.49578E-05 1.04883E-04 1.49106E-04
 -1       420-1.45675E-05 1.30577E-04-7.83037E-08 6.98664E-05 1.04065E-04 1.26966E-04
 -1       421-2.12358E-05-8.88644E-07-2.82159E-05-1.89369E-05 3.39741E-05 5.51689E-06
 -1       422 4.86617E-05-4.16926E-05 2.79679E-05 3.81575E-05-2.27288E-05 6.36801E-06
 -1       423 4.08049E-05 7.75363E-05 2.22551E-05 9.94877E-05-3.18811E-05 3.54534E-05
 -1       424 5.78513E-05-4.25789E-05-1.21463E-05 4.80163E-05 2.10930E-05 2.71749E-05
 -1       425 2.23238E-04 7.44630E-05-3.67693E-05 1.72839E-04-5.74800E-05 1.83094E-05
 -1       426 1.72588E-04 1.80055E-04 1.16594E-05 1.52312E-04 1.53063E-04 7.29023E-05
 -1       427 2.97168E-04 1.68228E-04-8.79710E-05 2.44505E-04 8.13255E-05 9.45843E-05
 -1       428 2.18342E-04-2.73555E-04-9.01787E-05-1.79783E-04-8.72157E-05 3.17358E-05
 -1       429-8.60090E-05-1.06440E-04 3.73155E-05-1.35139E-04 1.57970E-04 1.34188E-04
 -1       430 3.18745E-05 3.17062E-05-1.03865E-04 5.07868E-07 1.88731E-05-3.39810E-06
 -1       431-2.32486E-05-2.11254E-05 6.70231E-05 1.27275E-08-2.01551E-05 1.36570E-06
 -1       432 4.07953E-05 3.79205E-05-1.29063E-04-7.78883E-08 2.76831E-07-3.41301E-05
 -1       433-2.66368E-05-2.77979E-05 9.20359E-05-1.06417E-06-2.10816E-07 3.29006E-05
 -1       434 6.59463E-06 6.30521E-06-2.02631E-05-4.11101E-07 3.21918E-06 8.32249E-06
 -1       435 4.18341E-06 8.49142E-06-2.34931E-05-1.54231E-06 1.59433E-05 2.39013E-05
 -1       436 3.89781E-05 3.80414E-05-1.31804E-04-1.12399E-06 2.01356E-05 3.99127E-06
 -1       437 1.74011E-05 1.27113E-05-4.87442E-05 3.06984E-07 3.19569E-06-1.07811E-05
 -1       438-1.68468E-05-1.79007E-05 6.14821E-05 2.61526E-07-9.47040E-06 2.13192E-05
 -1       439-4.02648E-06 1.61416E-06-9.98982E-07 1.19156E-06-6.23258E-06-8.63318E-06
 -1       440 2.39720E-05 2.99727E-05-9.87038E-05-4.29090E-07 4.86587E-06-2.39051E-05
 -1       441-8.81499E-06-2.10852E-06 1.16942E-05 2.55213E-06 2.37563E-06 8.31729E-06
 -1       442-4.61682E-07 4.07048E-06-1.31626E-05 3.61345E-07-1.90309E-05-1.91370E-05
 -1       443-3.07070E-05-2.92894E-05 9.55473E-05 3.56432E-06-1.47997E-05 9.84095E-07
 -1       444-3.89417E-06 1.52581E-06 6.64896E-07-9.58192E-07 2.47573E-07 1.10539E-06
 -1       445-3.71567E-06 1.15908E-06 9.34951E-07-7.18310E-07-2.16539E-07-1.38483E-06
 -1       446-3.07739E-06 1.44781E-06-2.94034E-07-1.16431E-06 6.03828E-07 2.68045E-06
 -1       447-2.89744E-06 1.25584E-06-1.20144E-07-5.90528E-07-3.79430E-07-2.71652E-06
 -1       448-1.33904E-06 1.17624E-06-1.44027E-06-8.21972E-07 7.74447E-07 2.36589E-06
 -1       449 3.91542E-07 1.42216E-06-3.64746E-06-7.34628E-07 1.03073E-06 2.29725E-06
 -1       450 7.36007E-07-2.54396E-08-2.78027E-06 4.04315E-07-2.81865E-07 1.39271E-06
 -1       451 2.33049E-06 1.00366E-06-4.89814E-06-1.11722E-07 1.13623E-07-1.16854E-06
 -1       452 2.63090E-06 9.76088E-06-1.62314E-05 5.52161E-07 2.69688E-06-2.81952E-06
 -1       453 1.47345E-05 1.63459E-05-5.87742E-06 1.55043E-05 2.86328E-05 2.09357E-05
 -1       454 2.05666E-05 1.40871E-05-6.36154E-05 2.71930E-06-3.23768E-06-1.83693E-05
 -1       455 2.29126E-05-1.89909E-06-8.97026E-06 1.65919E-05 4.65610E-06 9.19642E-06
 -1       456 1.83936E-05-4.65999E-06-5.81626E-06 1.07756E-05-8.81322E-07-2.02251E-06
 -1       457 1.72831E-05 9.48343E-06-1.41892E-05 1.89598E-05 2.13153E-06 3.80578E-06
 -1       458 1.18481E-05-4.33056E-06-4.03339E-06 5.80540E-06-1.98158E-06-4.31213E-06
 -1       459 2.39866E-05-2.93476E-06-7.54099E-06 1.30017E-05-5.24256E-06-1.04234E-05
 -1       460 3.50661E-05-6.38813E-06-8.45605E-06 1.69913E-05-1.36791E-06-8.90692E-06
 -1       461-2.64064E-07 4.28205E-06-1.35442E-05 3.55717E-07-3.61398E-06 1.05948E-05
 -1       462 5.98938E-06 2.35866E-06-1.38493E-05 2.23145E-06-4.05330E-06 2.05303E-06
 -1       463 4.29018E-08 1.64002E-06-3.81229E-06-8.07742E-07-3.55147E-07-1.44617E-06
 -1       464-8.17833E-08 1.60580E-06-3.18482E-06-2.75266E-07-2.62675E-07-2.42279E-06
 -1       465 1.71873E-06 1.21409E-06-5.22997E-06-7.45892E-07-2.17082E-06-1.01421E-06
 -1       466-9.88091E-07 1.26845E-06-1.86416E-06-4.10663E-07-1.76656E-07-2.54220E-06
 -1       467 1.79788E-06-3.45547E-06 2.57261E-06-2.47912E-06 7.54986E-06 1.39296E-05
 -1       468-3.07202E-06-7.58406E-07 2.99089E-06 2.67166E-07 4.64539E-07 3.45397E-06
 -1       469-2.12286E-06-4.26706E-07 1.93025E-06-6.84403E-07 4.90111E-07 2.43104E-06
 -1       470 3.09154E-06 1.80732E-06-8.23723E-06-3.59311E-06 8.04015E-07 2.56211E-05
 -1       471 4.75219E-06 6.66249E-06-1.90019E-05-1.71155E-06 1.36083E-06 1.96977E-05
 -1       472 2.19809E-06 1.07328E-06-6.13648E-06-4.56372E-07 7.56526E-07 9.77411E-06
 -1       473-6.69497E-06 1.78081E-06 1.68917E-06-5.99521E-07 4.18879E-06 1.24256E-05
 -1       474-2.06496E-06 7.70003E-07 2.48857E-07-2.82283E-07-1.97359E-07 4.44108E-06
 -1       475-1.77482E-06 2.38624E-07 1.36935E-06 4.68309E-07-5.00613E-07-2.01760E-07
 -1       476 5.09195E-06 3.99574E-06-1.44260E-05-2.35036E-07 9.31446E-08 8.72992E-06
 -1       477 1.40910E-06 2.94728E-06-2.14466E-05-7.59471E-06 6.68390E-06 4.22497E-05
 -1       478-2.29265E-06 1.13637E-06-3.05173E-07-5.29914E-07 1.07154E-07 3.96020E-06
 -1       479-2.68995E-06 8.35552E-07 7.01080E-07-4.12083E-07-1.32030E-07 2.59205E-06
 -1       480-2.58398E-06 6.69049E-07 1.06453E-06 2.49329E-08 3.36779E-08 2.15318E-06
 -1       481-2.51316E-06 6.02554E-07 1.13724E-06-1.66174E-07-8.14378E-08 1.04456E-06
 -1       482-2.19719E-06 3.22026E-07 1.30146E-06 2.56206E-07-1.88735E-07 4.04055E-06
 -1       483 9.13739E-07 2.30333E-06-6.36448E-06 5.06227E-08 4.67872E-07 6.44438E-06
 -1       484-5.22916E-07 1.62448E-06-3.34533E-06-3.63822E-07 9.85323E-08 5.83774E-06
 -1       485-3.65503E-08 9.25904E-07-2.21343E-06-2.88910E-07-2.89711E-08 6.94190E-06
 -1       486 5.34645E-06 4.45275E-06-1.66684E-05-4.63784E-07 1.45163E-06 4.97650E-06
 -1       487 2.84287E-06 3.02348E-06-1.01951E-05-1.87661E-07 3.57392E-07 6.18559E-06
 -1       488 2.57892E-06 3.26714E-06-1.02756E-05-2.11296E-07-5.26983E-08 9.00054E-06
 -1       489 2.07864E-05 1.29037E-05-5.28983E-05-1.54957E-06-1.30540E-07 1.34436E-05
 -1       490 7.67870E-06 6.03892E-06-2.29116E-05-6.25214E-07 2.48006E-06 1.05863E-05
 -1       491 7.08903E-06 4.82246E-06-1.72632E-05-1.00469E-06 1.05255E-06 1.30810E-05
 -1       492 1.25474E-05 9.65719E-06-2.14384E-05 6.25568E-06 3.31973E-05 5.34867E-05
 -1       493 2.18772E-05 1.66806E-05-8.05850E-05-2.06878E-06 7.90272E-06 2.41253E-05
 -1       494 6.77886E-07 1.07380E-05-2.92430E-05-1.28351E-06 2.89220E-06 3.93073E-05
 -1       495 6.72563E-06-8.10529E-07-5.72570E-06-6.77206E-07-1.16314E-07 1.60829E-05
 -1       496 1.06260E-05 4.16176E-06-1.34698E-05 4.89955E-06 2.31279E-06 2.62171E-05
 -1       497 2.60253E-06 1.77777E-06-1.65872E-05-4.31201E-06 2.86720E-06 3.21250E-05
 -1       498-5.94249E-06 3.71960E-06-2.61971E-06-1.86401E-06 1.82366E-06 1.02087E-05
 -1       499 3.62966E-06 4.24806E-07-5.08192E-06 1.92507E-06 1.67845E-06 1.18541E-05
 -1       500 2.84042E-07 3.65357E-06-4.72025E-06 4.58571E-07 1.76375E-06 1.69357E-05
 -1       501-1.06379E-05 2.24176E-06 3.89979E-06-2.14509E-06 3.33340E-06 5.97062E-06
 -1       502-1.96051E-06 2.37083E-07 8.00765E-07-2.58102E-07-1.05851E-06-1.38157E-06
 -1       503-5.74347E-06 7.62138E-07 3.46323E-06-3.23711E-06 1.65287E-07-1.22351E-06
 -1       504-5.95344E-06 8.23110E-09 5.04328E-06-2.26163E-07 2.16063E-06 7.06286E-06
 -1       505-2.15584E-06 6.19982E-07 4.26502E-07-1.34214E-07 2.95309E-07-4.68062E-07
 -1       506-2.06957E-06 4.33999E-07 9.72522E-07-5.33992E-08-2.87504E-07-7.99231E-07
 -1       507-1.28828E-06 6.25125E-07-1.42426E-08 4.59415E-07-1.17310E-07-9.52926E-07
 -1       508-1.35462E-06 1.35295E-07 2.19290E-06 2.12050E-07-4.30357E-07 8.83278E-07
 -1       509-2.55175E-06 5.17234E-08 2.72936E-06 2.37702E-07-3.40644E-07 1.76792E-06
 -1       510 1.01097E-06-2.89213E-06 3.53933E-06 1.37610E-07 3.99116E-06 4.21988E-06
 -1       511-2.50702E-06-1.34178E-06 1.92513E-06-8.63215E-07 1.13643E-06 4.14253E-06
 -1       512-3.23798E-06-3.98791E-06 9.30762E-06-7.86640E-07 3.38148E-06 5.69465E-06
 -1       513-2.02062E-07-6.47461E-07-1.32633E-06 5.53154E-08 1.12160E-06 7.37241E-06
 -1       514 5.27556E-07-1.80030E-06 1.13245E-06-3.61415E-06 4.11629E-06 1.41088E-05
 -1       515-7.88221E-07-8.44400E-07-4.59298E-07-8.47213E-07 8.44796E-06 9.53769E-06
 -1       516 4.66488E-07 1.37398E-06-6.77183E-06-3.83777E-06 5.93695E-06 2.20213E-05
 -1       517 3.71890E-06 5.39529E-06-1.30747E-05-1.11012E-06 3.53935E-07 2.48579E-05
 -1       518 5.38174E-06 1.65425E-06-1.18278E-05-1.55901E-06 7.59184E-06 2.34575E-05
 -1       519 3.50092E-06 3.53258E-06-1.17449E-05-1.01450E-06 1.80934E-06 1.29807E-05
 -1       520-3.10695E-06 2.59958E-06-1.72321E-06 4.25728E-07-2.29887E-06-5.95427E-07
 -1       521-5.73177E-06 1.49130E-06 2.27265E-06-2.27798E-07-3.87504E-07-2.40607E-06
 -1       522 2.68945E-06 1.00243E-06-4.91383E-06-1.73522E-07 1.76912E-06-3.15674E-06
 -1       523 6.92444E-06-2.87527E-06 1.21579E-07-1.97652E-06-1.59641E-06-1.05576E-05
 -1       524 6.53292E-07-2.01630E-06 2.41228E-06-3.00553E-06 2.49296E-06 1.29442E-06
 -1       525-7.01582E-07 7.12584E-07-9.43424E-07-1.61465E-07-1.59645E-07 3.53657E-06
 -1       526 1.45960E-05-6.84112E-06-6.02542E-08-2.35195E-06 4.53567E-06-9.86070E-07
 -1       527-4.73852E-06 1.49236E-06 1.57038E-06-3.68468E-07-1.30974E-07 1.27588E-06
 -1       528-1.52575E-06 1.75100E-06-2.56306E-06 9.41666E-08-3.21956E-07-4.50705E-06
 -1       529 1.47355E-06 3.48272E-07-2.43027E-06-2.20601E-07 3.68739E-07 1.32545E-06
 -1       530-3.67676E-06-9.17759E-07 6.46834E-06 6.43560E-07-3.67182E-06-4.55486E-06
 -1       531-5.16475E-06 1.66322E-06 1.53540E-06-3.95498E-07-1.60043E-07 4.62547E-08
 -1       532-3.69645E-06 1.33066E-06 1.02381E-06-4.16783E-07 2.52362E-07 1.57220E-06
 -1       533-4.01799E-06 1.77622E-06 2.85894E-07-4.27521E-07-1.02582E-07-3.25202E-06
 -1       534-5.15952E-06 1.54746E-06 1.69003E-06-2.37211E-07-4.71519E-08-1.31968E-06
 -1       535-5.58371E-06 1.52985E-06 1.92143E-06-2.31437E-07-1.83371E-07 4.77633E-08
 -1       536-1.92399E-06 9.47851E-07-3.41985E-07-1.00162E-07 1.48861E-07 2.79274E-06
 -1       537-5.64628E-08 7.80257E-07-1.43263E-06-1.33298E-07 2.12362E-07 2.16915E-06
 -1       538-3.37311E-06 1.27808E-06 3.58137E-07-8.02777E-08-1.10666E-07 2.97066E-06
 -1       539 1.02392E-06 8.98790E-07-1.88728E-06-4.06957E-07 5.71565E-07 8.50533E-07
 -1       540 5.51432E-07-1.28438E-06-6.90538E-07 4.50140E-07-1.91751E-06-2.53126E-07
 -1       541 3.13624E-07 7.51801E-07-1.56207E-06 7.75968E-08 3.18624E-07 2.19156E-06
 -1       542 1.26584E-06-4.97614E-06 4.37307E-06-7.90602E-07-7.77529E-07-7.92972E-07
 -1       543 8.81063E-07-1.70050E-06-5.43484E-06-1.32256E-06-4.61913E-07-8.29622E-06
 -1       544 2.14077E-06-1.42236E-06-1.86757E-06-9.45728E-07 1.34197E-06 2.05082E-06
 -1       545-5.60453E-06-1.03777E-07 2.08842E-06-2.74306E-06 1.14306E-06-1.25580E-05
 -1       546-5.55290E-07 8.32081E-08 7.74470E-07 5.20456E-06-3.97660E-06-7.78767E-06
 -1       547-1.61962E-06 2.40595E-08 3.73863E-06-7.74860E-07-2.30305E-06 8.18931E-07
 -1       548 7.20990E-06-2.59016E-06-1.68656E-06 2.48357E-06-1.52134E-06-1.21742E-05
 -1       549 1.69917E-05-5.69056E-06-4.92863E-06 2.82723E-06-1.32427E-06-1.32791E-05
 -1       550 5.55077E-07-2.20699E-06 6.54101E-06 2.68574E-07-3.01570E-06-9.28134E-06
 -1       551 2.30373E-05-7.43026E-06-5.51131E-06 2.01000E-06 8.88499E-07-8.65488E-06
 -1       552 5.01222E-05-1.03811E-05-1.08337E-05 1.41808E-05 1.49177E-07-1.07408E-05
 -1       553 1.03291E-05-5.05398E-06-1.19428E-06-2.11561E-06-1.22606E-07-7.43696E-06
 -1       554 1.00568E-05-8.91613E-07-1.32639E-05 5.25464E-07-7.14142E-07 1.40329E-05
 -1       555 1.06597E-05 3.49669E-06-1.35880E-05 2.78779E-06-2.25906E-07-4.74711E-07
 -1       556 3.59142E-06 1.19577E-06-6.19811E-06-5.72807E-07 1.35978E-07-2.36061E-06
 -1       557 7.01447E-06-2.56350E-06-3.51956E-06-1.39598E-06 2.97706E-06-1.34734E-06
 -1       558 1.50494E-06 1.42223E-06-5.24499E-06-2.53826E-07 3.95547E-07-3.25069E-06
 -1       559-5.09012E-07 1.84843E-06-3.86297E-06-4.31186E-08-2.70953E-07-4.07780E-06
 -1       560-2.51022E-06 1.76815E-06-1.35261E-06-1.62914E-07-1.37524E-07-4.08334E-06
 -1       561 5.65789E-08 1.59693E-06-3.99516E-06 2.39128E-07 2.16102E-07-4.22808E-06
 -1       562-3.12563E-06 1.68510E-06-8.87113E-07-1.71292E-07-3.88329E-07-3.97763E-06
 -1       563-6.38213E-06 8.89040E-07 4.17991E-06 2.28944E-07-1.92518E-06-2.95218E-06
 -1       564-1.41972E-06 1.43718E-06-2.06452E-06 8.03365E-08 2.73405E-07-4.09576E-06
 -1       565 1.08239E-06 1.70649E-06-5.79259E-06 1.89397E-06 3.86345E-07-5.65051E-06
 -1       566-3.86136E-06 7.60777E-07 1.63256E-06-2.96045E-06-9.94760E-07 3.06797E-06
 -1       567-4.68300E-06 1.15940E-06 9.71691E-07 1.05546E-07-7.27597E-07 1.92204E-06
 -1       568 3.14808E-06-6.09217E-07-5.14944E-06-7.65886E-07 3.39022E-06-4.28533E-06
 -1       569 3.77991E-06 4.88540E-07-6.61716E-06-2.90318E-07 2.19462E-06-3.39943E-06
 -1       570-1.03202E-07-1.53099E-06 6.27978E-06-2.22910E-06-1.42231E-07-5.06080E-06
 -1       571-3.81145E-06 3.87655E-08-1.18113E-06-2.09603E-06 2.04060E-06 4.01222E-06
 -1       572 4.78192E-07 1.18390E-07-1.64732E-06-9.06913E-07 1.46046E-06 2.70823E-06
 -1       573 8.70306E-06 9.05385E-06-1.08666E-05-1.62090E-05 3.69649E-05 4.15739E-05
 -1       574 5.96084E-05 2.44791E-05-8.49270E-05 1.89712E-05-4.79311E-05-1.37749E-05
 -1       575-3.22905E-05 6.53534E-05 3.14134E-05 7.21937E-05 4.11050E-05 4.24303E-05
 -1       576-8.55517E-06-5.00642E-05 3.02561E-05-3.99143E-05 1.01340E-05 6.80043E-05
 -1       577-2.80827E-05 3.22902E-05-5.88508E-05-3.11822E-06-4.48352E-06-7.26222E-06
 -1       578 4.40496E-05 1.89049E-05-3.42493E-05 6.19653E-05-2.09623E-05-4.10156E-05
 -1       579-4.60248E-05-3.74167E-05 9.57922E-05-2.76075E-05-4.55922E-06-5.43374E-05
 -1       580-1.23750E-05 1.62094E-05 1.30288E-05-4.39962E-05-3.55730E-05 7.25571E-05
 -1       581 2.80494E-05-2.73853E-05-5.62204E-05-3.32828E-05-5.68762E-05 2.25681E-05
 -1       582 8.83386E-05-1.38635E-04 6.47015E-05-7.02794E-05-1.03680E-05 1.37669E-04
 -1       583 8.54922E-05-1.11622E-04 4.23242E-06-6.34834E-05-1.39564E-04 9.52288E-05
 -1       584-4.04283E-05-3.43110E-05 3.98891E-05-3.86651E-05-2.46220E-05 6.75634E-05
 -1       585 1.14913E-04-1.39133E-06-2.57659E-05-4.91511E-05-1.95196E-05 9.64039E-05
 -1       586 1.62167E-04-5.92364E-05-7.35003E-05-1.07234E-04-6.11852E-05 1.18607E-04
 -1       587-2.49374E-05 2.57809E-05 6.53161E-05-3.79091E-05-4.20025E-05 1.68673E-04
 -1       588-7.22411E-05-4.43652E-06 2.21079E-05-1.04712E-04-6.59193E-05 1.27971E-04
 -1       589 2.31754E-05-1.66039E-05-1.65046E-05-6.90898E-05-1.55015E-05 1.27514E-04
 -1       590 6.76618E-05-2.26848E-06-6.62170E-05 1.25813E-04-5.29254E-05 7.00297E-05
 -1       591-6.07544E-05 4.07837E-05-2.16420E-05-3.60339E-05-9.04170E-06 5.63002E-05
 -1       592-4.40271E-05 4.22857E-05-7.24076E-05 5.26423E-05-2.39581E-05 8.44204E-05
 -1       593-2.71551E-05-5.23322E-06-1.06827E-05-5.35248E-05-4.85010E-05-5.26006E-07
 -1       594-1.23203E-04 7.86603E-05-4.09995E-05 2.39536E-05-6.84904E-07 1.16568E-04
 -1       595 1.94012E-05 9.90618E-05-1.02227E-04 5.87222E-05 3.74531E-05 1.42665E-05
 -1       596-1.34891E-06 3.76402E-05-6.92889E-05 8.93169E-06-1.01473E-04-1.19795E-04
 -1       597-2.47000E-05 2.05164E-06-4.01831E-05-4.17724E-05-1.60847E-05 5.68574E-05
 -1       598 4.05016E-05 3.10647E-05-9.38820E-05-1.05635E-05-2.17315E-05 8.13749E-05
 -1       599-3.45315E-05 1.70023E-05 2.05114E-05-7.55930E-06 2.75487E-05 9.02129E-05
 -1       600-1.42751E-04-3.96757E-05 1.65339E-04-1.04318E-04 4.20932E-05 6.04481E-05
 -1       601 3.61160E-05 4.34448E-05 8.96125E-05 5.42100E-05-4.07317E-05 8.15674E-06
 -1       602 2.37247E-05-6.78557E-06-4.22266E-05 3.28699E-06 8.33402E-06-9.62503E-06
 -1       603-2.41131E-05-1.57022E-05-5.19926E-06-3.45737E-05-2.00307E-05 4.02770E-05
 -1       604-6.35791E-06-6.83461E-05-3.89910E-05-4.66807E-05 8.68482E-06-5.96953E-06
 -1       605 6.56732E-05 3.62318E-05 7.13182E-07 5.30548E-05-2.49631E-05 6.81786E-06
 -1       606 4.90193E-05-5.40288E-05 2.93866E-05 2.33924E-05 1.59871E-05 5.30876E-05
 -1       607-5.61486E-05-7.24673E-05-1.18315E-05-1.83606E-05 8.95435E-07 2.34045E-05
 -1       608 9.89276E-06 9.98765E-06-2.40202E-05 1.58837E-05 2.70755E-05 6.92132E-05
 -1       609-2.80392E-05 2.69850E-05 1.23252E-05-1.50642E-05-6.02037E-05-4.64325E-05
 -1       610-2.59145E-05-1.80140E-05 6.42456E-05-4.52012E-05-3.40240E-05 8.54143E-05
 -1       611 5.29510E-05-6.78627E-05 3.95666E-05 2.75422E-05 1.25665E-05 4.54794E-05
 -1       612 1.07217E-04-3.85529E-05-1.01181E-05 1.38393E-05-1.78171E-05 8.57630E-06
 -1       613-1.49448E-04 4.43610E-05-8.20213E-05-7.24283E-05-7.20211E-05-1.59951E-05
 -1       614-2.31962E-05 9.90343E-05-1.94447E-04 6.91056E-06 2.36720E-05-2.59094E-05
 -1       615-1.94423E-05 6.00316E-05-6.19096E-05 5.16934E-06-3.12322E-05 7.63792E-05
 -1       616 6.45635E-05 8.34380E-05-6.31046E-05 1.00536E-05-7.19885E-06 1.29109E-04
 -1       617-1.25841E-04 6.79201E-05 2.87688E-05 3.00616E-06 4.50470E-05 2.01749E-04
 -1       618 3.36260E-05-2.01693E-05-1.49132E-05-2.00007E-05-3.27638E-05 1.36220E-04
 -1       619 1.66318E-04-2.95249E-05 1.44220E-05 5.09017E-05 6.37338E-05 6.95542E-05
 -1       620 1.15851E-04-5.21599E-06-3.00281E-05 5.18879E-05-2.34243E-05 2.49301E-05
 -1       621-4.32342E-05-4.92241E-05 4.30370E-05-6.57292E-05 3.84549E-05 3.34035E-05
 -1       622-3.90773E-05 6.19988E-05-1.11547E-05-2.18345E-05-4.84923E-05-1.59704E-05
 -1       623 1.98053E-05 8.42135E-05-3.19335E-05 3.94413E-05 1.61094E-05 3.51860E-05
 -1       624 1.52180E-05 2.35954E-05-1.78904E-05 1.62597E-05 2.44124E-05 1.10809E-04
 -1       625-3.35434E-05 9.68854E-05-1.49518E-05 7.70788E-05 6.23654E-05 1.77455E-05
 -1       626-2.26221E-04 1.74074E-04-3.22538E-05-1.83706E-05-5.90835E-05 1.37191E-05
 -1       627-1.10028E-04 3.73622E-05 5.00074E-05 9.03872E-06 1.17498E-04 1.22822E-04
 -1       628 1.51293E-04 4.01102E-06-1.07678E-05 1.00164E-05-7.20143E-05 6.33957E-05
 -1       629 2.66023E-05-8.83203E-05-3.30845E-05-5.42241E-05-8.63749E-06 2.38717E-05
 -1       630 3.29651E-05-6.32524E-05 5.62397E-05-1.97448E-05-1.75532E-05-1.67914E-05
 -1       631 5.69820E-06 3.30259E-05-1.92868E-05 1.72539E-06 2.63395E-05 6.46646E-05
 -1       632-8.02168E-05 4.85752E-05-5.93776E-06-5.48779E-05 2.30303E-05 2.91097E-05
 -1       633-1.22368E-04 2.15457E-05 3.68645E-06-5.08148E-05-5.14285E-05-4.10521E-05
 -1       634-5.39286E-05-1.75990E-05 1.18271E-05 3.88272E-05 6.33792E-06 3.40950E-05
 -1       635-4.82538E-06 3.34593E-06 3.71676E-05 7.80912E-05 1.58480E-05 9.02012E-07
 -1       636 1.08347E-05-5.41608E-06 1.19106E-05 1.72359E-05-2.71177E-05 5.13445E-05
 -1       637-1.77794E-05-2.36644E-05-1.32822E-05 5.07571E-05 3.24005E-05 3.10595E-06
 -1       638 8.81761E-05 3.22951E-05 2.37506E-05 5.95544E-05-5.00126E-05-1.57607E-06
 -1       639 4.25313E-05-8.48903E-05 4.60689E-05-3.89395E-05-1.36797E-05 1.34171E-04
 -1       640-8.34958E-05-4.89315E-05 1.19434E-05-4.10324E-05 6.20154E-06-4.17180E-06
 -1       641-2.89489E-05-6.47586E-05-4.10910E-05 7.43099E-07-4.54924E-05-7.75128E-06
 -1       642-5.08564E-05 6.87014E-05 1.45628E-05-2.80478E-05-2.82837E-05-2.04905E-05
 -1       643 7.59036E-05 3.03604E-05-1.51164E-06 5.00363E-05 2.79044E-05 7.00310E-05
 -1       644 3.00878E-05 2.64937E-05-1.00332E-05 1.71005E-05-4.25536E-05 4.03816E-05
 -1       645-8.06023E-05 3.98588E-05-4.12340E-05-4.26853E-05-1.31577E-05 7.66686E-05
 -1       646 7.09394E-05 1.03405E-05-3.57454E-05 5.74104E-05 4.40265E-06 5.07069E-05
 -1       647-4.03647E-05 3.07348E-04-1.01748E-05 1.76550E-04 3.56215E-05-5.45737E-06
 -1       648-6.80155E-05-1.15262E-04 2.27639E-06-4.14921E-05 6.21110E-05 3.33118E-05
 -1       649 1.44493E-05-7.65667E-05 6.68583E-05-5.41996E-06-1.22054E-04-1.92135E-05
 -1       650 4.90550E-05-2.03277E-05-7.40238E-05-5.71362E-06-3.52514E-05 4.02594E-05
 -1       651-2.82413E-05-3.19457E-05 1.02981E-04-2.59111E-05-6.32674E-05-3.63009E-05
 -1       652 3.04341E-05 4.79603E-05-8.75768E-05 2.33878E-06 1.66445E-05-2.84245E-05
 -1       653-8.41178E-05 3.28845E-05-1.39887E-04-1.62934E-05 2.15335E-05 7.37896E-05
 -1       654 2.32428E-05 3.95071E-05-6.24780E-05 1.88188E-05-3.32499E-05-3.44541E-05
 -1       655 1.95227E-05 3.22070E-06-2.46009E-05-1.40416E-05 7.52127E-06-1.58225E-05
 -1       656-9.56859E-06 6.28590E-05-1.87892E-05-8.13455E-06-9.67834E-06-7.35111E-07
 -1       657-3.23253E-05 3.00965E-05-3.56313E-06 1.53181E-05-2.81462E-05-6.32740E-05
 -1       658 5.53500E-05-1.35440E-06-8.10038E-06 4.40700E-05 7.91412E-06 5.72341E-06
 -1       659 5.42214E-05-4.00198E-05-2.53006E-06-3.94663E-05-4.34262E-05 4.64248E-05
 -1       660 9.48358E-05 1.88209E-05-6.44428E-05 9.59832E-07-1.14232E-04-3.34387E-06
 -1       661 8.65324E-06-1.07328E-04-1.99767E-05-5.21518E-05 4.31504E-05 4.48727E-05
 -1       662 6.44052E-05-2.28715E-05-1.61876E-05-1.25399E-05-4.01400E-05-3.97851E-05
 -1       663 8.33252E-05-8.33988E-05-3.80058E-05 2.02322E-05 2.80665E-05 4.62403E-05
 -1       664-3.70759E-05-3.94833E-06 3.99074E-05-2.16592E-06-3.10576E-05 2.23014E-05
 -1       665-9.95122E-05 2.38106E-06 4.08776E-05-6.50490E-05 3.12802E-05 8.83689E-05
 -1       666-1.33127E-04 8.43556E-05-9.56623E-06-7.07955E-05 3.57477E-05 3.57503E-05
 -1       667-3.44869E-05 4.05817E-05 4.90208E-05 4.14657E-05 3.31499E-05 7.59484E-05
 -1       668-2.68574E-05 1.54218E-05-1.77658E-05 2.34807E-06 9.62529E-06 2.64006E-05
 -1       669-4.70754E-05 5.61938E-05 1.68331E-05 6.47070E-05 1.93149E-05 3.43384E-05
 -1       670 1.47739E-05-8.32134E-05 9.58849E-06-6.64207E-05-4.23650E-05 6.08736E-05
 -1       671 4.55805E-05-9.64247E-06-1.57568E-05-6.03473E-05 1.33254E-06 3.92061E-05
 -1       672 2.48763E-05-4.18563E-05-1.13326E-05-7.49746E-05-3.15499E-06-3.60124E-05
 -1       673 5.01931E-05 8.33727E-07-3.41861E-05 3.25117E-05 1.97653E-05-3.31213E-05
 -1       674 7.24635E-05-2.92769E-05 2.08165E-05-6.30206E-05 2.43945E-05 9.00029E-06
 -1       675-7.77157E-05 5.83657E-05-6.93661E-05-5.83486E-05 3.35203E-05 3.43518E-05
 -1       676-3.66602E-05 3.54587E-05 5.69309E-05 7.52865E-06 5.84220E-06 4.74389E-05
 -1       677-1.90261E-05 2.09026E-06 1.64510E-05-2.20836E-05-3.63271E-05-5.26104E-05
 -1       678 7.85617E-05 1.82341E-05-5.31402E-05 7.05581E-05 7.17379E-05 1.21223E-04
 -1       679 6.94414E-05 3.47344E-05-2.52918E-05-4.04767E-06 1.33817E-05 3.51041E-05
 -1       680-2.31500E-05-2.26027E-05-1.40433E-04-1.01407E-04-9.75581E-05 4.15626E-05
 -1       681 4.18561E-05 4.53736E-05-8.83216E-05 2.44437E-05-7.48520E-06 2.84126E-06
 -1       682 8.95308E-05 8.50485E-05-3.91044E-05 6.41596E-05 1.33646E-05 6.95942E-05
 -1       683 7.10498E-05 8.71352E-05-9.60808E-05 7.66689E-05 5.29613E-05 1.78405E-05
 -1       684 4.80160E-06 1.29224E-04-1.20479E-04 7.65267E-05 5.58011E-05 6.79970E-05
 -1       685-5.67661E-05 5.49364E-05-4.39068E-05-2.05664E-05-1.09619E-04 3.15118E-05
 -1       686 3.62543E-05 4.04937E-05 7.33244E-05 2.19632E-05-8.55990E-05-3.87253E-05
 -1       687-2.25846E-06-8.14248E-05 1.32443E-05 1.05220E-05-8.53251E-05-9.81651E-05
 -1       688 5.09084E-05 7.51481E-06-1.26376E-04 3.86176E-05 2.75103E-05 1.10544E-05
 -1       689-3.83737E-05 7.38713E-05-4.40282E-05 2.47359E-05-2.45807E-05-1.36877E-05
 -1       690-6.27010E-05 2.02069E-04 2.04065E-05 1.09212E-04 5.74730E-05 2.85351E-05
 -1       691 2.86464E-06 1.41633E-07 5.82392E-05 6.11123E-05 4.03281E-05-2.91424E-05
 -1       692-1.21829E-04-2.87060E-05 4.21975E-05-1.44811E-05 6.97286E-05 8.66109E-05
 -1       693 1.57128E-06 2.30424E-05-1.54815E-05 6.80019E-05 3.65835E-06-1.08095E-05
 -1       694-3.82989E-05 2.31084E-05 2.40014E-06-1.03472E-04 1.54472E-05-2.43267E-05
 -1       695-8.53515E-05 2.69419E-05 7.83197E-05-7.32576E-07 4.05317E-05 6.26713E-05
 -1       696 1.53156E-05 5.25066E-05-6.20370E-05 1.47157E-05-2.91807E-05 4.21119E-05
 -1       697 5.11500E-05 1.10977E-04-2.04642E-05 7.37547E-05 2.51925E-05 4.03336E-05
 -1       698-8.47949E-05 5.50126E-05-3.40900E-05-1.91455E-05 2.03547E-05 6.55028E-05
 -1       699 7.56494E-05 5.68464E-05-7.58202E-05 5.02436E-05-1.68534E-05 4.80253E-05
 -1       700-1.37584E-04 8.43594E-05 2.31874E-05-4.35418E-05 4.62812E-05 9.11972E-05
 -1       701 2.12716E-04 1.73196E-05 9.19095E-06 1.39606E-04-3.73131E-05-1.19442E-05
 -1       702 1.39058E-04 3.58953E-05-1.58703E-04 6.97060E-05-1.03347E-05 5.51219E-05
 -1       703-1.06274E-06-8.49665E-06 1.51456E-05-4.46439E-05-3.41763E-05 4.33219E-05
 -1       704 3.41314E-05 3.43014E-05-1.16371E-04 2.52901E-07 8.78483E-06-1.32520E-05
 -1       705 2.39650E-06 1.76739E-06-6.22585E-06-5.56503E-07 4.02749E-06 1.59141E-05
 -1       706 5.40136E-06 6.08105E-06-1.88278E-05 4.53910E-07-3.20966E-07-2.00566E-06
 -1       707-2.45789E-05-2.35420E-05 7.92130E-05 5.37925E-07-7.42176E-06 1.37547E-05
 -1       708 1.16107E-05 8.62164E-06-3.08526E-05-1.55420E-06-6.46584E-06-1.55852E-05
 -1       709-2.14173E-06 1.11699E-06-5.17639E-07-7.69763E-07 3.58364E-08 4.13061E-06
 -1       710 1.07246E-05-4.99439E-06-1.52666E-06 4.27451E-06-2.55664E-06 1.47351E-06
 -1       711 1.59981E-05-3.31788E-06-6.89375E-06 6.82486E-06 1.74086E-06-5.25000E-07
 -1       712 2.13938E-05-5.83194E-06-7.72255E-06 7.39388E-06 2.61894E-07-6.93215E-06
 -1       713 1.29746E-05-3.51917E-06-4.52599E-06 2.41196E-06-1.72096E-07-5.13532E-06
 -1       714 1.81503E-05-5.63065E-06-3.57430E-06 3.58299E-06 3.34436E-06-1.12079E-06
 -1       715 3.38421E-05-5.03956E-06-1.16798E-05 1.24379E-05-1.23340E-06-1.18629E-05
 -1       716 6.50953E-06-2.82154E-06-1.37565E-06 1.07221E-06-1.56043E-06 8.27321E-06
 -1       717 5.76697E-06-3.54668E-08-4.94025E-06-1.49310E-06 4.88148E-08 7.30826E-06
 -1       718 5.44874E-06-2.42517E-06-3.40798E-06-1.87975E-06-1.46179E-06 1.35895E-05
 -1       719 9.67620E-06-4.17363E-06-1.92909E-06 1.76447E-07-1.31269E-06-5.20279E-06
 -1       720 1.06387E-05-3.17977E-06-1.61668E-06 7.93293E-06-2.09746E-06-4.68784E-06
 -1       721 1.95859E-05 1.80743E-06-1.16400E-05 1.50146E-05 4.43032E-06 1.59737E-05
 -1       722-3.43121E-06 1.04589E-06 9.27642E-07-4.06233E-07-2.16807E-07 2.86092E-06
 -1       723-2.66952E-06 1.09285E-06 1.54771E-07-5.76268E-07 1.86501E-07 2.97459E-06
 -1       724-2.46779E-06 1.19194E-06-2.39025E-07-7.06747E-07 4.00198E-07 2.66476E-06
 -1       725-2.14102E-06 9.63063E-07-1.84722E-07-5.43902E-07-1.09448E-07 4.25048E-06
 -1       726-3.54447E-06 1.32106E-06 7.66058E-07-6.31183E-07-6.99643E-08 2.70878E-06
 -1       727 1.09176E-05-2.52621E-06-4.49309E-06 2.38890E-06-6.82421E-07 4.98518E-07
 -1       728 1.25494E-05-4.22518E-06-3.15239E-06 6.01319E-06-1.26979E-06 5.06086E-06
 -1       729 1.68220E-05-9.62547E-07-9.10529E-06 6.49947E-06 1.12031E-06-8.82928E-07
 -1       730 4.59435E-06-7.69209E-07-4.04508E-06 2.41499E-06 3.56674E-06 8.35581E-06
 -1       731 6.94382E-06 3.33607E-07-5.24360E-06 5.15406E-06-7.77957E-07 1.32602E-06
 -1       732 1.50074E-05-7.54156E-06-2.50459E-06 7.42073E-06-3.56205E-06-6.74567E-06
 -1       733 5.23332E-06-2.10143E-06-6.49107E-06 4.09041E-08 6.74797E-08 1.40087E-05
 -1       734 3.85571E-06 4.43279E-07-7.26967E-06-3.01688E-06-5.40225E-08 9.27754E-06
 -1       735 1.63736E-06 8.04179E-07-6.99218E-06-2.91275E-06-3.10953E-07 1.63483E-05
 -1       736 3.24755E-06 2.16795E-06-8.45894E-06-4.10850E-07 5.47419E-07 4.90103E-06
 -1       737 1.19819E-06 1.31677E-06-5.24506E-06-3.47887E-07 3.94594E-07 5.64095E-06
 -1       738 4.46801E-06 3.29882E-06-1.09434E-05-1.25499E-06 1.23698E-06 8.28023E-06
 -1       739-6.73483E-07 3.07094E-06-1.13700E-05-5.17912E-06 3.94638E-06 2.18090E-05
 -1       740-3.02619E-06 9.05695E-07 8.04969E-07 5.21240E-08-4.71833E-07-1.46178E-06
 -1       741-2.59479E-06 1.10335E-06-8.91135E-08-2.05174E-08-3.77548E-07-2.16599E-06
 -1       742-1.66293E-06 1.00330E-06-6.36799E-07 2.29769E-07-4.44107E-07-2.31489E-06
 -1       743 3.24548E-06 2.69002E-06-8.86725E-06-4.25949E-07 2.13158E-06 8.01938E-07
 -1       744 4.81729E-06-3.27800E-06 2.04915E-06 9.04083E-07 4.33887E-06 5.13269E-06
 -1       745-3.43274E-06 4.45800E-06-6.43822E-06-2.80120E-06 1.49359E-07 1.37877E-05
 -1       746 2.76156E-06 3.46788E-06-1.11944E-05-6.09657E-07 2.37236E-06 1.38739E-05
 -1       747-2.58161E-06 1.10921E-06 1.90393E-06-2.23012E-06-2.68552E-06 8.34379E-06
 -1       748 1.50488E-06 7.40611E-07-2.48974E-06-2.60754E-06 1.56112E-06 1.12171E-05
 -1       749 1.65243E-06 3.85353E-06-8.25962E-06-1.08303E-06 1.05094E-06 8.96627E-06
 -1       750 8.29228E-07 5.76958E-07-2.96954E-06-6.34124E-07 3.14389E-07 6.78398E-06
 -1       751-4.58831E-06-2.66840E-07 8.16166E-06 1.22332E-06-3.71626E-06 1.51089E-07
 -1       752 2.66513E-06 2.88742E-06-8.94374E-06-2.70163E-06 2.14444E-06 1.13136E-05
 -1       753-2.34151E-06 9.85556E-07 4.12250E-08-4.66322E-07-4.19219E-07 4.73554E-06
 -1       754-4.36170E-06 3.27194E-07 3.24130E-06-8.06740E-08-1.95582E-07 4.50897E-07
 -1       755-3.82254E-06 1.25448E-06 1.03378E-06-5.62221E-07-1.53633E-07 1.46757E-06
 -1       756 1.52348E-06 1.24890E-06-4.78390E-06-3.90652E-07 6.66854E-07 2.92303E-06
 -1       757-5.34076E-07 1.30564E-06-1.11930E-05-6.94285E-06 3.95253E-07 8.87463E-06
 -1       758-6.88420E-07 1.07109E-06-1.81608E-06 1.00200E-07-3.02974E-07-2.18964E-06
 -1       759-3.47394E-06 5.37995E-07 1.61038E-06 8.14268E-08-2.66177E-07 2.15348E-06
 -1       760-3.82744E-06 8.57742E-07 1.32302E-06-1.23746E-07 1.21216E-08 8.16654E-07
 -1       761-2.25139E-06 1.47041E-06-1.04790E-06-7.72226E-07 1.39099E-07 3.87543E-06
 -1       762-3.39113E-06 1.02222E-06 7.56840E-07-2.17683E-07-1.02737E-07-6.41799E-07
 -1       763 5.15564E-06 1.30937E-06-8.18268E-06-8.85536E-07 4.40546E-06 1.86614E-06
 -1       764 4.16185E-06 1.53295E-07-3.09817E-06 1.06301E-06 3.00119E-07 2.75478E-06
 -1       765 1.42742E-05 9.67846E-06-2.89737E-05-1.44328E-06 6.18614E-06 1.06107E-06
 -1       766-1.66480E-06 7.79015E-07-6.85797E-07-4.37912E-07-8.94290E-08 4.27699E-06
 -1       767-2.87563E-07 6.40844E-07-1.39839E-06 3.64122E-07 1.05369E-07-1.91127E-06
 -1       768 7.91132E-07 4.36649E-07-2.42567E-06-1.22152E-06 5.65110E-07-1.95141E-06
 -1       769 3.80699E-07 1.30682E-06-3.84231E-06-2.26414E-07 8.06167E-07 4.46744E-06
 -1       770-2.42955E-06 7.82431E-07 6.75024E-07-1.46271E-07-7.23017E-08-4.94916E-07
 -1       771 3.74116E-07 5.95447E-07 1.39769E-08 2.62049E-06-2.22421E-06-2.49840E-06
 -1       772-3.96628E-07 2.74139E-06-4.92394E-06 2.05508E-06 2.49936E-06 1.55163E-06
 -1       773-3.22087E-06 2.72661E-06-2.54955E-06-3.17060E-06 8.31009E-07-7.12875E-07
 -1       774 1.07466E-07 4.55342E-07-1.32572E-06-3.18074E-08 5.78744E-07-1.04828E-06
 -1       775 5.61567E-07 9.87833E-07-3.02851E-06 1.99838E-07 4.58994E-07-2.00247E-06
 -1       776-4.22007E-07 5.51702E-07-2.92045E-07 1.30067E-06 2.09384E-06 2.97609E-06
 -1       777-2.68691E-06-4.54150E-07 4.89368E-08-5.76688E-06 4.52061E-06 2.66939E-06
 -1       778-2.88737E-07 9.63964E-07-2.58108E-06-6.40473E-07 1.22167E-07 6.48468E-06
 -1       779-9.23683E-07 9.76756E-07-1.51730E-06-4.36245E-07 5.23541E-07 2.51539E-06
 -1       780-2.69258E-06 3.52853E-07 1.62432E-06-7.64317E-08-3.41010E-07 3.92107E-06
 -1       781-4.49246E-06 1.32918E-06 1.80033E-06-4.17053E-07-4.07680E-07 1.88006E-06
 -1       782 1.31730E-05-3.11029E-06-6.83449E-06 6.62633E-06 1.47370E-08 4.06220E-06
 -3
    1PSTEP                         4           1           1          
  100CL  101 1.000000000         782                     0    1           1
 -4  ERROR       1    1
 -5  STR(%)      1    1    0    0
 -1         1 3.93520E+01
 -1         2 3.93520E+01
 -1         3 3.57671E+01
 -1         4 3.66993E+01
 -1         5 2.46118E+01
 -1         6 1.61677E+01
 -1         7 2.61685E+01
 -1         8 2.48202E+01
 -1         9 2.69378E+01
 -1        10 2.92610E+01
 -1        11 1.97620E+01
 -1        12 2.92610E+01
 -1        13 1.07751E+01
 -1        14 1.07751E+01
 -1        15 3.54427E+01
 -1        16 3.70061E+01
 -1        17 3.57103E+01
 -1        18 3.05809E+01
 -1        19 3.59488E+01
 -1        20 3.45495E+01
 -1        21 4.04878E+01
 -1        22 3.02052E+01
 -1        23 3.74989E+01
 -1        24 3.49311E+01
 -1        25 4.05472E+01
 -1        26 3.73973E+01
 -1        27 3.62244E+01
 -1        28 3.63582E+01
 -1        29 3.31456E+01
 -1        30 3.32648E+01
 -1        31 3.52492E+01
 -1        32 3.75187E+01
 -1        33 3.53465E+01
 -1        34 3.38520E+01
 -1        35 3.62150E+01
 -1        36 3.77391E+01
 -1        37 3.99496E+01
 -1        38 3.93520E+01
 -1        39 3.80720E+01
 -1        40 3.41475E+01
 -1        41 3.64091E+01
 -1        42 3.62753E+01
 -1        43 3.62753E+01
 -1        44 4.04878E+01
 -1        45 3.02888E+01
 -1        46 3.52119E+01
 -1        47 3.74989E+01
 -1        48 3.74989E+01
 -1        49 2.96498E+01
 -1        50 3.87120E+01
 -1        51 3.61097E+01
 -1        52 3.52783E+01
 -1        53 3.63422E+01
 -1        54 3.62753E+01
 -1        55 3.83815E+01
 -1        56 3.53883E+01
 -1        57 3.27503E+01
 -1        58 3.63554E+01
 -1        59 3.74989E+01
 -1        60 3.35744E+01
 -1        61 3.45009E+01
 -1        62 3.38594E+01
 -1        63 2.93930E+01
 -1        64 3.37664E+01
 -1        65 3.44358E+01
 -1        66 3.44358E+01
 -1        67 3.43508E+01
 -1        68 3.52035E+01
 -1        69 3.52035E+01
 -1        70 3.29580E+01
 -1        71 2.82338E+01
 -1        72 2.43852E+01
 -1        73 3.48133E+01
 -1        74 3.16262E+01
 -1        75 3.15797E+01
 -1        76 3.41011E+01
 -1        77 3.44358E+01
 -1        78 3.43933E+01
 -1        79 3.47771E+01
 -1        80 3.52035E+01
 -1        81 3.40808E+01
 -1        82 3.05959E+01
 -1        83 2.63095E+01
 -1        84 3.00761E+01
 -1        85 4.06318E+01
 -1        86 3.18717E+01
 -1        87 3.53823E+01
 -1        88 2.88815E+01
 -1        89 3.04228E+01
 -1        90 3.28591E+01
 -1        91 2.20867E+01
 -1        92 2.82826E+01
 -1        93 3.34507E+01
 -1        94 3.74935E+01
 -1        95 3.74935E+01
 -1        96 3.86656E+01
 -1        97 3.62517E+01
 -1        98 3.36270E+01
 -1        99 3.21319E+01
 -1       100 2.96522E+01
 -1       101 3.16410E+01
 -1       102 2.74729E+01
 -1       103 2.51846E+01
 -1       104 3.08666E+01
 -1       105 3.54721E+01
 -1       106 3.74935E+01
 -1       107 3.70964E+01
 -1       108 3.66993E+01
 -1       109 3.74083E+01
 -1       110 3.66993E+01
 -1       111 3.70538E+01
 -1       112 3.65877E+01
 -1       113 2.03897E+01
 -1       114 2.53901E+01
 -1       115 2.54943E+01
 -1       116 2.04939E+01
 -1       117 2.80994E+01
 -1       118 2.33499E+01
 -1       119 2.45115E+01
 -1       120 2.92610E+01
 -1       121 2.27143E+01
 -1       122 2.57748E+01
 -1       123 2.70406E+01
 -1       124 2.29653E+01
 -1       125 1.27652E+01
 -1       126 2.20595E+01
 -1       127 3.11567E+01
 -1       128 3.11567E+01
 -1       129 2.74807E+01
 -1       130 2.11286E+01
 -1       131 2.75054E+01
 -1       132 2.99353E+01
 -1       133 2.42647E+01
 -1       134 1.74229E+01
 -1       135 1.64947E+01
 -1       136 1.17701E+01
 -1       137 1.74123E+01
 -1       138 2.66081E+01
 -1       139 3.11567E+01
 -1       140 2.93187E+01
 -1       141 2.43047E+01
 -1       142 2.43170E+01
 -1       143 2.87203E+01
 -1       144 2.71000E+01
 -1       145 2.08438E+01
 -1       146 1.69588E+01
 -1       147 1.36349E+01
 -1       148 1.07751E+01
 -1       149 1.20379E+01
 -1       150 2.21274E+01
 -1       151 3.11567E+01
 -1       152 2.57892E+01
 -1       153 2.74807E+01
 -1       154 2.09038E+01
 -1       155 2.75684E+01
 -1       156 2.99353E+01
 -1       157 2.42647E+01
 -1       158 1.71743E+01
 -1       159 1.64947E+01
 -1       160 1.14065E+01
 -1       161 1.70826E+01
 -1       162 2.66420E+01
 -1       163 2.84730E+01
 -1       164 2.66349E+01
 -1       165 2.41922E+01
 -1       166 2.42361E+01
 -1       167 2.87519E+01
 -1       168 2.71000E+01
 -1       169 2.07195E+01
 -1       170 1.68345E+01
 -1       171 1.36349E+01
 -1       172 3.73973E+01
 -1       173 3.99496E+01
 -1       174 3.67574E+01
 -1       175 3.50985E+01
 -1       176 3.75390E+01
 -1       177 3.67076E+01
 -1       178 3.60597E+01
 -1       179 3.55768E+01
 -1       180 3.59928E+01
 -1       181 3.34281E+01
 -1       182 3.61120E+01
 -1       183 3.61120E+01
 -1       184 3.54124E+01
 -1       185 4.04878E+01
 -1       186 3.75187E+01
 -1       187 3.78499E+01
 -1       188 3.27085E+01
 -1       189 3.53883E+01
 -1       190 3.63554E+01
 -1       191 3.74989E+01
 -1       192 3.62150E+01
 -1       193 3.74989E+01
 -1       194 3.90230E+01
 -1       195 3.41896E+01
 -1       196 3.62753E+01
 -1       197 4.05472E+01
 -1       198 4.05472E+01
 -1       199 3.59237E+01
 -1       200 3.40835E+01
 -1       201 3.52119E+01
 -1       202 3.45495E+01
 -1       203 4.03037E+01
 -1       204 4.04878E+01
 -1       205 3.41896E+01
 -1       206 4.03037E+01
 -1       207 3.48161E+01
 -1       208 3.67708E+01
 -1       209 3.99496E+01
 -1       210 4.05472E+01
 -1       211 3.73684E+01
 -1       212 3.49783E+01
 -1       213 3.40245E+01
 -1       214 3.24662E+01
 -1       215 3.81571E+01
 -1       216 3.55978E+01
 -1       217 3.48161E+01
 -1       218 3.41896E+01
 -1       219 3.80070E+01
 -1       220 3.86549E+01
 -1       221 3.72466E+01
 -1       222 3.54423E+01
 -1       223 3.80070E+01
 -1       224 4.03037E+01
 -1       225 3.61120E+01
 -1       226 3.34281E+01
 -1       227 3.82895E+01
 -1       228 3.45495E+01
 -1       229 3.52492E+01
 -1       230 3.54124E+01
 -1       231 4.04878E+01
 -1       232 3.75187E+01
 -1       233 3.75187E+01
 -1       234 3.27085E+01
 -1       235 3.78499E+01
 -1       236 3.78499E+01
 -1       237 3.67113E+01
 -1       238 3.30644E+01
 -1       239 3.55678E+01
 -1       240 3.45073E+01
 -1       241 3.57912E+01
 -1       242 3.50036E+01
 -1       243 4.05472E+01
 -1       244 3.77391E+01
 -1       245 3.73153E+01
 -1       246 4.05472E+01
 -1       247 3.40245E+01
 -1       248 3.17913E+01
 -1       249 3.48483E+01
 -1       250 3.70350E+01
 -1       251 3.70350E+01
 -1       252 3.73697E+01
 -1       253 3.53555E+01
 -1       254 3.53555E+01
 -1       255 3.44926E+01
 -1       256 3.44502E+01
 -1       257 3.74193E+01
 -1       258 3.78457E+01
 -1       259 3.52077E+01
 -1       260 3.52077E+01
 -1       261 3.55636E+01
 -1       262 3.44409E+01
 -1       263 3.35208E+01
 -1       264 3.11587E+01
 -1       265 3.43905E+01
 -1       266 3.24662E+01
 -1       267 4.06318E+01
 -1       268 3.62753E+01
 -1       269 4.05472E+01
 -1       270 3.74935E+01
 -1       271 3.59237E+01
 -1       272 3.74989E+01
 -1       273 3.52119E+01
 -1       274 3.42163E+01
 -1       275 3.64091E+01
 -1       276 4.04878E+01
 -1       277 3.86072E+01
 -1       278 4.03037E+01
 -1       279 3.99919E+01
 -1       280 3.93519E+01
 -1       281 3.50985E+01
 -1       282 3.99496E+01
 -1       283 4.05895E+01
 -1       284 4.06318E+01
 -1       285 3.86656E+01
 -1       286 3.86233E+01
 -1       287 3.90204E+01
 -1       288 3.83396E+01
 -1       289 3.63774E+01
 -1       290 3.96195E+01
 -1       291 3.72256E+01
 -1       292 3.83564E+01
 -1       293 3.94554E+01
 -1       294 3.64091E+01
 -1       295 3.63422E+01
 -1       296 3.83564E+01
 -1       297 3.62753E+01
 -1       298 3.62753E+01
 -1       299 3.63422E+01
 -1       300 3.52458E+01
 -1       301 3.73521E+01
 -1       302 3.52458E+01
 -1       303 4.04878E+01
 -1       304 3.53883E+01
 -1       305 3.73521E+01
 -1       306 3.27503E+01
 -1       307 3.52119E+01
 -1       308 3.78499E+01
 -1       309 3.55678E+01
 -1       310 3.67113E+01
 -1       311 3.55678E+01
 -1       312 3.74989E+01
 -1       313 3.74989E+01
 -1       314 3.67113E+01
 -1       315 3.74962E+01
 -1       316 3.35717E+01
 -1       317 3.74962E+01
 -1       318 3.90204E+01
 -1       319 3.52394E+01
 -1       320 3.96195E+01
 -1       321 3.78430E+01
 -1       322 3.60877E+01
 -1       323 3.26453E+01
 -1       324 3.58957E+01
 -1       325 3.33491E+01
 -1       326 3.25784E+01
 -1       327 3.35377E+01
 -1       328 3.23196E+01
 -1       329 3.12872E+01
 -1       330 3.66735E+01
 -1       331 3.17472E+01
 -1       332 2.86493E+01
 -1       333 3.46872E+01
 -1       334 3.21032E+01
 -1       335 3.74962E+01
 -1       336 3.54748E+01
 -1       337 3.74935E+01
 -1       338 3.74935E+01
 -1       339 3.34507E+01
 -1       340 3.74935E+01
 -1       341 3.86072E+01
 -1       342 3.53823E+01
 -1       343 3.59237E+01
 -1       344 3.52035E+01
 -1       345 3.00043E+01
 -1       346 3.97434E+01
 -1       347 3.74083E+01
 -1       348 3.57671E+01
 -1       349 4.06318E+01
 -1       350 3.66993E+01
 -1       351 3.43508E+01
 -1       352 3.43508E+01
 -1       353 3.44358E+01
 -1       354 3.53823E+01
 -1       355 3.57671E+01
 -1       356 3.48133E+01
 -1       357 3.28857E+01
 -1       358 2.71947E+01
 -1       359 3.37063E+01
 -1       360 3.65877E+01
 -1       361 3.86656E+01
 -1       362 4.06318E+01
 -1       363 3.66993E+01
 -1       364 3.70964E+01
 -1       365 3.86656E+01
 -1       366 3.66993E+01
 -1       367 3.62333E+01
 -1       368 3.40001E+01
 -1       369 3.80077E+01
 -1       370 3.56338E+01
 -1       371 3.65877E+01
 -1       372 3.23877E+01
 -1       373 3.45743E+01
 -1       374 3.69948E+01
 -1       375 3.45743E+01
 -1       376 3.49090E+01
 -1       377 3.53823E+01
 -1       378 3.44358E+01
 -1       379 3.44358E+01
 -1       380 3.49090E+01
 -1       381 3.43933E+01
 -1       382 3.43508E+01
 -1       383 3.43933E+01
 -1       384 3.47771E+01
 -1       385 3.43508E+01
 -1       386 3.43508E+01
 -1       387 3.52035E+01
 -1       388 3.52035E+01
 -1       389 3.47771E+01
 -1       390 3.55636E+01
 -1       391 3.44409E+01
 -1       392 3.55636E+01
 -1       393 3.32044E+01
 -1       394 3.08423E+01
 -1       395 3.46872E+01
 -1       396 3.28637E+01
 -1       397 3.09393E+01
 -1       398 3.54721E+01
 -1       399 3.86185E+01
 -1       400 3.20643E+01
 -1       401 3.48739E+01
 -1       402 3.52394E+01
 -1       403 3.96195E+01
 -1       404 3.90200E+01
 -1       405 3.90200E+01
 -1       406 3.53823E+01
 -1       407 3.36270E+01
 -1       408 3.21319E+01
 -1       409 3.53823E+01
 -1       410 3.24293E+01
 -1       411 3.16587E+01
 -1       412 3.36049E+01
 -1       413 3.23868E+01
 -1       414 3.36049E+01
 -1       415 2.82187E+01
 -1       416 3.17431E+01
 -1       417 2.86451E+01
 -1       418 3.46872E+01
 -1       419 3.21032E+01
 -1       420 3.54721E+01
 -1       421 3.34507E+01
 -1       422 3.74935E+01
 -1       423 3.74935E+01
 -1       424 3.86185E+01
 -1       425 3.82214E+01
 -1       426 3.90200E+01
 -1       427 3.70538E+01
 -1       428 3.85758E+01
 -1       429 3.74083E+01
 -1       430 2.47160E+01
 -1       431 2.80994E+01
 -1       432 2.69364E+01
 -1       433 2.77147E+01
 -1       434 2.86671E+01
 -1       435 2.70406E+01
 -1       436 2.27143E+01
 -1       437 2.92610E+01
 -1       438 2.92610E+01
 -1       439 2.92610E+01
 -1       440 2.69364E+01
 -1       441 2.77147E+01
 -1       442 2.80994E+01
 -1       443 2.45115E+01
 -1       444 1.17701E+01
 -1       445 1.36349E+01
 -1       446 1.24015E+01
 -1       447 1.64947E+01
 -1       448 1.74463E+01
 -1       449 2.20934E+01
 -1       450 2.66081E+01
 -1       451 3.11567E+01
 -1       452 3.11567E+01
 -1       453 2.66349E+01
 -1       454 2.84730E+01
 -1       455 2.41922E+01
 -1       456 2.10162E+01
 -1       457 2.74807E+01
 -1       458 2.42046E+01
 -1       459 2.75369E+01
 -1       460 2.87519E+01
 -1       461 2.99353E+01
 -1       462 2.71000E+01
 -1       463 2.07195E+01
 -1       464 1.72986E+01
 -1       465 2.42647E+01
 -1       466 1.68345E+01
 -1       467 2.85738E+01
 -1       468 2.87603E+01
 -1       469 2.87603E+01
 -1       470 3.09322E+01
 -1       471 2.23208E+01
 -1       472 2.24901E+01
 -1       473 2.97578E+01
 -1       474 1.22592E+01
 -1       475 2.63522E+01
 -1       476 1.76596E+01
 -1       477 3.09322E+01
 -1       478 1.25122E+01
 -1       479 1.15172E+01
 -1       480 1.97677E+01
 -1       481 2.26275E+01
 -1       482 2.05098E+01
 -1       483 2.22748E+01
 -1       484 1.76276E+01
 -1       485 1.73747E+01
 -1       486 2.44082E+01
 -1       487 1.98595E+01
 -1       488 2.00748E+01
 -1       489 2.67387E+01
 -1       490 2.67387E+01
 -1       491 1.99902E+01
 -1       492 2.92064E+01
 -1       493 3.10445E+01
 -1       494 2.66265E+01
 -1       495 2.60304E+01
 -1       496 2.92064E+01
 -1       497 3.09322E+01
 -1       498 2.86316E+01
 -1       499 2.54432E+01
 -1       500 3.03450E+01
 -1       501 2.98465E+01
 -1       502 2.65125E+01
 -1       503 2.93478E+01
 -1       504 2.92590E+01
 -1       505 2.30916E+01
 -1       506 2.14234E+01
 -1       507 2.18876E+01
 -1       508 2.75562E+01
 -1       509 2.75562E+01
 -1       510 2.86671E+01
 -1       511 2.87603E+01
 -1       512 2.86671E+01
 -1       513 2.56252E+01
 -1       514 2.55320E+01
 -1       515 2.91658E+01
 -1       516 2.54473E+01
 -1       517 2.66265E+01
 -1       518 2.97530E+01
 -1       519 2.24054E+01
 -1       520 2.87603E+01
 -1       521 2.87603E+01
 -1       522 2.99353E+01
 -1       523 3.09322E+01
 -1       524 3.11567E+01
 -1       525 2.23208E+01
 -1       526 2.99353E+01
 -1       527 8.76472E+00
 -1       528 1.69583E+01
 -1       529 2.21274E+01
 -1       530 2.89776E+01
 -1       531 9.76990E+00
 -1       532 1.04013E+01
 -1       533 2.26275E+01
 -1       534 1.97677E+01
 -1       535 1.87625E+01
 -1       536 1.71794E+01
 -1       537 2.22241E+01
 -1       538 1.55427E+01
 -1       539 2.21274E+01
 -1       540 2.66420E+01
 -1       541 2.22241E+01
 -1       542 3.11567E+01
 -1       543 2.84730E+01
 -1       544 2.66420E+01
 -1       545 2.73834E+01
 -1       546 2.82292E+01
 -1       547 3.00672E+01
 -1       548 2.92064E+01
 -1       549 2.59180E+01
 -1       550 2.99549E+01
 -1       551 2.54195E+01
 -1       552 2.87519E+01
 -1       553 3.04338E+01
 -1       554 2.99353E+01
 -1       555 2.99353E+01
 -1       556 2.71000E+01
 -1       557 2.99353E+01
 -1       558 2.35548E+01
 -1       559 1.70663E+01
 -1       560 1.67265E+01
 -1       561 2.34468E+01
 -1       562 2.28593E+01
 -1       563 2.87603E+01
 -1       564 2.93478E+01
 -1       565 2.93478E+01
 -1       566 2.55405E+01
 -1       567 2.55405E+01
 -1       568 2.93478E+01
 -1       569 2.98462E+01
 -1       570 3.10445E+01
 -1       571 2.99585E+01
 -1       572 2.67387E+01
 -1       573 4.03037E+01
 -1       574 4.06318E+01
 -1       575 3.93520E+01
 -1       576 3.72256E+01
 -1       577 3.83564E+01
 -1       578 3.86549E+01
 -1       579 3.80070E+01
 -1       580 3.53130E+01
 -1       581 3.53555E+01
 -1       582 3.53130E+01
 -1       583 3.53555E+01
 -1       584 3.62753E+01
 -1       585 3.44502E+01
 -1       586 3.44502E+01
 -1       587 3.42836E+01
 -1       588 3.42836E+01
 -1       589 3.43829E+01
 -1       590 3.52077E+01
 -1       591 3.52119E+01
 -1       592 3.52077E+01
 -1       593 3.47813E+01
 -1       594 3.47813E+01
 -1       595 3.78430E+01
 -1       596 3.78430E+01
 -1       597 3.58957E+01
 -1       598 3.83564E+01
 -1       599 3.58957E+01
 -1       600 3.57885E+01
 -1       601 3.37671E+01
 -1       602 3.54748E+01
 -1       603 3.57912E+01
 -1       604 3.74962E+01
 -1       605 4.01453E+01
 -1       606 4.01453E+01
 -1       607 4.05472E+01
 -1       608 4.01453E+01
 -1       609 4.05472E+01
 -1       610 3.52458E+01
 -1       611 3.86185E+01
 -1       612 3.90204E+01
 -1       613 4.03037E+01
 -1       614 3.78430E+01
 -1       615 3.78499E+01
 -1       616 3.74193E+01
 -1       617 3.74193E+01
 -1       618 3.75187E+01
 -1       619 3.90204E+01
 -1       620 3.90230E+01
 -1       621 3.74935E+01
 -1       622 3.78430E+01
 -1       623 4.03037E+01
 -1       624 4.04878E+01
 -1       625 3.83801E+01
 -1       626 3.80256E+01
 -1       627 3.80256E+01
 -1       628 3.52757E+01
 -1       629 3.89777E+01
 -1       630 3.95477E+01
 -1       631 3.59237E+01
 -1       632 3.67113E+01
 -1       633 3.67113E+01
 -1       634 3.99496E+01
 -1       635 3.99496E+01
 -1       636 3.99496E+01
 -1       637 3.93520E+01
 -1       638 3.73697E+01
 -1       639 3.54224E+01
 -1       640 3.55678E+01
 -1       641 3.55678E+01
 -1       642 3.50985E+01
 -1       643 3.62150E+01
 -1       644 3.86233E+01
 -1       645 3.50036E+01
 -1       646 3.67113E+01
 -1       647 3.49783E+01
 -1       648 3.57989E+01
 -1       649 3.94554E+01
 -1       650 3.96195E+01
 -1       651 4.04677E+01
 -1       652 3.80071E+01
 -1       653 3.94554E+01
 -1       654 4.04677E+01
 -1       655 3.55678E+01
 -1       656 4.05472E+01
 -1       657 3.90230E+01
 -1       658 3.74989E+01
 -1       659 4.06318E+01
 -1       660 3.90200E+01
 -1       661 4.06318E+01
 -1       662 3.63422E+01
 -1       663 3.62753E+01
 -1       664 3.62753E+01
 -1       665 3.55678E+01
 -1       666 3.59237E+01
 -1       667 3.59237E+01
 -1       668 3.54124E+01
 -1       669 3.52119E+01
 -1       670 3.82895E+01
 -1       671 3.75187E+01
 -1       672 3.78499E+01
 -1       673 4.04878E+01
 -1       674 4.04878E+01
 -1       675 4.03037E+01
 -1       676 4.03037E+01
 -1       677 4.04677E+01
 -1       678 3.86072E+01
 -1       679 3.93520E+01
 -1       680 3.63984E+01
 -1       681 3.60597E+01
 -1       682 4.06318E+01
 -1       683 4.06318E+01
 -1       684 3.96195E+01
 -1       685 3.74107E+01
 -1       686 3.57989E+01
 -1       687 3.88189E+01
 -1       688 3.93519E+01
 -1       689 3.73896E+01
 -1       690 3.75595E+01
 -1       691 3.67708E+01
 -1       692 3.83801E+01
 -1       693 3.73973E+01
 -1       694 3.75595E+01
 -1       695 3.99919E+01
 -1       696 3.80373E+01
 -1       697 3.87120E+01
 -1       698 3.74107E+01
 -1       699 3.99919E+01
 -1       700 3.99919E+01
 -1       701 3.80256E+01
 -1       702 3.83564E+01
 -1       703 4.03037E+01
 -1       704 2.69364E+01
 -1       705 2.77147E+01
 -1       706 2.92610E+01
 -1       707 2.92610E+01
 -1       708 2.92610E+01
 -1       709 1.45488E+01
 -1       710 2.07458E+01
 -1       711 2.58463E+01
 -1       712 2.33751E+01
 -1       713 2.83893E+01
 -1       714 2.78908E+01
 -1       715 2.67074E+01
 -1       716 2.92064E+01
 -1       717 3.09322E+01
 -1       718 2.58390E+01
 -1       719 2.58390E+01
 -1       720 2.41133E+01
 -1       721 2.41133E+01
 -1       722 1.05120E+01
 -1       723 1.21486E+01
 -1       724 1.32933E+01
 -1       725 1.34040E+01
 -1       726 1.16567E+01
 -1       727 2.60304E+01
 -1       728 2.09372E+01
 -1       729 2.86631E+01
 -1       730 2.78020E+01
 -1       731 2.66758E+01
 -1       732 2.08248E+01
 -1       733 2.92064E+01
 -1       734 3.09322E+01
 -1       735 2.99549E+01
 -1       736 1.98935E+01
 -1       737 2.23087E+01
 -1       738 2.22241E+01
 -1       739 3.10445E+01
 -1       740 2.75562E+01
 -1       741 2.14234E+01
 -1       742 2.16553E+01
 -1       743 2.66420E+01
 -1       744 2.98465E+01
 -1       745 2.55405E+01
 -1       746 2.98462E+01
 -1       747 2.56252E+01
 -1       748 3.10445E+01
 -1       749 2.23208E+01
 -1       750 2.24054E+01
 -1       751 2.87603E+01
 -1       752 2.67387E+01
 -1       753 2.56252E+01
 -1       754 2.87603E+01
 -1       755 1.15172E+01
 -1       756 2.20934E+01
 -1       757 2.83607E+01
 -1       758 2.17633E+01
 -1       759 1.87625E+01
 -1       760 1.97677E+01
 -1       761 1.36570E+01
 -1       762 2.26275E+01
 -1       763 3.11567E+01
 -1       764 3.03450E+01
 -1       765 3.11567E+01
 -1       766 1.84348E+01
 -1       767 2.81437E+01
 -1       768 2.71000E+01
 -1       769 2.23087E+01
 -1       770 2.87603E+01
 -1       771 2.87603E+01
 -1       772 2.92590E+01
 -1       773 2.99353E+01
 -1       774 2.93478E+01
 -1       775 2.36791E+01
 -1       776 2.98465E+01
 -1       777 2.99353E+01
 -1       778 1.85194E+01
 -1       779 1.83381E+01
 -1       780 2.16545E+01
 -1       781 2.16545E+01
 -1       782 2.34875E+01
 -3
 9999
