    1C
    1UUSER                                                              
    1UDATE              05.september.2026                               
    1UTIME              11:49:45                                        
    1UHOST                                                              
    1UPGM               CalculiX                                        
    1UVERSION           Version 2.18                             
    1UCOMPILETIME       Thu Oct 14 16:21:20 EEST 2021                    
    1UDIR                                                               
    1UDBN                                                               
    1UMAT    1FEMPART002_MATERIAL                                       
    2C                           782                                     1
 -1         1-5.00000E-15 5.00000E+00 2.12000E+02
 -1         2-5.00000E-15-5.00000E+00 2.12000E+02
 -1         3-2.00000E-15 5.00000E+00 2.00000E+02
 -1         4-2.00000E-15-5.00000E+00 2.00000E+02
 -1         5-5.00000E+00-3.00000E+00 1.80000E+02
 -1         6-5.00000E+00-3.00000E+00 4.80000E+01
 -1         7-5.00000E+00 3.00000E+00 1.80000E+02
 -1         8-5.00000E+00 3.00000E+00 4.80000E+01
 -1         9 5.00000E+00-3.00000E+00 1.80000E+02
 -1        10 5.00000E+00-3.00000E+00 4.80000E+01
 -1        11 5.00000E+00 3.00000E+00 1.80000E+02
 -1        12 5.00000E+00 3.00000E+00 4.80000E+01
 -1        13-7.00000E-15 5.00000E+00 7.60000E+01
 -1        14-7.00000E-15-5.00000E+00 7.60000E+01
 -1        15 1.00000E+01 5.00000E+00 2.09321E+02
 -1        16 1.73205E+01 5.00000E+00 2.02000E+02
 -1        17 2.00000E+01 5.00000E+00 1.92000E+02
 -1        18 1.73205E+01 5.00000E+00 1.82000E+02
 -1        19 1.00000E+01 5.00000E+00 1.74679E+02
 -1        20-1.13014E-13 5.00000E+00 1.72000E+02
 -1        21-1.00000E+01 5.00000E+00 1.74679E+02
 -1        22-1.73205E+01 5.00000E+00 1.82000E+02
 -1        23-2.00000E+01 5.00000E+00 1.92000E+02
 -1        24-1.73205E+01 5.00000E+00 2.02000E+02
 -1        25-1.00000E+01 5.00000E+00 2.09321E+02
 -1        26 5.17638E+00 5.00000E+00 2.11319E+02
 -1        27 1.41421E+01 5.00000E+00 2.06142E+02
 -1        28 1.93185E+01 5.00000E+00 1.97176E+02
 -1        29 1.93185E+01 5.00000E+00 1.86824E+02
 -1        30 1.41421E+01 5.00000E+00 1.77858E+02
 -1        31 5.17638E+00 5.00000E+00 1.72681E+02
 -1        32-5.17638E+00 5.00000E+00 1.72681E+02
 -1        33-1.41421E+01 5.00000E+00 1.77858E+02
 -1        34-1.93185E+01 5.00000E+00 1.86824E+02
 -1        35-1.93185E+01 5.00000E+00 1.97176E+02
 -1        36-1.41421E+01 5.00000E+00 2.06142E+02
 -1        37-5.17638E+00 5.00000E+00 2.11319E+02
 -1        38-4.90000E-15 0.00000E+00 2.12000E+02
 -1        39 1.00000E+01-5.00000E+00 2.09321E+02
 -1        40 1.73205E+01-5.00000E+00 2.02000E+02
 -1        41 2.00000E+01-5.00000E+00 1.92000E+02
 -1        42 1.73205E+01-5.00000E+00 1.82000E+02
 -1        43 1.00000E+01-5.00000E+00 1.74679E+02
 -1        44-1.13014E-13-5.00000E+00 1.72000E+02
 -1        45-1.00000E+01-5.00000E+00 1.74679E+02
 -1        46-1.73205E+01-5.00000E+00 1.82000E+02
 -1        47-2.00000E+01-5.00000E+00 1.92000E+02
 -1        48-1.73205E+01-5.00000E+00 2.02000E+02
 -1        49-1.00000E+01-5.00000E+00 2.09321E+02
 -1        50 5.17638E+00-5.00000E+00 2.11319E+02
 -1        51 1.41421E+01-5.00000E+00 2.06142E+02
 -1        52 1.93185E+01-5.00000E+00 1.97176E+02
 -1        53 1.93185E+01-5.00000E+00 1.86824E+02
 -1        54 1.41421E+01-5.00000E+00 1.77858E+02
 -1        55 5.17638E+00-5.00000E+00 1.72681E+02
 -1        56-5.17638E+00-5.00000E+00 1.72681E+02
 -1        57-1.41421E+01-5.00000E+00 1.77858E+02
 -1        58-1.93185E+01-5.00000E+00 1.86824E+02
 -1        59-1.93185E+01-5.00000E+00 1.97176E+02
 -1        60-1.41421E+01-5.00000E+00 2.06142E+02
 -1        61-5.17638E+00-5.00000E+00 2.11319E+02
 -1        62 4.00000E+00 5.00000E+00 1.98928E+02
 -1        63 6.92820E+00 5.00000E+00 1.96000E+02
 -1        64 8.00000E+00 5.00000E+00 1.92000E+02
 -1        65 6.92820E+00 5.00000E+00 1.88000E+02
 -1        66 4.00000E+00 5.00000E+00 1.85072E+02
 -1        67-4.52056E-14 5.00000E+00 1.84000E+02
 -1        68-4.00000E+00 5.00000E+00 1.85072E+02
 -1        69-6.92820E+00 5.00000E+00 1.88000E+02
 -1        70-8.00000E+00 5.00000E+00 1.92000E+02
 -1        71-6.92820E+00 5.00000E+00 1.96000E+02
 -1        72-4.00000E+00 5.00000E+00 1.98928E+02
 -1        73 2.07055E+00 5.00000E+00 1.99727E+02
 -1        74 5.65685E+00 5.00000E+00 1.97657E+02
 -1        75 7.72741E+00 5.00000E+00 1.94071E+02
 -1        76 7.72741E+00 5.00000E+00 1.89929E+02
 -1        77 5.65685E+00 5.00000E+00 1.86343E+02
 -1        78 2.07055E+00 5.00000E+00 1.84273E+02
 -1        79-2.07055E+00 5.00000E+00 1.84273E+02
 -1        80-5.65685E+00 5.00000E+00 1.86343E+02
 -1        81-7.72741E+00 5.00000E+00 1.89929E+02
 -1        82-7.72741E+00 5.00000E+00 1.94071E+02
 -1        83-5.65685E+00 5.00000E+00 1.97657E+02
 -1        84-2.07055E+00 5.00000E+00 1.99727E+02
 -1        85 4.00000E+00-5.00000E+00 1.98928E+02
 -1        86 6.92820E+00-5.00000E+00 1.96000E+02
 -1        87 8.00000E+00-5.00000E+00 1.92000E+02
 -1        88 6.92820E+00-5.00000E+00 1.88000E+02
 -1        89 4.00000E+00-5.00000E+00 1.85072E+02
 -1        90-4.52056E-14-5.00000E+00 1.84000E+02
 -1        91-4.00000E+00-5.00000E+00 1.85072E+02
 -1        92-6.92820E+00-5.00000E+00 1.88000E+02
 -1        93-8.00000E+00-5.00000E+00 1.92000E+02
 -1        94-6.92820E+00-5.00000E+00 1.96000E+02
 -1        95-4.00000E+00-5.00000E+00 1.98928E+02
 -1        96 2.07055E+00-5.00000E+00 1.99727E+02
 -1        97 5.65685E+00-5.00000E+00 1.97657E+02
 -1        98 7.72741E+00-5.00000E+00 1.94071E+02
 -1        99 7.72741E+00-5.00000E+00 1.89929E+02
 -1       100 5.65685E+00-5.00000E+00 1.86343E+02
 -1       101 2.07055E+00-5.00000E+00 1.84273E+02
 -1       102-2.07055E+00-5.00000E+00 1.84273E+02
 -1       103-5.65685E+00-5.00000E+00 1.86343E+02
 -1       104-7.72741E+00-5.00000E+00 1.89929E+02
 -1       105-7.72741E+00-5.00000E+00 1.94071E+02
 -1       106-5.65685E+00-5.00000E+00 1.97657E+02
 -1       107-2.07055E+00-5.00000E+00 1.99727E+02
 -1       108-1.96000E-15-1.66667E+00 2.00000E+02
 -1       109-1.96000E-15 1.66667E+00 2.00000E+02
 -1       110-1.96000E-15-3.33333E+00 2.00000E+02
 -1       111-1.96000E-15 8.88178E-16 2.00000E+02
 -1       112-1.96000E-15 3.33333E+00 2.00000E+02
 -1       113-5.00000E+00-3.00000E+00 1.14000E+02
 -1       114-5.00000E+00 0.00000E+00 1.80000E+02
 -1       115-5.00000E+00 3.00000E+00 1.14000E+02
 -1       116-5.00000E+00 0.00000E+00 4.80000E+01
 -1       117 5.00000E+00-3.00000E+00 1.14000E+02
 -1       118 5.00000E+00 0.00000E+00 1.80000E+02
 -1       119 5.00000E+00 3.00000E+00 1.14000E+02
 -1       120 5.00000E+00 0.00000E+00 4.80000E+01
 -1       121 0.00000E+00-3.00000E+00 4.80000E+01
 -1       122 0.00000E+00-3.00000E+00 1.80000E+02
 -1       123 0.00000E+00 3.00000E+00 4.80000E+01
 -1       124 0.00000E+00 3.00000E+00 1.80000E+02
 -1       125 1.40000E+01 5.00000E+00 7.22487E+01
 -1       126 2.42487E+01 5.00000E+00 6.20000E+01
 -1       127 2.80000E+01 5.00000E+00 4.80000E+01
 -1       128 2.42487E+01 5.00000E+00 3.40000E+01
 -1       129 1.40000E+01 5.00000E+00 2.37513E+01
 -1       130-1.70654E-13 5.00000E+00 2.00000E+01
 -1       131-1.40000E+01 5.00000E+00 2.37513E+01
 -1       132-2.42487E+01 5.00000E+00 3.40000E+01
 -1       133-2.80000E+01 5.00000E+00 4.80000E+01
 -1       134-2.42487E+01 5.00000E+00 6.20000E+01
 -1       135-1.40000E+01 5.00000E+00 7.22487E+01
 -1       136 7.24693E+00 5.00000E+00 7.50459E+01
 -1       137 1.97990E+01 5.00000E+00 6.77990E+01
 -1       138 2.70459E+01 5.00000E+00 5.52469E+01
 -1       139 2.70459E+01 5.00000E+00 4.07531E+01
 -1       140 1.97990E+01 5.00000E+00 2.82010E+01
 -1       141 7.24693E+00 5.00000E+00 2.09541E+01
 -1       142-7.24693E+00 5.00000E+00 2.09541E+01
 -1       143-1.97990E+01 5.00000E+00 2.82010E+01
 -1       144-2.70459E+01 5.00000E+00 4.07531E+01
 -1       145-2.70459E+01 5.00000E+00 5.52469E+01
 -1       146-1.97990E+01 5.00000E+00 6.77990E+01
 -1       147-7.24693E+00 5.00000E+00 7.50459E+01
 -1       148-6.86000E-15 0.00000E+00 7.60000E+01
 -1       149 1.40000E+01-5.00000E+00 7.22487E+01
 -1       150 2.42487E+01-5.00000E+00 6.20000E+01
 -1       151 2.80000E+01-5.00000E+00 4.80000E+01
 -1       152 2.42487E+01-5.00000E+00 3.40000E+01
 -1       153 1.40000E+01-5.00000E+00 2.37513E+01
 -1       154-1.70654E-13-5.00000E+00 2.00000E+01
 -1       155-1.40000E+01-5.00000E+00 2.37513E+01
 -1       156-2.42487E+01-5.00000E+00 3.40000E+01
 -1       157-2.80000E+01-5.00000E+00 4.80000E+01
 -1       158-2.42487E+01-5.00000E+00 6.20000E+01
 -1       159-1.40000E+01-5.00000E+00 7.22487E+01
 -1       160 7.24693E+00-5.00000E+00 7.50459E+01
 -1       161 1.97990E+01-5.00000E+00 6.77990E+01
 -1       162 2.70459E+01-5.00000E+00 5.52469E+01
 -1       163 2.70459E+01-5.00000E+00 4.07531E+01
 -1       164 1.97990E+01-5.00000E+00 2.82010E+01
 -1       165 7.24693E+00-5.00000E+00 2.09541E+01
 -1       166-7.24693E+00-5.00000E+00 2.09541E+01
 -1       167-1.97990E+01-5.00000E+00 2.82010E+01
 -1       168-2.70459E+01-5.00000E+00 4.07531E+01
 -1       169-2.70459E+01-5.00000E+00 5.52469E+01
 -1       170-1.97990E+01-5.00000E+00 6.77990E+01
 -1       171-7.24693E+00-5.00000E+00 7.50459E+01
 -1       172 5.17638E+00 0.00000E+00 2.11319E+02
 -1       173-5.17638E+00 0.00000E+00 2.11319E+02
 -1       174 1.00000E+01 0.00000E+00 2.09321E+02
 -1       175-1.00000E+01 0.00000E+00 2.09321E+02
 -1       176 1.41421E+01 0.00000E+00 2.06142E+02
 -1       177 1.93185E+01 0.00000E+00 1.97176E+02
 -1       178 2.00000E+01 0.00000E+00 1.92000E+02
 -1       179 1.73205E+01 0.00000E+00 2.02000E+02
 -1       180 1.93185E+01 0.00000E+00 1.86824E+02
 -1       181 1.73205E+01 0.00000E+00 1.82000E+02
 -1       182 1.41421E+01 0.00000E+00 1.77858E+02
 -1       183 1.00000E+01 0.00000E+00 1.74679E+02
 -1       184 5.17638E+00 0.00000E+00 1.72681E+02
 -1       185-5.17638E+00 0.00000E+00 1.72681E+02
 -1       186-1.13014E-13 0.00000E+00 1.72000E+02
 -1       187-1.41421E+01 0.00000E+00 1.77858E+02
 -1       188-1.73205E+01 0.00000E+00 1.82000E+02
 -1       189-1.00000E+01 0.00000E+00 1.74679E+02
 -1       190-1.93185E+01 0.00000E+00 1.86824E+02
 -1       191-1.93185E+01 0.00000E+00 1.97176E+02
 -1       192-1.73205E+01 0.00000E+00 2.02000E+02
 -1       193-2.00000E+01 0.00000E+00 1.92000E+02
 -1       194-1.41421E+01 0.00000E+00 2.06142E+02
 -1       195 3.41624E+00 5.00000E+00 2.04750E+02
 -1       196 9.33333E+00 5.00000E+00 1.82667E+02
 -1       197-3.47208E+00 5.00000E+00 2.04541E+02
 -1       198-9.28680E+00 5.00000E+00 2.01090E+02
 -1       199-1.27496E+01 5.00000E+00 1.88584E+02
 -1       200-1.23808E+01 5.00000E+00 1.95279E+02
 -1       201-9.12493E+00 5.00000E+00 1.82723E+02
 -1       202 3.26367E+00 5.00000E+00 1.79403E+02
 -1       203 1.25970E+01 5.00000E+00 1.88736E+02
 -1       204-3.31021E+00 5.00000E+00 1.79646E+02
 -1       205 9.27749E+00 5.00000E+00 2.01125E+02
 -1       206 1.23539E+01 5.00000E+00 1.95310E+02
 -1       207 6.70812E+00 5.00000E+00 2.07035E+02
 -1       208 1.70812E+00 5.00000E+00 2.08375E+02
 -1       209-1.73604E+00 5.00000E+00 2.08271E+02
 -1       210-6.73604E+00 5.00000E+00 2.06931E+02
 -1       211-2.79210E-02 5.00000E+00 2.04645E+02
 -1       212 1.70812E+00 5.00000E+00 2.02375E+02
 -1       213 3.70812E+00 5.00000E+00 2.01839E+02
 -1       214-3.73604E+00 5.00000E+00 2.01735E+02
 -1       215-1.73604E+00 5.00000E+00 2.02271E+02
 -1       216 1.32990E+01 5.00000E+00 2.01562E+02
 -1       217 9.63875E+00 5.00000E+00 2.05223E+02
 -1       218 6.34686E+00 5.00000E+00 2.02937E+02
 -1       219 1.61769E+01 5.00000E+00 1.93655E+02
 -1       220 1.48372E+01 5.00000E+00 1.98655E+02
 -1       221 1.08157E+01 5.00000E+00 1.98218E+02
 -1       222 1.49588E+01 5.00000E+00 1.85368E+02
 -1       223 1.62985E+01 5.00000E+00 1.90368E+02
 -1       224 1.24754E+01 5.00000E+00 1.92023E+02
 -1       225 9.66667E+00 5.00000E+00 1.78673E+02
 -1       226 1.33269E+01 5.00000E+00 1.82333E+02
 -1       227 1.09652E+01 5.00000E+00 1.85701E+02
 -1       228 1.63184E+00 5.00000E+00 1.75701E+02
 -1       229 6.63184E+00 5.00000E+00 1.77041E+02
 -1       230 6.29850E+00 5.00000E+00 1.81035E+02
 -1       231-6.65510E+00 5.00000E+00 1.77163E+02
 -1       232-1.65510E+00 5.00000E+00 1.75823E+02
 -1       233-2.32675E-02 5.00000E+00 1.79525E+02
 -1       234-1.32227E+01 5.00000E+00 1.82361E+02
 -1       235-9.56246E+00 5.00000E+00 1.78701E+02
 -1       236-6.21757E+00 5.00000E+00 1.81184E+02
 -1       237-1.63748E+01 5.00000E+00 1.90292E+02
 -1       238-1.50350E+01 5.00000E+00 1.85292E+02
 -1       239-1.09372E+01 5.00000E+00 1.85653E+02
 -1       240-1.48507E+01 5.00000E+00 1.98639E+02
 -1       241-1.61904E+01 5.00000E+00 1.93639E+02
 -1       242-1.25652E+01 5.00000E+00 1.91931E+02
 -1       243-9.64340E+00 5.00000E+00 2.05205E+02
 -1       244-1.33037E+01 5.00000E+00 2.01545E+02
 -1       245-1.08338E+01 5.00000E+00 1.98185E+02
 -1       246-6.37944E+00 5.00000E+00 2.02816E+02
 -1       247 6.63875E+00 5.00000E+00 2.00027E+02
 -1       248 8.10285E+00 5.00000E+00 1.98562E+02
 -1       249 9.64104E+00 5.00000E+00 1.95655E+02
 -1       250 1.01769E+01 5.00000E+00 1.93655E+02
 -1       251 1.02985E+01 5.00000E+00 1.90368E+02
 -1       252 9.76261E+00 5.00000E+00 1.88368E+02
 -1       253 8.13077E+00 5.00000E+00 1.85333E+02
 -1       254 6.66667E+00 5.00000E+00 1.83869E+02
 -1       255 3.63184E+00 5.00000E+00 1.82237E+02
 -1       256 1.63184E+00 5.00000E+00 1.81701E+02
 -1       257-1.65510E+00 5.00000E+00 1.81823E+02
 -1       258-3.65510E+00 5.00000E+00 1.82359E+02
 -1       259-6.56246E+00 5.00000E+00 1.83897E+02
 -1       260-8.02657E+00 5.00000E+00 1.85361E+02
 -1       261-9.83889E+00 5.00000E+00 1.88292E+02
 -1       262-1.03748E+01 5.00000E+00 1.90292E+02
 -1       263-1.01904E+01 5.00000E+00 1.93639E+02
 -1       264-9.65452E+00 5.00000E+00 1.95639E+02
 -1       265-8.10750E+00 5.00000E+00 1.98545E+02
 -1       266-6.64340E+00 5.00000E+00 2.00009E+02
 -1       267 3.41624E+00-5.00000E+00 2.04750E+02
 -1       268 9.33333E+00-5.00000E+00 1.82667E+02
 -1       269-3.47208E+00-5.00000E+00 2.04541E+02
 -1       270-9.28680E+00-5.00000E+00 2.01090E+02
 -1       271-1.27496E+01-5.00000E+00 1.88584E+02
 -1       272-1.23808E+01-5.00000E+00 1.95279E+02
 -1       273-9.12493E+00-5.00000E+00 1.82723E+02
 -1       274 3.26367E+00-5.00000E+00 1.79403E+02
 -1       275 1.25970E+01-5.00000E+00 1.88736E+02
 -1       276-3.31021E+00-5.00000E+00 1.79646E+02
 -1       277 9.27749E+00-5.00000E+00 2.01125E+02
 -1       278 1.23539E+01-5.00000E+00 1.95310E+02
 -1       279 1.70812E+00-5.00000E+00 2.08375E+02
 -1       280 6.70812E+00-5.00000E+00 2.07035E+02
 -1       281-6.73604E+00-5.00000E+00 2.06931E+02
 -1       282-1.73604E+00-5.00000E+00 2.08271E+02
 -1       283-2.79210E-02-5.00000E+00 2.04645E+02
 -1       284 3.70812E+00-5.00000E+00 2.01839E+02
 -1       285 1.70812E+00-5.00000E+00 2.02375E+02
 -1       286-1.73604E+00-5.00000E+00 2.02271E+02
 -1       287-3.73604E+00-5.00000E+00 2.01735E+02
 -1       288 9.63875E+00-5.00000E+00 2.05223E+02
 -1       289 1.32990E+01-5.00000E+00 2.01562E+02
 -1       290 6.34686E+00-5.00000E+00 2.02937E+02
 -1       291 1.48372E+01-5.00000E+00 1.98655E+02
 -1       292 1.61769E+01-5.00000E+00 1.93655E+02
 -1       293 1.08157E+01-5.00000E+00 1.98218E+02
 -1       294 1.62985E+01-5.00000E+00 1.90368E+02
 -1       295 1.49588E+01-5.00000E+00 1.85368E+02
 -1       296 1.24754E+01-5.00000E+00 1.92023E+02
 -1       297 1.33269E+01-5.00000E+00 1.82333E+02
 -1       298 9.66667E+00-5.00000E+00 1.78673E+02
 -1       299 1.09652E+01-5.00000E+00 1.85701E+02
 -1       300 6.63184E+00-5.00000E+00 1.77041E+02
 -1       301 1.63184E+00-5.00000E+00 1.75701E+02
 -1       302 6.29850E+00-5.00000E+00 1.81035E+02
 -1       303-1.65510E+00-5.00000E+00 1.75823E+02
 -1       304-6.65510E+00-5.00000E+00 1.77163E+02
 -1       305-2.32675E-02-5.00000E+00 1.79525E+02
 -1       306-9.56246E+00-5.00000E+00 1.78701E+02
 -1       307-1.32227E+01-5.00000E+00 1.82361E+02
 -1       308-6.21757E+00-5.00000E+00 1.81184E+02
 -1       309-1.50350E+01-5.00000E+00 1.85292E+02
 -1       310-1.63748E+01-5.00000E+00 1.90292E+02
 -1       311-1.09372E+01-5.00000E+00 1.85653E+02
 -1       312-1.61904E+01-5.00000E+00 1.93639E+02
 -1       313-1.48507E+01-5.00000E+00 1.98639E+02
 -1       314-1.25652E+01-5.00000E+00 1.91931E+02
 -1       315-1.33037E+01-5.00000E+00 2.01545E+02
 -1       316-9.64340E+00-5.00000E+00 2.05205E+02
 -1       317-1.08338E+01-5.00000E+00 1.98185E+02
 -1       318-6.37944E+00-5.00000E+00 2.02816E+02
 -1       319 8.10285E+00-5.00000E+00 1.98562E+02
 -1       320 6.63875E+00-5.00000E+00 2.00027E+02
 -1       321 1.01769E+01-5.00000E+00 1.93655E+02
 -1       322 9.64104E+00-5.00000E+00 1.95655E+02
 -1       323 9.76261E+00-5.00000E+00 1.88368E+02
 -1       324 1.02985E+01-5.00000E+00 1.90368E+02
 -1       325 6.66667E+00-5.00000E+00 1.83869E+02
 -1       326 8.13077E+00-5.00000E+00 1.85333E+02
 -1       327 1.63184E+00-5.00000E+00 1.81701E+02
 -1       328 3.63184E+00-5.00000E+00 1.82237E+02
 -1       329-3.65510E+00-5.00000E+00 1.82359E+02
 -1       330-1.65510E+00-5.00000E+00 1.81823E+02
 -1       331-8.02657E+00-5.00000E+00 1.85361E+02
 -1       332-6.56246E+00-5.00000E+00 1.83897E+02
 -1       333-1.03748E+01-5.00000E+00 1.90292E+02
 -1       334-9.83889E+00-5.00000E+00 1.88292E+02
 -1       335-9.65452E+00-5.00000E+00 1.95639E+02
 -1       336-1.01904E+01-5.00000E+00 1.93639E+02
 -1       337-6.64340E+00-5.00000E+00 2.00009E+02
 -1       338-8.10750E+00-5.00000E+00 1.98545E+02
 -1       339-7.75117E+00 4.09069E-04 1.93980E+02
 -1       340-5.90063E+00 8.58439E-03 1.97402E+02
 -1       341 5.90063E+00 8.58439E-03 1.97402E+02
 -1       342 7.75117E+00 4.09069E-04 1.93980E+02
 -1       343-7.72741E+00 0.00000E+00 1.89929E+02
 -1       344-5.65685E+00 0.00000E+00 1.86343E+02
 -1       345-2.07055E+00 3.33333E+00 1.99727E+02
 -1       346-3.33039E+00 3.82036E-01 1.99274E+02
 -1       347 3.33039E+00 3.82036E-01 1.99274E+02
 -1       348 2.07055E+00 3.33333E+00 1.99727E+02
 -1       349 1.81662E+00-2.08377E+00 1.99791E+02
 -1       350-1.81662E+00-2.08377E+00 1.99791E+02
 -1       351-2.07055E+00 0.00000E+00 1.84273E+02
 -1       352 2.07055E+00 0.00000E+00 1.84273E+02
 -1       353 5.65685E+00-8.88178E-16 1.86343E+02
 -1       354 7.72741E+00 0.00000E+00 1.89929E+02
 -1       355 1.04421E+00 4.16667E+00 1.99932E+02
 -1       356 3.06147E+00 4.16667E+00 1.99391E+02
 -1       357-1.04421E+00 4.16667E+00 1.99932E+02
 -1       358-3.06147E+00 4.16667E+00 1.99391E+02
 -1       359-1.04421E+00 2.50000E+00 1.99932E+02
 -1       360 1.04421E+00 2.50000E+00 1.99932E+02
 -1       361 9.14302E-01-3.54188E+00 1.99948E+02
 -1       362 2.94013E+00-3.54188E+00 1.99440E+02
 -1       363-9.14302E-01-3.54188E+00 1.99948E+02
 -1       364-2.94013E+00-3.54188E+00 1.99440E+02
 -1       365 9.14302E-01-1.87522E+00 1.99948E+02
 -1       366-9.14302E-01-1.87522E+00 1.99948E+02
 -1       367 5.00878E+00 2.50429E+00 1.98238E+02
 -1       368 6.45261E+00 2.50429E+00 1.96729E+02
 -1       369 4.70943E+00 1.95310E-01 1.98467E+02
 -1       370 3.66927E+00 2.69102E+00 1.99109E+02
 -1       371 2.70998E+00 1.85768E+00 1.99527E+02
 -1       372 7.40887E+00 2.50020E+00 1.95018E+02
 -1       373 7.93755E+00 2.50020E+00 1.92998E+02
 -1       374 7.03712E+00 4.49673E-03 1.95805E+02
 -1       375 7.93156E+00 2.50000E+00 1.90956E+02
 -1       376 7.39104E+00 2.50000E+00 1.88939E+02
 -1       377 7.99986E+00 2.04534E-04 1.91953E+02
 -1       378 6.34683E+00 2.50000E+00 1.87130E+02
 -1       379 4.87009E+00 2.50000E+00 1.85653E+02
 -1       380 6.92820E+00 0.00000E+00 1.88000E+02
 -1       381 3.06147E+00 2.50000E+00 1.84609E+02
 -1       382 1.04421E+00 2.50000E+00 1.84068E+02
 -1       383 4.00000E+00 0.00000E+00 1.85072E+02
 -1       384-3.06147E+00 2.50000E+00 1.84609E+02
 -1       385-1.04421E+00 2.50000E+00 1.84068E+02
 -1       386-4.16528E-14 0.00000E+00 1.84000E+02
 -1       387-4.87009E+00 2.50000E+00 1.85653E+02
 -1       388-6.34683E+00 2.50000E+00 1.87130E+02
 -1       389-4.00000E+00 0.00000E+00 1.85072E+02
 -1       390-7.39104E+00 2.50000E+00 1.88939E+02
 -1       391-7.93156E+00 2.50000E+00 1.90956E+02
 -1       392-6.92820E+00 0.00000E+00 1.88000E+02
 -1       393-7.93755E+00 2.50020E+00 1.92998E+02
 -1       394-7.40887E+00 2.50020E+00 1.95018E+02
 -1       395-7.99986E+00 2.04534E-04 1.91953E+02
 -1       396-6.45261E+00 2.50429E+00 1.96729E+02
 -1       397-5.00878E+00 2.50429E+00 1.98238E+02
 -1       398-7.03712E+00 4.49673E-03 1.95805E+02
 -1       399-4.70943E+00 1.95310E-01 1.98467E+02
 -1       400-3.66927E+00 2.69102E+00 1.99109E+02
 -1       401-2.70998E+00 1.85768E+00 1.99527E+02
 -1       402 6.45261E+00-2.49571E+00 1.96729E+02
 -1       403 5.00878E+00-2.49571E+00 1.98238E+02
 -1       404 3.66927E+00-2.30898E+00 1.99109E+02
 -1       405 2.58646E+00-8.50865E-01 1.99570E+02
 -1       406 7.93755E+00-2.49980E+00 1.92998E+02
 -1       407 7.40887E+00-2.49980E+00 1.95018E+02
 -1       408 7.39104E+00-2.50000E+00 1.88939E+02
 -1       409 7.93156E+00-2.50000E+00 1.90956E+02
 -1       410 4.87009E+00-2.50000E+00 1.85653E+02
 -1       411 6.34683E+00-2.50000E+00 1.87130E+02
 -1       412 1.04421E+00-2.50000E+00 1.84068E+02
 -1       413 3.06147E+00-2.50000E+00 1.84609E+02
 -1       414-1.04421E+00-2.50000E+00 1.84068E+02
 -1       415-3.06147E+00-2.50000E+00 1.84609E+02
 -1       416-6.34683E+00-2.50000E+00 1.87130E+02
 -1       417-4.87009E+00-2.50000E+00 1.85653E+02
 -1       418-7.93156E+00-2.50000E+00 1.90956E+02
 -1       419-7.39104E+00-2.50000E+00 1.88939E+02
 -1       420-7.40887E+00-2.49980E+00 1.95018E+02
 -1       421-7.93755E+00-2.49980E+00 1.92998E+02
 -1       422-5.00878E+00-2.49571E+00 1.98238E+02
 -1       423-6.45261E+00-2.49571E+00 1.96729E+02
 -1       424-3.66927E+00-2.30898E+00 1.99109E+02
 -1       425-2.58646E+00-8.50865E-01 1.99570E+02
 -1       426 9.14302E-01-2.08549E-01 1.99948E+02
 -1       427-9.14302E-01-2.08549E-01 1.99948E+02
 -1       428-1.70432E+00 1.02435E+00 1.99816E+02
 -1       429 1.70432E+00 1.02435E+00 1.99816E+02
 -1       430-5.00000E+00 0.00000E+00 1.14000E+02
 -1       431 5.00000E+00 0.00000E+00 1.14000E+02
 -1       432 0.00000E+00-3.00000E+00 1.14000E+02
 -1       433 0.00000E+00 3.00000E+00 1.14000E+02
 -1       434 0.00000E+00 0.00000E+00 4.80000E+01
 -1       435-2.50000E+00 1.50000E+00 4.80000E+01
 -1       436-2.50000E+00-1.50000E+00 4.80000E+01
 -1       437 2.50000E+00-1.50000E+00 4.80000E+01
 -1       438 2.50000E+00 1.50000E+00 4.80000E+01
 -1       439 0.00000E+00 0.00000E+00 1.80000E+02
 -1       440-2.50000E+00-1.50000E+00 1.80000E+02
 -1       441-2.50000E+00 1.50000E+00 1.80000E+02
 -1       442 2.50000E+00-1.50000E+00 1.80000E+02
 -1       443 2.50000E+00 1.50000E+00 1.80000E+02
 -1       444 7.24693E+00 0.00000E+00 7.50459E+01
 -1       445-7.24693E+00 0.00000E+00 7.50459E+01
 -1       446 1.40000E+01 0.00000E+00 7.22487E+01
 -1       447-1.40000E+01 0.00000E+00 7.22487E+01
 -1       448 1.97990E+01 0.00000E+00 6.77990E+01
 -1       449 2.42487E+01 0.00000E+00 6.20000E+01
 -1       450 2.70459E+01 0.00000E+00 5.52469E+01
 -1       451 2.80000E+01 0.00000E+00 4.80000E+01
 -1       452 2.70459E+01 0.00000E+00 4.07531E+01
 -1       453 1.97990E+01 0.00000E+00 2.82010E+01
 -1       454 2.42487E+01 0.00000E+00 3.40000E+01
 -1       455 7.24693E+00 0.00000E+00 2.09541E+01
 -1       456-1.70654E-13 0.00000E+00 2.00000E+01
 -1       457 1.40000E+01 0.00000E+00 2.37513E+01
 -1       458-7.24693E+00 0.00000E+00 2.09541E+01
 -1       459-1.40000E+01 0.00000E+00 2.37513E+01
 -1       460-1.97990E+01 0.00000E+00 2.82010E+01
 -1       461-2.42487E+01 0.00000E+00 3.40000E+01
 -1       462-2.70459E+01 0.00000E+00 4.07531E+01
 -1       463-2.70459E+01 0.00000E+00 5.52469E+01
 -1       464-2.42487E+01 0.00000E+00 6.20000E+01
 -1       465-2.80000E+01 0.00000E+00 4.80000E+01
 -1       466-1.97990E+01 0.00000E+00 6.77990E+01
 -1       467-7.17433E-15 5.00000E+00 4.80000E+01
 -1       468-3.75129E+00 5.00000E+00 6.20000E+01
 -1       469-1.40000E+01 5.00000E+00 5.17513E+01
 -1       470 3.75129E+00 5.00000E+00 3.40000E+01
 -1       471 1.40000E+01 5.00000E+00 4.42487E+01
 -1       472 1.02487E+01 5.00000E+00 5.82487E+01
 -1       473-1.02487E+01 5.00000E+00 3.77513E+01
 -1       474 5.12436E+00 5.00000E+00 6.71244E+01
 -1       475-1.40000E+01 5.00000E+00 6.20000E+01
 -1       476 1.91244E+01 5.00000E+00 5.31244E+01
 -1       477 1.40000E+01 5.00000E+00 3.40000E+01
 -1       478 9.56218E+00 5.00000E+00 6.96865E+01
 -1       479 2.56218E+00 5.00000E+00 7.15622E+01
 -1       480-1.87564E+00 5.00000E+00 6.90000E+01
 -1       481-8.87564E+00 5.00000E+00 6.71244E+01
 -1       482 6.86533E-01 5.00000E+00 6.45622E+01
 -1       483 1.72487E+01 5.00000E+00 6.01244E+01
 -1       484 1.21244E+01 5.00000E+00 6.52487E+01
 -1       485 7.68653E+00 5.00000E+00 6.26865E+01
 -1       486 2.35622E+01 5.00000E+00 5.05622E+01
 -1       487 2.16865E+01 5.00000E+00 5.75622E+01
 -1       488 1.46865E+01 5.00000E+00 5.56865E+01
 -1       489 1.91244E+01 5.00000E+00 3.91244E+01
 -1       490 2.10000E+01 5.00000E+00 4.61244E+01
 -1       491 1.65622E+01 5.00000E+00 4.86865E+01
 -1       492 1.40000E+01 5.00000E+00 2.88756E+01
 -1       493 1.91244E+01 5.00000E+00 3.40000E+01
 -1       494 1.40000E+01 5.00000E+00 3.91244E+01
 -1       495 1.87564E+00 5.00000E+00 2.70000E+01
 -1       496 8.87564E+00 5.00000E+00 2.88756E+01
 -1       497 8.87564E+00 5.00000E+00 3.40000E+01
 -1       498-1.21244E+01 5.00000E+00 3.07513E+01
 -1       499-5.12436E+00 5.00000E+00 2.88756E+01
 -1       500-3.24871E+00 5.00000E+00 3.58756E+01
 -1       501-1.72487E+01 5.00000E+00 3.58756E+01
 -1       502-2.10000E+01 5.00000E+00 4.98756E+01
 -1       503-1.91244E+01 5.00000E+00 4.28756E+01
 -1       504-1.21244E+01 5.00000E+00 4.47513E+01
 -1       505-1.91244E+01 5.00000E+00 5.68756E+01
 -1       506-1.40000E+01 5.00000E+00 6.71244E+01
 -1       507-1.91244E+01 5.00000E+00 6.20000E+01
 -1       508-1.40000E+01 5.00000E+00 5.68756E+01
 -1       509-8.87564E+00 5.00000E+00 6.20000E+01
 -1       510-7.00000E+00 5.00000E+00 4.98756E+01
 -1       511-8.87564E+00 5.00000E+00 5.68756E+01
 -1       512-1.87564E+00 5.00000E+00 5.50000E+01
 -1       513 3.24871E+00 5.00000E+00 6.01244E+01
 -1       514 5.12436E+00 5.00000E+00 5.31244E+01
 -1       515-5.12436E+00 5.00000E+00 4.28756E+01
 -1       516 7.00000E+00 5.00000E+00 4.61244E+01
 -1       517 8.87564E+00 5.00000E+00 3.91244E+01
 -1       518 1.87564E+00 5.00000E+00 4.10000E+01
 -1       519 1.21244E+01 5.00000E+00 5.12487E+01
 -1       520-7.17433E-15-5.00000E+00 4.80000E+01
 -1       521-3.75129E+00-5.00000E+00 6.20000E+01
 -1       522-1.40000E+01-5.00000E+00 5.17513E+01
 -1       523 3.75129E+00-5.00000E+00 3.40000E+01
 -1       524 1.40000E+01-5.00000E+00 4.42487E+01
 -1       525 1.02487E+01-5.00000E+00 5.82487E+01
 -1       526-1.02487E+01-5.00000E+00 3.77513E+01
 -1       527 5.12436E+00-5.00000E+00 6.71244E+01
 -1       528-1.40000E+01-5.00000E+00 6.20000E+01
 -1       529 1.91244E+01-5.00000E+00 5.31244E+01
 -1       530 1.40000E+01-5.00000E+00 3.40000E+01
 -1       531 2.56218E+00-5.00000E+00 7.15622E+01
 -1       532 9.56218E+00-5.00000E+00 6.96865E+01
 -1       533-8.87564E+00-5.00000E+00 6.71244E+01
 -1       534-1.87564E+00-5.00000E+00 6.90000E+01
 -1       535 6.86533E-01-5.00000E+00 6.45622E+01
 -1       536 1.21244E+01-5.00000E+00 6.52487E+01
 -1       537 1.72487E+01-5.00000E+00 6.01244E+01
 -1       538 7.68653E+00-5.00000E+00 6.26865E+01
 -1       539 2.16865E+01-5.00000E+00 5.75622E+01
 -1       540 2.35622E+01-5.00000E+00 5.05622E+01
 -1       541 1.46865E+01-5.00000E+00 5.56865E+01
 -1       542 2.10000E+01-5.00000E+00 4.61244E+01
 -1       543 1.91244E+01-5.00000E+00 3.91244E+01
 -1       544 1.65622E+01-5.00000E+00 4.86865E+01
 -1       545 1.91244E+01-5.00000E+00 3.40000E+01
 -1       546 1.40000E+01-5.00000E+00 2.88756E+01
 -1       547 1.40000E+01-5.00000E+00 3.91244E+01
 -1       548 8.87564E+00-5.00000E+00 2.88756E+01
 -1       549 1.87564E+00-5.00000E+00 2.70000E+01
 -1       550 8.87564E+00-5.00000E+00 3.40000E+01
 -1       551-5.12436E+00-5.00000E+00 2.88756E+01
 -1       552-1.21244E+01-5.00000E+00 3.07513E+01
 -1       553-3.24871E+00-5.00000E+00 3.58756E+01
 -1       554-1.72487E+01-5.00000E+00 3.58756E+01
 -1       555-1.91244E+01-5.00000E+00 4.28756E+01
 -1       556-2.10000E+01-5.00000E+00 4.98756E+01
 -1       557-1.21244E+01-5.00000E+00 4.47513E+01
 -1       558-1.91244E+01-5.00000E+00 5.68756E+01
 -1       559-1.91244E+01-5.00000E+00 6.20000E+01
 -1       560-1.40000E+01-5.00000E+00 6.71244E+01
 -1       561-1.40000E+01-5.00000E+00 5.68756E+01
 -1       562-8.87564E+00-5.00000E+00 6.20000E+01
 -1       563-1.87564E+00-5.00000E+00 5.50000E+01
 -1       564-8.87564E+00-5.00000E+00 5.68756E+01
 -1       565-7.00000E+00-5.00000E+00 4.98756E+01
 -1       566 5.12436E+00-5.00000E+00 5.31244E+01
 -1       567 3.24871E+00-5.00000E+00 6.01244E+01
 -1       568-5.12436E+00-5.00000E+00 4.28756E+01
 -1       569 1.87564E+00-5.00000E+00 4.10000E+01
 -1       570 8.87564E+00-5.00000E+00 3.91244E+01
 -1       571 7.00000E+00-5.00000E+00 4.61244E+01
 -1       572 1.21244E+01-5.00000E+00 5.12487E+01
 -1       573 1.52876E+01-7.21677E-17 1.95835E+02
 -1       574 9.27495E+00 0.00000E+00 2.02785E+02
 -1       575 1.87907E+00 1.77636E-15 2.04591E+02
 -1       576 1.63041E+01-2.50000E+00 1.98918E+02
 -1       577 1.76438E+01-2.50000E+00 1.93918E+02
 -1       578 1.63041E+01 2.50000E+00 1.98918E+02
 -1       579 1.76438E+01 2.50000E+00 1.93918E+02
 -1       580 5.70194E+00 2.50000E+00 1.83470E+02
 -1       581 7.49509E+00 2.50000E+00 1.84505E+02
 -1       582 5.70194E+00-2.50000E+00 1.83470E+02
 -1       583 7.49509E+00-2.50000E+00 1.84505E+02
 -1       584 9.33333E+00 0.00000E+00 1.82667E+02
 -1       585 5.96561E-01 2.50000E+00 1.81838E+02
 -1       586 2.66711E+00 2.50000E+00 1.81838E+02
 -1       587 5.96561E-01-2.50000E+00 1.81838E+02
 -1       588 2.66711E+00-2.50000E+00 1.81838E+02
 -1       589 3.26367E+00 0.00000E+00 1.79403E+02
 -1       590-7.39089E+00-2.50000E+00 1.84533E+02
 -1       591-9.12493E+00 0.00000E+00 1.82723E+02
 -1       592-7.39089E+00 2.50000E+00 1.84533E+02
 -1       593-5.59774E+00 2.50000E+00 1.83498E+02
 -1       594-5.59774E+00-2.50000E+00 1.83498E+02
 -1       595 1.01622E+01 2.50000E+00 1.89333E+02
 -1       596 1.01741E+01 2.50020E+00 1.91358E+02
 -1       597 1.01741E+01-2.49980E+00 1.91358E+02
 -1       598 1.25970E+01 0.00000E+00 1.88736E+02
 -1       599 1.01622E+01-2.50000E+00 1.89333E+02
 -1       600-9.14074E+00 2.50429E+00 1.96341E+02
 -1       601-1.00660E+01 2.50020E+00 1.94629E+02
 -1       602-1.00660E+01-2.49980E+00 1.94629E+02
 -1       603-1.23808E+01 0.00000E+00 1.95279E+02
 -1       604-9.14074E+00-2.49571E+00 1.96341E+02
 -1       605-6.30859E+00 2.69102E+00 2.00182E+02
 -1       606-3.40123E+00 2.69102E+00 2.01908E+02
 -1       607-3.47208E+00 0.00000E+00 2.04541E+02
 -1       608-3.40123E+00-2.30898E+00 2.01908E+02
 -1       609-6.37944E+00 0.00000E+00 2.02816E+02
 -1       610 6.29850E+00 0.00000E+00 1.81035E+02
 -1       611-6.30859E+00-2.30898E+00 2.00182E+02
 -1       612-9.28680E+00 0.00000E+00 2.01090E+02
 -1       613 1.24754E+01 0.00000E+00 1.92023E+02
 -1       614 1.00525E+01-2.49980E+00 1.94645E+02
 -1       615-6.21757E+00 0.00000E+00 1.81184E+02
 -1       616-2.69038E+00 2.50000E+00 1.81959E+02
 -1       617-2.69038E+00-2.50000E+00 1.81959E+02
 -1       618-2.32675E-02 0.00000E+00 1.79525E+02
 -1       619-7.59371E+00 2.50429E+00 1.99246E+02
 -1       620-1.08338E+01 0.00000E+00 1.98185E+02
 -1       621-7.59371E+00-2.49571E+00 1.99246E+02
 -1       622 1.00525E+01 2.50020E+00 1.94645E+02
 -1       623 1.23539E+01 0.00000E+00 1.95310E+02
 -1       624-3.31021E+00 0.00000E+00 1.79646E+02
 -1       625 9.39533E-01 8.33333E-01 2.02296E+02
 -1       626 9.39533E-01-8.33333E-01 2.02296E+02
 -1       627 3.12217E-02-1.04188E+00 2.02191E+02
 -1       628-2.77132E+00 4.16667E+00 2.02134E+02
 -1       629-1.73604E+00 3.33333E+00 2.02271E+02
 -1       630-7.25661E-01 1.91018E-01 2.01933E+02
 -1       631-1.27496E+01 0.00000E+00 1.88584E+02
 -1       632-1.63748E+01 0.00000E+00 1.90292E+02
 -1       633-1.25652E+01 0.00000E+00 1.91931E+02
 -1       634-1.73604E+00 0.00000E+00 2.08271E+02
 -1       635-7.96507E-01 2.50000E+00 2.04566E+02
 -1       636-7.96507E-01-2.50000E+00 2.04566E+02
 -1       637 9.39533E-01 2.50000E+00 2.08296E+02
 -1       638 9.12693E+00 2.50000E+00 1.87540E+02
 -1       639 9.12693E+00-2.50000E+00 1.87540E+02
 -1       640-8.42617E+00-2.50000E+00 1.86326E+02
 -1       641-8.42617E+00 2.50000E+00 1.86326E+02
 -1       642-9.64340E+00 0.00000E+00 2.05205E+02
 -1       643-1.48507E+01 0.00000E+00 1.98639E+02
 -1       644-2.64435E+00-3.54188E+00 2.02166E+02
 -1       645-1.00541E+01 2.50000E+00 1.92604E+02
 -1       646-1.00541E+01-2.50000E+00 1.92604E+02
 -1       647 2.74339E+00 4.16667E+00 2.02238E+02
 -1       648 3.37331E+00 2.69102E+00 2.02012E+02
 -1       649 9.12725E+00 2.50429E+00 1.96356E+02
 -1       650 7.58779E+00 4.29219E-03 2.00093E+02
 -1       651 1.08144E+01 2.50000E+00 1.99047E+02
 -1       652 8.51306E+00 2.04534E-04 1.98382E+02
 -1       653 9.12725E+00-2.49571E+00 1.96356E+02
 -1       654 1.08144E+01-2.50000E+00 1.99047E+02
 -1       655-1.50350E+01 0.00000E+00 1.85292E+02
 -1       656-6.73604E+00 0.00000E+00 2.06931E+02
 -1       657-1.33037E+01 0.00000E+00 2.01545E+02
 -1       658-1.61904E+01 0.00000E+00 1.93639E+02
 -1       659 5.54579E+00-1.04188E+00 2.01288E+02
 -1       660 6.30267E+00 1.91018E-01 2.01029E+02
 -1       661 6.63748E+00-2.50000E+00 2.00856E+02
 -1       662 1.09652E+01 0.00000E+00 1.85701E+02
 -1       663 1.33269E+01 0.00000E+00 1.82333E+02
 -1       664 9.66667E+00 0.00000E+00 1.78673E+02
 -1       665-1.09372E+01 0.00000E+00 1.85653E+02
 -1       666-1.02385E+01-2.50000E+00 1.89257E+02
 -1       667-1.02385E+01 2.50000E+00 1.89257E+02
 -1       668 6.63184E+00 0.00000E+00 1.77041E+02
 -1       669-1.32227E+01 0.00000E+00 1.82361E+02
 -1       670 1.49588E+01 0.00000E+00 1.85368E+02
 -1       671 1.63184E+00 0.00000E+00 1.75701E+02
 -1       672-9.56246E+00 0.00000E+00 1.78701E+02
 -1       673-6.65510E+00 0.00000E+00 1.77163E+02
 -1       674-1.65510E+00 0.00000E+00 1.75823E+02
 -1       675 1.38207E+01-2.50000E+00 1.95573E+02
 -1       676 1.38207E+01 2.50000E+00 1.95573E+02
 -1       677 1.22813E+01-3.60838E-17 1.99310E+02
 -1       678 7.58906E+00-2.49571E+00 1.99264E+02
 -1       679 9.39533E-01-2.50000E+00 2.08296E+02
 -1       680 7.58906E+00 2.50429E+00 1.99264E+02
 -1       681 1.62985E+01 0.00000E+00 1.90368E+02
 -1       682 2.61643E+00-3.54188E+00 2.02270E+02
 -1       683 6.34559E+00-2.50000E+00 2.03767E+02
 -1       684 9.27622E+00-2.50000E+00 2.01955E+02
 -1       685 9.27622E+00 2.50000E+00 2.01955E+02
 -1       686 6.30394E+00 2.69102E+00 2.00199E+02
 -1       687 1.32977E+01 2.50000E+00 2.02392E+02
 -1       688 9.63748E+00-2.50000E+00 2.06053E+02
 -1       689 1.32977E+01-2.50000E+00 2.02392E+02
 -1       690 1.97481E+00 1.66667E+00 2.02159E+02
 -1       691 2.64765E+00 2.50000E+00 2.04670E+02
 -1       692 2.60473E+00 1.91018E-01 2.01933E+02
 -1       693 5.93953E+00 2.50000E+00 2.06956E+02
 -1       694 9.39533E-01 2.50000E+00 2.02296E+02
 -1       695 1.84784E+00-1.04188E+00 2.02191E+02
 -1       696 9.63748E+00 2.50000E+00 2.06053E+02
 -1       697 5.93953E+00-2.50000E+00 2.06956E+02
 -1       698 6.34559E+00 2.50000E+00 2.03767E+02
 -1       699 5.57701E+00 8.88178E-16 2.03688E+02
 -1       700 2.64765E+00-2.50000E+00 2.04670E+02
 -1       701 9.39533E-01-2.50000E+00 2.02296E+02
 -1       702 1.39423E+01-2.50000E+00 1.92286E+02
 -1       703 1.39423E+01 2.50000E+00 1.92286E+02
 -1       704-2.50000E+00-1.50000E+00 1.14000E+02
 -1       705-2.50000E+00 1.50000E+00 1.14000E+02
 -1       706 0.00000E+00 0.00000E+00 1.14000E+02
 -1       707 2.50000E+00 1.50000E+00 1.14000E+02
 -1       708 2.50000E+00-1.50000E+00 1.14000E+02
 -1       709 8.97538E+00-8.97666E-01 6.54932E+01
 -1       710 5.93538E+00-1.29602E-02 2.59214E+01
 -1       711-6.01192E+00-5.00000E-01 2.83632E+01
 -1       712-3.00596E+00-2.75000E+00 2.41816E+01
 -1       713-1.13032E+00-2.75000E+00 3.11816E+01
 -1       714-8.13032E+00-2.75000E+00 3.30572E+01
 -1       715-1.00060E+01-2.75000E+00 2.60572E+01
 -1       716 8.87564E+00 0.00000E+00 2.88756E+01
 -1       717 3.75129E+00 0.00000E+00 3.40000E+01
 -1       718 4.84333E+00 2.49352E+00 2.99607E+01
 -1       719 4.84333E+00-2.50648E+00 2.99607E+01
 -1       720 9.96769E+00-2.50648E+00 2.48364E+01
 -1       721 9.96769E+00 2.49352E+00 2.48364E+01
 -1       722 5.12436E+00 0.00000E+00 6.71244E+01
 -1       723 9.56218E+00 0.00000E+00 6.96865E+01
 -1       724 1.14877E+01-2.94883E+00 6.88709E+01
 -1       725 7.04987E+00 2.05117E+00 6.63088E+01
 -1       726 7.04987E+00-2.94883E+00 6.63088E+01
 -1       727 1.87564E+00 0.00000E+00 2.70000E+01
 -1       728 2.96769E+00 2.49352E+00 2.29607E+01
 -1       729-1.21244E+01 0.00000E+00 3.07513E+01
 -1       730-8.13032E+00 2.25000E+00 3.30572E+01
 -1       731-1.00060E+01 2.25000E+00 2.60572E+01
 -1       732 2.96769E+00-2.50648E+00 2.29607E+01
 -1       733 1.40000E+01 0.00000E+00 2.88756E+01
 -1       734 8.87564E+00 0.00000E+00 3.40000E+01
 -1       735 1.40000E+01 0.00000E+00 3.40000E+01
 -1       736 1.91244E+01 0.00000E+00 5.31244E+01
 -1       737 1.46865E+01 0.00000E+00 5.56865E+01
 -1       738 1.65622E+01 0.00000E+00 4.86865E+01
 -1       739 1.40000E+01 0.00000E+00 3.91244E+01
 -1       740-8.87564E+00 0.00000E+00 6.20000E+01
 -1       741-1.40000E+01 0.00000E+00 6.71244E+01
 -1       742-1.40000E+01 0.00000E+00 6.20000E+01
 -1       743 2.35622E+01 0.00000E+00 5.05622E+01
 -1       744-1.02487E+01 0.00000E+00 3.77513E+01
 -1       745 7.00000E+00 0.00000E+00 4.61244E+01
 -1       746 1.87564E+00 0.00000E+00 4.10000E+01
 -1       747 5.12436E+00 0.00000E+00 5.31244E+01
 -1       748 8.87564E+00 0.00000E+00 3.91244E+01
 -1       749 1.21244E+01 0.00000E+00 5.12487E+01
 -1       750 1.02487E+01 0.00000E+00 5.82487E+01
 -1       751-1.87564E+00 0.00000E+00 5.50000E+01
 -1       752 1.40000E+01 0.00000E+00 4.42487E+01
 -1       753 3.24871E+00 0.00000E+00 6.01244E+01
 -1       754-3.75129E+00 0.00000E+00 6.20000E+01
 -1       755 2.56218E+00 0.00000E+00 7.15622E+01
 -1       756 2.16865E+01 0.00000E+00 5.75622E+01
 -1       757 1.91244E+01 0.00000E+00 3.40000E+01
 -1       758-1.91244E+01 0.00000E+00 6.20000E+01
 -1       759 6.86533E-01 0.00000E+00 6.45622E+01
 -1       760-1.87564E+00 0.00000E+00 6.90000E+01
 -1       761 1.14877E+01 2.05117E+00 6.88709E+01
 -1       762-8.87564E+00 0.00000E+00 6.71244E+01
 -1       763 2.10000E+01 0.00000E+00 4.61244E+01
 -1       764-3.24871E+00 0.00000E+00 3.58756E+01
 -1       765 1.91244E+01 0.00000E+00 3.91244E+01
 -1       766 9.61204E+00-2.94883E+00 6.18709E+01
 -1       767-1.40000E+01 0.00000E+00 5.68756E+01
 -1       768-2.10000E+01 0.00000E+00 4.98756E+01
 -1       769 1.72487E+01 0.00000E+00 6.01244E+01
 -1       770-8.87564E+00 0.00000E+00 5.68756E+01
 -1       771-7.00000E+00 0.00000E+00 4.98756E+01
 -1       772-5.12436E+00 0.00000E+00 4.28756E+01
 -1       773-1.91244E+01 0.00000E+00 4.28756E+01
 -1       774-1.40000E+01 0.00000E+00 5.17513E+01
 -1       775-1.91244E+01 0.00000E+00 5.68756E+01
 -1       776-1.21244E+01 0.00000E+00 4.47513E+01
 -1       777-1.72487E+01 0.00000E+00 3.58756E+01
 -1       778 9.61204E+00 2.05117E+00 6.18709E+01
 -1       779 1.66120E+01-2.94883E+00 6.37466E+01
 -1       780 2.61204E+00 2.05117E+00 6.37466E+01
 -1       781 2.61204E+00-2.94883E+00 6.37466E+01
 -1       782-3.00596E+00 2.25000E+00 2.41816E+01
 -3
    3C                           339                                     1
 -1       388    6    0    1
 -2        41        40        16       573        52       179       177       577       576       578
 -1       389    6    0    1
 -2        41        16        17       573       177        28       178       577       578       579
 -1       390    6    0    1
 -2       353       352       196       268       383       580       581       583       582       584
 -1       391    6    0    1
 -2       352       351       202       274       386       585       586       588       587       589
 -1       392    6    0    1
 -2       201       344       273       351       592       590       591       593       389       594
 -1       393    6    0    1
 -2       203       342       354       275       596       377       595       598       597       599
 -1       394    6    0    1
 -2       200       339       340       272       601       398       600       603       602       604
 -1       395    6    0    1
 -2       346       197       198       269       606       246       605       608       607       609
 -1       396    6    0    1
 -2       274       196       352       268       610       580       588       302       584       582
 -1       397    6    0    1
 -2       198       270       346       269       612       611       605       609       318       608
 -1       398    6    0    1
 -2       196       352       202       274       580       586       230       610       588       589
 -1       399    6    0    1
 -2       342       203       278       275       596       613       614       597       598       296
 -1       400    6    0    1
 -2       204       201       273       351       236       591       615       616       593       594
 -1       401    6    0    1
 -2       276       202       351       274       618       585       617       305       589       587
 -1       402    6    0    1
 -2       272       340       198       270       604       619       620       317       621       612
 -1       403    6    0    1
 -2       278       342       206       203       614       622       623       613       596       224
 -1       404    6    0    1
 -2       276       204       273       351       624       615       308       617       616       594
 -1       405    6    0    1
 -2       351       276       204       202       617       624       616       585       618       233
 -1       406    6    0    1
 -2       200       340       198       272       600       619       245       603       604       620
 -1       407    6    0    1
 -2       198       340       346       270       619       399       605       612       621       611
 -1       408    6    0    1
 -2       108       109       350       575       111       427       366       626       625       627
 -1       409    6    0    1
 -2       345       346       109       197       401       428       359       628       606       629
 -1       410    6    0    1
 -2       109       346       350       575       428       425       427       625       630       627
 -1       411    6    0    1
 -2       199        47       271       272       632       310       631       633       312       314
 -1       412    6    0    1
 -2       269       197         1       575       607       209       634       636       635       637
 -1       413    6    0    1
 -2       353        65       354       203       378       376       380       638       252       595
 -1       414    6    0    1
 -2       354        88       353       275       408       411       380       599       323       639
 -1       415    6    0    1
 -2       344       273        92       343       590       331       416       392       640       419
 -1       416    6    0    1
 -2       343        69       344       201       390       388       392       641       260       592
 -1       417    6    0    1
 -2       269       198       270        49       609       612       318       281       642       316
 -1       418    6    0    1
 -2       198        24       200       272       244       240       245       620       643       603
 -1       419    6    0    1
 -2       269       350       346       575       644       425       608       636       627       630
 -1       420    6    0    1
 -2       346        95       350       269       424       364       425       608       287       644
 -1       421    6    0    1
 -2       342        87       354       275       406       409       377       597       324       599
 -1       422    6    0    1
 -2        64       342       354       203       373       377       375       251       596       595
 -1       423    6    0    1
 -2       343       339        70       200       395       393       391       645       601       263
 -1       424    6    0    1
 -2       272       343       339        93       646       395       602       336       418       421
 -1       425    6    0    1
 -2       195       348        62       347       647       356       213       648       371       370
 -1       426    6    0    1
 -2       206       341       342       574       649       374       622       651       650       652
 -1       427    6    0    1
 -2       342       341       278       574       374       653       614       652       650       654
 -1       428    6    0    1
 -2        72       346       345       197       400       401       358       214       606       628
 -1       429    6    0    1
 -2       278       206       342       574       623       622       614       654       651       652
 -1       430    6    0    1
 -2       272       339       340        94       602       398       604       335       420       423
 -1       431    6    0    1
 -2       199        46       271        47       655       309       631       632        58       310
 -1       432    6    0    1
 -2       340        71       339       200       396       394       398       600       264       601
 -1       433    6    0    1
 -2       341       278        86       342       653       322       402       374       614       407
 -1       434    6    0    1
 -2       206       341        63       342       649       368       249       622       374       372
 -1       435    6    0    1
 -2        25         1       269       197        37       634       656       210       209       607
 -1       436    6    0    1
 -2        48       270       198        49       315       612       657        60       316       642
 -1       437    6    0    1
 -2        24        23       200       272        35       241       240       643       658       603
 -1       438    6    0    1
 -2       347       349        85       574       405       362       404       660       659       661
 -1       439    6    0    1
 -2       196       275       268        42       662       299       584       663       295       297
 -1       440    6    0    1
 -2        43       196       274       268       664       610       300       298       584       302
 -1       441    6    0    1
 -2        46       273       199       271       307       665       655       309       311       631
 -1       442    6    0    1
 -2       197       346       109       575       606       428       629       635       630       625
 -1       443    6    0    1
 -2        65       353       196       203       378       581       253       252       638       227
 -1       444    6    0    1
 -2       268       353        88       275       583       411       326       299       639       323
 -1       445    6    0    1
 -2       271        92       273       343       334       331       311       666       419       640
 -1       446    6    0    1
 -2        69       343       199       201       390       667       261       260       641       239
 -1       447    6    0    1
 -2       196       202        43       274       230       668       664       610       589       300
 -1       448    6    0    1
 -2        46       199       273       201       655       665       307       669       239       591
 -1       449    6    0    1
 -2       275       196       203        42       662       227       598       295       663       670
 -1       450    6    0    1
 -2       198       197        25       269       246       210       243       609       607       656
 -1       451    6    0    1
 -2       199        23       272       200       237       658       633       242       241       603
 -1       452    6    0    1
 -2       202       276        44       274       618       303       671       589       305       301
 -1       453    6    0    1
 -2       273       204        21       201       615       231       672       591       236       235
 -1       454    6    0    1
 -2        48       272       198       270       313       620       657       315       317       612
 -1       455    6    0    1
 -2       273       276        21       204       308       673       672       615       624       231
 -1       456    6    0    1
 -2       204       276        44       202       624       303       674       233       618       671
 -1       457    6    0    1
 -2       343        70       199       200       391       262       667       645       263       242
 -1       458    6    0    1
 -2       343       272       271        93       646       314       666       418       336       333
 -1       459    6    0    1
 -2        95       346       340       270       424       399       422       337       611       621
 -1       460    6    0    1
 -2       346       197       269       575       606       607       608       630       635       636
 -1       461    6    0    1
 -2       206       278       573       574       623       675       676       651       654       677
 -1       462    6    0    1
 -2        87       342       278       275       406       614       321       324       597       296
 -1       463    6    0    1
 -2       342        64       206       203       373       250       622       596       251       224
 -1       464    6    0    1
 -2        18       203       196        42       222       227       226       181       670       663
 -1       465    6    0    1
 -2       199        46        22       201       655       188       238       239       669       234
 -1       466    6    0    1
 -2         3       345       109       197       357       359       112       215       628       629
 -1       467    6    0    1
 -2       199       272        23        47       633       658       237       632       312       193
 -1       468    6    0    1
 -2       272        94       340       270       335       423       604       317       338       621
 -1       469    6    0    1
 -2        71       340       198       200       396       619       265       264       600       245
 -1       470    6    0    1
 -2       198       269        25        49       609       656       243       642       281       175
 -1       471    6    0    1
 -2       277       278        86       341       293       322       319       678       653       402
 -1       472    6    0    1
 -2         2       269         1       575       282       634        38       679       636       637
 -1       473    6    0    1
 -2       206       205        63       341       221       248       249       649       680       368
 -1       474    6    0    1
 -2       346       270        95       269       611       337       424       608       318       287
 -1       475    6    0    1
 -2        21       276       273        45       673       308       672       189       304       306
 -1       476    6    0    1
 -2       198        48        24       272       657       192       244       620       313       643
 -1       477    6    0    1
 -2        42       196        43       268       663       664        54       297       584       298
 -1       478    6    0    1
 -2        43       202        44       274       668       671        55       300       589       301
 -1       479    6    0    1
 -2        17       275       203        42       681       598       223       180       295       670
 -1       480    6    0    1
 -2        46       273        21       201       307       672       187       669       591       235
 -1       481    6    0    1
 -2        44        21       276       204       185       673       303       674       231       624
 -1       482    6    0    1
 -2        85       349       267       574       362       682       284       661       659       683
 -1       483    6    0    1
 -2       277       278       341       574       293       653       678       684       654       650
 -1       484    6    0    1
 -2       206       205       341       574       221       680       649       651       685       650
 -1       485    6    0    1
 -2       341       347        85       574       369       404       403       650       660       661
 -1       486    6    0    1
 -2       195        62       205       347       213       247       218       648       370       686
 -1       487    6    0    1
 -2        72       340       346       198       397       399       400       266       619       605
 -1       488    6    0    1
 -2        39        16        40       574       176       179        51       688       687       689
 -1       489    6    0    1
 -2       205       347        62       341       686       370       247       680       369       367
 -1       490    6    0    1
 -2        72       198       346       197       266       605       400       214       246       606
 -1       491    6    0    1
 -2        21        44       276        45       185       303       673       189        56       304
 -1       492    6    0    1
 -2        22        23        46       199        34       190       188       238       237       655
 -1       493    6    0    1
 -2        46       199        23        47       655       237       190        58       632       193
 -1       494    6    0    1
 -2       196        19        18        42       225        30       226       663       182       181
 -1       495    6    0    1
 -2       272        23        48        24       658       191       313       643        35       192
 -1       496    6    0    1
 -2       272        48        23        47       313       191       658       312        59       193
 -1       497    6    0    1
 -2       195       348       347       575       647       371       648       691       690       692
 -1       498    6    0    1
 -2        21       273        46        45       672       307       187       189       306        57
 -1       499    6    0    1
 -2         2        25       269        49       173       656       282        61       175       281
 -1       500    6    0    1
 -2        21        22        46       201        33       188       187       235       234       669
 -1       501    6    0    1
 -2       203        18        17        42       222        29       223       670       181       180
 -1       502    6    0    1
 -2        25       269         1         2       656       634        37       173       282        38
 -1       503    6    0    1
 -2        48       198        25        49       657       243       194        60       642       175
 -1       504    6    0    1
 -2       198        25        24        48       243        36       244       657       194       192
 -1       505    6    0    1
 -2        15         2         1       575       172        38        26       693       679       637
 -1       506    6    0    1
 -2       277        40       278       574       289       291       293       684       689       654
 -1       507    6    0    1
 -2        15         1       195       575        26       208       207       693       637       691
 -1       508    6    0    1
 -2         3       197       109       575       215       629       112       694       635       625
 -1       509    6    0    1
 -2       278        40       573       574       291       576       675       654       689       677
 -1       510    6    0    1
 -2       196        43       202        19       664       668       230       225       183       229
 -1       511    6    0    1
 -2        20       204        44       202       232       674       186       228       233       671
 -1       512    6    0    1
 -2       353       196        66        65       581       254       379       378       253        77
 -1       513    6    0    1
 -2       343        69       199        70       390       261       667       391        81       262
 -1       514    6    0    1
 -2       343       271        92        93       666       334       419       418       333       104
 -1       515    6    0    1
 -2       353        88        89       268       411       100       410       583       326       325
 -1       516    6    0    1
 -2       108       349       109       575       365       426       111       626       695       625
 -1       517    6    0    1
 -2        94        95       340       270       106       422       423       338       337       621
 -1       518    6    0    1
 -2        89       352       274        90       413       588       328       101       412       327
 -1       519    6    0    1
 -2        67       202        66       352       256       255        78       382       586       381
 -1       520    6    0    1
 -2        64       354        65       203       375       376        76       251       595       252
 -1       521    6    0    1
 -2        91       273        92       344       332       331       103       417       590       416
 -1       522    6    0    1
 -2       344       201        69        68       592       260       388       387       259        80
 -1       523    6    0    1
 -2       354        87        88       275       409        99       408       599       324       323
 -1       524    6    0    1
 -2       347       348       109       575       371       360       429       692       690       625
 -1       525    6    0    1
 -2        16        39        15       574       176       174        27       687       688       696
 -1       526    6    0    1
 -2       340       198        72        71       619       266       397       396       265        83
 -1       527    6    0    1
 -2       277        86        85       341       319        97       320       678       402       403
 -1       528    6    0    1
 -2        62        63       205       341        74       248       247       367       368       680
 -1       529    6    0    1
 -2        85       277       341       574       320       678       403       661       684       650
 -1       530    6    0    1
 -2       351        91       276        90       415       329       617       414       102       330
 -1       531    6    0    1
 -2        68       204        67       351       258       257        79       384       616       385
 -1       532    6    0    1
 -2        21        44        20       204       185       186        32       231       674       232
 -1       533    6    0    1
 -2        42        43       196        19        54       664       663       182       183       225
 -1       534    6    0    1
 -2        86       342       278        87       407       614       322        98       406       321
 -1       535    6    0    1
 -2       206       342        63        64       622       372       249       250       373        75
 -1       536    6    0    1
 -2        17        41       275        42       178       294       681       180        53       295
 -1       537    6    0    1
 -2       202        20        19        43       228        31       229       668       184       183
 -1       538    6    0    1
 -2        43        44       202        20        55       671       668       184       186       228
 -1       539    6    0    1
 -2        39         2        15       575        50       172       174       697       679       693
 -1       540    6    0    1
 -2         3        62       195       348        73       213       212       355       356       647
 -1       541    6    0    1
 -2       339        94       272        93       420       335       602       421       105       336
 -1       542    6    0    1
 -2        71        70       339       200        82       393       394       264       263       601
 -1       543    6    0    1
 -2       205       195       347       574       218       648       686       685       698       660
 -1       544    6    0    1
 -2         1       197       195       575       209       211       208       637       635       691
 -1       545    6    0    1
 -2       195       347       574       575       648       660       698       691       692       699
 -1       546    6    0    1
 -2       267         2        39       575       279        50       280       700       679       697
 -1       547    6    0    1
 -2        15       195       574       575       207       698       696       693       691       699
 -1       548    6    0    1
 -2       267        39       574       575       280       688       683       700       697       699
 -1       549    6    0    1
 -2       205       347       341       574       686       369       680       685       660       650
 -1       550    6    0    1
 -2        85       267       277       574       284       290       320       661       683       684
 -1       551    6    0    1
 -2       205       206        16       574       221       220       216       685       651       687
 -1       552    6    0    1
 -2         3        72       345       197        84       358       357       215       214       628
 -1       553    6    0    1
 -2        16       206       573       574       220       676       578       687       651       677
 -1       554    6    0    1
 -2       573        40        16       574       576       179       578       677       689       687
 -1       555    6    0    1
 -2       109       349       347       575       426       405       429       625       695       692
 -1       556    6    0    1
 -2       267        85         4       349       284        96       285       682       362       361
 -1       557    6    0    1
 -2       195       197         3       575       211       215       212       691       635       694
 -1       558    6    0    1
 -2         4       269       267       575       286       283       285       701       636       700
 -1       559    6    0    1
 -2       574        39        15       575       688       174       696       699       697       693
 -1       560    6    0    1
 -2       278        40        41       573       291        52       292       675       576       577
 -1       561    6    0    1
 -2        39        40       277       574        51       289       288       688       689       684
 -1       562    6    0    1
 -2       350        95         4       269       364       107       363       644       287       286
 -1       563    6    0    1
 -2       267       269         2       575       283       282       279       700       636       679
 -1       564    6    0    1
 -2        17        16       206       573        28       220       219       579       578       676
 -1       565    6    0    1
 -2       205        16        15       574       216        27       217       685       687       696
 -1       566    6    0    1
 -2        15       195       205       574       207       218       217       696       698       685
 -1       567    6    0    1
 -2       267        39       277       574       280       288       290       683       688       684
 -1       568    6    0    1
 -2       275       573        41        17       702       577       294       681       579       178
 -1       569    6    0    1
 -2        41       573       275       278       577       702       294       292       675       296
 -1       570    6    0    1
 -2       275       203       573        17       598       703       702       681       223       579
 -1       571    6    0    1
 -2       573       203       275       278       703       598       702       675       613       296
 -1       572    6    0    1
 -2       203       206       573        17       224       676       703       223       219       579
 -1       573    6    0    1
 -2       573       206       203       278       676       224       703       675       623       613
 -1       574    6    0    1
 -2       343       272       199       271       646       633       667       666       314       631
 -1       575    6    0    1
 -2       272       343       200       339       646       645       603       602       395       601
 -1       576    6    0    1
 -2       343       272       200       199       646       603       645       667       633       242
 -1       577    6    0    1
 -2       273       343       199       271       640       667       665       311       666       631
 -1       578    6    0    1
 -2       273       343       201       199       640       641       591       665       667       239
 -1       579    6    0    1
 -2       343       273       201       344       640       591       641       392       590       592
 -1       580    6    0    1
 -2       196       275       353       268       662       639       581       584       299       583
 -1       581    6    0    1
 -2       275       353       203       196       639       638       598       662       581       227
 -1       582    6    0    1
 -2       353       275       203       354       639       598       638       380       599       595
 -1       583    6    0    1
 -2        89       352       268       274       413       582       325       328       588       302
 -1       584    6    0    1
 -2       352        89       268       353       413       325       582       383       410       583
 -1       585    6    0    1
 -2        66       196       352       202       254       580       381       255       230       586
 -1       586    6    0    1
 -2       196        66       352       353       254       381       580       581       379       383
 -1       587    6    0    1
 -2        90       274       351       352       327       587       414       412       588       386
 -1       588    6    0    1
 -2       351       274        90       276       587       327       414       617       305       330
 -1       589    6    0    1
 -2        67       202       351       204       256       585       385       257       233       616
 -1       590    6    0    1
 -2       202        67       351       352       256       385       585       586       382       386
 -1       591    6    0    1
 -2        68       351       201       204       384       593       259       258       616       236
 -1       592    6    0    1
 -2       201       351        68       344       593       384       259       592       389       387
 -1       593    6    0    1
 -2        91       351       273       344       415       594       332       417       389       590
 -1       594    6    0    1
 -2       273       351        91       276       594       415       332       308       617       329
 -1       595    6    0    1
 -2         4       575       350       269       701       627       363       286       636       644
 -1       596    6    0    1
 -2       350       575         4       108       627       701       363       366       626       110
 -1       597    6    0    1
 -2       575       574       349       347       699       659       695       692       660       405
 -1       598    6    0    1
 -2       349       574       575       267       659       699       695       682       683       700
 -1       599    6    0    1
 -2       349       575         4       267       695       701       361       682       700       285
 -1       600    6    0    1
 -2         4       575       349       108       701       695       361       110       626       365
 -1       601    6    0    1
 -2       348       575         3       109       690       694       355       360       625       112
 -1       602    6    0    1
 -2         3       575       348       195       694       690       355       212       691       647
 -1       603    6    0    1
 -2       434         7         5       439       705       114       704       706       441       440
 -1       604    6    0    1
 -2         6       434         5        10       436       704       113       121       437       432
 -1       605    6    0    1
 -2        12         7         8       434       433       115       123       438       705       435
 -1       606    6    0    1
 -2         6         8         5       434       116       430       113       436       435       704
 -1       607    6    0    1
 -2       434         8         5         7       435       430       704       705       115       114
 -1       608    6    0    1
 -2       439         9        12        11       442       431       707       443       118       119
 -1       609    6    0    1
 -2       439         7        12       434       441       433       707       706       705       438
 -1       610    6    0    1
 -2        12         7       439        11       433       441       707       119       124       443
 -1       611    6    0    1
 -2        10        12       439         9       120       707       708       117       431       442
 -1       612    6    0    1
 -2       439        12        10       434       707       120       708       706       438       437
 -1       613    6    0    1
 -2       439         5        10         9       440       432       708       442       122       117
 -1       614    6    0    1
 -2        10         5       439       434       432       440       708       437       704       706
 -1       615    6    0    1
 -2       523       154       526       711       549       551       553       713       712       714
 -1       616    6    0    1
 -2       154       155       526       711       166       552       551       712       715       714
 -1       617    6    0    1
 -2       523       470       153       710       717       716       548       719       718       720
 -1       618    6    0    1
 -2       153       470       129       710       716       496       457       720       718       721
 -1       619    6    0    1
 -2       474       149       527       709       723       532       722       725       724       726
 -1       620    6    0    1
 -2       523       130       470       710       727       495       717       719       728       718
 -1       621    6    0    1
 -2       473       155       131       711       729       459       498       730       715       731
 -1       622    6    0    1
 -2       153       129       154       710       457       455       165       720       721       732
 -1       623    6    0    1
 -2       477       523       153       530       734       548       733       735       550       546
 -1       624    6    0    1
 -2       529       472       476       471       737       488       736       738       519       491
 -1       625    6    0    1
 -2       524       523       477       530       570       734       739       547       550       735
 -1       626    6    0    1
 -2       159       475       521       528       741       740       533       560       742       562
 -1       627    6    0    1
 -2       127       471       529       476       490       738       743       486       491       736
 -1       628    6    0    1
 -2       473       526       155       711       744       552       729       730       714       715
 -1       629    6    0    1
 -2       130       523       154       710       727       549       456       728       719       732
 -1       630    6    0    1
 -2       471       467       470       520       516       518       517       745       434       746
 -1       631    6    0    1
 -2       471       472       467       520       519       514       516       745       747       434
 -1       632    6    0    1
 -2       470       520       523       524       746       569       717       748       571       570
 -1       633    6    0    1
 -2       472       471       525       520       519       749       750       747       745       566
 -1       634    6    0    1
 -2       468       467       472       520       512       514       513       751       434       747
 -1       635    6    0    1
 -2       525       520       471       524       566       745       749       572       571       752
 -1       636    6    0    1
 -2       468       472       521       520       513       753       754       751       747       563
 -1       637    6    0    1
 -2       471       520       470       524       745       746       517       752       571       748
 -1       638    6    0    1
 -2       521       472       525       520       753       750       567       563       747       566
 -1       639    6    0    1
 -2        14       149       527       474       160       532       531       755       723       722
 -1       640    6    0    1
 -2       126       529       476       127       756       736       487       138       743       486
 -1       641    6    0    1
 -2       524       477       152       530       739       757       543       547       735       545
 -1       642    6    0    1
 -2       477       530       153       152       735       546       733       757       545       164
 -1       643    6    0    1
 -2       475       159       158       528       741       170       758       742       560       559
 -1       644    6    0    1
 -2        14       527       468       474       531       759       760       755       722       482
 -1       645    6    0    1
 -2       529       126       476       472       756       487       736       737       483       488
 -1       646    6    0    1
 -2       129       130       154       710       141       456       455       721       728       732
 -1       647    6    0    1
 -2       474       125       149       709       478       446       723       725       761       724
 -1       648    6    0    1
 -2       525       472       529       471       750       737       541       749       519       738
 -1       649    6    0    1
 -2       153       477       470       523       733       497       716       548       734       717
 -1       650    6    0    1
 -2       159       521       475       468       533       740       741       762       754       509
 -1       651    6    0    1
 -2       525       471       529       524       749       738       541       572       752       544
 -1       652    6    0    1
 -2       524       477       523       470       739       734       570       748       497       717
 -1       653    6    0    1
 -2       477       470       524       471       497       748       739       494       517       752
 -1       654    6    0    1
 -2       127       529       471       524       743       738       490       763       544       752
 -1       655    6    0    1
 -2       473       130       470       523       499       495       500       764       727       717
 -1       656    6    0    1
 -2       153       154       523       710       165       549       548       720       732       719
 -1       657    6    0    1
 -2        14       468       521       159       760       754       534       171       762       533
 -1       658    6    0    1
 -2       127       471       128       524       490       489       139       763       752       765
 -1       659    6    0    1
 -2       527       149       525       709       532       536       538       726       724       766
 -1       660    6    0    1
 -2       521       475       522       528       740       767       564       562       742       561
 -1       661    6    0    1
 -2       522       133       156       157       768       462       555       556       465       168
 -1       662    6    0    1
 -2       159       468       475       135       762       509       741       447       481       506
 -1       663    6    0    1
 -2       470       129       477       153       496       492       497       716       457       733
 -1       664    6    0    1
 -2       477       128       471       524       493       489       494       739       765       752
 -1       665    6    0    1
 -2        14       468        13       474       760       480       148       755       482       479
 -1       666    6    0    1
 -2       468        14       521       527       760       534       754       759       531       535
 -1       667    6    0    1
 -2       529       525       150       472       541       537       539       737       750       769
 -1       668    6    0    1
 -2       529       524       127       151       544       763       743       540       542       451
 -1       669    6    0    1
 -2       468       521       469       520       754       770       511       751       563       771
 -1       670    6    0    1
 -2       473       523       470       520       764       717       500       772       569       746
 -1       671    6    0    1
 -2       469       467       468       520       510       512       511       771       434       751
 -1       672    6    0    1
 -2       473       470       467       520       500       518       515       772       746       434
 -1       673    6    0    1
 -2       130       129       470       710       141       496       495       728       721       718
 -1       674    6    0    1
 -2       524       151       128       127       542       452       765       763       451       139
 -1       675    6    0    1
 -2       468        14       135       159       760       445       481       762       171       447
 -1       676    6    0    1
 -2       468        13       135        14       480       147       481       760       148       445
 -1       677    6    0    1
 -2       522       475       158       528       767       758       558       561       742       559
 -1       678    6    0    1
 -2       469       468       475       521       511       509       508       770       754       740
 -1       679    6    0    1
 -2       474        14       125        13       755       444       478       479       148       136
 -1       680    6    0    1
 -2       149        14       125       474       160       444       446       723       755       478
 -1       681    6    0    1
 -2       529       127       126       151       743       138       756       540       451       450
 -1       682    6    0    1
 -2       475       135       158       159       506       466       758       741       447       170
 -1       683    6    0    1
 -2       477       153       129       152       733       457       492       757       164       453
 -1       684    6    0    1
 -2       524       152       477       128       543       757       739       765       454       493
 -1       685    6    0    1
 -2       475       158       135       134       758       466       506       507       464       146
 -1       686    6    0    1
 -2       150       126       529       472       449       756       539       769       483       737
 -1       687    6    0    1
 -2       152       151       128       524       163       452       454       543       542       765
 -1       688    6    0    1
 -2       125       126       150       472       137       449       448       484       483       769
 -1       689    6    0    1
 -2       133       132       469       522       144       503       502       768       773       774
 -1       690    6    0    1
 -2       522       156       133       132       555       462       768       773       461       144
 -1       691    6    0    1
 -2       134       475       158       522       507       758       464       775       767       558
 -1       692    6    0    1
 -2       126       150       529       151       449       539       756       450       162       540
 -1       693    6    0    1
 -2       477       129       128       152       492       140       493       757       453       454
 -1       694    6    0    1
 -2       469       521       522       520       770       564       774       771       563       565
 -1       695    6    0    1
 -2       523       473       526       520       764       744       553       569       772       568
 -1       696    6    0    1
 -2       467       469       473       520       510       504       515       434       771       772
 -1       697    6    0    1
 -2       522       132       469       473       773       503       774       776       501       504
 -1       698    6    0    1
 -2       132       156       526       522       461       554       777       773       555       557
 -1       699    6    0    1
 -2       526       473       132       522       744       501       777       557       776       773
 -1       700    6    0    1
 -2       522       158       133       157       558       463       768       556       169       465
 -1       701    6    0    1
 -2       522       133       158       134       768       463       558       775       145       464
 -1       702    6    0    1
 -2       472       125       474       709       484       478       485       778       761       725
 -1       703    6    0    1
 -2       475       134       469       522       507       505       508       767       775       774
 -1       704    6    0    1
 -2       521       522       475       469       564       767       740       770       774       508
 -1       705    6    0    1
 -2       134       133       469       522       145       502       505       775       768       774
 -1       706    6    0    1
 -2       523       526       473       711       553       744       764       713       714       730
 -1       707    6    0    1
 -2       522       473       469       520       776       504       774       565       772       771
 -1       708    6    0    1
 -2       473       522       526       520       776       557       744       772       565       568
 -1       709    6    0    1
 -2       132       155       131       473       460       459       143       501       729       498
 -1       710    6    0    1
 -2       154       131       155       711       458       459       166       712       731       715
 -1       711    6    0    1
 -2       155       156       526       132       167       554       552       460       461       777
 -1       712    6    0    1
 -2       155       132       526       473       460       777       552       729       501       744
 -1       713    6    0    1
 -2       150       149       709       525       161       724       779       537       536       766
 -1       714    6    0    1
 -2       709       149       150       125       724       161       779       761       446       448
 -1       715    6    0    1
 -2       709       472       150       525       778       769       779       766       750       537
 -1       716    6    0    1
 -2       150       472       709       125       769       778       779       448       484       761
 -1       717    6    0    1
 -2       468       709       474       527       780       725       482       759       726       722
 -1       718    6    0    1
 -2       474       709       468       472       725       780       482       485       778       513
 -1       719    6    0    1
 -2       468       521       709       527       754       781       780       759       535       726
 -1       720    6    0    1
 -2       709       521       468       472       781       754       780       778       753       513
 -1       721    6    0    1
 -2       521       525       709       527       567       766       781       535       538       726
 -1       722    6    0    1
 -2       709       525       521       472       766       567       781       778       750       753
 -1       723    6    0    1
 -2       130       711       473       131       782       730       499       142       731       498
 -1       724    6    0    1
 -2       711       130       473       523       782       499       730       713       727       764
 -1       725    6    0    1
 -2       711       130       154       131       782       456       712       731       142       458
 -1       726    6    0    1
 -2       130       711       154       523       782       712       456       727       713       549
 -3
    1PSTEP                         1           1           1          
  100CL  101 1.000000000         782                     0    1           1
 -4  DISP        4    1
 -5  D1          1    2    1    0
 -5  D2          1    2    2    0
 -5  D3          1    2    3    0
 -5  ALL         1    2    0    0    1ALL
 -1         1 4.30559E+11 2.62602E+11-2.36004E+11
 -1         2 3.61908E+11 2.62602E+11-9.23296E+10
 -1         3 1.93595E+11 9.01924E+10-2.36004E+11
 -1         4 1.24944E+11 9.01924E+10-9.23296E+10
 -1         5 1.15918E+09-3.60904E+08 3.57061E+07
 -1         6 1.18203E+08-1.97005E+08 3.57061E+07
 -1         7 9.22779E+08-3.60904E+08 4.31561E+07
 -1         8-1.18203E+08-1.97005E+08 4.31561E+07
 -1         9 1.15918E+09 3.31058E+07-4.31561E+07
 -1        10 1.18203E+08 1.97005E+08-4.31561E+07
 -1        11 9.22779E+08 3.31058E+07-3.57061E+07
 -1        12-1.18203E+08 1.97005E+08-3.57061E+07
 -1        13-9.45110E-04 7.10631E-03-2.07528E-03
 -1        14-1.67706E-03 7.09372E-03-5.95587E-04
 -1        15 3.77647E+11 1.55453E+11-4.33474E+11
 -1        16 2.33089E+11 1.96196E+07-5.78032E+11
 -1        17 3.56194E+10-1.62050E+11-6.30944E+11
 -1        18-1.61851E+11-2.87329E+11-5.78032E+11
 -1        19-3.06409E+11-3.42250E+11-4.33474E+11
 -1        20-3.59320E+11-3.12096E+11-2.36004E+11
 -1        21-3.06409E+11-2.04947E+11-3.85341E+10
 -1        22-1.61851E+11-4.95137E+10 1.06024E+11
 -1        23 3.56194E+10 1.12556E+11 1.58936E+11
 -1        24 2.33089E+11 2.37835E+11 1.06024E+11
 -1        25 3.77647E+11 2.92756E+11-3.85341E+10
 -1        26 4.17102E+11 2.17274E+11-3.38222E+11
 -1        27 3.14884E+11 8.13515E+10-5.15269E+11
 -1        28 1.37837E+11-8.30000E+10-6.17487E+11
 -1        29-6.65986E+10-2.31743E+11-6.17487E+11
 -1        30-2.43645E+11-3.25021E+11-5.15269E+11
 -1        31-3.45863E+11-3.37841E+11-3.38222E+11
 -1        32-3.45863E+11-2.66768E+11-1.33786E+11
 -1        33-2.43645E+11-1.30846E+11 4.32606E+10
 -1        34-6.65986E+10 3.35059E+10 1.45479E+11
 -1        35 1.37837E+11 1.82249E+11 1.45479E+11
 -1        36 3.14884E+11 2.75527E+11 4.32606E+10
 -1        37 4.17102E+11 2.88347E+11-1.33786E+11
 -1        38 3.96233E+11 2.62602E+11-1.64167E+11
 -1        39 3.08996E+11 1.55453E+11-2.89800E+11
 -1        40 1.64438E+11 1.96196E+07-4.34358E+11
 -1        41-3.30320E+10-1.62050E+11-4.87269E+11
 -1        42-2.30502E+11-2.87329E+11-4.34358E+11
 -1        43-3.75060E+11-3.42250E+11-2.89800E+11
 -1        44-4.27972E+11-3.12096E+11-9.23296E+10
 -1        45-3.75060E+11-2.04947E+11 1.05140E+11
 -1        46-2.30502E+11-4.95137E+10 2.49698E+11
 -1        47-3.30320E+10 1.12556E+11 3.02610E+11
 -1        48 1.64438E+11 2.37835E+11 2.49698E+11
 -1        49 3.08996E+11 2.92756E+11 1.05140E+11
 -1        50 3.48451E+11 2.17274E+11-1.94548E+11
 -1        51 2.46233E+11 8.13515E+10-3.71594E+11
 -1        52 6.91859E+10-8.30000E+10-4.73812E+11
 -1        53-1.35250E+11-2.31743E+11-4.73812E+11
 -1        54-3.12297E+11-3.25021E+11-3.71594E+11
 -1        55-4.14515E+11-3.37841E+11-1.94548E+11
 -1        56-4.14515E+11-2.66768E+11 9.88832E+09
 -1        57-3.12297E+11-1.30846E+11 1.86935E+11
 -1        58-1.35250E+11 3.35059E+10 2.89153E+11
 -1        59 6.91859E+10 1.82249E+11 2.89153E+11
 -1        60 2.46233E+11 2.75527E+11 1.86935E+11
 -1        61 3.48451E+11 2.88347E+11 9.88832E+09
 -1        62 1.72431E+11 4.73329E+10-3.14992E+11
 -1        63 1.14607E+11-1.48404E+10-3.72815E+11
 -1        64 3.56194E+10-7.96682E+10-3.93980E+11
 -1        65-4.33686E+10-1.29780E+11-3.72815E+11
 -1        66-1.01192E+11-1.51748E+11-3.14992E+11
 -1        67-1.22357E+11-1.39687E+11-2.36004E+11
 -1        68-1.01192E+11-9.68270E+10-1.57016E+11
 -1        69-4.33686E+10-3.46537E+10-9.91928E+10
 -1        70 3.56194E+10 3.01741E+10-7.80281E+10
 -1        71 1.14607E+11 8.02858E+10-9.91928E+10
 -1        72 1.72431E+11 1.02254E+11-1.57016E+11
 -1        73 1.88212E+11 7.20613E+10-2.76891E+11
 -1        74 1.47325E+11 1.76924E+10-3.47710E+11
 -1        75 7.65065E+10-4.80482E+10-3.88597E+11
 -1        76-5.26782E+09-1.07545E+11-3.88597E+11
 -1        77-7.60865E+10-1.44857E+11-3.47710E+11
 -1        78-1.16974E+11-1.49985E+11-2.76891E+11
 -1        79-1.16974E+11-1.21555E+11-1.95117E+11
 -1        80-7.60865E+10-6.71865E+10-1.24298E+11
 -1        81-5.26782E+09-1.44586E+09-8.34110E+10
 -1        82 7.65065E+10 5.80512E+10-8.34110E+10
 -1        83 1.47325E+11 9.53625E+10-1.24298E+11
 -1        84 1.88212E+11 1.00491E+11-1.95117E+11
 -1        85 1.03779E+11 4.73329E+10-1.71318E+11
 -1        86 4.59559E+10-1.48404E+10-2.29141E+11
 -1        87-3.30320E+10-7.96682E+10-2.50306E+11
 -1        88-1.12020E+11-1.29780E+11-2.29141E+11
 -1        89-1.69843E+11-1.51748E+11-1.71318E+11
 -1        90-1.91008E+11-1.39687E+11-9.23296E+10
 -1        91-1.69843E+11-9.68270E+10-1.33417E+10
 -1        92-1.12020E+11-3.46537E+10 4.44815E+10
 -1        93-3.30320E+10 3.01741E+10 6.56463E+10
 -1        94 4.59559E+10 8.02858E+10 4.44815E+10
 -1        95 1.03779E+11 1.02254E+11-1.33417E+10
 -1        96 1.19561E+11 7.20613E+10-1.33217E+11
 -1        97 7.86738E+10 1.76924E+10-2.04035E+11
 -1        98 7.85514E+09-4.80482E+10-2.44923E+11
 -1        99-7.39192E+10-1.07545E+11-2.44923E+11
 -1       100-1.44738E+11-1.44857E+11-2.04035E+11
 -1       101-1.85625E+11-1.49985E+11-1.33217E+11
 -1       102-1.85625E+11-1.21555E+11-5.14424E+10
 -1       103-1.44738E+11-6.71865E+10 1.93762E+10
 -1       104-7.39192E+10-1.44586E+09 6.02634E+10
 -1       105 7.85514E+09 5.80512E+10 6.02634E+10
 -1       106 7.86738E+10 9.53625E+10 1.93762E+10
 -1       107 1.19561E+11 1.00491E+11-5.14424E+10
 -1       108 1.47828E+11 9.01924E+10-1.40221E+11
 -1       109 1.70711E+11 9.01924E+10-1.88113E+11
 -1       110 1.36386E+11 9.01924E+10-1.16275E+11
 -1       111 1.59270E+11 9.01924E+10-1.64167E+11
 -1       112 1.82153E+11 9.01924E+10-2.12058E+11
 -1       113 6.38694E+08-2.78955E+08 3.57061E+07
 -1       114 1.04098E+09-3.60904E+08 3.94311E+07
 -1       115 4.02288E+08-2.78955E+08 4.31561E+07
 -1       116-4.72591E-04-1.97005E+08 3.94311E+07
 -1       117 6.38694E+08 1.15055E+08-4.31561E+07
 -1       118 1.04098E+09 3.31058E+07-3.94311E+07
 -1       119 4.02288E+08 1.15055E+08-3.57061E+07
 -1       120-3.49663E-04 1.97005E+08-3.94311E+07
 -1       121 1.18203E+08 2.92645E-03-3.72498E+06
 -1       122 1.15918E+09-1.63899E+08-3.72498E+06
 -1       123-1.18203E+08 3.00108E-03 3.72498E+06
 -1       124 9.22779E+08-1.63899E+08 3.72498E+06
 -1       125-8.78016E-04 5.51885E-03-1.55106E-03
 -1       126-5.48654E-04 3.35874E-03-1.08919E-03
 -1       127-7.53525E-05 1.33133E-03-8.09413E-04
 -1       128 3.11001E-04 2.46191E-04-5.12568E-04
 -1       129 5.68100E-04-2.71237E-04-9.36158E-04
 -1       130 4.11586E-04-1.23656E-03-2.01537E-03
 -1       131 2.42779E-04-9.17847E-04-2.59012E-03
 -1       132 2.00888E-04 1.62191E-03-2.90419E-03
 -1       133-1.02823E-04 4.60362E-03-2.93464E-03
 -1       134-4.77152E-04 6.71813E-03-2.80227E-03
 -1       135-7.84395E-04 7.58354E-03-2.51693E-03
 -1       136-9.44989E-04 6.42371E-03-1.81596E-03
 -1       137-7.40909E-04 4.46625E-03-1.30098E-03
 -1       138-3.18515E-04 2.28190E-03-9.22176E-04
 -1       139 1.32765E-04 6.43318E-04-6.72398E-04
 -1       140 4.39731E-04 1.14362E-04 0.00000E+00
 -1       141 5.15472E-04-8.56761E-04-1.56705E-03
 -1       142 3.26442E-04-1.29500E-03-2.34041E-03
 -1       143 2.21095E-04 6.99263E-05-2.75898E-03
 -1       144 7.07980E-05 3.17864E-03-2.94941E-03
 -1       145-2.98389E-04 5.79952E-03-2.89267E-03
 -1       146-6.42155E-04 7.32044E-03-2.68211E-03
 -1       147-8.89521E-04 7.50611E-03-2.31226E-03
 -1       148-1.31251E-03 7.10023E-03-1.33535E-03
 -1       149-1.59727E-03 5.50558E-03-1.29558E-04
 -1       150-1.23524E-03 3.34718E-03 2.45442E-04
 -1       151-7.06093E-04 1.32386E-03 3.74010E-04
 -1       152-1.44581E-04 1.46906E-04 1.24791E-04
 -1       153 5.28918E-04-3.38780E-04-1.97813E-04
 -1       154 5.51792E-04-1.18718E-03-5.02978E-04
 -1       155 1.82179E-04-9.84221E-04-3.84529E-04
 -1       156-2.73881E-04 1.52408E-03-5.90778E-04
 -1       157-7.34828E-04 4.59849E-03-1.15028E-03
 -1       158-1.16889E-03 6.70383E-03-1.18552E-03
 -1       159-1.50596E-03 7.57234E-03-9.81770E-04
 -1       160-1.67261E-03 6.41033E-03-3.64960E-04
 -1       161-1.44695E-03 4.45585E-03 8.00020E-05
 -1       162-9.79377E-04 2.27395E-03 3.45760E-04
 -1       163-4.26997E-04 5.89033E-04 2.83856E-04
 -1       164 2.41597E-04 0.00000E+00 0.00000E+00
 -1       165 6.06500E-04-8.24024E-04-3.77349E-04
 -1       166 3.98951E-04-1.28099E-03-5.35007E-04
 -1       167 0.00000E+00 0.00000E+00 0.00000E+00
 -1       168-5.03003E-04 3.14143E-03-9.50993E-04
 -1       169-9.67894E-04 5.78849E-03-1.20241E-03
 -1       170-1.35043E-03 7.30756E-03-1.11031E-03
 -1       171-1.61820E-03 7.49525E-03-8.06219E-04
 -1       172 3.82776E+11 2.17274E+11-2.66385E+11
 -1       173 3.82776E+11 2.88347E+11-6.19489E+10
 -1       174 3.43322E+11 1.55453E+11-3.61637E+11
 -1       175 3.43322E+11 2.92756E+11 3.33031E+10
 -1       176 2.80558E+11 8.13515E+10-4.43431E+11
 -1       177 1.03512E+11-8.30000E+10-5.45649E+11
 -1       178 1.29366E+09-1.62050E+11-5.59107E+11
 -1       179 1.98764E+11 1.96196E+07-5.06195E+11
 -1       180-1.00924E+11-2.31743E+11-5.45649E+11
 -1       181-1.96176E+11-2.87329E+11-5.06195E+11
 -1       182-2.77971E+11-3.25021E+11-4.43431E+11
 -1       183-3.40734E+11-3.42250E+11-3.61637E+11
 -1       184-3.80189E+11-3.37841E+11-2.66385E+11
 -1       185-3.80189E+11-2.66768E+11-6.19489E+10
 -1       186-3.93646E+11-3.12096E+11-1.64167E+11
 -1       187-2.77971E+11-1.30846E+11 1.15098E+11
 -1       188-1.96176E+11-4.95137E+10 1.77861E+11
 -1       189-3.40734E+11-2.04947E+11 3.33031E+10
 -1       190-1.00924E+11 3.35059E+10 2.17316E+11
 -1       191 1.03512E+11 1.82249E+11 2.17316E+11
 -1       192 1.98764E+11 2.37835E+11 1.77861E+11
 -1       193 1.29366E+09 1.12556E+11 2.30773E+11
 -1       194 2.80558E+11 2.75527E+11 1.15098E+11
 -1       195 2.87385E+11 1.34979E+11-3.03464E+11
 -1       196-1.48686E+11-2.22918E+11-4.20309E+11
 -1       197 2.83270E+11 1.79274E+11-1.67441E+11
 -1       198 2.15123E+11 1.69611E+11-5.26177E+10
 -1       199-3.18410E+10 1.36980E+10 1.57617E+10
 -1       200 1.00370E+11 1.07360E+11 8.48048E+09
 -1       201-1.47583E+11-9.53969E+10-5.58141E+10
 -1       202-2.13134E+11-2.28139E+11-3.00452E+11
 -1       203-2.88284E+10-1.58118E+11-4.84757E+11
 -1       204-2.08332E+11-1.79515E+11-1.70637E+11
 -1       205 2.15809E+11 4.26635E+10-4.19207E+11
 -1       206 1.00986E+11-6.19989E+10-4.79956E+11
 -1       207 3.32516E+11 1.45216E+11-3.68469E+11
 -1       208 3.58972E+11 1.98790E+11-2.69734E+11
 -1       209 3.56914E+11 2.20938E+11-2.01722E+11
 -1       210 3.30458E+11 2.36015E+11-1.02987E+11
 -1       211 2.85327E+11 1.57126E+11-2.35453E+11
 -1       212 2.40490E+11 1.12586E+11-2.69734E+11
 -1       213 2.29908E+11 9.11558E+10-3.09228E+11
 -1       214 2.27850E+11 1.40764E+11-1.62228E+11
 -1       215 2.38432E+11 1.34733E+11-2.01722E+11
 -1       216 2.24449E+11 2.13416E+10-4.98619E+11
 -1       217 2.96728E+11 9.90582E+10-4.26340E+11
 -1       218 2.51597E+11 8.88211E+10-3.61335E+11
 -1       219 6.83027E+10-1.12024E+11-5.55450E+11
 -1       220 1.67038E+11-3.09896E+10-5.28994E+11
 -1       221 1.58398E+11-9.66767E+09-4.49581E+11
 -1       222-9.53395E+10-2.22724E+11-5.31394E+11
 -1       223 3.39548E+09-1.60084E+11-5.57850E+11
 -1       224 3.60788E+10-1.10058E+11-4.82356E+11
 -1       225-2.27547E+11-2.82584E+11-4.26892E+11
 -1       226-1.55268E+11-2.55123E+11-4.99171E+11
 -1       227-8.87571E+10-1.90518E+11-4.52533E+11
 -1       228-2.86227E+11-2.70118E+11-2.68228E+11
 -1       229-2.59771E+11-2.85195E+11-3.66963E+11
 -1       230-1.80910E+11-2.25529E+11-3.60380E+11
 -1       231-2.57370E+11-1.92231E+11-1.04586E+11
 -1       232-2.83826E+11-2.45806E+11-2.03321E+11
 -1       233-2.10733E+11-2.03827E+11-2.35545E+11
 -1       234-1.54717E+11-7.24553E+10 2.51049E+10
 -1       235-2.26996E+11-1.50172E+11-4.71741E+10
 -1       236-1.77958E+11-1.37456E+11-1.13226E+11
 -1       237 1.88915E+09 6.31268E+10 8.73487E+10
 -1       238-9.68458E+10-1.79079E+10 6.08928E+10
 -1       239-8.97121E+10-4.08495E+10-2.00262E+10
 -1       240 1.66729E+11 1.72597E+11 5.72522E+10
 -1       241 6.79945E+10 1.09958E+11 8.37081E+10
 -1       242 3.42643E+10 6.05289E+10 1.21211E+10
 -1       243 2.96385E+11 2.31183E+11-4.55759E+10
 -1       244 2.24106E+11 2.03723E+11 2.67031E+10
 -1       245 1.57746E+11 1.38485E+11-2.20686E+10
 -1       246 2.49196E+11 1.74442E+11-1.10029E+11
 -1       247 1.94120E+11 4.49982E+10-3.67099E+11
 -1       248 1.65208E+11 1.39116E+10-3.96011E+11
 -1       249 1.07797E+11-3.84196E+10-4.26385E+11
 -1       250 6.83027E+10-7.08335E+10-4.36968E+11
 -1       251 3.39548E+09-1.18893E+11-4.39368E+11
 -1       252-3.60985E+10-1.43949E+11-4.28786E+11
 -1       253-9.60273E+10-1.76349E+11-3.96562E+11
 -1       254-1.24939E+11-1.87333E+11-3.67651E+11
 -1       255-1.57163E+11-1.89944E+11-3.07722E+11
 -1       256-1.67745E+11-1.83913E+11-2.68228E+11
 -1       257-1.65344E+11-1.59601E+11-2.03321E+11
 -1       258-1.54762E+11-1.38171E+11-1.63827E+11
 -1       259-1.24388E+11-9.61120E+10-1.06415E+11
 -1       260-9.54759E+10-6.50253E+10-7.75035E+10
 -1       261-3.76048E+10-1.04779E+10-4.17156E+10
 -1       262 1.88915E+09 2.19360E+10-3.11332E+10
 -1       263 6.79945E+10 6.87670E+10-3.47738E+10
 -1       264 1.07488E+11 9.38228E+10-4.53562E+10
 -1       265 1.64865E+11 1.24948E+11-7.59052E+10
 -1       266 1.93777E+11 1.35932E+11-1.04817E+11
 -1       267 2.18734E+11 1.34979E+11-1.59790E+11
 -1       268-2.17337E+11-2.22918E+11-2.76635E+11
 -1       269 2.14618E+11 1.79274E+11-2.37665E+10
 -1       270 1.46472E+11 1.69611E+11 9.10567E+10
 -1       271-1.00492E+11 1.36980E+10 1.59436E+11
 -1       272 3.17182E+10 1.07360E+11 1.52155E+11
 -1       273-2.16235E+11-9.53969E+10 8.78603E+10
 -1       274-2.81785E+11-2.28139E+11-1.56777E+11
 -1       275-9.74798E+10-1.58118E+11-3.41083E+11
 -1       276-2.76984E+11-1.79515E+11-2.69630E+10
 -1       277 1.47158E+11 4.26635E+10-2.75532E+11
 -1       278 3.23346E+10-6.19989E+10-3.36281E+11
 -1       279 2.90321E+11 1.98790E+11-1.26060E+11
 -1       280 2.63865E+11 1.45216E+11-2.24795E+11
 -1       281 2.61807E+11 2.36015E+11 4.06869E+10
 -1       282 2.88263E+11 2.20938E+11-5.80481E+10
 -1       283 2.16676E+11 1.57126E+11-9.17783E+10
 -1       284 1.61256E+11 9.11558E+10-1.65554E+11
 -1       285 1.71839E+11 1.12586E+11-1.26060E+11
 -1       286 1.69781E+11 1.34733E+11-5.80481E+10
 -1       287 1.59199E+11 1.40764E+11-1.85541E+10
 -1       288 2.28077E+11 9.90582E+10-2.82666E+11
 -1       289 1.55798E+11 2.13416E+10-3.54945E+11
 -1       290 1.82946E+11 8.88211E+10-2.17661E+11
 -1       291 9.83863E+10-3.09896E+10-3.85319E+11
 -1       292-3.48703E+08-1.12024E+11-4.11775E+11
 -1       293 8.97462E+10-9.66767E+09-3.05907E+11
 -1       294-6.52559E+10-1.60084E+11-4.14176E+11
 -1       295-1.63991E+11-2.22724E+11-3.87720E+11
 -1       296-3.25726E+10-1.10058E+11-3.38682E+11
 -1       297-2.23920E+11-2.55123E+11-3.55496E+11
 -1       298-2.96199E+11-2.82584E+11-2.83217E+11
 -1       299-1.57409E+11-1.90518E+11-3.08859E+11
 -1       300-3.28422E+11-2.85195E+11-2.23288E+11
 -1       301-3.54878E+11-2.70118E+11-1.24553E+11
 -1       302-2.49561E+11-2.25529E+11-2.16706E+11
 -1       303-3.52478E+11-2.45806E+11-5.96463E+10
 -1       304-3.26022E+11-1.92231E+11 3.90887E+10
 -1       305-2.79384E+11-2.03827E+11-9.18702E+10
 -1       306-2.95647E+11-1.50172E+11 9.65003E+10
 -1       307-2.23368E+11-7.24553E+10 1.68779E+11
 -1       308-2.46609E+11-1.37456E+11 3.04487E+10
 -1       309-1.65497E+11-1.79079E+10 2.04567E+11
 -1       310-6.67622E+10 6.31268E+10 2.31023E+11
 -1       311-1.58364E+11-4.08495E+10 1.23648E+11
 -1       312-6.56916E+08 1.09958E+11 2.27383E+11
 -1       313 9.80780E+10 1.72597E+11 2.00927E+11
 -1       314-3.43871E+10 6.05289E+10 1.55795E+11
 -1       315 1.55455E+11 2.03723E+11 1.70377E+11
 -1       316 2.27734E+11 2.31183E+11 9.80985E+10
 -1       317 8.90951E+10 1.38485E+11 1.21606E+11
 -1       318 1.80545E+11 1.74442E+11 3.36451E+10
 -1       319 9.65569E+10 1.39116E+10-2.52336E+11
 -1       320 1.25468E+11 4.49982E+10-2.23425E+11
 -1       321-3.48703E+08-7.08335E+10-2.93293E+11
 -1       322 3.91453E+10-3.84196E+10-2.82711E+11
 -1       323-1.04750E+11-1.43949E+11-2.85112E+11
 -1       324-6.52559E+10-1.18893E+11-2.95694E+11
 -1       325-1.93590E+11-1.87333E+11-2.23976E+11
 -1       326-1.64679E+11-1.76349E+11-2.52888E+11
 -1       327-2.36396E+11-1.83913E+11-1.24553E+11
 -1       328-2.25814E+11-1.89944E+11-1.64047E+11
 -1       329-2.23413E+11-1.38171E+11-2.01523E+10
 -1       330-2.33996E+11-1.59601E+11-5.96463E+10
 -1       331-1.64127E+11-6.50253E+10 6.61709E+10
 -1       332-1.93039E+11-9.61120E+10 3.72593E+10
 -1       333-6.67622E+10 2.19360E+10 1.12541E+11
 -1       334-1.06256E+11-1.04779E+10 1.01959E+11
 -1       335 3.88371E+10 9.38228E+10 9.83182E+10
 -1       336-6.56916E+08 6.87670E+10 1.08901E+11
 -1       337 1.25126E+11 1.35932E+11 3.88575E+10
 -1       338 9.62139E+10 1.24948E+11 6.77691E+10
 -1       339 4.03901E+10 5.69094E+10-1.11103E+10
 -1       340 1.08028E+11 9.33758E+10-4.77705E+10
 -1       341 1.08028E+11 1.23585E+10-2.80810E+11
 -1       342 4.03901E+10-4.95164E+10-3.17235E+11
 -1       343-3.95935E+10-1.44586E+09-1.15738E+10
 -1       344-1.10412E+11-6.71865E+10-5.24610E+10
 -1       345 1.76770E+11 1.00491E+11-1.71171E+11
 -1       346 1.47553E+11 1.02623E+11-1.03891E+11
 -1       347 1.47553E+11 5.68956E+10-2.35421E+11
 -1       348 1.76770E+11 7.20613E+10-2.52945E+11
 -1       349 1.40837E+11 7.47185E+10-1.70101E+11
 -1       350 1.40837E+11 9.96612E+10-9.83556E+10
 -1       351-1.51299E+11-1.21555E+11-1.23280E+11
 -1       352-1.51299E+11-1.49985E+11-2.05054E+11
 -1       353-1.10412E+11-1.44857E+11-2.75873E+11
 -1       354-3.95935E+10-1.07545E+11-3.16760E+11
 -1       355 1.86523E+11 8.20405E+10-2.44651E+11
 -1       356 1.75849E+11 6.04258E+10-2.84486E+11
 -1       357 1.86523E+11 9.63778E+10-2.03411E+11
 -1       358 1.75849E+11 1.02461E+11-1.63576E+11
 -1       359 1.75081E+11 9.63778E+10-1.79465E+11
 -1       360 1.75081E+11 8.20405E+10-2.20705E+11
 -1       361 1.33919E+11 8.31625E+10-1.31334E+11
 -1       362 1.23898E+11 6.19642E+10-1.71338E+11
 -1       363 1.33919E+11 9.57161E+10-9.52243E+10
 -1       364 1.23898E+11 1.02333E+11-5.52202E+10
 -1       365 1.45361E+11 8.31625E+10-1.55279E+11
 -1       366 1.45361E+11 9.57161E+10-1.19170E+11
 -1       367 1.41667E+11 3.04905E+10-2.99055E+11
 -1       368 1.11870E+11-1.10097E+09-3.27567E+11
 -1       369 1.30337E+11 3.58353E+10-2.59970E+11
 -1       370 1.60147E+11 5.21996E+10-2.75287E+11
 -1       371 1.62683E+11 6.47926E+10-2.44371E+11
 -1       372 7.80552E+10-3.22484E+10-3.46391E+11
 -1       373 3.81585E+10-6.49058E+10-3.56831E+11
 -1       374 7.64642E+10-1.83881E+10-3.03193E+11
 -1       375-2.16349E+09-9.42009E+10-3.56710E+11
 -1       376-4.19983E+10-1.19473E+11-3.46036E+11
 -1       377 3.68089E+08-8.03417E+10-3.22143E+11
 -1       378-7.77131E+10-1.38290E+11-3.25416E+11
 -1       379-1.06874E+11-1.49369E+11-2.96255E+11
 -1       380-7.76943E+10-1.29780E+11-3.00978E+11
 -1       381-1.27494E+11-1.51955E+11-2.60540E+11
 -1       382-1.38168E+11-1.45872E+11-2.20705E+11
 -1       383-1.35518E+11-1.51748E+11-2.43155E+11
 -1       384-1.27494E+11-1.09920E+11-1.39631E+11
 -1       385-1.38168E+11-1.31535E+11-1.79465E+11
 -1       386-1.56682E+11-1.39687E+11-1.64167E+11
 -1       387-1.06874E+11-8.25008E+10-1.03916E+11
 -1       388-7.77131E+10-5.11459E+10-7.47547E+10
 -1       389-1.35518E+11-9.68270E+10-8.51788E+10
 -1       390-4.19983E+10-1.79920E+10-5.41347E+10
 -1       391-2.16349E+09 1.47016E+10-4.34610E+10
 -1       392-7.76943E+10-3.46537E+10-2.73556E+10
 -1       393 3.81585E+10 4.40790E+10-4.33456E+10
 -1       394 7.80552E+10 6.94775E+10-5.37854E+10
 -1       395 3.68089E+08 2.94987E+10-6.19654E+09
 -1       396 1.11870E+11 8.74952E+10-7.27274E+10
 -1       397 1.41667E+11 9.92624E+10-1.01239E+11
 -1       398 7.64642E+10 7.82336E+10-2.52694E+10
 -1       399 1.30337E+11 1.00497E+11-7.39758E+10
 -1       400 1.60147E+11 1.02580E+11-1.30373E+11
 -1       401 1.62683E+11 1.02001E+11-1.37343E+11
 -1       402 7.75446E+10-1.10097E+09-2.55730E+11
 -1       403 1.07341E+11 3.04905E+10-2.27218E+11
 -1       404 1.25822E+11 5.21996E+10-2.03450E+11
 -1       405 1.44944E+11 6.62630E+10-2.03017E+11
 -1       406 3.83281E+09-6.49058E+10-2.84994E+11
 -1       407 4.37295E+10-3.22484E+10-2.74554E+11
 -1       408-7.63240E+10-1.19473E+11-2.74199E+11
 -1       409-3.64892E+10-9.42009E+10-2.84873E+11
 -1       410-1.41200E+11-1.49369E+11-2.24418E+11
 -1       411-1.12039E+11-1.38290E+11-2.53579E+11
 -1       412-1.72494E+11-1.45872E+11-1.48868E+11
 -1       413-1.61820E+11-1.51955E+11-1.88703E+11
 -1       414-1.72494E+11-1.31535E+11-1.07628E+11
 -1       415-1.61820E+11-1.09920E+11-6.77934E+10
 -1       416-1.12039E+11-5.11459E+10-2.91749E+09
 -1       417-1.41200E+11-8.25008E+10-3.20786E+10
 -1       418-3.64892E+10 1.47016E+10 2.83762E+10
 -1       419-7.63240E+10-1.79920E+10 1.77025E+10
 -1       420 4.37295E+10 6.94775E+10 1.80518E+10
 -1       421 3.83281E+09 4.40790E+10 2.84916E+10
 -1       422 1.07341E+11 9.92624E+10-2.94016E+10
 -1       423 7.75446E+10 8.74952E+10-8.90217E+08
 -1       424 1.25822E+11 1.02580E+11-5.85357E+10
 -1       425 1.44944E+11 1.01776E+11-1.00867E+11
 -1       426 1.56803E+11 8.31625E+10-1.79225E+11
 -1       427 1.56803E+11 9.57161E+10-1.43116E+11
 -1       428 1.62675E+11 9.92542E+10-1.45229E+11
 -1       429 1.62675E+11 7.58534E+10-2.12539E+11
 -1       430 5.20491E+08-2.78955E+08 3.94311E+07
 -1       431 5.20491E+08 1.15055E+08-3.94311E+07
 -1       432 6.38694E+08-8.19497E+07-3.72498E+06
 -1       433 4.02288E+08-8.19497E+07 3.72498E+06
 -1       434-4.08628E-04 2.96616E-03-1.50513E-03
 -1       435-5.91015E+07-9.85026E+07 2.15781E+07
 -1       436 5.91015E+07-9.85026E+07 1.78531E+07
 -1       437 5.91015E+07 9.85026E+07-2.15781E+07
 -1       438-5.91015E+07 9.85026E+07-1.78531E+07
 -1       439 1.04098E+09-1.63899E+08-4.42961E-03
 -1       440 1.10008E+09-2.62402E+08 1.78531E+07
 -1       441 9.81880E+08-2.62402E+08 2.15781E+07
 -1       442 1.10008E+09-6.53968E+07-2.15781E+07
 -1       443 9.81880E+08-6.53968E+07-1.78531E+07
 -1       444-1.30861E-03 6.41646E-03-1.08998E-03
 -1       445-1.25366E-03 7.50110E-03-1.55874E-03
 -1       446-1.23704E-03 5.51098E-03-8.39579E-04
 -1       447-1.14507E-03 7.57923E-03-1.74940E-03
 -1       448-1.09571E-03 4.45920E-03-6.09065E-04
 -1       449-8.93367E-04 3.35063E-03-4.20955E-04
 -1       450-6.51234E-04 2.27459E-03-2.91307E-04
 -1       451-3.89772E-04 1.31781E-03-2.34164E-04
 -1       452-1.43266E-04 5.99473E-04-2.15372E-04
 -1       453 3.38569E-04 2.75573E-05-3.00242E-04
 -1       454 9.60254E-05 1.67102E-04-2.35477E-04
 -1       455 5.65060E-04-8.38052E-04-9.76830E-04
 -1       456 4.92085E-04-1.21154E-03-1.25322E-03
 -1       457 5.33892E-04-3.22877E-04-6.04697E-04
 -1       458 3.64713E-04-1.27971E-03-1.44508E-03
 -1       459 2.18277E-04-9.46759E-04-1.52358E-03
 -1       460 9.42448E-05 4.22781E-05-1.59127E-03
 -1       461-3.48927E-05 1.60042E-03-1.79856E-03
 -1       462-2.12017E-04 3.17703E-03-1.95847E-03
 -1       463-6.31105E-04 5.79636E-03-2.04371E-03
 -1       464-8.23438E-04 6.71445E-03-1.99334E-03
 -1       465-4.16268E-04 4.61057E-03-2.04968E-03
 -1       466-9.97083E-04 7.31554E-03-1.89678E-03
 -1       467-1.32909E-04 2.97381E-03-2.20372E-03
 -1       468-5.03891E-04 5.29129E-03-2.21259E-03
 -1       469-2.08173E-04 4.38356E-03-2.51817E-03
 -1       470 1.37633E-04 8.07792E-04-1.84357E-03
 -1       471-4.88111E-05 1.70485E-03-1.35305E-03
 -1       472-4.30875E-04 3.79035E-03-1.66948E-03
 -1       473 9.19968E-05 1.80467E-03-2.44477E-03
 -1       474-6.86373E-04 5.42367E-03-1.89972E-03
 -1       475-4.79971E-04 6.00551E-03-2.52286E-03
 -1       476-2.72981E-04 2.52700E-03-1.23292E-03
 -1       477 1.45969E-04 5.50336E-04-1.12719E-03
 -1       478-7.80480E-04 5.47507E-03-1.72824E-03
 -1       479-8.13883E-04 6.26073E-03-1.99072E-03
 -1       480-7.18718E-04 6.20603E-03-2.14604E-03
 -1       481-6.41644E-04 6.43082E-03-2.36879E-03
 -1       482-5.93948E-04 5.36308E-03-2.06330E-03
 -1       483-4.90094E-04 3.58434E-03-1.37597E-03
 -1       484-6.46611E-04 4.65558E-03-1.61630E-03
 -1       485-5.61006E-04 4.59920E-03-1.79560E-03
 -1       486-1.75152E-04 1.92279E-03-1.01072E-03
 -1       487-4.05087E-04 2.94093E-03-1.16681E-03
 -1       488-3.57783E-04 3.14918E-03-1.45482E-03
 -1       489 1.05764E-04 8.83944E-04-9.30532E-04
 -1       490-5.66096E-05 1.53814E-03-1.04290E-03
 -1       491-1.56131E-04 2.11459E-03-1.29271E-03
 -1       492 3.00204E-04 7.81336E-05-1.04619E-03
 -1       493 1.68942E-04 4.05931E-04-6.92996E-04
 -1       494 5.68145E-05 1.10282E-03-1.24885E-03
 -1       495 2.66753E-04-1.56151E-04-1.93164E-03
 -1       496 2.61372E-04 1.05160E-04-1.47478E-03
 -1       497 1.40320E-04 6.86684E-04-1.51125E-03
 -1       498 1.63032E-04 5.21194E-04-2.54283E-03
 -1       499 1.96032E-04 1.25818E-04-2.27103E-03
 -1       500 1.06664E-04 1.26271E-03-2.20903E-03
 -1       501 1.57376E-04 1.73093E-03-2.66999E-03
 -1       502-1.58014E-04 4.50300E-03-2.71862E-03
 -1       503 1.09576E-05 3.15462E-03-2.69599E-03
 -1       504-4.51004E-05 3.11965E-03-2.47564E-03
 -1       505-3.41349E-04 5.54161E-03-2.66007E-03
 -1       506-6.30142E-04 6.79838E-03-2.52075E-03
 -1       507-4.77412E-04 6.36038E-03-2.66257E-03
 -1       508-3.39056E-04 5.20232E-03-2.52266E-03
 -1       509-4.88058E-04 5.64926E-03-2.37487E-03
 -1       510-1.53691E-04 3.65789E-03-2.31504E-03
 -1       511-3.39480E-04 4.86033E-03-2.38557E-03
 -1       512-3.01947E-04 4.11251E-03-2.18205E-03
 -1       513-4.74643E-04 4.53085E-03-1.97592E-03
 -1       514-3.01103E-04 3.39773E-03-1.88809E-03
 -1       515-3.31986E-05 2.45695E-03-2.28757E-03
 -1       516-8.67709E-05 2.32294E-03-1.74115E-03
 -1       517 5.34569E-05 1.30570E-03-1.59417E-03
 -1       518 2.12686E-05 1.86237E-03-2.00515E-03
 -1       519-2.40690E-04 2.71484E-03-1.52672E-03
 -1       520-6.83500E-04 2.95709E-03-6.95028E-04
 -1       521-1.18858E-03 5.28497E-03-7.14643E-04
 -1       522-8.15236E-04 4.36182E-03-8.87564E-04
 -1       523-5.67522E-05 7.90307E-04-4.88748E-04
 -1       524-5.54792E-04 1.67777E-03-1.32254E-04
 -1       525-1.10021E-03 3.78589E-03-2.68453E-04
 -1       526-2.45366E-04 1.79299E-03-6.76985E-04
 -1       527-1.39892E-03 5.41364E-03-4.44028E-04
 -1       528-1.16980E-03 5.99363E-03-9.57847E-04
 -1       529-9.01634E-04 2.50901E-03 6.21150E-05
 -1       530-7.72240E-05 5.42622E-04-1.81394E-04
 -1       531-1.54070E-03 6.24847E-03-5.21651E-04
 -1       532-1.49943E-03 5.46375E-03-2.89233E-04
 -1       533-1.35200E-03 6.41854E-03-8.49036E-04
 -1       534-1.43856E-03 6.19556E-03-6.58004E-04
 -1       535-1.29481E-03 5.35479E-03-5.87078E-04
 -1       536-1.34911E-03 4.64397E-03-1.99316E-04
 -1       537-1.16733E-03 3.57114E-03-1.07153E-05
 -1       538-1.25185E-03 4.59021E-03-3.60341E-04
 -1       539-1.06790E-03 2.92803E-03 1.52110E-04
 -1       540-8.03217E-04 1.90715E-03 2.21567E-04
 -1       541-1.00307E-03 3.13482E-03-1.03575E-04
 -1       542-6.23832E-04 1.52789E-03 1.25837E-04
 -1       543-3.43145E-04 8.27520E-04 3.27193E-05
 -1       544-7.29432E-04 2.09267E-03-3.41394E-05
 -1       545-1.08498E-04 3.71304E-04-4.28062E-06
 -1       546 2.24608E-04 8.00350E-05-1.98633E-04
 -1       547-3.32042E-04 1.06481E-03-1.47947E-04
 -1       548 2.26085E-04 1.07164E-04-3.65858E-04
 -1       549 2.91479E-04-1.39056E-04-5.11392E-04
 -1       550-6.36091E-05 6.72414E-04-3.57008E-04
 -1       551 1.62405E-04 1.32953E-04-5.94318E-04
 -1       552 4.63549E-05 5.26407E-04-5.57506E-04
 -1       553-1.61002E-04 1.24153E-03-6.17645E-04
 -1       554-2.02287E-04 1.68545E-03-5.85929E-04
 -1       555-5.06638E-04 3.12647E-03-7.99428E-04
 -1       556-7.71119E-04 4.48751E-03-9.98928E-04
 -1       557-5.46192E-04 3.09813E-03-7.77532E-04
 -1       558-9.98534E-04 5.52659E-03-1.03823E-03
 -1       559-1.16803E-03 6.34811E-03-1.07209E-03
 -1       560-1.34028E-03 6.78711E-03-9.74150E-04
 -1       561-9.93571E-04 5.18686E-03-9.28494E-04
 -1       562-1.17635E-03 5.63946E-03-8.40591E-04
 -1       563-9.35753E-04 4.11333E-03-6.95546E-04
 -1       564-9.92009E-04 4.85062E-03-8.21453E-04
 -1       565-7.37986E-04 3.64259E-03-7.63240E-04
 -1       566-9.05442E-04 3.39404E-03-4.66117E-04
 -1       567-1.15217E-03 4.52579E-03-5.13953E-04
 -1       568-4.77124E-04 2.43294E-03-6.84341E-04
 -1       569-3.83247E-04 1.82756E-03-5.72901E-04
 -1       570-3.12626E-04 1.29206E-03-3.26243E-04
 -1       571-6.19080E-04 2.29595E-03-3.98987E-04
 -1       572-8.30761E-04 2.69241E-03-1.98753E-04
 -1       573 7.70239E+10-7.45991E+10-4.66051E+11
 -1       574 2.14258E+11 6.65265E+10-3.47319E+11
 -1       575 2.49932E+11 1.43256E+11-2.01273E+11
 -1       576 1.20731E+11-3.72897E+10-4.50204E+11
 -1       577 2.19959E+10-1.18324E+11-4.76660E+11
 -1       578 1.55057E+11-3.72897E+10-5.22042E+11
 -1       579 5.63216E+10-1.18324E+11-5.48497E+11
 -1       580-1.49993E+11-1.86451E+11-3.12682E+11
 -1       581-1.29549E+11-1.83887E+11-3.48091E+11
 -1       582-1.84318E+11-1.86451E+11-2.40844E+11
 -1       583-1.63875E+11-1.83887E+11-2.76254E+11
 -1       584-1.83012E+11-2.22918E+11-3.48472E+11
 -1       585-1.82217E+11-1.74847E+11-2.11866E+11
 -1       586-1.82217E+11-1.89062E+11-2.52753E+11
 -1       587-2.16542E+11-1.74847E+11-1.40028E+11
 -1       588-2.16542E+11-1.89062E+11-1.80916E+11
 -1       589-2.47459E+11-2.28139E+11-2.28615E+11
 -1       590-1.63323E+11-8.12917E+10 1.76996E+10
 -1       591-1.81909E+11-9.53969E+10 1.60231E+10
 -1       592-1.28998E+11-8.12917E+10-5.41375E+10
 -1       593-1.49441E+11-1.08476E+11-8.95469E+10
 -1       594-1.83767E+11-1.08476E+11-1.77097E+10
 -1       595-3.42110E+10-1.32832E+11-4.00758E+11
 -1       596 5.78085E+09-1.03817E+11-4.00996E+11
 -1       597-2.85448E+10-1.03817E+11-3.29159E+11
 -1       598-6.31541E+10-1.58118E+11-4.12920E+11
 -1       599-6.85366E+10-1.32832E+11-3.28921E+11
 -1       600 1.04199E+11 1.00368E+11-1.96450E+10
 -1       601 7.03798E+10 8.21347E+10-1.31493E+09
 -1       602 3.60541E+10 8.21347E+10 7.05223E+10
 -1       603 6.60439E+10 1.07360E+11 8.03177E+10
 -1       604 6.98729E+10 1.00368E+11 5.21922E+10
 -1       605 1.81338E+11 1.36117E+11-7.82541E+10
 -1       606 2.15411E+11 1.40948E+11-1.35666E+11
 -1       607 2.48944E+11 1.79274E+11-9.56037E+10
 -1       608 1.81085E+11 1.40948E+11-6.38285E+10
 -1       609 2.14871E+11 1.74442E+11-3.81921E+10
 -1       610-2.15235E+11-2.25529E+11-2.88543E+11
 -1       611 1.47012E+11 1.36117E+11-6.41693E+09
 -1       612 1.80798E+11 1.69611E+11 1.92195E+10
 -1       613 1.75312E+09-1.10058E+11-4.10519E+11
 -1       614 3.63624E+10-5.57576E+10-3.26758E+11
 -1       615-2.12283E+11-1.37456E+11-4.13885E+10
 -1       616-1.79816E+11-1.50535E+11-1.46958E+11
 -1       617-2.14142E+11-1.50535E+11-7.51213E+10
 -1       618-2.45059E+11-2.03827E+11-1.63707E+11
 -1       619 1.61575E+11 1.31493E+11-5.01941E+10
 -1       620 1.23421E+11 1.38485E+11 4.97686E+10
 -1       621 1.27250E+11 1.31493E+11 2.16431E+10
 -1       622 7.06881E+10-5.57576E+10-3.98595E+11
 -1       623 6.66603E+10-6.19989E+10-4.08119E+11
 -1       624-2.42658E+11-1.79515E+11-9.88001E+10
 -1       625 2.10322E+11 1.16724E+11-1.94693E+11
 -1       626 1.98880E+11 1.16724E+11-1.70747E+11
 -1       627 1.95385E+11 1.21459E+11-1.49814E+11
 -1       628 2.30020E+11 1.39882E+11-1.69306E+11
 -1       629 2.26991E+11 1.34733E+11-1.77777E+11
 -1       630 1.98742E+11 1.22940E+11-1.52582E+11
 -1       631-6.61667E+10 1.36980E+10 8.75988E+10
 -1       632-3.24365E+10 6.31268E+10 1.59186E+11
 -1       633-6.14213E+07 6.05289E+10 8.39583E+10
 -1       634 3.22589E+11 2.20938E+11-1.29885E+11
 -1       635 2.66601E+11 1.61265E+11-1.84357E+11
 -1       636 2.32275E+11 1.61265E+11-1.12520E+11
 -1       637 3.40246E+11 2.02929E+11-2.18638E+11
 -1       638-6.96203E+10-1.51487E+11-3.80315E+11
 -1       639-1.03946E+11-1.51487E+11-3.08478E+11
 -1       640-1.27914E+11-4.84214E+10 3.81432E+10
 -1       641-9.35883E+10-4.84214E+10-3.36939E+10
 -1       642 2.62060E+11 2.31183E+11 2.62613E+10
 -1       643 1.32404E+11 1.72597E+11 1.29089E+11
 -1       644 1.77728E+11 1.39467E+11-6.10611E+10
 -1       645 3.03880E+10 5.29570E+10-1.54665E+09
 -1       646-3.93766E+09 5.29570E+10 7.02905E+10
 -1       647 2.32078E+11 1.03520E+11-2.78205E+11
 -1       648 2.17469E+11 9.59371E+10-2.69443E+11
 -1       649 1.04507E+11-2.48202E+10-3.80383E+11
 -1       650 1.61143E+11 3.94425E+10-3.14065E+11
 -1       651 1.57622E+11 2.26384E+09-4.13637E+11
 -1       652 1.27324E+11 8.50509E+09-3.32277E+11
 -1       653 7.01811E+10-2.48202E+10-3.08546E+11
 -1       654 1.23296E+11 2.26384E+09-3.41800E+11
 -1       655-1.31172E+11-1.79079E+10 1.32730E+11
 -1       656 2.96133E+11 2.36015E+11-3.11503E+10
 -1       657 1.89781E+11 2.03723E+11 9.85403E+10
 -1       658 3.36688E+10 1.09958E+11 1.55545E+11
 -1       659 1.77547E+11 7.06225E+10-2.58710E+11
 -1       660 1.80905E+11 6.17111E+10-2.91370E+11
 -1       661 1.59018E+11 5.69297E+10-2.59318E+11
 -1       662-1.23083E+11-1.90518E+11-3.80696E+11
 -1       663-1.89594E+11-2.55123E+11-4.27333E+11
 -1       664-2.61873E+11-2.82584E+11-3.55054E+11
 -1       665-1.24038E+11-4.08495E+10 5.18110E+10
 -1       666-7.00430E+10 6.12605E+09 7.39311E+10
 -1       667-3.57173E+10 6.12605E+09 2.09394E+09
 -1       668-2.94097E+11-2.85195E+11-2.95126E+11
 -1       669-1.89043E+11-7.24553E+10 9.69421E+10
 -1       670-1.29665E+11-2.22724E+11-4.59557E+11
 -1       671-3.20553E+11-2.70118E+11-1.96391E+11
 -1       672-2.61322E+11-1.50172E+11 2.46631E+10
 -1       673-2.91696E+11-1.92231E+11-3.27485E+10
 -1       674-3.18152E+11-2.45806E+11-1.31483E+11
 -1       675 5.46793E+10-6.82990E+10-4.01166E+11
 -1       676 8.90050E+10-6.82990E+10-4.73003E+11
 -1       677 1.45641E+11-4.03628E+09-4.06685E+11
 -1       678 1.27593E+11 2.75110E+10-2.78171E+11
 -1       679 3.05920E+11 2.02929E+11-1.46801E+11
 -1       680 1.61918E+11 2.75110E+10-3.50008E+11
 -1       681-3.09302E+10-1.60084E+11-4.86013E+11
 -1       682 1.79785E+11 1.04849E+11-1.64946E+11
 -1       683 2.16496E+11 1.00753E+11-2.53555E+11
 -1       684 1.80708E+11 5.45950E+10-3.11426E+11
 -1       685 2.15033E+11 5.45950E+10-3.83263E+11
 -1       686 1.81681E+11 4.97795E+10-3.27314E+11
 -1       687 2.23673E+11 3.32731E+10-4.62676E+11
 -1       688 2.61627E+11 1.10990E+11-3.18559E+11
 -1       689 1.89348E+11 3.32731E+10-3.90838E+11
 -1       690 2.13351E+11 1.07659E+11-2.27109E+11
 -1       691 2.68659E+11 1.39118E+11-2.52369E+11
 -1       692 1.98742E+11 1.00076E+11-2.18347E+11
 -1       693 3.13790E+11 1.49355E+11-3.17373E+11
 -1       694 2.21764E+11 1.16724E+11-2.18638E+11
 -1       695 1.95385E+11 1.08987E+11-1.85687E+11
 -1       696 2.95952E+11 1.10990E+11-3.90397E+11
 -1       697 2.79464E+11 1.49355E+11-2.45536E+11
 -1       698 2.50821E+11 1.00753E+11-3.25392E+11
 -1       699 2.32095E+11 1.04892E+11-2.74296E+11
 -1       700 2.34333E+11 1.39118E+11-1.80531E+11
 -1       701 1.87438E+11 1.16724E+11-1.46801E+11
 -1       702-1.02279E+10-1.16358E+11-4.03567E+11
 -1       703 2.40978E+10-1.16358E+11-4.75404E+11
 -1       704 5.79592E+08-1.80452E+08 1.78531E+07
 -1       705 4.61389E+08-1.80452E+08 2.15781E+07
 -1       706 5.20491E+08-8.19497E+07-3.65159E-03
 -1       707 4.61389E+08 1.65529E+07-1.78531E+07
 -1       708 5.79592E+08 1.65529E+07-2.15781E+07
 -1       709-1.06343E-03 4.90473E-03-8.99829E-04
 -1       710 3.50724E-04-2.58958E-04-1.05527E-03
 -1       711 1.87439E-04 4.63385E-05-1.36615E-03
 -1       712 3.42305E-04-6.25870E-04-9.16914E-04
 -1       713 9.75715E-05 4.74278E-04-9.12300E-04
 -1       714 1.02314E-05 8.93657E-04-1.02953E-03
 -1       715 1.98774E-04-3.94777E-04-9.78489E-04
 -1       716 2.46762E-04 9.95184E-05-9.20741E-04
 -1       717 4.31769E-05 7.96265E-04-1.16877E-03
 -1       718 2.06563E-04 2.46933E-04-1.43460E-03
 -1       719 1.70022E-04 2.51269E-04-7.81369E-04
 -1       720 4.33450E-04-3.22596E-04-5.94581E-04
 -1       721 4.34500E-04-3.13222E-04-1.10146E-03
 -1       722-1.04236E-03 5.41814E-03-1.17128E-03
 -1       723-1.13947E-03 5.46847E-03-1.00830E-03
 -1       724-1.32762E-03 5.20754E-03-5.14020E-04
 -1       725-8.76997E-04 5.16340E-03-1.39832E-03
 -1       726-1.23077E-03 5.15843E-03-6.75655E-04
 -1       727 2.82175E-04-1.48929E-04-1.21551E-03
 -1       728 4.10829E-04-7.04781E-04-1.51429E-03
 -1       729 9.83596E-05 5.28064E-04-1.55793E-03
 -1       730 9.62446E-05 8.92536E-04-1.90161E-03
 -1       731 2.19759E-04-3.93773E-04-1.94210E-03
 -1       732 4.55956E-04-6.85262E-04-8.22305E-04
 -1       733 2.68513E-04 8.42662E-05-6.43810E-04
 -1       734 4.17584E-05 6.71786E-04-9.38396E-04
 -1       735 4.86309E-05 5.42718E-04-6.66046E-04
 -1       736-5.87841E-04 2.51333E-03-5.85625E-04
 -1       737-6.78821E-04 3.13759E-03-7.80756E-04
 -1       738-4.43888E-04 2.09782E-03-6.63129E-04
 -1       739-1.36480E-04 1.06913E-03-7.09319E-04
 -1       740-8.32857E-04 5.64610E-03-1.60729E-03
 -1       741-9.84937E-04 6.79452E-03-1.74681E-03
 -1       742-8.25068E-04 6.00196E-03-1.74007E-03
 -1       743-4.88655E-04 1.90814E-03-4.03174E-04
 -1       744-8.17812E-05 1.80310E-03-1.56119E-03
 -1       745-3.52143E-04 2.30476E-03-1.07168E-03
 -1       746-1.80322E-04 1.84069E-03-1.29346E-03
 -1       747-6.02681E-04 3.39470E-03-1.18361E-03
 -1       748-1.28504E-04 1.29245E-03-9.57962E-04
 -1       749-5.34620E-04 2.69959E-03-8.64402E-04
 -1       750-7.64456E-04 3.78609E-03-9.71058E-04
 -1       751-6.19364E-04 4.11706E-03-1.44215E-03
 -1       752-3.02762E-04 1.68188E-03-7.38093E-04
 -1       753-8.11286E-04 4.52938E-03-1.24437E-03
 -1       754-8.46512E-04 5.28918E-03-1.46281E-03
 -1       755-1.17699E-03 6.25461E-03-1.25589E-03
 -1       756-7.38098E-04 2.93115E-03-5.07047E-04
 -1       757 4.25215E-05 3.68016E-04-3.40586E-04
 -1       758-8.23254E-04 6.35708E-03-1.86780E-03
 -1       759-9.45081E-04 5.35912E-03-1.32482E-03
 -1       760-1.07877E-03 6.20068E-03-1.40131E-03
 -1       761-9.71066E-04 5.21384E-03-1.22849E-03
 -1       762-9.97473E-04 6.42542E-03-1.60825E-03
 -1       763-3.44142E-04 1.52037E-03-4.64470E-04
 -1       764-2.08878E-05 1.25062E-03-1.40970E-03
 -1       765-1.09164E-04 8.42079E-04-4.47000E-04
 -1       766-1.08486E-03 4.34128E-03-5.82653E-04
 -1       767-6.66121E-04 5.19719E-03-1.72539E-03
 -1       768-4.69323E-04 4.49916E-03-1.85558E-03
 -1       769-8.28686E-04 3.57442E-03-6.93318E-04
 -1       770-6.66507E-04 4.85747E-03-1.60122E-03
 -1       771-4.45806E-04 3.65562E-03-1.53991E-03
 -1       772-2.56866E-04 2.44663E-03-1.49257E-03
 -1       773-2.48013E-04 3.15725E-03-1.75596E-03
 -1       774-5.11184E-04 4.37822E-03-1.70243E-03
 -1       775-6.69748E-04 5.53774E-03-1.85014E-03
 -1       776-2.94068E-04 3.11359E-03-1.61595E-03
 -1       777-2.27065E-05 1.71890E-03-1.61554E-03
 -1       778-7.41964E-04 4.34451E-03-1.29038E-03
 -1       779-1.15622E-03 4.11776E-03-3.20665E-04
 -1       780-7.82740E-04 5.10496E-03-1.56338E-03
 -1       781-1.13104E-03 5.10067E-03-8.30358E-04
 -1       782 3.15882E-04-6.40137E-04-1.72402E-03
 -3
    1PSTEP                         2           1           1          
  100CL  101 1.000000000         782                     0    1           1
 -4  STRESS      6    1
 -5  SXX         1    4    1    1
 -5  SYY         1    4    2    2
 -5  SZZ         1    4    3    3
 -5  SXY         1    4    1    2
 -5  SYZ         1    4    2    3
 -5  SZX         1    4    3    1
 -1         1-1.18326E+01-1.36484E+00 3.32556E+00 1.35889E+01 3.00365E+00-3.30006E+00
 -1         2 1.63941E+01 4.34775E+00 2.56998E-03-4.66900E+00 1.76839E+00-8.01910E+00
 -1         3 1.38204E+01-4.00846E+01-3.60147E+01-3.34184E+01-9.76674E+00-1.93377E+01
 -1         4 6.73027E+01 3.91182E+01 3.26605E+01 2.11488E+01-1.33566E+01-1.59120E+01
 -1         5 4.75803E-02-2.11807E-02-3.09244E+00 2.23465E-02-2.31643E-01-6.94934E-01
 -1         6-2.02012E-02-5.81158E-03-1.11041E+01-1.36923E-02 2.72486E-01 3.82219E-01
 -1         7 1.41276E-02 4.96632E-03-8.22287E-02-5.76019E-03 5.25373E-01 1.52673E-01
 -1         8-3.73685E-02 2.79340E-02-8.33230E+00-1.14210E-02 2.73865E-01 7.24396E-01
 -1         9 2.24866E-03-7.20575E-03-6.76115E-01 1.36972E-02-3.14035E-01-2.83070E-01
 -1        10 5.12527E-02-4.35010E-03-8.99818E+00 1.54796E-02-6.73927E-02-4.94102E-01
 -1        11-2.85424E-02-4.29872E-02 2.21291E+00 1.45125E-03-1.99632E-01 1.64150E-01
 -1        12 1.92285E-02 1.12185E-03-6.08082E+00-1.51385E-02-1.50198E-01 1.87463E-01
 -1        13-8.50228E-01 6.34396E-04 3.23827E-02-1.35381E-01-1.36374E-02 1.38320E-01
 -1        14-8.64755E-01 2.57185E-02 7.66504E-03-1.46601E-01-8.93906E-03-2.41447E-01
 -1        15-1.94261E+00-3.77967E+00 8.15185E+00 8.92671E+00 3.79278E+00 3.54104E+00
 -1        16 1.06971E-01-6.72935E+00 2.06000E+01 1.28153E+01-3.19973E+00-1.67353E+01
 -1        17-9.09021E+00-6.41681E-01 1.18825E+01 5.76309E-01-1.09870E+01-1.12037E+01
 -1        18 7.79244E+00 1.81453E+01-1.13112E+00 7.57595E+00-3.19534E-01-2.10702E+01
 -1        19-1.65220E+01 4.25741E+00-1.17462E+01 9.33068E+00-6.53118E+00-9.94330E+00
 -1        20-3.01889E+01-6.93985E+00 6.53418E+00-7.09110E+00 4.55210E-01-3.14657E+00
 -1        21 2.62123E+01-4.32142E+00-3.96632E-01-7.04210E+00 2.85997E+00-1.34515E+01
 -1        22-1.01156E+01-1.30345E+01-2.60923E+00-6.94856E+00-3.35490E+00-1.34318E+01
 -1        23 1.30348E+01 6.11747E+00 5.60842E+00 1.33713E+01 9.85738E+00 8.72460E+00
 -1        24-1.68096E+00-2.51270E+00-1.28503E+00-6.89489E-01 5.77900E+00 5.17125E+00
 -1        25 7.25744E+00 1.55230E+01 6.35681E+00-5.47799E-01-7.84835E+00 1.60974E+00
 -1        26 1.55070E+01 1.72427E+01 2.66882E+01 1.97458E+01-2.33745E-01-5.49832E+00
 -1        27-6.25217E+00-2.25286E+01 2.21421E+01 4.38210E+00-3.32101E+00-7.70372E+00
 -1        28-8.01083E+00-8.95897E-01 1.97594E+01 6.31113E+00-5.61386E+00-4.09203E+00
 -1        29 8.14512E+00 1.86832E+01 1.74286E+00 1.19888E+01-5.36083E+00-1.60781E+01
 -1        30-2.34433E+01-1.98071E+01-2.77672E+00-6.73336E+00-7.25222E+00-1.73726E+01
 -1        31-3.88929E+01-3.23589E+01-1.57951E+01-9.99119E+00-1.90586E+00-5.62933E+00
 -1        32 3.22996E+00-1.57432E+01-1.98304E+01-9.17980E+00 1.60957E+00-7.01257E+00
 -1        33-1.56982E+01-2.79416E+01-1.05524E+01-1.11647E+01-3.26397E+00-1.34036E+01
 -1        34-7.58016E+00 2.02241E+00-1.73237E+00 1.77133E+00 4.91581E-01-3.51219E+00
 -1        35-1.68052E-02 1.24799E+01 1.94528E+00 1.10535E+01 1.51421E+01 1.16203E+01
 -1        36-3.18543E+01-2.82385E+01-7.59822E+00-1.96433E+01-3.89732E+00-3.95512E+00
 -1        37-6.27014E+00 8.10629E+00-8.87915E+00 1.26547E+01-3.52795E+00 1.05752E+00
 -1        38-4.18376E+00-5.87472E+00 6.27201E+00 6.30452E+00 4.94358E+00-3.50540E+00
 -1        39 1.78759E+01 4.76480E+00-9.74465E+00 1.06322E+01 6.68857E+00-8.39263E+00
 -1        40-1.97605E+01-5.86379E+00-1.55507E+01 1.23644E-01-4.22006E+00 1.34391E+01
 -1        41-4.46767E+00-1.30783E+01-2.44407E+01-3.63782E+00-4.66394E+00 1.29165E+00
 -1        42 8.31556E+00-1.69831E+01 7.23768E+00 6.45860E+00 2.16070E+00 9.49076E+00
 -1        43-1.35665E+01-2.04229E+00 8.24764E+00 4.97408E+00-4.29536E+00-1.65246E+01
 -1        44-2.03229E+00-2.28739E-02-1.69519E+00-1.85648E+01 3.38220E+00-6.20860E+00
 -1        45-2.27930E+01-9.76349E+00 1.52626E+00 6.08026E+00 1.52536E+00 4.92818E-01
 -1        46 4.92573E+00 1.06450E+00 9.98678E+00 3.85553E+00-1.37618E+00-7.80876E+00
 -1        47-1.53818E+01-2.68396E+00-4.41201E+00-7.23859E+00 2.37349E+00 1.21339E+00
 -1        48-1.81568E+01-1.37162E+01-2.62152E+01 1.11790E+00-3.77106E+00-2.82388E+01
 -1        49-7.44372E+00 1.09620E+01-9.08335E+00-1.61728E+01-8.22181E+00-1.17912E+01
 -1        50 5.71545E+00 5.63913E-01-9.37225E+00-2.30664E+00 1.20863E+00-4.67235E+00
 -1        51 4.34784E+00-1.15880E+01-1.62876E+01 3.72221E+00 4.75180E+00 8.43438E+00
 -1        52 1.55318E+00-1.28310E+01-1.46439E+01 1.66826E+00-5.13271E+00 8.55797E+00
 -1        53 1.74754E+01 1.58900E+01 1.11805E+01 7.34824E+00 1.23671E+00 3.63844E+00
 -1        54-8.71110E-01-1.02871E+01-2.59782E+00 5.77753E+00 2.79648E+00 6.84253E+00
 -1        55-1.83779E+01-1.36993E+01-3.50449E+00-1.21670E+01-2.63166E-01-1.92656E+01
 -1        56 4.84990E-01-2.94589E+00-1.58007E+00-7.64564E+00 2.69165E+00 6.43921E+00
 -1        57-2.58694E+01-7.93944E+00 1.64020E+01 4.26184E+00-4.43489E+00-3.73690E+00
 -1        58 1.40328E+00-3.18831E-01 3.37591E+00-2.11635E+00 2.94706E+00-9.51380E+00
 -1        59-3.09635E+01-2.87789E+01-3.46535E+01-1.20096E+01-5.68331E+00-2.49565E+01
 -1        60-1.74010E+01 9.12796E+00-1.49254E+01-1.55954E+01-7.97008E+00-2.10854E+01
 -1        61-1.25050E+01-2.04419E+01-6.36517E+00-2.15781E+01-4.89010E+00-4.61837E+00
 -1        62-1.70662E+01-9.74407E-01 2.67271E+00 3.76913E+00 2.55313E+01 1.73382E+01
 -1        63-1.49402E+01-1.85903E+01-1.27166E+01-4.84063E-01 1.83465E+01 3.48838E+01
 -1        64-1.88633E+00 7.32267E+00-1.49909E+01-3.39994E+00-1.16368E+01 9.78658E+00
 -1        65 1.43472E+01-3.84083E+01 1.19744E+01-1.14819E+01 6.40331E+00 1.51622E+01
 -1        66 2.50845E+01 5.48533E+00 4.65082E+01 3.42097E+00 1.53371E+01 2.62839E+01
 -1        67-1.04325E+01 2.50063E+01-3.25561E+00-9.47603E+00 6.65205E+00 6.02923E+00
 -1        68-2.12491E+01-2.92525E+00-2.45149E+01-1.43304E+01 7.15577E+00 1.70247E+01
 -1        69-1.78265E+01-1.22930E+01-1.06358E+01-6.52651E+00-1.48185E+01-8.60327E+00
 -1        70 2.30466E+01 3.58295E+00 2.85107E+01 6.34607E+00-9.52275E+00 2.32157E+00
 -1        71-4.00086E+01-6.42278E+00 8.03053E+00-6.82869E+00 9.85552E+00 6.89471E+00
 -1        72 6.71928E+01-3.08471E+00 1.66377E+01-8.68522E-01 1.23164E+01 4.49350E+01
 -1        73-8.23381E+01-6.20123E+01-3.79674E+01-5.48525E+01-5.37102E+00-2.17846E+01
 -1        74 1.40456E+01-1.62032E+01 1.23200E+01 2.34845E+00 2.24017E+01 2.13458E+01
 -1        75-3.80861E+01-1.50251E+01-1.87525E+01-4.66892E+00 7.90423E+00 1.98150E+01
 -1        76-5.58989E+01-5.53033E+01-9.39921E+01-1.73558E+01 4.43918E+00 2.52711E+01
 -1        77 8.16138E+01 4.46400E+01 8.32871E+01 2.28428E+01 2.33828E+01 4.01158E+01
 -1        78-2.17136E+01-2.44942E+01 1.12987E+00-2.27608E+01 1.19920E+01 1.16064E+01
 -1        79-5.19814E+01-7.84704E+00-3.22184E+01-4.34284E+01 8.91661E-01-8.34763E+00
 -1        80-6.50352E+01-1.98929E+01-2.37540E+01-2.16938E+01-6.96021E+00 5.11491E-01
 -1        81-9.81247E+00 5.69119E+00-2.35035E-01 8.50903E+00-1.52159E+01 1.17423E+01
 -1        82-1.66172E+00 6.88177E+00 4.02190E+01 6.43832E-01 2.41446E+01 2.84110E+01
 -1        83 7.07139E+00-5.57396E+00 3.06808E+00 1.16685E+01 1.40247E+01 1.79782E+01
 -1        84 7.52376E+01-4.46682E+01-1.01412E+01-1.18048E+01 1.91041E+01 1.68806E+01
 -1        85-3.29934E+01-2.39157E+01-1.74564E+01-1.73635E-01 5.08801E+00 1.86274E+01
 -1        86-3.88621E+01-1.95326E+00-3.47239E+01-6.62922E+00-1.76102E+01 2.80730E+01
 -1        87 4.16528E+00 1.32738E+01-2.26965E+01-1.23974E+00-2.80566E+00 1.95867E+01
 -1        88 1.85965E+00-1.56134E+01-9.19055E+00-9.37086E+00-4.01753E+00 1.91054E+00
 -1        89 7.82051E+01 2.68764E+01 2.61196E+01 1.16940E+01 7.86824E+00 2.65364E+01
 -1        90-1.89247E+01-3.86815E+00-3.68145E+00 1.40643E+01 1.20331E+01 2.34790E+01
 -1        91-4.02457E+01-3.11844E+00-2.68654E+01-3.31120E-01-4.22857E+00 2.63605E+01
 -1        92-4.96983E+00 2.54188E+01-2.19365E+01 1.15878E+01 1.83179E+00 1.77506E+01
 -1        93 1.42538E+01-1.58092E+01-1.38527E+01-3.23241E+00 3.63859E+00-7.13558E+00
 -1        94 5.81858E+01 2.15144E+01 1.44788E+01 2.83103E+01-3.90060E+00 2.32928E+00
 -1        95-9.71903E+00-4.74636E+00-1.09430E+01 5.27661E+00 1.63407E+01 1.61115E+00
 -1        96-2.44536E+00 1.68914E+01 8.93802E+00 2.39183E+00-2.78686E+00-1.35127E+01
 -1        97-5.78803E+01 4.24230E+01-4.63168E+01 2.58717E+01-1.64857E+01 3.28551E+01
 -1        98-2.94678E+01-1.07363E+01-5.24073E+01-7.65902E+00-6.45833E+00 1.52545E+01
 -1        99 1.77047E+01-2.30238E-01-4.25718E+01-4.05676E+00-2.70748E+01-1.38454E+01
 -1       100 4.44624E+01-1.18601E+01 4.73735E-01-1.91224E+00 6.28965E-01 2.73358E+01
 -1       101 7.49777E+01 5.80300E+01 6.05630E+01 3.05585E+01 2.33438E+01 1.53657E+01
 -1       102-3.00568E+01 2.10858E+01 4.76871E-01 1.17551E+01-9.74859E+00 1.63897E+01
 -1       103-1.43628E+01 3.18594E+01-2.69957E+01 7.27608E+00-1.89726E+01 1.28624E+01
 -1       104 2.99102E+01-1.62253E+01-7.45867E+00 4.44365E+00-1.72062E+01-3.69008E+01
 -1       105-2.27044E+01-1.07626E+01-2.11600E+01 9.71747E+00 4.89392E+00 4.02253E+00
 -1       106 5.20884E+01 2.51410E+01 1.09141E+01 3.26270E+01 6.60821E+00 1.69586E+01
 -1       107 3.34027E+01 2.00741E+01 2.90650E+01 2.15139E+01 1.20006E+01 9.54484E+00
 -1       108-1.90203E+02 3.23637E+00-4.94941E+01-3.25223E+01-2.48651E+01 3.16667E+00
 -1       109 1.89984E+01-1.90084E+01-2.76792E+01 2.44276E+00 4.13964E+00 1.81273E+00
 -1       110 4.78590E+01 1.01072E+02 4.21629E+01 2.66774E+01-3.07714E+01-1.79701E+01
 -1       111-2.79825E+01-2.50149E+01-3.33295E+01 2.10522E+00 5.84361E+00 1.74139E+01
 -1       112-1.21084E+01-1.22002E+01-3.53925E+01-1.74876E+01-5.68798E+00-9.19674E+00
 -1       113 5.28270E-02 3.50347E-02-7.12010E+00 1.49020E-02-3.87339E-01-4.37809E-01
 -1       114 3.25295E-02-2.31022E-02-1.57180E+00 1.21440E-02 2.27079E-01-4.20876E-01
 -1       115 8.53266E-03 1.50043E-02-4.23249E+00-8.39541E-03 5.35491E-01 2.23775E-01
 -1       116-1.42797E-02-2.40990E-02-9.70979E+00-1.94906E-02 5.46987E-01 4.21063E-01
 -1       117 1.20939E-02 3.84632E-03-4.82335E+00 1.28021E-02-1.63243E-01-2.91251E-01
 -1       118 1.99902E-02-4.75166E-02 7.63554E-01 2.22153E-02-3.34469E-01-8.57218E-02
 -1       119 1.34766E-02-1.70315E-02-1.91358E+00-1.53690E-02-1.19977E-01 2.52162E-01
 -1       120-1.25461E-02-6.36207E-03-7.55114E+00 1.64334E-03-8.45545E-02-1.06564E-01
 -1       121 1.33876E-02 9.13899E-03-1.00659E+01 4.21648E-03-2.45845E-01-2.21290E-02
 -1       122-7.87637E-02 1.36269E-02-1.88481E+00 5.52454E-03-1.08038E-03-2.55638E-01
 -1       123-3.79362E-02-1.77558E-02-7.25440E+00-7.36109E-03 2.59230E-01 4.21202E-01
 -1       124-5.57232E-02 4.76041E-03 1.05461E+00-1.19119E-02-4.59906E-03 2.34551E-01
 -1       125-8.03053E-01 1.52206E-02-4.20039E-01-1.44208E-01 5.07638E-02 6.64707E-01
 -1       126-2.60478E-01-4.28756E-02-1.36067E+00-3.00277E-02 8.70190E-02 6.99616E-01
 -1       127 8.65141E-02 6.60831E-02-2.95596E+00-3.00394E-02 4.07857E-01 2.36573E-01
 -1       128 1.75444E-01-6.98481E-01-1.53357E+01 1.66242E-01 4.25996E-01-2.33607E-01
 -1       129 5.52242E+00 3.58768E+00-8.92771E-01 3.36753E+00 3.60734E+00 5.73372E+00
 -1       130 2.87785E+00-4.51311E-02 1.65740E-01 1.10852E+00 5.13082E-02 2.09462E+00
 -1       131 8.38504E-01 9.57972E-01-3.16027E-01 1.92038E+00 7.40344E-02 1.30328E+00
 -1       132-8.74184E-02-4.07652E-02-1.96087E-01-2.65419E-01 5.32269E-01 2.13695E+00
 -1       133 6.21550E-02-2.15099E-01 1.22417E+00 1.35916E-01 1.11748E-01 6.03673E-01
 -1       134 2.91624E-02-1.54413E-02 7.64849E-02-4.81013E-02-9.21585E-02 1.18705E-01
 -1       135-4.70769E-01-5.27792E-03 2.13932E-02-1.37820E-01-6.96357E-02-1.44265E-01
 -1       136-9.04559E-01-3.05795E-02-1.81326E-01-1.18284E-01 3.82251E-02 3.83757E-01
 -1       137-4.80488E-01 6.85512E-04-8.29549E-01-7.51628E-02 1.62929E-02 6.69023E-01
 -1       138-1.33649E-01 5.83066E-02-1.94877E+00-7.29063E-02 2.71314E-01 4.47977E-01
 -1       139-4.12891E-01 3.12531E-02-6.46313E+00 1.66147E-02 9.49817E-02 2.83176E-01
 -1       140-1.70184E+00-2.65165E+00-2.34121E+01 2.26778E+00 8.73313E+00 7.74570E+00
 -1       141 4.90168E+00 5.89170E-01 3.66845E-01 2.06811E+00 4.00461E-01 3.48183E+00
 -1       142 1.35487E+00 4.20305E-02-5.23294E-01 1.46719E+00 2.63691E-02 1.66773E+00
 -1       143-5.31916E-01 7.78028E-01-1.46920E-01 6.61678E-01 5.10817E-01 1.70514E+00
 -1       144 1.51691E-01-2.48225E-01 1.50477E+00-1.18743E-01 4.84310E-01 9.80729E-01
 -1       145-3.53228E-02-5.96721E-03 2.57866E-01 8.29529E-02-1.46539E-01 3.37025E-01
 -1       146-2.84184E-01-5.32020E-02-9.41804E-02-8.87275E-02-5.72569E-02-8.56197E-02
 -1       147-6.34683E-01 1.59642E-02 1.70150E-02-1.06156E-01-5.12637E-02-1.18824E-02
 -1       148-8.48792E-01 1.61732E-02 2.10617E-02-1.93319E-01-1.67048E-02-9.18950E-02
 -1       149-4.06053E-01 4.17816E-02-5.00958E-02-1.22596E-01 9.06741E-02 1.20675E-01
 -1       150 4.36656E-02 6.40676E-02-1.09220E-01-5.27576E-02 1.21018E-01-6.15427E-02
 -1       151-7.48180E-02-3.80784E-01 1.06669E+00 1.19615E-01-5.80715E-01-4.02118E-01
 -1       152-5.47608E-01-1.86096E-01 5.63718E-01-2.16451E-01-7.74677E-01-3.29161E+00
 -1       153 1.14556E+00 2.87666E-01 3.41276E-01 1.37797E+00-2.82484E-01-1.85834E+00
 -1       154 3.06557E+00-3.20443E-01 7.88971E-02 1.59345E+00-9.20194E-02-1.85948E+00
 -1       155 4.62011E+00 1.93356E+00-2.61064E-01 2.28976E+00-2.70511E+00-5.40627E+00
 -1       156-3.73962E-01-4.13999E-01-1.43045E+01 6.13168E-01-1.04061E+00-3.91873E-01
 -1       157 1.28923E-02 4.92088E-02-2.87348E+00 1.18140E-01-1.17957E-01-3.57830E-01
 -1       158-2.17402E-01 8.66551E-02-1.28945E+00-5.04633E-02-6.05638E-02-7.09109E-01
 -1       159-7.27373E-01 2.70471E-02-4.53661E-01-1.12173E-01-6.24207E-02-6.32612E-01
 -1       160-7.15319E-01-5.75962E-03-5.48445E-02-1.18570E-01 2.89209E-02-7.35587E-04
 -1       161-1.89101E-01 1.70018E-02-6.84511E-02-8.43409E-02 7.32739E-02 2.94449E-02
 -1       162 2.32888E-02-4.34980E-02 6.97940E-02-9.65319E-03-3.17056E-02-1.78914E-01
 -1       163-1.22706E-01-1.90238E-01 2.14944E+00 4.27707E-01-8.63692E-01-8.04248E-01
 -1       164-6.16598E-01 2.04452E-01 8.23810E-01 5.20576E-01-6.35028E-01-2.75450E+00
 -1       165 2.25462E+00-1.18037E-01 4.66382E-02 1.58599E+00-2.23077E-01-1.70853E+00
 -1       166 4.19485E+00 6.14267E-01-8.36164E-03 1.97728E+00-2.69540E-01-3.24107E+00
 -1       167-3.96813E-02-1.25028E+00-1.38868E+01 1.00842E+00-7.25857E+00-5.63001E+00
 -1       168-4.34238E-01-3.07149E-01-6.90676E+00 2.09493E-01 1.91968E-01-2.78567E-02
 -1       169 2.35776E-01 2.71772E-01-1.76482E+00 8.94036E-02-1.08353E-01-5.14760E-01
 -1       170-5.69621E-01-7.88358E-03-8.37056E-01-6.51278E-02-7.52541E-02-6.64695E-01
 -1       171-7.59321E-01 5.59156E-02-1.73515E-01-7.96338E-02-2.36678E-02-4.09307E-01
 -1       172 5.09587E+00 4.20343E-01 1.05579E+00 2.28810E+00-8.30894E+00-3.52447E+00
 -1       173 2.96045E+01 2.83865E+01 6.51310E+00 1.24605E+01-7.47288E+00-1.86243E+01
 -1       174-1.64323E+01-6.23884E+00-4.68304E+00-1.46481E+00-6.98519E+00-1.21990E+01
 -1       175 7.61592E+00 1.67847E+01-1.13836E+00-7.48604E+00-6.34415E+00-3.55428E+00
 -1       176 1.86614E+01 1.21258E+01 2.33415E+01 1.97923E+01-3.97012E+00-3.23941E+00
 -1       177 3.06276E+01 7.10256E+00-7.60675E-01 1.47420E+01-5.05944E+00-8.11770E+00
 -1       178-4.20151E+00 3.60113E+00-5.06459E-01-2.36774E+00-6.36732E+00 6.45478E-01
 -1       179-4.09413E+01-1.82899E+01-1.33805E+01-8.94927E-01-1.58505E+01-8.02430E+00
 -1       180 2.25271E+00-1.17045E+01-3.14714E+00 4.30474E+00-8.87950E-01 1.10123E+00
 -1       181 7.36184E+00 8.89456E-02 1.32508E+01 4.87753E+00-1.58262E+00-4.42045E+00
 -1       182 1.70325E+01 1.53111E+01-4.88342E-01 1.89463E+01-2.12704E+00-2.63119E+00
 -1       183-1.97775E+01 1.07952E+00-2.67279E+00 6.15954E+00-1.81262E+00-9.64855E+00
 -1       184-2.02498E+01-6.21650E+00 1.94169E+01-2.61315E+00 4.90771E-01-9.44963E+00
 -1       185 1.73794E+01 5.70000E+00 4.21022E+00-8.62195E+00 1.24992E+00-8.47260E-01
 -1       186-1.47681E+01-4.49273E-01-7.74485E-01-9.39694E+00 6.98353E+00-1.85969E+00
 -1       187 2.96267E+00-1.24512E+01 4.88021E+00-3.39627E+00 5.29377E+00 6.45628E+00
 -1       188-1.33594E+01-1.11111E+01-7.28954E-01-4.27885E+00 1.86968E+00-2.06401E+00
 -1       189 6.65445E+00-3.74051E+00 1.11181E+00-1.55567E+00 9.00388E-02-1.04157E+01
 -1       190 6.16105E+00-6.52621E+00 4.01210E+00-2.50470E+00-3.03822E-01-4.77681E-01
 -1       191 1.70962E-02-2.87061E+00-1.10385E+01 9.64608E+00 1.05668E+01-1.24471E+00
 -1       192-2.04762E+01-2.50237E+01-2.11352E+01-2.49897E+00-3.87768E+00-1.69197E+01
 -1       193 2.29269E+00 7.85846E+00 3.95712E+00 5.28760E+00 7.24512E+00 9.97025E+00
 -1       194-1.10722E+01-1.38828E+01-7.09161E+00-2.37355E+00-2.49428E+00-1.00887E+00
 -1       195 1.84580E+01 2.72883E+01 2.02849E+01 1.74913E+01 1.50055E+01 6.80076E+00
 -1       196-1.29792E+01-6.70166E+00-1.58864E+01 1.25017E+00 7.22987E-01-1.94205E+00
 -1       197-2.18757E+00-1.41934E+01 1.60867E+01 8.32833E+00-3.51626E+00 5.38165E+00
 -1       198 3.32365E+01 1.86042E+01 2.09085E+01 7.97074E+00-8.84145E+00-2.75790E+00
 -1       199-2.62578E+01-8.42577E+00-6.94990E+00-6.35554E+00-8.93686E-01 1.14800E+01
 -1       200-2.07012E+01-2.97954E+00-3.51717E-01-1.00207E+01-4.48386E+00 1.03626E+01
 -1       201-5.96030E+00 3.24814E-01-4.29686E+00 3.22504E+00 1.20143E+00 1.41932E+00
 -1       202 3.14034E+01 6.09094E+00 3.55363E-01 3.55217E-01-8.36022E+00 1.50808E+01
 -1       203-6.46464E+00 5.34150E+00-1.87597E+01 3.74799E+00-9.08291E+00-4.07513E+00
 -1       204 3.12539E+01 4.29236E+00 3.26002E+00 5.48095E-01-7.11002E+00 1.58480E+01
 -1       205-2.07333E+01 3.44178E+00-6.99170E-03-7.23768E+00-4.72141E+00-1.96333E+01
 -1       206-8.05623E+00 2.87100E+01 2.51719E+01 3.59126E+00-3.66659E+00 5.43063E+00
 -1       207-7.75355E+00 7.48721E-01 1.02261E+01 1.01302E+01 1.49770E+01 6.85922E+00
 -1       208 3.02463E+00 5.72200E+00 1.49982E+01-1.08634E+00-3.75903E+00-6.38199E+00
 -1       209-2.22117E+00-4.55004E+00 6.09933E-01 2.07183E+01 1.07320E+01-8.34770E+00
 -1       210 1.20461E+01 1.46400E+00 1.39548E+00 6.00297E+00-1.07276E+00-8.83665E-01
 -1       211 2.04456E+01 1.62485E+01 2.96589E+01 1.22778E+01 5.97943E+00 7.05218E+00
 -1       212 5.87912E+01 1.77988E+00 4.67365E+00 4.64861E+00-1.34218E+01-1.62896E+01
 -1       213-2.95550E+01 2.26622E+01 1.89805E+00 9.60203E+00 2.35911E+01 1.31468E+01
 -1       214 7.13559E+00-2.75281E+01 7.96750E+00-1.93899E+01 2.05798E+00 3.46041E+01
 -1       215 4.81792E+01 4.35542E+00 1.22257E+01-7.37693E+00 1.19525E+00 9.71151E+00
 -1       216-2.87299E+01 4.37560E+00 1.34695E+01-8.22681E-01 1.07208E+01-1.12533E+01
 -1       217-1.32365E+01-1.13341E+01 4.32413E-01-7.77884E+00 7.08236E+00 7.41892E-01
 -1       218-4.08623E+01-2.21084E+01-2.04272E+01-8.77046E+00 1.30310E+01-4.85049E+00
 -1       219-2.19280E+01-6.87339E+00 4.24711E+00 4.14409E+00-2.56345E+01-1.61798E+01
 -1       220-2.43237E-01 2.33397E+01 1.69851E+01 1.18084E+01 7.68886E+00-4.58632E+00
 -1       221-3.19402E+00 4.03802E+01 2.45370E+01 2.85563E+00 1.00542E+01 1.88571E+00
 -1       222 1.20112E+01 9.71979E+00-2.80702E+01 1.29596E+00-8.22096E+00-1.17235E+01
 -1       223-1.08741E+01-1.26467E+00-8.11977E+00 4.04319E-01-7.35030E+00-7.52318E-01
 -1       224-3.97175E+01 1.02763E+00-4.67685E-01-3.88668E+00-6.44149E+00 5.15993E+00
 -1       225-7.54965E+00 4.88006E+00-2.22129E+00 5.55180E+00-1.12598E+00 4.23504E+00
 -1       226 1.90347E+01 9.69872E+00-1.15599E+01 5.84318E+00 9.95187E+00 5.47183E-01
 -1       227 1.69357E+01-3.68562E+00-3.76356E+01 6.91216E-01-1.05205E+01-1.53301E+01
 -1       228 6.32685E+00 2.01522E+01 1.19375E+01 9.27888E+00-2.74281E+00 7.32817E+00
 -1       229-8.29809E+00 1.19863E+01-4.83583E+00 2.81536E+00-5.33755E+00 1.39198E+01
 -1       230 2.55415E+01 2.53087E+01 1.50570E+01 1.00517E+01-3.77712E+00 1.92748E+01
 -1       231 2.11391E+01 1.92354E-01 1.36552E-01 2.52004E+00 1.50364E+00-3.27860E-01
 -1       232-1.55601E+01-1.39014E+01 3.81874E-01-9.93278E+00-2.25005E+00-8.05019E-01
 -1       233 4.26792E+01 1.04314E+01 1.97329E+01 3.21602E-01-7.71424E+00 8.66285E+00
 -1       234-1.27775E+00 5.70086E+00 6.42024E-01 5.14032E+00-1.05828E+00-6.33485E+00
 -1       235 9.26494E+00-9.29764E-03-2.97572E+00 2.90605E+00 4.64655E+00-4.64864E+00
 -1       236 2.00145E+01 2.29209E-01-7.54998E+00 2.36585E-01-4.22914E+00 8.03789E+00
 -1       237-1.57772E+01-1.00956E+01-5.31559E+00-1.58024E+00 1.02422E+00 1.65955E+00
 -1       238 9.57931E+00 7.60886E+00 5.52032E+00 2.52274E+00 1.07785E+00-8.72430E-01
 -1       239-8.11171E+00 2.21169E+00-1.83986E+00 3.07919E+00 2.91228E+00 1.70536E+01
 -1       240-1.74626E+01-2.52078E+01 1.85803E+00-1.07640E+01 2.35117E+00 1.41942E+01
 -1       241 1.94824E+01 6.56190E+00-3.46474E+00 9.93038E+00 4.81174E+00 7.30897E+00
 -1       242-2.16012E+01 7.34193E+00-1.17868E+01 2.31385E+00 2.17617E+00 1.22818E+01
 -1       243-8.57325E+00 6.07140E-01 1.37229E+01-6.28356E+00-2.26534E+00 5.07914E+00
 -1       244 1.29003E+01 8.56417E+00 1.43262E+01-7.67411E-01-1.32424E+00-4.29528E+00
 -1       245 2.39163E+01 4.63521E+00 1.69331E+01 2.59090E-01-1.06432E+01 3.14810E+00
 -1       246 1.46750E+01-1.35278E+01 1.67749E+01 1.61455E+00-6.27280E+00 8.88839E+00
 -1       247-6.87954E+00 9.37501E+00 1.50319E+01 1.17119E+01 1.07142E+00-1.20628E+01
 -1       248-3.46353E+01-3.95374E+01-2.38763E+01-2.48394E+01-6.80801E+00-1.55898E+01
 -1       249-2.02530E+01 2.68941E+01 2.42799E+01 1.17768E+01 2.46926E+00 1.84981E+01
 -1       250-5.06701E+01 1.35860E+01-4.16653E+00-7.97210E+00-1.03240E+01 1.25146E+01
 -1       251 3.02030E+01 1.31357E+01-8.70621E+00 7.27128E+00-7.18453E+00-9.51704E+00
 -1       252 7.02640E+00-1.04776E+01-1.83470E+01 5.29712E-01-2.58648E+00 5.28875E-01
 -1       253 1.36559E+01-2.59084E+01-5.13036E+00-1.08573E+00 1.09511E+01-7.66453E-01
 -1       254-2.57795E+01 9.80227E-01 1.60799E+01 6.11987E+00 3.93613E+00-7.45185E-01
 -1       255 3.07049E+01 5.01383E+00 2.14453E+01-6.37573E+00-5.91366E-01 1.53176E+01
 -1       256 2.00503E+01 6.19394E+00-1.72010E+00-1.02922E+00-5.56484E-01 2.66887E+00
 -1       257 1.77895E+01 1.13928E+01 2.83114E+00-1.41699E+01-1.79594E+00 1.83986E+01
 -1       258 3.60274E+01-1.32284E+01-6.81440E+00-5.08863E+00 1.21153E+00 2.54433E+01
 -1       259-1.75734E+01 2.12962E+00-1.43847E+01-1.05446E+01 8.61226E+00 1.29661E+01
 -1       260 2.41573E+01 2.67281E+01 9.36528E+00 1.51300E+01-6.13145E+00-6.87424E-01
 -1       261-3.63575E+01-2.23954E+01-7.18673E+00-8.89125E+00-1.40616E+01-5.19649E+00
 -1       262-1.63285E+01 1.38696E+01 1.14668E+01 2.40804E+00-5.10700E+00 5.61287E+00
 -1       263 1.53489E+01 9.74364E-01 1.06775E+01 9.74627E-01-8.02693E+00-2.77073E+00
 -1       264-4.61530E+01-1.35984E+01 6.11296E+00-1.95969E+01 1.17435E+00 3.65952E+00
 -1       265 6.03903E+01 1.02139E+01 2.06015E+01 1.30617E+01-1.10912E+01-5.50412E+00
 -1       266 5.70025E+01 1.28831E+01 1.43420E+01 7.15638E+00-1.07191E+01 8.16344E+00
 -1       267-8.67977E+00 1.77417E+01-2.87226E+00 1.11212E+01 1.13192E+01 8.09263E+00
 -1       268-1.31226E+01-2.33625E+01 1.18784E+01-1.17199E+01-8.22301E+00 2.27783E+00
 -1       269-1.34252E+01-6.22915E+00-8.63116E+00-1.84724E+00-3.89802E+00 7.56117E+00
 -1       270-4.67362E+00-1.28571E+01-1.36442E+01-9.30236E+00 3.96915E+00-4.55503E+00
 -1       271-1.70474E+01 1.29694E+01-5.68280E+00-1.15454E+01-1.02653E+00 2.89922E+00
 -1       272 1.89577E+01-1.39148E+01-1.76014E+01 1.61593E+00-1.96770E+00-1.12103E+00
 -1       273-2.07451E+01-2.10997E+00-1.13728E+01 3.03400E-01-1.18511E+00 5.07685E+00
 -1       274-3.09676E+01-5.43225E+00 5.28805E+00-1.67792E+01-8.34804E+00 1.26239E+01
 -1       275-3.71094E-01-4.06189E+00-2.04066E+01-7.93496E+00-2.40042E+00 9.89620E+00
 -1       276-1.89200E+01-3.82629E+00-1.01420E+01 2.73061E+00 2.42842E+00 1.99776E+01
 -1       277 3.37429E+00 1.63556E+01-2.55461E+01 7.95156E+00 4.10841E+00 2.42038E+01
 -1       278-2.71880E+01-1.49650E+01-5.86324E+01-3.47352E+00 2.81384E+00 9.95232E-02
 -1       279-5.86189E+00 1.43259E+01 1.19386E+01-3.76024E+00 4.29584E+00 5.22821E+00
 -1       280-2.01795E+01-1.06480E+01-1.02288E+01 3.50935E+00 4.08512E+00-4.66609E+00
 -1       281-1.37737E+00 2.95887E-01-1.03822E+01-6.42431E+00 2.97814E+00 3.82061E+00
 -1       282 9.15083E+00-5.08639E+00-1.36388E+00-7.81954E-01 3.12570E+00 4.93157E+00
 -1       283 1.02833E+01 1.32188E+01 5.86645E+00 2.31961E+01 7.62168E-02 8.34774E+00
 -1       284 9.22668E+00 1.09987E+00-4.52680E+00 7.18499E+00 5.54802E+00 4.16021E+00
 -1       285-5.49989E+01-1.89785E+01-2.93524E+01-9.12125E+00 4.56790E+00 4.53103E+00
 -1       286-1.18802E+01 8.72063E+00 5.01301E+00 1.42649E+01-1.37973E+01-4.37621E+00
 -1       287-3.55140E+01-3.22059E+00-1.69478E+01-2.71297E+00 3.56656E+00 7.14060E+00
 -1       288 2.97470E+01 2.99070E+01-2.09650E+01 2.67435E+01 9.12563E-01 3.47906E+00
 -1       289-1.74197E+01-8.58408E+00-2.47427E+01 6.65975E+00 1.42296E-01 5.60848E+00
 -1       290 8.24812E+00 1.37604E+01-2.64109E+01 1.77383E+01 4.84064E+00 2.10946E+01
 -1       291 8.29384E+00 1.79949E+01-8.57503E+00 1.00375E+01-1.28737E+00 1.20282E+01
 -1       292-1.95985E+01-6.18721E+00-2.75902E+01-6.41590E+00-3.46997E+00 3.32825E+00
 -1       293-4.38815E+01-3.13652E+01-5.63110E+01-1.65576E+01 3.22567E+00 1.79040E+01
 -1       294-2.18478E+00-2.50286E+01-4.18103E+01-9.74648E+00-2.52314E-01 1.14245E+01
 -1       295 8.07928E+00-4.95762E+00 4.86319E+00 1.50444E+00-5.59920E-01 5.83290E+00
 -1       296 4.37857E-01-6.54112E+00-3.28016E+01-2.43241E+00 1.60834E-01-1.41562E+00
 -1       297 9.85565E+00 2.20670E-02 3.25400E+00 1.13567E+01 2.05657E-01 1.12619E+01
 -1       298 2.19124E+01 2.73555E+01 3.58114E+01 1.31133E+01-1.44596E+01-1.17801E+01
 -1       299 2.13774E+01 1.11911E+01 1.18979E+01-4.45405E-02-1.37401E+00 6.69704E+00
 -1       300 1.57937E+01 1.04734E+01 1.47042E+01 8.64573E+00-3.71833E+00-1.35290E+00
 -1       301-1.05499E+01 1.55134E+00 9.05236E+00-1.39790E+01-1.06980E+00-1.33078E+00
 -1       302 1.34705E+01 5.92700E+00 3.24963E+01-1.43433E+00-3.47728E+00 1.54506E+01
 -1       303 4.44196E+00 1.05225E+01 4.14269E-01-4.93739E+00 3.28444E+00 4.50769E+00
 -1       304-1.61684E+01 1.55884E+00-6.78894E+00 1.13385E+01 3.38594E+00 1.27698E+01
 -1       305-5.05672E+01-2.17661E+01-1.59676E+01-1.38344E+01-1.08450E+01 1.35617E+01
 -1       306-1.21056E+01-4.05074E-01 5.77066E+00 3.77148E+00-1.55525E+00-6.90313E-02
 -1       307-4.45937E+00 1.41613E+01 1.22640E+01 3.64134E+00-2.01069E+00-5.06420E+00
 -1       308-4.37739E+01-7.61196E+00-2.01238E+01 1.84597E-02-1.64027E+00 1.14890E+01
 -1       309 1.13074E+01 1.44372E+01-4.05915E-01 8.32362E+00-5.68227E+00-2.27746E+01
 -1       310-8.37525E+00 7.49199E+00 2.18815E+00-2.56030E+00-2.17812E+00-4.86011E+00
 -1       311-1.63230E+01 4.90862E+00 1.76303E+00-3.91757E+00 1.16896E+01 1.90769E+01
 -1       312 1.35530E+00-3.81669E+00-1.04129E+01-4.42410E+00 4.74694E+00 7.10176E+00
 -1       313 5.38440E+00-2.72055E+00-1.46818E+01 4.30900E+00 3.78555E+00-8.43357E+00
 -1       314 1.21015E+01-1.30126E+01-6.47380E+00-2.33154E+00-4.82215E+00-2.87382E+00
 -1       315 1.00713E+01 6.62387E+00-1.11340E+01-1.36068E+00 5.82271E+00-1.50977E+01
 -1       316 6.47071E+00-3.38067E+00-9.77299E+00-6.98410E+00-5.95724E+00-1.46735E+01
 -1       317 6.41449E+00-1.03360E+01-1.94775E+01-1.52884E+00-5.41786E+00-1.01703E+01
 -1       318 7.30773E+00-1.03816E+01-7.18609E+00-3.67573E+00 2.12587E+00-2.70987E+00
 -1       319-4.06751E+01-7.76557E+00-2.81193E+01-1.34952E+01-1.89944E+00 3.16419E+01
 -1       320 1.33158E+00 1.23851E+01-3.17986E+01 1.04883E+01-4.82018E+00 2.58331E+01
 -1       321 1.26888E+01 5.18590E+00-2.44768E+01 8.48436E+00-1.89562E-01 7.85731E+00
 -1       322-3.26051E+01-9.46344E+00-5.88531E+01-4.37272E+00-6.38763E+00 1.43074E+01
 -1       323-3.02601E+00 4.56485E+00-1.87131E+01-4.76657E+00-5.47132E-02 6.29595E+00
 -1       324-3.05532E+01-1.40582E+01-2.95407E+01-1.94242E+01 5.93587E-01 2.51645E+01
 -1       325 1.04742E+01-1.33853E+01 3.24470E+00-4.64141E+00-1.01508E+01 4.99827E+00
 -1       326 1.92859E-01-2.34257E+01 3.94050E+00-1.64388E+01-5.96048E+00 7.28096E-01
 -1       327-7.10518E+01-1.73535E+01-1.72074E+01-1.32409E+01-4.59018E+00 1.29816E+01
 -1       328-3.03914E+01 5.19091E+00 8.83984E+00-2.09167E+01 5.76010E+00 1.63965E+01
 -1       329-2.17870E+01-1.88980E+00-8.09542E+00 1.21520E+01 7.96475E+00 3.11332E+01
 -1       330-5.26107E+01-2.85542E+01-2.60669E+01-1.33349E+00 5.29807E-01 2.16809E+01
 -1       331 1.39759E+01 1.05973E+01-5.86768E+00 1.70121E+01 7.02952E+00 1.54139E+01
 -1       332-3.18481E+01-1.00714E+01-2.93780E+01 3.01771E+00-1.11727E+01 6.37441E+00
 -1       333-2.53928E+01-3.52447E+00-1.23086E+01-1.94776E+01-6.39555E+00-1.69479E+01
 -1       334-9.52338E+00 3.07612E+01-9.64879E-01-8.53167E+00-3.27730E+00 4.05519E+00
 -1       335 4.75920E+01-6.46626E+00-1.30541E+01 1.23746E+01-9.70006E+00-1.20777E+01
 -1       336 3.83032E+01-1.12007E+01-1.35129E+01 6.81106E+00-3.21624E-01-5.25165E+00
 -1       337-2.46291E+01-2.63168E+01-1.95034E+01-9.62099E+00 7.33782E+00-4.93536E+00
 -1       338 2.87127E-01-9.31165E-01-1.33719E+01 3.46259E+00 5.14122E+00 9.75774E+00
 -1       339 2.03221E+01 1.60876E+01 2.11394E+01 1.61875E+01 1.06792E+01 3.81592E+00
 -1       340-9.53321E+00 3.26525E+00 2.69443E+01 1.10908E+00 1.98433E+01 1.06546E+01
 -1       341-3.36638E+01-3.83817E+01-4.24895E+01-4.12993E+00-4.77026E+00 1.22494E+01
 -1       342-2.24406E+01-4.35109E+00-5.98807E+01-1.66228E+00 7.07533E-01 1.77362E+00
 -1       343-2.06641E+01-1.56661E+01-2.09454E+01 1.47235E+00 7.90835E+00 2.00557E+01
 -1       344-1.72125E+01-6.21200E-01-3.20045E+01 1.47920E+01-4.00906E+00 3.09236E+01
 -1       345 1.58162E+02 6.22835E+01 1.82762E+01 2.80487E+01-7.60365E+00 5.35208E+00
 -1       346 2.73852E+01 6.97669E+00 5.44817E+00 1.32308E+01-1.71821E+00 3.12022E+00
 -1       347-1.26642E+01-2.33245E+01-2.61822E+01-6.29327E+00-4.76667E+00 1.63227E+01
 -1       348 1.40590E+01 5.17576E+01 1.40919E+01 3.46928E+00-9.43122E+00 5.02085E-01
 -1       349-1.03791E+01 1.45053E+01 2.54105E+01-1.34947E+00-7.13969E+00 9.76159E+00
 -1       350 8.09409E+00 1.78451E+01 2.14932E+01 2.29548E+00 1.71149E+01 1.65481E+01
 -1       351-8.74598E+00 1.57537E+01 4.22505E+00 3.15364E+00 4.19768E+00 1.88618E+01
 -1       352 4.88500E+01 5.80945E+00-1.03959E+00-6.36966E+00-4.62824E+00 3.07445E+01
 -1       353 3.18476E+01-6.04438E+00 1.61008E+01-9.45793E+00-9.71651E+00 3.30682E+01
 -1       354-1.07922E+00 7.04407E+00 2.55794E+01 7.89352E+00 4.22392E+00 9.08383E+00
 -1       355-2.03581E+01-3.53439E+01-2.71551E+01-2.02004E+01-2.53587E+01-2.15552E+01
 -1       356 6.46206E+00 2.20810E+01 1.94973E+01-6.72403E+00 9.42982E+00 3.56722E+00
 -1       357 1.32182E+02 3.24376E+01 1.18621E+01 1.54844E+01 1.20683E+01 1.10432E+01
 -1       358 9.16069E+01 3.10081E+01 2.56790E+01 1.54274E+01 3.72375E+00 3.61917E+01
 -1       359 9.62910E+01-9.46148E+00-1.93759E+01-1.86663E+01 4.14897E+00 7.23785E+00
 -1       360 1.55229E+00-8.70362E+00-8.58246E+00 2.56117E+00-1.73145E+01-1.55598E+01
 -1       361 2.28981E+01 2.15003E+01 1.55425E+01 5.49954E+00-1.14129E+01-1.33011E+00
 -1       362-2.83965E+01-2.13157E+01 1.37255E+01-3.65897E+00 2.18486E+00 1.45641E+01
 -1       363-2.98353E+01-4.76995E+00 4.05387E+00-1.41020E+01 3.51327E+00 9.05474E-01
 -1       364 2.56070E+01 3.56614E+01 1.61505E+01 1.19923E+01 6.93717E+00-5.62076E+00
 -1       365-1.88316E+02 1.40195E+01-4.21086E+01-3.14059E+01-1.01648E+01-1.51054E+00
 -1       366-1.14934E+02-2.07076E+01-5.21361E+00-3.45430E+01 5.90564E+00 1.83505E+01
 -1       367-2.80329E+01-1.73128E+01-4.63615E+01-3.60231E+00 1.23373E+01 2.82756E+01
 -1       368-2.95874E-01-2.48920E+01-2.92670E+01-6.03608E+00 5.52196E+00 1.98122E+01
 -1       369-8.81267E+00 3.28504E+00-2.47763E+01-1.33769E-01 4.11609E+00 3.46533E+01
 -1       370-3.22466E+00-1.61948E+01-9.94674E+00 2.62654E+00 1.68107E+00 6.42245E+00
 -1       371-1.14917E+01-8.49137E+00-1.49920E+01-2.05138E+01 3.85531E+00 1.02730E+01
 -1       372-3.07469E+01-1.61208E+01-7.30568E+01-3.47168E+00 1.30245E+00 2.31790E+01
 -1       373 1.56007E+00-4.69027E-01-1.70371E+01-8.76656E+00-1.46989E+01-1.39767E+01
 -1       374-9.12773E+01-4.03967E+01-9.30701E+01-9.35719E+00-1.08859E+01 8.30413E+00
 -1       375 2.17640E+01 1.19125E+00-2.01610E+01 3.97111E+00-1.32940E+01 1.20535E+01
 -1       376-5.53131E+01-5.27193E+01-1.69760E+01-2.10600E+01-1.10624E+01-7.73404E-01
 -1       377 1.34935E+01 5.44476E+00-8.84554E+00 8.17905E+00 3.69563E+00 7.92662E+00
 -1       378 4.00752E+01-1.51275E+01 4.82097E+01-1.13899E+01-5.57284E+00 1.97155E+01
 -1       379 4.16184E+01-1.17622E+01 2.99107E+01-1.37808E+01-4.21562E+00 3.34610E+01
 -1       380 2.17257E+01 4.35338E+00 7.82018E+01-7.14849E+00-4.36695E-02 2.01817E+01
 -1       381 3.27915E-01-1.17574E+01-4.28937E-01-1.13204E+01-4.16678E+00 1.62765E+01
 -1       382 1.30505E+00-1.64967E+01-2.10546E+01-6.46147E+00 4.07675E+00 1.26061E+01
 -1       383 3.89606E+01-3.69134E+00-1.88224E+01-1.19832E+01-5.47411E+00 4.97352E+01
 -1       384-3.04034E+00 1.02625E+01-8.06497E+00 7.54948E-01-1.04726E+01-3.42154E+00
 -1       385-1.56429E+01 3.71287E+01 1.55350E+01-7.70494E-01 2.21622E-01 2.56261E+00
 -1       386 5.81847E+01 3.61943E+01 3.07410E+01 1.09054E+01 8.96589E+00 3.32879E+01
 -1       387-1.76123E+01 7.52073E-01-3.77964E+01 4.41671E+00 7.84926E-01 3.34086E+01
 -1       388-6.18015E+01-2.52404E+01-4.86800E+01-2.13796E+00-2.05459E+00 2.45046E+01
 -1       389-7.26110E-01 2.29660E+00-1.63324E+01 8.89198E+00-9.08021E+00 9.70112E+00
 -1       390 7.43938E+00-1.22330E+01-1.12553E+01 3.66771E+00-2.16602E+00 9.02715E+00
 -1       391-1.78156E+01-7.93604E+00-6.44790E-01 1.21372E+00-4.72697E+00 1.18824E+01
 -1       392-2.69019E+01-3.55524E+00-2.85337E+01 8.54735E+00 2.01503E-01 1.96175E+01
 -1       393 5.62061E+01 8.83395E+00 4.20339E+01 1.99295E+01 4.23271E+00 6.26430E+00
 -1       394-9.70998E+00 2.08835E+01 2.22008E+01 1.16041E+01 1.03058E+01 7.58128E+00
 -1       395-2.22608E+01-1.86306E+01-7.71043E+00-1.83283E-01 3.09316E+00 6.71094E+00
 -1       396-1.50499E+01-1.28536E+01 1.56328E+01-3.40600E+00 1.71492E+01 9.48283E+00
 -1       397 5.76746E+01-5.20705E+00 2.27198E+01 4.09185E+00 1.47861E+01 2.11608E+01
 -1       398-8.91979E+00 2.26002E+01 2.53530E+01 1.32567E+01 1.80591E+01 9.99240E+00
 -1       399-1.74167E+01-3.84490E+00 1.67047E+01 6.42924E+00 5.67786E+00 6.36399E+00
 -1       400 6.71483E+01 2.56365E+01 1.63870E+01 1.96685E+01 1.47664E+01 2.75612E+01
 -1       401 1.18507E+02 5.90057E+01 2.39476E+01 2.70923E+01-9.79330E+00-7.74532E+00
 -1       402-3.75906E+01-1.46506E+01-2.42846E+01 2.64176E+00-1.09932E+01 1.92556E+01
 -1       403-1.21415E+01-2.00541E+01-3.70732E+01 1.07912E+01 4.25555E+00 1.69013E+01
 -1       404-4.60205E+00-1.17201E+01-2.07277E+01 1.18701E+01 6.34799E+00 2.75252E+01
 -1       405-1.95222E+01-6.46932E+00-7.58142E+00-5.58792E+00-5.71683E+00 6.68353E+00
 -1       406 4.42742E+01 2.48565E+01-1.49466E+01 1.34784E+01 1.56758E+01 2.62525E+01
 -1       407 1.50214E+01 1.86839E+01-4.76814E+01 1.28102E+01 9.65262E+00 2.31261E+01
 -1       408 5.25123E+01 2.33795E+01 2.36716E+01 1.44473E+01-6.96664E-01 2.23179E+00
 -1       409-5.96346E+01-2.64324E+01-4.62115E+01-1.12653E+01 5.77377E+00 1.49534E+01
 -1       410 8.91785E+01 3.82693E+01 8.16979E+00 2.22582E+01-1.90459E+01 2.16916E+01
 -1       411-5.45662E+00-1.32308E+01 1.73125E+01-1.08552E+01 7.51488E+00 3.17353E+01
 -1       412 6.04315E+01 3.12273E+01 2.71373E+01 2.16253E+01 8.29318E+00 2.63105E+01
 -1       413 4.10563E+01 7.70101E+00 1.73896E+01-6.33388E+00 3.04730E+00 3.08630E+01
 -1       414-2.68190E+01-9.21486E+00-9.49132E+00-5.72956E+00 1.34300E+01 3.43360E+01
 -1       415-5.87161E+01-7.65359E-01-1.96562E+01-4.27347E+00 4.81983E+00 2.69557E+01
 -1       416-3.50807E+01 1.23190E+01-3.34255E+01 5.35472E+00-4.65400E-01 3.21350E+01
 -1       417-2.59305E+01-1.43316E+01-2.90306E+01 4.45272E+00-2.81500E+00 3.33000E+01
 -1       418 6.13400E+00 8.01679E+00-6.31368E+00 5.48372E+00 2.03292E+01 2.79562E+01
 -1       419-3.85092E+01-2.94542E+01-3.55843E+01-6.98338E+00 1.38189E+01 2.74178E+01
 -1       420 7.30734E+00 2.52323E+01 1.12450E+01 1.29833E+01 2.15915E+01 1.88420E+01
 -1       421-5.07065E+00-1.05136E+01-1.07129E+01-5.11534E+00 8.41943E+00-7.68073E-01
 -1       422 1.28637E+01 4.54267E+00 1.19027E+01 7.44337E+00 4.24047E+00-8.26915E-01
 -1       423 2.21080E+01 3.16249E+01 2.64087E+01 1.77146E+01-2.23907E+00 1.19073E+00
 -1       424 1.16783E+01-2.11852E+00-8.52726E-01 1.14735E+01 5.24296E+00 2.00339E+00
 -1       425 5.18255E+01 3.21994E+01 1.33141E+01 2.77180E+01-5.96667E+00 4.61551E+00
 -1       426 7.64882E+01 6.86688E+01 4.25542E+01 3.24096E+01 1.74144E+01 1.10025E+01
 -1       427 8.84983E+01 6.76605E+01 3.36946E+01 4.42716E+01 1.52688E+01 1.07542E+01
 -1       428 3.37773E+01-3.82497E+01-2.91939E+01-2.57683E+01-1.29661E+01 7.22853E-01
 -1       429-5.92692E+01-3.80797E+01-3.44317E+01-1.55191E+01 1.93251E+01 2.38236E+01
 -1       430 6.61466E-02 3.80936E-02-5.70573E+00 1.74982E-02 1.69265E-02-3.60544E-01
 -1       431 1.69838E-02-1.55152E-02-3.37383E+00 6.00935E-03-2.42935E-01 3.16064E-03
 -1       432 5.39295E-02-1.23975E-02-6.04333E+00 1.50601E-02-3.20330E-01-4.82328E-01
 -1       433 2.65598E-02-4.96936E-03-3.08578E+00-1.29867E-02 3.16682E-01 2.48788E-01
 -1       434-3.21512E-01-8.68378E-03-5.28237E+00-9.90188E-02-1.23830E-01 4.24477E-02
 -1       435-9.46798E-02 7.67257E-03-8.55957E+00-3.12303E-03-3.92279E-01 1.12937E+00
 -1       436-9.19963E-02-6.33648E-02-9.93597E+00-3.69042E-02 1.20022E+00 8.90568E-01
 -1       437 1.71301E-03-3.64692E-02-8.97337E+00 8.06948E-03 8.05336E-01-7.59496E-01
 -1       438-1.34428E-03 3.53171E-03-7.51612E+00-1.15755E-03-8.47659E-01-4.23531E-01
 -1       439-1.03849E-01 5.94976E-03-3.76049E-01 2.34962E-03-5.57095E-02 1.76892E-01
 -1       440-1.27249E-01-4.71465E-02-1.73477E+00-2.42211E-02-2.68109E-02-1.29773E-03
 -1       441-1.09743E-01-1.04706E-02-2.29473E-01 2.91885E-02 2.47583E-01 2.72129E-01
 -1       442-3.07099E-02-9.17165E-04-5.44448E-01-2.67450E-03-1.75381E-01-1.86802E-01
 -1       443-3.04120E-02-8.69331E-03 9.08514E-01 3.98013E-02-1.65098E-01 3.00091E-02
 -1       444-7.84795E-01 4.48836E-02-1.04779E-01-1.67468E-01 3.56664E-02 1.81555E-01
 -1       445-7.16029E-01-2.47016E-02-5.19737E-02-1.52327E-01-4.92896E-02-2.24153E-01
 -1       446-6.62443E-01 3.99758E-03-2.53046E-01-1.70208E-01 8.73612E-02 4.04157E-01
 -1       447-5.84741E-01-9.12151E-03-2.29299E-01-1.55132E-01-8.95151E-02-4.03463E-01
 -1       448-3.97669E-01 6.96306E-03-3.57961E-01-1.05049E-01 9.88568E-02 3.37538E-01
 -1       449-1.20763E-01-1.59874E-03-6.94120E-01-7.93944E-02 1.11197E-01 3.19206E-01
 -1       450-1.22909E-01-1.95750E-01-5.64199E-01 5.94572E-02-8.26597E-02 2.22127E-01
 -1       451 1.51110E-01-1.47626E-02-7.23165E-01-1.22451E-02-7.10748E-02-1.08826E-01
 -1       452-6.79274E-02 8.43443E-01-2.29722E+00 5.19088E-02 2.02667E-01-2.83577E-01
 -1       453 4.23121E+00 4.01334E+00 1.95180E+00 1.96183E+00 3.70238E+00 2.83065E+00
 -1       454-1.68353E-01-9.95758E-01-1.01008E+01 3.16670E-01-5.12192E-01-2.22543E+00
 -1       455 3.88497E+00 8.91539E-01 1.04768E-01 2.34452E+00 6.40296E-01 1.19745E+00
 -1       456 3.13368E+00-5.44325E-02 1.41360E-01 1.71713E+00 5.57646E-02 2.84477E-02
 -1       457 3.25100E+00 2.21687E+00-5.89508E-01 2.52547E+00 3.01195E-01 3.98146E-01
 -1       458 2.41790E+00 3.19364E-01-9.64748E-02 1.76774E+00 1.51280E-01-2.14191E-01
 -1       459 3.13542E+00 2.38885E+00 1.81172E-01 2.69879E+00-7.17447E-01-1.75410E+00
 -1       460 1.86689E+00 1.33962E+00 4.98027E-02 4.84956E-01-1.76316E+00-1.46618E+00
 -1       461 4.81853E-02-3.34269E-01-8.01048E+00 2.79289E-01 3.99410E-02 1.17924E+00
 -1       462 1.70158E-01 2.95745E-01-3.04241E+00 1.60368E-01-1.61339E-01 1.77868E-01
 -1       463-1.90217E-01-1.36144E-01-6.12220E-01 3.39510E-02 2.78849E-03-2.37214E-02
 -1       464-1.21439E-01 7.10435E-02-6.42739E-01-8.82048E-02-1.16398E-01-3.20893E-01
 -1       465 3.55680E-02-3.87967E-02-5.23867E-01 7.05518E-02-3.52399E-02 1.32501E-01
 -1       466-3.41899E-01 6.57549E-02-4.92731E-01-9.45212E-02-7.04730E-02-4.15822E-01
 -1       467-6.84098E-01-3.34330E-02-3.98509E-01-1.50915E-01 1.33463E+00 1.33007E+00
 -1       468-8.32247E-01-2.27021E-01 9.27097E-02-2.78011E-02 6.91682E-02 1.31963E-01
 -1       469 2.18286E-01-6.09819E-02-3.73222E-01-1.70541E-01-1.92830E-01 3.12537E-01
 -1       470-2.65467E-01 8.50657E-02-1.01433E+00-6.75588E-01 4.54787E-02 3.46444E+00
 -1       471-5.32718E-01 1.15466E-01-3.26501E+00-2.38287E-01 1.10006E-01 2.23580E+00
 -1       472-4.19514E-01-2.42554E-01-1.34183E+00-3.23804E-02 1.20855E-01 1.37279E+00
 -1       473-1.03995E+00-3.21487E-01 5.75618E-01-6.27336E-01 3.42449E-01 1.15024E+00
 -1       474-7.73797E-01-7.82547E-03-1.10324E-01-3.82626E-02 9.83841E-03 5.96094E-01
 -1       475-1.66813E-01-2.19341E-03 8.81647E-03 2.00678E-03-9.01838E-02-7.76902E-02
 -1       476 3.69029E-03-1.35664E-03-2.57633E+00-4.85968E-03 2.73389E-03 1.16282E+00
 -1       477-1.49924E+00-1.14062E+00-4.11812E+00-9.87854E-01 7.28214E-01 5.42019E+00
 -1       478-7.79352E-01 7.54353E-03-2.46275E-01-6.99459E-02 3.42910E-02 6.18091E-01
 -1       479-8.30747E-01-1.46370E-02-4.49111E-02-6.60542E-02-1.84036E-03 3.69741E-01
 -1       480-7.07190E-01 4.65486E-03 3.57678E-03-2.93519E-02 1.48905E-02 1.78137E-01
 -1       481-5.79485E-01-4.39950E-03-8.66255E-03-5.56409E-02-3.12849E-02 2.20089E-02
 -1       482-7.41024E-01-3.38973E-02 3.93402E-02-1.31896E-02 9.44722E-03 4.05333E-01
 -1       483-4.27657E-01-2.01494E-02-1.35986E+00 2.13377E-02 5.88239E-02 9.49582E-01
 -1       484-5.96067E-01-1.62245E-02-8.10113E-01-4.72392E-02 1.72259E-02 8.82286E-01
 -1       485-5.88406E-01-9.45875E-03-5.36664E-01-2.05818E-02 6.47439E-03 9.71616E-01
 -1       486-2.44605E-02-7.40086E-02-2.92781E+00-4.98404E-02 1.70270E-01 6.93840E-01
 -1       487-1.67504E-01-2.89797E-02-1.95257E+00-8.28449E-04 2.61855E-02 9.01508E-01
 -1       488-3.59272E-01-3.11876E-02-2.02152E+00-3.98181E-03 2.33130E-02 1.23202E+00
 -1       489 6.71430E-01-1.30449E-01-8.28699E+00-2.19268E-01-6.85713E-02 1.74639E+00
 -1       490-1.95616E-02-8.65460E-02-3.85346E+00-8.94466E-02 2.64797E-01 1.30843E+00
 -1       491 2.28539E-01 1.08835E-01-2.86801E+00-1.13131E-01 6.91381E-02 1.59693E+00
 -1       492 1.78599E+00 1.19438E+00-2.40363E+00 8.14430E-01 3.97934E+00 6.89306E+00
 -1       493-1.14645E+00-1.66829E+00-1.35956E+01-2.90698E-01 8.23318E-01 3.19402E+00
 -1       494-1.78398E+00-3.00359E-01-5.25320E+00-1.85506E-01 3.09465E-01 4.89884E+00
 -1       495 1.18734E+00-2.11577E-02-1.82680E-01-9.13920E-02 9.09841E-03 2.68396E+00
 -1       496 1.47970E+00 6.20420E-01-1.19532E+00 5.41786E-01 1.63930E-01 3.68025E+00
 -1       497-1.03349E+00-8.86161E-01-3.12810E+00-6.53393E-01 2.23043E-01 4.14337E+00
 -1       498-6.84957E-01-4.00926E-01-3.72381E-02 1.30348E-01 4.66789E-01 1.87208E+00
 -1       499 7.94652E-01-1.01028E-01 9.92109E-03 4.52934E-02 2.26515E-01 1.99022E+00
 -1       500-4.17625E-02 7.40735E-01 2.05527E-02-1.51484E-01 2.37102E-01 2.07862E+00
 -1       501-7.00076E-01-1.01491E-01 5.14548E-01-3.99327E-01 4.31227E-02 1.36161E+00
 -1       502 1.71435E-01 1.87745E-01 6.90267E-01 1.02841E-01-2.80568E-01 2.13763E-01
 -1       503 7.78348E-02-5.79882E-02 8.70907E-01-1.37475E-01-1.44423E-01 6.37760E-01
 -1       504-1.47651E-01 2.25412E-01 6.52613E-01-2.74490E-01 8.51913E-02 7.09589E-01
 -1       505 6.03981E-02-6.32387E-02-3.89309E-02-8.41369E-02-7.51978E-02 1.40530E-01
 -1       506-3.18238E-01-5.40905E-04 2.80062E-02-6.64919E-02-4.58737E-02-1.29877E-01
 -1       507-8.53587E-02-6.55797E-02-3.04847E-02 7.96572E-03-6.13876E-02-7.78963E-03
 -1       508 5.52123E-02 2.38522E-02-7.22677E-02-8.59623E-02-1.31891E-01-2.69950E-02
 -1       509-4.24214E-01 3.76835E-02 1.82006E-01-2.87969E-02-5.53163E-02 2.07372E-02
 -1       510-2.91045E-02 9.43471E-02 1.25093E-01-1.09883E-01 6.86342E-01 6.82562E-02
 -1       511-3.95599E-01-3.87390E-01-5.67216E-01-9.42112E-02 2.09276E-02 2.47556E-01
 -1       512-1.02159E+00-1.33496E-01 1.31434E+00-2.94960E-02 9.34858E-01 2.93066E-01
 -1       513-8.62704E-01-5.19720E-01-7.30068E-01-2.25283E-02 1.37408E-01 8.28578E-01
 -1       514-5.08398E-01-1.01673E-01-1.55382E-01-1.50245E-01 9.84541E-01 2.01729E+00
 -1       515-6.27234E-01 5.57029E-02-5.31546E-01-2.57037E-01 1.14935E+00 4.52103E-01
 -1       516-8.60830E-01-9.50686E-02-1.90178E+00-1.16649E-01 9.48931E-01 2.55476E+00
 -1       517-3.80230E-01 4.47775E-01-1.71393E+00-2.78880E-01 7.47804E-02 3.06350E+00
 -1       518-2.88159E-01 6.08737E-02-2.44370E+00-1.16234E-01 9.94906E-01 2.82771E+00
 -1       519-4.42603E-01-1.31172E-01-2.33238E+00-1.53992E-01 2.37875E-01 1.53854E+00
 -1       520-7.03219E-01 1.94152E-02-6.48392E-01-1.60320E-01-6.26177E-01-1.22437E+00
 -1       521-8.20385E-01-3.12684E-02-1.94477E-02-7.41614E-02-9.98553E-03-8.62676E-01
 -1       522-2.40917E-01-7.09353E-02-2.71505E+00-1.72034E-01-8.79386E-02-1.45960E+00
 -1       523 5.75172E-02 1.23024E-01-1.72944E-01-3.97777E-01-2.90253E-01-2.39036E+00
 -1       524-1.28998E-01-1.57130E-01 7.45465E-01-3.71839E-01 3.04936E-01-4.25674E-01
 -1       525-2.38843E-02-4.55112E-02 3.09760E-04-2.48607E-03-6.15735E-03 6.66311E-02
 -1       526-1.19347E+00-2.77399E-01-2.63797E+00-7.35464E-01 1.95968E-02-4.38260E+00
 -1       527-6.24174E-01 4.37494E-02 1.18735E-01-5.48365E-02 2.36707E-02-9.76009E-02
 -1       528-4.60214E-01-1.76596E-03-1.04560E+00-1.40432E-02-5.72707E-02-9.48155E-01
 -1       529 1.10475E-01-4.01559E-03-7.87610E-02 1.28606E-02 3.93222E-02-1.50052E-01
 -1       530-5.40740E-01 6.27898E-02 1.26317E+00 8.53858E-02-4.65457E-01-1.35448E+00
 -1       531-7.66473E-01 2.65323E-02 3.79610E-02-6.94552E-02-2.17982E-03-1.43128E-01
 -1       532-4.61150E-01 6.02181E-02 5.81210E-02-7.00199E-02 5.79306E-02 2.87153E-02
 -1       533-7.01369E-01 1.89518E-02-3.55318E-01-8.47914E-02-2.41872E-02-6.82765E-01
 -1       534-7.79827E-01 8.89842E-03-5.41662E-02-5.81836E-02 1.67115E-02-4.31050E-01
 -1       535-7.65117E-01 2.60286E-02 7.25486E-02-6.28529E-02 2.65086E-02-3.88714E-01
 -1       536-2.57353E-01-1.53010E-03-5.59522E-02-4.45664E-04 2.11258E-02 1.14970E-01
 -1       537 1.50829E-02 1.17899E-02-9.26183E-02-9.99880E-03 3.13965E-02 1.12173E-02
 -1       538-4.36011E-01-1.63580E-02 2.65235E-02 1.38261E-02-5.38757E-03 5.96290E-02
 -1       539 1.87773E-01 1.29460E-01-8.74206E-03-3.11425E-02 6.94306E-02-1.12159E-01
 -1       540-8.68504E-02-2.84742E-01 5.29890E-02 7.21853E-02-2.73946E-01-2.17054E-01
 -1       541 5.20741E-02 1.99159E-02 2.38002E-03 3.79433E-02 5.82170E-02-9.57489E-02
 -1       542 9.86736E-02-5.17968E-01 9.39687E-01-7.59591E-02-1.08417E-01-3.93197E-01
 -1       543-7.15235E-01-8.45559E-01-5.81951E-01-2.01190E-01 5.34629E-02-1.35799E+00
 -1       544 5.23225E-02-2.40489E-01 2.48975E-02-8.07801E-02 1.66343E-01-1.72847E-01
 -1       545-1.18280E+00-3.46506E-01 1.01466E+00-4.09563E-01 2.18922E-01-2.00282E+00
 -1       546-3.97291E-01-3.46108E-02 2.16091E-01 6.74332E-01-4.29917E-01-1.74789E+00
 -1       547-2.74218E-01 2.40240E-01 9.96701E-01-1.09296E-01-3.12186E-01-5.72541E-01
 -1       548 4.82049E-01-3.42922E-02-8.71463E-02 2.34371E-01-2.22366E-01-2.19611E+00
 -1       549 1.31043E+00-2.72329E-01-3.94808E-01 4.19122E-01-1.29919E-01-2.35871E+00
 -1       550 8.94942E-03 1.89808E-01 1.23827E+00-1.95590E-02-4.28681E-01-1.93990E+00
 -1       551 8.23632E-01 2.36636E-01-1.05129E+00 8.17127E-02-2.88941E-02-2.88201E+00
 -1       552 1.42967E+00 2.56516E-01-1.70343E+00 2.96747E-01-1.86650E+00-5.45964E+00
 -1       553-1.51706E-01 3.43914E-01-9.24659E-01-3.00609E-01-5.11843E-02-3.04395E+00
 -1       554-1.03481E+00-1.25986E+00-1.16884E+01 4.36493E-02-7.21327E-01-2.77658E+00
 -1       555 4.51010E-01 7.26808E-01-5.54661E+00 5.00880E-02-7.41967E-01-1.24594E+00
 -1       556-3.58468E-02 4.05277E-02-2.79253E+00-8.84475E-02-2.98140E-01-1.03922E+00
 -1       557-1.10804E+00-5.88547E-01-3.41151E+00-5.09138E-01 1.82444E-01-2.91057E+00
 -1       558-1.76323E-01 3.99371E-03-1.89510E+00-1.24142E-01-2.42828E-02-9.69121E-01
 -1       559-3.82390E-01 6.14756E-03-1.18713E+00-2.94056E-02-6.40393E-02-8.27226E-01
 -1       560-6.02430E-01 3.10050E-02-6.66824E-01-5.94830E-02-3.20045E-02-7.58077E-01
 -1       561-3.00520E-01-1.64133E-02-1.53519E+00-3.44545E-02-8.14439E-03-1.11688E+00
 -1       562-6.08222E-01-2.05963E-02-7.24198E-01-3.91013E-02-6.35573E-02-9.31025E-01
 -1       563-8.38296E-01 2.04593E-01 7.99460E-01-8.35252E-02 1.41074E-02-1.18858E+00
 -1       564-3.35232E-01 8.13651E-02-1.06403E+00-3.63451E-02-2.04500E-02-1.18400E+00
 -1       565-5.25539E-01 1.63325E-01-1.74949E+00 2.39314E-02 8.96059E-04-1.96603E+00
 -1       566-7.08300E-02 1.37986E-01 5.45074E-01-2.05707E-01 1.02078E-02-1.80823E-02
 -1       567-6.80496E-01-1.25881E-01-1.14920E-02 1.91990E-02-9.19145E-02-2.22441E-01
 -1       568-9.99274E-01-2.48295E-01-2.34330E+00-5.18047E-01 1.06775E-01-2.75245E+00
 -1       569-1.22541E-01-5.20983E-02-1.80695E+00-8.12913E-02-3.66066E-02-1.64809E+00
 -1       570-1.25621E-01 2.56999E-01 1.21341E+00-3.48381E-01-6.39448E-02-1.34908E+00
 -1       571-7.69463E-01-3.32505E-01-5.03699E-01-2.53346E-02 1.06455E-01-2.86702E-01
 -1       572-3.50775E-02-1.13299E-01-2.76214E-02-1.42699E-01 1.67171E-01-1.89153E-01
 -1       573-3.46408E+00-2.31630E+00-4.38060E+00-5.22775E-02 3.94027E+00 1.13264E+01
 -1       574 1.79869E+01 6.92971E+00-9.05197E+00 1.83303E+00-1.40175E+01-8.42043E+00
 -1       575-1.49936E+00 1.32033E+01 1.73619E+01 1.42475E+01 1.01381E+01 9.18162E+00
 -1       576-1.79869E+01-1.41323E+01-1.26819E+01-4.35958E+00-4.06240E+00 1.35018E+01
 -1       577-1.16086E+01-2.49134E+00-1.82457E+01 1.43345E+00-4.74174E+00 3.16474E+00
 -1       578 4.24516E+00 1.99556E+00-8.27063E+00 1.33266E+01-1.88026E+00-4.55336E+00
 -1       579-4.04279E+00-3.56277E+00 1.62147E+01-2.53917E+00-3.81851E+00-1.22492E+00
 -1       580-4.51838E+00 8.13834E+00 1.44721E+00-5.15878E+00-7.93395E+00 8.03482E+00
 -1       581 1.18868E+00-4.12377E+00-1.06696E+01-4.99796E+00-6.52139E+00 7.59982E+00
 -1       582 1.36153E+01-2.21436E+01 1.40413E+01-1.56451E+01-4.57455E+00 2.05688E+01
 -1       583-1.14228E+00-2.53089E+01-1.25788E+01-1.18615E+01-1.47519E+01 1.23449E+01
 -1       584-1.39369E+01-9.88982E+00 4.50047E+00-4.76010E+00-1.42822E+00 6.64395E+00
 -1       585 8.84217E+00 8.64016E-01 4.84697E+00-1.95241E+00 3.17628E-01 7.58550E+00
 -1       586 2.71712E+01-7.00861E+00-1.63089E+01-1.07102E+01-1.10855E+01 1.41637E+01
 -1       587-4.25761E+00 2.74514E+00 1.07914E+01-8.17097E+00-2.83514E+00 2.37606E+01
 -1       588-7.90494E+00-3.24295E+00 3.53717E+00-1.83189E+01-9.67276E+00 1.61578E+01
 -1       589 1.88443E-01-3.57510E+00-5.17381E-01-8.91082E+00-2.29930E+00 2.11937E+01
 -1       590 1.62657E+01 3.03531E+00-1.10056E+01 1.34220E+01-6.36858E+00 1.48403E+01
 -1       591-1.85704E+01-3.06808E+00-9.99979E+00-3.49075E+00 1.11521E+00 7.23472E+00
 -1       592-1.97011E+01-5.69288E+00-2.22885E+01 6.59355E+00-8.01611E-01 1.45084E+01
 -1       593-1.90131E+01-1.34408E+01-1.12485E+01-9.10615E+00-1.51835E+00 3.48580E-01
 -1       594-2.63123E+01 3.48615E-01-2.16959E+01 1.78366E+00-1.16407E+00 1.74132E+01
 -1       595 2.25392E+00 1.01829E+01-1.59507E+01 1.41453E+01 4.54855E+00 8.26686E+00
 -1       596-4.40258E+00 2.63368E+00-8.97722E+00 2.63778E+00-1.12628E+01-1.73238E+01
 -1       597-1.47961E+01-1.17065E+01-2.94893E+01-8.03758E+00-3.59721E+00 1.04085E+01
 -1       598 2.46712E+00-7.57679E-02-2.25735E+01-4.56471E-01-5.76944E+00 8.43907E+00
 -1       599-1.03519E+01 3.04494E+00 6.80601E+00-2.84890E+00 4.26406E+00 1.42496E+01
 -1       600-2.79258E+01-9.38285E+00 2.41445E+01-1.12309E+01 8.90028E+00 8.14313E+00
 -1       601 2.52572E+01 1.96721E+01 2.71753E+01 1.05728E+01-1.37958E+00 2.29843E+00
 -1       602-3.50973E+00-1.54368E+01-1.99174E+01 2.59882E+00 7.35049E+00 1.01337E+00
 -1       603-6.69973E+00-1.01259E+01-1.00671E+01-3.98738E+00-1.20215E+00 8.84413E+00
 -1       604-1.46504E+01-2.36490E+01-1.70658E+01-3.24898E+00 4.08326E+00-2.96807E+00
 -1       605 1.87598E+01 1.30006E+01 7.85992E+00 1.22592E+01-2.37484E+00-2.57773E+00
 -1       606 1.20962E+01-1.18563E+00 8.03249E+00 7.62649E+00 1.36009E+00 9.68221E+00
 -1       607-1.52564E+01-2.30461E+01-5.58119E+00-6.22590E-01 6.21032E-01 6.04028E-01
 -1       608 1.47477E+00 2.85524E+00-3.49165E+00 3.93181E+00 3.19659E+00 7.50577E+00
 -1       609-1.54971E+01-2.67048E+00-1.12650E+00-3.81076E+00-8.79030E+00-1.10522E+01
 -1       610-9.46659E+00-7.22299E+00 8.16404E+00-5.62186E+00-3.58403E+00 1.23481E+01
 -1       611 6.30614E+00-6.80117E+00 5.85998E+00 7.39394E+00 2.48104E+00 3.98773E+00
 -1       612 2.51577E+01 1.98017E+00 5.02320E+00 2.10168E+00-1.62753E+00-1.30162E+00
 -1       613-4.80417E+01-1.78710E+01-3.06907E+01-8.45782E+00-1.05697E+01-1.22565E+01
 -1       614-2.86722E+01-1.06975E+01-6.40705E+01 5.44630E+00 8.89949E+00-2.00449E+00
 -1       615-7.30506E+00 1.05001E+00-1.48790E+01 4.77524E-01-5.48663E+00 1.04059E+01
 -1       616 4.98237E+00 1.10577E+01-3.16543E+00 2.87388E+00-2.01694E+00 2.12105E+01
 -1       617-1.25774E+01 6.62099E+00 5.54797E-01 2.59977E+00 7.67685E+00 2.96431E+01
 -1       618 1.09407E+01 4.01391E+00 8.13593E+00-1.95164E+00-4.44787E+00 1.71087E+01
 -1       619 4.88929E+01 1.27305E+01 2.27813E+01 1.14585E+01 1.05174E+01 1.09953E+01
 -1       620 3.19765E+01 8.52806E+00 3.85569E+00 8.02522E+00-1.39417E+00 5.20011E+00
 -1       621-1.46197E+01-7.16726E+00 3.25050E+00-8.77599E+00 6.57281E+00 5.30672E+00
 -1       622-1.53386E+01 1.95942E+00-2.76745E+01-6.95858E+00-9.24837E+00-4.58416E-01
 -1       623 1.36900E+01 1.47841E+01-1.39972E+01 5.22566E+00 5.13165E-02 4.57661E+00
 -1       624 1.10020E+01 1.12647E+01 4.01423E+00 7.90251E-01 9.74289E-01 1.78387E+01
 -1       625 1.14935E+00 1.91368E+01 8.33069E+00 2.29094E+01 9.51978E+00 3.77205E+00
 -1       626-6.03471E+01 1.46627E+01-8.90059E+00-1.23939E+00-5.01457E+00 4.11398E+00
 -1       627-8.98135E+00 7.51683E+00 2.22237E+01 1.58594E+00 2.24950E+01 1.66659E+01
 -1       628 5.05447E+01 8.40504E+00 7.50055E+00 2.98795E+00-1.15221E+01 6.21327E+00
 -1       629 2.02311E+01-1.71354E+01-4.20359E+00-5.82687E+00-4.52622E+00 5.73930E+00
 -1       630 5.41737E+00-9.89264E+00 9.49988E+00 8.66675E-01-2.38219E+00-1.57205E+00
 -1       631-5.85213E-01 1.07273E+00-6.29642E+00 1.82048E-01 2.88474E+00 1.43346E+01
 -1       632-1.90774E+01-4.75968E+00-1.21766E+01-5.80900E+00-1.76642E-01 5.25838E+00
 -1       633-3.11516E+01-1.09911E+01-1.20550E+01-6.79331E+00-5.34592E+00-3.81938E+00
 -1       634-7.48294E+00-5.44985E+00 2.02443E+00 2.09667E+00 1.92711E-01 7.58575E+00
 -1       635 1.04134E+01 2.22797E+00 2.08721E+01 1.70074E+01 3.04728E-01 1.89379E-01
 -1       636 2.29524E+00-1.77526E+00 8.65227E+00 2.89526E+00-2.23795E+00 8.29669E+00
 -1       637-6.31441E+00-1.01316E+01-2.20343E+00 6.76295E+00 1.55145E+00-1.80500E+00
 -1       638 2.55627E+01 1.35926E+01 3.79710E-01 8.42250E+00-1.00272E+01 8.72725E+00
 -1       639 1.37202E+01 6.80683E-01 1.47946E+01-6.81149E+00 2.50797E+00 1.91360E+01
 -1       640-3.34867E+01-2.69088E+01-2.07695E+01-4.07308E+00 1.76798E+00 6.39834E-01
 -1       641-6.82713E+00-1.72823E+01-1.82196E+01 3.31134E+00-5.81307E+00-2.68967E-01
 -1       642-5.29900E+00 1.37905E+01 4.25512E+00-4.14266E+00-5.09324E+00-7.72834E+00
 -1       643 1.94857E+01 1.14925E+01 3.86749E+00 6.91243E+00 6.99241E+00 1.36534E+01
 -1       644 9.11536E-01 7.16338E+00 7.47759E-01 2.81850E+00-4.77975E+00 2.79677E+00
 -1       645-1.99167E+01-3.58832E+00-1.93744E+01-1.10951E+00-1.39143E+00 1.51873E+01
 -1       646 2.23590E+01 4.13894E+00 2.39369E+00 9.51076E+00 5.23372E+00 1.24254E+01
 -1       647 4.39199E+01 8.29893E+01 3.48268E+01 3.05127E+01 6.26575E+00 2.76301E+00
 -1       648-1.28668E+01-1.65834E+01-9.22061E+00-1.01876E+00 8.61347E+00 1.01452E+01
 -1       649-3.74783E+00-1.51179E+01 1.35701E+00-3.25476E-01-1.61609E+01-8.29232E+00
 -1       650-2.15666E+00-7.27456E+00-1.22810E+01 2.21191E+00-1.15311E+01-2.49015E+00
 -1       651 7.38087E+00 2.49367E+00 1.26033E+01-4.59515E+00-1.19916E+01-1.12088E+01
 -1       652 5.69429E+00 1.31371E+01-2.13607E+01 2.95461E-01-5.69982E+00-1.33837E+00
 -1       653-4.72617E+01-2.44993E+01-5.65236E+01 1.51134E+00 4.79608E+00 1.21328E+01
 -1       654 1.23971E+01 6.32136E+00-1.85086E+01 3.78717E+00-9.46996E+00-1.00655E+01
 -1       655 2.73138E+00-5.17038E+00-4.49499E+00-1.56112E+00-4.62587E-01-2.36783E+00
 -1       656-4.78535E+00 1.01671E+01 3.96457E-01-5.15691E+00-2.72149E+00 3.69062E+00
 -1       657-5.19018E+00 1.65613E+00 2.25711E+00 2.35708E+00-2.68554E+00-1.20983E+01
 -1       658 1.49227E+01 5.09181E+00-9.07748E-02 6.85545E+00 4.55206E+00 3.93135E+00
 -1       659-2.36662E-01-1.96402E+01-1.60280E+01-3.08464E+00-5.79138E+00 9.62302E+00
 -1       660 7.33853E+00-4.91839E+00-2.97682E+01 4.79309E+00-1.72097E+01-9.64873E-01
 -1       661-2.43885E+01-3.14748E+01-3.66545E+01-6.96369E+00 5.43163E+00 1.19445E+01
 -1       662 9.89389E+00-1.62009E-01-9.63411E+00-1.51378E+00-2.77563E+00-5.53435E+00
 -1       663 1.18912E+01-1.27065E+01-7.98417E+00 3.34438E+00 6.03896E+00 9.26473E+00
 -1       664-1.48517E+01-8.32986E+00 1.32589E+00 7.34404E-01-1.73568E+00 3.61259E+00
 -1       665-2.47636E+01-8.74543E+00-3.57621E+00-8.19091E+00 3.08626E+00 1.38326E+01
 -1       666-2.99023E+01-4.13677E+00-1.46277E+01-1.06747E+01 5.03614E+00 1.15824E+01
 -1       667 9.02500E-01 8.79895E+00 5.18696E+00 7.63086E+00 2.94471E+00 1.51064E+01
 -1       668-7.69607E+00-8.25638E-01-3.10707E+00 7.63678E-01-3.51411E+00 4.02893E+00
 -1       669-6.13068E-01 7.62772E+00 6.73257E+00 9.69494E+00 3.54590E+00 6.18618E+00
 -1       670 8.23060E-02-1.90046E+01-7.99204E+00-6.24599E+00-7.74930E+00 8.29237E+00
 -1       671 3.28691E+00 1.22131E+00-2.02549E+00-6.37652E+00-7.12283E-01 4.35372E+00
 -1       672 7.30912E+00-1.25469E+00-3.65820E+00-8.61110E+00 2.53609E+00-4.35089E+00
 -1       673 1.49965E+01 8.17639E+00-7.57158E-01 3.18494E+00 1.41724E+00-2.90664E+00
 -1       674 7.23275E+00 8.64393E-01 4.88207E+00-1.04736E+01 1.03879E+00 1.75424E+00
 -1       675-2.09043E+01-6.18494E+00-2.46410E+01-5.71604E+00 1.88085E+00 4.61783E+00
 -1       676-8.01668E+00 4.85809E+00-5.28752E-01 1.53540E+00 5.17417E-01 1.10419E+01
 -1       677-6.44300E+00-3.74351E+00-7.20129E+00 3.74016E-01-1.18051E+01-9.82329E+00
 -1       678 2.11005E+01 9.62134E+00-1.48342E+00 8.82820E+00 9.29931E+00 1.59376E+01
 -1       679 1.50509E+01 1.26635E+01 3.44505E+00-3.01218E+00 1.88233E+00 3.73259E+00
 -1       680-2.54851E+01-2.03348E+01-3.31619E+01-1.31039E+01-1.10431E+01-8.51956E-01
 -1       681 7.19048E+00 5.47458E+00-2.48319E+01 2.62136E+00-3.44707E+00 1.38706E+00
 -1       682 3.03379E+01 2.39775E+01 1.02791E+01 1.44893E+01-1.01041E+00 1.10750E+01
 -1       683 2.37653E+01 2.76980E+01-4.91388E+00 1.22192E+01 8.43055E+00 4.89917E+00
 -1       684 3.83961E+00 1.81096E+01-2.60872E+01 1.13973E+01 3.81451E+00 1.09308E+01
 -1       685-1.22760E+01 7.92017E+00-8.70585E+00-2.30057E+00-1.83626E+01-5.19088E+00
 -1       686 1.18110E+01 2.00882E+01 1.90195E+01 8.06255E+00-9.66866E+00-5.04996E+00
 -1       687 1.63554E+00-1.23049E+01 1.05414E+01 4.08599E+00-1.60967E+01-1.71681E+01
 -1       688 1.40544E+01-1.64722E+00-1.84564E+01 4.02226E+00 5.90292E+00-1.53749E+00
 -1       689-5.30228E+00 1.11118E+01-8.03077E+00 7.56658E+00-8.47100E+00-2.65913E+00
 -1       690-5.47682E+00 5.19434E+01 2.58828E+01 1.88142E+01 9.17016E+00 8.44266E+00
 -1       691 8.07500E+00 9.52563E+00 1.48539E+01 1.47011E+01 6.91357E+00-1.06110E+00
 -1       692-3.85889E+01-6.64960E+00 1.46205E+00 7.47796E+00 1.44354E+01 1.95998E+01
 -1       693-7.05637E+00-1.04689E+00-1.32978E+01 1.47113E+01-6.12901E-01 1.34238E+00
 -1       694-1.75936E+01 1.87540E-01-9.23834E+00-1.15398E+01 1.89970E+00-3.51619E+00
 -1       695-2.25851E+01 1.55974E+00 2.12483E+01 2.61851E+00 8.03422E+00 1.41925E+01
 -1       696 9.24041E+00 8.98352E+00 7.19509E+00 1.87593E+00-4.90520E+00 4.30809E+00
 -1       697 2.35526E+01 2.11517E+01 3.29479E+00 9.45028E+00 3.66732E+00 1.86897E+00
 -1       698-2.43291E+01-6.62425E-01-4.45080E+00 9.91817E-01-6.15528E+00 1.63013E+00
 -1       699 1.84481E+01 1.09052E+01 2.35671E-01 6.59824E+00 1.71922E+00 7.37530E+00
 -1       700-2.77637E+01 6.85063E+00 4.15017E+00-3.50852E+00 1.38062E+01 1.69779E+01
 -1       701 5.69186E+01 2.65287E+01 3.21315E+01 1.73176E+01 2.09020E+00-4.39709E+00
 -1       702 2.88585E+01 8.28829E+00-2.38163E+01 5.97493E+00-5.55155E+00 7.57452E+00
 -1       703-1.52081E+00-9.30828E-02 1.54530E+01-3.04286E+00-2.46329E+00 2.80100E+00
 -1       704 8.24944E-03-2.51422E-02-5.97320E+00 8.75610E-03 3.13929E-01-8.25845E-02
 -1       705 1.93532E-02 2.32510E-02-4.47328E+00-1.69922E-03-3.34763E-01 1.40972E-01
 -1       706-3.75083E-02 1.14495E-02-4.66036E+00-4.09023E-04-6.67192E-02-3.56606E-01
 -1       707-8.75065E-03 1.21451E-02-3.21606E+00 6.85432E-03-7.31747E-02 2.07172E-01
 -1       708-9.71466E-03 1.18230E-02-4.67449E+00-1.63543E-02-1.15396E-01-6.94120E-02
 -1       709-4.97478E-01-6.83401E-03-2.20818E-01-7.14002E-02 3.65058E-02 4.14692E-01
 -1       710 1.19946E+00-2.29059E-01 2.28852E-01 4.07036E-01-2.92693E-01 1.46331E-01
 -1       711 1.14717E+00-3.00543E-01-5.76658E-01-1.14380E-01 2.43294E-01-3.82426E-01
 -1       712 2.38650E+00-1.41423E-01-2.80087E-01 6.89891E-01 1.73215E-01-1.05239E+00
 -1       713 3.15346E-01-9.37186E-02-7.37443E-01-2.07544E-01-1.00250E-01-1.56806E+00
 -1       714-3.01826E-01-4.43102E-02-1.37877E+00-5.92483E-01 8.22699E-02-2.24727E+00
 -1       715 3.14014E+00 5.45583E-01-5.45065E-01 1.22486E+00-2.08440E-01-2.49337E+00
 -1       716 7.08543E-01-9.84465E-02 1.59492E-01 1.96632E-02-1.94625E-01 9.85517E-01
 -1       717 6.12937E-02 1.62618E-01-7.43215E-01-3.81463E-01-1.00842E-01 5.53023E-01
 -1       718 3.41159E-01-2.41289E-01-1.92238E-01-4.37780E-01-2.29701E-01 1.86254E+00
 -1       719 5.54926E-01-1.79088E-01-2.20142E-01-1.83719E-01-2.20152E-01-1.23661E+00
 -1       720 1.30412E+00 4.50659E-02 2.17397E-01 9.83535E-01-1.73540E-01-8.17019E-01
 -1       721 3.23080E+00 1.08873E+00-3.56401E-01 1.89094E+00 5.34261E-01 2.18195E+00
 -1       722-7.10587E-01-3.59832E-03-3.10892E-03-5.91786E-02 1.42189E-02 2.43717E-01
 -1       723-5.99511E-01 7.10780E-03-1.19001E-01-8.59366E-02 5.35978E-02 3.54977E-01
 -1       724-4.25289E-01 1.85280E-02-1.64180E-01-9.31727E-02 7.04711E-02 2.31388E-01
 -1       725-6.71579E-01-1.97036E-02-1.96452E-01-6.40278E-02 1.95582E-02 5.14725E-01
 -1       726-5.57374E-01 3.14340E-02 8.88211E-03-7.56938E-02 3.18945E-02 1.59647E-01
 -1       727 1.32730E+00 1.27330E-02-2.91114E-01 2.45403E-01-1.14216E-01-6.54339E-02
 -1       728 2.28863E+00-9.38379E-02 3.64686E-01 7.60690E-01-1.01785E-01 1.03310E+00
 -1       729 9.02764E-01-4.61986E-03-5.53116E-01 4.94871E-01-5.69376E-02-9.50842E-01
 -1       730-1.92667E-01-6.69849E-01-1.83885E-01-6.39957E-01 3.79281E-01 8.82697E-01
 -1       731 1.19711E+00 1.62237E-01-5.52181E-01 9.44665E-01 2.57687E-01 5.11248E-01
 -1       732 1.77347E+00-4.48246E-01 1.50177E-01 1.06278E+00-3.21182E-01-9.40884E-01
 -1       733 1.08140E-01-5.69863E-01-1.06947E+00 1.94028E-02 1.60270E-03 1.52107E+00
 -1       734-2.24394E-01-1.40681E-01-1.31176E+00-4.57289E-01-9.53001E-02 8.25956E-01
 -1       735-4.08621E-01-2.96809E-01-1.12069E+00-3.96336E-01-8.48996E-02 1.73949E+00
 -1       736 4.79384E-02-1.14200E-02-1.34556E+00-1.59927E-02 5.52132E-02 4.95052E-01
 -1       737-2.42977E-01-9.41347E-02-9.30263E-01-6.40232E-03 7.06259E-02 5.91807E-01
 -1       738 1.01520E-01 1.21954E-01-1.63074E+00-1.28762E-01 8.54633E-02 8.02664E-01
 -1       739-1.16932E+00-4.38015E-01-2.01887E+00-6.70859E-01 4.38038E-01 2.47073E+00
 -1       740-4.81451E-01-7.42268E-02-2.71478E-01-4.71591E-02-6.48349E-02-4.77569E-01
 -1       741-4.95484E-01-1.23889E-02-3.08780E-01-6.41132E-02-7.19731E-02-3.87006E-01
 -1       742-3.19020E-01 2.54617E-03-5.04076E-01-2.65590E-02-8.92740E-02-5.01756E-01
 -1       743 8.67153E-02 5.25303E-02-1.33579E+00-3.15078E-02 2.45575E-01 9.65215E-03
 -1       744-8.89750E-01-2.63943E-01-8.07410E-01-5.24886E-01 1.46721E-01-1.61882E+00
 -1       745-8.78395E-01 1.65342E-02-1.52870E+00-1.85072E-01-2.36988E-01 1.27306E+00
 -1       746-5.92535E-01-2.28029E-01-2.55091E+00-2.17815E-01-1.81300E-01 1.15609E+00
 -1       747-1.45508E-01 2.92421E-01 7.02600E-01-1.95925E-01-2.75952E-01 1.05093E+00
 -1       748-3.73596E-01-3.26766E-02-2.25596E-01-4.39429E-01 9.47971E-02 1.10355E+00
 -1       749-2.69974E-01 1.23876E-01-1.40472E+00-1.61351E-01 7.37469E-02 7.91968E-01
 -1       750-1.44440E-01-1.08386E-01-5.28937E-01-5.40416E-02 7.11532E-02 7.35714E-01
 -1       751-5.93460E-01 3.24077E-01 1.75524E+00-7.63621E-02-3.81827E-01-6.58594E-01
 -1       752-3.43358E-01 4.91330E-02-1.38819E+00-3.37325E-01 2.02414E-01 1.04265E+00
 -1       753-6.38310E-01-8.93577E-02-2.29425E-01-6.63446E-02-5.85248E-02 3.73369E-01
 -1       754-7.80467E-01-4.84976E-02 1.76536E-01-9.93980E-02 4.49299E-03-3.77606E-01
 -1       755-7.92759E-01 2.50422E-02-2.28266E-02-1.02774E-01-4.10164E-03 1.48712E-01
 -1       756-3.79717E-02-3.12032E-02-7.85307E-01-1.69894E-02 7.04229E-02 3.04051E-01
 -1       757-1.13792E+00-8.09624E-01-1.71582E+00-9.14703E-01 1.14387E-01 1.21337E+00
 -1       758-2.23786E-01 2.73402E-02-6.07324E-01-2.33969E-02-7.93439E-02-4.10388E-01
 -1       759-7.05394E-01-6.17284E-02 3.00607E-02-4.18128E-02-5.49884E-03 1.27528E-02
 -1       760-7.72380E-01-3.99156E-02-6.09885E-02-7.36674E-02 6.84725E-03-5.86736E-02
 -1       761-6.45360E-01 7.89964E-03-3.95457E-01-9.51799E-02 2.95177E-02 5.33564E-01
 -1       762-7.08629E-01-1.50812E-02-2.18388E-01-8.40434E-02-3.46324E-02-2.61207E-01
 -1       763 3.52103E-01 5.32293E-03-1.07615E+00-9.51620E-02 5.32452E-01 4.29066E-02
 -1       764-2.87285E-01 1.02222E-02-6.08899E-01-2.39687E-01-1.10411E-01-5.56971E-01
 -1       765 1.10769E+00 7.35945E-01-3.84783E+00-2.10857E-01 7.12429E-01-1.15816E-02
 -1       766-3.29013E-01-6.75106E-02-1.30636E-01-1.14218E-02 5.70595E-03 3.01624E-01
 -1       767-1.02324E-01 9.17660E-02-8.38327E-01-3.41217E-02-6.54380E-02-6.02501E-01
 -1       768-6.56439E-02-2.35526E-01-1.03762E+00-1.60083E-02-7.75573E-02-3.99072E-01
 -1       769-2.60768E-01-3.36116E-02-7.22847E-01-1.11037E-02 1.18877E-01 5.22022E-01
 -1       770-3.54735E-01-1.90950E-01-6.48284E-01-1.25811E-01-9.52718E-02-4.74546E-01
 -1       771-1.48215E-01 2.64257E-02-4.46738E-01-9.99271E-02-4.83609E-01-1.18877E+00
 -1       772-9.59425E-01-3.32074E-01-1.67697E+00-2.80505E-01-1.91899E-01-1.17957E+00
 -1       773-2.72447E-01-3.95177E-01-2.00111E+00-2.21991E-01-1.11400E-01-7.62750E-02
 -1       774 7.80906E-03 2.80121E-02-1.43661E+00-1.68596E-01-2.40477E-01-6.25544E-01
 -1       775 3.63189E-02 6.84672E-02-1.00424E+00-8.88366E-02-7.19455E-02-4.77431E-01
 -1       776-4.44878E-01 2.18932E-02-1.07613E+00-1.99721E-01 2.45751E-02-6.68862E-01
 -1       777-4.54939E-01-3.61205E-01-2.31196E+00-4.58908E-01 2.76598E-01-1.16653E+00
 -1       778-4.94232E-01-9.63491E-02-6.27830E-01-4.45104E-02 3.52383E-02 8.17242E-01
 -1       779-2.28830E-01-2.13070E-03-2.76588E-01-3.86319E-02 8.05003E-02 1.82316E-01
 -1       780-6.61054E-01-2.96063E-02 1.24281E-01-6.07652E-02 1.40134E-02 3.31053E-01
 -1       781-6.52750E-01 6.86432E-02 1.61768E-01-6.98576E-02 6.88316E-03-9.12856E-02
 -1       782 1.96206E+00-3.99907E-02-3.76877E-01 6.86024E-01 1.33232E-01 7.93619E-01
 -3
    1PSTEP                         3           1           1          
  100CL  101 1.000000000         782                     0    1           1
 -4  TOSTRAIN    6    1
 -5  EXX         1    4    1    1
 -5  EYY         1    4    2    2
 -5  EZZ         1    4    3    3
 -5  EXY         1    4    1    2
 -5  EYZ         1    4    2    3
 -5  EZX         1    4    3    1
 -1         1-5.91465E-05 5.65360E-06 3.46894E-05 8.41215E-05 1.85940E-05-2.04289E-05
 -1         2 7.18522E-05-2.72017E-06-2.96189E-05-2.89034E-05 1.09472E-05-4.96421E-05
 -1         3 1.74524E-04-1.59173E-04-1.33978E-04-2.06876E-04-6.04608E-05-1.19709E-04
 -1         4 2.17948E-04 4.34725E-05 3.49652E-06 1.30921E-04-8.26838E-05-9.85027E-05
 -1         5 4.67460E-06 4.24893E-06-1.47636E-05 1.38335E-07-1.43398E-06-4.30197E-06
 -1         6 1.57751E-05 1.58642E-05-5.28395E-05-8.47621E-08 1.68682E-06 2.36612E-06
 -1         7 1.77649E-07 1.20936E-07-4.18842E-07-3.56583E-08 3.25231E-06 9.45122E-07
 -1         8 1.16854E-05 1.20897E-05-3.96641E-05-7.07015E-08 1.69535E-06 4.48436E-06
 -1         9 9.86881E-07 9.28354E-07-3.21252E-06 8.47921E-08-1.94403E-06-1.75234E-06
 -1        10 1.31048E-05 1.27606E-05-4.29155E-05 9.58259E-08-4.17193E-07-3.05873E-06
 -1        11-3.23581E-06-3.32523E-06 1.06399E-05 8.98395E-09-1.23581E-06 1.01617E-06
 -1        12 8.77685E-06 8.66476E-06-2.89854E-05-9.37145E-08-9.29798E-07 1.16049E-06
 -1        13-4.09587E-06 1.17137E-06 1.36791E-06-8.38072E-07-8.44220E-08 8.56266E-07
 -1        14-4.16557E-06 1.34688E-06 1.23512E-06-9.07528E-07-5.53371E-08-1.49467E-06
 -1        15-1.54965E-05-2.68688E-05 4.69930E-05 5.52606E-05 2.34791E-05 2.19207E-05
 -1        16-1.93059E-05-6.16259E-05 1.07556E-04 7.93326E-05-1.98078E-05-1.03599E-04
 -1        17-5.93450E-05-7.04462E-06 7.04860E-05 3.56763E-06-6.80149E-05-6.93561E-05
 -1        18 1.28008E-05 7.68902E-05-4.24402E-05 4.68987E-05-1.97807E-06-1.30435E-04
 -1        19-6.79780E-05 6.06566E-05-3.84136E-05 5.77614E-05-4.04311E-05-6.15538E-05
 -1        20-1.43177E-04 7.45500E-07 8.41561E-05-4.38973E-05 2.81797E-06-1.94788E-05
 -1        21 1.31561E-04-5.74577E-05-3.31614E-05-4.35940E-05 1.77046E-05-8.32712E-05
 -1        22-2.58214E-05-4.38905E-05 2.06466E-05-4.30149E-05-2.07684E-05-8.31491E-05
 -1        23 4.53193E-05 2.49759E-06-6.53668E-07 8.27747E-05 6.10219E-05 5.40094E-05
 -1        24-2.57922E-06-7.72812E-06-1.28250E-07-4.26826E-06 3.57748E-05 3.20125E-05
 -1        25 3.30236E-06 5.44701E-05-2.27297E-06-3.39113E-06-4.85850E-05 9.96505E-06
 -1        26 1.10847E-05 2.18291E-05 8.03011E-05 1.22236E-04-1.44700E-06-3.40372E-05
 -1        27-2.92201E-05-1.29979E-04 1.46554E-04 2.71273E-05-2.05586E-05-4.76897E-05
 -1        28-6.50947E-05-2.10499E-05 1.06816E-04 3.90689E-05-3.47525E-05-2.53316E-05
 -1        29 9.60620E-06 7.48420E-05-3.00269E-05 7.42163E-05-3.31861E-05-9.95312E-05
 -1        30-7.93722E-05-5.68623E-05 4.85638E-05-4.16827E-05-4.48947E-05-1.07545E-04
 -1        31-1.16413E-04-7.59641E-05 2.65735E-05-6.18502E-05-1.17982E-05-3.48482E-05
 -1        32 6.62001E-05-5.12527E-05-7.65542E-05-5.68273E-05 9.96398E-06-4.34112E-05
 -1        33-1.97617E-05-9.55544E-05 1.20929E-05-6.91150E-05-2.02055E-05-8.29747E-05
 -1        34-3.65104E-05 2.29341E-05-3.09746E-07 1.09654E-05 3.04312E-06-2.17421E-05
 -1        35-2.06874E-05 5.66730E-05-8.54113E-06 6.84266E-05 9.37367E-05 7.19351E-05
 -1        36-1.00492E-04-7.81085E-05 4.96650E-05-1.21601E-04-2.41263E-05-2.44841E-05
 -1        37-2.87537E-05 6.02432E-05-4.49047E-05 7.83384E-05-2.18397E-05 6.54658E-06
 -1        38-2.04902E-05-3.09581E-05 4.42360E-05 3.90280E-05 3.06031E-05-2.17001E-05
 -1        39 9.22376E-05 1.10734E-05-7.87470E-05 6.58181E-05 4.14054E-05-5.19544E-05
 -1        40-6.35055E-05 2.25217E-05-3.74448E-05 7.65412E-07-2.61242E-05 8.31943E-05
 -1        41 3.23239E-05-2.09799E-05-9.13186E-05-2.25198E-05-2.88720E-05 7.99595E-06
 -1        42 5.35200E-05-1.03091E-04 4.68474E-05 3.99818E-05 1.33758E-05 5.87523E-05
 -1        43-7.34673E-05-2.12681E-06 6.15728E-05 3.07919E-05-2.65903E-05-1.02295E-04
 -1        44-7.22320E-06 5.21606E-06-5.13640E-06-1.14925E-04 2.09374E-05-3.84342E-05
 -1        45-9.67708E-05-1.61117E-05 5.37772E-05 3.76397E-05 9.44273E-06 3.05078E-06
 -1        46 7.66831E-06-1.62345E-05 3.89986E-05 2.38675E-05-8.51918E-06-4.83399E-05
 -1        47-6.31096E-05 1.54961E-05 4.79869E-06-4.48103E-05 1.46930E-05 7.51144E-06
 -1        48-2.94160E-05-1.92663E-06-7.93015E-05 6.92033E-06-2.33446E-05-1.74812E-04
 -1        49-3.81301E-05 7.58100E-05-4.82801E-05-1.00117E-04-5.08969E-05-7.29934E-05
 -1        50 3.97998E-05 7.90930E-06-5.36003E-05-1.42792E-05 7.48197E-06-2.89241E-05
 -1        51 6.05262E-05-3.81239E-05-6.72169E-05 2.30423E-05 2.94159E-05 5.22128E-05
 -1        52 4.66459E-05-4.23988E-05-5.36218E-05 1.03274E-05-3.17739E-05 5.29779E-05
 -1        53 4.45440E-05 3.47296E-05 5.57577E-06 4.54891E-05 7.65584E-06 2.25237E-05
 -1        54 1.42589E-05-4.40307E-05 3.56977E-06 3.57657E-05 1.73115E-05 4.23585E-05
 -1        55-6.29368E-05-3.39741E-05 2.91364E-05-7.53193E-05-1.62912E-06-1.19263E-04
 -1        56 8.77514E-06-1.24636E-05-4.00859E-06-4.73301E-05 1.66626E-05 3.98618E-05
 -1        57-1.35277E-04-2.42819E-05 1.26403E-04 2.63828E-05-2.74541E-05-2.31332E-05
 -1        58 2.31502E-06-8.34566E-06 1.45266E-05-1.31012E-05 1.82437E-05-5.88949E-05
 -1        59-5.68275E-05-4.33037E-05-7.96705E-05-7.43454E-05-3.51824E-05-1.54492E-04
 -1        60-7.45800E-05 8.96471E-05-5.92547E-05-9.65432E-05-4.93386E-05-1.30529E-04
 -1        61-2.12517E-05-7.03849E-05 1.67566E-05-1.33578E-04-3.02721E-05-2.85899E-05
 -1        62-8.36938E-05 1.59221E-05 3.84995E-05 2.33327E-05 1.58051E-04 1.07331E-04
 -1        63-2.64197E-05-4.90153E-05-1.26547E-05-2.99658E-06 1.13574E-04 2.15947E-04
 -1        64 1.97206E-06 5.89802E-05-7.91514E-05-2.10472E-05-7.20370E-05 6.05836E-05
 -1        65 1.06083E-04-2.20499E-04 9.13938E-05-7.10786E-05 3.96395E-05 9.38611E-05
 -1        66 4.51738E-05-7.61546E-05 1.77796E-04 2.11774E-05 9.49441E-05 1.62710E-04
 -1        67-8.07508E-05 1.38632E-04-3.63226E-05-5.86611E-05 4.11794E-05 3.73238E-05
 -1        68-6.19860E-05 5.14474E-05-8.22029E-05-8.87119E-05 4.42976E-05 1.05391E-04
 -1        69-5.21327E-05-1.78777E-05-7.61880E-06-4.04022E-05-9.17333E-05-5.32584E-05
 -1        70 6.38977E-05-5.65916E-05 9.77230E-05 3.92852E-05-5.89503E-05 1.43716E-05
 -1        71-1.92814E-04 1.50983E-05 1.04571E-04-4.22729E-05 6.10104E-05 4.26815E-05
 -1        72 3.00604E-04-1.34447E-04-1.23559E-05-5.37656E-06 7.62443E-05 2.78169E-04
 -1        73-2.49258E-04-1.23432E-04 2.54177E-05-3.39563E-04-3.32492E-05-1.34857E-04
 -1        74 7.24313E-05-1.14823E-04 6.17488E-05 1.45381E-05 1.38677E-04 1.32141E-04
 -1        75-1.33109E-04 9.64987E-06-1.34244E-05-2.89029E-05 4.89310E-05 1.22664E-04
 -1        76-5.29060E-05-4.92192E-05-2.88721E-04-1.07440E-04 2.74806E-05 1.56440E-04
 -1        77 2.05884E-04-2.30012E-05 2.16243E-04 1.41407E-04 1.44751E-04 2.48336E-04
 -1        78-7.00206E-05-8.72338E-05 7.13916E-05-1.40900E-04 7.42361E-05 7.18490E-05
 -1        79-1.90294E-04 8.29187E-05-6.79518E-05-2.68843E-04 5.51980E-06-5.16758E-05
 -1        80-2.47339E-04 3.21134E-05 8.21161E-06-1.34295E-04-4.30870E-05 3.16637E-06
 -1        81-5.45206E-05 4.14545E-05 4.76832E-06 5.26749E-05-9.41935E-05 7.26907E-05
 -1        82-7.51998E-05-2.23115E-05 1.84062E-04 3.98562E-06 1.49467E-04 1.75877E-04
 -1        83 3.72531E-05-4.10276E-05 1.24708E-05 7.22333E-05 8.68194E-05 1.11293E-04
 -1        84 4.36574E-04-3.05701E-04-9.19620E-05-7.30773E-05 1.18263E-04 1.04499E-04
 -1        85-9.80085E-05-4.18131E-05-1.82698E-06-1.07488E-06 3.14972E-05 1.15313E-04
 -1        86-1.32662E-04 9.58216E-05-1.07044E-04-4.10380E-05-1.09016E-04 1.73785E-04
 -1        87 3.32957E-05 8.96816E-05-1.32991E-04-7.67457E-06-1.73684E-05 1.21251E-04
 -1        88 4.42897E-05-6.38769E-05-2.41163E-05-5.80101E-05-2.48704E-05 1.18272E-05
 -1        89 2.96697E-04-2.10524E-05-2.57374E-05 7.23915E-05 4.87082E-05 1.64273E-04
 -1        90-7.93325E-05 1.38747E-05 1.50305E-05 8.70649E-05 7.44904E-05 1.45346E-04
 -1        91-1.48812E-04 8.10233E-05-6.59819E-05-2.04979E-06-2.61769E-05 1.63184E-04
 -1        92-2.86407E-05 1.59480E-04-1.33672E-04 7.17340E-05 1.13396E-05 1.09885E-04
 -1        93 1.10250E-04-7.58549E-05-6.37433E-05-2.00101E-05 2.25246E-05-4.41727E-05
 -1        94 2.25656E-04-1.35694E-06-4.49106E-05 1.75254E-04-2.41466E-05 1.44193E-05
 -1        95-2.38678E-05 6.91543E-06-3.14445E-05 3.26647E-05 1.01157E-04 9.97375E-06
 -1        96-4.85437E-05 7.11600E-05 2.19248E-05 1.48066E-05-1.72520E-05-8.36501E-05
 -1        97-2.70058E-04 3.50867E-04-1.98474E-04 1.60158E-04-1.02054E-04 2.03389E-04
 -1        98-5.01178E-05 6.58391E-05-1.92124E-04-4.74130E-05-3.99802E-05 9.44329E-05
 -1        99 1.45454E-04 3.44280E-05-2.27686E-04-2.51133E-05-1.67606E-04-8.57095E-05
 -1       100 2.27992E-04-1.20671E-04-4.43189E-05-1.18377E-05 3.89359E-06 1.69222E-04
 -1       101 1.87618E-04 8.27036E-05 9.83842E-05 1.89171E-04 1.44509E-04 9.51213E-05
 -1       102-1.73931E-04 1.42665E-04 1.50865E-05 7.27697E-05-6.03484E-05 1.01460E-04
 -1       103-7.53424E-05 2.10795E-04-1.53546E-04 4.50424E-05-1.17449E-04 7.96245E-05
 -1       104 1.76264E-04-1.09337E-04-5.50673E-05 2.75083E-05-1.06514E-04-2.28434E-04
 -1       105-6.25125E-05 1.14131E-05-5.29520E-05 6.01558E-05 3.02957E-05 2.49014E-05
 -1       106 1.96533E-04 2.97157E-05-5.83559E-05 2.01977E-04 4.09080E-05 1.04982E-04
 -1       107 8.88616E-05 6.35151E-06 6.20094E-05 1.33181E-04 7.42891E-05 5.90871E-05
 -1       108-8.39648E-04 3.57836E-04 3.14096E-05-2.01328E-04-1.53927E-04 1.96032E-05
 -1       109 1.57165E-04-7.81152E-05-1.31791E-04 1.51218E-05 2.56263E-05 1.12217E-05
 -1       110 2.32786E-05 3.52693E-04-1.19832E-05 1.65146E-04-1.90490E-04-1.11243E-04
 -1       111-4.99011E-05-3.15298E-05-8.30012E-05 1.30323E-05 3.61747E-05 1.07800E-04
 -1       112 1.03305E-05 9.76245E-06-1.33809E-04-1.08257E-04-3.52113E-05-5.69322E-05
 -1       113 1.03731E-05 1.02629E-05-3.40308E-05 9.22506E-08-2.39782E-06-2.71024E-06
 -1       114 2.43333E-06 2.08894E-06-7.49821E-06 7.51773E-08 1.40572E-06-2.60543E-06
 -1       115 6.06561E-06 6.10567E-06-2.01883E-05-5.19716E-08 3.31494E-06 1.38528E-06
 -1       116 1.38376E-05 1.37768E-05-4.61823E-05-1.20656E-07 3.38611E-06 2.60658E-06
 -1       117 6.94260E-06 6.89154E-06-2.29911E-05 7.92514E-08-1.01055E-06-1.80298E-06
 -1       118-9.27720E-07-1.34562E-06 3.67530E-06 1.37524E-07-2.07052E-06-5.30659E-07
 -1       119 2.82219E-06 2.63333E-06-9.10721E-06-9.51412E-08-7.42717E-07 1.56100E-06
 -1       120 1.07367E-05 1.07750E-05-3.59308E-05 1.01731E-08-5.23433E-07-6.59680E-07
 -1       121 1.44306E-05 1.44043E-05-4.79652E-05 2.61020E-08-1.52190E-06-1.36989E-07
 -1       122 2.29806E-06 2.87000E-06-8.88225E-06 3.41995E-08-6.68804E-09-1.58252E-06
 -1       123 1.02081E-05 1.03331E-05-3.44652E-05-4.55686E-08 1.60475E-06 2.60744E-06
 -1       124-1.77873E-06-1.40431E-06 5.09474E-06-7.37406E-08-2.84704E-08 1.45198E-06
 -1       125-3.24575E-06 1.81975E-06-8.74708E-07-8.92714E-07 3.14252E-07 4.11485E-06
 -1       126 7.64687E-07 2.11175E-06-6.04600E-06-1.85886E-07 5.38689E-07 4.33096E-06
 -1       127 4.54037E-06 4.41389E-06-1.42940E-05-1.85958E-07 2.52483E-06 1.46450E-06
 -1       128 2.37415E-05 1.83315E-05-7.22802E-05 1.02912E-06 2.63712E-06-1.44614E-06
 -1       129 2.24474E-05 1.04704E-05-1.72657E-05 2.08466E-05 2.23311E-05 3.54944E-05
 -1       130 1.35317E-05-4.56289E-06-3.25750E-06 6.86226E-06 3.17622E-07 1.29667E-05
 -1       131 3.07581E-06 3.81537E-06-4.07128E-06 1.18880E-05 4.58308E-07 8.06794E-06
 -1       132-7.79182E-08 2.10887E-07-7.50627E-07-1.64307E-06 3.29500E-06 1.32287E-05
 -1       133-1.14555E-06-2.86189E-06 6.04787E-06 8.41382E-07 6.91776E-07 3.73702E-06
 -1       134 5.16633E-08-2.24455E-07 3.44613E-07-2.97770E-07-5.70505E-07 7.34840E-07
 -1       135-2.26478E-06 6.16833E-07 7.81940E-07-8.53173E-07-4.31078E-07-8.93072E-07
 -1       136-4.00470E-06 1.40565E-06 4.72456E-07-7.32232E-07 2.36632E-07 2.37564E-06
 -1       137-1.10395E-06 1.87474E-06-3.26480E-06-4.65294E-07 1.00861E-07 4.14157E-06
 -1       138 2.06425E-06 3.25254E-06-9.17225E-06-4.51325E-07 1.67956E-06 2.77319E-06
 -1       139 7.22225E-06 9.97172E-06-3.02316E-05 1.02853E-07 5.87982E-07 1.75299E-06
 -1       140 2.91299E-05 2.32502E-05-1.05267E-04 1.40386E-05 5.40622E-05 4.79495E-05
 -1       141 2.19756E-05-4.72089E-06-6.09719E-06 1.28026E-05 2.47904E-06 2.15542E-05
 -1       142 7.13929E-06-9.87823E-07-4.48745E-06 9.08262E-06 1.63238E-07 1.03240E-05
 -1       143-3.43452E-06 4.67466E-06-1.05121E-06 4.09610E-06 3.16220E-06 1.05556E-05
 -1       144-1.07272E-06-3.54839E-06 7.30345E-06-7.35077E-07 2.99811E-06 6.07118E-06
 -1       145-5.28059E-07-3.46334E-07 1.28692E-06 5.13518E-07-9.07145E-07 2.08635E-06
 -1       146-1.14271E-06 2.87177E-07 3.35014E-08-5.49266E-07-3.54447E-07-5.30026E-07
 -1       147-3.06942E-06 9.58404E-07 9.64908E-07-6.57157E-07-3.17347E-07-7.35576E-08
 -1       148-4.09506E-06 1.25949E-06 1.28975E-06-1.19674E-06-1.03411E-07-5.68874E-07
 -1       149-1.92171E-06 8.50601E-07 2.81836E-07-7.58928E-07 5.61316E-07 7.47035E-07
 -1       150 2.72435E-07 3.98733E-07-6.74000E-07-3.26595E-07 7.49159E-07-3.80979E-07
 -1       151-1.33615E-06-3.23022E-06 5.73036E-06 7.40474E-07-3.59491E-06-2.48930E-06
 -1       152-3.14712E-06-9.09184E-07 3.73252E-06-1.33993E-06-4.79562E-06-2.03767E-05
 -1       153 4.55656E-06-7.54214E-07-4.22345E-07 8.53031E-06-1.74871E-06-1.15040E-05
 -1       154 1.49430E-05-6.01802E-06-3.54591E-06 9.86423E-06-5.69644E-07-1.15111E-05
 -1       155 1.96112E-05 2.98020E-06-1.06055E-05 1.41747E-05-1.67459E-05-3.34674E-05
 -1       156 1.92456E-05 1.89978E-05-6.69909E-05 3.79580E-06-6.44188E-06-2.42588E-06
 -1       157 4.09607E-06 4.32089E-06-1.37720E-05 7.31344E-07-7.30210E-07-2.21514E-06
 -1       158 6.83027E-07 2.56528E-06-5.95344E-06-3.12392E-07-3.74919E-07-4.38972E-06
 -1       159-2.85423E-06 1.81599E-06-1.15982E-06-6.94402E-07-3.86414E-07-3.91617E-06
 -1       160-3.31970E-06 1.07281E-06 7.68948E-07-7.34002E-07 1.79034E-07-4.55363E-09
 -1       161-8.26983E-07 4.48893E-07-8.01013E-08-5.22111E-07 4.53601E-07 1.82278E-07
 -1       162 7.33335E-08-3.40109E-07 3.61223E-07-5.97578E-08-1.96273E-07-1.10756E-06
 -1       163-3.38317E-06-3.80123E-06 1.06825E-05 2.64771E-06-5.34666E-06-4.97868E-06
 -1       164-4.40513E-06 6.77565E-07 4.51168E-06 3.22261E-06-3.93112E-06-1.70517E-05
 -1       165 1.08383E-05-3.84959E-06-2.83017E-06 9.81802E-06-1.38096E-06-1.05766E-05
 -1       166 1.91099E-05-3.05561E-06-6.90998E-06 1.22403E-05-1.66858E-06-2.00638E-05
 -1       167 2.14354E-05 1.39412E-05-6.42848E-05 6.24262E-06-4.49340E-05-3.48524E-05
 -1       168 8.23779E-06 9.02453E-06-3.18302E-05 1.29686E-06 1.18837E-06-1.72446E-07
 -1       169 3.25566E-06 3.47849E-06-9.12895E-06 5.53451E-07-6.70758E-07-3.18661E-06
 -1       170-1.50542E-06 1.97200E-06-3.16097E-06-4.03172E-07-4.65859E-07-4.11478E-06
 -1       171-3.44782E-06 1.59889E-06 1.78602E-07-4.92971E-07-1.46515E-07-2.53380E-06
 -1       172 2.21573E-05-6.78645E-06-2.85274E-06 1.41644E-05-5.14363E-05-2.18182E-05
 -1       173 9.11174E-05 8.35772E-05-5.18296E-05 7.71361E-05-4.62607E-05-1.15293E-04
 -1       174-6.26463E-05 4.56020E-07 1.00871E-05-9.06785E-06-4.32416E-05-7.55179E-05
 -1       175 1.39144E-05 7.06736E-05-4.02789E-05-4.63421E-05-3.92733E-05-2.20027E-05
 -1       176 3.81961E-05-2.26208E-06 6.71682E-05 1.22524E-04-2.45769E-05-2.00535E-05
 -1       177 1.36786E-04-8.84534E-06-5.75225E-05 9.12599E-05-3.13203E-05-5.02524E-05
 -1       178-2.44282E-05 2.38739E-05-1.55402E-06-1.46574E-05-3.94167E-05 3.99582E-06
 -1       179-1.49715E-04-9.49244E-06 2.08996E-05-5.54002E-06-9.81223E-05-4.96742E-05
 -1       180 3.19438E-05-5.44581E-05-1.48376E-06 2.66484E-05-5.49684E-06 6.81713E-06
 -1       181 1.59995E-05-2.90231E-05 5.24552E-05 3.01943E-05-9.79717E-06-2.73647E-05
 -1       182 5.99316E-05 4.92754E-05-4.85305E-05 1.17287E-04-1.31674E-05-1.62883E-05
 -1       183-9.19022E-05 3.72124E-05 1.39837E-05 3.81305E-05-1.12210E-05-5.97291E-05
 -1       184-1.15285E-04-2.84124E-05 1.30270E-04-1.61766E-05 3.03811E-06-5.84977E-05
 -1       185 6.86018E-05-3.69950E-06-1.29220E-05-5.33740E-05 7.73758E-06-5.24494E-06
 -1       186-6.85760E-05 2.00643E-05 1.80511E-05-5.81716E-05 4.32314E-05-1.15123E-05
 -1       187 2.49237E-05-7.04956E-05 3.67942E-05-2.10245E-05 3.27710E-05 3.99674E-05
 -1       188-4.67020E-05-3.27838E-05 3.14867E-05-2.64881E-05 1.15742E-05-1.27772E-05
 -1       189 3.54431E-05-2.89066E-05 1.13155E-06-9.63035E-06 5.57383E-07-6.44778E-05
 -1       190 3.29300E-05-4.56103E-05 1.96269E-05-1.55053E-05-1.88080E-06-2.95707E-06
 -1       191 1.99515E-05 2.07528E-06-4.84878E-05 5.97138E-05 6.54135E-05-7.70534E-06
 -1       192-3.15644E-05-5.97155E-05-3.56440E-05-1.54698E-05-2.40047E-05-1.04741E-04
 -1       193-5.96185E-06 2.84930E-05 4.34177E-06 3.27327E-05 4.48507E-05 6.17206E-05
 -1       194-2.27615E-05-4.01602E-05 1.88052E-06-1.46934E-05-1.54408E-05-6.24540E-06
 -1       195 1.99334E-05 7.45975E-05 3.12427E-05 1.08280E-04 9.28911E-05 4.20999E-05
 -1       196-2.95372E-05 9.32403E-06-4.75342E-05 7.73914E-06 4.47563E-06-1.20222E-05
 -1       197-1.31218E-05-8.74433E-05 1.00005E-04 5.15563E-05-2.17673E-05 3.33150E-05
 -1       198 1.01822E-04 1.12414E-05 2.55064E-05 4.93427E-05-5.47328E-05-1.70727E-05
 -1       199-1.03072E-04 7.31680E-06 1.64531E-05-3.93438E-05-5.53234E-06 7.10667E-05
 -1       200-9.38183E-05 1.58874E-05 3.21548E-05-6.20327E-05-2.77572E-05 6.41492E-05
 -1       201-2.27080E-05 1.61998E-05-1.24106E-05 1.99645E-05 7.43742E-06 8.78628E-06
 -1       202 1.40331E-04-1.63652E-05-5.18711E-05 2.19896E-06-5.17537E-05 9.33574E-05
 -1       203-1.16151E-05 6.14705E-05-8.77274E-05 2.32019E-05-5.62276E-05-2.52270E-05
 -1       204 1.38039E-04-2.88658E-05-3.52565E-05 3.39297E-06-4.40144E-05 9.81068E-05
 -1       205-1.03637E-04 4.60184E-05 2.46688E-05-4.48047E-05-2.92278E-05-1.21539E-04
 -1       206-1.15337E-04 1.12263E-04 9.03609E-05 2.22316E-05-2.26979E-05 3.36182E-05
 -1       207-5.26000E-05 3.31171E-08 5.87026E-05 6.27110E-05 9.27145E-05 4.24618E-05
 -1       208-1.51973E-05 1.50064E-06 5.89250E-05-6.72499E-06-2.32702E-05-3.95075E-05
 -1       209-4.94830E-06-1.93651E-05 1.25776E-05 1.28256E-04 6.64361E-05-5.16763E-05
 -1       210 5.32773E-05-1.22308E-05-1.26550E-05 3.71612E-05-6.64088E-06-5.47031E-06
 -1       211 3.17778E-05 5.79607E-06 8.88128E-05 7.60054E-05 3.70155E-05 4.36564E-05
 -1       212 2.70739E-04-8.21885E-05-6.42747E-05 2.87771E-05-8.30875E-05-1.00840E-04
 -1       213-1.75824E-04 1.47425E-04 1.88851E-05 5.94411E-05 1.46040E-04 8.13852E-05
 -1       214 6.19227E-05-1.52662E-04 6.70726E-05-1.20033E-04 1.27399E-05 2.14216E-04
 -1       215 2.05737E-04-6.55526E-05-1.68318E-05-4.56667E-05 7.39915E-06 6.01189E-05
 -1       216-1.62302E-04 4.26367E-05 9.89324E-05-5.09279E-06 6.63669E-05-6.96635E-05
 -1       217-4.74572E-05-3.56802E-05 3.71599E-05-4.81547E-05 4.38432E-05 4.59267E-06
 -1       218-1.33817E-04-1.77215E-05-7.31432E-06-5.42933E-05 8.06679E-05-3.00269E-05
 -1       219-1.00667E-04-7.47194E-06 6.13692E-05 2.56539E-05-1.58690E-04-1.00161E-04
 -1       220-5.87651E-05 8.72246E-05 4.78863E-05 7.30996E-05 4.75977E-05-2.83915E-05
 -1       221-1.07948E-04 1.61797E-04 6.37195E-05 1.76777E-05 6.22402E-05 1.16734E-05
 -1       222 8.34109E-05 6.92261E-05-1.64712E-04 8.02261E-06-5.08917E-05-7.25740E-05
 -1       223-3.83753E-05 2.11119E-05-2.13244E-05 2.50293E-06-4.55018E-05-4.65720E-06
 -1       224-1.89931E-04 6.23009E-05 5.30441E-05-2.40604E-05-3.98759E-05 3.19424E-05
 -1       225-3.97489E-05 3.71969E-05-6.76386E-06 3.43683E-05-6.97036E-06 2.62169E-05
 -1       226 9.33000E-05 3.55061E-05-9.60947E-05 3.61721E-05 6.16068E-05 3.38732E-06
 -1       227 1.39676E-04 1.20207E-05-1.98146E-04 4.27896E-06-6.51269E-05-9.49005E-05
 -1       228-1.57146E-05 6.98711E-05 1.90181E-05 5.74407E-05-1.69793E-05 4.53649E-05
 -1       229-4.97297E-05 7.58403E-05-2.82966E-05 1.74284E-05-3.30420E-05 8.61705E-05
 -1       230 6.39609E-05 6.25197E-05-9.43188E-07 6.22249E-05-2.33822E-05 1.19320E-04
 -1       231 1.00193E-04-2.94779E-05-2.98233E-05 1.56002E-05 9.30826E-06-2.02961E-06
 -1       232-5.47820E-05-4.45140E-05 4.39063E-05-6.14887E-05-1.39289E-05-4.98345E-06
 -1       233 1.60142E-04-3.94867E-05 1.80940E-05 1.99087E-06-4.77548E-05 5.36271E-05
 -1       234-1.51458E-05 2.80551E-05-3.26148E-06 3.18210E-05-6.55127E-06-3.92157E-05
 -1       235 4.83831E-05-9.02887E-06-2.73925E-05 1.79899E-05 2.87644E-05-2.87773E-05
 -1       236 1.05766E-04-1.67150E-05-6.48719E-05 1.46457E-06-2.61804E-05 4.97584E-05
 -1       237-5.31134E-05-1.79418E-05 1.16488E-05-9.78242E-06 6.34043E-06 1.02734E-05
 -1       238 2.68598E-05 1.46617E-05 1.73272E-06 1.56170E-05 6.67242E-06-5.40076E-06
 -1       239-3.91584E-05 2.47484E-05-3.32624E-07 1.90617E-05 1.80284E-05 1.05570E-04
 -1       240-4.97986E-05-9.77447E-05 6.98054E-05-6.66343E-05 1.45549E-05 8.78691E-05
 -1       241 8.83491E-05 8.36471E-06-5.37050E-05 6.14738E-05 2.97870E-05 4.52460E-05
 -1       242-9.65128E-05 8.26587E-05-3.57575E-05 1.43238E-05 1.34715E-05 7.60303E-05
 -1       243-6.12965E-05-4.46550E-06 7.67273E-05-3.88982E-05-1.40235E-05 3.14423E-05
 -1       244 2.87297E-05 1.88672E-06 3.75564E-05-4.75064E-06-8.19770E-06-2.65898E-05
 -1       245 8.30752E-05-3.62838E-05 3.98460E-05 1.60389E-06-6.58863E-05 1.94882E-05
 -1       246 6.52421E-05-1.09346E-04 7.82417E-05 9.99482E-06-3.88316E-05 5.50234E-05
 -1       247-6.76268E-05 3.29966E-05 6.80157E-05 7.25021E-05 6.63263E-06-7.46742E-05
 -1       248-7.43393E-05-1.04685E-04-7.73542E-06-1.53768E-04-4.21448E-05-9.65081E-05
 -1       249-1.69548E-04 1.22314E-04 1.06131E-04 7.29037E-05 1.52859E-05 1.14512E-04
 -1       250-2.54742E-04 1.43033E-04 3.31367E-05-4.93511E-05-6.39103E-05 7.74714E-05
 -1       251 1.37496E-04 3.18410E-05-1.03371E-04 4.50127E-05-4.44757E-05-5.89150E-05
 -1       252 7.46370E-05-3.37211E-05-8.24364E-05 3.27917E-06-1.60115E-05 3.27399E-06
 -1       253 1.09369E-04-1.35553E-04-6.92669E-06-6.72119E-06 6.77924E-05-4.74471E-06
 -1       254-1.47131E-04 1.85243E-05 1.11999E-04 3.78849E-05 2.43665E-05-4.61305E-06
 -1       255 1.08415E-04-5.06249E-05 5.10935E-05-3.94688E-05-3.66084E-06 9.48230E-05
 -1       256 8.90865E-05 3.30893E-06-4.56827E-05-6.37135E-06-3.44490E-06 1.65216E-05
 -1       257 6.43918E-05 2.47935E-05-2.82074E-05-8.77186E-05-1.11177E-05 1.13896E-04
 -1       258 2.00192E-04-1.04725E-04-6.50195E-05-3.15010E-05 7.49992E-06 1.57506E-04
 -1       259-6.61757E-05 5.57955E-05-4.64361E-05-6.52759E-05 5.33140E-05 8.02666E-05
 -1       260 6.34731E-05 7.93870E-05-2.80969E-05 9.36618E-05-3.79566E-05-4.25548E-06
 -1       261-1.30871E-04-4.44386E-05 4.97101E-05-5.50411E-05-8.70478E-05-3.21687E-05
 -1       262-1.13950E-04 7.29913E-05 5.81163E-05 1.49069E-05-3.16147E-05 3.47463E-05
 -1       263 5.64448E-05-3.25408E-05 2.75261E-05 6.03341E-06-4.96905E-05-1.71522E-05
 -1       264-2.09083E-04-7.55431E-06 1.14469E-04-1.21314E-04 7.26981E-06 2.26542E-05
 -1       265 2.43551E-04-6.70651E-05-2.76075E-06 8.08583E-05-6.86600E-05-3.40731E-05
 -1       266 2.32547E-04-4.05726E-05-3.15412E-05 4.43014E-05-6.63563E-05 5.05356E-05
 -1       267-6.25743E-05 1.00987E-04-2.66231E-05 6.88452E-05 7.00711E-05 5.00972E-05
 -1       268-4.60827E-05-1.09472E-04 1.08685E-04-7.25517E-05-5.09043E-05 1.41008E-05
 -1       269-4.27007E-05 1.84651E-06-1.30231E-05-1.14353E-05-2.41306E-05 4.68072E-05
 -1       270 1.56036E-05-3.50558E-05-3.99287E-05-5.75860E-05 2.45709E-05-2.81978E-05
 -1       271-9.15875E-05 9.42308E-05-2.12352E-05-7.14718E-05-6.35471E-06 1.79475E-05
 -1       272 1.35298E-04-6.81987E-05-9.10202E-05 1.00033E-05-1.21810E-05-6.93969E-06
 -1       273-7.95251E-05 3.58353E-05-2.15062E-05 1.87819E-06-7.33638E-06 3.14281E-05
 -1       274-1.47259E-04 1.08173E-05 7.71811E-05-1.03871E-04-5.16783E-05 7.81477E-05
 -1       275 3.31879E-05 1.03400E-05-9.08414E-05-4.91212E-05-1.48597E-05 6.12622E-05
 -1       276-7.01402E-05 2.32967E-05-1.58008E-05 1.69038E-05 1.50331E-05 1.23671E-04
 -1       277 2.91974E-05 1.09558E-04-1.49834E-04 4.92239E-05 2.54330E-05 1.49833E-04
 -1       278-2.43274E-05 5.13386E-05-2.18983E-04-2.15027E-05 1.74190E-05 6.16096E-07
 -1       279-6.54345E-05 5.95374E-05 4.47592E-05-2.32777E-05 2.65933E-05 3.23651E-05
 -1       280-6.62691E-05-7.26415E-06-4.66929E-06 2.17246E-05 2.52888E-05-2.88853E-05
 -1       281 7.85016E-06 1.82084E-05-4.78943E-05-3.97695E-05 1.84361E-05 2.36514E-05
 -1       282 5.27901E-05-3.53451E-05-1.23010E-05-4.84067E-06 1.93496E-05 3.05288E-05
 -1       283 2.17033E-05 3.98756E-05-5.63885E-06 1.43595E-04 4.71818E-07 5.16765E-05
 -1       284 4.88322E-05-1.47665E-06-3.63084E-05 4.44785E-05 3.43449E-05 2.57537E-05
 -1       285-1.92856E-04 3.01282E-05-3.40912E-05-5.64649E-05 2.82775E-05 2.80492E-05
 -1       286-7.61918E-05 5.13371E-05 2.83851E-05 8.83066E-05-8.54119E-05-2.70908E-05
 -1       287-1.40302E-04 5.96093E-05-2.53689E-05-1.67946E-05 2.20787E-05 4.42037E-05
 -1       288 1.28878E-04 1.29868E-04-1.85053E-04 1.65555E-04 5.64920E-06 2.15370E-05
 -1       289-3.53411E-05 1.93554E-05-8.06743E-05 4.12270E-05 8.80878E-07 3.47192E-05
 -1       290 5.73490E-05 9.14727E-05-1.57207E-04 1.09809E-04 2.99659E-05 1.30585E-04
 -1       291 2.60375E-05 8.60918E-05-7.83888E-05 6.21368E-05-7.96942E-06 7.44605E-05
 -1       292-4.50726E-05 3.79495E-05-9.45453E-05-3.97175E-05-2.14807E-05 2.06034E-05
 -1       293-8.37080E-05-6.22568E-06-1.60652E-04-1.02499E-04 1.99684E-05 1.10835E-04
 -1       294 8.50803E-05-5.63336E-05-1.60220E-04-6.03354E-05-1.56194E-06 7.07232E-05
 -1       295 3.86077E-05-4.20970E-05 1.86985E-05 9.31319E-06-3.46617E-06 3.61084E-05
 -1       296 5.82889E-05 1.50857E-05-1.47479E-04-1.50578E-05 9.95640E-07-8.76333E-06
 -1       297 4.22515E-05-1.86230E-05 1.38424E-06 7.03036E-05 1.27312E-06 6.97165E-05
 -1       298 1.41063E-05 4.78016E-05 1.00148E-04 8.11777E-05-8.95115E-05-7.29246E-05
 -1       299 6.88131E-05 5.75499E-06 1.01299E-05-2.75727E-07-8.50578E-06 4.14579E-05
 -1       300 3.92403E-05 6.30471E-06 3.24954E-05 5.35212E-05-2.30182E-05-8.37509E-06
 -1       301-6.53856E-05 9.52662E-06 5.59615E-05-8.65365E-05-6.62260E-06-8.23814E-06
 -1       302 9.25484E-06-3.74430E-05 1.27033E-04-8.87919E-06-2.15260E-05 9.56466E-05
 -1       303 5.52822E-06 4.31697E-05-1.94051E-05-3.05648E-05 2.03323E-05 2.79047E-05
 -1       304-6.95208E-05 4.02192E-05-1.14575E-05 7.01907E-05 2.09606E-05 7.90510E-05
 -1       305-1.86891E-04-8.59830E-06 2.72969E-05-8.56418E-05-6.71359E-05 8.39536E-05
 -1       306-6.53107E-05 7.12095E-06 4.53517E-05 2.33472E-05-9.62771E-06-4.27337E-07
 -1       307-5.89855E-05 5.62853E-05 4.45402E-05 2.25417E-05-1.24471E-05-3.13498E-05
 -1       308-1.68825E-04 5.50349E-05-2.24192E-05 1.14275E-07-1.01540E-05 7.11226E-05
 -1       309 3.38001E-05 5.31750E-05-3.87109E-05 5.15272E-05-3.51759E-05-1.40986E-04
 -1       310-5.37109E-05 4.45148E-05 1.16816E-05-1.58495E-05-1.34836E-05-3.00864E-05
 -1       311-8.72594E-05 4.41743E-05 2.47016E-05-2.42517E-05 7.23643E-05 1.18095E-04
 -1       312 2.67818E-05-5.23532E-06-4.60689E-05-2.73873E-05 2.93858E-05 4.39633E-05
 -1       313 5.05005E-05 3.27058E-07-7.37190E-05 2.66748E-05 2.34343E-05-5.22078E-05
 -1       314 8.54637E-05-7.00041E-05-2.95261E-05-1.44333E-05-2.98514E-05-1.77903E-05
 -1       315 5.44016E-05 3.30603E-05-7.68691E-05-8.42326E-06 3.60453E-05-9.34621E-05
 -1       316 4.96038E-05-1.13809E-05-5.09524E-05-4.32349E-05-3.68782E-05-9.08362E-05
 -1       317 7.31359E-05-3.05576E-05-8.71479E-05-9.46424E-06-3.35392E-05-6.29591E-05
 -1       318 5.98954E-05-4.96099E-05-2.98282E-05-2.27545E-05 1.31601E-05-1.67754E-05
 -1       319-1.42427E-04 6.12988E-05-6.47007E-05-8.35417E-05-1.17584E-05 1.95878E-04
 -1       320 3.40745E-05 1.02501E-04-1.71017E-04 6.49275E-05-2.98392E-05 1.59919E-04
 -1       321 8.79815E-05 4.15348E-05-1.42092E-04 5.25222E-05-1.17348E-06 4.86405E-05
 -1       322-5.76671E-05 8.55905E-05-2.20155E-04-2.70692E-05-3.95425E-05 8.85694E-05
 -1       323 5.80216E-06 5.27932E-05-9.13081E-05-2.95073E-05-3.38701E-07 3.89750E-05
 -1       324-8.32076E-05 1.89049E-05-7.69394E-05-1.20245E-04 3.67459E-06 1.55780E-04
 -1       325 6.43635E-05-8.33377E-05 1.96097E-05-2.87325E-05-6.28381E-05 3.09417E-05
 -1       326 2.87544E-05-1.17456E-04 5.19540E-05-1.01764E-04-3.68982E-05 4.50726E-06
 -1       327-2.88969E-04 4.34489E-05 4.43531E-05-8.19674E-05-2.84154E-05 8.03621E-05
 -1       328-1.64765E-04 5.55065E-05 7.80951E-05-1.29484E-04 3.56578E-05 1.01502E-04
 -1       329-8.94831E-05 3.36901E-05-4.72558E-06 7.52266E-05 4.93056E-05 1.92729E-04
 -1       330-1.72497E-04-2.35757E-05-8.17805E-06-8.25496E-06 3.27976E-06 1.34215E-04
 -1       331 5.97952E-05 3.88803E-05-6.30459E-05 1.05313E-04 4.35161E-05 9.54195E-05
 -1       332-9.53015E-05 3.95066E-05-8.00099E-05 1.86811E-05-6.91646E-05 3.94606E-05
 -1       333-9.82996E-05 3.70760E-05-1.73018E-05-1.20576E-04-3.95915E-05-1.04915E-04
 -1       334-8.79157E-05 1.61465E-04-3.49344E-05-5.28151E-05-2.02880E-05 2.51036E-05
 -1       335 2.54515E-04-8.01316E-05-1.20913E-04 7.66048E-05-6.00480E-05-7.47669E-05
 -1       336 2.17701E-04-8.87513E-05-1.03065E-04 4.21637E-05-1.99101E-06-3.25102E-05
 -1       337-5.18240E-05-6.22715E-05-2.00936E-05-5.95585E-05 4.54246E-05-3.05522E-05
 -1       338 2.18002E-05 1.42584E-05-6.27556E-05 2.14351E-05 3.18266E-05 6.04050E-05
 -1       339 4.35907E-05 1.73771E-05 4.86496E-05 1.00209E-04 6.61093E-05 2.36224E-05
 -1       340-8.85527E-05-9.32414E-06 1.37260E-04 6.86575E-06 1.22839E-04 6.59571E-05
 -1       341-4.47736E-05-7.39794E-05-9.94089E-05-2.55662E-05-2.95302E-05 7.58299E-05
 -1       342-1.51004E-05 9.68825E-05-2.46872E-04-1.02903E-05 4.37997E-06 1.09795E-05
 -1       343-4.60982E-05-1.51582E-05-4.78399E-05 9.11456E-06 4.89565E-05 1.24154E-04
 -1       344-3.53564E-05 6.73519E-05-1.26925E-04 9.15695E-05-2.48180E-05 1.91432E-04
 -1       345 6.38066E-04 4.45339E-05-2.27892E-04 1.73635E-04-4.70702E-05 3.31319E-05
 -1       346 1.12656E-04-1.36825E-05-2.31448E-05 8.19053E-05-1.06366E-05 1.93156E-05
 -1       347 1.04181E-05-5.55739E-05-7.32649E-05-3.89583E-05-2.95080E-05 1.01045E-04
 -1       348-2.71229E-05 2.06249E-04-2.69195E-05 2.14765E-05-5.83837E-05 3.10815E-06
 -1       349-1.06447E-04 4.75992E-05 1.15108E-04-8.35388E-06-4.41981E-05 6.04289E-05
 -1       350-1.76544E-05 4.27092E-05 6.52927E-05 1.42101E-05 1.05949E-04 1.02441E-04
 -1       351-7.01886E-05 8.14762E-05 1.01082E-05 1.95226E-05 2.59856E-05 1.16764E-04
 -1       352 2.25805E-04-4.06365E-05-8.30354E-05-3.94312E-05-2.86510E-05 1.90323E-04
 -1       353 1.37289E-04-9.72805E-05 3.98088E-05-5.85491E-05-6.01498E-05 2.04708E-04
 -1       354-5.17441E-05-1.45702E-06 1.13285E-04 4.88647E-05 2.61481E-05 5.62332E-05
 -1       355-7.65892E-06-1.00428E-04-4.97358E-05-1.25050E-04-1.56983E-04-1.33437E-04
 -1       356-2.86259E-05 6.80626E-05 5.20687E-05-4.16250E-05 5.83751E-05 2.20828E-05
 -1       357 5.66154E-04-5.13129E-05-1.78685E-04 9.58556E-05 7.47082E-05 6.83627E-05
 -1       358 3.55242E-04-1.98935E-05-5.28836E-05 9.55032E-05 2.30518E-05 2.24044E-04
 -1       359 4.99725E-04-1.54933E-04-2.16309E-04-1.15553E-04 2.56841E-05 4.48057E-05
 -1       360 3.20862E-05-3.14027E-05-3.06527E-05 1.58548E-05-1.07185E-04-9.63224E-05
 -1       361 5.61203E-05 4.74671E-05 1.05855E-05 3.40448E-05-7.06513E-05-8.23404E-06
 -1       362-1.24378E-04-8.05450E-05 1.36377E-04-2.26508E-05 1.35253E-05 9.01584E-05
 -1       363-1.41050E-04 1.41165E-05 6.87401E-05-8.72978E-05 2.17488E-05 5.60531E-06
 -1       364 4.79213E-05 1.10163E-04-1.06194E-05 7.42382E-05 4.29444E-05-3.47952E-05
 -1       365-8.56615E-04 3.95938E-04 4.84777E-05-1.94417E-04-6.29247E-05-9.35096E-06
 -1       366-5.10273E-04 7.30313E-05 1.68947E-04-2.13837E-04 3.65587E-05 1.13598E-04
 -1       367-4.25265E-05 2.38356E-05-1.55990E-04-2.23000E-05 7.63736E-05 1.75039E-04
 -1       368 7.59611E-05-7.63006E-05-1.03384E-04-3.73662E-05 3.41836E-05 1.22647E-04
 -1       369-1.12632E-05 6.36273E-05-1.10086E-04-8.28096E-07 2.54806E-05 2.14521E-04
 -1       370 2.19894E-05-5.83016E-05-1.96234E-05 1.62595E-05 1.04066E-05 3.97580E-05
 -1       371-2.11747E-05-2.60123E-06-4.28433E-05-1.26990E-04 2.38662E-05 6.35949E-05
 -1       372-1.90173E-05 7.15251E-05-2.80935E-04-2.14913E-05 8.06280E-06 1.43489E-04
 -1       373 3.24377E-05 1.98766E-05-8.26878E-05-5.42692E-05-9.09930E-05-8.65225E-05
 -1       374-2.43987E-04 7.09882E-05-2.55085E-04-5.79254E-05-6.73888E-05 5.14065E-05
 -1       375 1.30738E-04 3.38263E-06-1.28798E-04 2.45831E-05-8.22963E-05 7.46168E-05
 -1       376-1.63831E-04-1.47774E-04 7.34940E-05-1.30371E-04-6.84814E-05-4.78774E-06
 -1       377 6.91131E-05 1.92875E-05-6.91763E-05 5.06322E-05 2.28777E-05 4.90695E-05
 -1       378 1.43574E-04-1.98157E-04 1.93931E-04-7.05090E-05-3.44985E-05 1.22049E-04
 -1       379 1.72256E-04-1.58195E-04 9.97804E-05-8.53096E-05-2.60967E-05 2.07140E-04
 -1       380-1.44802E-05-1.22023E-04 3.35134E-04-4.42526E-05-2.70335E-07 1.24934E-04
 -1       381 1.89705E-05-5.58432E-05 1.42852E-05-7.00788E-05-2.57943E-05 1.00759E-04
 -1       382 5.98592E-05-5.03420E-05-7.85577E-05-3.99996E-05 2.52370E-05 7.80378E-05
 -1       383 2.17689E-04-4.63468E-05-1.40015E-04-7.41814E-05-3.38873E-05 3.07884E-04
 -1       384-1.76171E-05 6.47338E-05-4.87220E-05 4.67349E-06-6.48301E-05-2.11810E-05
 -1       385-1.49724E-04 1.76958E-04 4.32821E-05-4.76972E-06 1.37194E-06 1.58638E-05
 -1       386 1.81448E-04 4.53169E-05 1.15586E-05 6.75095E-05 5.55031E-05 2.06068E-04
 -1       387-3.09474E-05 8.27366E-05-1.55897E-04 2.73415E-05 4.85907E-06 2.06815E-04
 -1       388-1.88692E-04 3.76382E-05-1.07464E-04-1.32350E-05-1.27189E-05 1.51695E-04
 -1       389 1.65934E-05 3.53054E-05-8.00167E-05 5.50456E-05-5.62108E-05 6.00546E-05
 -1       390 6.89803E-05-5.28008E-05-4.67488E-05 2.27049E-05-1.34087E-05 5.58823E-05
 -1       391-7.25777E-05-1.14187E-05 3.37176E-05 7.51351E-06-2.92622E-05 7.35579E-05
 -1       392-8.22631E-05 6.22640E-05-9.23645E-05 5.29122E-05 1.24740E-06 1.21442E-04
 -1       393 1.94980E-04-9.82763E-05 1.07247E-04 1.23373E-04 2.62025E-05 3.87790E-05
 -1       394-1.07787E-04 8.16013E-05 8.97560E-05 7.18347E-05 6.37980E-05 4.69318E-05
 -1       395-6.83739E-05-4.59010E-05 2.17000E-05-1.13461E-06 1.91481E-05 4.15439E-05
 -1       396-7.56367E-05-6.20404E-05 1.14304E-04-2.10847E-05 1.06162E-04 5.87032E-05
 -1       397 2.49623E-04-1.39645E-04 3.32356E-05 2.53305E-05 9.15329E-05 1.30996E-04
 -1       398-1.10980E-04 8.41442E-05 1.01185E-04 8.20652E-05 1.11795E-04 6.18577E-05
 -1       399-1.01308E-04-1.72919E-05 1.09920E-04 3.98001E-05 3.51487E-05 3.93961E-05
 -1       400 2.59720E-04 2.74249E-06-5.45164E-05 1.21757E-04 9.14111E-05 1.70617E-04
 -1       401 4.45816E-04 7.74725E-05-1.39554E-04 1.67714E-04-6.06252E-05-4.79472E-05
 -1       402-1.23381E-04 1.86284E-05-4.10108E-05 1.63538E-05-6.80530E-05 1.19201E-04
 -1       403 2.37938E-05-2.51890E-05-1.30545E-04 6.68026E-05 2.63439E-05 1.04627E-04
 -1       404 2.44396E-05-1.96247E-05-7.53861E-05 7.34815E-05 3.92971E-05 1.70394E-04
 -1       405-7.28903E-05 7.91317E-06 1.02872E-06-3.45919E-05-3.53899E-05 4.13742E-05
 -1       406 1.96672E-04 7.64676E-05-1.69932E-04 8.34376E-05 9.70406E-05 1.62516E-04
 -1       407 1.12955E-04 1.35628E-04-2.75205E-04 7.93012E-05 5.97543E-05 1.43162E-04
 -1       408 1.82843E-04 2.49674E-06 4.30508E-06 8.94356E-05-4.31268E-06 1.38158E-05
 -1       409-1.80197E-04 2.53399E-05-9.71017E-05-6.97373E-05 3.57424E-05 9.25686E-05
 -1       410 3.58318E-04 4.31660E-05-1.43165E-04 1.37789E-04-1.17903E-04 1.34281E-04
 -1       411-3.18148E-05-7.99408E-05 1.09137E-04-6.71986E-05 4.65207E-05 1.96456E-04
 -1       412 2.04391E-04 2.36029E-05-1.71556E-06 1.33871E-04 5.13387E-05 1.62874E-04
 -1       413 1.59662E-04-4.68226E-05 1.31545E-05-3.92097E-05 1.88642E-05 1.91057E-04
 -1       414-1.00986E-04 7.99163E-06 6.28019E-06-3.54687E-05 8.31381E-05 2.12556E-04
 -1       415-2.50427E-04 1.08316E-04-8.62737E-06-2.64548E-05 2.98371E-05 1.66869E-04
 -1       416-1.36899E-04 1.56528E-04-1.26652E-04 3.31483E-05-2.88105E-06 1.98931E-04
 -1       417-6.15329E-05 1.02703E-05-8.07235E-05 2.75645E-05-1.74262E-05 2.06143E-04
 -1       418 2.67765E-05 3.84319E-05-5.02806E-05 3.39468E-05 1.25848E-04 1.73062E-04
 -1       419-9.04648E-05-3.44104E-05-7.23585E-05-4.32304E-05 8.55457E-05 1.69729E-04
 -1       420-1.73135E-05 9.36503E-05 7.06243E-06 8.03726E-05 1.33662E-04 1.16641E-04
 -1       421 6.17762E-06-2.75169E-05-2.87506E-05-3.16664E-05 5.21203E-05-4.75474E-06
 -1       422 3.77623E-05-1.37487E-05 3.18132E-05 4.60780E-05 2.62505E-05-5.11899E-06
 -1       423 2.23709E-05 8.12850E-05 4.89946E-05 1.09662E-04-1.38609E-05 7.37117E-06
 -1       424 5.98557E-05-2.55533E-05-1.77175E-05 7.10263E-05 3.24564E-05 1.24020E-05
 -1       425 1.81769E-04 6.02740E-05-5.66350E-05 1.71588E-04-3.69365E-05 2.85722E-05
 -1       426 2.05339E-04 1.56934E-04-4.72821E-06 2.00631E-04 1.07804E-04 6.81110E-05
 -1       427 2.76627E-04 1.47632E-04-6.26336E-05 2.74062E-04 9.45212E-05 6.65738E-05
 -1       428 2.57192E-04-1.88689E-04-1.32629E-04-1.59518E-04-8.02664E-05 4.47481E-06
 -1       429-1.78647E-04-4.74733E-05-2.48907E-05-9.60707E-05 1.19632E-04 1.47480E-04
 -1       430 8.41161E-06 8.23795E-06-2.73191E-05 1.08322E-07 1.04783E-07-2.23194E-06
 -1       431 4.92280E-06 4.72162E-06-1.60680E-05 3.72007E-08-1.50388E-06 1.95659E-08
 -1       432 8.90785E-06 8.49725E-06-2.88371E-05 9.32295E-08-1.98300E-06-2.98584E-06
 -1       433 4.54183E-06 4.34665E-06-1.47250E-05-8.03937E-08 1.96041E-06 1.54012E-06
 -1       434 6.02764E-06 7.96420E-06-2.46825E-05-6.12973E-07-7.66564E-07 2.62771E-07
 -1       435 1.17661E-05 1.23997E-05-4.06355E-05-1.93331E-08-2.42839E-06 6.99134E-06
 -1       436 1.38467E-05 1.40239E-05-4.70922E-05-2.28455E-07 7.42990E-06 5.51304E-06
 -1       437 1.28794E-05 1.26430E-05-4.26807E-05 4.99539E-08 4.98541E-06-4.70164E-06
 -1       438 1.07259E-05 1.07561E-05-3.57942E-05-7.16576E-09-5.24741E-06-2.62186E-06
 -1       439 3.41949E-08 7.13901E-07-1.65085E-06 1.45453E-08-3.44868E-07 1.09504E-06
 -1       440 1.93965E-06 2.43552E-06-8.01167E-06-1.49940E-07-1.65972E-07-8.03357E-09
 -1       441-1.79810E-07 4.34735E-07-9.20996E-07 1.80691E-07 1.53266E-06 1.68461E-06
 -1       442 6.32856E-07 8.17287E-07-2.54743E-06-1.65564E-08-1.08569E-06-1.15640E-06
 -1       443-1.43028E-06-1.29583E-06 4.38212E-06 2.46389E-07-1.02203E-06 1.85771E-07
 -1       444-3.65156E-06 1.48455E-06 5.58070E-07-1.03671E-06 2.20792E-07 1.12391E-06
 -1       445-3.30013E-06 9.79521E-07 8.10693E-07-9.42978E-07-3.05126E-07-1.38761E-06
 -1       446-2.79871E-06 1.32688E-06-2.64345E-07-1.05367E-06 5.40808E-07 2.50193E-06
 -1       447-2.44388E-06 1.11948E-06-2.43525E-07-9.60338E-07-5.54141E-07-2.49763E-06
 -1       448-1.39224E-06 1.11263E-06-1.14642E-06-6.50305E-07 6.11971E-07 2.08952E-06
 -1       449 4.18822E-07 1.15651E-06-3.13053E-06-4.91489E-07 6.88364E-07 1.97604E-06
 -1       450 5.00361E-07 4.94402E-08-2.23144E-06 3.68068E-07-5.11703E-07 1.37507E-06
 -1       451 1.77376E-06 7.46923E-07-3.63843E-06-7.58030E-08-4.39987E-07-6.73682E-07
 -1       452 1.75336E-06 7.39517E-06-1.20470E-05 3.21340E-07 1.25460E-06-1.75547E-06
 -1       453 1.16270E-05 1.02783E-05-2.48366E-06 1.21447E-05 2.29195E-05 1.75231E-05
 -1       454 1.50505E-05 9.92848E-06-4.64359E-05 1.96034E-06-3.17071E-06-1.37765E-05
 -1       455 1.70766E-05-1.45421E-06-6.32469E-06 1.45137E-05 3.96374E-06 7.41278E-06
 -1       456 1.47981E-05-4.93783E-06-3.72579E-06 1.06299E-05 3.45209E-07 1.76105E-07
 -1       457 1.31561E-05 6.75437E-06-1.06184E-05 1.56339E-05 1.86454E-06 2.46471E-06
 -1       458 1.11954E-05-1.79555E-06-4.36979E-06 1.09432E-05 9.36495E-07-1.32595E-06
 -1       459 1.12591E-05 6.63749E-06-7.02909E-06 1.67068E-05-4.44134E-06-1.08587E-05
 -1       460 6.90507E-06 3.64103E-06-4.34358E-06 3.00211E-06-1.09148E-05-9.07635E-06
 -1       461 1.21505E-05 9.78295E-06-3.77364E-05 1.72893E-06 2.47254E-07 7.30007E-06
 -1       462 4.73409E-06 5.51153E-06-1.51533E-05 9.92757E-07-9.98764E-07 1.10109E-06
 -1       463 1.63294E-07 4.98034E-07-2.44910E-06 2.10173E-07 1.72621E-08-1.46847E-07
 -1       464 2.38427E-07 1.42999E-06-2.98867E-06-5.46030E-07-7.20558E-07-1.98648E-06
 -1       465 9.73177E-07 5.12824E-07-2.48999E-06 4.36749E-07-2.18152E-07 8.20247E-07
 -1       466-1.01812E-06 1.50545E-06-1.95185E-06-5.85131E-07-4.36262E-07-2.57413E-06
 -1       467-2.64055E-06 1.38738E-06-8.72618E-07-9.34234E-07 8.26200E-06 8.23374E-06
 -1       468-3.77121E-06-2.45685E-08 1.95471E-06-1.72102E-07 4.28184E-07 8.16914E-07
 -1       469 1.65975E-06-6.90526E-08-2.00197E-06-1.05573E-06-1.19371E-06 1.93476E-06
 -1       470 6.33926E-08 2.23336E-06-4.57243E-06-4.18221E-06 2.81535E-07 2.14466E-05
 -1       471 1.96260E-06 5.97517E-06-1.49516E-05-1.47511E-06 6.80991E-07 1.38407E-05
 -1       472 2.65720E-07 1.36119E-06-5.44386E-06-2.00450E-07 7.48152E-07 8.49822E-06
 -1       473-5.31520E-06-8.67555E-07 4.68595E-06-3.88351E-06 2.11992E-06 7.12051E-06
 -1       474-3.51596E-06 1.22577E-06 5.91251E-07-2.36864E-07 6.09044E-08 3.69011E-06
 -1       475-8.03811E-07 2.15265E-07 2.83422E-07 1.24229E-08-5.58281E-07-4.80939E-07
 -1       476 3.69998E-06 3.66873E-06-1.22716E-05-3.00837E-08 1.69241E-08 7.19839E-06
 -1       477 3.73236E-07 2.59330E-06-1.58389E-05-6.11528E-06 4.50799E-06 3.35536E-05
 -1       478-3.37015E-06 1.50110E-06-7.01563E-08-4.32998E-07 2.12278E-07 3.82628E-06
 -1       479-3.87087E-06 1.18124E-06 9.93828E-07-4.08907E-07-1.13927E-08 2.28888E-06
 -1       480-3.37933E-06 1.02733E-06 1.02065E-06-1.81702E-07 9.21791E-08 1.10275E-06
 -1       481-2.74079E-06 8.19261E-07 7.92871E-07-3.44444E-07-1.93668E-07 1.36246E-07
 -1       482-3.53646E-06 8.40990E-07 1.29436E-06-8.16501E-08 5.84828E-08 2.50920E-06
 -1       483-6.50163E-08 2.45765E-06-5.83581E-06 1.32090E-07 3.64148E-07 5.87836E-06
 -1       484-1.65793E-06 1.93157E-06-2.98298E-06-2.92433E-07 1.06636E-07 5.46177E-06
 -1       485-2.02176E-06 1.56220E-06-1.70145E-06-1.27411E-07 4.00796E-08 6.01477E-06
 -1       486 4.17184E-06 3.86511E-06-1.38013E-05-3.08536E-07 1.05405E-06 4.29520E-06
 -1       487 2.03314E-06 2.89067E-06-9.01724E-06-5.12849E-09 1.62100E-07 5.58077E-06
 -1       488 1.22162E-06 3.25262E-06-9.06850E-06-2.46493E-08 1.44318E-07 7.62680E-06
 -1       489 1.52222E-05 1.02582E-05-4.02347E-05-1.35738E-06-4.24489E-07 1.08110E-05
 -1       490 5.53544E-06 5.12077E-06-1.81983E-05-5.53717E-07 1.63922E-06 8.09979E-06
 -1       491 5.02995E-06 4.28893E-06-1.41391E-05-7.00338E-07 4.27998E-07 9.88574E-06
 -1       492 1.02322E-05 6.56985E-06-1.57035E-05 5.04171E-06 2.46340E-05 4.26713E-05
 -1       493 1.63463E-05 1.31159E-05-6.07201E-05-1.79956E-06 5.09673E-06 1.97725E-05
 -1       494-5.61500E-07 8.62284E-06-2.20376E-05-1.14837E-06 1.91574E-06 3.03261E-05
 -1       495 5.94518E-06-1.53598E-06-2.53587E-06-5.65760E-07 5.63235E-08 1.66150E-05
 -1       496 7.86750E-06 2.54813E-06-8.69220E-06 3.35392E-06 1.01481E-06 2.27825E-05
 -1       497 8.13280E-07 1.72532E-06-1.21534E-05-4.04481E-06 1.38074E-06 2.56494E-05
 -1       498-2.63575E-06-8.77465E-07 1.37394E-06 8.06919E-07 2.88965E-06 1.15890E-05
 -1       499 3.91421E-06-1.63047E-06-9.43648E-07 2.80388E-07 1.40223E-06 1.23204E-05
 -1       500-1.28642E-06 3.55761E-06-9.00663E-07-9.37761E-07 1.46778E-06 1.28677E-05
 -1       501-3.92378E-06-2.18250E-07 3.59532E-06-2.47202E-06 2.66950E-07 8.42899E-06
 -1       502-4.37947E-07-3.36979E-07 2.77387E-06 6.36634E-07-1.73685E-06 1.32329E-06
 -1       503-7.90671E-07-1.63148E-06 4.11883E-06-8.51033E-07-8.94048E-07 3.94804E-06
 -1       504-1.95742E-06 3.52016E-07 2.99660E-06-1.69923E-06 5.27375E-07 4.39270E-06
 -1       505 4.33567E-07-3.31804E-07-1.81327E-07-5.20847E-07-4.65510E-07 8.69948E-07
 -1       506-1.55466E-06 4.12041E-07 5.88762E-07-4.11616E-07-2.83980E-07-8.03999E-07
 -1       507-2.69235E-07-1.46794E-07 7.04613E-08 4.93116E-08-3.80019E-07-4.82215E-08
 -1       508 3.32081E-07 1.37947E-07-4.57081E-07-5.32148E-07-8.16469E-07-1.67112E-07
 -1       509-2.33391E-06 5.25456E-07 1.41888E-06-1.78267E-07-3.42434E-07 1.28373E-07
 -1       510-4.52078E-07 3.12146E-07 5.02476E-07-6.80230E-07 4.24879E-06 4.22538E-07
 -1       511-5.20084E-07-4.69261E-07-1.58247E-06-5.83212E-07 1.29552E-07 1.53249E-06
 -1       512-6.55161E-06-1.05391E-06 7.90887E-06-1.82594E-07 5.78721E-06 1.81422E-06
 -1       513-2.32270E-06-1.99468E-07-1.50163E-06-1.39461E-07 8.50619E-07 5.12929E-06
 -1       514-2.05372E-06 4.64100E-07 1.31615E-07-9.30086E-07 6.09478E-06 1.24880E-05
 -1       515-2.30705E-06 1.92065E-06-1.71470E-06-1.59118E-06 7.11503E-06 2.79873E-06
 -1       516-1.24655E-06 3.49388E-06-7.69052E-06-7.22112E-07 5.87433E-06 1.58152E-05
 -1       517-1.83016E-09 5.12392E-06-8.25806E-06-1.72640E-06 4.62927E-07 1.89646E-05
 -1       518 2.03184E-06 4.19252E-06-1.13119E-05-7.19542E-07 6.15894E-06 1.75049E-05
 -1       519 1.41172E-06 3.33963E-06-1.02869E-05-9.53283E-07 1.47256E-06 9.52430E-06
 -1       520-2.45012E-06 2.02333E-06-2.11072E-06-9.92456E-07-3.87633E-06-7.57942E-06
 -1       521-3.83414E-06 1.05086E-06 1.12404E-06-4.59094E-07-6.18152E-08-5.34038E-06
 -1       522 2.83276E-06 3.88503E-06-1.24833E-05-1.06498E-06-5.44382E-07-9.03561E-06
 -1       523 3.45207E-07 7.50722E-07-1.08146E-06-2.46243E-06-1.79681E-06-1.47975E-05
 -1       524-1.45476E-06-1.62890E-06 3.95859E-06-2.30186E-06 1.88770E-06-2.63512E-06
 -1       525-4.91614E-08-1.83042E-07 1.00611E-07-1.53900E-08-3.81169E-08 4.12478E-07
 -1       526-1.51840E-06 4.15254E-06-1.04605E-05-4.55287E-06 1.21313E-07-2.71304E-05
 -1       527-3.20438E-06 9.30386E-07 1.39458E-06-3.39464E-07 1.46533E-07-6.04196E-07
 -1       528-6.95264E-07 2.14275E-06-4.31905E-06-8.69340E-08-3.54533E-07-5.86953E-06
 -1       529 6.44322E-07-6.44269E-08-5.27137E-07 7.96134E-08 2.43423E-07-9.28894E-07
 -1       530-4.46919E-06-7.33050E-07 6.69790E-06 5.28579E-07-2.88140E-06-8.38488E-06
 -1       531-3.74200E-06 1.16708E-06 1.23782E-06-4.29960E-07-1.34941E-08-8.86030E-07
 -1       532-2.36501E-06 8.62509E-07 8.49527E-07-4.33457E-07 3.58618E-07 1.77761E-07
 -1       533-2.85933E-06 1.59980E-06-7.17107E-07-5.24899E-07-1.49730E-07-4.22664E-06
 -1       534-3.64879E-06 1.23379E-06 8.43393E-07-3.60184E-07 1.03452E-07-2.66840E-06
 -1       535-3.78424E-06 1.11333E-06 1.40131E-06-3.89089E-07 1.64101E-07-2.40632E-06
 -1       536-1.14337E-06 4.40292E-07 1.03393E-07-2.75887E-09 1.30779E-07 7.11717E-07
 -1       537 1.87293E-07 1.66907E-07-4.79430E-07-6.18973E-08 1.94359E-07 6.94407E-08
 -1       538-2.09077E-06 5.07087E-07 7.72544E-07 8.55901E-08-3.33516E-08 3.69132E-07
 -1       539 7.21702E-07 3.60720E-07-4.94819E-07-1.92787E-07 4.29808E-07-6.94317E-07
 -1       540-8.24967E-08-1.30754E-06 7.83175E-07 4.46861E-07-1.69586E-06-1.34366E-06
 -1       541 2.16121E-07 1.70461E-08-9.15094E-08 2.34887E-07 3.60391E-07-5.92732E-07
 -1       542-1.32582E-07-3.94989E-06 5.07369E-06-4.70223E-07-6.71154E-07-2.43408E-06
 -1       543-1.36658E-06-2.17335E-06-5.41492E-07-1.24546E-06 3.30961E-07-8.40659E-06
 -1       544 5.57143E-07-1.25550E-06 3.87369E-07-5.00067E-07 1.02974E-06-1.07000E-06
 -1       545-6.58689E-06-1.40982E-06 7.01642E-06-2.53539E-06 1.35523E-06-1.23984E-05
 -1       546-2.15112E-06 9.40446E-08 1.64601E-06 4.17444E-06-2.66139E-06-1.08203E-05
 -1       547-3.07286E-06 1.11883E-07 4.79474E-06-6.76595E-07-1.93258E-06-3.54430E-06
 -1       548 2.46895E-06-7.27443E-07-1.05463E-06 1.45087E-06-1.37655E-06-1.35950E-05
 -1       549 7.19319E-06-2.60483E-06-3.36304E-06 2.59457E-06-8.04261E-07-1.46016E-05
 -1       550-1.99749E-06-8.77893E-07 5.61258E-06-1.21080E-07-2.65374E-06-1.20089E-05
 -1       551 5.08585E-06 1.45206E-06-6.52081E-06 5.05840E-07-1.78868E-07-1.78410E-05
 -1       552 8.87497E-06 1.61260E-06-1.05204E-05 1.83701E-06-1.15545E-05-3.37978E-05
 -1       553 1.07226E-07 3.17535E-06-4.67772E-06-1.86091E-06-3.16855E-07-1.88435E-05
 -1       554 1.35698E-05 1.21767E-05-5.23809E-05 2.70210E-07-4.46536E-06-1.71884E-05
 -1       555 9.03310E-06 1.07404E-05-2.80950E-05 3.10069E-07-4.59313E-06-7.71294E-06
 -1       556 3.76073E-06 4.23352E-06-1.33044E-05-5.47532E-07-1.84563E-06-6.43327E-06
 -1       557 4.37986E-07 3.65390E-06-1.38216E-05-3.15181E-06 1.12942E-06-1.80178E-05
 -1       558 1.86195E-06 2.97819E-06-8.77810E-06-7.68500E-07-1.50322E-07-5.99932E-06
 -1       559-1.33783E-07 2.27145E-06-5.11553E-06-1.82035E-07-3.96434E-07-5.12092E-06
 -1       560-1.96040E-06 1.96086E-06-2.35903E-06-3.68228E-07-1.98123E-07-4.69286E-06
 -1       561 7.85523E-07 2.54428E-06-6.85765E-06-2.13290E-07-5.04177E-08-6.91404E-06
 -1       562-1.83230E-06 1.80538E-06-2.55025E-06-2.42055E-07-3.93450E-07-5.76349E-06
 -1       563-5.42625E-06 1.02973E-06 4.71224E-06-5.17061E-07 8.73315E-08-7.35787E-06
 -1       564-1.92531E-07 2.38640E-06-4.70415E-06-2.24993E-07-1.26595E-07-7.32955E-06
 -1       565-2.36620E-07 4.02777E-06-7.81344E-06 1.48146E-07 5.54703E-09-1.21707E-05
 -1       566-1.31309E-06-2.04135E-08 2.49965E-06-1.27342E-06 6.31910E-08-1.11938E-07
 -1       567-3.04421E-06 3.89121E-07 1.09724E-06 1.18851E-07-5.68994E-07-1.37701E-06
 -1       568-1.05616E-06 3.59276E-06-9.37635E-06-3.20696E-06 6.60989E-07-1.70390E-05
 -1       569 2.07225E-06 2.50833E-06-8.35503E-06-5.03232E-07-2.26612E-07-1.02025E-05
 -1       570-2.69879E-06-3.30186E-07 5.59048E-06-2.15664E-06-3.95849E-07-8.35142E-06
 -1       571-2.46953E-06 2.35446E-07-8.24329E-07-1.56833E-07 6.59006E-07-1.77482E-06
 -1       572 3.42784E-08-4.49948E-07 8.04358E-08-8.83376E-07 1.03487E-06-1.17095E-06
 -1       573-6.92862E-06 1.76693E-07-1.26023E-05-3.23623E-07 2.43922E-05 7.01159E-05
 -1       574 8.86836E-05 2.02345E-05-7.86997E-05 1.13474E-05-8.67747E-05-5.21265E-05
 -1       575-5.08044E-05 4.02121E-05 6.59558E-05 8.81987E-05 6.27596E-05 5.68386E-05
 -1       576-4.73457E-05-2.34842E-05-1.45055E-05-2.69879E-05-2.51482E-05 8.35824E-05
 -1       577-2.56546E-05 3.07855E-05-6.67416E-05 8.87374E-06-2.93537E-05 1.95913E-05
 -1       578 2.91795E-05 1.52533E-05-4.82993E-05 8.24982E-05-1.16397E-05-2.81875E-05
 -1       579-3.73256E-05-3.43541E-05 8.80781E-05-1.57186E-05-2.36384E-05-7.58286E-06
 -1       580-3.52097E-05 4.31414E-05 1.72009E-06-3.19353E-05-4.91149E-05 4.97394E-05
 -1       581 2.67939E-05-6.09278E-06-4.66148E-05-3.09397E-05-4.03705E-05 4.70465E-05
 -1       582 7.64096E-05-1.44955E-04 7.90463E-05-9.68505E-05-2.83186E-05 1.27331E-04
 -1       583 4.86859E-05-1.00917E-04-2.21118E-05-7.34283E-05-9.13216E-05 7.64205E-05
 -1       584-5.86673E-05-3.36137E-05 5.54690E-05-2.94673E-05-8.84135E-06 4.11292E-05
 -1       585 3.39470E-05-1.54416E-05 9.21483E-06-1.20864E-05 1.96627E-06 4.69578E-05
 -1       586 1.62697E-04-4.88918E-05-1.06465E-04-6.63010E-05-6.86243E-05 8.76801E-05
 -1       587-3.96123E-05 3.73805E-06 5.35484E-05-5.05822E-05-1.75508E-05 1.47090E-04
 -1       588-3.80629E-05-9.20293E-06 3.27692E-05-1.13403E-04-5.98790E-05 1.00025E-04
 -1       589 6.74375E-06-1.65544E-05 2.37437E-06-5.51622E-05-1.42337E-05 1.31199E-04
 -1       590 8.88418E-05 6.93942E-06-7.99804E-05 8.30886E-05-3.94245E-05 9.18685E-05
 -1       591-6.97619E-05 2.62046E-05-1.67060E-05-2.16094E-05 6.90367E-06 4.47864E-05
 -1       592-5.38414E-05 3.28762E-05-6.98586E-05 4.08172E-05-4.96236E-06 8.98140E-05
 -1       593-5.52679E-05-2.07730E-05-7.20177E-06-5.63714E-05-9.39932E-06 2.15787E-06
 -1       594-9.48003E-05 7.02431E-05-6.62228E-05 1.10417E-05-7.20612E-06 1.07796E-04
 -1       595 1.89727E-05 6.80566E-05-9.37225E-05 8.75659E-05 2.81577E-05 5.11758E-05
 -1       596-1.19024E-05 3.16553E-05-4.02217E-05 1.63291E-05-6.97220E-05-1.07243E-04
 -1       597-1.16064E-05 7.51977E-06-1.02565E-04-4.97564E-05-2.22685E-05 6.44337E-05
 -1       598 4.41043E-05 2.83626E-05-1.10909E-04-2.82577E-06-3.57156E-05 5.22419E-05
 -1       599-6.33677E-05 1.95653E-05 4.28481E-05-1.76361E-05 2.63966E-05 8.82115E-05
 -1       600-1.54068E-04-3.92784E-05 1.68272E-04-6.95246E-05 5.50969E-05 5.04098E-05
 -1       601 5.33473E-05 1.87733E-05 6.52215E-05 6.54507E-05-8.54028E-06 1.42284E-05
 -1       602 3.37930E-05-4.00410E-05-6.77785E-05 1.60879E-05 4.55030E-05 6.27322E-06
 -1       603-3.05627E-06-2.42659E-05-2.39021E-05-2.46838E-05-7.44188E-06 5.47494E-05
 -1       604-1.15998E-05-6.73053E-05-2.65522E-05-2.01128E-05 2.52773E-05-1.83738E-05
 -1       605 5.95316E-05 2.38796E-05-7.94389E-06 7.58902E-05-1.47014E-05-1.59574E-05
 -1       606 4.78196E-05-3.44011E-05 2.26635E-05 4.72116E-05 8.41962E-06 5.99375E-05
 -1       607-3.17532E-05-7.99755E-05 2.81408E-05-3.85413E-06 3.84449E-06 3.73922E-06
 -1       608 7.93189E-06 1.64776E-05-2.28127E-05 2.43398E-05 1.97884E-05 4.64643E-05
 -1       609-6.83717E-05 1.10315E-05 2.05895E-05-2.35904E-05-5.44162E-05-6.84184E-05
 -1       610-4.64234E-05-3.25344E-05 6.27186E-05-3.48020E-05-2.21869E-05 7.64405E-05
 -1       611 3.13738E-05-4.97667E-05 2.86119E-05 4.57720E-05 1.53588E-05 2.46859E-05
 -1       612 1.09794E-04-3.36862E-05-1.48484E-05 1.30104E-05-1.00752E-05-8.05763E-06
 -1       613-1.59396E-04 2.73748E-05-5.19850E-05-5.23580E-05-6.54317E-05-7.58738E-05
 -1       614-2.97228E-05 8.15491E-05-2.48855E-04 3.37152E-05 5.50921E-05-1.24087E-05
 -1       615-1.50303E-05 3.66916E-05-6.19168E-05 2.95610E-06-3.39648E-05 6.44172E-05
 -1       616 1.24509E-05 5.00600E-05-3.79878E-05 1.77907E-05-1.24858E-05 1.31303E-04
 -1       617-7.01433E-05 4.87036E-05 1.11510E-05 1.60938E-05 4.75234E-05 1.83505E-04
 -1       618 3.47418E-05-8.13853E-06 1.73787E-05-1.20816E-05-2.75344E-05 1.05911E-04
 -1       619 1.82092E-04-4.17702E-05 2.04492E-05 7.09337E-05 6.51075E-05 6.80664E-05
 -1       620 1.34578E-04-1.05790E-05-3.95032E-05 4.96800E-05-8.63060E-06 3.21912E-05
 -1       621-6.40223E-05-1.78881E-05 4.66028E-05-5.43275E-05 4.06888E-05 3.28511E-05
 -1       622-3.63051E-05 7.07778E-05-1.12670E-04-4.30769E-05-5.72518E-05-2.83781E-06
 -1       623 6.40666E-05 7.08393E-05-1.07331E-04 3.23494E-05 3.17674E-07 2.83314E-05
 -1       624 3.05635E-05 3.21898E-05-1.26943E-05 4.89203E-06 6.03132E-06 1.10430E-04
 -1       625-3.37662E-05 7.75848E-05 1.06897E-05 1.41820E-04 5.89319E-05 2.33508E-05
 -1       626-2.95599E-04 1.68747E-04 2.28797E-05-7.67239E-06-3.10425E-05 2.54675E-05
 -1       627-8.52548E-05 1.68768E-05 1.07919E-04 9.81770E-06 1.39255E-04 1.03170E-04
 -1       628 2.17967E-04-4.28978E-05-4.84971E-05 1.84968E-05-7.13272E-05 3.84631E-05
 -1       629 1.26823E-04-1.04494E-04-2.44396E-05-3.60711E-05-2.80195E-05 3.55290E-05
 -1       630 2.63581E-05-6.84182E-05 5.16308E-05 5.36513E-06-1.47469E-05-9.73172E-06
 -1       631 4.67569E-06 1.49391E-05-3.06794E-05 1.12696E-06 1.78579E-05 8.87379E-05
 -1       632-6.66502E-05 2.19835E-05-2.39308E-05-3.59604E-05-1.09350E-06 3.25519E-05
 -1       633-1.15418E-04 9.38504E-06 2.79934E-06-4.20538E-05-3.30938E-05-2.36438E-05
 -1       634-3.07396E-05-1.81538E-05 2.81156E-05 1.29794E-05 1.19297E-06 4.69594E-05
 -1       635 1.65877E-05-3.40843E-05 8.13318E-05 1.05284E-04 1.88641E-06 1.17235E-06
 -1       636 1.10542E-06-2.40929E-05 4.04585E-05 1.79231E-05-1.38540E-05 5.13605E-05
 -1       637-1.24471E-05-3.60774E-05 1.30018E-05 4.18659E-05 9.60419E-06-1.11738E-05
 -1       638 1.01767E-04 2.76661E-05-5.41281E-05 5.21393E-05-6.20732E-05 5.40259E-05
 -1       639 4.32269E-05-3.74941E-05 4.98777E-05-4.21663E-05 1.55255E-05 1.18461E-04
 -1       640-9.13485E-05-5.06282E-05-1.26232E-05-2.52143E-05 1.09446E-05 3.96088E-06
 -1       641 1.82068E-05-4.65158E-05-5.23177E-05 2.04988E-05-3.59856E-05-1.66503E-06
 -1       642-5.10129E-05 6.71605E-05 8.13172E-06-2.56451E-05-3.15296E-05-4.78421E-05
 -1       643 7.08461E-05 2.13645E-05-2.58379E-05 4.27913E-05 4.32864E-05 8.45213E-05
 -1       644-6.96097E-06 3.17409E-05-7.97483E-06 1.74479E-05-2.95889E-05 1.73133E-05
 -1       645-6.20374E-05 3.90428E-05-5.86803E-05-6.86838E-06-8.61363E-06 9.40167E-05
 -1       646 9.71391E-05-1.56517E-05-2.64557E-05 5.88762E-05 3.23992E-05 7.69193E-05
 -1       647 4.08337E-05 2.82692E-04-1.54567E-05 1.88888E-04 3.87880E-05 1.71043E-05
 -1       648-2.44077E-05-4.74151E-05-1.83592E-06-6.30661E-06 5.33215E-05 6.28037E-05
 -1       649 1.81162E-06-6.85745E-05 3.34130E-05-2.01485E-06-1.00043E-04-5.13334E-05
 -1       650 1.76667E-05-1.40156E-05-4.50077E-05 1.36928E-05-7.13830E-05-1.54152E-05
 -1       651 1.35798E-05-1.66742E-05 4.59094E-05-2.84462E-05-7.42339E-05-6.93876E-05
 -1       652 3.88637E-05 8.49383E-05-1.28620E-04 1.82904E-06-3.52846E-05-8.28515E-06
 -1       653-1.09309E-04 3.16015E-05-1.66644E-04 9.35593E-06 2.96900E-05 7.51076E-05
 -1       654 7.64441E-05 3.88325E-05-1.14877E-04 2.34444E-05-5.86235E-05-6.23100E-05
 -1       655 2.68142E-05-2.21014E-05-1.79204E-05-9.66411E-06-2.86364E-06-1.46580E-05
 -1       656-3.78782E-05 5.46845E-05-5.80029E-06-3.19237E-05-1.68473E-05 2.28467E-05
 -1       657-3.03055E-05 1.20764E-05 1.57968E-05 1.45915E-05-1.66248E-05-7.48941E-05
 -1       658 6.39163E-05 3.05821E-06-2.90245E-05 4.24385E-05 2.81794E-05 2.43370E-05
 -1       659 4.98276E-05-7.02896E-05-4.79281E-05-1.90954E-05-3.58514E-05 5.95711E-05
 -1       660 8.44977E-05 8.62155E-06-1.45211E-04 2.96715E-05-1.06536E-04-5.97302E-06
 -1       661-1.88083E-05-6.26758E-05-9.47404E-05-4.31085E-05 3.36244E-05 7.39421E-05
 -1       662 6.11082E-05-1.14259E-06-5.97794E-05-9.37102E-06-1.71825E-05-3.42603E-05
 -1       663 8.61828E-05-6.60887E-05-3.68551E-05 2.07033E-05 3.73841E-05 5.73531E-05
 -1       664-6.07169E-05-2.03433E-05 3.94303E-05 4.54631E-06-1.07447E-05 2.23636E-05
 -1       665-1.00320E-04-1.15943E-06 3.08405E-05-5.07056E-05 1.91054E-05 8.56306E-05
 -1       666-1.15586E-04 4.39154E-05-2.10284E-05-6.60816E-05 3.11761E-05 7.17007E-05
 -1       667-1.56823E-05 3.32006E-05 1.08406E-05 4.72386E-05 1.82292E-05 9.35155E-05
 -1       668-3.10298E-05 1.15014E-05-2.62172E-06 4.72753E-06-2.17540E-05 2.49410E-05
 -1       669-2.34341E-05 2.75803E-05 2.20389E-05 6.00163E-05 2.19508E-05 3.82954E-05
 -1       670 3.89585E-05-7.91983E-05-1.10255E-05-3.86657E-05-4.79719E-05 5.13337E-05
 -1       671 1.68008E-05 4.01375E-06-1.60855E-05-3.94737E-05-4.40937E-06 2.69516E-05
 -1       672 4.18238E-05-1.11903E-05-2.60692E-05-5.33068E-05 1.56996E-05-2.69341E-05
 -1       673 6.08128E-05 1.85933E-05-3.67096E-05 1.97163E-05 8.77336E-06-1.79935E-05
 -1       674 2.62324E-05-1.31907E-05 1.16806E-05-6.48368E-05 6.43061E-06 1.08596E-05
 -1       675-5.55073E-05 3.56126E-05-7.86392E-05-3.53850E-05 1.16434E-05 2.85865E-05
 -1       676-4.43594E-05 3.53415E-05 1.99441E-06 9.50488E-06 3.20306E-06 6.83545E-05
 -1       677-1.50455E-05 1.66559E-06-1.97397E-05 2.31534E-06-7.30794E-05-6.08108E-05
 -1       678 8.88529E-05 1.77915E-05-5.09522E-05 5.46508E-05 5.75672E-05 9.86613E-05
 -1       679 4.86589E-05 3.38794E-05-2.31870E-05-1.86468E-05 1.16525E-05 2.31065E-05
 -1       680-4.49340E-05-1.30509E-05-9.24567E-05-8.11192E-05-6.83623E-05-5.27401E-06
 -1       681 6.18937E-05 5.12715E-05-1.36340E-04 1.62275E-05-2.13390E-05 8.58654E-06
 -1       682 9.55284E-05 5.61544E-05-2.86456E-05 8.96955E-05-6.25495E-06 6.85595E-05
 -1       683 8.06194E-05 1.04965E-04-9.69184E-05 7.56425E-05 5.21891E-05 3.03282E-05
 -1       684 2.96804E-05 1.18018E-04-1.55581E-04 7.05550E-05 2.36136E-05 6.76670E-05
 -1       685-5.73348E-05 6.76892E-05-3.52338E-05-1.42416E-05-1.13673E-04-3.21340E-05
 -1       686 3.74549E-07 5.16147E-05 4.49987E-05 4.99110E-05-5.98536E-05-3.12616E-05
 -1       687 1.03076E-05-7.59902E-05 6.54388E-05 2.52942E-05-9.96464E-05-1.06279E-04
 -1       688 9.56453E-05-1.55534E-06-1.05612E-04 2.48997E-05 3.65419E-05-9.51778E-06
 -1       689-2.96504E-05 7.19606E-05-4.65411E-05 4.68407E-05-5.24395E-05-1.64613E-05
 -1       690-1.37260E-04 2.18198E-04 5.68706E-05 1.16469E-04 5.67676E-05 5.22641E-05
 -1       691 3.62444E-06 1.26045E-05 4.55893E-05 9.10067E-05 4.27983E-05-6.56872E-06
 -1       692-1.76346E-04 2.13736E-05 7.15885E-05 4.62921E-05 8.93620E-05 1.21332E-04
 -1       693-1.31094E-05 2.40921E-05-5.17465E-05 9.10699E-05-3.79415E-06 8.30995E-06
 -1       694-7.08495E-05 3.92244E-05-1.91263E-05-7.14371E-05 1.17600E-05-2.17669E-05
 -1       695-1.40131E-04 9.33713E-06 1.31219E-04 1.62098E-05 4.97357E-05 8.78584E-05
 -1       696 2.08897E-05 1.92994E-05 8.22812E-06 1.16129E-05-3.03656E-05 2.66691E-05
 -1       697 7.72318E-05 6.23688E-05-4.81738E-05 5.85017E-05 2.27024E-05 1.15698E-05
 -1       698-1.08548E-04 3.79598E-05 1.45079E-05 6.13982E-06-3.81041E-05 1.00913E-05
 -1       699 7.19326E-05 2.52383E-05-4.08110E-05 4.08462E-05 1.06428E-05 4.56566E-05
 -1       700-1.47923E-04 6.63556E-05 4.96385E-05-2.17194E-05 8.54668E-05 1.05101E-04
 -1       701 1.87241E-04-8.87218E-07 3.37967E-05 1.07204E-04 1.29393E-05-2.72201E-05
 -1       702 1.59604E-04 3.22648E-05-1.66478E-04 3.69876E-05-3.43667E-05 4.68899E-05
 -1       703-2.91847E-05-2.03464E-05 7.58913E-05-1.88368E-05-1.52489E-05 1.73395E-05
 -1       704 8.60835E-06 8.40164E-06-2.84197E-05 5.42045E-08 1.94337E-06-5.11237E-07
 -1       705 6.44934E-06 6.47346E-06-2.13622E-05-1.05190E-08-2.07234E-06 8.72682E-07
 -1       706 6.46269E-06 6.76576E-06-2.21550E-05-2.53205E-09-4.13024E-07-2.20756E-06
 -1       707 4.53536E-06 4.66471E-06-1.53194E-05 4.24315E-08-4.52986E-07 1.28250E-06
 -1       708 6.61469E-06 6.74802E-06-2.22625E-05-1.01241E-07-7.14356E-07-4.29693E-07
 -1       709-2.04373E-06 9.93594E-07-3.31068E-07-4.42001E-07 2.25988E-07 2.56714E-06
 -1       710 5.71199E-06-3.13120E-06-2.96508E-07 2.51974E-06-1.81191E-06 9.05861E-07
 -1       711 6.71586E-06-2.24617E-06-3.95546E-06-7.08066E-07 1.50611E-06-2.36740E-06
 -1       712 1.19664E-05-3.68260E-06-4.54100E-06 4.27075E-06 1.07229E-06-6.51481E-06
 -1       713 2.68902E-06 1.56717E-07-3.82825E-06-1.28480E-06-6.20596E-07-9.70703E-06
 -1       714 5.95698E-07 2.18984E-06-6.07107E-06-3.66775E-06 5.09290E-07-1.39116E-05
 -1       715 1.49523E-05-1.10924E-06-7.86087E-06 7.58249E-06-1.29034E-06-1.54351E-05
 -1       716 3.28681E-06-1.70884E-06-1.12083E-07 1.21724E-07-1.20482E-06 6.10082E-06
 -1       717 1.12130E-06 1.74855E-06-3.85899E-06-2.36144E-06-6.24262E-07 3.42348E-06
 -1       718 2.24389E-06-1.36174E-06-1.05809E-06-2.71007E-06-1.42196E-06 1.15300E-05
 -1       719 3.21283E-06-1.33106E-06-1.58521E-06-1.13731E-06-1.36285E-06-7.65521E-06
 -1       720 5.83515E-06-1.95900E-06-8.92184E-07 6.08855E-06-1.07429E-06-5.05773E-06
 -1       721 1.43386E-05 1.07812E-06-7.86791E-06 1.17058E-05 3.30733E-06 1.35073E-05
 -1       722-3.37417E-06 1.00243E-06 1.00546E-06-3.66344E-07 8.80215E-08 1.50872E-06
 -1       723-2.69497E-06 1.06029E-06 2.79618E-07-5.31988E-07 3.31796E-07 2.19748E-06
 -1       724-1.81711E-06 9.30327E-07-2.00720E-07-5.76784E-07 4.36250E-07 1.43240E-06
 -1       725-2.88920E-06 1.14622E-06 5.20593E-08-3.96362E-07 1.21074E-07 3.18639E-06
 -1       726-2.71176E-06 9.33246E-07 7.93639E-07-4.68581E-07 1.97442E-07 9.88288E-07
 -1       727 6.71816E-06-1.41963E-06-3.30059E-06 1.51916E-06-7.07054E-07-4.05067E-07
 -1       728 1.05113E-05-4.23729E-06-1.39881E-06 4.70903E-06-6.30100E-07 6.39541E-06
 -1       729 5.09564E-06-5.21496E-07-3.91695E-06 3.06349E-06-3.52471E-07-5.88617E-06
 -1       730 3.02161E-07-2.65183E-06 3.56521E-07-3.96164E-06 2.34793E-06 5.46432E-06
 -1       731 6.25758E-06-1.48766E-07-4.57136E-06 5.84792E-06 1.59521E-06 3.16487E-06
 -1       732 8.87093E-06-4.88258E-06-1.17805E-06 6.57913E-06-1.98827E-06-5.82452E-06
 -1       733 2.85685E-06-1.34031E-06-4.43310E-06 1.20113E-07 9.92146E-09 9.41614E-06
 -1       734 1.00638E-06 1.52460E-06-5.72496E-06-2.83084E-06-5.89953E-07 5.11306E-06
 -1       735 7.91786E-08 7.71348E-07-4.32884E-06-2.45351E-06-5.25569E-07 1.07683E-05
 -1       736 2.16683E-06 1.79937E-06-6.45962E-06-9.90025E-08 3.41796E-07 3.06461E-06
 -1       737 3.06393E-07 1.22780E-06-3.94824E-06-3.96334E-08 4.37208E-07 3.66357E-06
 -1       738 2.63884E-06 2.76534E-06-8.08468E-06-7.97097E-07 5.29059E-07 4.96887E-06
 -1       739-2.05835E-06 2.46877E-06-7.31747E-06-4.15293E-06 2.71166E-06 1.52950E-05
 -1       740-1.79876E-06 7.22152E-07-4.98926E-07-2.91937E-07-4.01359E-07-2.95638E-06
 -1       741-1.90063E-06 1.08995E-06-7.44850E-07-3.96891E-07-4.45548E-07-2.39575E-06
 -1       742-8.02669E-07 1.18798E-06-1.94826E-06-1.64413E-07-5.52649E-07-3.10611E-06
 -1       743 2.24616E-06 2.03454E-06-6.55984E-06-1.95049E-07 1.52023E-06 5.97514E-08
 -1       744-2.70640E-06 1.16764E-06-2.19668E-06-3.24929E-06 9.08275E-07-1.00213E-05
 -1       745-2.02260E-06 3.51744E-06-6.04829E-06-1.14569E-06-1.46707E-06 7.88088E-06
 -1       746 1.14832E-06 3.40478E-06-1.09750E-05-1.34838E-06-1.12233E-06 7.15676E-06
 -1       747-2.11435E-06 5.96638E-07 3.13584E-06-1.21287E-06-1.70828E-06 6.50573E-06
 -1       748-1.41007E-06 7.00386E-07-4.93879E-07-2.72027E-06 5.86839E-07 6.83149E-06
 -1       749 5.44182E-07 2.98230E-06-6.48042E-06-9.98837E-07 4.56528E-07 4.90266E-06
 -1       750 2.22654E-07 4.45842E-07-2.15757E-06-3.34543E-07 4.40472E-07 4.55442E-06
 -1       751-5.79646E-06-1.16464E-07 8.74313E-06-4.72718E-07-2.36369E-06-4.07701E-06
 -1       752 2.77899E-07 2.70760E-06-6.19010E-06-2.08820E-06 1.25304E-06 6.45450E-06
 -1       753-2.58417E-06 8.14109E-07-5.29743E-08-4.10705E-07-3.62296E-07 2.31133E-06
 -1       754-3.89942E-06 6.31818E-07 2.02488E-06-6.15321E-07 2.78137E-08-2.33756E-06
 -1       755-3.77821E-06 1.28437E-06 9.88040E-07-6.36220E-07-2.53911E-08 9.20598E-07
 -1       756 9.85626E-07 1.02753E-06-3.64074E-06-1.05172E-07 4.35951E-07 1.88222E-06
 -1       757-1.81087E-06 2.21422E-07-5.38839E-06-5.66245E-06 7.08109E-07 7.51133E-06
 -1       758-2.37099E-07 1.31749E-06-2.61138E-06-1.44838E-07-4.91177E-07-2.54050E-06
 -1       759-3.31378E-06 6.70818E-07 1.23904E-06-2.58841E-07-3.40405E-08 7.89457E-08
 -1       760-3.53385E-06 1.00045E-06 8.70000E-07-4.56036E-07 4.23878E-08-3.63218E-07
 -1       761-2.51949E-06 1.52450E-06-9.72472E-07-5.89209E-07 1.82729E-07 3.30302E-06
 -1       762-3.04090E-06 1.25250E-06-6.07078E-09-5.20268E-07-2.14391E-07-1.61699E-06
 -1       763 3.20644E-06 1.05970E-06-5.63514E-06-5.89098E-07 3.29613E-06 2.65612E-07
 -1       764-5.12769E-07 1.32894E-06-2.50372E-06-1.48378E-06-6.83495E-07-3.44792E-06
 -1       765 9.72027E-06 7.41898E-06-2.09568E-05-1.30531E-06 4.41027E-06-7.16958E-08
 -1       766-1.28366E-06 3.35162E-07-5.56148E-08-7.07063E-08 3.53225E-08 1.86720E-06
 -1       767 5.79261E-07 1.78077E-06-3.97695E-06-2.11229E-07-4.05093E-07-3.72977E-06
 -1       768 1.50620E-06 4.54544E-07-4.51082E-06-9.90988E-08-4.80117E-07-2.47045E-06
 -1       769-1.61094E-07 1.24511E-06-3.02159E-06-6.87372E-08 7.35905E-07 3.23156E-06
 -1       770-4.90306E-07 5.23596E-07-2.30752E-06-7.78828E-07-5.89778E-07-2.93767E-06
 -1       771-1.05340E-07 9.75769E-07-1.95334E-06-6.18596E-07-2.99377E-06-7.35906E-06
 -1       772-1.69862E-06 2.18498E-06-6.14058E-06-1.73646E-06-1.18794E-06-7.30207E-06
 -1       773 2.12590E-06 1.36615E-06-8.57536E-06-1.37423E-06-6.89617E-07-4.72179E-07
 -1       774 2.04947E-06 2.17454E-06-6.89218E-06-1.04369E-06-1.48867E-06-3.87242E-06
 -1       775 1.50976E-06 1.70877E-06-4.93177E-06-5.49941E-07-4.45377E-07-2.95553E-06
 -1       776-6.12411E-07 2.27713E-06-4.52018E-06-1.23637E-06 1.52132E-07-4.14058E-06
 -1       777 1.65243E-06 2.23269E-06-9.84342E-06-2.84086E-06 1.71227E-06-7.22138E-06
 -1       778-1.31895E-06 1.14414E-06-2.14598E-06-2.75541E-07 2.18142E-07 5.05912E-06
 -1       779-6.91499E-07 7.11880E-07-9.87141E-07-2.39150E-07 4.98335E-07 1.12862E-06
 -1       780-3.28312E-06 6.25836E-07 1.57847E-06-3.76166E-07 8.67499E-08 2.04937E-06
 -1       781-3.43749E-06 1.02828E-06 1.60476E-06-4.32452E-07 4.26100E-08-5.65101E-07
 -1       782 9.93865E-06-2.45497E-06-4.54046E-06 4.24682E-06 8.24770E-07 4.91288E-06
 -3
    1PSTEP                         4           1           1          
  100CL  101 1.000000000         782                     0    1           1
 -4  ERROR       1    1
 -5  STR(%)      1    1    0    0
 -1         1 3.30693E+01
 -1         2 3.60214E+01
 -1         3 3.45763E+01
 -1         4 3.90200E+01
 -1         5 2.08309E+01
 -1         6 1.14529E+01
 -1         7 2.90107E+01
 -1         8 1.75272E+01
 -1         9 2.86178E+01
 -1        10 1.95217E+01
 -1        11 2.90107E+01
 -1        12 2.90107E+01
 -1        13 8.92082E+00
 -1        14 8.92082E+00
 -1        15 3.24757E+01
 -1        16 4.02244E+01
 -1        17 3.75799E+01
 -1        18 3.05457E+01
 -1        19 3.74842E+01
 -1        20 2.94187E+01
 -1        21 4.35666E+01
 -1        22 3.03111E+01
 -1        23 3.63788E+01
 -1        24 3.66693E+01
 -1        25 4.12081E+01
 -1        26 3.27725E+01
 -1        27 3.63500E+01
 -1        28 3.89021E+01
 -1        29 3.40628E+01
 -1        30 3.40150E+01
 -1        31 3.34515E+01
 -1        32 3.64927E+01
 -1        33 3.69389E+01
 -1        34 3.33449E+01
 -1        35 3.65241E+01
 -1        36 3.89387E+01
 -1        37 3.71387E+01
 -1        38 3.45453E+01
 -1        39 4.16430E+01
 -1        40 3.75998E+01
 -1        41 3.60146E+01
 -1        42 3.74842E+01
 -1        43 3.74842E+01
 -1        44 3.93860E+01
 -1        45 4.35666E+01
 -1        46 4.35666E+01
 -1        47 3.63788E+01
 -1        48 3.66693E+01
 -1        49 2.66560E+01
 -1        50 3.88322E+01
 -1        51 3.96214E+01
 -1        52 3.68072E+01
 -1        53 3.67494E+01
 -1        54 3.74842E+01
 -1        55 3.84351E+01
 -1        56 4.14763E+01
 -1        57 4.35666E+01
 -1        58 3.99727E+01
 -1        59 3.65241E+01
 -1        60 3.16627E+01
 -1        61 3.13387E+01
 -1        62 3.79042E+01
 -1        63 2.86984E+01
 -1        64 2.94865E+01
 -1        65 3.75026E+01
 -1        66 3.75026E+01
 -1        67 2.79286E+01
 -1        68 3.63906E+01
 -1        69 3.63906E+01
 -1        70 3.20356E+01
 -1        71 3.21440E+01
 -1        72 3.10279E+01
 -1        73 3.62402E+01
 -1        74 3.33013E+01
 -1        75 2.90924E+01
 -1        76 3.34946E+01
 -1        77 3.75026E+01
 -1        78 3.27156E+01
 -1        79 3.21596E+01
 -1        80 3.63906E+01
 -1        81 3.42131E+01
 -1        82 3.20898E+01
 -1        83 3.15859E+01
 -1        84 3.28021E+01
 -1        85 4.10068E+01
 -1        86 2.33737E+01
 -1        87 3.73267E+01
 -1        88 2.63270E+01
 -1        89 3.03854E+01
 -1        90 3.25141E+01
 -1        91 2.41680E+01
 -1        92 2.81284E+01
 -1        93 3.41966E+01
 -1        94 3.97795E+01
 -1        95 3.97795E+01
 -1        96 4.00134E+01
 -1        97 3.21902E+01
 -1        98 3.03502E+01
 -1        99 3.18268E+01
 -1       100 2.83562E+01
 -1       101 3.14498E+01
 -1       102 2.83410E+01
 -1       103 2.61482E+01
 -1       104 3.11625E+01
 -1       105 3.69881E+01
 -1       106 3.97795E+01
 -1       107 3.93998E+01
 -1       108 3.90200E+01
 -1       109 3.82829E+01
 -1       110 3.90200E+01
 -1       111 3.86515E+01
 -1       112 3.64296E+01
 -1       113 1.61419E+01
 -1       114 2.49208E+01
 -1       115 2.32689E+01
 -1       116 1.44900E+01
 -1       117 2.40698E+01
 -1       118 2.88142E+01
 -1       119 2.90107E+01
 -1       120 2.42662E+01
 -1       121 1.54873E+01
 -1       122 2.47243E+01
 -1       123 2.32689E+01
 -1       124 2.90107E+01
 -1       125 1.85900E+01
 -1       126 2.34936E+01
 -1       127 3.11468E+01
 -1       128 3.11468E+01
 -1       129 2.76884E+01
 -1       130 2.62383E+01
 -1       131 2.63548E+01
 -1       132 3.00922E+01
 -1       133 3.00922E+01
 -1       134 2.62183E+01
 -1       135 1.71444E+01
 -1       136 1.37554E+01
 -1       137 2.10418E+01
 -1       138 2.73202E+01
 -1       139 3.11468E+01
 -1       140 2.94176E+01
 -1       141 2.69634E+01
 -1       142 2.62966E+01
 -1       143 2.82235E+01
 -1       144 3.00922E+01
 -1       145 2.81553E+01
 -1       146 2.16814E+01
 -1       147 1.30326E+01
 -1       148 8.92082E+00
 -1       149 1.86709E+01
 -1       150 2.66850E+01
 -1       151 3.11468E+01
 -1       152 2.75795E+01
 -1       153 2.76884E+01
 -1       154 2.10864E+01
 -1       155 2.98382E+01
 -1       156 2.89626E+01
 -1       157 2.89626E+01
 -1       158 2.33081E+01
 -1       159 1.64998E+01
 -1       160 1.37959E+01
 -1       161 2.26780E+01
 -1       162 2.89159E+01
 -1       163 2.93632E+01
 -1       164 2.76340E+01
 -1       165 2.43874E+01
 -1       166 2.54623E+01
 -1       167 2.94004E+01
 -1       168 2.89626E+01
 -1       169 2.61353E+01
 -1       170 1.99039E+01
 -1       171 1.27103E+01
 -1       172 3.42485E+01
 -1       173 3.86147E+01
 -1       174 3.70594E+01
 -1       175 3.39321E+01
 -1       176 4.09337E+01
 -1       177 3.81195E+01
 -1       178 3.67972E+01
 -1       179 3.89121E+01
 -1       180 3.75321E+01
 -1       181 3.40150E+01
 -1       182 3.74842E+01
 -1       183 3.74842E+01
 -1       184 3.34515E+01
 -1       185 4.14763E+01
 -1       186 3.44023E+01
 -1       187 4.35666E+01
 -1       188 3.69389E+01
 -1       189 4.35666E+01
 -1       190 3.99727E+01
 -1       191 3.65241E+01
 -1       192 3.66693E+01
 -1       193 3.63788E+01
 -1       194 3.89387E+01
 -1       195 3.79042E+01
 -1       196 3.75026E+01
 -1       197 4.12081E+01
 -1       198 4.12081E+01
 -1       199 3.57190E+01
 -1       200 3.33291E+01
 -1       201 3.63906E+01
 -1       202 3.51514E+01
 -1       203 3.90128E+01
 -1       204 3.93860E+01
 -1       205 3.36851E+01
 -1       206 4.02244E+01
 -1       207 3.51900E+01
 -1       208 3.54867E+01
 -1       209 3.71387E+01
 -1       210 4.12081E+01
 -1       211 3.95562E+01
 -1       212 3.62402E+01
 -1       213 3.79042E+01
 -1       214 3.61180E+01
 -1       215 3.78922E+01
 -1       216 3.69548E+01
 -1       217 3.30804E+01
 -1       218 3.57947E+01
 -1       219 3.89021E+01
 -1       220 4.02244E+01
 -1       221 3.69548E+01
 -1       222 3.47793E+01
 -1       223 3.82964E+01
 -1       224 3.96186E+01
 -1       225 3.74934E+01
 -1       226 3.40241E+01
 -1       227 3.82577E+01
 -1       228 3.22850E+01
 -1       229 3.63178E+01
 -1       230 3.63270E+01
 -1       231 4.14763E+01
 -1       232 3.44023E+01
 -1       233 3.72687E+01
 -1       234 3.33508E+01
 -1       235 3.99786E+01
 -1       236 3.78883E+01
 -1       237 3.60489E+01
 -1       238 3.30150E+01
 -1       239 3.60548E+01
 -1       240 3.49992E+01
 -1       241 3.48539E+01
 -1       242 3.45241E+01
 -1       243 4.12081E+01
 -1       244 3.89387E+01
 -1       245 3.72686E+01
 -1       246 4.12081E+01
 -1       247 3.57947E+01
 -1       248 3.11918E+01
 -1       249 3.44614E+01
 -1       250 3.48554E+01
 -1       251 3.42497E+01
 -1       252 3.82577E+01
 -1       253 3.75026E+01
 -1       254 3.75026E+01
 -1       255 3.63270E+01
 -1       256 3.15400E+01
 -1       257 3.36573E+01
 -1       258 3.78883E+01
 -1       259 3.63906E+01
 -1       260 3.63906E+01
 -1       261 3.60548E+01
 -1       262 3.38773E+01
 -1       263 3.26823E+01
 -1       264 3.27365E+01
 -1       265 3.66761E+01
 -1       266 3.61180E+01
 -1       267 4.16430E+01
 -1       268 2.92746E+01
 -1       269 4.12081E+01
 -1       270 3.97795E+01
 -1       271 3.57190E+01
 -1       272 3.66693E+01
 -1       273 4.35666E+01
 -1       274 3.39736E+01
 -1       275 3.73267E+01
 -1       276 3.93860E+01
 -1       277 4.16430E+01
 -1       278 3.90128E+01
 -1       279 3.88322E+01
 -1       280 4.16430E+01
 -1       281 3.39321E+01
 -1       282 3.86147E+01
 -1       283 4.14256E+01
 -1       284 4.13249E+01
 -1       285 4.03315E+01
 -1       286 4.01141E+01
 -1       287 4.04938E+01
 -1       288 4.16430E+01
 -1       289 3.96214E+01
 -1       290 4.16430E+01
 -1       291 3.83063E+01
 -1       292 3.75137E+01
 -1       293 4.03279E+01
 -1       294 3.66706E+01
 -1       295 3.74055E+01
 -1       296 3.81698E+01
 -1       297 3.33794E+01
 -1       298 3.33794E+01
 -1       299 3.33006E+01
 -1       300 3.57289E+01
 -1       301 3.66798E+01
 -1       302 3.16241E+01
 -1       303 3.93860E+01
 -1       304 4.14763E+01
 -1       305 3.66798E+01
 -1       306 4.35666E+01
 -1       307 4.35666E+01
 -1       308 4.14763E+01
 -1       309 3.96428E+01
 -1       310 3.60489E+01
 -1       311 3.96428E+01
 -1       312 3.65241E+01
 -1       313 3.66693E+01
 -1       314 3.61942E+01
 -1       315 3.82244E+01
 -1       316 3.32178E+01
 -1       317 3.82244E+01
 -1       318 4.04938E+01
 -1       319 3.25084E+01
 -1       320 4.13249E+01
 -1       321 3.81698E+01
 -1       322 3.11933E+01
 -1       323 3.18268E+01
 -1       324 3.73267E+01
 -1       325 2.98300E+01
 -1       326 2.78008E+01
 -1       327 3.32438E+01
 -1       328 3.21795E+01
 -1       329 3.17770E+01
 -1       330 3.59501E+01
 -1       331 3.58475E+01
 -1       332 3.38673E+01
 -1       333 3.49578E+01
 -1       334 3.19237E+01
 -1       335 3.82244E+01
 -1       336 3.54330E+01
 -1       337 3.97795E+01
 -1       338 3.97795E+01
 -1       339 3.41966E+01
 -1       340 3.97795E+01
 -1       341 3.31502E+01
 -1       342 3.73267E+01
 -1       343 3.57190E+01
 -1       344 3.63906E+01
 -1       345 3.10279E+01
 -1       346 3.98840E+01
 -1       347 3.82829E+01
 -1       348 3.79042E+01
 -1       349 4.10068E+01
 -1       350 3.49652E+01
 -1       351 3.25141E+01
 -1       352 3.25141E+01
 -1       353 3.75026E+01
 -1       354 3.73267E+01
 -1       355 3.62402E+01
 -1       356 3.79042E+01
 -1       357 3.28021E+01
 -1       358 3.10279E+01
 -1       359 3.46554E+01
 -1       360 3.80936E+01
 -1       361 4.00134E+01
 -1       362 4.10068E+01
 -1       363 3.69926E+01
 -1       364 3.73724E+01
 -1       365 4.00134E+01
 -1       366 3.69926E+01
 -1       367 3.55272E+01
 -1       368 3.09243E+01
 -1       369 3.57166E+01
 -1       370 3.80936E+01
 -1       371 3.80936E+01
 -1       372 3.30125E+01
 -1       373 3.34066E+01
 -1       374 3.52385E+01
 -1       375 3.34066E+01
 -1       376 3.74146E+01
 -1       377 3.73267E+01
 -1       378 3.75026E+01
 -1       379 3.75026E+01
 -1       380 3.74146E+01
 -1       381 3.50084E+01
 -1       382 3.02214E+01
 -1       383 3.50084E+01
 -1       384 3.44523E+01
 -1       385 3.02214E+01
 -1       386 3.25141E+01
 -1       387 3.63906E+01
 -1       388 3.63906E+01
 -1       389 3.44523E+01
 -1       390 3.60548E+01
 -1       391 3.38773E+01
 -1       392 3.60548E+01
 -1       393 3.31161E+01
 -1       394 3.31703E+01
 -1       395 3.49578E+01
 -1       396 3.59618E+01
 -1       397 3.54037E+01
 -1       398 3.69881E+01
 -1       399 3.98317E+01
 -1       400 3.54559E+01
 -1       401 3.54559E+01
 -1       402 2.82620E+01
 -1       403 3.70785E+01
 -1       404 3.96449E+01
 -1       405 3.96449E+01
 -1       406 3.73267E+01
 -1       407 3.03502E+01
 -1       408 3.18268E+01
 -1       409 3.73267E+01
 -1       410 3.39440E+01
 -1       411 3.19148E+01
 -1       412 3.25141E+01
 -1       413 3.14498E+01
 -1       414 3.25141E+01
 -1       415 2.83410E+01
 -1       416 3.22595E+01
 -1       417 3.02793E+01
 -1       418 3.49578E+01
 -1       419 3.19237E+01
 -1       420 3.69881E+01
 -1       421 3.41966E+01
 -1       422 3.97795E+01
 -1       423 3.97795E+01
 -1       424 3.98317E+01
 -1       425 3.74246E+01
 -1       426 3.96449E+01
 -1       427 3.66241E+01
 -1       428 3.90835E+01
 -1       429 3.82829E+01
 -1       430 1.91790E+01
 -1       431 2.88142E+01
 -1       432 2.01763E+01
 -1       433 2.90107E+01
 -1       434 3.11253E+01
 -1       435 1.91790E+01
 -1       436 1.61419E+01
 -1       437 2.01763E+01
 -1       438 2.49208E+01
 -1       439 2.90107E+01
 -1       440 2.49208E+01
 -1       441 2.90107E+01
 -1       442 2.88142E+01
 -1       443 2.90107E+01
 -1       444 1.37554E+01
 -1       445 1.30326E+01
 -1       446 1.86304E+01
 -1       447 1.68221E+01
 -1       448 2.26375E+01
 -1       449 2.50893E+01
 -1       450 2.73202E+01
 -1       451 3.11468E+01
 -1       452 3.11468E+01
 -1       453 2.76340E+01
 -1       454 2.93632E+01
 -1       455 2.43874E+01
 -1       456 2.36623E+01
 -1       457 2.76884E+01
 -1       458 2.37206E+01
 -1       459 2.80965E+01
 -1       460 2.99652E+01
 -1       461 2.95274E+01
 -1       462 2.95274E+01
 -1       463 2.67002E+01
 -1       464 2.47632E+01
 -1       465 2.95274E+01
 -1       466 2.02263E+01
 -1       467 3.11253E+01
 -1       468 3.11253E+01
 -1       469 3.11253E+01
 -1       470 2.76884E+01
 -1       471 2.57116E+01
 -1       472 2.66850E+01
 -1       473 2.98382E+01
 -1       474 1.47611E+01
 -1       475 2.32513E+01
 -1       476 1.87790E+01
 -1       477 2.76884E+01
 -1       478 1.66755E+01
 -1       479 1.18410E+01
 -1       480 2.00231E+01
 -1       481 2.41349E+01
 -1       482 2.29432E+01
 -1       483 2.50893E+01
 -1       484 2.26375E+01
 -1       485 2.07231E+01
 -1       486 2.49629E+01
 -1       487 2.11363E+01
 -1       488 2.27320E+01
 -1       489 2.84292E+01
 -1       490 2.84292E+01
 -1       491 2.22453E+01
 -1       492 2.76884E+01
 -1       493 2.94176E+01
 -1       494 2.67000E+01
 -1       495 2.69634E+01
 -1       496 2.76884E+01
 -1       497 2.76884E+01
 -1       498 2.80965E+01
 -1       499 2.80383E+01
 -1       500 2.87633E+01
 -1       501 2.99652E+01
 -1       502 3.06088E+01
 -1       503 3.06088E+01
 -1       504 3.04818E+01
 -1       505 2.86718E+01
 -1       506 2.01978E+01
 -1       507 2.47348E+01
 -1       508 2.71883E+01
 -1       509 2.71883E+01
 -1       510 3.11253E+01
 -1       511 3.11253E+01
 -1       512 3.11253E+01
 -1       513 2.89052E+01
 -1       514 2.89052E+01
 -1       515 3.04818E+01
 -1       516 2.84185E+01
 -1       517 2.67000E+01
 -1       518 2.94069E+01
 -1       519 2.61983E+01
 -1       520 3.11253E+01
 -1       521 2.32513E+01
 -1       522 3.00922E+01
 -1       523 2.75874E+01
 -1       524 3.11468E+01
 -1       525 2.66850E+01
 -1       526 2.98382E+01
 -1       527 1.47611E+01
 -1       528 1.86695E+01
 -1       529 2.66850E+01
 -1       530 2.75795E+01
 -1       531 1.18410E+01
 -1       532 1.67160E+01
 -1       533 1.98755E+01
 -1       534 1.60860E+01
 -1       535 1.90062E+01
 -1       536 2.26780E+01
 -1       537 2.66850E+01
 -1       538 2.07231E+01
 -1       539 2.66850E+01
 -1       540 2.89159E+01
 -1       541 2.66850E+01
 -1       542 3.11468E+01
 -1       543 2.93632E+01
 -1       544 2.89159E+01
 -1       545 2.75795E+01
 -1       546 2.76340E+01
 -1       547 2.93632E+01
 -1       548 2.76379E+01
 -1       549 2.43369E+01
 -1       550 2.75835E+01
 -1       551 2.54623E+01
 -1       552 2.98382E+01
 -1       553 2.87128E+01
 -1       554 2.94004E+01
 -1       555 2.95274E+01
 -1       556 2.95274E+01
 -1       557 2.99652E+01
 -1       558 2.67002E+01
 -1       559 2.09888E+01
 -1       560 1.75846E+01
 -1       561 2.43809E+01
 -1       562 2.09604E+01
 -1       563 2.71883E+01
 -1       564 2.66717E+01
 -1       565 3.06088E+01
 -1       566 2.89052E+01
 -1       567 2.49681E+01
 -1       568 3.04818E+01
 -1       569 2.93564E+01
 -1       570 2.93671E+01
 -1       571 3.11361E+01
 -1       572 2.89159E+01
 -1       573 4.02244E+01
 -1       574 4.16430E+01
 -1       575 3.90200E+01
 -1       576 3.89121E+01
 -1       577 3.81195E+01
 -1       578 4.02244E+01
 -1       579 3.89021E+01
 -1       580 3.50084E+01
 -1       581 3.75026E+01
 -1       582 3.08943E+01
 -1       583 3.33886E+01
 -1       584 3.33886E+01
 -1       585 3.38328E+01
 -1       586 3.38328E+01
 -1       587 3.32438E+01
 -1       588 3.32438E+01
 -1       589 3.45625E+01
 -1       590 3.99786E+01
 -1       591 3.99786E+01
 -1       592 3.63906E+01
 -1       593 3.44523E+01
 -1       594 3.80404E+01
 -1       595 3.81698E+01
 -1       596 3.81698E+01
 -1       597 3.73267E+01
 -1       598 3.81698E+01
 -1       599 3.73267E+01
 -1       600 3.65543E+01
 -1       601 3.37628E+01
 -1       602 3.54330E+01
 -1       603 3.49992E+01
 -1       604 3.82244E+01
 -1       605 4.05460E+01
 -1       606 4.05460E+01
 -1       607 4.12081E+01
 -1       608 4.05460E+01
 -1       609 4.12081E+01
 -1       610 3.57381E+01
 -1       611 3.98317E+01
 -1       612 4.04938E+01
 -1       613 3.90128E+01
 -1       614 3.81698E+01
 -1       615 4.14763E+01
 -1       616 3.59501E+01
 -1       617 3.59501E+01
 -1       618 3.72687E+01
 -1       619 4.04938E+01
 -1       620 3.89387E+01
 -1       621 3.97795E+01
 -1       622 3.87755E+01
 -1       623 3.96186E+01
 -1       624 3.93860E+01
 -1       625 3.86515E+01
 -1       626 3.90200E+01
 -1       627 3.69926E+01
 -1       628 3.61180E+01
 -1       629 3.97455E+01
 -1       630 3.94520E+01
 -1       631 3.57190E+01
 -1       632 3.60489E+01
 -1       633 3.61942E+01
 -1       634 3.71387E+01
 -1       635 4.01141E+01
 -1       636 4.01141E+01
 -1       637 3.60446E+01
 -1       638 3.82577E+01
 -1       639 3.74146E+01
 -1       640 3.96428E+01
 -1       641 3.60548E+01
 -1       642 3.39321E+01
 -1       643 3.66693E+01
 -1       644 3.80867E+01
 -1       645 3.45241E+01
 -1       646 3.61942E+01
 -1       647 3.79042E+01
 -1       648 3.80936E+01
 -1       649 3.66873E+01
 -1       650 3.73966E+01
 -1       651 4.09337E+01
 -1       652 3.94849E+01
 -1       653 3.60815E+01
 -1       654 4.03279E+01
 -1       655 3.96428E+01
 -1       656 4.12081E+01
 -1       657 3.89387E+01
 -1       658 3.65241E+01
 -1       659 4.13249E+01
 -1       660 3.99630E+01
 -1       661 4.13249E+01
 -1       662 3.74146E+01
 -1       663 3.74934E+01
 -1       664 3.74934E+01
 -1       665 3.96428E+01
 -1       666 3.57190E+01
 -1       667 3.57190E+01
 -1       668 3.63178E+01
 -1       669 3.99786E+01
 -1       670 3.82485E+01
 -1       671 3.72687E+01
 -1       672 4.35666E+01
 -1       673 4.14763E+01
 -1       674 3.93860E+01
 -1       675 3.96186E+01
 -1       676 4.02244E+01
 -1       677 4.09337E+01
 -1       678 3.73966E+01
 -1       679 3.75207E+01
 -1       680 3.34177E+01
 -1       681 3.74533E+01
 -1       682 4.13249E+01
 -1       683 4.16430E+01
 -1       684 4.16430E+01
 -1       685 3.76641E+01
 -1       686 3.59840E+01
 -1       687 4.09337E+01
 -1       688 4.16430E+01
 -1       689 3.96214E+01
 -1       690 3.84621E+01
 -1       691 3.84621E+01
 -1       692 3.86515E+01
 -1       693 3.57479E+01
 -1       694 3.67981E+01
 -1       695 4.00134E+01
 -1       696 3.70594E+01
 -1       697 4.03315E+01
 -1       698 3.97736E+01
 -1       699 4.03315E+01
 -1       700 4.03315E+01
 -1       701 3.90200E+01
 -1       702 3.87755E+01
 -1       703 3.96186E+01
 -1       704 2.08309E+01
 -1       705 2.49208E+01
 -1       706 2.49208E+01
 -1       707 2.90107E+01
 -1       708 2.42662E+01
 -1       709 1.86709E+01
 -1       710 2.12679E+01
 -1       711 2.63548E+01
 -1       712 2.37206E+01
 -1       713 2.69711E+01
 -1       714 2.80965E+01
 -1       715 2.80965E+01
 -1       716 2.76884E+01
 -1       717 2.76379E+01
 -1       718 2.44782E+01
 -1       719 2.44277E+01
 -1       720 2.44782E+01
 -1       721 2.44782E+01
 -1       722 1.47611E+01
 -1       723 1.67160E+01
 -1       724 1.86709E+01
 -1       725 1.67160E+01
 -1       726 1.67160E+01
 -1       727 2.69129E+01
 -1       728 2.37531E+01
 -1       729 2.98382E+01
 -1       730 2.80965E+01
 -1       731 2.63548E+01
 -1       732 2.11771E+01
 -1       733 2.76884E+01
 -1       734 2.76379E+01
 -1       735 2.76340E+01
 -1       736 2.27320E+01
 -1       737 2.66850E+01
 -1       738 2.61983E+01
 -1       739 2.94176E+01
 -1       740 2.32513E+01
 -1       741 1.98755E+01
 -1       742 2.09604E+01
 -1       743 2.89159E+01
 -1       744 2.98382E+01
 -1       745 2.84185E+01
 -1       746 2.94069E+01
 -1       747 2.89052E+01
 -1       748 2.94176E+01
 -1       749 2.61983E+01
 -1       750 2.66850E+01
 -1       751 3.11253E+01
 -1       752 2.84292E+01
 -1       753 2.49681E+01
 -1       754 2.71883E+01
 -1       755 1.18410E+01
 -1       756 2.50893E+01
 -1       757 2.76340E+01
 -1       758 2.32797E+01
 -1       759 2.29432E+01
 -1       760 2.00231E+01
 -1       761 1.86304E+01
 -1       762 2.38125E+01
 -1       763 3.11468E+01
 -1       764 2.87128E+01
 -1       765 3.11468E+01
 -1       766 2.26780E+01
 -1       767 2.66717E+01
 -1       768 3.00922E+01
 -1       769 2.66850E+01
 -1       770 2.71883E+01
 -1       771 3.11253E+01
 -1       772 3.04818E+01
 -1       773 3.00922E+01
 -1       774 3.06088E+01
 -1       775 2.81553E+01
 -1       776 2.99652E+01
 -1       777 2.99652E+01
 -1       778 2.26780E+01
 -1       779 2.26780E+01
 -1       780 2.48981E+01
 -1       781 2.09611E+01
 -1       782 2.62966E+01
 -3
 9999
