    1C
    1UUSER                                                              
    1UDATE              05.september.2026                               
    1UTIME              11:49:54                                        
    1UHOST                                                              
    1UPGM               CalculiX                                        
    1UVERSION           Version 2.18                             
    1UCOMPILETIME       Thu Oct 14 16:21:20 EEST 2021                    
    1UDIR                                                               
    1UDBN                                                               
    1UMAT    1FEMPART002_MATERIAL                                       
    2C                           782                                     1
 -1         1-5.00000E-15 5.00000E+00 2.12000E+02
 -1         2-5.00000E-15-5.00000E+00 2.12000E+02
 -1         3-2.00000E-15 5.00000E+00 2.00000E+02
 -1         4-2.00000E-15-5.00000E+00 2.00000E+02
 -1         5-5.00000E+00-3.00000E+00 1.80000E+02
 -1         6-5.00000E+00-3.00000E+00 4.80000E+01
 -1         7-5.00000E+00 3.00000E+00 1.80000E+02
 -1         8-5.00000E+00 3.00000E+00 4.80000E+01
 -1         9 5.00000E+00-3.00000E+00 1.80000E+02
 -1        10 5.00000E+00-3.00000E+00 4.80000E+01
 -1        11 5.00000E+00 3.00000E+00 1.80000E+02
 -1        12 5.00000E+00 3.00000E+00 4.80000E+01
 -1        13-7.00000E-15 5.00000E+00 7.60000E+01
 -1        14-7.00000E-15-5.00000E+00 7.60000E+01
 -1        15 1.00000E+01 5.00000E+00 2.09321E+02
 -1        16 1.73205E+01 5.00000E+00 2.02000E+02
 -1        17 2.00000E+01 5.00000E+00 1.92000E+02
 -1        18 1.73205E+01 5.00000E+00 1.82000E+02
 -1        19 1.00000E+01 5.00000E+00 1.74679E+02
 -1        20-1.13014E-13 5.00000E+00 1.72000E+02
 -1        21-1.00000E+01 5.00000E+00 1.74679E+02
 -1        22-1.73205E+01 5.00000E+00 1.82000E+02
 -1        23-2.00000E+01 5.00000E+00 1.92000E+02
 -1        24-1.73205E+01 5.00000E+00 2.02000E+02
 -1        25-1.00000E+01 5.00000E+00 2.09321E+02
 -1        26 5.17638E+00 5.00000E+00 2.11319E+02
 -1        27 1.41421E+01 5.00000E+00 2.06142E+02
 -1        28 1.93185E+01 5.00000E+00 1.97176E+02
 -1        29 1.93185E+01 5.00000E+00 1.86824E+02
 -1        30 1.41421E+01 5.00000E+00 1.77858E+02
 -1        31 5.17638E+00 5.00000E+00 1.72681E+02
 -1        32-5.17638E+00 5.00000E+00 1.72681E+02
 -1        33-1.41421E+01 5.00000E+00 1.77858E+02
 -1        34-1.93185E+01 5.00000E+00 1.86824E+02
 -1        35-1.93185E+01 5.00000E+00 1.97176E+02
 -1        36-1.41421E+01 5.00000E+00 2.06142E+02
 -1        37-5.17638E+00 5.00000E+00 2.11319E+02
 -1        38-4.90000E-15 0.00000E+00 2.12000E+02
 -1        39 1.00000E+01-5.00000E+00 2.09321E+02
 -1        40 1.73205E+01-5.00000E+00 2.02000E+02
 -1        41 2.00000E+01-5.00000E+00 1.92000E+02
 -1        42 1.73205E+01-5.00000E+00 1.82000E+02
 -1        43 1.00000E+01-5.00000E+00 1.74679E+02
 -1        44-1.13014E-13-5.00000E+00 1.72000E+02
 -1        45-1.00000E+01-5.00000E+00 1.74679E+02
 -1        46-1.73205E+01-5.00000E+00 1.82000E+02
 -1        47-2.00000E+01-5.00000E+00 1.92000E+02
 -1        48-1.73205E+01-5.00000E+00 2.02000E+02
 -1        49-1.00000E+01-5.00000E+00 2.09321E+02
 -1        50 5.17638E+00-5.00000E+00 2.11319E+02
 -1        51 1.41421E+01-5.00000E+00 2.06142E+02
 -1        52 1.93185E+01-5.00000E+00 1.97176E+02
 -1        53 1.93185E+01-5.00000E+00 1.86824E+02
 -1        54 1.41421E+01-5.00000E+00 1.77858E+02
 -1        55 5.17638E+00-5.00000E+00 1.72681E+02
 -1        56-5.17638E+00-5.00000E+00 1.72681E+02
 -1        57-1.41421E+01-5.00000E+00 1.77858E+02
 -1        58-1.93185E+01-5.00000E+00 1.86824E+02
 -1        59-1.93185E+01-5.00000E+00 1.97176E+02
 -1        60-1.41421E+01-5.00000E+00 2.06142E+02
 -1        61-5.17638E+00-5.00000E+00 2.11319E+02
 -1        62 4.00000E+00 5.00000E+00 1.98928E+02
 -1        63 6.92820E+00 5.00000E+00 1.96000E+02
 -1        64 8.00000E+00 5.00000E+00 1.92000E+02
 -1        65 6.92820E+00 5.00000E+00 1.88000E+02
 -1        66 4.00000E+00 5.00000E+00 1.85072E+02
 -1        67-4.52056E-14 5.00000E+00 1.84000E+02
 -1        68-4.00000E+00 5.00000E+00 1.85072E+02
 -1        69-6.92820E+00 5.00000E+00 1.88000E+02
 -1        70-8.00000E+00 5.00000E+00 1.92000E+02
 -1        71-6.92820E+00 5.00000E+00 1.96000E+02
 -1        72-4.00000E+00 5.00000E+00 1.98928E+02
 -1        73 2.07055E+00 5.00000E+00 1.99727E+02
 -1        74 5.65685E+00 5.00000E+00 1.97657E+02
 -1        75 7.72741E+00 5.00000E+00 1.94071E+02
 -1        76 7.72741E+00 5.00000E+00 1.89929E+02
 -1        77 5.65685E+00 5.00000E+00 1.86343E+02
 -1        78 2.07055E+00 5.00000E+00 1.84273E+02
 -1        79-2.07055E+00 5.00000E+00 1.84273E+02
 -1        80-5.65685E+00 5.00000E+00 1.86343E+02
 -1        81-7.72741E+00 5.00000E+00 1.89929E+02
 -1        82-7.72741E+00 5.00000E+00 1.94071E+02
 -1        83-5.65685E+00 5.00000E+00 1.97657E+02
 -1        84-2.07055E+00 5.00000E+00 1.99727E+02
 -1        85 4.00000E+00-5.00000E+00 1.98928E+02
 -1        86 6.92820E+00-5.00000E+00 1.96000E+02
 -1        87 8.00000E+00-5.00000E+00 1.92000E+02
 -1        88 6.92820E+00-5.00000E+00 1.88000E+02
 -1        89 4.00000E+00-5.00000E+00 1.85072E+02
 -1        90-4.52056E-14-5.00000E+00 1.84000E+02
 -1        91-4.00000E+00-5.00000E+00 1.85072E+02
 -1        92-6.92820E+00-5.00000E+00 1.88000E+02
 -1        93-8.00000E+00-5.00000E+00 1.92000E+02
 -1        94-6.92820E+00-5.00000E+00 1.96000E+02
 -1        95-4.00000E+00-5.00000E+00 1.98928E+02
 -1        96 2.07055E+00-5.00000E+00 1.99727E+02
 -1        97 5.65685E+00-5.00000E+00 1.97657E+02
 -1        98 7.72741E+00-5.00000E+00 1.94071E+02
 -1        99 7.72741E+00-5.00000E+00 1.89929E+02
 -1       100 5.65685E+00-5.00000E+00 1.86343E+02
 -1       101 2.07055E+00-5.00000E+00 1.84273E+02
 -1       102-2.07055E+00-5.00000E+00 1.84273E+02
 -1       103-5.65685E+00-5.00000E+00 1.86343E+02
 -1       104-7.72741E+00-5.00000E+00 1.89929E+02
 -1       105-7.72741E+00-5.00000E+00 1.94071E+02
 -1       106-5.65685E+00-5.00000E+00 1.97657E+02
 -1       107-2.07055E+00-5.00000E+00 1.99727E+02
 -1       108-1.96000E-15-1.66667E+00 2.00000E+02
 -1       109-1.96000E-15 1.66667E+00 2.00000E+02
 -1       110-1.96000E-15-3.33333E+00 2.00000E+02
 -1       111-1.96000E-15 8.88178E-16 2.00000E+02
 -1       112-1.96000E-15 3.33333E+00 2.00000E+02
 -1       113-5.00000E+00-3.00000E+00 1.14000E+02
 -1       114-5.00000E+00 0.00000E+00 1.80000E+02
 -1       115-5.00000E+00 3.00000E+00 1.14000E+02
 -1       116-5.00000E+00 0.00000E+00 4.80000E+01
 -1       117 5.00000E+00-3.00000E+00 1.14000E+02
 -1       118 5.00000E+00 0.00000E+00 1.80000E+02
 -1       119 5.00000E+00 3.00000E+00 1.14000E+02
 -1       120 5.00000E+00 0.00000E+00 4.80000E+01
 -1       121 0.00000E+00-3.00000E+00 4.80000E+01
 -1       122 0.00000E+00-3.00000E+00 1.80000E+02
 -1       123 0.00000E+00 3.00000E+00 4.80000E+01
 -1       124 0.00000E+00 3.00000E+00 1.80000E+02
 -1       125 1.40000E+01 5.00000E+00 7.22487E+01
 -1       126 2.42487E+01 5.00000E+00 6.20000E+01
 -1       127 2.80000E+01 5.00000E+00 4.80000E+01
 -1       128 2.42487E+01 5.00000E+00 3.40000E+01
 -1       129 1.40000E+01 5.00000E+00 2.37513E+01
 -1       130-1.70654E-13 5.00000E+00 2.00000E+01
 -1       131-1.40000E+01 5.00000E+00 2.37513E+01
 -1       132-2.42487E+01 5.00000E+00 3.40000E+01
 -1       133-2.80000E+01 5.00000E+00 4.80000E+01
 -1       134-2.42487E+01 5.00000E+00 6.20000E+01
 -1       135-1.40000E+01 5.00000E+00 7.22487E+01
 -1       136 7.24693E+00 5.00000E+00 7.50459E+01
 -1       137 1.97990E+01 5.00000E+00 6.77990E+01
 -1       138 2.70459E+01 5.00000E+00 5.52469E+01
 -1       139 2.70459E+01 5.00000E+00 4.07531E+01
 -1       140 1.97990E+01 5.00000E+00 2.82010E+01
 -1       141 7.24693E+00 5.00000E+00 2.09541E+01
 -1       142-7.24693E+00 5.00000E+00 2.09541E+01
 -1       143-1.97990E+01 5.00000E+00 2.82010E+01
 -1       144-2.70459E+01 5.00000E+00 4.07531E+01
 -1       145-2.70459E+01 5.00000E+00 5.52469E+01
 -1       146-1.97990E+01 5.00000E+00 6.77990E+01
 -1       147-7.24693E+00 5.00000E+00 7.50459E+01
 -1       148-6.86000E-15 0.00000E+00 7.60000E+01
 -1       149 1.40000E+01-5.00000E+00 7.22487E+01
 -1       150 2.42487E+01-5.00000E+00 6.20000E+01
 -1       151 2.80000E+01-5.00000E+00 4.80000E+01
 -1       152 2.42487E+01-5.00000E+00 3.40000E+01
 -1       153 1.40000E+01-5.00000E+00 2.37513E+01
 -1       154-1.70654E-13-5.00000E+00 2.00000E+01
 -1       155-1.40000E+01-5.00000E+00 2.37513E+01
 -1       156-2.42487E+01-5.00000E+00 3.40000E+01
 -1       157-2.80000E+01-5.00000E+00 4.80000E+01
 -1       158-2.42487E+01-5.00000E+00 6.20000E+01
 -1       159-1.40000E+01-5.00000E+00 7.22487E+01
 -1       160 7.24693E+00-5.00000E+00 7.50459E+01
 -1       161 1.97990E+01-5.00000E+00 6.77990E+01
 -1       162 2.70459E+01-5.00000E+00 5.52469E+01
 -1       163 2.70459E+01-5.00000E+00 4.07531E+01
 -1       164 1.97990E+01-5.00000E+00 2.82010E+01
 -1       165 7.24693E+00-5.00000E+00 2.09541E+01
 -1       166-7.24693E+00-5.00000E+00 2.09541E+01
 -1       167-1.97990E+01-5.00000E+00 2.82010E+01
 -1       168-2.70459E+01-5.00000E+00 4.07531E+01
 -1       169-2.70459E+01-5.00000E+00 5.52469E+01
 -1       170-1.97990E+01-5.00000E+00 6.77990E+01
 -1       171-7.24693E+00-5.00000E+00 7.50459E+01
 -1       172 5.17638E+00 0.00000E+00 2.11319E+02
 -1       173-5.17638E+00 0.00000E+00 2.11319E+02
 -1       174 1.00000E+01 0.00000E+00 2.09321E+02
 -1       175-1.00000E+01 0.00000E+00 2.09321E+02
 -1       176 1.41421E+01 0.00000E+00 2.06142E+02
 -1       177 1.93185E+01 0.00000E+00 1.97176E+02
 -1       178 2.00000E+01 0.00000E+00 1.92000E+02
 -1       179 1.73205E+01 0.00000E+00 2.02000E+02
 -1       180 1.93185E+01 0.00000E+00 1.86824E+02
 -1       181 1.73205E+01 0.00000E+00 1.82000E+02
 -1       182 1.41421E+01 0.00000E+00 1.77858E+02
 -1       183 1.00000E+01 0.00000E+00 1.74679E+02
 -1       184 5.17638E+00 0.00000E+00 1.72681E+02
 -1       185-5.17638E+00 0.00000E+00 1.72681E+02
 -1       186-1.13014E-13 0.00000E+00 1.72000E+02
 -1       187-1.41421E+01 0.00000E+00 1.77858E+02
 -1       188-1.73205E+01 0.00000E+00 1.82000E+02
 -1       189-1.00000E+01 0.00000E+00 1.74679E+02
 -1       190-1.93185E+01 0.00000E+00 1.86824E+02
 -1       191-1.93185E+01 0.00000E+00 1.97176E+02
 -1       192-1.73205E+01 0.00000E+00 2.02000E+02
 -1       193-2.00000E+01 0.00000E+00 1.92000E+02
 -1       194-1.41421E+01 0.00000E+00 2.06142E+02
 -1       195 3.41624E+00 5.00000E+00 2.04750E+02
 -1       196 9.33333E+00 5.00000E+00 1.82667E+02
 -1       197-3.47208E+00 5.00000E+00 2.04541E+02
 -1       198-9.28680E+00 5.00000E+00 2.01090E+02
 -1       199-1.27496E+01 5.00000E+00 1.88584E+02
 -1       200-1.23808E+01 5.00000E+00 1.95279E+02
 -1       201-9.12493E+00 5.00000E+00 1.82723E+02
 -1       202 3.26367E+00 5.00000E+00 1.79403E+02
 -1       203 1.25970E+01 5.00000E+00 1.88736E+02
 -1       204-3.31021E+00 5.00000E+00 1.79646E+02
 -1       205 9.27749E+00 5.00000E+00 2.01125E+02
 -1       206 1.23539E+01 5.00000E+00 1.95310E+02
 -1       207 6.70812E+00 5.00000E+00 2.07035E+02
 -1       208 1.70812E+00 5.00000E+00 2.08375E+02
 -1       209-1.73604E+00 5.00000E+00 2.08271E+02
 -1       210-6.73604E+00 5.00000E+00 2.06931E+02
 -1       211-2.79210E-02 5.00000E+00 2.04645E+02
 -1       212 1.70812E+00 5.00000E+00 2.02375E+02
 -1       213 3.70812E+00 5.00000E+00 2.01839E+02
 -1       214-3.73604E+00 5.00000E+00 2.01735E+02
 -1       215-1.73604E+00 5.00000E+00 2.02271E+02
 -1       216 1.32990E+01 5.00000E+00 2.01562E+02
 -1       217 9.63875E+00 5.00000E+00 2.05223E+02
 -1       218 6.34686E+00 5.00000E+00 2.02937E+02
 -1       219 1.61769E+01 5.00000E+00 1.93655E+02
 -1       220 1.48372E+01 5.00000E+00 1.98655E+02
 -1       221 1.08157E+01 5.00000E+00 1.98218E+02
 -1       222 1.49588E+01 5.00000E+00 1.85368E+02
 -1       223 1.62985E+01 5.00000E+00 1.90368E+02
 -1       224 1.24754E+01 5.00000E+00 1.92023E+02
 -1       225 9.66667E+00 5.00000E+00 1.78673E+02
 -1       226 1.33269E+01 5.00000E+00 1.82333E+02
 -1       227 1.09652E+01 5.00000E+00 1.85701E+02
 -1       228 1.63184E+00 5.00000E+00 1.75701E+02
 -1       229 6.63184E+00 5.00000E+00 1.77041E+02
 -1       230 6.29850E+00 5.00000E+00 1.81035E+02
 -1       231-6.65510E+00 5.00000E+00 1.77163E+02
 -1       232-1.65510E+00 5.00000E+00 1.75823E+02
 -1       233-2.32675E-02 5.00000E+00 1.79525E+02
 -1       234-1.32227E+01 5.00000E+00 1.82361E+02
 -1       235-9.56246E+00 5.00000E+00 1.78701E+02
 -1       236-6.21757E+00 5.00000E+00 1.81184E+02
 -1       237-1.63748E+01 5.00000E+00 1.90292E+02
 -1       238-1.50350E+01 5.00000E+00 1.85292E+02
 -1       239-1.09372E+01 5.00000E+00 1.85653E+02
 -1       240-1.48507E+01 5.00000E+00 1.98639E+02
 -1       241-1.61904E+01 5.00000E+00 1.93639E+02
 -1       242-1.25652E+01 5.00000E+00 1.91931E+02
 -1       243-9.64340E+00 5.00000E+00 2.05205E+02
 -1       244-1.33037E+01 5.00000E+00 2.01545E+02
 -1       245-1.08338E+01 5.00000E+00 1.98185E+02
 -1       246-6.37944E+00 5.00000E+00 2.02816E+02
 -1       247 6.63875E+00 5.00000E+00 2.00027E+02
 -1       248 8.10285E+00 5.00000E+00 1.98562E+02
 -1       249 9.64104E+00 5.00000E+00 1.95655E+02
 -1       250 1.01769E+01 5.00000E+00 1.93655E+02
 -1       251 1.02985E+01 5.00000E+00 1.90368E+02
 -1       252 9.76261E+00 5.00000E+00 1.88368E+02
 -1       253 8.13077E+00 5.00000E+00 1.85333E+02
 -1       254 6.66667E+00 5.00000E+00 1.83869E+02
 -1       255 3.63184E+00 5.00000E+00 1.82237E+02
 -1       256 1.63184E+00 5.00000E+00 1.81701E+02
 -1       257-1.65510E+00 5.00000E+00 1.81823E+02
 -1       258-3.65510E+00 5.00000E+00 1.82359E+02
 -1       259-6.56246E+00 5.00000E+00 1.83897E+02
 -1       260-8.02657E+00 5.00000E+00 1.85361E+02
 -1       261-9.83889E+00 5.00000E+00 1.88292E+02
 -1       262-1.03748E+01 5.00000E+00 1.90292E+02
 -1       263-1.01904E+01 5.00000E+00 1.93639E+02
 -1       264-9.65452E+00 5.00000E+00 1.95639E+02
 -1       265-8.10750E+00 5.00000E+00 1.98545E+02
 -1       266-6.64340E+00 5.00000E+00 2.00009E+02
 -1       267 3.41624E+00-5.00000E+00 2.04750E+02
 -1       268 9.33333E+00-5.00000E+00 1.82667E+02
 -1       269-3.47208E+00-5.00000E+00 2.04541E+02
 -1       270-9.28680E+00-5.00000E+00 2.01090E+02
 -1       271-1.27496E+01-5.00000E+00 1.88584E+02
 -1       272-1.23808E+01-5.00000E+00 1.95279E+02
 -1       273-9.12493E+00-5.00000E+00 1.82723E+02
 -1       274 3.26367E+00-5.00000E+00 1.79403E+02
 -1       275 1.25970E+01-5.00000E+00 1.88736E+02
 -1       276-3.31021E+00-5.00000E+00 1.79646E+02
 -1       277 9.27749E+00-5.00000E+00 2.01125E+02
 -1       278 1.23539E+01-5.00000E+00 1.95310E+02
 -1       279 1.70812E+00-5.00000E+00 2.08375E+02
 -1       280 6.70812E+00-5.00000E+00 2.07035E+02
 -1       281-6.73604E+00-5.00000E+00 2.06931E+02
 -1       282-1.73604E+00-5.00000E+00 2.08271E+02
 -1       283-2.79210E-02-5.00000E+00 2.04645E+02
 -1       284 3.70812E+00-5.00000E+00 2.01839E+02
 -1       285 1.70812E+00-5.00000E+00 2.02375E+02
 -1       286-1.73604E+00-5.00000E+00 2.02271E+02
 -1       287-3.73604E+00-5.00000E+00 2.01735E+02
 -1       288 9.63875E+00-5.00000E+00 2.05223E+02
 -1       289 1.32990E+01-5.00000E+00 2.01562E+02
 -1       290 6.34686E+00-5.00000E+00 2.02937E+02
 -1       291 1.48372E+01-5.00000E+00 1.98655E+02
 -1       292 1.61769E+01-5.00000E+00 1.93655E+02
 -1       293 1.08157E+01-5.00000E+00 1.98218E+02
 -1       294 1.62985E+01-5.00000E+00 1.90368E+02
 -1       295 1.49588E+01-5.00000E+00 1.85368E+02
 -1       296 1.24754E+01-5.00000E+00 1.92023E+02
 -1       297 1.33269E+01-5.00000E+00 1.82333E+02
 -1       298 9.66667E+00-5.00000E+00 1.78673E+02
 -1       299 1.09652E+01-5.00000E+00 1.85701E+02
 -1       300 6.63184E+00-5.00000E+00 1.77041E+02
 -1       301 1.63184E+00-5.00000E+00 1.75701E+02
 -1       302 6.29850E+00-5.00000E+00 1.81035E+02
 -1       303-1.65510E+00-5.00000E+00 1.75823E+02
 -1       304-6.65510E+00-5.00000E+00 1.77163E+02
 -1       305-2.32675E-02-5.00000E+00 1.79525E+02
 -1       306-9.56246E+00-5.00000E+00 1.78701E+02
 -1       307-1.32227E+01-5.00000E+00 1.82361E+02
 -1       308-6.21757E+00-5.00000E+00 1.81184E+02
 -1       309-1.50350E+01-5.00000E+00 1.85292E+02
 -1       310-1.63748E+01-5.00000E+00 1.90292E+02
 -1       311-1.09372E+01-5.00000E+00 1.85653E+02
 -1       312-1.61904E+01-5.00000E+00 1.93639E+02
 -1       313-1.48507E+01-5.00000E+00 1.98639E+02
 -1       314-1.25652E+01-5.00000E+00 1.91931E+02
 -1       315-1.33037E+01-5.00000E+00 2.01545E+02
 -1       316-9.64340E+00-5.00000E+00 2.05205E+02
 -1       317-1.08338E+01-5.00000E+00 1.98185E+02
 -1       318-6.37944E+00-5.00000E+00 2.02816E+02
 -1       319 8.10285E+00-5.00000E+00 1.98562E+02
 -1       320 6.63875E+00-5.00000E+00 2.00027E+02
 -1       321 1.01769E+01-5.00000E+00 1.93655E+02
 -1       322 9.64104E+00-5.00000E+00 1.95655E+02
 -1       323 9.76261E+00-5.00000E+00 1.88368E+02
 -1       324 1.02985E+01-5.00000E+00 1.90368E+02
 -1       325 6.66667E+00-5.00000E+00 1.83869E+02
 -1       326 8.13077E+00-5.00000E+00 1.85333E+02
 -1       327 1.63184E+00-5.00000E+00 1.81701E+02
 -1       328 3.63184E+00-5.00000E+00 1.82237E+02
 -1       329-3.65510E+00-5.00000E+00 1.82359E+02
 -1       330-1.65510E+00-5.00000E+00 1.81823E+02
 -1       331-8.02657E+00-5.00000E+00 1.85361E+02
 -1       332-6.56246E+00-5.00000E+00 1.83897E+02
 -1       333-1.03748E+01-5.00000E+00 1.90292E+02
 -1       334-9.83889E+00-5.00000E+00 1.88292E+02
 -1       335-9.65452E+00-5.00000E+00 1.95639E+02
 -1       336-1.01904E+01-5.00000E+00 1.93639E+02
 -1       337-6.64340E+00-5.00000E+00 2.00009E+02
 -1       338-8.10750E+00-5.00000E+00 1.98545E+02
 -1       339-7.75117E+00 4.09069E-04 1.93980E+02
 -1       340-5.90063E+00 8.58439E-03 1.97402E+02
 -1       341 5.90063E+00 8.58439E-03 1.97402E+02
 -1       342 7.75117E+00 4.09069E-04 1.93980E+02
 -1       343-7.72741E+00 0.00000E+00 1.89929E+02
 -1       344-5.65685E+00 0.00000E+00 1.86343E+02
 -1       345-2.07055E+00 3.33333E+00 1.99727E+02
 -1       346-3.33039E+00 3.82036E-01 1.99274E+02
 -1       347 3.33039E+00 3.82036E-01 1.99274E+02
 -1       348 2.07055E+00 3.33333E+00 1.99727E+02
 -1       349 1.81662E+00-2.08377E+00 1.99791E+02
 -1       350-1.81662E+00-2.08377E+00 1.99791E+02
 -1       351-2.07055E+00 0.00000E+00 1.84273E+02
 -1       352 2.07055E+00 0.00000E+00 1.84273E+02
 -1       353 5.65685E+00-8.88178E-16 1.86343E+02
 -1       354 7.72741E+00 0.00000E+00 1.89929E+02
 -1       355 1.04421E+00 4.16667E+00 1.99932E+02
 -1       356 3.06147E+00 4.16667E+00 1.99391E+02
 -1       357-1.04421E+00 4.16667E+00 1.99932E+02
 -1       358-3.06147E+00 4.16667E+00 1.99391E+02
 -1       359-1.04421E+00 2.50000E+00 1.99932E+02
 -1       360 1.04421E+00 2.50000E+00 1.99932E+02
 -1       361 9.14302E-01-3.54188E+00 1.99948E+02
 -1       362 2.94013E+00-3.54188E+00 1.99440E+02
 -1       363-9.14302E-01-3.54188E+00 1.99948E+02
 -1       364-2.94013E+00-3.54188E+00 1.99440E+02
 -1       365 9.14302E-01-1.87522E+00 1.99948E+02
 -1       366-9.14302E-01-1.87522E+00 1.99948E+02
 -1       367 5.00878E+00 2.50429E+00 1.98238E+02
 -1       368 6.45261E+00 2.50429E+00 1.96729E+02
 -1       369 4.70943E+00 1.95310E-01 1.98467E+02
 -1       370 3.66927E+00 2.69102E+00 1.99109E+02
 -1       371 2.70998E+00 1.85768E+00 1.99527E+02
 -1       372 7.40887E+00 2.50020E+00 1.95018E+02
 -1       373 7.93755E+00 2.50020E+00 1.92998E+02
 -1       374 7.03712E+00 4.49673E-03 1.95805E+02
 -1       375 7.93156E+00 2.50000E+00 1.90956E+02
 -1       376 7.39104E+00 2.50000E+00 1.88939E+02
 -1       377 7.99986E+00 2.04534E-04 1.91953E+02
 -1       378 6.34683E+00 2.50000E+00 1.87130E+02
 -1       379 4.87009E+00 2.50000E+00 1.85653E+02
 -1       380 6.92820E+00 0.00000E+00 1.88000E+02
 -1       381 3.06147E+00 2.50000E+00 1.84609E+02
 -1       382 1.04421E+00 2.50000E+00 1.84068E+02
 -1       383 4.00000E+00 0.00000E+00 1.85072E+02
 -1       384-3.06147E+00 2.50000E+00 1.84609E+02
 -1       385-1.04421E+00 2.50000E+00 1.84068E+02
 -1       386-4.16528E-14 0.00000E+00 1.84000E+02
 -1       387-4.87009E+00 2.50000E+00 1.85653E+02
 -1       388-6.34683E+00 2.50000E+00 1.87130E+02
 -1       389-4.00000E+00 0.00000E+00 1.85072E+02
 -1       390-7.39104E+00 2.50000E+00 1.88939E+02
 -1       391-7.93156E+00 2.50000E+00 1.90956E+02
 -1       392-6.92820E+00 0.00000E+00 1.88000E+02
 -1       393-7.93755E+00 2.50020E+00 1.92998E+02
 -1       394-7.40887E+00 2.50020E+00 1.95018E+02
 -1       395-7.99986E+00 2.04534E-04 1.91953E+02
 -1       396-6.45261E+00 2.50429E+00 1.96729E+02
 -1       397-5.00878E+00 2.50429E+00 1.98238E+02
 -1       398-7.03712E+00 4.49673E-03 1.95805E+02
 -1       399-4.70943E+00 1.95310E-01 1.98467E+02
 -1       400-3.66927E+00 2.69102E+00 1.99109E+02
 -1       401-2.70998E+00 1.85768E+00 1.99527E+02
 -1       402 6.45261E+00-2.49571E+00 1.96729E+02
 -1       403 5.00878E+00-2.49571E+00 1.98238E+02
 -1       404 3.66927E+00-2.30898E+00 1.99109E+02
 -1       405 2.58646E+00-8.50865E-01 1.99570E+02
 -1       406 7.93755E+00-2.49980E+00 1.92998E+02
 -1       407 7.40887E+00-2.49980E+00 1.95018E+02
 -1       408 7.39104E+00-2.50000E+00 1.88939E+02
 -1       409 7.93156E+00-2.50000E+00 1.90956E+02
 -1       410 4.87009E+00-2.50000E+00 1.85653E+02
 -1       411 6.34683E+00-2.50000E+00 1.87130E+02
 -1       412 1.04421E+00-2.50000E+00 1.84068E+02
 -1       413 3.06147E+00-2.50000E+00 1.84609E+02
 -1       414-1.04421E+00-2.50000E+00 1.84068E+02
 -1       415-3.06147E+00-2.50000E+00 1.84609E+02
 -1       416-6.34683E+00-2.50000E+00 1.87130E+02
 -1       417-4.87009E+00-2.50000E+00 1.85653E+02
 -1       418-7.93156E+00-2.50000E+00 1.90956E+02
 -1       419-7.39104E+00-2.50000E+00 1.88939E+02
 -1       420-7.40887E+00-2.49980E+00 1.95018E+02
 -1       421-7.93755E+00-2.49980E+00 1.92998E+02
 -1       422-5.00878E+00-2.49571E+00 1.98238E+02
 -1       423-6.45261E+00-2.49571E+00 1.96729E+02
 -1       424-3.66927E+00-2.30898E+00 1.99109E+02
 -1       425-2.58646E+00-8.50865E-01 1.99570E+02
 -1       426 9.14302E-01-2.08549E-01 1.99948E+02
 -1       427-9.14302E-01-2.08549E-01 1.99948E+02
 -1       428-1.70432E+00 1.02435E+00 1.99816E+02
 -1       429 1.70432E+00 1.02435E+00 1.99816E+02
 -1       430-5.00000E+00 0.00000E+00 1.14000E+02
 -1       431 5.00000E+00 0.00000E+00 1.14000E+02
 -1       432 0.00000E+00-3.00000E+00 1.14000E+02
 -1       433 0.00000E+00 3.00000E+00 1.14000E+02
 -1       434 0.00000E+00 0.00000E+00 4.80000E+01
 -1       435-2.50000E+00 1.50000E+00 4.80000E+01
 -1       436-2.50000E+00-1.50000E+00 4.80000E+01
 -1       437 2.50000E+00-1.50000E+00 4.80000E+01
 -1       438 2.50000E+00 1.50000E+00 4.80000E+01
 -1       439 0.00000E+00 0.00000E+00 1.80000E+02
 -1       440-2.50000E+00-1.50000E+00 1.80000E+02
 -1       441-2.50000E+00 1.50000E+00 1.80000E+02
 -1       442 2.50000E+00-1.50000E+00 1.80000E+02
 -1       443 2.50000E+00 1.50000E+00 1.80000E+02
 -1       444 7.24693E+00 0.00000E+00 7.50459E+01
 -1       445-7.24693E+00 0.00000E+00 7.50459E+01
 -1       446 1.40000E+01 0.00000E+00 7.22487E+01
 -1       447-1.40000E+01 0.00000E+00 7.22487E+01
 -1       448 1.97990E+01 0.00000E+00 6.77990E+01
 -1       449 2.42487E+01 0.00000E+00 6.20000E+01
 -1       450 2.70459E+01 0.00000E+00 5.52469E+01
 -1       451 2.80000E+01 0.00000E+00 4.80000E+01
 -1       452 2.70459E+01 0.00000E+00 4.07531E+01
 -1       453 1.97990E+01 0.00000E+00 2.82010E+01
 -1       454 2.42487E+01 0.00000E+00 3.40000E+01
 -1       455 7.24693E+00 0.00000E+00 2.09541E+01
 -1       456-1.70654E-13 0.00000E+00 2.00000E+01
 -1       457 1.40000E+01 0.00000E+00 2.37513E+01
 -1       458-7.24693E+00 0.00000E+00 2.09541E+01
 -1       459-1.40000E+01 0.00000E+00 2.37513E+01
 -1       460-1.97990E+01 0.00000E+00 2.82010E+01
 -1       461-2.42487E+01 0.00000E+00 3.40000E+01
 -1       462-2.70459E+01 0.00000E+00 4.07531E+01
 -1       463-2.70459E+01 0.00000E+00 5.52469E+01
 -1       464-2.42487E+01 0.00000E+00 6.20000E+01
 -1       465-2.80000E+01 0.00000E+00 4.80000E+01
 -1       466-1.97990E+01 0.00000E+00 6.77990E+01
 -1       467-7.17433E-15 5.00000E+00 4.80000E+01
 -1       468-3.75129E+00 5.00000E+00 6.20000E+01
 -1       469-1.40000E+01 5.00000E+00 5.17513E+01
 -1       470 3.75129E+00 5.00000E+00 3.40000E+01
 -1       471 1.40000E+01 5.00000E+00 4.42487E+01
 -1       472 1.02487E+01 5.00000E+00 5.82487E+01
 -1       473-1.02487E+01 5.00000E+00 3.77513E+01
 -1       474 5.12436E+00 5.00000E+00 6.71244E+01
 -1       475-1.40000E+01 5.00000E+00 6.20000E+01
 -1       476 1.91244E+01 5.00000E+00 5.31244E+01
 -1       477 1.40000E+01 5.00000E+00 3.40000E+01
 -1       478 9.56218E+00 5.00000E+00 6.96865E+01
 -1       479 2.56218E+00 5.00000E+00 7.15622E+01
 -1       480-1.87564E+00 5.00000E+00 6.90000E+01
 -1       481-8.87564E+00 5.00000E+00 6.71244E+01
 -1       482 6.86533E-01 5.00000E+00 6.45622E+01
 -1       483 1.72487E+01 5.00000E+00 6.01244E+01
 -1       484 1.21244E+01 5.00000E+00 6.52487E+01
 -1       485 7.68653E+00 5.00000E+00 6.26865E+01
 -1       486 2.35622E+01 5.00000E+00 5.05622E+01
 -1       487 2.16865E+01 5.00000E+00 5.75622E+01
 -1       488 1.46865E+01 5.00000E+00 5.56865E+01
 -1       489 1.91244E+01 5.00000E+00 3.91244E+01
 -1       490 2.10000E+01 5.00000E+00 4.61244E+01
 -1       491 1.65622E+01 5.00000E+00 4.86865E+01
 -1       492 1.40000E+01 5.00000E+00 2.88756E+01
 -1       493 1.91244E+01 5.00000E+00 3.40000E+01
 -1       494 1.40000E+01 5.00000E+00 3.91244E+01
 -1       495 1.87564E+00 5.00000E+00 2.70000E+01
 -1       496 8.87564E+00 5.00000E+00 2.88756E+01
 -1       497 8.87564E+00 5.00000E+00 3.40000E+01
 -1       498-1.21244E+01 5.00000E+00 3.07513E+01
 -1       499-5.12436E+00 5.00000E+00 2.88756E+01
 -1       500-3.24871E+00 5.00000E+00 3.58756E+01
 -1       501-1.72487E+01 5.00000E+00 3.58756E+01
 -1       502-2.10000E+01 5.00000E+00 4.98756E+01
 -1       503-1.91244E+01 5.00000E+00 4.28756E+01
 -1       504-1.21244E+01 5.00000E+00 4.47513E+01
 -1       505-1.91244E+01 5.00000E+00 5.68756E+01
 -1       506-1.40000E+01 5.00000E+00 6.71244E+01
 -1       507-1.91244E+01 5.00000E+00 6.20000E+01
 -1       508-1.40000E+01 5.00000E+00 5.68756E+01
 -1       509-8.87564E+00 5.00000E+00 6.20000E+01
 -1       510-7.00000E+00 5.00000E+00 4.98756E+01
 -1       511-8.87564E+00 5.00000E+00 5.68756E+01
 -1       512-1.87564E+00 5.00000E+00 5.50000E+01
 -1       513 3.24871E+00 5.00000E+00 6.01244E+01
 -1       514 5.12436E+00 5.00000E+00 5.31244E+01
 -1       515-5.12436E+00 5.00000E+00 4.28756E+01
 -1       516 7.00000E+00 5.00000E+00 4.61244E+01
 -1       517 8.87564E+00 5.00000E+00 3.91244E+01
 -1       518 1.87564E+00 5.00000E+00 4.10000E+01
 -1       519 1.21244E+01 5.00000E+00 5.12487E+01
 -1       520-7.17433E-15-5.00000E+00 4.80000E+01
 -1       521-3.75129E+00-5.00000E+00 6.20000E+01
 -1       522-1.40000E+01-5.00000E+00 5.17513E+01
 -1       523 3.75129E+00-5.00000E+00 3.40000E+01
 -1       524 1.40000E+01-5.00000E+00 4.42487E+01
 -1       525 1.02487E+01-5.00000E+00 5.82487E+01
 -1       526-1.02487E+01-5.00000E+00 3.77513E+01
 -1       527 5.12436E+00-5.00000E+00 6.71244E+01
 -1       528-1.40000E+01-5.00000E+00 6.20000E+01
 -1       529 1.91244E+01-5.00000E+00 5.31244E+01
 -1       530 1.40000E+01-5.00000E+00 3.40000E+01
 -1       531 2.56218E+00-5.00000E+00 7.15622E+01
 -1       532 9.56218E+00-5.00000E+00 6.96865E+01
 -1       533-8.87564E+00-5.00000E+00 6.71244E+01
 -1       534-1.87564E+00-5.00000E+00 6.90000E+01
 -1       535 6.86533E-01-5.00000E+00 6.45622E+01
 -1       536 1.21244E+01-5.00000E+00 6.52487E+01
 -1       537 1.72487E+01-5.00000E+00 6.01244E+01
 -1       538 7.68653E+00-5.00000E+00 6.26865E+01
 -1       539 2.16865E+01-5.00000E+00 5.75622E+01
 -1       540 2.35622E+01-5.00000E+00 5.05622E+01
 -1       541 1.46865E+01-5.00000E+00 5.56865E+01
 -1       542 2.10000E+01-5.00000E+00 4.61244E+01
 -1       543 1.91244E+01-5.00000E+00 3.91244E+01
 -1       544 1.65622E+01-5.00000E+00 4.86865E+01
 -1       545 1.91244E+01-5.00000E+00 3.40000E+01
 -1       546 1.40000E+01-5.00000E+00 2.88756E+01
 -1       547 1.40000E+01-5.00000E+00 3.91244E+01
 -1       548 8.87564E+00-5.00000E+00 2.88756E+01
 -1       549 1.87564E+00-5.00000E+00 2.70000E+01
 -1       550 8.87564E+00-5.00000E+00 3.40000E+01
 -1       551-5.12436E+00-5.00000E+00 2.88756E+01
 -1       552-1.21244E+01-5.00000E+00 3.07513E+01
 -1       553-3.24871E+00-5.00000E+00 3.58756E+01
 -1       554-1.72487E+01-5.00000E+00 3.58756E+01
 -1       555-1.91244E+01-5.00000E+00 4.28756E+01
 -1       556-2.10000E+01-5.00000E+00 4.98756E+01
 -1       557-1.21244E+01-5.00000E+00 4.47513E+01
 -1       558-1.91244E+01-5.00000E+00 5.68756E+01
 -1       559-1.91244E+01-5.00000E+00 6.20000E+01
 -1       560-1.40000E+01-5.00000E+00 6.71244E+01
 -1       561-1.40000E+01-5.00000E+00 5.68756E+01
 -1       562-8.87564E+00-5.00000E+00 6.20000E+01
 -1       563-1.87564E+00-5.00000E+00 5.50000E+01
 -1       564-8.87564E+00-5.00000E+00 5.68756E+01
 -1       565-7.00000E+00-5.00000E+00 4.98756E+01
 -1       566 5.12436E+00-5.00000E+00 5.31244E+01
 -1       567 3.24871E+00-5.00000E+00 6.01244E+01
 -1       568-5.12436E+00-5.00000E+00 4.28756E+01
 -1       569 1.87564E+00-5.00000E+00 4.10000E+01
 -1       570 8.87564E+00-5.00000E+00 3.91244E+01
 -1       571 7.00000E+00-5.00000E+00 4.61244E+01
 -1       572 1.21244E+01-5.00000E+00 5.12487E+01
 -1       573 1.52876E+01-7.21677E-17 1.95835E+02
 -1       574 9.27495E+00 0.00000E+00 2.02785E+02
 -1       575 1.87907E+00 1.77636E-15 2.04591E+02
 -1       576 1.63041E+01-2.50000E+00 1.98918E+02
 -1       577 1.76438E+01-2.50000E+00 1.93918E+02
 -1       578 1.63041E+01 2.50000E+00 1.98918E+02
 -1       579 1.76438E+01 2.50000E+00 1.93918E+02
 -1       580 5.70194E+00 2.50000E+00 1.83470E+02
 -1       581 7.49509E+00 2.50000E+00 1.84505E+02
 -1       582 5.70194E+00-2.50000E+00 1.83470E+02
 -1       583 7.49509E+00-2.50000E+00 1.84505E+02
 -1       584 9.33333E+00 0.00000E+00 1.82667E+02
 -1       585 5.96561E-01 2.50000E+00 1.81838E+02
 -1       586 2.66711E+00 2.50000E+00 1.81838E+02
 -1       587 5.96561E-01-2.50000E+00 1.81838E+02
 -1       588 2.66711E+00-2.50000E+00 1.81838E+02
 -1       589 3.26367E+00 0.00000E+00 1.79403E+02
 -1       590-7.39089E+00-2.50000E+00 1.84533E+02
 -1       591-9.12493E+00 0.00000E+00 1.82723E+02
 -1       592-7.39089E+00 2.50000E+00 1.84533E+02
 -1       593-5.59774E+00 2.50000E+00 1.83498E+02
 -1       594-5.59774E+00-2.50000E+00 1.83498E+02
 -1       595 1.01622E+01 2.50000E+00 1.89333E+02
 -1       596 1.01741E+01 2.50020E+00 1.91358E+02
 -1       597 1.01741E+01-2.49980E+00 1.91358E+02
 -1       598 1.25970E+01 0.00000E+00 1.88736E+02
 -1       599 1.01622E+01-2.50000E+00 1.89333E+02
 -1       600-9.14074E+00 2.50429E+00 1.96341E+02
 -1       601-1.00660E+01 2.50020E+00 1.94629E+02
 -1       602-1.00660E+01-2.49980E+00 1.94629E+02
 -1       603-1.23808E+01 0.00000E+00 1.95279E+02
 -1       604-9.14074E+00-2.49571E+00 1.96341E+02
 -1       605-6.30859E+00 2.69102E+00 2.00182E+02
 -1       606-3.40123E+00 2.69102E+00 2.01908E+02
 -1       607-3.47208E+00 0.00000E+00 2.04541E+02
 -1       608-3.40123E+00-2.30898E+00 2.01908E+02
 -1       609-6.37944E+00 0.00000E+00 2.02816E+02
 -1       610 6.29850E+00 0.00000E+00 1.81035E+02
 -1       611-6.30859E+00-2.30898E+00 2.00182E+02
 -1       612-9.28680E+00 0.00000E+00 2.01090E+02
 -1       613 1.24754E+01 0.00000E+00 1.92023E+02
 -1       614 1.00525E+01-2.49980E+00 1.94645E+02
 -1       615-6.21757E+00 0.00000E+00 1.81184E+02
 -1       616-2.69038E+00 2.50000E+00 1.81959E+02
 -1       617-2.69038E+00-2.50000E+00 1.81959E+02
 -1       618-2.32675E-02 0.00000E+00 1.79525E+02
 -1       619-7.59371E+00 2.50429E+00 1.99246E+02
 -1       620-1.08338E+01 0.00000E+00 1.98185E+02
 -1       621-7.59371E+00-2.49571E+00 1.99246E+02
 -1       622 1.00525E+01 2.50020E+00 1.94645E+02
 -1       623 1.23539E+01 0.00000E+00 1.95310E+02
 -1       624-3.31021E+00 0.00000E+00 1.79646E+02
 -1       625 9.39533E-01 8.33333E-01 2.02296E+02
 -1       626 9.39533E-01-8.33333E-01 2.02296E+02
 -1       627 3.12217E-02-1.04188E+00 2.02191E+02
 -1       628-2.77132E+00 4.16667E+00 2.02134E+02
 -1       629-1.73604E+00 3.33333E+00 2.02271E+02
 -1       630-7.25661E-01 1.91018E-01 2.01933E+02
 -1       631-1.27496E+01 0.00000E+00 1.88584E+02
 -1       632-1.63748E+01 0.00000E+00 1.90292E+02
 -1       633-1.25652E+01 0.00000E+00 1.91931E+02
 -1       634-1.73604E+00 0.00000E+00 2.08271E+02
 -1       635-7.96507E-01 2.50000E+00 2.04566E+02
 -1       636-7.96507E-01-2.50000E+00 2.04566E+02
 -1       637 9.39533E-01 2.50000E+00 2.08296E+02
 -1       638 9.12693E+00 2.50000E+00 1.87540E+02
 -1       639 9.12693E+00-2.50000E+00 1.87540E+02
 -1       640-8.42617E+00-2.50000E+00 1.86326E+02
 -1       641-8.42617E+00 2.50000E+00 1.86326E+02
 -1       642-9.64340E+00 0.00000E+00 2.05205E+02
 -1       643-1.48507E+01 0.00000E+00 1.98639E+02
 -1       644-2.64435E+00-3.54188E+00 2.02166E+02
 -1       645-1.00541E+01 2.50000E+00 1.92604E+02
 -1       646-1.00541E+01-2.50000E+00 1.92604E+02
 -1       647 2.74339E+00 4.16667E+00 2.02238E+02
 -1       648 3.37331E+00 2.69102E+00 2.02012E+02
 -1       649 9.12725E+00 2.50429E+00 1.96356E+02
 -1       650 7.58779E+00 4.29219E-03 2.00093E+02
 -1       651 1.08144E+01 2.50000E+00 1.99047E+02
 -1       652 8.51306E+00 2.04534E-04 1.98382E+02
 -1       653 9.12725E+00-2.49571E+00 1.96356E+02
 -1       654 1.08144E+01-2.50000E+00 1.99047E+02
 -1       655-1.50350E+01 0.00000E+00 1.85292E+02
 -1       656-6.73604E+00 0.00000E+00 2.06931E+02
 -1       657-1.33037E+01 0.00000E+00 2.01545E+02
 -1       658-1.61904E+01 0.00000E+00 1.93639E+02
 -1       659 5.54579E+00-1.04188E+00 2.01288E+02
 -1       660 6.30267E+00 1.91018E-01 2.01029E+02
 -1       661 6.63748E+00-2.50000E+00 2.00856E+02
 -1       662 1.09652E+01 0.00000E+00 1.85701E+02
 -1       663 1.33269E+01 0.00000E+00 1.82333E+02
 -1       664 9.66667E+00 0.00000E+00 1.78673E+02
 -1       665-1.09372E+01 0.00000E+00 1.85653E+02
 -1       666-1.02385E+01-2.50000E+00 1.89257E+02
 -1       667-1.02385E+01 2.50000E+00 1.89257E+02
 -1       668 6.63184E+00 0.00000E+00 1.77041E+02
 -1       669-1.32227E+01 0.00000E+00 1.82361E+02
 -1       670 1.49588E+01 0.00000E+00 1.85368E+02
 -1       671 1.63184E+00 0.00000E+00 1.75701E+02
 -1       672-9.56246E+00 0.00000E+00 1.78701E+02
 -1       673-6.65510E+00 0.00000E+00 1.77163E+02
 -1       674-1.65510E+00 0.00000E+00 1.75823E+02
 -1       675 1.38207E+01-2.50000E+00 1.95573E+02
 -1       676 1.38207E+01 2.50000E+00 1.95573E+02
 -1       677 1.22813E+01-3.60838E-17 1.99310E+02
 -1       678 7.58906E+00-2.49571E+00 1.99264E+02
 -1       679 9.39533E-01-2.50000E+00 2.08296E+02
 -1       680 7.58906E+00 2.50429E+00 1.99264E+02
 -1       681 1.62985E+01 0.00000E+00 1.90368E+02
 -1       682 2.61643E+00-3.54188E+00 2.02270E+02
 -1       683 6.34559E+00-2.50000E+00 2.03767E+02
 -1       684 9.27622E+00-2.50000E+00 2.01955E+02
 -1       685 9.27622E+00 2.50000E+00 2.01955E+02
 -1       686 6.30394E+00 2.69102E+00 2.00199E+02
 -1       687 1.32977E+01 2.50000E+00 2.02392E+02
 -1       688 9.63748E+00-2.50000E+00 2.06053E+02
 -1       689 1.32977E+01-2.50000E+00 2.02392E+02
 -1       690 1.97481E+00 1.66667E+00 2.02159E+02
 -1       691 2.64765E+00 2.50000E+00 2.04670E+02
 -1       692 2.60473E+00 1.91018E-01 2.01933E+02
 -1       693 5.93953E+00 2.50000E+00 2.06956E+02
 -1       694 9.39533E-01 2.50000E+00 2.02296E+02
 -1       695 1.84784E+00-1.04188E+00 2.02191E+02
 -1       696 9.63748E+00 2.50000E+00 2.06053E+02
 -1       697 5.93953E+00-2.50000E+00 2.06956E+02
 -1       698 6.34559E+00 2.50000E+00 2.03767E+02
 -1       699 5.57701E+00 8.88178E-16 2.03688E+02
 -1       700 2.64765E+00-2.50000E+00 2.04670E+02
 -1       701 9.39533E-01-2.50000E+00 2.02296E+02
 -1       702 1.39423E+01-2.50000E+00 1.92286E+02
 -1       703 1.39423E+01 2.50000E+00 1.92286E+02
 -1       704-2.50000E+00-1.50000E+00 1.14000E+02
 -1       705-2.50000E+00 1.50000E+00 1.14000E+02
 -1       706 0.00000E+00 0.00000E+00 1.14000E+02
 -1       707 2.50000E+00 1.50000E+00 1.14000E+02
 -1       708 2.50000E+00-1.50000E+00 1.14000E+02
 -1       709 8.97538E+00-8.97666E-01 6.54932E+01
 -1       710 5.93538E+00-1.29602E-02 2.59214E+01
 -1       711-6.01192E+00-5.00000E-01 2.83632E+01
 -1       712-3.00596E+00-2.75000E+00 2.41816E+01
 -1       713-1.13032E+00-2.75000E+00 3.11816E+01
 -1       714-8.13032E+00-2.75000E+00 3.30572E+01
 -1       715-1.00060E+01-2.75000E+00 2.60572E+01
 -1       716 8.87564E+00 0.00000E+00 2.88756E+01
 -1       717 3.75129E+00 0.00000E+00 3.40000E+01
 -1       718 4.84333E+00 2.49352E+00 2.99607E+01
 -1       719 4.84333E+00-2.50648E+00 2.99607E+01
 -1       720 9.96769E+00-2.50648E+00 2.48364E+01
 -1       721 9.96769E+00 2.49352E+00 2.48364E+01
 -1       722 5.12436E+00 0.00000E+00 6.71244E+01
 -1       723 9.56218E+00 0.00000E+00 6.96865E+01
 -1       724 1.14877E+01-2.94883E+00 6.88709E+01
 -1       725 7.04987E+00 2.05117E+00 6.63088E+01
 -1       726 7.04987E+00-2.94883E+00 6.63088E+01
 -1       727 1.87564E+00 0.00000E+00 2.70000E+01
 -1       728 2.96769E+00 2.49352E+00 2.29607E+01
 -1       729-1.21244E+01 0.00000E+00 3.07513E+01
 -1       730-8.13032E+00 2.25000E+00 3.30572E+01
 -1       731-1.00060E+01 2.25000E+00 2.60572E+01
 -1       732 2.96769E+00-2.50648E+00 2.29607E+01
 -1       733 1.40000E+01 0.00000E+00 2.88756E+01
 -1       734 8.87564E+00 0.00000E+00 3.40000E+01
 -1       735 1.40000E+01 0.00000E+00 3.40000E+01
 -1       736 1.91244E+01 0.00000E+00 5.31244E+01
 -1       737 1.46865E+01 0.00000E+00 5.56865E+01
 -1       738 1.65622E+01 0.00000E+00 4.86865E+01
 -1       739 1.40000E+01 0.00000E+00 3.91244E+01
 -1       740-8.87564E+00 0.00000E+00 6.20000E+01
 -1       741-1.40000E+01 0.00000E+00 6.71244E+01
 -1       742-1.40000E+01 0.00000E+00 6.20000E+01
 -1       743 2.35622E+01 0.00000E+00 5.05622E+01
 -1       744-1.02487E+01 0.00000E+00 3.77513E+01
 -1       745 7.00000E+00 0.00000E+00 4.61244E+01
 -1       746 1.87564E+00 0.00000E+00 4.10000E+01
 -1       747 5.12436E+00 0.00000E+00 5.31244E+01
 -1       748 8.87564E+00 0.00000E+00 3.91244E+01
 -1       749 1.21244E+01 0.00000E+00 5.12487E+01
 -1       750 1.02487E+01 0.00000E+00 5.82487E+01
 -1       751-1.87564E+00 0.00000E+00 5.50000E+01
 -1       752 1.40000E+01 0.00000E+00 4.42487E+01
 -1       753 3.24871E+00 0.00000E+00 6.01244E+01
 -1       754-3.75129E+00 0.00000E+00 6.20000E+01
 -1       755 2.56218E+00 0.00000E+00 7.15622E+01
 -1       756 2.16865E+01 0.00000E+00 5.75622E+01
 -1       757 1.91244E+01 0.00000E+00 3.40000E+01
 -1       758-1.91244E+01 0.00000E+00 6.20000E+01
 -1       759 6.86533E-01 0.00000E+00 6.45622E+01
 -1       760-1.87564E+00 0.00000E+00 6.90000E+01
 -1       761 1.14877E+01 2.05117E+00 6.88709E+01
 -1       762-8.87564E+00 0.00000E+00 6.71244E+01
 -1       763 2.10000E+01 0.00000E+00 4.61244E+01
 -1       764-3.24871E+00 0.00000E+00 3.58756E+01
 -1       765 1.91244E+01 0.00000E+00 3.91244E+01
 -1       766 9.61204E+00-2.94883E+00 6.18709E+01
 -1       767-1.40000E+01 0.00000E+00 5.68756E+01
 -1       768-2.10000E+01 0.00000E+00 4.98756E+01
 -1       769 1.72487E+01 0.00000E+00 6.01244E+01
 -1       770-8.87564E+00 0.00000E+00 5.68756E+01
 -1       771-7.00000E+00 0.00000E+00 4.98756E+01
 -1       772-5.12436E+00 0.00000E+00 4.28756E+01
 -1       773-1.91244E+01 0.00000E+00 4.28756E+01
 -1       774-1.40000E+01 0.00000E+00 5.17513E+01
 -1       775-1.91244E+01 0.00000E+00 5.68756E+01
 -1       776-1.21244E+01 0.00000E+00 4.47513E+01
 -1       777-1.72487E+01 0.00000E+00 3.58756E+01
 -1       778 9.61204E+00 2.05117E+00 6.18709E+01
 -1       779 1.66120E+01-2.94883E+00 6.37466E+01
 -1       780 2.61204E+00 2.05117E+00 6.37466E+01
 -1       781 2.61204E+00-2.94883E+00 6.37466E+01
 -1       782-3.00596E+00 2.25000E+00 2.41816E+01
 -3
    3C                           339                                     1
 -1       388    6    0    1
 -2        41        40        16       573        52       179       177       577       576       578
 -1       389    6    0    1
 -2        41        16        17       573       177        28       178       577       578       579
 -1       390    6    0    1
 -2       353       352       196       268       383       580       581       583       582       584
 -1       391    6    0    1
 -2       352       351       202       274       386       585       586       588       587       589
 -1       392    6    0    1
 -2       201       344       273       351       592       590       591       593       389       594
 -1       393    6    0    1
 -2       203       342       354       275       596       377       595       598       597       599
 -1       394    6    0    1
 -2       200       339       340       272       601       398       600       603       602       604
 -1       395    6    0    1
 -2       346       197       198       269       606       246       605       608       607       609
 -1       396    6    0    1
 -2       274       196       352       268       610       580       588       302       584       582
 -1       397    6    0    1
 -2       198       270       346       269       612       611       605       609       318       608
 -1       398    6    0    1
 -2       196       352       202       274       580       586       230       610       588       589
 -1       399    6    0    1
 -2       342       203       278       275       596       613       614       597       598       296
 -1       400    6    0    1
 -2       204       201       273       351       236       591       615       616       593       594
 -1       401    6    0    1
 -2       276       202       351       274       618       585       617       305       589       587
 -1       402    6    0    1
 -2       272       340       198       270       604       619       620       317       621       612
 -1       403    6    0    1
 -2       278       342       206       203       614       622       623       613       596       224
 -1       404    6    0    1
 -2       276       204       273       351       624       615       308       617       616       594
 -1       405    6    0    1
 -2       351       276       204       202       617       624       616       585       618       233
 -1       406    6    0    1
 -2       200       340       198       272       600       619       245       603       604       620
 -1       407    6    0    1
 -2       198       340       346       270       619       399       605       612       621       611
 -1       408    6    0    1
 -2       108       109       350       575       111       427       366       626       625       627
 -1       409    6    0    1
 -2       345       346       109       197       401       428       359       628       606       629
 -1       410    6    0    1
 -2       109       346       350       575       428       425       427       625       630       627
 -1       411    6    0    1
 -2       199        47       271       272       632       310       631       633       312       314
 -1       412    6    0    1
 -2       269       197         1       575       607       209       634       636       635       637
 -1       413    6    0    1
 -2       353        65       354       203       378       376       380       638       252       595
 -1       414    6    0    1
 -2       354        88       353       275       408       411       380       599       323       639
 -1       415    6    0    1
 -2       344       273        92       343       590       331       416       392       640       419
 -1       416    6    0    1
 -2       343        69       344       201       390       388       392       641       260       592
 -1       417    6    0    1
 -2       269       198       270        49       609       612       318       281       642       316
 -1       418    6    0    1
 -2       198        24       200       272       244       240       245       620       643       603
 -1       419    6    0    1
 -2       269       350       346       575       644       425       608       636       627       630
 -1       420    6    0    1
 -2       346        95       350       269       424       364       425       608       287       644
 -1       421    6    0    1
 -2       342        87       354       275       406       409       377       597       324       599
 -1       422    6    0    1
 -2        64       342       354       203       373       377       375       251       596       595
 -1       423    6    0    1
 -2       343       339        70       200       395       393       391       645       601       263
 -1       424    6    0    1
 -2       272       343       339        93       646       395       602       336       418       421
 -1       425    6    0    1
 -2       195       348        62       347       647       356       213       648       371       370
 -1       426    6    0    1
 -2       206       341       342       574       649       374       622       651       650       652
 -1       427    6    0    1
 -2       342       341       278       574       374       653       614       652       650       654
 -1       428    6    0    1
 -2        72       346       345       197       400       401       358       214       606       628
 -1       429    6    0    1
 -2       278       206       342       574       623       622       614       654       651       652
 -1       430    6    0    1
 -2       272       339       340        94       602       398       604       335       420       423
 -1       431    6    0    1
 -2       199        46       271        47       655       309       631       632        58       310
 -1       432    6    0    1
 -2       340        71       339       200       396       394       398       600       264       601
 -1       433    6    0    1
 -2       341       278        86       342       653       322       402       374       614       407
 -1       434    6    0    1
 -2       206       341        63       342       649       368       249       622       374       372
 -1       435    6    0    1
 -2        25         1       269       197        37       634       656       210       209       607
 -1       436    6    0    1
 -2        48       270       198        49       315       612       657        60       316       642
 -1       437    6    0    1
 -2        24        23       200       272        35       241       240       643       658       603
 -1       438    6    0    1
 -2       347       349        85       574       405       362       404       660       659       661
 -1       439    6    0    1
 -2       196       275       268        42       662       299       584       663       295       297
 -1       440    6    0    1
 -2        43       196       274       268       664       610       300       298       584       302
 -1       441    6    0    1
 -2        46       273       199       271       307       665       655       309       311       631
 -1       442    6    0    1
 -2       197       346       109       575       606       428       629       635       630       625
 -1       443    6    0    1
 -2        65       353       196       203       378       581       253       252       638       227
 -1       444    6    0    1
 -2       268       353        88       275       583       411       326       299       639       323
 -1       445    6    0    1
 -2       271        92       273       343       334       331       311       666       419       640
 -1       446    6    0    1
 -2        69       343       199       201       390       667       261       260       641       239
 -1       447    6    0    1
 -2       196       202        43       274       230       668       664       610       589       300
 -1       448    6    0    1
 -2        46       199       273       201       655       665       307       669       239       591
 -1       449    6    0    1
 -2       275       196       203        42       662       227       598       295       663       670
 -1       450    6    0    1
 -2       198       197        25       269       246       210       243       609       607       656
 -1       451    6    0    1
 -2       199        23       272       200       237       658       633       242       241       603
 -1       452    6    0    1
 -2       202       276        44       274       618       303       671       589       305       301
 -1       453    6    0    1
 -2       273       204        21       201       615       231       672       591       236       235
 -1       454    6    0    1
 -2        48       272       198       270       313       620       657       315       317       612
 -1       455    6    0    1
 -2       273       276        21       204       308       673       672       615       624       231
 -1       456    6    0    1
 -2       204       276        44       202       624       303       674       233       618       671
 -1       457    6    0    1
 -2       343        70       199       200       391       262       667       645       263       242
 -1       458    6    0    1
 -2       343       272       271        93       646       314       666       418       336       333
 -1       459    6    0    1
 -2        95       346       340       270       424       399       422       337       611       621
 -1       460    6    0    1
 -2       346       197       269       575       606       607       608       630       635       636
 -1       461    6    0    1
 -2       206       278       573       574       623       675       676       651       654       677
 -1       462    6    0    1
 -2        87       342       278       275       406       614       321       324       597       296
 -1       463    6    0    1
 -2       342        64       206       203       373       250       622       596       251       224
 -1       464    6    0    1
 -2        18       203       196        42       222       227       226       181       670       663
 -1       465    6    0    1
 -2       199        46        22       201       655       188       238       239       669       234
 -1       466    6    0    1
 -2         3       345       109       197       357       359       112       215       628       629
 -1       467    6    0    1
 -2       199       272        23        47       633       658       237       632       312       193
 -1       468    6    0    1
 -2       272        94       340       270       335       423       604       317       338       621
 -1       469    6    0    1
 -2        71       340       198       200       396       619       265       264       600       245
 -1       470    6    0    1
 -2       198       269        25        49       609       656       243       642       281       175
 -1       471    6    0    1
 -2       277       278        86       341       293       322       319       678       653       402
 -1       472    6    0    1
 -2         2       269         1       575       282       634        38       679       636       637
 -1       473    6    0    1
 -2       206       205        63       341       221       248       249       649       680       368
 -1       474    6    0    1
 -2       346       270        95       269       611       337       424       608       318       287
 -1       475    6    0    1
 -2        21       276       273        45       673       308       672       189       304       306
 -1       476    6    0    1
 -2       198        48        24       272       657       192       244       620       313       643
 -1       477    6    0    1
 -2        42       196        43       268       663       664        54       297       584       298
 -1       478    6    0    1
 -2        43       202        44       274       668       671        55       300       589       301
 -1       479    6    0    1
 -2        17       275       203        42       681       598       223       180       295       670
 -1       480    6    0    1
 -2        46       273        21       201       307       672       187       669       591       235
 -1       481    6    0    1
 -2        44        21       276       204       185       673       303       674       231       624
 -1       482    6    0    1
 -2        85       349       267       574       362       682       284       661       659       683
 -1       483    6    0    1
 -2       277       278       341       574       293       653       678       684       654       650
 -1       484    6    0    1
 -2       206       205       341       574       221       680       649       651       685       650
 -1       485    6    0    1
 -2       341       347        85       574       369       404       403       650       660       661
 -1       486    6    0    1
 -2       195        62       205       347       213       247       218       648       370       686
 -1       487    6    0    1
 -2        72       340       346       198       397       399       400       266       619       605
 -1       488    6    0    1
 -2        39        16        40       574       176       179        51       688       687       689
 -1       489    6    0    1
 -2       205       347        62       341       686       370       247       680       369       367
 -1       490    6    0    1
 -2        72       198       346       197       266       605       400       214       246       606
 -1       491    6    0    1
 -2        21        44       276        45       185       303       673       189        56       304
 -1       492    6    0    1
 -2        22        23        46       199        34       190       188       238       237       655
 -1       493    6    0    1
 -2        46       199        23        47       655       237       190        58       632       193
 -1       494    6    0    1
 -2       196        19        18        42       225        30       226       663       182       181
 -1       495    6    0    1
 -2       272        23        48        24       658       191       313       643        35       192
 -1       496    6    0    1
 -2       272        48        23        47       313       191       658       312        59       193
 -1       497    6    0    1
 -2       195       348       347       575       647       371       648       691       690       692
 -1       498    6    0    1
 -2        21       273        46        45       672       307       187       189       306        57
 -1       499    6    0    1
 -2         2        25       269        49       173       656       282        61       175       281
 -1       500    6    0    1
 -2        21        22        46       201        33       188       187       235       234       669
 -1       501    6    0    1
 -2       203        18        17        42       222        29       223       670       181       180
 -1       502    6    0    1
 -2        25       269         1         2       656       634        37       173       282        38
 -1       503    6    0    1
 -2        48       198        25        49       657       243       194        60       642       175
 -1       504    6    0    1
 -2       198        25        24        48       243        36       244       657       194       192
 -1       505    6    0    1
 -2        15         2         1       575       172        38        26       693       679       637
 -1       506    6    0    1
 -2       277        40       278       574       289       291       293       684       689       654
 -1       507    6    0    1
 -2        15         1       195       575        26       208       207       693       637       691
 -1       508    6    0    1
 -2         3       197       109       575       215       629       112       694       635       625
 -1       509    6    0    1
 -2       278        40       573       574       291       576       675       654       689       677
 -1       510    6    0    1
 -2       196        43       202        19       664       668       230       225       183       229
 -1       511    6    0    1
 -2        20       204        44       202       232       674       186       228       233       671
 -1       512    6    0    1
 -2       353       196        66        65       581       254       379       378       253        77
 -1       513    6    0    1
 -2       343        69       199        70       390       261       667       391        81       262
 -1       514    6    0    1
 -2       343       271        92        93       666       334       419       418       333       104
 -1       515    6    0    1
 -2       353        88        89       268       411       100       410       583       326       325
 -1       516    6    0    1
 -2       108       349       109       575       365       426       111       626       695       625
 -1       517    6    0    1
 -2        94        95       340       270       106       422       423       338       337       621
 -1       518    6    0    1
 -2        89       352       274        90       413       588       328       101       412       327
 -1       519    6    0    1
 -2        67       202        66       352       256       255        78       382       586       381
 -1       520    6    0    1
 -2        64       354        65       203       375       376        76       251       595       252
 -1       521    6    0    1
 -2        91       273        92       344       332       331       103       417       590       416
 -1       522    6    0    1
 -2       344       201        69        68       592       260       388       387       259        80
 -1       523    6    0    1
 -2       354        87        88       275       409        99       408       599       324       323
 -1       524    6    0    1
 -2       347       348       109       575       371       360       429       692       690       625
 -1       525    6    0    1
 -2        16        39        15       574       176       174        27       687       688       696
 -1       526    6    0    1
 -2       340       198        72        71       619       266       397       396       265        83
 -1       527    6    0    1
 -2       277        86        85       341       319        97       320       678       402       403
 -1       528    6    0    1
 -2        62        63       205       341        74       248       247       367       368       680
 -1       529    6    0    1
 -2        85       277       341       574       320       678       403       661       684       650
 -1       530    6    0    1
 -2       351        91       276        90       415       329       617       414       102       330
 -1       531    6    0    1
 -2        68       204        67       351       258       257        79       384       616       385
 -1       532    6    0    1
 -2        21        44        20       204       185       186        32       231       674       232
 -1       533    6    0    1
 -2        42        43       196        19        54       664       663       182       183       225
 -1       534    6    0    1
 -2        86       342       278        87       407       614       322        98       406       321
 -1       535    6    0    1
 -2       206       342        63        64       622       372       249       250       373        75
 -1       536    6    0    1
 -2        17        41       275        42       178       294       681       180        53       295
 -1       537    6    0    1
 -2       202        20        19        43       228        31       229       668       184       183
 -1       538    6    0    1
 -2        43        44       202        20        55       671       668       184       186       228
 -1       539    6    0    1
 -2        39         2        15       575        50       172       174       697       679       693
 -1       540    6    0    1
 -2         3        62       195       348        73       213       212       355       356       647
 -1       541    6    0    1
 -2       339        94       272        93       420       335       602       421       105       336
 -1       542    6    0    1
 -2        71        70       339       200        82       393       394       264       263       601
 -1       543    6    0    1
 -2       205       195       347       574       218       648       686       685       698       660
 -1       544    6    0    1
 -2         1       197       195       575       209       211       208       637       635       691
 -1       545    6    0    1
 -2       195       347       574       575       648       660       698       691       692       699
 -1       546    6    0    1
 -2       267         2        39       575       279        50       280       700       679       697
 -1       547    6    0    1
 -2        15       195       574       575       207       698       696       693       691       699
 -1       548    6    0    1
 -2       267        39       574       575       280       688       683       700       697       699
 -1       549    6    0    1
 -2       205       347       341       574       686       369       680       685       660       650
 -1       550    6    0    1
 -2        85       267       277       574       284       290       320       661       683       684
 -1       551    6    0    1
 -2       205       206        16       574       221       220       216       685       651       687
 -1       552    6    0    1
 -2         3        72       345       197        84       358       357       215       214       628
 -1       553    6    0    1
 -2        16       206       573       574       220       676       578       687       651       677
 -1       554    6    0    1
 -2       573        40        16       574       576       179       578       677       689       687
 -1       555    6    0    1
 -2       109       349       347       575       426       405       429       625       695       692
 -1       556    6    0    1
 -2       267        85         4       349       284        96       285       682       362       361
 -1       557    6    0    1
 -2       195       197         3       575       211       215       212       691       635       694
 -1       558    6    0    1
 -2         4       269       267       575       286       283       285       701       636       700
 -1       559    6    0    1
 -2       574        39        15       575       688       174       696       699       697       693
 -1       560    6    0    1
 -2       278        40        41       573       291        52       292       675       576       577
 -1       561    6    0    1
 -2        39        40       277       574        51       289       288       688       689       684
 -1       562    6    0    1
 -2       350        95         4       269       364       107       363       644       287       286
 -1       563    6    0    1
 -2       267       269         2       575       283       282       279       700       636       679
 -1       564    6    0    1
 -2        17        16       206       573        28       220       219       579       578       676
 -1       565    6    0    1
 -2       205        16        15       574       216        27       217       685       687       696
 -1       566    6    0    1
 -2        15       195       205       574       207       218       217       696       698       685
 -1       567    6    0    1
 -2       267        39       277       574       280       288       290       683       688       684
 -1       568    6    0    1
 -2       275       573        41        17       702       577       294       681       579       178
 -1       569    6    0    1
 -2        41       573       275       278       577       702       294       292       675       296
 -1       570    6    0    1
 -2       275       203       573        17       598       703       702       681       223       579
 -1       571    6    0    1
 -2       573       203       275       278       703       598       702       675       613       296
 -1       572    6    0    1
 -2       203       206       573        17       224       676       703       223       219       579
 -1       573    6    0    1
 -2       573       206       203       278       676       224       703       675       623       613
 -1       574    6    0    1
 -2       343       272       199       271       646       633       667       666       314       631
 -1       575    6    0    1
 -2       272       343       200       339       646       645       603       602       395       601
 -1       576    6    0    1
 -2       343       272       200       199       646       603       645       667       633       242
 -1       577    6    0    1
 -2       273       343       199       271       640       667       665       311       666       631
 -1       578    6    0    1
 -2       273       343       201       199       640       641       591       665       667       239
 -1       579    6    0    1
 -2       343       273       201       344       640       591       641       392       590       592
 -1       580    6    0    1
 -2       196       275       353       268       662       639       581       584       299       583
 -1       581    6    0    1
 -2       275       353       203       196       639       638       598       662       581       227
 -1       582    6    0    1
 -2       353       275       203       354       639       598       638       380       599       595
 -1       583    6    0    1
 -2        89       352       268       274       413       582       325       328       588       302
 -1       584    6    0    1
 -2       352        89       268       353       413       325       582       383       410       583
 -1       585    6    0    1
 -2        66       196       352       202       254       580       381       255       230       586
 -1       586    6    0    1
 -2       196        66       352       353       254       381       580       581       379       383
 -1       587    6    0    1
 -2        90       274       351       352       327       587       414       412       588       386
 -1       588    6    0    1
 -2       351       274        90       276       587       327       414       617       305       330
 -1       589    6    0    1
 -2        67       202       351       204       256       585       385       257       233       616
 -1       590    6    0    1
 -2       202        67       351       352       256       385       585       586       382       386
 -1       591    6    0    1
 -2        68       351       201       204       384       593       259       258       616       236
 -1       592    6    0    1
 -2       201       351        68       344       593       384       259       592       389       387
 -1       593    6    0    1
 -2        91       351       273       344       415       594       332       417       389       590
 -1       594    6    0    1
 -2       273       351        91       276       594       415       332       308       617       329
 -1       595    6    0    1
 -2         4       575       350       269       701       627       363       286       636       644
 -1       596    6    0    1
 -2       350       575         4       108       627       701       363       366       626       110
 -1       597    6    0    1
 -2       575       574       349       347       699       659       695       692       660       405
 -1       598    6    0    1
 -2       349       574       575       267       659       699       695       682       683       700
 -1       599    6    0    1
 -2       349       575         4       267       695       701       361       682       700       285
 -1       600    6    0    1
 -2         4       575       349       108       701       695       361       110       626       365
 -1       601    6    0    1
 -2       348       575         3       109       690       694       355       360       625       112
 -1       602    6    0    1
 -2         3       575       348       195       694       690       355       212       691       647
 -1       603    6    0    1
 -2       434         7         5       439       705       114       704       706       441       440
 -1       604    6    0    1
 -2         6       434         5        10       436       704       113       121       437       432
 -1       605    6    0    1
 -2        12         7         8       434       433       115       123       438       705       435
 -1       606    6    0    1
 -2         6         8         5       434       116       430       113       436       435       704
 -1       607    6    0    1
 -2       434         8         5         7       435       430       704       705       115       114
 -1       608    6    0    1
 -2       439         9        12        11       442       431       707       443       118       119
 -1       609    6    0    1
 -2       439         7        12       434       441       433       707       706       705       438
 -1       610    6    0    1
 -2        12         7       439        11       433       441       707       119       124       443
 -1       611    6    0    1
 -2        10        12       439         9       120       707       708       117       431       442
 -1       612    6    0    1
 -2       439        12        10       434       707       120       708       706       438       437
 -1       613    6    0    1
 -2       439         5        10         9       440       432       708       442       122       117
 -1       614    6    0    1
 -2        10         5       439       434       432       440       708       437       704       706
 -1       615    6    0    1
 -2       523       154       526       711       549       551       553       713       712       714
 -1       616    6    0    1
 -2       154       155       526       711       166       552       551       712       715       714
 -1       617    6    0    1
 -2       523       470       153       710       717       716       548       719       718       720
 -1       618    6    0    1
 -2       153       470       129       710       716       496       457       720       718       721
 -1       619    6    0    1
 -2       474       149       527       709       723       532       722       725       724       726
 -1       620    6    0    1
 -2       523       130       470       710       727       495       717       719       728       718
 -1       621    6    0    1
 -2       473       155       131       711       729       459       498       730       715       731
 -1       622    6    0    1
 -2       153       129       154       710       457       455       165       720       721       732
 -1       623    6    0    1
 -2       477       523       153       530       734       548       733       735       550       546
 -1       624    6    0    1
 -2       529       472       476       471       737       488       736       738       519       491
 -1       625    6    0    1
 -2       524       523       477       530       570       734       739       547       550       735
 -1       626    6    0    1
 -2       159       475       521       528       741       740       533       560       742       562
 -1       627    6    0    1
 -2       127       471       529       476       490       738       743       486       491       736
 -1       628    6    0    1
 -2       473       526       155       711       744       552       729       730       714       715
 -1       629    6    0    1
 -2       130       523       154       710       727       549       456       728       719       732
 -1       630    6    0    1
 -2       471       467       470       520       516       518       517       745       434       746
 -1       631    6    0    1
 -2       471       472       467       520       519       514       516       745       747       434
 -1       632    6    0    1
 -2       470       520       523       524       746       569       717       748       571       570
 -1       633    6    0    1
 -2       472       471       525       520       519       749       750       747       745       566
 -1       634    6    0    1
 -2       468       467       472       520       512       514       513       751       434       747
 -1       635    6    0    1
 -2       525       520       471       524       566       745       749       572       571       752
 -1       636    6    0    1
 -2       468       472       521       520       513       753       754       751       747       563
 -1       637    6    0    1
 -2       471       520       470       524       745       746       517       752       571       748
 -1       638    6    0    1
 -2       521       472       525       520       753       750       567       563       747       566
 -1       639    6    0    1
 -2        14       149       527       474       160       532       531       755       723       722
 -1       640    6    0    1
 -2       126       529       476       127       756       736       487       138       743       486
 -1       641    6    0    1
 -2       524       477       152       530       739       757       543       547       735       545
 -1       642    6    0    1
 -2       477       530       153       152       735       546       733       757       545       164
 -1       643    6    0    1
 -2       475       159       158       528       741       170       758       742       560       559
 -1       644    6    0    1
 -2        14       527       468       474       531       759       760       755       722       482
 -1       645    6    0    1
 -2       529       126       476       472       756       487       736       737       483       488
 -1       646    6    0    1
 -2       129       130       154       710       141       456       455       721       728       732
 -1       647    6    0    1
 -2       474       125       149       709       478       446       723       725       761       724
 -1       648    6    0    1
 -2       525       472       529       471       750       737       541       749       519       738
 -1       649    6    0    1
 -2       153       477       470       523       733       497       716       548       734       717
 -1       650    6    0    1
 -2       159       521       475       468       533       740       741       762       754       509
 -1       651    6    0    1
 -2       525       471       529       524       749       738       541       572       752       544
 -1       652    6    0    1
 -2       524       477       523       470       739       734       570       748       497       717
 -1       653    6    0    1
 -2       477       470       524       471       497       748       739       494       517       752
 -1       654    6    0    1
 -2       127       529       471       524       743       738       490       763       544       752
 -1       655    6    0    1
 -2       473       130       470       523       499       495       500       764       727       717
 -1       656    6    0    1
 -2       153       154       523       710       165       549       548       720       732       719
 -1       657    6    0    1
 -2        14       468       521       159       760       754       534       171       762       533
 -1       658    6    0    1
 -2       127       471       128       524       490       489       139       763       752       765
 -1       659    6    0    1
 -2       527       149       525       709       532       536       538       726       724       766
 -1       660    6    0    1
 -2       521       475       522       528       740       767       564       562       742       561
 -1       661    6    0    1
 -2       522       133       156       157       768       462       555       556       465       168
 -1       662    6    0    1
 -2       159       468       475       135       762       509       741       447       481       506
 -1       663    6    0    1
 -2       470       129       477       153       496       492       497       716       457       733
 -1       664    6    0    1
 -2       477       128       471       524       493       489       494       739       765       752
 -1       665    6    0    1
 -2        14       468        13       474       760       480       148       755       482       479
 -1       666    6    0    1
 -2       468        14       521       527       760       534       754       759       531       535
 -1       667    6    0    1
 -2       529       525       150       472       541       537       539       737       750       769
 -1       668    6    0    1
 -2       529       524       127       151       544       763       743       540       542       451
 -1       669    6    0    1
 -2       468       521       469       520       754       770       511       751       563       771
 -1       670    6    0    1
 -2       473       523       470       520       764       717       500       772       569       746
 -1       671    6    0    1
 -2       469       467       468       520       510       512       511       771       434       751
 -1       672    6    0    1
 -2       473       470       467       520       500       518       515       772       746       434
 -1       673    6    0    1
 -2       130       129       470       710       141       496       495       728       721       718
 -1       674    6    0    1
 -2       524       151       128       127       542       452       765       763       451       139
 -1       675    6    0    1
 -2       468        14       135       159       760       445       481       762       171       447
 -1       676    6    0    1
 -2       468        13       135        14       480       147       481       760       148       445
 -1       677    6    0    1
 -2       522       475       158       528       767       758       558       561       742       559
 -1       678    6    0    1
 -2       469       468       475       521       511       509       508       770       754       740
 -1       679    6    0    1
 -2       474        14       125        13       755       444       478       479       148       136
 -1       680    6    0    1
 -2       149        14       125       474       160       444       446       723       755       478
 -1       681    6    0    1
 -2       529       127       126       151       743       138       756       540       451       450
 -1       682    6    0    1
 -2       475       135       158       159       506       466       758       741       447       170
 -1       683    6    0    1
 -2       477       153       129       152       733       457       492       757       164       453
 -1       684    6    0    1
 -2       524       152       477       128       543       757       739       765       454       493
 -1       685    6    0    1
 -2       475       158       135       134       758       466       506       507       464       146
 -1       686    6    0    1
 -2       150       126       529       472       449       756       539       769       483       737
 -1       687    6    0    1
 -2       152       151       128       524       163       452       454       543       542       765
 -1       688    6    0    1
 -2       125       126       150       472       137       449       448       484       483       769
 -1       689    6    0    1
 -2       133       132       469       522       144       503       502       768       773       774
 -1       690    6    0    1
 -2       522       156       133       132       555       462       768       773       461       144
 -1       691    6    0    1
 -2       134       475       158       522       507       758       464       775       767       558
 -1       692    6    0    1
 -2       126       150       529       151       449       539       756       450       162       540
 -1       693    6    0    1
 -2       477       129       128       152       492       140       493       757       453       454
 -1       694    6    0    1
 -2       469       521       522       520       770       564       774       771       563       565
 -1       695    6    0    1
 -2       523       473       526       520       764       744       553       569       772       568
 -1       696    6    0    1
 -2       467       469       473       520       510       504       515       434       771       772
 -1       697    6    0    1
 -2       522       132       469       473       773       503       774       776       501       504
 -1       698    6    0    1
 -2       132       156       526       522       461       554       777       773       555       557
 -1       699    6    0    1
 -2       526       473       132       522       744       501       777       557       776       773
 -1       700    6    0    1
 -2       522       158       133       157       558       463       768       556       169       465
 -1       701    6    0    1
 -2       522       133       158       134       768       463       558       775       145       464
 -1       702    6    0    1
 -2       472       125       474       709       484       478       485       778       761       725
 -1       703    6    0    1
 -2       475       134       469       522       507       505       508       767       775       774
 -1       704    6    0    1
 -2       521       522       475       469       564       767       740       770       774       508
 -1       705    6    0    1
 -2       134       133       469       522       145       502       505       775       768       774
 -1       706    6    0    1
 -2       523       526       473       711       553       744       764       713       714       730
 -1       707    6    0    1
 -2       522       473       469       520       776       504       774       565       772       771
 -1       708    6    0    1
 -2       473       522       526       520       776       557       744       772       565       568
 -1       709    6    0    1
 -2       132       155       131       473       460       459       143       501       729       498
 -1       710    6    0    1
 -2       154       131       155       711       458       459       166       712       731       715
 -1       711    6    0    1
 -2       155       156       526       132       167       554       552       460       461       777
 -1       712    6    0    1
 -2       155       132       526       473       460       777       552       729       501       744
 -1       713    6    0    1
 -2       150       149       709       525       161       724       779       537       536       766
 -1       714    6    0    1
 -2       709       149       150       125       724       161       779       761       446       448
 -1       715    6    0    1
 -2       709       472       150       525       778       769       779       766       750       537
 -1       716    6    0    1
 -2       150       472       709       125       769       778       779       448       484       761
 -1       717    6    0    1
 -2       468       709       474       527       780       725       482       759       726       722
 -1       718    6    0    1
 -2       474       709       468       472       725       780       482       485       778       513
 -1       719    6    0    1
 -2       468       521       709       527       754       781       780       759       535       726
 -1       720    6    0    1
 -2       709       521       468       472       781       754       780       778       753       513
 -1       721    6    0    1
 -2       521       525       709       527       567       766       781       535       538       726
 -1       722    6    0    1
 -2       709       525       521       472       766       567       781       778       750       753
 -1       723    6    0    1
 -2       130       711       473       131       782       730       499       142       731       498
 -1       724    6    0    1
 -2       711       130       473       523       782       499       730       713       727       764
 -1       725    6    0    1
 -2       711       130       154       131       782       456       712       731       142       458
 -1       726    6    0    1
 -2       130       711       154       523       782       712       456       727       713       549
 -3
    1PSTEP                         1           1           1          
  100CL  101 1.000000000         782                     0    1           1
 -4  DISP        4    1
 -5  D1          1    2    1    0
 -5  D2          1    2    2    0
 -5  D3          1    2    3    0
 -5  ALL         1    2    0    0    1ALL
 -1         1 4.24497E+11 2.65641E+11-2.39196E+11
 -1         2 3.59749E+11 2.65641E+11-9.13923E+10
 -1         3 1.86630E+11 8.82763E+10-2.39196E+11
 -1         4 1.21881E+11 8.82763E+10-9.13923E+10
 -1         5 2.60889E+09-8.15985E+08 8.02765E+07
 -1         6 2.65525E+08-4.42542E+08 8.02765E+07
 -1         7 2.07784E+09-8.15985E+08 9.72512E+07
 -1         8-2.65525E+08-4.42542E+08 9.72512E+07
 -1         9 2.60889E+09 6.90985E+07-9.72512E+07
 -1        10 2.65525E+08 4.42542E+08-9.72512E+07
 -1        11 2.07784E+09 6.90985E+07-8.02765E+07
 -1        12-2.65525E+08 4.42542E+08-8.02765E+07
 -1        13-7.92276E-04 7.26297E-03-2.09476E-03
 -1        14-1.51787E-03 7.25019E-03-5.77437E-04
 -1        15 3.71383E+11 1.61289E+11-4.37419E+11
 -1        16 2.26274E+11 5.68976E+09-5.82528E+11
 -1        17 2.80512E+10-1.59463E+11-6.35642E+11
 -1        18-1.70172E+11-2.89918E+11-5.82528E+11
 -1        19-3.15281E+11-3.50719E+11-4.37419E+11
 -1        20-3.68394E+11-3.25575E+11-2.39196E+11
 -1        21-3.15281E+11-2.21222E+11-4.09734E+10
 -1        22-1.70172E+11-6.56233E+10 1.04136E+11
 -1        23 2.80512E+10 9.95298E+10 1.57249E+11
 -1        24 2.26274E+11 2.29984E+11 1.04136E+11
 -1        25 3.71383E+11 2.90785E+11-4.09734E+10
 -1        26 4.10988E+11 2.22052E+11-3.41804E+11
 -1        27 3.08381E+11 8.74916E+10-5.19526E+11
 -1        28 1.30659E+11-7.85420E+10-6.22133E+11
 -1        29-7.45565E+10-2.31560E+11-6.22133E+11
 -1        30-2.52278E+11-3.30561E+11-5.19526E+11
 -1        31-3.54886E+11-3.49018E+11-3.41804E+11
 -1        32-3.54886E+11-2.81986E+11-1.36589E+11
 -1        33-2.52278E+11-1.47425E+11 4.11332E+10
 -1        34-7.45565E+10 1.86084E+10 1.43741E+11
 -1        35 1.30659E+11 1.71626E+11 1.43741E+11
 -1        36 3.08381E+11 2.70627E+11 4.11332E+10
 -1        37 4.10988E+11 2.89085E+11-1.36589E+11
 -1        38 3.92123E+11 2.65641E+11-1.65294E+11
 -1        39 3.06635E+11 1.61289E+11-2.89615E+11
 -1        40 1.61526E+11 5.68976E+09-4.34724E+11
 -1        41-3.66971E+10-1.59463E+11-4.87838E+11
 -1        42-2.34920E+11-2.89918E+11-4.34724E+11
 -1        43-3.80029E+11-3.50719E+11-2.89615E+11
 -1        44-4.33143E+11-3.25575E+11-9.13923E+10
 -1        45-3.80029E+11-2.21222E+11 1.06831E+11
 -1        46-2.34920E+11-6.56233E+10 2.51940E+11
 -1        47-3.66971E+10 9.95298E+10 3.05053E+11
 -1        48 1.61526E+11 2.29984E+11 2.51940E+11
 -1        49 3.06635E+11 2.90785E+11 1.06831E+11
 -1        50 3.46240E+11 2.22052E+11-1.94000E+11
 -1        51 2.43632E+11 8.74916E+10-3.71722E+11
 -1        52 6.59106E+10-7.85420E+10-4.74329E+11
 -1        53-1.39305E+11-2.31560E+11-4.74329E+11
 -1        54-3.17027E+11-3.30561E+11-3.71722E+11
 -1        55-4.19634E+11-3.49018E+11-1.94000E+11
 -1        56-4.19634E+11-2.81986E+11 1.12154E+10
 -1        57-3.17027E+11-1.47425E+11 1.88937E+11
 -1        58-1.39305E+11 1.86084E+10 2.91545E+11
 -1        59 6.59106E+10 1.71626E+11 2.91545E+11
 -1        60 2.43632E+11 2.70627E+11 1.88937E+11
 -1        61 3.46240E+11 2.89085E+11 1.12154E+10
 -1        62 1.65384E+11 4.65354E+10-3.18485E+11
 -1        63 1.07340E+11-1.57042E+10-3.76529E+11
 -1        64 2.80512E+10-8.17654E+10-3.97775E+11
 -1        65-5.12379E+10-1.33947E+11-3.76529E+11
 -1        66-1.09282E+11-1.58268E+11-3.18485E+11
 -1        67-1.30527E+11-1.48210E+11-2.39196E+11
 -1        68-1.09282E+11-1.06469E+11-1.59907E+11
 -1        69-5.12379E+10-4.42294E+10-1.01863E+11
 -1        70 2.80512E+10 2.18318E+10-8.06179E+10
 -1        71 1.07340E+11 7.40137E+10-1.01863E+11
 -1        72 1.65384E+11 9.83341E+10-1.59907E+11
 -1        73 1.81226E+11 7.08408E+10-2.80239E+11
 -1        74 1.40183E+11 1.70165E+10-3.51328E+11
 -1        75 6.90943E+10-4.93969E+10-3.92371E+11
 -1        76-1.29918E+10-1.10604E+11-3.92371E+11
 -1        77-8.40805E+10-1.50204E+11-3.51328E+11
 -1        78-1.25124E+11-1.57587E+11-2.80239E+11
 -1        79-1.25124E+11-1.30774E+11-1.98153E+11
 -1        80-8.40805E+10-7.69501E+10-1.27064E+11
 -1        81-1.29918E+10-1.05367E+10-8.60214E+10
 -1        82 6.90943E+10 5.06704E+10-8.60214E+10
 -1        83 1.40183E+11 9.02709E+10-1.27064E+11
 -1        84 1.81226E+11 9.76538E+10-1.98153E+11
 -1        85 1.00636E+11 4.65354E+10-1.70681E+11
 -1        86 4.25921E+10-1.57042E+10-2.28725E+11
 -1        87-3.66971E+10-8.17654E+10-2.49971E+11
 -1        88-1.15986E+11-1.33947E+11-2.28725E+11
 -1        89-1.74030E+11-1.58268E+11-1.70681E+11
 -1        90-1.95275E+11-1.48210E+11-9.13923E+10
 -1        91-1.74030E+11-1.06469E+11-1.21032E+10
 -1        92-1.15986E+11-4.42294E+10 4.59405E+10
 -1        93-3.66971E+10 2.18318E+10 6.71860E+10
 -1        94 4.25921E+10 7.40137E+10 4.59405E+10
 -1        95 1.00636E+11 9.83341E+10-1.21032E+10
 -1        96 1.16478E+11 7.08408E+10-1.32435E+11
 -1        97 7.54347E+10 1.70165E+10-2.03524E+11
 -1        98 4.34602E+09-4.93969E+10-2.44567E+11
 -1        99-7.77401E+10-1.10604E+11-2.44567E+11
 -1       100-1.48829E+11-1.50204E+11-2.03524E+11
 -1       101-1.89872E+11-1.57587E+11-1.32435E+11
 -1       102-1.89872E+11-1.30774E+11-5.03492E+10
 -1       103-1.48829E+11-7.69501E+10 2.07395E+10
 -1       104-7.77401E+10-1.05367E+10 6.17825E+10
 -1       105 4.34602E+09 5.06704E+10 6.17825E+10
 -1       106 7.54347E+10 9.02709E+10 2.07395E+10
 -1       107 1.16478E+11 9.76538E+10-5.03492E+10
 -1       108 1.43464E+11 8.82763E+10-1.40660E+11
 -1       109 1.65047E+11 8.82763E+10-1.89928E+11
 -1       110 1.32673E+11 8.82763E+10-1.16026E+11
 -1       111 1.54255E+11 8.82763E+10-1.65294E+11
 -1       112 1.75838E+11 8.82763E+10-2.14562E+11
 -1       113 1.43721E+09-6.29263E+08 8.02765E+07
 -1       114 2.34337E+09-8.15985E+08 8.87638E+07
 -1       115 9.06158E+08-6.29263E+08 9.72512E+07
 -1       116-3.66093E-04-4.42542E+08 8.87638E+07
 -1       117 1.43721E+09 2.55820E+08-9.72512E+07
 -1       118 2.34337E+09 6.90985E+07-8.87638E+07
 -1       119 9.06158E+08 2.55820E+08-8.02765E+07
 -1       120-2.42867E-04 4.42542E+08-8.87638E+07
 -1       121 2.65525E+08 2.98121E-03-8.48734E+06
 -1       122 2.60889E+09-3.73443E+08-8.48734E+06
 -1       123-2.65525E+08 3.05539E-03 8.48734E+06
 -1       124 2.07784E+09-3.73443E+08 8.48734E+06
 -1       125-7.29916E-04 5.66833E-03-1.58971E-03
 -1       126-4.15069E-04 3.47125E-03-1.14180E-03
 -1       127 3.54748E-05 1.39110E-03-8.65046E-04
 -1       128 3.95360E-04 2.64032E-04-5.46226E-04
 -1       129 6.36706E-04-2.85466E-04-9.53502E-04
 -1       130 4.71504E-04-1.28846E-03-2.03046E-03
 -1       131 3.08392E-04-9.55426E-04-2.59185E-03
 -1       132 2.82093E-04 1.63014E-03-2.87714E-03
 -1       133 4.78137E-06 4.64009E-03-2.90506E-03
 -1       134-3.44917E-04 6.80292E-03-2.78416E-03
 -1       135-6.37015E-04 7.71537E-03-2.51638E-03
 -1       136-7.93218E-04 6.58096E-03-1.84541E-03
 -1       137-5.98910E-04 4.60030E-03-1.34762E-03
 -1       138-1.95467E-04 2.36871E-03-9.78062E-04
 -1       139 2.29931E-04 6.79518E-04-7.20488E-04
 -1       140 5.13454E-04 1.20455E-04 0.00000E+00
 -1       141 5.77384E-04-8.95148E-04-1.58702E-03
 -1       142 3.88304E-04-1.34699E-03-2.34892E-03
 -1       143 2.90413E-04 5.64397E-05-2.74962E-03
 -1       144 1.65558E-04 3.19939E-03-2.91813E-03
 -1       145-1.77079E-04 5.85893E-03-2.86750E-03
 -1       146-5.01169E-04 7.43043E-03-2.67216E-03
 -1       147-7.38128E-04 7.65402E-03-2.32162E-03
 -1       148-1.15648E-03 7.25686E-03-1.33600E-03
 -1       149-1.44540E-03 5.65482E-03-1.30215E-04
 -1       150-1.09994E-03 3.45933E-03 2.30937E-04
 -1       151-5.94246E-04 1.38333E-03 3.54381E-04
 -1       152-5.69016E-05 1.60167E-04 1.12122E-04
 -1       153 6.08933E-04-3.56039E-04-1.94519E-04
 -1       154 6.20512E-04-1.23882E-03-4.83876E-04
 -1       155 2.23579E-04-1.01427E-03-3.64807E-04
 -1       156-2.16165E-04 1.53603E-03-5.48986E-04
 -1       157-6.24582E-04 4.63431E-03-1.09016E-03
 -1       158-1.02894E-03 6.78832E-03-1.13120E-03
 -1       159-1.35027E-03 7.70394E-03-9.43555E-04
 -1       160-1.51577E-03 6.56738E-03-3.56618E-04
 -1       161-1.30229E-03 4.58971E-03 7.15105E-05
 -1       162-8.55043E-04 2.36054E-03 3.27303E-04
 -1       163-3.28049E-04 6.23022E-04 2.65440E-04
 -1       164 3.24703E-04 0.00000E+00 0.00000E+00
 -1       165 6.80816E-04-8.61403E-04-3.67108E-04
 -1       166 4.58318E-04-1.32961E-03-5.12523E-04
 -1       167 0.00000E+00 0.00000E+00 0.00000E+00
 -1       168-4.15708E-04 3.16239E-03-8.95828E-04
 -1       169-8.40833E-04 5.84711E-03-1.14335E-03
 -1       170-1.20119E-03 7.41742E-03-1.06320E-03
 -1       171-1.45933E-03 7.64294E-03-7.77977E-04
 -1       172 3.78614E+11 2.22052E+11-2.67902E+11
 -1       173 3.78614E+11 2.89085E+11-6.26866E+10
 -1       174 3.39009E+11 1.61289E+11-3.63517E+11
 -1       175 3.39009E+11 2.90785E+11 3.29286E+10
 -1       176 2.76007E+11 8.74916E+10-4.45624E+11
 -1       177 9.82848E+10-7.85420E+10-5.48231E+11
 -1       178-4.32291E+09-1.59463E+11-5.61740E+11
 -1       179 1.93900E+11 5.68976E+09-5.08626E+11
 -1       180-1.06931E+11-2.31560E+11-5.48231E+11
 -1       181-2.02546E+11-2.89918E+11-5.08626E+11
 -1       182-2.84652E+11-3.30561E+11-4.45624E+11
 -1       183-3.47655E+11-3.50719E+11-3.63517E+11
 -1       184-3.87260E+11-3.49018E+11-2.67902E+11
 -1       185-3.87260E+11-2.81986E+11-6.26866E+10
 -1       186-4.00769E+11-3.25575E+11-1.65294E+11
 -1       187-2.84652E+11-1.47425E+11 1.15035E+11
 -1       188-2.02546E+11-6.56233E+10 1.78038E+11
 -1       189-3.47655E+11-2.21222E+11 3.29286E+10
 -1       190-1.06931E+11 1.86084E+10 2.17643E+11
 -1       191 9.82848E+10 1.71626E+11 2.17643E+11
 -1       192 1.93900E+11 2.29984E+11 1.78038E+11
 -1       193-4.32291E+09 9.95298E+10 2.31151E+11
 -1       194 2.76007E+11 2.70627E+11 1.15035E+11
 -1       195 2.80777E+11 1.36357E+11-3.06914E+11
 -1       196-1.56957E+11-2.28349E+11-4.24204E+11
 -1       197 2.76646E+11 1.77878E+11-1.70372E+11
 -1       198 2.08240E+11 1.64520E+11-5.51107E+10
 -1       199-3.96664E+10 2.09120E+09 1.35294E+10
 -1       200 9.30484E+10 9.86619E+10 6.22046E+09
 -1       201-1.55850E+11-1.08009E+11-5.83193E+10
 -1       202-2.21650E+11-2.37287E+11-3.03890E+11
 -1       203-3.66422E+10-1.59769E+11-4.88898E+11
 -1       204-2.16831E+11-1.91129E+11-1.73580E+11
 -1       205 2.08928E+11 4.48330E+10-4.23097E+11
 -1       206 9.36672E+10-6.10298E+10-4.84078E+11
 -1       207 3.26080E+11 1.48823E+11-3.72166E+11
 -1       208 3.52637E+11 2.00999E+11-2.73055E+11
 -1       209 3.50571E+11 2.21759E+11-2.04784E+11
 -1       210 3.24015E+11 2.34332E+11-1.05673E+11
 -1       211 2.78711E+11 1.57117E+11-2.38643E+11
 -1       212 2.33703E+11 1.12317E+11-2.73055E+11
 -1       213 2.23080E+11 9.14464E+10-3.12700E+11
 -1       214 2.21015E+11 1.38106E+11-1.65139E+11
 -1       215 2.31638E+11 1.33077E+11-2.04784E+11
 -1       216 2.17601E+11 2.52614E+10-5.02813E+11
 -1       217 2.90156E+11 1.03061E+11-4.30258E+11
 -1       218 2.44853E+11 9.05952E+10-3.65006E+11
 -1       219 6.08592E+10-1.10247E+11-5.59860E+11
 -1       220 1.59971E+11-2.76700E+10-5.33303E+11
 -1       221 1.51298E+11-8.09839E+09-4.53588E+11
 -1       222-1.03407E+11-2.24843E+11-5.35713E+11
 -1       223-4.29550E+09-1.59616E+11-5.62270E+11
 -1       224 2.85125E+10-1.10399E+11-4.86488E+11
 -1       225-2.36119E+11-2.89534E+11-4.30812E+11
 -1       226-1.63564E+11-2.59133E+11-5.03366E+11
 -1       227-9.67995E+10-1.94059E+11-4.56551E+11
 -1       228-2.95022E+11-2.81431E+11-2.71543E+11
 -1       229-2.68466E+11-2.94003E+11-3.70654E+11
 -1       230-1.89304E+11-2.32818E+11-3.64047E+11
 -1       231-2.66056E+11-2.06176E+11-1.07277E+11
 -1       232-2.92613E+11-2.58352E+11-2.06388E+11
 -1       233-2.19240E+11-2.14208E+11-2.38735E+11
 -1       234-1.63011E+11-8.68164E+10 2.29083E+10
 -1       235-2.35565E+11-1.64616E+11-4.96463E+10
 -1       236-1.86340E+11-1.49569E+11-1.15950E+11
 -1       237-5.80757E+09 5.08105E+10 8.53895E+10
 -1       238-1.04919E+11-3.17661E+10 5.88326E+10
 -1       239-9.77581E+10-5.29591E+10-2.23949E+10
 -1       240 1.59661E+11 1.64323E+11 5.51781E+10
 -1       241 6.05498E+10 9.90958E+10 8.17350E+10
 -1       242 2.66910E+10 5.03765E+10 9.87493E+09
 -1       243 2.89811E+11 2.27653E+11-4.80420E+10
 -1       244 2.17257E+11 1.97252E+11 2.45126E+10
 -1       245 1.50644E+11 1.31591E+11-2.44451E+10
 -1       246 2.42443E+11 1.71199E+11-1.12741E+11
 -1       247 1.87156E+11 4.56842E+10-3.70791E+11
 -1       248 1.58134E+11 1.45644E+10-3.99813E+11
 -1       249 1.00504E+11-3.83670E+10-4.30304E+11
 -1       250 6.08592E+10-7.13976E+10-4.40926E+11
 -1       251-4.29550E+09-1.20767E+11-4.43336E+11
 -1       252-4.39401E+10-1.46858E+11-4.32713E+11
 -1       253-1.04097E+11-1.81148E+11-4.00367E+11
 -1       254-1.33119E+11-1.93308E+11-3.71345E+11
 -1       255-1.65466E+11-1.97777E+11-3.11188E+11
 -1       256-1.76089E+11-1.92749E+11-2.71543E+11
 -1       257-1.73679E+11-1.69669E+11-2.06388E+11
 -1       258-1.63056E+11-1.48799E+11-1.66744E+11
 -1       259-1.32566E+11-1.07239E+11-1.09113E+11
 -1       260-1.03544E+11-7.61194E+10-8.00913E+10
 -1       261-4.54521E+10-2.10691E+10-4.41670E+10
 -1       262-5.80757E+09 1.19615E+10-3.35443E+10
 -1       263 6.05498E+10 6.02469E+10-3.71987E+10
 -1       264 1.00194E+11 8.63378E+10-4.78215E+10
 -1       265 1.57790E+11 1.19267E+11-7.84870E+10
 -1       266 1.86812E+11 1.31427E+11-1.07509E+11
 -1       267 2.16029E+11 1.36357E+11-1.59110E+11
 -1       268-2.21705E+11-2.28349E+11-2.76400E+11
 -1       269 2.11897E+11 1.77878E+11-2.25678E+10
 -1       270 1.43491E+11 1.64520E+11 9.26933E+10
 -1       271-1.04415E+11 2.09120E+09 1.61333E+11
 -1       272 2.83001E+10 9.86619E+10 1.54024E+11
 -1       273-2.20598E+11-1.08009E+11 8.94846E+10
 -1       274-2.86399E+11-2.37287E+11-1.56086E+11
 -1       275-1.01391E+11-1.59769E+11-3.41094E+11
 -1       276-2.81579E+11-1.91129E+11-2.57764E+10
 -1       277 1.44180E+11 4.48330E+10-2.75293E+11
 -1       278 2.89188E+10-6.10298E+10-3.36274E+11
 -1       279 2.87889E+11 2.00999E+11-1.25251E+11
 -1       280 2.61332E+11 1.48823E+11-2.24363E+11
 -1       281 2.59266E+11 2.34332E+11 4.21314E+10
 -1       282 2.85823E+11 2.21759E+11-5.69800E+10
 -1       283 2.13963E+11 1.57117E+11-9.08389E+10
 -1       284 1.58332E+11 9.14464E+10-1.64896E+11
 -1       285 1.68955E+11 1.12317E+11-1.25251E+11
 -1       286 1.66889E+11 1.33077E+11-5.69800E+10
 -1       287 1.56267E+11 1.38106E+11-1.73355E+10
 -1       288 2.25407E+11 1.03061E+11-2.82454E+11
 -1       289 1.52853E+11 2.52614E+10-3.55009E+11
 -1       290 1.80104E+11 9.05952E+10-2.17202E+11
 -1       291 9.52223E+10-2.76700E+10-3.85499E+11
 -1       292-3.88911E+09-1.10247E+11-4.12056E+11
 -1       293 8.65494E+10-8.09839E+09-3.05784E+11
 -1       294-6.90438E+10-1.59616E+11-4.14466E+11
 -1       295-1.68155E+11-2.24843E+11-3.87909E+11
 -1       296-3.62358E+10-1.10399E+11-3.38684E+11
 -1       297-2.28312E+11-2.59133E+11-3.55562E+11
 -1       298-3.00867E+11-2.89534E+11-2.83008E+11
 -1       299-1.61548E+11-1.94059E+11-3.08747E+11
 -1       300-3.33214E+11-2.94003E+11-2.22850E+11
 -1       301-3.59771E+11-2.81431E+11-1.23739E+11
 -1       302-2.54052E+11-2.32818E+11-2.16243E+11
 -1       303-3.57361E+11-2.58352E+11-5.85844E+10
 -1       304-3.30804E+11-2.06176E+11 4.05271E+10
 -1       305-2.83989E+11-2.14208E+11-9.09311E+10
 -1       306-3.00314E+11-1.64616E+11 9.81576E+10
 -1       307-2.27759E+11-8.68164E+10 1.70712E+11
 -1       308-2.51089E+11-1.49569E+11 3.18541E+10
 -1       309-1.69667E+11-3.17661E+10 2.06637E+11
 -1       310-7.05559E+10 5.08105E+10 2.33193E+11
 -1       311-1.62506E+11-5.29591E+10 1.25409E+11
 -1       312-4.19849E+09 9.90958E+10 2.29539E+11
 -1       313 9.49129E+10 1.64323E+11 2.02982E+11
 -1       314-3.80573E+10 5.03765E+10 1.57679E+11
 -1       315 1.52509E+11 1.97252E+11 1.72316E+11
 -1       316 2.25063E+11 2.27653E+11 9.97619E+10
 -1       317 8.58957E+10 1.31591E+11 1.23359E+11
 -1       318 1.77694E+11 1.71199E+11 3.50627E+10
 -1       319 9.33860E+10 1.45644E+10-2.52009E+11
 -1       320 1.22408E+11 4.56842E+10-2.22987E+11
 -1       321-3.88911E+09-7.13976E+10-2.93122E+11
 -1       322 3.57555E+10-3.83670E+10-2.82500E+11
 -1       323-1.08688E+11-1.46858E+11-2.84909E+11
 -1       324-6.90438E+10-1.20767E+11-2.95532E+11
 -1       325-1.97867E+11-1.93308E+11-2.23541E+11
 -1       326-1.68846E+11-1.81148E+11-2.52563E+11
 -1       327-2.40837E+11-1.92749E+11-1.23739E+11
 -1       328-2.30214E+11-1.97777E+11-1.63384E+11
 -1       329-2.27804E+11-1.48799E+11-1.89398E+10
 -1       330-2.38427E+11-1.69669E+11-5.85844E+10
 -1       331-1.68292E+11-7.61194E+10 6.77126E+10
 -1       332-1.97314E+11-1.07239E+11 3.86907E+10
 -1       333-7.05559E+10 1.19615E+10 1.14260E+11
 -1       334-1.10200E+11-2.10691E+10 1.03637E+11
 -1       335 3.54461E+10 8.63378E+10 9.99824E+10
 -1       336-4.19849E+09 6.02469E+10 1.10605E+11
 -1       337 1.22064E+11 1.31427E+11 4.02950E+10
 -1       338 9.30417E+10 1.19267E+11 6.93169E+10
 -1       339 3.49224E+10 4.94819E+10-1.16543E+10
 -1       340 1.02814E+11 8.80838E+10-4.84572E+10
 -1       341 1.02814E+11 1.16726E+10-2.82385E+11
 -1       342 3.49224E+10-5.08932E+10-3.18946E+11
 -1       343-4.53660E+10-1.05367E+10-1.21194E+10
 -1       344-1.16455E+11-7.69501E+10-5.31625E+10
 -1       345 1.70435E+11 9.76538E+10-1.73519E+11
 -1       346 1.42335E+11 9.91069E+10-1.04925E+11
 -1       347 1.42335E+11 5.59795E+10-2.36957E+11
 -1       348 1.70435E+11 7.08408E+10-2.55605E+11
 -1       349 1.36621E+11 7.34251E+10-1.70505E+11
 -1       350 1.36621E+11 9.69497E+10-9.84858E+10
 -1       351-1.57498E+11-1.30774E+11-1.24251E+11
 -1       352-1.57498E+11-1.57587E+11-2.06337E+11
 -1       353-1.16455E+11-1.50204E+11-2.77426E+11
 -1       354-4.53660E+10-1.10604E+11-3.18469E+11
 -1       355 1.79877E+11 8.05037E+10-2.47578E+11
 -1       356 1.69163E+11 5.94531E+10-2.87565E+11
 -1       357 1.79877E+11 9.40258E+10-2.06181E+11
 -1       358 1.69163E+11 9.90981E+10-1.66194E+11
 -1       359 1.69086E+11 9.40258E+10-1.81547E+11
 -1       360 1.69086E+11 8.05037E+10-2.22944E+11
 -1       361 1.30283E+11 8.15816E+10-1.31067E+11
 -1       362 1.20224E+11 6.09645E+10-1.71224E+11
 -1       363 1.30283E+11 9.34215E+10-9.48203E+10
 -1       364 1.20224E+11 9.90382E+10-5.46637E+10
 -1       365 1.41075E+11 8.15816E+10-1.55701E+11
 -1       366 1.41075E+11 9.34215E+10-1.19454E+11
 -1       367 1.35543E+11 2.98017E+10-3.01594E+11
 -1       368 1.05632E+11-1.84933E+09-3.30214E+11
 -1       369 1.25131E+11 3.51242E+10-2.61533E+11
 -1       370 1.54016E+11 5.13477E+10-2.77802E+11
 -1       371 1.56908E+11 6.37389E+10-2.46470E+11
 -1       372 7.16901E+10-3.33301E+10-3.49109E+11
 -1       373 3.16412E+10-6.66154E+10-3.59589E+11
 -1       374 7.11324E+10-1.92898E+10-3.04853E+11
 -1       375-8.83445E+09-9.67561E+10-3.59467E+11
 -1       376-4.88211E+10-1.23072E+11-3.48752E+11
 -1       377-5.25209E+09-8.24584E+10-3.23873E+11
 -1       378-8.46722E+10-1.43043E+11-3.28054E+11
 -1       379-1.13944E+11-1.55308E+11-2.98782E+11
 -1       380-8.36120E+10-1.33947E+11-3.02627E+11
 -1       381-1.34643E+11-1.59032E+11-2.62931E+11
 -1       382-1.45357E+11-1.53959E+11-2.22944E+11
 -1       383-1.41656E+11-1.58268E+11-2.44583E+11
 -1       384-1.34643E+11-1.19387E+11-1.41560E+11
 -1       385-1.45357E+11-1.40437E+11-1.81547E+11
 -1       386-1.62901E+11-1.48210E+11-1.65294E+11
 -1       387-1.13944E+11-9.22424E+10-1.05709E+11
 -1       388-8.46722E+10-6.08540E+10-7.64366E+10
 -1       389-1.41656E+11-1.06469E+11-8.60051E+10
 -1       390-4.88211E+10-2.73608E+10-5.57380E+10
 -1       391-8.83445E+09 5.95488E+09-4.50236E+10
 -1       392-8.36120E+10-4.42294E+10-2.79614E+10
 -1       393 3.16412E+10 3.61732E+10-4.49079E+10
 -1       394 7.16901E+10 6.26123E+10-5.53875E+10
 -1       395-5.25209E+09 2.11371E+10-6.72174E+09
 -1       396 1.05632E+11 8.17098E+10-7.44032E+10
 -1       397 1.35543E+11 9.46637E+10-1.03023E+11
 -1       398 7.11324E+10 7.18385E+10-2.58689E+10
 -1       399 1.25131E+11 9.61098E+10-7.48293E+10
 -1       400 1.54016E+11 9.88634E+10-1.32335E+11
 -1       401 1.56908E+11 9.88321E+10-1.39034E+11
 -1       402 7.32581E+10-1.84933E+09-2.56312E+11
 -1       403 1.03168E+11 2.98017E+10-2.27692E+11
 -1       404 1.21642E+11 5.13477E+10-2.03900E+11
 -1       405 1.40230E+11 6.51790E+10-2.03988E+11
 -1       406-7.32945E+08-6.66154E+10-2.85687E+11
 -1       407 3.93159E+10-3.33301E+10-2.75207E+11
 -1       408-8.11953E+10-1.23072E+11-2.74851E+11
 -1       409-4.12086E+10-9.67561E+10-2.85565E+11
 -1       410-1.46319E+11-1.55308E+11-2.24880E+11
 -1       411-1.17046E+11-1.43043E+11-2.54152E+11
 -1       412-1.77732E+11-1.53959E+11-1.49042E+11
 -1       413-1.67017E+11-1.59032E+11-1.89029E+11
 -1       414-1.77732E+11-1.40437E+11-1.07645E+11
 -1       415-1.67017E+11-1.19387E+11-6.76580E+10
 -1       416-1.17046E+11-6.08540E+10-2.53468E+09
 -1       417-1.46319E+11-9.22424E+10-3.18070E+10
 -1       418-4.12086E+10 5.95488E+09 2.88783E+10
 -1       419-8.11953E+10-2.73608E+10 1.81639E+10
 -1       420 3.93159E+10 6.26123E+10 1.85145E+10
 -1       421-7.32945E+08 3.61732E+10 2.89941E+10
 -1       422 1.03168E+11 9.46637E+10-2.91213E+10
 -1       423 7.32581E+10 8.17098E+10-5.01222E+08
 -1       424 1.21642E+11 9.88634E+10-5.84334E+10
 -1       425 1.40230E+11 9.86729E+10-1.01449E+11
 -1       426 1.51866E+11 8.15816E+10-1.80335E+11
 -1       427 1.51866E+11 9.34215E+10-1.44088E+11
 -1       428 1.57247E+11 9.65971E+10-1.46651E+11
 -1       429 1.57247E+11 7.45267E+10-2.14218E+11
 -1       430 1.17168E+09-6.29263E+08 8.87638E+07
 -1       431 1.17168E+09 2.55820E+08-8.87638E+07
 -1       432 1.43721E+09-1.86722E+08-8.48734E+06
 -1       433 9.06158E+08-1.86722E+08 8.48734E+06
 -1       434-2.97383E-04 3.02403E-03-1.50666E-03
 -1       435-1.32762E+08-2.21271E+08 4.86256E+07
 -1       436 1.32762E+08-2.21271E+08 4.01382E+07
 -1       437 1.32762E+08 2.21271E+08-4.86256E+07
 -1       438-1.32762E+08 2.21271E+08-4.01382E+07
 -1       439 2.34337E+09-3.73443E+08-4.42345E-03
 -1       440 2.47613E+09-5.94714E+08 4.01382E+07
 -1       441 2.21060E+09-5.94714E+08 4.86256E+07
 -1       442 2.47613E+09-1.52172E+08-4.86256E+07
 -1       443 2.21060E+09-1.52172E+08-4.01382E+07
 -1       444-1.15432E-03 6.57367E-03-1.10053E-03
 -1       445-1.09852E-03 7.64894E-03-1.54927E-03
 -1       446-1.08701E-03 5.66040E-03-8.59243E-04
 -1       447-9.93520E-04 7.71097E-03-1.72998E-03
 -1       448-9.52359E-04 4.59320E-03-6.36647E-04
 -1       449-7.58928E-04 3.46298E-03-4.54546E-04
 -1       450-5.27591E-04 2.36126E-03-3.28625E-04
 -1       451-2.78397E-04 1.37717E-03-2.72354E-04
 -1       452-4.51307E-05 6.34092E-04-2.49537E-04
 -1       453 4.16988E-04 2.93952E-05-3.13611E-04
 -1       454 1.82498E-04 1.81812E-04-2.60893E-04
 -1       455 6.32906E-04-8.76364E-04-9.82190E-04
 -1       456 5.55814E-04-1.26384E-03-1.25175E-03
 -1       457 6.07993E-04-3.39620E-04-6.13769E-04
 -1       458 4.26034E-04-1.33204E-03-1.43823E-03
 -1       459 2.75704E-04-9.82108E-04-1.51275E-03
 -1       460 1.47954E-04 3.13012E-05-1.57364E-03
 -1       461 3.82695E-05 1.60818E-03-1.76123E-03
 -1       462-1.20913E-04 3.19747E-03-1.91464E-03
 -1       463-5.07177E-04 5.85524E-03-2.00172E-03
 -1       464-6.87534E-04 6.79893E-03-1.95718E-03
 -1       465-3.07320E-04 4.64632E-03-2.00453E-03
 -1       466-8.51982E-04 7.42544E-03-1.86822E-03
 -1       467-2.62399E-05 3.03047E-03-2.22517E-03
 -1       468-3.73035E-04 5.39305E-03-2.22717E-03
 -1       469-9.58052E-05 4.43710E-03-2.52029E-03
 -1       470 2.13858E-04 8.06276E-04-1.86608E-03
 -1       471 5.12189E-05 1.74838E-03-1.38686E-03
 -1       472-3.04509E-04 3.88589E-03-1.70222E-03
 -1       473 1.73594E-04 1.80433E-03-2.45560E-03
 -1       474-5.46345E-04 5.55022E-03-1.92611E-03
 -1       475-3.48679E-04 6.09873E-03-2.52269E-03
 -1       476-1.54376E-04 2.60497E-03-1.27660E-03
 -1       477 2.23851E-04 5.59003E-04-1.15237E-03
 -1       478-6.36220E-04 5.61315E-03-1.76077E-03
 -1       479-6.67251E-04 6.40233E-03-2.01368E-03
 -1       480-5.76239E-04 6.33519E-03-2.16295E-03
 -1       481-5.02169E-04 6.54760E-03-2.37591E-03
 -1       482-4.58466E-04 5.47756E-03-2.08368E-03
 -1       483-3.59873E-04 3.68849E-03-1.41839E-03
 -1       484-5.08778E-04 4.77788E-03-1.65218E-03
 -1       485-4.27706E-04 4.71043E-03-1.82525E-03
 -1       486-6.03715E-05 1.99167E-03-1.05991E-03
 -1       487-2.78609E-04 3.03603E-03-1.21518E-03
 -1       488-2.35281E-04 3.23610E-03-1.49303E-03
 -1       489 1.96896E-04 9.12334E-04-9.64099E-04
 -1       490 4.93413E-05 1.59017E-03-1.08595E-03
 -1       491-4.63180E-05 2.17543E-03-1.33152E-03
 -1       492 3.70994E-04 7.29813E-05-1.06788E-03
 -1       493 2.48027E-04 4.19257E-04-7.17401E-04
 -1       494 1.45664E-04 1.12840E-03-1.27891E-03
 -1       495 3.32730E-04-1.83705E-04-1.95028E-03
 -1       496 3.30940E-04 9.33343E-05-1.49725E-03
 -1       497 2.17492E-04 6.90587E-04-1.53575E-03
 -1       498 2.33427E-04 4.98675E-04-2.54755E-03
 -1       499 2.63121E-04 9.75112E-05-2.28375E-03
 -1       500 1.84879E-04 1.26136E-03-2.22637E-03
 -1       501 2.38640E-04 1.72708E-03-2.66652E-03
 -1       502-4.68040E-05 4.54593E-03-2.70586E-03
 -1       503 1.09287E-04 3.17489E-03-2.68649E-03
 -1       504 5.28930E-05 3.14657E-03-2.48263E-03
 -1       505-2.18111E-04 5.61128E-03-2.65132E-03
 -1       506-4.90499E-04 6.91084E-03-2.52025E-03
 -1       507-3.45598E-04 6.44921E-03-2.65366E-03
 -1       508-2.16732E-04 5.27594E-03-2.52340E-03
 -1       509-3.57070E-04 5.74690E-03-2.38240E-03
 -1       510-4.60867E-05 3.71113E-03-2.32832E-03
 -1       511-2.17737E-04 4.93884E-03-2.39410E-03
 -1       512-1.84287E-04 4.19057E-03-2.20009E-03
 -1       513-3.46309E-04 4.63091E-03-1.99967E-03
 -1       514-1.84657E-04 3.47342E-03-1.91394E-03
 -1       515 5.93028E-05 2.48330E-03-2.30422E-03
 -1       516 1.62806E-05 2.37233E-03-1.76994E-03
 -1       517 1.41405E-04 1.32801E-03-1.62205E-03
 -1       518 1.10759E-04 1.88752E-03-2.02908E-03
 -1       519-1.26664E-04 2.78491E-03-1.56066E-03
 -1       520-5.70227E-04 3.01458E-03-6.77227E-04
 -1       521-1.05032E-03 5.38693E-03-6.92520E-04
 -1       522-6.95524E-04 4.41661E-03-8.51772E-04
 -1       523 2.87891E-05 7.90141E-04-4.75842E-04
 -1       524-4.51296E-04 1.72087E-03-1.30081E-04
 -1       525-9.71063E-04 3.88128E-03-2.63836E-04
 -1       526-1.63486E-04 1.79634E-03-6.52947E-04
 -1       527-1.25381E-03 5.54005E-03-4.33150E-04
 -1       528-1.03022E-03 6.08688E-03-9.20258E-04
 -1       529-7.81365E-04 2.58648E-03 5.59729E-05
 -1       530 1.03510E-05 5.51182E-04-1.78794E-04
 -1       531-1.38827E-03 6.38992E-03-5.07198E-04
 -1       532-1.35089E-03 5.60166E-03-2.84093E-04
 -1       533-1.20455E-03 6.53528E-03-8.18912E-04
 -1       534-1.28926E-03 6.32468E-03-6.37658E-04
 -1       535-1.15311E-03 5.46930E-03-5.70488E-04
 -1       536-1.20798E-03 4.76609E-03-1.97473E-04
 -1       537-1.03504E-03 3.67503E-03-1.52692E-05
 -1       538-1.11461E-03 4.70132E-03-3.52819E-04
 -1       539-9.39844E-04 3.02275E-03 1.41686E-04
 -1       540-6.87091E-04 1.97549E-03 2.09248E-04
 -1       541-8.78497E-04 3.22141E-03-1.04225E-04
 -1       542-5.15549E-04 1.57965E-03 1.18207E-04
 -1       543-2.47506E-04 8.53777E-04 2.90427E-05
 -1       544-6.17328E-04 2.15297E-03-3.60826E-05
 -1       545-2.09627E-05 3.82778E-04-6.99956E-06
 -1       546 3.07485E-04 7.49305E-05-1.95943E-04
 -1       547-2.37211E-04 1.08921E-03-1.45287E-04
 -1       548 3.07952E-04 9.58203E-05-3.58636E-04
 -1       549 3.67023E-04-1.65430E-04-4.96436E-04
 -1       550 2.33031E-05 6.76821E-04-3.49715E-04
 -1       551 2.31497E-04 1.07219E-04-5.74132E-04
 -1       552 1.01137E-04 5.03947E-04-5.38347E-04
 -1       553-7.68156E-05 1.24188E-03-5.98495E-04
 -1       554-1.31753E-04 1.68485E-03-5.62073E-04
 -1       555-4.13135E-04 3.14684E-03-7.63063E-04
 -1       556-6.55953E-04 4.53121E-03-9.52750E-04
 -1       557-4.43282E-04 3.12714E-03-7.46986E-04
 -1       558-8.68153E-04 5.59653E-03-9.92871E-04
 -1       559-1.02816E-03 6.43689E-03-1.02626E-03
 -1       560-1.19231E-03 6.89949E-03-9.36125E-04
 -1       561-8.63337E-04 5.26097E-03-8.91621E-04
 -1       562-1.03732E-03 5.73714E-03-8.10970E-04
 -1       563-8.10074E-04 4.19220E-03-6.76186E-04
 -1       564-8.62200E-04 4.92929E-03-7.92582E-04
 -1       565-6.21593E-04 3.69706E-03-7.37782E-04
 -1       566-7.84673E-04 3.46968E-03-4.54680E-04
 -1       567-1.01869E-03 4.62564E-03-5.00760E-04
 -1       568-3.77242E-04 2.46004E-03-6.61729E-04
 -1       569-2.86196E-04 1.85342E-03-5.57622E-04
 -1       570-2.18388E-04 1.31440E-03-3.18148E-04
 -1       571-5.11765E-04 2.34511E-03-3.89228E-04
 -1       572-7.14240E-04 2.76174E-03-1.95569E-04
 -1       573 7.16961E+10-7.22683E+10-4.68330E+11
 -1       574 2.09453E+11 6.93804E+10-3.49145E+11
 -1       575 2.45264E+11 1.43970E+11-2.02542E+11
 -1       576 1.16611E+11-3.32893E+10-4.51527E+11
 -1       577 1.74995E+10-1.15866E+11-4.78084E+11
 -1       578 1.48985E+11-3.32893E+10-5.25429E+11
 -1       579 4.98737E+10-1.15866E+11-5.51986E+11
 -1       580-1.57227E+11-1.92968E+11-3.15271E+11
 -1       581-1.36706E+11-1.89277E+11-3.50815E+11
 -1       582-1.89601E+11-1.92968E+11-2.41369E+11
 -1       583-1.69080E+11-1.89277E+11-2.76913E+11
 -1       584-1.89331E+11-2.28349E+11-3.50302E+11
 -1       585-1.89574E+11-1.84031E+11-2.14070E+11
 -1       586-1.89574E+11-1.97437E+11-2.55114E+11
 -1       587-2.21948E+11-1.84031E+11-1.40168E+11
 -1       588-2.21948E+11-1.97437E+11-1.81212E+11
 -1       589-2.54024E+11-2.37287E+11-2.29988E+11
 -1       590-1.68526E+11-9.24798E+10 1.81611E+10
 -1       591-1.88224E+11-1.08009E+11 1.55827E+10
 -1       592-1.36152E+11-9.24798E+10-5.57409E+10
 -1       593-1.56674E+11-1.19392E+11-9.12852E+10
 -1       594-1.89048E+11-1.19392E+11-1.73833E+10
 -1       595-4.10041E+10-1.35186E+11-4.03683E+11
 -1       596-8.59908E+08-1.05331E+11-4.03922E+11
 -1       597-3.32341E+10-1.05331E+11-3.30020E+11
 -1       598-6.90164E+10-1.59769E+11-4.14996E+11
 -1       599-7.33783E+10-1.35186E+11-3.29781E+11
 -1       600 9.79314E+10 9.33728E+10-2.11184E+10
 -1       601 6.39854E+10 7.40719E+10-2.71694E+09
 -1       602 3.16112E+10 7.40719E+10 7.11850E+10
 -1       603 6.06742E+10 9.86619E+10 8.01224E+10
 -1       604 6.55573E+10 9.33728E+10 5.27836E+10
 -1       605 1.75287E+11 1.31814E+11-8.00178E+10
 -1       606 2.09490E+11 1.38492E+11-1.37648E+11
 -1       607 2.44272E+11 1.77878E+11-9.64697E+10
 -1       608 1.77116E+11 1.38492E+11-6.37464E+10
 -1       609 2.10069E+11 1.71199E+11-3.88392E+10
 -1       610-2.21678E+11-2.32818E+11-2.90145E+11
 -1       611 1.42913E+11 1.31814E+11-6.11588E+09
 -1       612 1.75866E+11 1.64520E+11 1.87913E+10
 -1       613-3.86169E+09-1.10399E+11-4.12586E+11
 -1       614 3.19206E+10-5.59615E+10-3.27610E+11
 -1       615-2.18714E+11-1.49569E+11-4.20478E+10
 -1       616-1.87164E+11-1.60952E+11-1.48916E+11
 -1       617-2.19538E+11-1.60952E+11-7.50138E+10
 -1       618-2.51615E+11-2.14208E+11-1.64833E+11
 -1       619 1.55527E+11 1.26302E+11-5.17839E+10
 -1       620 1.18270E+11 1.31591E+11 4.94569E+10
 -1       621 1.23153E+11 1.26302E+11 2.21180E+10
 -1       622 6.42948E+10-5.59615E+10-4.01512E+11
 -1       623 6.12930E+10-6.10298E+10-4.10176E+11
 -1       624-2.49205E+11-1.91129E+11-9.96784E+10
 -1       625 2.05155E+11 1.16123E+11-1.96235E+11
 -1       626 1.94364E+11 1.16123E+11-1.71601E+11
 -1       627 1.90942E+11 1.20460E+11-1.50514E+11
 -1       628 2.23540E+11 1.37766E+11-1.71945E+11
 -1       629 2.20846E+11 1.33077E+11-1.80150E+11
 -1       630 1.93799E+11 1.21538E+11-1.53733E+11
 -1       631-7.20405E+10 2.09120E+09 8.74314E+10
 -1       632-3.81817E+10 5.08105E+10 1.59291E+11
 -1       633-5.68316E+09 5.03765E+10 8.37769E+10
 -1       634 3.18197E+11 2.21759E+11-1.30882E+11
 -1       635 2.60955E+11 1.60924E+11-1.86457E+11
 -1       636 2.28581E+11 1.60924E+11-1.12555E+11
 -1       637 3.34880E+11 2.04805E+11-2.20869E+11
 -1       638-7.65485E+10-1.54987E+11-3.83162E+11
 -1       639-1.08923E+11-1.54987E+11-3.09260E+11
 -1       640-1.32982E+11-5.92730E+10 3.86826E+10
 -1       641-1.00608E+11-5.92730E+10-3.52193E+10
 -1       642 2.57437E+11 2.27653E+11 2.58599E+10
 -1       643 1.27287E+11 1.64323E+11 1.29080E+11
 -1       644 1.74259E+11 1.37414E+11-6.05268E+10
 -1       645 2.38412E+10 4.40626E+10-2.94948E+09
 -1       646-8.53296E+09 4.40626E+10 7.09525E+10
 -1       647 2.25606E+11 1.03599E+11-2.81260E+11
 -1       648 2.11556E+11 9.61684E+10-2.71935E+11
 -1       649 9.82408E+10-2.46786E+10-3.83232E+11
 -1       650 1.56134E+11 4.05265E+10-3.15765E+11
 -1       651 1.51560E+11 4.17531E+09-4.16612E+11
 -1       652 1.22188E+11 9.24362E+09-3.34046E+11
 -1       653 6.58666E+10-2.46786E+10-3.09330E+11
 -1       654 1.19186E+11 4.17531E+09-3.42710E+11
 -1       655-1.37293E+11-3.17661E+10 1.32735E+11
 -1       656 2.91640E+11 2.34332E+11-3.17706E+10
 -1       657 1.84883E+11 1.97252E+11 9.84145E+10
 -1       658 2.81757E+10 9.90958E+10 1.55637E+11
 -1       659 1.73037E+11 7.14028E+10-2.59825E+11
 -1       660 1.75894E+11 6.26800E+10-2.93051E+11
 -1       661 1.55044E+11 5.79579E+10-2.59913E+11
 -1       662-1.29174E+11-1.94059E+11-3.82649E+11
 -1       663-1.95938E+11-2.59133E+11-4.29464E+11
 -1       664-2.68493E+11-2.89534E+11-3.56910E+11
 -1       665-1.30132E+11-5.29591E+10 5.15070E+10
 -1       666-7.48903E+10-4.22276E+09 7.46070E+10
 -1       667-4.25162E+10-4.22276E+09 7.04997E+08
 -1       668-3.00840E+11-2.94003E+11-2.96752E+11
 -1       669-1.95385E+11-8.68164E+10 9.68102E+10
 -1       670-1.35781E+11-2.24843E+11-4.61811E+11
 -1       671-3.27396E+11-2.81431E+11-1.97641E+11
 -1       672-2.67939E+11-1.64616E+11 2.42556E+10
 -1       673-2.98430E+11-2.06176E+11-3.33749E+10
 -1       674-3.24987E+11-2.58352E+11-1.32486E+11
 -1       675 5.03075E+10-6.66490E+10-4.02302E+11
 -1       676 8.26816E+10-6.66490E+10-4.76204E+11
 -1       677 1.40575E+11-1.44391E+09-4.08737E+11
 -1       678 1.23497E+11 2.82528E+10-2.78839E+11
 -1       679 3.02506E+11 2.04805E+11-1.46967E+11
 -1       680 1.55871E+11 2.82528E+10-3.52741E+11
 -1       681-3.66696E+10-1.59616E+11-4.88368E+11
 -1       682 1.76325E+11 1.04891E+11-1.64807E+11
 -1       683 2.12741E+11 1.02869E+11-2.54127E+11
 -1       684 1.76816E+11 5.71067E+10-3.12219E+11
 -1       685 2.09191E+11 5.71067E+10-3.86121E+11
 -1       686 1.75631E+11 5.04062E+10-3.30027E+11
 -1       687 2.17864E+11 3.75351E+10-4.65837E+11
 -1       688 2.58044E+11 1.15335E+11-3.19380E+11
 -1       689 1.85489E+11 3.75351E+10-3.91935E+11
 -1       690 2.07849E+11 1.07405E+11-2.29073E+11
 -1       691 2.63020E+11 1.40164E+11-2.54728E+11
 -1       692 1.93799E+11 9.99746E+10-2.19749E+11
 -1       693 3.08324E+11 1.52629E+11-3.19980E+11
 -1       694 2.15947E+11 1.16123E+11-2.20869E+11
 -1       695 1.90942E+11 1.08697E+11-1.86523E+11
 -1       696 2.90418E+11 1.15335E+11-3.93282E+11
 -1       697 2.75949E+11 1.52629E+11-2.46078E+11
 -1       698 2.45115E+11 1.02869E+11-3.28029E+11
 -1       699 2.27358E+11 1.06675E+11-2.75843E+11
 -1       700 2.30646E+11 1.40164E+11-1.80826E+11
 -1       701 1.83573E+11 1.16123E+11-1.46967E+11
 -1       702-1.48472E+10-1.16018E+11-4.04712E+11
 -1       703 1.75269E+10-1.16018E+11-4.78614E+11
 -1       704 1.30445E+09-4.07992E+08 4.01382E+07
 -1       705 1.03892E+09-4.07992E+08 4.86256E+07
 -1       706 1.17168E+09-1.86722E+08-3.64895E-03
 -1       707 1.03892E+09 3.45492E+07-4.01382E+07
 -1       708 1.30445E+09 3.45492E+07-4.86256E+07
 -1       709-9.23207E-04 5.02688E-03-9.09344E-04
 -1       710 4.22379E-04-2.84417E-04-1.06071E-03
 -1       711 2.54598E-04 1.60010E-05-1.35988E-03
 -1       712 4.08423E-04-6.66850E-04-9.04498E-04
 -1       713 1.73327E-04 4.58610E-04-9.03005E-04
 -1       714 8.17614E-05 8.78781E-04-1.01538E-03
 -1       715 2.56640E-04-4.31231E-04-9.63121E-04
 -1       716 3.22618E-04 8.74249E-05-9.28652E-04
 -1       717 1.24197E-04 7.95072E-04-1.17370E-03
 -1       718 2.79557E-04 2.32627E-04-1.44811E-03
 -1       719 2.48220E-04 2.37710E-04-7.78081E-04
 -1       720 5.09095E-04-3.44410E-04-5.95351E-04
 -1       721 5.04341E-04-3.34700E-04-1.11565E-03
 -1       722-8.99763E-04 5.54471E-03-1.17903E-03
 -1       723-9.93032E-04 5.60654E-03-1.02200E-03
 -1       724-1.18135E-03 5.34318E-03-5.19151E-04
 -1       725-7.36710E-04 5.28786E-03-1.41631E-03
 -1       726-1.08821E-03 5.28280E-03-6.74965E-04
 -1       727 3.52950E-04-1.76427E-04-1.21761E-03
 -1       728 4.75925E-04-7.43950E-04-1.52470E-03
 -1       729 1.63796E-04 5.04707E-04-1.54965E-03
 -1       730 1.69253E-04 8.76200E-04-1.90371E-03
 -1       731 2.83871E-04-4.30950E-04-1.94011E-03
 -1       732 5.26181E-04-7.23750E-04-8.16237E-04
 -1       733 3.45973E-04 7.92470E-05-6.54570E-04
 -1       734 1.24071E-04 6.75663E-04-9.47230E-04
 -1       735 1.32024E-04 5.51246E-04-6.77891E-04
 -1       736-4.68425E-04 2.59101E-03-6.10550E-04
 -1       737-5.55302E-04 3.22438E-03-8.00209E-04
 -1       738-3.33006E-04 2.15825E-03-6.83523E-04
 -1       739-4.45507E-05 1.09358E-03-7.23470E-04
 -1       740-6.97976E-04 5.74384E-03-1.59626E-03
 -1       741-8.41146E-04 6.90694E-03-1.72751E-03
 -1       742-6.89691E-04 6.09517E-03-1.72114E-03
 -1       743-3.73191E-04 1.97661E-03-4.34186E-04
 -1       744 2.55709E-07 1.80345E-03-1.55437E-03
 -1       745-2.46866E-04 2.35409E-03-1.08110E-03
 -1       746-8.69755E-05 1.86593E-03-1.29760E-03
 -1       747-4.83952E-04 3.47054E-03-1.19088E-03
 -1       748-3.72688E-05 1.31461E-03-9.67839E-04
 -1       749-4.19376E-04 2.76935E-03-8.79802E-04
 -1       750-6.36678E-04 3.88165E-03-9.85174E-04
 -1       751-4.97620E-04 4.19564E-03-1.44161E-03
 -1       752-2.01004E-04 1.72498E-03-7.53847E-04
 -1       753-6.80456E-04 4.62949E-03-1.24970E-03
 -1       754-7.12062E-04 5.39117E-03-1.45908E-03
 -1       755-1.02743E-03 6.39622E-03-1.26013E-03
 -1       756-6.10850E-04 3.02608E-03-5.36475E-04
 -1       757 1.26598E-04 3.80063E-04-3.54784E-04
 -1       758-6.87501E-04 6.44581E-03-1.84040E-03
 -1       759-8.06517E-04 5.47374E-03-1.32673E-03
 -1       760-9.32871E-04 6.32987E-03-1.39955E-03
 -1       761-8.26725E-04 5.34961E-03-1.25250E-03
 -1       762-8.54064E-04 6.54223E-03-1.59673E-03
 -1       763-2.37164E-04 1.57192E-03-4.90093E-04
 -1       764 6.03180E-05 1.24931E-03-1.40877E-03
 -1       765-1.53215E-05 8.69028E-04-4.65865E-04
 -1       766-9.49937E-04 4.45009E-03-5.85173E-04
 -1       767-5.39794E-04 5.27105E-03-1.70710E-03
 -1       768-3.56137E-04 4.54217E-03-1.82595E-03
 -1       769-6.97405E-04 3.67849E-03-7.16838E-04
 -1       770-5.40764E-04 4.93612E-03-1.59096E-03
 -1       771-3.33682E-04 3.70942E-03-1.53386E-03
 -1       772-1.60330E-04 2.47327E-03-1.48937E-03
 -1       773-1.51450E-04 3.17689E-03-1.73242E-03
 -1       774-3.95083E-04 4.43206E-03-1.68545E-03
 -1       775-5.43071E-04 5.60734E-03-1.82307E-03
 -1       776-1.94127E-04 3.14081E-03-1.60450E-03
 -1       777 5.04978E-05 1.71566E-03-1.60248E-03
 -1       778-6.08755E-04 4.45339E-03-1.31162E-03
 -1       779-1.01833E-03 4.23543E-03-3.32441E-04
 -1       780-6.46755E-04 5.21780E-03-1.57544E-03
 -1       781-9.92237E-04 5.21348E-03-8.23892E-04
 -1       782 3.80265E-04-6.82007E-04-1.72839E-03
 -3
    1PSTEP                         2           1           1          
  100CL  101 1.000000000         782                     0    1           1
 -4  STRESS      6    1
 -5  SXX         1    4    1    1
 -5  SYY         1    4    2    2
 -5  SZZ         1    4    3    3
 -5  SXY         1    4    1    2
 -5  SYZ         1    4    2    3
 -5  SZX         1    4    3    1
 -1         1-2.64179E+01-1.32664E+00-1.36979E+01 1.81479E+01-1.98577E-03-3.08395E+00
 -1         2 3.27004E+01-3.62468E+00 7.90555E+00-2.62516E+00 4.55264E+00-6.09391E+00
 -1         3 1.36079E+01-4.08089E+01-4.08727E+01-2.64183E+01-7.50028E+00-1.66228E+01
 -1         4 7.09099E+01 3.89458E+01 3.47169E+01 2.64059E+01-9.09329E+00-1.96054E+01
 -1         5 3.31709E-02-3.51050E-02-6.41048E+00 3.21158E-02-8.16965E-02-1.19538E+00
 -1         6-3.23362E-04 7.44603E-03-1.43703E+01-2.57215E-02 5.26677E-01 2.02735E-01
 -1         7 2.82537E-02 1.30648E-02 3.65229E-01 2.94968E-02 6.28768E-01 4.69068E-01
 -1         8-7.42864E-02 2.84900E-02-7.91744E+00-5.14830E-02 6.76885E-01 1.09215E+00
 -1         9-2.65326E-01-9.99813E-02-1.18533E+00 6.14679E-02-7.22089E-01-6.53971E-01
 -1        10 1.40034E-01-5.61726E-03-9.38912E+00 1.47374E-02-1.71829E-01-8.05141E-01
 -1        11 1.19483E-02-6.50512E-02 5.51863E+00 1.99358E-02-4.56735E-01 3.46386E-01
 -1        12 7.00136E-02 1.16604E-03-2.73184E+00-2.69255E-02-2.98769E-01 6.84168E-01
 -1        13-8.42964E-01 9.93679E-04 3.17887E-02-1.34598E-01-1.40696E-02 1.38387E-01
 -1        14-8.96349E-01 2.55585E-02 6.59878E-03-1.44952E-01-9.56189E-03-2.41238E-01
 -1        15-9.31083E+00-3.58912E+00 1.07340E+01 6.55920E+00 2.32461E+00-5.20878E+00
 -1        16 1.97992E+00-7.17493E+00 1.76823E+01 8.30650E+00-1.43591E+00-2.14192E+01
 -1        17-1.29023E+01-3.46514E+00 1.82709E+01 1.60342E+00-1.04946E+01-9.81053E+00
 -1        18 1.06264E+01 2.38384E+01 1.29119E+00 9.57969E+00 1.71096E+00-2.37330E+01
 -1        19-2.25562E+01-9.64746E+00-1.76497E+01 7.42268E+00-1.39691E+00-1.30885E+01
 -1        20-3.20817E+01-1.73013E+01 2.26588E+00-7.77732E+00-2.74473E+00-3.82563E+00
 -1        21 1.85022E+01-9.88674E+00-2.47150E+00-7.83934E+00 8.77139E-01-1.27190E+01
 -1        22-3.97340E+00-1.38036E+01 8.35806E-01-7.74958E+00-3.22687E+00-1.14976E+01
 -1        23 1.60757E+01 5.82637E+00 6.94036E+00 1.19439E+01 1.08552E+01 6.48961E+00
 -1        24 1.82510E+00-3.52428E-01 4.81004E+00 4.25565E+00 5.54429E+00 4.27709E+00
 -1        25 7.31669E+00 1.99468E+01 4.48000E+00 3.60902E+00-5.43189E+00-5.85203E-01
 -1        26-1.82619E+00 1.18554E+01 3.77025E+00 1.82077E+01-9.17227E+00-1.76294E+01
 -1        27-6.61293E+00-2.32886E+01 2.91205E+01 5.62469E+00 2.89297E+00-7.45284E+00
 -1        28-1.27160E+01-5.61800E+00 1.34950E+01 4.22940E+00-3.12601E+00-5.00941E+00
 -1        29 1.56996E+00 1.47713E+01-8.53226E+00 1.42161E+01 4.71776E-01-1.50169E+01
 -1        30-1.42746E+01-5.58015E+00 4.60215E+00-8.70397E+00-1.41428E+00-1.88768E+01
 -1        31-5.01891E+01-4.98522E+01-2.54694E+01-1.07411E+01-5.07358E+00-4.99922E+00
 -1        32-7.36085E+00-2.88373E+01-1.88086E+01-6.72484E+00 1.49188E+00-6.46910E+00
 -1        33-5.15858E+00-2.70913E+01-4.29448E+00-1.24643E+01-4.50173E+00-1.40059E+01
 -1        34-4.26883E+00 2.08285E+00 1.33155E+00 1.01096E+00 1.05324E+00-2.00270E+00
 -1        35 3.49518E+00 1.23035E+01 3.50659E+00 1.27623E+01 1.39784E+01 9.06449E+00
 -1        36-3.30642E+01-2.77728E+01-7.52125E+00-1.23488E+01-2.99976E+00-4.64408E+00
 -1        37-1.91126E+01 4.26141E+00-2.27594E+01 1.36262E+01-4.23509E+00 4.44508E+00
 -1        38-5.23191E+00-1.03991E+01-3.04083E+00 8.56655E+00 4.56879E+00-1.22316E+00
 -1        39 1.99191E+01 1.04250E+01-7.12086E+00 9.08886E+00 8.59095E+00-4.78965E+00
 -1        40-1.58863E+01-8.48226E+00-2.50641E+01-1.83923E+00-5.92457E+00 1.29453E+01
 -1        41-9.80243E+00-1.75255E+01-1.94249E+01-3.01212E+00-1.16809E+01 9.32003E-01
 -1        42 9.97819E+00-9.43012E+00 8.33962E+00 5.12742E+00 2.12703E-01 5.98928E+00
 -1        43-2.88031E+01-9.95912E-01-2.39101E+00 9.87339E+00-7.22797E+00-1.40433E+01
 -1        44 3.12747E+00 3.12187E+00 2.68040E+00-1.94705E+01 4.72722E+00 4.10700E-01
 -1        45-1.09726E+01 3.16504E+00 8.78734E+00 5.16584E+00 4.97452E-01-4.90508E+00
 -1        46 1.13516E+01 6.18392E+00 1.53757E+01 5.63544E+00-7.49086E-01-1.03941E+01
 -1        47-1.23480E+01 1.06309E+00 1.12003E+00-7.99789E+00 3.11283E+00 1.69103E-02
 -1        48-2.30638E+01-1.31306E+01-2.65726E+01-3.57557E+00-2.94853E+00-2.92264E+01
 -1        49-2.29588E+01-7.83049E+00-1.57026E+01-1.89740E+01-1.03638E+01-1.50120E+01
 -1        50 1.25030E+01 9.77909E+00 1.61425E+00-5.32563E+00 3.14124E+00-1.52711E+00
 -1        51 1.12920E+01-1.28505E+01-2.41584E+01 4.83589E+00 2.01897E+00 3.55389E+00
 -1        52 1.15560E+00-1.65960E+01-1.37280E+01 4.30600E+00-7.54353E+00 7.62936E+00
 -1        53 1.55136E+01 1.38284E+01 4.41052E+00 6.80292E+00 1.03667E+00 5.65504E+00
 -1        54 3.11169E+00 4.50613E+00 1.82348E+00 9.24878E+00-5.17527E-01 6.11025E+00
 -1        55-2.99590E+01-1.74193E+01-9.46931E+00-8.94070E+00-3.78706E-01-1.29404E+01
 -1        56 1.62594E+00 1.53073E+00-1.90599E-01-1.04983E+01 2.89598E+00 2.94092E+00
 -1        57-1.93867E+01 4.85559E-01 2.30751E+01 6.01661E+00-3.97007E+00-8.83132E+00
 -1        58 6.63739E+00 4.59226E+00 9.84349E+00-2.64712E+00 1.99279E+00-8.68202E+00
 -1        59-3.02928E+01-2.51897E+01-2.91407E+01-1.28163E+01-7.53890E+00-2.47746E+01
 -1        60-2.96314E+01-3.36450E+00-2.04092E+01-1.75021E+01-6.93450E+00-2.42489E+01
 -1        61-1.94561E+01-3.55150E+01-7.31399E+00-2.57958E+01-4.45898E+00 4.09736E+00
 -1        62-1.13876E+01-6.70011E+00-4.73384E+00-7.79219E-01 2.40713E+01 1.30497E+01
 -1        63-1.16720E+01-1.33460E+01 1.24235E+00-3.70332E-01 1.98466E+01 3.44612E+01
 -1        64-1.64891E+01-6.31058E+00-6.44826E+01-5.35053E+00-7.29707E+00 5.32522E+00
 -1        65 1.95286E+01-2.67707E+01 2.93123E+01-1.47794E+01 1.15407E+01 1.83293E+01
 -1        66 2.74774E+01-1.46089E+00 2.56641E+01-5.24128E+00 6.06645E+00 2.66592E+01
 -1        67-1.03589E+01 3.04854E+01 2.09170E+01-1.84412E+01 6.59550E+00 5.50585E+00
 -1        68-1.04298E+01 3.22013E-01-1.88191E+01-1.27046E+01 9.42082E+00 1.50167E+01
 -1        69-2.77655E+01-1.95893E+01-1.79529E+01-5.71425E+00-1.61557E+01-6.58668E+00
 -1        70 2.50816E+01 3.49186E+00 2.84420E+01 7.31330E+00-1.00304E+01 2.91531E+00
 -1        71-3.42035E+01-1.63903E+00 1.39347E+01-1.07289E+01 8.02602E+00 9.92307E-01
 -1        72 6.89964E+01-6.10310E+00 1.20491E+01 1.46795E+00 1.02444E+01 4.50683E+01
 -1        73-8.20653E+01-6.16581E+01-4.47553E+01-5.47389E+01-1.91223E+01-1.60461E+01
 -1        74 2.53434E+01-6.45453E+00 3.18071E+01 2.05639E+00 2.59037E+01 2.01583E+01
 -1        75-3.53216E+01-1.32239E+01-1.99682E+01-5.49937E+00 1.09312E+01 2.16134E+01
 -1        76-4.73513E+01-4.40372E+01-7.65269E+01-2.35411E+01 9.53684E+00 2.02408E+01
 -1        77 9.92590E+01 5.93079E+01 1.02811E+02 2.19898E+01 1.95149E+01 4.39521E+01
 -1        78-2.30533E+01-1.71459E+01 8.32318E+00-2.99053E+01 9.72669E+00 9.98035E+00
 -1        79-5.88230E+01-1.72219E+01-3.67666E+01-4.87328E+01 2.29204E+00-5.89135E+00
 -1        80-5.95053E+01-2.29023E+01-2.20326E+01-1.94819E+01-7.64060E+00 1.45828E+00
 -1        81-8.70575E+00 6.53884E+00 2.54589E+00 9.29881E+00-1.61359E+01 1.34508E+01
 -1        82 3.33911E+00 1.12274E+01 4.52252E+01-5.66126E-01 2.31700E+01 2.69154E+01
 -1        83 7.88960E+00-6.01389E+00 2.84638E+00 1.12681E+01 1.34422E+01 1.60204E+01
 -1        84 8.22306E+01-3.69708E+01-4.43792E+00-4.74833E+00 8.28242E+00 1.58365E+01
 -1        85-3.65919E+01-2.66308E+01-1.74174E+01-1.80440E+00 5.04674E+00 1.86705E+01
 -1        86-4.28997E+01-3.94037E+00-3.36549E+01-7.80214E+00-1.65662E+01 2.23342E+01
 -1        87-1.00695E+01 8.92781E+00-2.76255E+01-1.45911E+00-2.99890E+00 2.47651E+01
 -1        88-9.65629E+00-1.47625E+01-8.47924E+00-1.43011E+01 4.19472E+00-1.11968E+00
 -1        89 7.76519E+01 2.71588E+01 2.91490E+01 7.05051E+00 1.62393E+01 2.62505E+01
 -1        90-2.16479E+01-3.46884E+00-1.16677E+01 1.66530E+01 1.63503E+01 2.13755E+01
 -1        91-3.41402E+01-1.54457E-01-2.36697E+01-4.56086E-01-4.73967E+00 2.93768E+01
 -1        92-1.07363E+01 2.28382E+01-2.12786E+01 1.14142E+01 1.44385E+00 1.52216E+01
 -1        93 1.28790E+01-1.70196E+01-1.51636E+01-1.68721E+00 4.06061E+00-9.27815E+00
 -1        94 5.85405E+01 1.77710E+01 1.66225E+01 2.99995E+01-5.23239E+00 2.75078E+00
 -1        95-7.88992E+00-4.60270E+00-1.10292E+01 5.52839E+00 1.45527E+01 1.60985E+00
 -1        96-5.79924E+00 1.56686E+01 1.19431E+01 1.97432E+00-1.74486E+00-1.64814E+01
 -1        97-6.14880E+01 4.19494E+01-4.18613E+01 2.31282E+01-1.54635E+01 3.32584E+01
 -1        98-3.81394E+01-1.67651E+01-6.24026E+01-7.61141E+00-9.78115E+00 1.22997E+01
 -1        99-1.47975E+00-3.98249E+00-4.29274E+01-4.74838E+00-2.39996E+01-8.96385E+00
 -1       100 3.59289E+01-2.32895E+01-7.75697E+00-8.87187E+00 1.13875E+01 2.76439E+01
 -1       101 8.26096E+01 6.42390E+01 6.43422E+01 2.98834E+01 2.95331E+01 1.47046E+01
 -1       102-3.81889E+01 2.07826E+01-2.41516E+00 1.40124E+01-9.99357E+00 1.60174E+01
 -1       103-1.35952E+01 3.20533E+01-2.50968E+01 5.53150E+00-1.82879E+01 1.42179E+01
 -1       104 3.46976E+01-1.48624E+01-5.98317E+00 4.13554E+00-1.84092E+01-3.92758E+01
 -1       105-2.14642E+01-1.20153E+01-1.83510E+01 1.17298E+01 3.74547E+00 2.75373E+00
 -1       106 4.95687E+01 2.80881E+01 1.09399E+01 3.12430E+01 8.28299E+00 1.93700E+01
 -1       107 3.56383E+01 2.38728E+01 3.13231E+01 2.09929E+01 1.52817E+01 5.59296E+00
 -1       108-1.47030E+02 3.42266E+01-8.58852E+00-3.89761E+01-1.52344E+01 8.60320E+00
 -1       109 2.65055E+00-2.56975E+01-2.60248E+01 1.21014E+00 8.43748E+00 2.59069E+00
 -1       110 7.67533E+01 1.17868E+02 7.11028E+01 2.94312E+01-2.55427E+01-1.46675E+01
 -1       111-3.54632E+01-1.96177E+01-2.12789E+01-2.48986E+00 1.26422E+01 2.36065E+01
 -1       112-1.06782E+01-1.96071E+01-4.26486E+01-1.61384E+01-1.90212E+00-8.73211E+00
 -1       113 2.73868E-02 3.66985E-02-1.04237E+01 1.46471E-02-2.49639E-01-7.91339E-01
 -1       114 7.95096E-02-2.78261E-03-2.98117E+00 4.73495E-02 3.51433E-01-4.93595E-01
 -1       115-4.60961E-02-1.17127E-02-3.82964E+00-5.75847E-03 7.46541E-01 5.31584E-01
 -1       116-1.15811E-02-3.77497E-03-1.11190E+01-3.52828E-02 9.81414E-01 5.42025E-01
 -1       117-4.00011E-02-3.10878E-03-5.24416E+00 3.70316E-02-3.77361E-01-5.97803E-01
 -1       118-6.52723E-02-1.56004E-01 2.14588E+00 2.15299E-02-7.74185E-01-2.06867E-01
 -1       119 6.98414E-02-5.03861E-02 1.41407E+00-2.78336E-02-2.57310E-01 6.05586E-01
 -1       120 4.17368E-02-1.96725E-03-6.08017E+00 4.80519E-04-2.10560E-01-3.25946E-02
 -1       121 8.41732E-02 3.31502E-02-1.18874E+01 1.33296E-03-2.28848E-01-2.72461E-01
 -1       122-1.28376E-01 2.71223E-02-3.75286E+00 7.97968E-02-9.17338E-03-7.10826E-01
 -1       123-6.18864E-02-4.10290E-02-5.38711E+00-1.75555E-02 2.68184E-01 8.71562E-01
 -1       124-5.38870E-02 4.23013E-02 2.94030E+00 1.56506E-02-2.13330E-02 4.88554E-01
 -1       125-7.98568E-01 1.50985E-02-4.21456E-01-1.47437E-01 5.20758E-02 6.65233E-01
 -1       126-2.60373E-01-4.34982E-02-1.37867E+00-3.34064E-02 9.30668E-02 7.03845E-01
 -1       127 8.90584E-02 6.91299E-02-3.04216E+00-3.13996E-02 4.26892E-01 2.32722E-01
 -1       128 1.77448E-01-7.29442E-01-1.59138E+01 1.77789E-01 4.60114E-01-2.68986E-01
 -1       129 5.68905E+00 3.74058E+00-9.50116E-01 3.47301E+00 3.74595E+00 5.89694E+00
 -1       130 2.86589E+00-3.64535E-02 1.17572E-01 1.12250E+00 4.02480E-02 2.06590E+00
 -1       131 7.34476E-01 9.08268E-01-3.48225E-01 1.82937E+00 3.00046E-02 1.24332E+00
 -1       132-3.14581E-01-5.57635E-02-2.32552E-01-3.23773E-01 5.08075E-01 2.00140E+00
 -1       133 3.70893E-02-2.13298E-01 1.10206E+00 1.09155E-01 7.74888E-02 5.41687E-01
 -1       134 5.53204E-03-8.25135E-03 4.22453E-02-4.06021E-02-8.42716E-02 9.22541E-02
 -1       135-4.77479E-01-5.92471E-03 1.80278E-02-1.35721E-01-6.87389E-02-1.50160E-01
 -1       136-8.98784E-01-3.06904E-02-1.83297E-01-1.18726E-01 3.92612E-02 3.83796E-01
 -1       137-4.77432E-01 1.50918E-04-8.39489E-01-7.79121E-02 1.98001E-02 6.70914E-01
 -1       138-1.33126E-01 6.17027E-02-1.99004E+00-7.65868E-02 2.84076E-01 4.48636E-01
 -1       139-4.27362E-01 3.27380E-02-6.69269E+00 1.91042E-02 1.05554E-01 2.77253E-01
 -1       140-1.79357E+00-2.73389E+00-2.43080E+01 2.35272E+00 9.06994E+00 7.99706E+00
 -1       141 4.99288E+00 6.16394E-01 3.40005E-01 2.12508E+00 4.09425E-01 3.53872E+00
 -1       142 1.28036E+00 3.49166E-02-5.59710E-01 1.44122E+00-1.85357E-03 1.62600E+00
 -1       143-5.88021E-01 7.29670E-01-1.15318E-01 6.23185E-01 4.85667E-01 1.59310E+00
 -1       144 9.19972E-02-2.30649E-01 1.35597E+00-1.48130E-01 4.05248E-01 8.92992E-01
 -1       145-5.03559E-02 2.79382E-04 2.03055E-01 7.62886E-02-1.43494E-01 3.02295E-01
 -1       146-2.96809E-01-5.05890E-02-1.06663E-01-8.48354E-02-5.37685E-02-9.83449E-02
 -1       147-6.33976E-01 1.57585E-02 1.61364E-02-1.05629E-01-5.03712E-02-1.30461E-02
 -1       148-8.61296E-01 1.59591E-02 2.00330E-02-1.91790E-01-1.73083E-02-9.16305E-02
 -1       149-4.33189E-01 4.15499E-02-5.61896E-02-1.23904E-01 9.20985E-02 1.33279E-01
 -1       150 3.38839E-02 6.55238E-02-1.26288E-01-5.49650E-02 1.24995E-01-4.93959E-02
 -1       151-7.83638E-02-3.96491E-01 1.07940E+00 1.22651E-01-5.91810E-01-4.08947E-01
 -1       152-5.57142E-01-1.77737E-01 4.57154E-01-2.19471E-01-8.28188E-01-3.41517E+00
 -1       153 1.23645E+00 3.07342E-01 3.63581E-01 1.41763E+00-3.06378E-01-1.86296E+00
 -1       154 3.24468E+00-3.36463E-01 7.42798E-02 1.60004E+00-1.20106E-01-1.91299E+00
 -1       155 5.58827E+00 2.01221E+00-1.05114E-01 2.49186E+00-2.59593E+00-5.32124E+00
 -1       156-2.35555E-01-4.10046E-01-1.36963E+01 6.87382E-01-1.06123E+00-1.35497E-01
 -1       157 2.95801E-02 4.33834E-02-2.84311E+00 1.11152E-01-1.40094E-01-3.34560E-01
 -1       158-2.14477E-01 8.57620E-02-1.28565E+00-5.07577E-02-5.79165E-02-7.05478E-01
 -1       159-7.46710E-01 2.72549E-02-4.55126E-01-1.09728E-01-6.11753E-02-6.41878E-01
 -1       160-7.44253E-01-4.73697E-03-5.62321E-02-1.18409E-01 2.93740E-02 6.50985E-03
 -1       161-2.05891E-01 1.82341E-02-7.88363E-02-8.46681E-02 7.47044E-02 4.20010E-02
 -1       162 2.30393E-02-4.29974E-02 5.61155E-02-8.86716E-03-2.97616E-02-1.76182E-01
 -1       163-1.26057E-01-1.97457E-01 2.15830E+00 4.41855E-01-8.94896E-01-8.26968E-01
 -1       164-6.17873E-01 2.16513E-01 7.64311E-01 5.32663E-01-6.92770E-01-2.80787E+00
 -1       165 2.38639E+00-1.24573E-01 5.64243E-02 1.62087E+00-2.48406E-01-1.74095E+00
 -1       166 4.59790E+00 5.90213E-01 1.18783E-02 1.97871E+00-2.99112E-01-3.26765E+00
 -1       167 1.44420E+00-1.04966E+00-1.28386E+01 1.60360E+00-6.92186E+00-5.06640E+00
 -1       168-4.41980E-01-3.15440E-01-6.79635E+00 2.17988E-01 1.31772E-01 4.94484E-02
 -1       169 2.45972E-01 2.76312E-01-1.73943E+00 8.26907E-02-1.11274E-01-5.04281E-01
 -1       170-5.74449E-01-7.95829E-03-8.37445E-01-6.32974E-02-7.13256E-02-6.67162E-01
 -1       171-7.84950E-01 5.66940E-02-1.73100E-01-7.76244E-02-2.35911E-02-4.13886E-01
 -1       172-1.21733E+00-1.40028E+01-1.29349E+01 1.25614E+00-7.73604E+00-1.46992E+01
 -1       173 2.83883E+01 2.15784E+01 2.82200E+00 1.40832E+01-3.91818E+00-1.44456E+01
 -1       174-2.28825E+01-7.65025E+00-6.50327E+00-2.31592E+00-6.66654E+00-1.25977E+01
 -1       175 7.17483E+00 1.54147E+01-1.24442E+00-6.02923E+00-7.11959E+00-6.52122E+00
 -1       176 3.00639E+01 1.64988E+01 2.34923E+01 1.82299E+01-1.70640E+00-1.12523E+01
 -1       177 2.30246E+01 2.68620E+00-1.01736E+01 1.44475E+01-3.53923E+00-7.81283E+00
 -1       178-1.17185E+01-1.26235E+00-2.89149E+00-2.50494E+00-5.65427E+00-1.81367E+00
 -1       179-3.54877E+01-2.33043E+01-2.91093E+01-3.63007E+00-1.66235E+01-1.17373E+01
 -1       180 4.52065E+00-8.13003E+00 5.92373E+00 5.23253E+00-4.89613E-01 4.49466E+00
 -1       181 5.54540E+00 3.31330E+00 1.60750E+01 3.52262E+00-3.51362E+00-9.03526E+00
 -1       182 2.08863E+01 2.13351E+01 3.92765E+00 1.50378E+01 8.94091E-01-5.90802E+00
 -1       183-2.72638E+01-4.46578E+00-9.73280E+00 9.03768E+00-2.71161E+00-1.19629E+01
 -1       184-2.60328E+01-9.80875E+00 1.34616E+01 1.21622E+00-2.97943E+00-8.95805E+00
 -1       185 1.59448E+01 2.68689E+00 3.91607E+00-9.37812E+00 1.74845E+00-7.83785E-01
 -1       186-6.79958E+00 4.49491E-01 1.59144E+00-1.11528E+01 5.03593E+00 1.38826E+00
 -1       187 8.26309E+00-1.04206E+01 8.30947E+00-3.26816E+00 6.38979E+00 4.70856E+00
 -1       188-8.68485E+00-1.10801E+01-4.88282E-01-3.64455E+00 3.49045E+00-2.88563E+00
 -1       189 5.05635E+00-3.42669E+00 1.43100E-01-1.66631E+00-2.37320E+00-1.15650E+01
 -1       190 9.49482E+00-5.47960E+00 2.80842E+00-2.42180E+00 1.58814E+00-9.87448E-01
 -1       191-3.94092E+00-3.98267E+00-1.02070E+01 6.03708E+00 9.23007E+00-5.68817E+00
 -1       192-1.86629E+01-1.93588E+01-1.61620E+01-3.79932E+00-3.59258E+00-1.87441E+01
 -1       193 6.52807E+00 1.18788E+01 8.33999E+00 4.22117E+00 8.56793E+00 8.56986E+00
 -1       194-8.06731E+00-9.33778E+00-7.53841E+00-4.01156E+00-4.82776E-01-4.01130E+00
 -1       195 1.66776E+01 3.20310E+01 2.56233E+01 2.04820E+01 1.75812E+01 4.18632E+00
 -1       196-1.29384E+00-4.40268E-01 2.80045E-01 3.68514E-02-3.89914E+00-2.36409E+00
 -1       197 2.19054E+00-7.67690E+00 2.03413E+01 1.20864E+01-7.44288E+00 5.14936E+00
 -1       198 3.96862E+01 2.26086E+01 2.27006E+01 1.00927E+01-9.20352E+00 7.22302E-01
 -1       199-2.72134E+01-8.33847E+00-5.98762E+00-8.10150E+00-4.82678E-01 1.16480E+01
 -1       200-2.20210E+01 1.56675E+00-9.51135E-01-7.06798E+00-4.69020E+00 1.04741E+01
 -1       201-8.95457E+00 1.94418E+00-4.44120E+00 8.16343E-01 2.69324E+00 7.58330E-01
 -1       202 2.27967E+01-6.24964E+00-1.46095E+01-3.25355E+00-4.75437E+00 1.59561E+01
 -1       203-6.24321E+00 6.95415E-01-2.54769E+01 4.33753E+00-2.94385E+00-5.14161E+00
 -1       204 2.50083E+01-3.97923E-01-7.78969E+00 1.38321E+00-3.77748E+00 1.53580E+01
 -1       205-2.58242E+01 7.23077E-01-1.63165E+01-3.74443E+00-9.39220E+00-2.04118E+01
 -1       206-7.59302E+00 3.32679E+01 2.85764E+01 5.50164E+00-4.91448E+00 9.64851E+00
 -1       207-2.63449E+00 1.13616E+01 2.51959E+01 8.98412E+00 1.54207E+01 4.06061E+00
 -1       208-1.91654E+00 9.38326E+00 1.36554E+01 9.53125E+00-3.91551E+00-7.30040E+00
 -1       209 4.03705E+00-2.16314E-01-9.42865E-01 2.48087E+01 6.71377E+00-5.64285E+00
 -1       210 1.21764E+01 8.15030E-01 1.56039E-01 1.77295E+00-3.24902E+00-3.76412E+00
 -1       211 2.93816E+01 3.79467E+01 3.98943E+01 2.10242E+01 3.02194E+00 1.00434E+01
 -1       212 6.35446E+01 1.38694E+01 1.32581E+01 4.79348E+00-1.16994E+01-2.04059E+01
 -1       213-4.24519E+01 9.44669E+00-9.32660E+00 5.80483E+00 1.93739E+01 7.58740E+00
 -1       214 2.00887E+01-2.25412E+01 1.49255E+01-1.84989E+01-1.16394E+00 3.49757E+01
 -1       215 5.72056E+01 4.32611E+00 1.32112E+01-5.53016E-01 3.36080E+00 1.23309E+01
 -1       216-2.67025E+01 1.09187E+01 2.02894E+01 3.50657E+00 9.90641E+00-9.72936E+00
 -1       217-8.94219E+00-9.15391E+00 3.21619E+00 8.35249E-01 1.20698E+01 2.95910E+00
 -1       218-4.03851E+01-2.81489E+01-2.03216E+01-5.78180E+00 1.35971E+01-6.81288E+00
 -1       219-2.18253E+01-1.09173E+01 8.35695E+00 2.56050E+00-2.57848E+01-1.73170E+01
 -1       220 2.92627E+00 2.50550E+01 1.93439E+01 1.27924E+01 4.89327E+00-9.17935E+00
 -1       221-1.10471E+01 4.14829E+01 1.88717E+01 5.39793E+00 7.31725E+00 2.94447E+00
 -1       222 1.63092E+01 1.03551E+01-3.16761E+01 2.44493E+00-6.97463E+00-1.78936E+01
 -1       223-9.09567E+00-3.45991E+00-6.48764E+00-2.31080E-01-4.17563E+00-3.54266E+00
 -1       224-3.87970E+01 1.06058E+00-3.18849E+00-2.68916E+00-1.68645E+00 8.00187E+00
 -1       225-7.91842E+00 1.56573E+00-2.72681E+00 2.42528E+00 6.89844E-01 3.50578E+00
 -1       226 2.46847E+01 8.84075E+00-2.95500E+00 6.83086E+00 9.73683E+00 2.39525E+00
 -1       227 1.64511E+01-7.43673E+00-3.96761E+01 5.67583E-01-8.47223E+00-1.06424E+01
 -1       228 6.76896E+00 1.22457E+01 1.16856E+01 5.13426E+00-4.44400E+00 5.43783E+00
 -1       229-1.59455E+01-7.75363E+00-1.18852E+01 2.17589E+00-4.15364E-01 1.15951E+01
 -1       230 3.01524E+01 2.23068E+01 1.70356E+01 8.55358E+00-3.75946E+00 1.61603E+01
 -1       231 1.21084E+01-4.54934E+00-5.36112E+00 1.41019E+00 1.80092E+00 1.01368E+00
 -1       232-1.87011E+01-1.57207E+01-2.95402E+00-9.23540E+00-5.26586E+00-1.96575E+00
 -1       233 3.25632E+01-1.27690E+00-1.01167E+00 9.74971E-01-6.54427E+00 9.87147E+00
 -1       234-2.02256E+00 3.71760E+00 5.39493E-01 3.75920E+00-2.85872E-01-5.73844E+00
 -1       235 1.02189E+01 4.41128E+00-4.92757E-02-1.25907E+00 5.24547E+00-5.87358E+00
 -1       236 1.57208E+01-2.94185E+00-1.24106E+01-1.81656E+00-9.05247E-01 7.65133E+00
 -1       237-1.62802E+01-1.06810E+01-4.69445E+00-2.62090E+00 1.96459E+00 1.21986E+00
 -1       238 9.47791E+00 6.25871E+00 5.60238E+00 1.79875E+00 1.71654E+00-2.53551E-01
 -1       239-1.03152E+01 4.65305E+00-5.65466E-01 1.82410E+00 3.55792E+00 1.76361E+01
 -1       240-1.49869E+01-2.13326E+01 4.24716E+00-9.23940E+00 1.33673E+00 1.24563E+01
 -1       241 2.22472E+01 1.00405E+01-4.14764E+00 1.13258E+01 6.10354E+00 6.91689E+00
 -1       242-1.98738E+01 1.22534E+01-9.73642E+00 2.65343E+00 1.53428E+00 1.30539E+01
 -1       243-1.02933E+01 4.34959E+00 1.45549E+01-3.60763E+00-2.01060E+00 5.63275E+00
 -1       244 1.31331E+01 7.89994E+00 1.50934E+01 3.75173E+00-2.20274E+00-4.08169E+00
 -1       245 2.01135E+01 4.58586E+00 1.29171E+01 3.24671E+00-1.02104E+01 4.39798E+00
 -1       246 1.37364E+01-7.85996E+00 1.93239E+01-4.50891E-01-7.71295E+00 8.94723E+00
 -1       247-7.73613E+00 5.48636E+00 2.04332E+00 1.06066E+01-6.93781E-01-1.71479E+01
 -1       248-3.47653E+01-4.00765E+01-1.79340E+01-2.75229E+01-7.74571E+00-1.73849E+01
 -1       249-1.26958E+01 3.72440E+01 4.03186E+01 1.11646E+01 1.63711E+00 2.43015E+01
 -1       250-5.52708E+01 1.36076E+01-2.48684E+01-9.67028E+00-8.66418E+00 1.78193E+01
 -1       251 2.13310E+01 3.10905E+00-3.55923E+01 9.25328E+00-2.40729E+00-1.30795E+01
 -1       252 1.32904E+01-5.22719E+00 1.50433E+00 2.92744E-01 4.86370E+00 4.39157E+00
 -1       253 1.64883E+01-1.62955E+01-2.78480E+00-2.04535E+00 4.31159E+00 3.39508E+00
 -1       254-1.73055E+01 1.05421E+00 1.68535E+01 2.57819E+00-6.17693E+00-5.06649E-01
 -1       255 2.38956E+01-1.02581E+01 1.16807E+01-1.39690E+01-5.14052E-01 1.70935E+01
 -1       256 1.29061E+01 4.49713E+00 4.85666E+00-8.34406E+00 1.48490E+00 6.77874E+00
 -1       257 2.01000E+01 1.58087E+01 8.25170E+00-1.65202E+01-2.84827E-01 1.86383E+01
 -1       258 3.85358E+01-1.33260E+01-1.16095E+01-2.38215E+00 7.52981E+00 2.45682E+01
 -1       259-1.38506E+01 7.52536E-01-1.12963E+01-1.05415E+01 8.69678E+00 1.32593E+01
 -1       260 1.94440E+01 2.08576E+01 4.36914E+00 1.64377E+01-6.40211E+00 9.72571E-01
 -1       261-3.79808E+01-2.01303E+01-5.17032E+00-1.00920E+01-1.48626E+01-5.72710E+00
 -1       262-1.45135E+01 1.68271E+01 1.44547E+01 2.23580E+00-6.05645E+00 4.83994E+00
 -1       263 1.27433E+01-1.60415E+00 9.59972E+00 1.16853E+00-7.07659E+00-1.17066E+00
 -1       264-4.66168E+01-1.16030E+01 8.54001E+00-1.99272E+01 5.36748E-01 2.41319E+00
 -1       265 7.04613E+01 1.84484E+01 2.31980E+01 1.35323E+01-1.13769E+01-8.91682E+00
 -1       266 6.45789E+01 1.79169E+01 1.51262E+01 9.52512E+00-1.06080E+01 9.39194E+00
 -1       267-1.68533E+01 7.13778E+00-7.24975E+00 1.18553E+01 1.58544E+01 1.09258E+01
 -1       268-1.71732E+01-1.58200E+01 1.54331E+00-8.13912E+00-1.20884E+01 2.64573E+00
 -1       269 4.31867E-01-1.33155E+00-4.43608E+00 5.66759E-01-4.10382E+00 8.51818E+00
 -1       270-7.52318E+00-1.32764E+01-1.61933E+01-1.03187E+01 3.82574E+00-7.81163E+00
 -1       271-2.50688E+01 1.07637E+01-8.00567E+00-1.07765E+01-2.76437E+00 2.99510E+00
 -1       272 1.81298E+01-1.73445E+01-1.99267E+01 1.22473E-01-3.38560E+00-1.31322E+00
 -1       273-1.78356E+01-3.10918E+00-1.17158E+01 3.65588E+00-1.23845E+00 5.13747E+00
 -1       274-2.10077E+01 9.74333E+00 1.04985E+01-1.56703E+01-1.01822E+01 1.36744E+01
 -1       275 3.73441E+00-9.27845E-01-1.10476E+01-5.91004E+00-9.15234E-01 7.50292E+00
 -1       276-1.67456E+01 6.83361E+00-1.36294E+00 4.18309E+00 3.50251E+00 1.97634E+01
 -1       277 7.13945E+00 1.95681E+01-2.43522E+01 4.61855E+00 2.64604E+00 2.49187E+01
 -1       278-3.01766E+01-1.14957E+01-5.22707E+01-4.41072E+00 1.18014E+00 9.97827E-01
 -1       279-3.92668E+00 4.48702E+00 8.26262E+00-7.34419E-01 6.73927E+00 6.68048E+00
 -1       280-2.92636E+01-1.64857E+01-1.67585E+01 3.92467E-01 1.04317E+01-3.62246E-01
 -1       281-7.07435E+00-1.02344E+01-1.28338E+01-8.41521E+00 7.84673E-01 1.02319E-01
 -1       282 2.56643E+01-4.59541E+00 5.47112E+00 1.48385E+00 4.15351E+00 4.09203E+00
 -1       283 1.55984E+01 2.05208E+01 1.13553E+01 2.44541E+01 1.57019E+00 1.02665E+01
 -1       284 8.64326E+00-2.51215E+00-3.03569E+00 6.12473E+00 4.17011E+00 7.58252E+00
 -1       285-5.63773E+01-2.13235E+01-2.79519E+01-6.56157E+00 1.07443E+01 4.76817E+00
 -1       286-6.45492E+00 1.22862E+01 5.62891E+00 1.55275E+01-1.05487E+01-3.66833E+00
 -1       287-3.93546E+01-8.41128E+00-2.04657E+01-7.57456E-01 4.22520E+00 8.63975E+00
 -1       288 3.45623E+01 3.25076E+01-1.98542E+01 2.62483E+01 2.29181E+00 6.12844E+00
 -1       289-1.24632E+01-2.92446E+00-1.96498E+01 1.27314E+00-6.98558E+00 5.93744E+00
 -1       290 4.27303E+00 1.08353E+01-3.84954E+01 1.54297E+01 8.40229E+00 2.05388E+01
 -1       291 1.26739E+01 2.30131E+01-5.01172E+00 6.08668E+00 1.90198E-01 1.30264E+01
 -1       292-2.10756E+01-7.27313E+00-2.00480E+01-9.63843E+00-1.69343E+01 4.85859E+00
 -1       293-4.24262E+01-2.73993E+01-5.14475E+01-1.89284E+01 7.97133E+00 1.89692E+01
 -1       294-5.98387E+00-2.72005E+01-3.16916E+01-8.18527E+00-6.31734E-01 1.00034E+01
 -1       295 7.63131E+00-1.00165E+00 9.26348E+00 1.19158E+00-3.73637E-01 4.10703E+00
 -1       296 7.17751E+00 2.16476E+00-1.95527E+01-2.57823E-01-3.63847E+00 4.46298E+00
 -1       297 7.65636E+00 9.07011E+00 1.71616E+00 1.14014E+01-3.74186E-01 1.04708E+01
 -1       298 9.57179E+00 2.93771E+01 3.44094E+01 1.42433E+01-1.98894E+01-9.34365E+00
 -1       299 1.74745E+01 1.30274E+01 1.28764E+01-2.15832E+00-1.33764E+00 6.90708E+00
 -1       300 1.14013E+01 1.40308E+01 1.05973E+01 7.86245E+00-2.05227E+00 2.94590E-01
 -1       301-1.30770E+01 6.00047E-01 5.46473E+00-1.33095E+01-1.92243E+00-1.71325E+00
 -1       302 2.02991E+01 2.13009E+01 3.76337E+01-9.20741E-01-5.01709E+00 1.57277E+01
 -1       303 3.47180E+00 1.22716E+01 2.22806E+00-4.77064E+00 3.92313E+00 6.63820E+00
 -1       304-6.46152E+00 1.19568E+01-1.80941E+00 1.04674E+01 3.33405E+00 8.94253E+00
 -1       305-4.69808E+01-1.28403E+01-6.38850E+00-9.56233E+00-1.11656E+01 1.49667E+01
 -1       306-2.06646E+00 5.75304E+00 9.94457E+00 3.69700E+00-1.64913E+00-1.93852E+00
 -1       307-4.65831E+00 1.32733E+01 1.30081E+01 6.48850E+00-1.98408E+00-7.58066E+00
 -1       308-3.40756E+01 4.07624E+00-1.14176E+01 1.32236E+00 6.15287E-01 9.70780E+00
 -1       309 1.21178E+01 1.88543E+01 3.81101E+00 9.84369E+00-8.82322E+00-2.38669E+01
 -1       310-8.29999E+00 9.35403E+00 5.30987E+00-2.04078E+00-2.22787E+00-5.06177E+00
 -1       311-1.78544E+01 5.20184E+00 1.06007E+00-3.66626E+00 1.13928E+01 1.92644E+01
 -1       312 1.93293E+00-4.88909E+00-1.14646E+01-4.27362E+00 3.97435E+00 6.39033E+00
 -1       313 5.24779E+00 1.15928E+00-1.26982E+01 2.07163E+00 2.28674E+00-9.35523E+00
 -1       314 9.39581E+00-1.29077E+01-7.42342E+00-2.03494E+00-6.70377E+00-3.06710E+00
 -1       315 4.69734E+00 5.11127E+00-1.37812E+01-2.78553E+00 7.98345E+00-1.51453E+01
 -1       316-8.83899E-01-7.76068E+00-1.35832E+01-6.69913E+00-4.89572E+00-1.50025E+01
 -1       317 9.63151E+00-9.41137E+00-1.92690E+01-3.31943E+00-6.93913E+00-1.10843E+01
 -1       318 1.14895E+01-7.47033E+00-4.94938E+00-3.90449E+00 1.98482E+00-2.21312E+00
 -1       319-4.14991E+01-8.29309E+00-2.32782E+01-1.59235E+01-1.76357E+00 2.88957E+01
 -1       320 2.55156E-01 1.22900E+01-3.51890E+01 7.28671E+00-7.61025E+00 2.80084E+01
 -1       321 1.23170E+01 7.44359E+00-2.20191E+01 1.05191E+01-2.31527E+00 9.36413E+00
 -1       322-3.10014E+01-7.30145E+00-5.24975E+01-4.01737E+00-2.92501E+00 1.24922E+01
 -1       323-7.06769E+00 2.47610E+00-1.75759E+01-5.20234E+00 8.57187E+00 5.36808E+00
 -1       324-2.49393E+01-6.67696E+00-1.86472E+01-1.60868E+01 4.10113E-01 2.60496E+01
 -1       325 1.16321E+01-8.54680E+00-2.62636E+00-2.56991E+00-9.83661E+00 3.00021E+00
 -1       326 5.14941E-01-8.24451E+00 1.72959E+00-1.75875E+01-7.12550E+00 6.10413E-01
 -1       327-6.58074E+01-6.75583E+00-1.97456E+01-7.78592E+00-4.83802E+00 9.49718E+00
 -1       328-1.55218E+01 2.91341E+01 2.17967E+01-2.48678E+01 4.41028E+00 1.70432E+01
 -1       329-1.53881E+01 5.89026E+00-1.36500E+00 1.26484E+01 9.70961E+00 3.24902E+01
 -1       330-6.26246E+01-2.52836E+01-2.73801E+01 4.90013E-01 4.86601E+00 2.11572E+01
 -1       331 1.60296E+01 1.26974E+01-6.33720E+00 1.92085E+01 6.51138E+00 1.58190E+01
 -1       332-3.22775E+01-8.94556E+00-2.77295E+01 7.58160E+00-1.07391E+01 8.79788E+00
 -1       333-2.84951E+01-4.95321E+00-1.52891E+01-1.88339E+01-8.22867E+00-1.75710E+01
 -1       334-1.29330E+01 2.73440E+01 3.68544E-01-8.55869E+00-5.09009E+00 1.85941E+00
 -1       335 4.86916E+01-6.23933E+00-1.19629E+01 1.23611E+01-1.12877E+01-1.03675E+01
 -1       336 3.70104E+01-1.00702E+01-1.15026E+01 5.87373E+00-1.99892E+00-6.85744E+00
 -1       337-2.31703E+01-2.58074E+01-2.12680E+01-1.26614E+01 4.55667E+00-8.44291E+00
 -1       338-1.69312E+00-1.06603E+01-1.77192E+01 2.51220E+00 3.91870E+00 8.30280E+00
 -1       339 2.31408E+01 2.26821E+01 2.66812E+01 1.68052E+01 8.20440E+00 1.60062E+00
 -1       340-8.37320E+00-1.25711E+00 2.22532E+01 1.42479E+00 2.04650E+01 1.03726E+01
 -1       341-1.27368E+01-3.06275E+01-2.74942E+01-5.01837E+00-5.73722E+00 1.59103E+01
 -1       342-2.02383E+01-8.32315E+00-6.65286E+01-3.47816E+00-1.72047E+00-9.50107E-01
 -1       343-2.45105E+01-1.60794E+01-2.10367E+01 6.43082E-01 8.57698E+00 2.19535E+01
 -1       344-2.02505E+01 3.57989E-01-3.16352E+01 1.23230E+01-4.11857E+00 2.76839E+01
 -1       345 1.48282E+02 6.98854E+01 2.01644E+01 2.38229E+01-7.18162E+00 1.64471E+01
 -1       346 3.66820E+01 9.68146E+00 1.36210E+01 1.36408E+01-1.44121E+00 1.01897E+00
 -1       347-1.14862E+01-3.01356E+01-3.18197E+01-9.14618E+00-1.15289E+01 1.83296E+01
 -1       348 1.08349E+01 4.98618E+01 3.75244E+00 1.16437E+01-8.42722E-01-2.66760E+00
 -1       349-1.30727E+01 1.85570E+01 2.20720E+01-3.48622E+00-7.50992E+00 1.17193E+01
 -1       350-1.44501E+01 1.61327E+01 1.97305E+01 4.04019E+00 1.71504E+01 2.12039E+01
 -1       351-2.20622E+00 2.22350E+01 1.02558E+01 1.04610E+00 9.34769E-01 1.85037E+01
 -1       352 4.91783E+01 3.71828E+00 1.09856E+01-7.01173E+00 6.27907E-01 2.84945E+01
 -1       353 4.16517E+01-6.97787E+00 2.90953E+01-9.36477E+00-1.26448E+01 2.74851E+01
 -1       354 6.00725E+00 6.64171E+00 3.35635E+01 7.20948E+00 4.69632E+00 5.19922E+00
 -1       355-1.41741E+01-3.23535E+01-2.78717E+01-1.40850E+01-2.17521E+01-2.57175E+01
 -1       356-4.03872E+00 1.22248E+01-3.75284E+00-7.26522E+00 8.25543E+00 4.95208E+00
 -1       357 1.20896E+02 3.16661E+01 4.92096E+00 1.52560E+01 1.46652E+01 2.14846E+01
 -1       358 8.73348E+01 3.29631E+01 1.80262E+01 1.75433E+01 3.80264E+00 3.79548E+01
 -1       359 8.04151E+01-1.38242E+01-2.07356E+01-1.95454E+01 6.37817E+00 1.44024E+01
 -1       360 8.51733E+00-8.60270E+00-9.54513E+00 5.54503E+00-8.64855E+00-2.20776E+01
 -1       361 1.54603E+01 1.68520E+01 8.21376E+00 6.08748E+00-8.68079E+00-3.44015E+00
 -1       362-3.01753E+01-1.92222E+01 1.39621E+01-6.07638E+00 2.88220E+00 9.91001E+00
 -1       363-4.10157E+01-6.34347E+00 6.43007E+00-1.71440E+01 3.05806E+00 3.99048E+00
 -1       364 2.98822E+01 3.75777E+01 2.10698E+01 1.15415E+01 6.72508E+00-7.59670E+00
 -1       365-1.86721E+02 1.75091E+01-3.13435E+01-3.52580E+01-5.82294E+00 6.77350E+00
 -1       366-1.16316E+02-1.05085E+01 1.06144E+01-3.62783E+01 1.18687E+01 3.04126E+01
 -1       367-6.18806E+00-6.12766E+00-1.95633E+01-4.84224E+00 1.57882E+01 2.84772E+01
 -1       368 3.92971E+00-2.50021E+01-2.30098E+01-4.28713E+00 4.56108E+00 2.26682E+01
 -1       369-5.04236E+00 2.31227E+00-3.50353E+01-5.18935E+00 1.09548E+00 4.07559E+01
 -1       370 1.25093E-01-1.96085E+01-2.17774E+01-2.05262E+00-1.01023E+00 4.41798E+00
 -1       371-2.09232E+01-1.56035E+01-2.34574E+01-1.45576E+01 6.28751E+00 1.24594E+01
 -1       372-2.93989E+01-1.75030E+01-7.43125E+01-3.18737E+00-6.04127E+00 2.22345E+01
 -1       373-8.98125E+00-1.02489E+01-4.25214E+01-8.35824E+00-1.81330E+01-1.34258E+01
 -1       374-7.47609E+01-3.98360E+01-9.37097E+01-1.25799E+01-1.16297E+01 9.48895E+00
 -1       375 1.19603E+01-9.08630E+00-4.06463E+01 3.40438E+00-9.11639E+00 5.57686E+00
 -1       376-4.76642E+01-4.09409E+01 1.57202E+01-2.65231E+01-2.58787E+00-3.25112E+00
 -1       377 1.15628E+01 1.87513E+00-3.96653E+00 8.41326E+00 3.35598E+00 9.35766E+00
 -1       378 3.67857E+01-1.91116E+01 3.88728E+01-1.09115E+01-1.05378E+00 1.10322E+01
 -1       379 4.78955E+01-1.38921E+01 2.44474E+01-1.61488E+01-3.62964E+00 2.84741E+01
 -1       380 3.09028E+01 8.85595E+00 9.52583E+01-8.14886E+00-5.81902E+00 1.73977E+01
 -1       381 6.86710E-01-1.68012E+01-1.82406E+00-1.52082E+01-2.09080E+00 1.67611E+01
 -1       382 9.83132E+00-5.37927E+00 1.03839E+01-1.06739E+01 7.01686E+00 1.44200E+01
 -1       383 4.60244E+01-3.61490E+00-8.09516E+00-1.21624E+01 2.23244E+00 4.44585E+01
 -1       384 5.34649E+00 1.66566E+01-7.50778E+00 2.18537E+00-1.14168E+01-4.46247E+00
 -1       385-4.83560E+00 4.84581E+01 3.47890E+01-5.31898E+00-1.10814E+00 3.55504E+00
 -1       386 5.98695E+01 3.80220E+01 4.17420E+01 1.04333E+01 6.99083E+00 3.05652E+01
 -1       387-5.93809E+00 7.38589E+00-2.41139E+01 4.53118E+00 1.23585E+00 3.06121E+01
 -1       388-6.58806E+01-2.45613E+01-4.64968E+01-1.63796E+00-7.41657E-01 2.61403E+01
 -1       389-2.34914E+00 1.84497E+00-1.97929E+01 5.84641E+00-8.93828E+00 8.55927E+00
 -1       390 5.09481E-02-1.60826E+01-1.67097E+01 4.50145E+00-2.45914E+00 1.15152E+01
 -1       391-1.83665E+01-7.44121E+00-3.31409E-01 1.81584E+00-4.96412E+00 1.19095E+01
 -1       392-3.20982E+01-1.66298E+00-2.71854E+01 6.34604E+00 1.43107E+00 1.99649E+01
 -1       393 5.65517E+01 9.26893E+00 4.13511E+01 2.00124E+01 3.73632E+00 5.98562E+00
 -1       394-8.76256E+00 2.45849E+01 2.81907E+01 8.75850E+00 8.39649E+00 4.87307E+00
 -1       395-1.94665E+01-1.50052E+01-5.53178E+00-1.68128E-01 2.09556E+00 6.70809E+00
 -1       396-7.70430E+00-1.23712E+01 1.73391E+01-6.56674E+00 1.75609E+01 6.70453E+00
 -1       397 5.73620E+01-1.11800E+01 1.56347E+01 4.76424E+00 1.85727E+01 2.04200E+01
 -1       398-9.25567E+00 2.43387E+01 2.60889E+01 1.09755E+01 1.76432E+01 1.06357E+01
 -1       399-1.28044E+01-4.54495E+00 1.96978E+01 8.58804E+00 6.96253E+00 3.77041E+00
 -1       400 6.35604E+01 2.00526E+01 1.46342E+01 2.12578E+01 1.28753E+01 2.61430E+01
 -1       401 1.31068E+02 6.64767E+01 3.75286E+01 2.34764E+01-1.43881E+01-6.15880E+00
 -1       402-3.32219E+01-1.09749E+01-1.51294E+01 7.17523E-01-1.13068E+01 1.46558E+01
 -1       403-1.22225E+01-2.12611E+01-3.36326E+01 1.06308E+01 4.04782E+00 2.03928E+01
 -1       404-1.04100E+01-1.59976E+01-3.16479E+01 8.99178E+00 9.25144E+00 2.58247E+01
 -1       405-1.53124E+01-2.37943E+00-1.59519E+00-5.82364E+00-1.30304E+01 9.71819E+00
 -1       406 3.94764E+01 2.43317E+01-1.36599E+01 1.19811E+01 1.72637E+01 2.88889E+01
 -1       407 9.03851E+00 1.19311E+01-6.30871E+01 1.14717E+01 1.02268E+01 1.76674E+01
 -1       408 6.17492E+01 2.90347E+01 3.61055E+01 1.55532E+01-5.03287E-01-2.50530E+00
 -1       409-6.25285E+01-3.06111E+01-5.37210E+01-1.18441E+01 5.87674E+00 1.86362E+01
 -1       410 1.04998E+02 4.67242E+01 3.36271E+01 2.27783E+01-1.92112E+01 2.13342E+01
 -1       411-4.29375E+00-1.06410E+01 3.13296E+01-1.53897E+01 7.85152E+00 3.14646E+01
 -1       412 6.00630E+01 2.88299E+01 2.58725E+01 2.39457E+01 1.06106E+01 2.29716E+01
 -1       413 4.09428E+01 4.18056E+00 1.70146E+01-1.08943E+01 9.58917E+00 2.67046E+01
 -1       414-3.45514E+01-1.44809E+01-1.93343E+01-6.76083E+00 1.37358E+01 3.24407E+01
 -1       415-5.97105E+01-1.50873E+00-1.98478E+01-7.24593E+00 2.93412E+00 2.94923E+01
 -1       416-4.59330E+01 1.02843E+01-3.63712E+01 3.95796E+00-1.32312E+00 2.75503E+01
 -1       417-2.47743E+01-1.28304E+01-2.99561E+01 1.46730E+00-3.08460E+00 3.14305E+01
 -1       418 8.37630E+00 9.84074E+00-4.18883E+00 5.17953E+00 2.12173E+01 2.77041E+01
 -1       419-4.29223E+01-3.02805E+01-3.34629E+01-7.86776E+00 1.45662E+01 2.72684E+01
 -1       420 1.46181E+01 3.11585E+01 1.87685E+01 1.49437E+01 1.88587E+01 1.68340E+01
 -1       421-4.65928E+00-9.85039E+00-1.12393E+01-3.31459E+00 7.91019E+00-2.36316E+00
 -1       422 9.62273E+00-2.99666E+00 3.81981E+00 1.09095E+01-3.56236E-01 5.38142E-01
 -1       423 1.97247E+01 2.57433E+01 2.49208E+01 1.97266E+01-1.73734E+00 2.17567E+00
 -1       424 2.01044E+01-5.67164E-01 3.33491E+00 1.16669E+01 4.62995E+00 1.03399E-01
 -1       425 6.84016E+01 4.44419E+01 2.43188E+01 2.88929E+01-3.37007E+00-1.07336E-01
 -1       426 8.33571E+01 7.66535E+01 5.11912E+01 3.16278E+01 1.77490E+01 1.69790E+01
 -1       427 4.60115E+01 5.34062E+01 2.39108E+01 5.45388E+01 1.83937E+01 1.30399E+01
 -1       428 3.74198E+01-3.99133E+01-2.34528E+01-2.52320E+01-8.22453E+00-6.47568E-01
 -1       429-3.89344E+01-3.14737E+01-4.00914E+00-1.17772E+01 2.05356E+01 2.54631E+01
 -1       430 2.08223E-02 2.98700E-02-7.15880E+00 1.69998E-02 2.76107E-01-3.83535E-01
 -1       431-1.03018E-01-9.76375E-02-1.97309E+00 3.86130E-03-5.04389E-01 2.20344E-02
 -1       432 8.01014E-02-2.57312E-02-7.90595E+00 2.64846E-02-2.92499E-01-9.18618E-01
 -1       433 4.95131E-02-1.67716E-03-1.18752E+00-1.55969E-02 2.89918E-01 6.85516E-01
 -1       434-2.77527E-01-7.96694E-03-5.24247E+00-9.83731E-02-7.03174E-02 1.54477E-01
 -1       435-1.41196E-01 2.53283E-03-8.35381E+00-3.35415E-02-1.43157E-01 1.37507E+00
 -1       436-9.80415E-02-9.44487E-02-1.15736E+01-4.92697E-02 1.38829E+00 8.79076E-01
 -1       437 4.10770E-02-6.64899E-02-9.17154E+00 1.46763E-02 7.87925E-01-8.51865E-01
 -1       438 4.80545E-02 3.03853E-02-5.81885E+00 3.39616E-03-9.14851E-01-9.61756E-02
 -1       439-1.61798E-01 1.55437E-02-3.82411E-01 6.54845E-03-1.37108E-01 4.51839E-02
 -1       440-1.88316E-01-6.68410E-02-3.40908E+00-5.25041E-02 4.22491E-02-3.31501E-01
 -1       441-2.22540E-01-1.89696E-02-4.08783E-02 9.06775E-02 2.63019E-01 3.67847E-01
 -1       442-9.97087E-02-2.16046E-02-7.68012E-01-1.77606E-03-4.25381E-01-4.36318E-01
 -1       443-2.60805E-02-6.86841E-03 2.56104E+00 8.18342E-02-3.56339E-01 4.21088E-02
 -1       444-7.97161E-01 4.49317E-02-1.05353E-01-1.68092E-01 3.64018E-02 1.83155E-01
 -1       445-7.30266E-01-2.36277E-02-5.19449E-02-1.50772E-01-4.85665E-02-2.26406E-01
 -1       446-6.75022E-01 3.76617E-03-2.57992E-01-1.73480E-01 8.91267E-02 4.10762E-01
 -1       447-5.99015E-01-9.33944E-03-2.31948E-01-1.51595E-01-8.80103E-02-4.10619E-01
 -1       448-4.02837E-01 6.07644E-03-3.67529E-01-1.08500E-01 1.02117E-01 3.44817E-01
 -1       449-1.25269E-01-8.29186E-04-7.11268E-01-8.35730E-02 1.17075E-01 3.26918E-01
 -1       450-1.24932E-01-2.02818E-01-5.81598E-01 6.05667E-02-8.03213E-02 2.24642E-01
 -1       451 1.55730E-01-1.59931E-02-7.52638E-01-1.28677E-02-6.41342E-02-1.16791E-01
 -1       452-6.62443E-02 8.75048E-01-2.38842E+00 5.56358E-02 2.24712E-01-3.01210E-01
 -1       453 4.37753E+00 4.19843E+00 1.98479E+00 2.02840E+00 3.81934E+00 2.90684E+00
 -1       454-1.71632E-01-1.02629E+00-1.05199E+01 3.30417E-01-5.18354E-01-2.31178E+00
 -1       455 4.03401E+00 9.23005E-01 9.77182E-02 2.39726E+00 6.56427E-01 1.23439E+00
 -1       456 3.23402E+00-3.26234E-02 1.32371E-01 1.73670E+00 3.93483E-02-1.70961E-03
 -1       457 3.37550E+00 2.31144E+00-6.10860E-01 2.59734E+00 3.07970E-01 4.20787E-01
 -1       458 2.43560E+00 2.71464E-01-1.08859E-01 1.71465E+00 1.12414E-01-2.57736E-01
 -1       459 3.37118E+00 2.30815E+00 2.03390E-01 2.67506E+00-7.35874E-01-1.76599E+00
 -1       460 2.42158E+00 1.36004E+00 1.38974E-01 6.83645E-01-1.64896E+00-1.47881E+00
 -1       461-5.80553E-02-3.48671E-01-7.69211E+00 2.63125E-01-1.31244E-02 1.23692E+00
 -1       462 1.83115E-01 2.48938E-01-3.06161E+00 1.79161E-01-2.05289E-01 1.92869E-01
 -1       463-1.97377E-01-1.25268E-01-6.40905E-01 2.02010E-02-2.34038E-03-4.19584E-02
 -1       464-1.30652E-01 7.06670E-02-6.55564E-01-8.53563E-02-1.11246E-01-3.30216E-01
 -1       465 3.28247E-02-4.29131E-02-5.80599E-01 5.48946E-02-6.26422E-02 1.08451E-01
 -1       466-3.46218E-01 6.19059E-02-4.97793E-01-9.30708E-02-6.75979E-02-4.19631E-01
 -1       467-5.98042E-01-6.92588E-02-3.23289E-01-1.73852E-01 1.33842E+00 1.42254E+00
 -1       468-8.20674E-01-2.29103E-01 1.18412E-01-2.20021E-02 7.03792E-02 1.69829E-01
 -1       469 1.65970E-01-6.87201E-02-3.24747E-01-1.67142E-01-1.71482E-01 3.22604E-01
 -1       470-2.37280E-01 6.89999E-02-1.08649E+00-6.74333E-01 5.31801E-02 3.55766E+00
 -1       471-5.05489E-01 1.20210E-01-3.36043E+00-2.43997E-01 1.20545E-01 2.33976E+00
 -1       472-3.87156E-01-2.39135E-01-1.35525E+00-3.62550E-02 1.22206E-01 1.40449E+00
 -1       473-1.08764E+00-3.06043E-01 5.22044E-01-5.88267E-01 3.74600E-01 1.23545E+00
 -1       474-7.54834E-01-7.43615E-03-1.09410E-01-3.92826E-02 6.36228E-03 6.12587E-01
 -1       475-1.80532E-01-4.56046E-04 2.53799E-02 8.34081E-03-9.03070E-02-7.46209E-02
 -1       476 1.84813E-02-1.36474E-03-2.63701E+00-7.74769E-03 3.81737E-03 1.19591E+00
 -1       477-1.54403E+00-1.19118E+00-4.28168E+00-1.01844E+00 7.65789E-01 5.59601E+00
 -1       478-7.67436E-01 7.53193E-03-2.47084E-01-7.20028E-02 3.31856E-02 6.26264E-01
 -1       479-8.17252E-01-1.39394E-02-4.37889E-02-6.67732E-02-3.52986E-03 3.77719E-01
 -1       480-6.98412E-01 4.73606E-03 9.21689E-03-2.67902E-02 1.42325E-02 1.94504E-01
 -1       481-5.78569E-01-3.75542E-03-2.91824E-04-5.37408E-02-3.00503E-02 3.48110E-02
 -1       482-7.21461E-01-3.28370E-02 4.84370E-02-8.64544E-03 6.12014E-03 4.30682E-01
 -1       483-4.15403E-01-1.94205E-02-1.37801E+00 2.04277E-02 6.08613E-02 9.67126E-01
 -1       484-5.81607E-01-1.58076E-02-8.18575E-01-4.87105E-02 1.72895E-02 8.96511E-01
 -1       485-5.58237E-01-9.67449E-03-5.40544E-01-2.30286E-02 5.58410E-03 9.94388E-01
 -1       486-1.99200E-02-7.81026E-02-3.00892E+00-5.24997E-02 1.77516E-01 7.10366E-01
 -1       487-1.60446E-01-2.98807E-02-1.99128E+00-3.36478E-03 2.91576E-02 9.19098E-01
 -1       488-3.42438E-01-2.95943E-02-2.05719E+00-6.60706E-03 2.08225E-02 1.26364E+00
 -1       489 7.09087E-01-1.41405E-01-8.59331E+00-2.24171E-01-6.52013E-02 1.80070E+00
 -1       490-7.23971E-03-9.18734E-02-3.97528E+00-9.13509E-02 2.79147E-01 1.35623E+00
 -1       491 2.53869E-01 1.11816E-01-2.94610E+00-1.18503E-01 7.84935E-02 1.65750E+00
 -1       492 1.83285E+00 1.24588E+00-2.51106E+00 8.39565E-01 4.13859E+00 7.11328E+00
 -1       493-1.19343E+00-1.74783E+00-1.41215E+01-2.97397E-01 8.70591E-01 3.28694E+00
 -1       494-1.82505E+00-3.14132E-01-5.44667E+00-1.89273E-01 3.26150E-01 5.07328E+00
 -1       495 1.19279E+00-2.88175E-02-2.46216E-01-9.38692E-02 6.80087E-03 2.70402E+00
 -1       496 1.52882E+00 6.44896E-01-1.27792E+00 5.68728E-01 1.83581E-01 3.76542E+00
 -1       497-1.04620E+00-9.21412E-01-3.24840E+00-6.63770E-01 2.45908E-01 4.27539E+00
 -1       498-7.65830E-01-3.69438E-01-1.21007E-01 9.46912E-02 4.56797E-01 1.87209E+00
 -1       499 7.74240E-01-9.81877E-02-7.18835E-02 6.85333E-02 2.32654E-01 2.00409E+00
 -1       500-4.28019E-02 7.27276E-01-5.45004E-02-1.33695E-01 2.43625E-01 2.15620E+00
 -1       501-8.41238E-01-1.09483E-01 4.82996E-01-3.98879E-01 8.60299E-02 1.34147E+00
 -1       502 1.21754E-01 1.67268E-01 6.39647E-01 9.15005E-02-2.74041E-01 1.78487E-01
 -1       503-2.33530E-02-5.88230E-02 8.37334E-01-1.71924E-01-1.31229E-01 5.72656E-01
 -1       504-2.28321E-01 1.99138E-01 6.63807E-01-2.56895E-01 1.08682E-01 7.53819E-01
 -1       505 1.44577E-02-6.13999E-02-4.16103E-02-7.96423E-02-6.54299E-02 1.23435E-01
 -1       506-3.29758E-01-1.37640E-03 3.24716E-02-6.22104E-02-4.63914E-02-1.31141E-01
 -1       507-1.03792E-01-5.90063E-02-3.54183E-02 1.37267E-02-5.83767E-02-2.04006E-02
 -1       508 4.23941E-02 3.40371E-02-2.63315E-02-7.65346E-02-1.27892E-01-1.27271E-02
 -1       509-4.25142E-01 3.79358E-02 2.08444E-01-2.33309E-02-5.58569E-02 4.36520E-02
 -1       510 4.31547E-03 6.43928E-02 1.81882E-01-9.96801E-02 6.89797E-01 1.21536E-01
 -1       511-4.20431E-01-3.96704E-01-5.17710E-01-9.90518E-02 3.50864E-02 2.86230E-01
 -1       512-9.67672E-01-1.57022E-01 1.36563E+00-3.81627E-02 9.11103E-01 3.49795E-01
 -1       513-8.22964E-01-5.12046E-01-7.15909E-01-2.00610E-02 1.42566E-01 8.68111E-01
 -1       514-4.64162E-01-1.20385E-01-1.29418E-01-1.88951E-01 9.67211E-01 2.06036E+00
 -1       515-6.12518E-01 1.80755E-02-5.19508E-01-2.49361E-01 1.17956E+00 5.50040E-01
 -1       516-8.40592E-01-1.20082E-01-1.90318E+00-1.60989E-01 9.59504E-01 2.66682E+00
 -1       517-3.41154E-01 4.47549E-01-1.80671E+00-2.73195E-01 7.40364E-02 3.17643E+00
 -1       518-2.41638E-01 2.94170E-02-2.47276E+00-1.29047E-01 1.02493E+00 2.93905E+00
 -1       519-4.09636E-01-1.21282E-01-2.36785E+00-1.56413E-01 2.44970E-01 1.60213E+00
 -1       520-7.16318E-01 3.07820E-02-6.46468E-01-1.42318E-01-6.10735E-01-1.14016E+00
 -1       521-8.58260E-01-2.86938E-02-6.94076E-03-7.17161E-02-1.45980E-02-8.30858E-01
 -1       522-1.98173E-01-6.43883E-02-2.59078E+00-1.61447E-01-5.67980E-02-1.39310E+00
 -1       523 1.92389E-01 1.17235E-01-1.14890E-01-3.95113E-01-2.90444E-01-2.35607E+00
 -1       524-9.93162E-02-1.62289E-01 7.33477E-01-3.85383E-01 3.16434E-01-3.75603E-01
 -1       525-4.14834E-02-4.18909E-02-2.24653E-02-4.53445E-03-7.90328E-03 1.10581E-01
 -1       526-8.21297E-01-2.71272E-01-2.35969E+00-7.12499E-01 8.09303E-02-4.06532E+00
 -1       527-6.60075E-01 4.37078E-02 1.14113E-01-5.57985E-02 2.00693E-02-7.25597E-02
 -1       528-4.70877E-01-1.66532E-03-1.02642E+00-1.16787E-02-5.74048E-02-9.38978E-01
 -1       529 1.16218E-01-5.20885E-03-1.12793E-01 8.83436E-03 4.14594E-02-1.20364E-01
 -1       530-5.31366E-01 6.48011E-02 1.27683E+00 8.78506E-02-4.81160E-01-1.31528E+00
 -1       531-8.00547E-01 2.71413E-02 3.59373E-02-6.96876E-02-4.23176E-03-1.31679E-01
 -1       532-4.91462E-01 6.01607E-02 5.39722E-02-7.05045E-02 5.70511E-02 4.83220E-02
 -1       533-7.24371E-01 2.18046E-02-3.44842E-01-8.43093E-02-2.37814E-02-6.76247E-01
 -1       534-8.12363E-01 9.69378E-03-4.66330E-02-5.70752E-02 1.47967E-02-4.16777E-01
 -1       535-8.06825E-01 2.31010E-02 7.15338E-02-6.13119E-02 2.19675E-02-3.58699E-01
 -1       536-2.78258E-01-1.97885E-03-7.01551E-02-1.79904E-03 2.15923E-02 1.44967E-01
 -1       537 5.79807E-03 1.43430E-02-1.12829E-01-1.10897E-02 3.19667E-02 4.04129E-02
 -1       538-4.67845E-01-1.54633E-02 1.14409E-02 1.16704E-02-6.51337E-03 9.62696E-02
 -1       539 1.88141E-01 1.32500E-01-3.38533E-02-3.44268E-02 7.21032E-02-9.19093E-02
 -1       540-8.74416E-02-2.95813E-01 2.46367E-02 7.29683E-02-2.79815E-01-2.04168E-01
 -1       541 4.73246E-02 2.36648E-02-2.45943E-02 3.61527E-02 5.82335E-02-5.81661E-02
 -1       542 1.15635E-01-5.40885E-01 9.36173E-01-8.11722E-02-1.10998E-01-3.74487E-01
 -1       543-7.13987E-01-8.70219E-01-6.78235E-01-2.04313E-01 4.30288E-02-1.37034E+00
 -1       544 6.60803E-02-2.53963E-01-1.47850E-02-8.77773E-02 1.72367E-01-1.31392E-01
 -1       545-1.20870E+00-3.59376E-01 9.29361E-01-4.16624E-01 2.18221E-01-2.02549E+00
 -1       546-3.71841E-01-2.77043E-02 2.13638E-01 6.95489E-01-4.52524E-01-1.72375E+00
 -1       547-2.53685E-01 2.44692E-01 9.95470E-01-1.11774E-01-3.20507E-01-5.17964E-01
 -1       548 5.75963E-01-3.71076E-02-7.34604E-02 2.51068E-01-2.26643E-01-2.19887E+00
 -1       549 1.51298E+00-2.64383E-01-3.67067E-01 4.26627E-01-1.38448E-01-2.36450E+00
 -1       550 6.67407E-02 1.95692E-01 1.28613E+00-1.43627E-02-4.38074E-01-1.92195E+00
 -1       551 1.18534E+00 2.20727E-01-9.43372E-01 1.03379E-01-1.44077E-02-2.78425E+00
 -1       552 2.31609E+00 3.93630E-01-1.42459E+00 4.70726E-01-1.72349E+00-5.19612E+00
 -1       553 4.51809E-02 2.90340E-01-8.28997E-01-3.07207E-01-4.90178E-02-2.91709E+00
 -1       554-8.59968E-01-1.21964E+00-1.10320E+01 4.76303E-02-6.76748E-01-2.37258E+00
 -1       555 5.70480E-01 7.26254E-01-5.31005E+00 8.49133E-02-6.89068E-01-1.15843E+00
 -1       556 1.94099E-03 3.93726E-02-2.68215E+00-8.97015E-02-2.73744E-01-9.93439E-01
 -1       557-9.17557E-01-5.69931E-01-3.19297E+00-4.90025E-01 2.09896E-01-2.70944E+00
 -1       558-1.66243E-01-6.85920E-04-1.84871E+00-1.18283E-01-1.69713E-02-9.40960E-01
 -1       559-3.86777E-01 5.07091E-03-1.17720E+00-2.77823E-02-6.29559E-02-8.21235E-01
 -1       560-6.13463E-01 3.13940E-02-6.56961E-01-5.72476E-02-3.14923E-02-7.57385E-01
 -1       561-3.01367E-01-1.73801E-02-1.49891E+00-2.85412E-02-4.53664E-03-1.09110E+00
 -1       562-6.29761E-01-1.98810E-02-7.05975E-01-3.85208E-02-6.41361E-02-9.15810E-01
 -1       563-8.77026E-01 1.87818E-01 7.83350E-01-7.40473E-02-1.36190E-02-1.13971E+00
 -1       564-3.50844E-01 7.38621E-02-1.03354E+00-3.24878E-02-1.51198E-02-1.15132E+00
 -1       565-5.02065E-01 1.43427E-01-1.72880E+00 4.83537E-02 6.17945E-03-1.89583E+00
 -1       566-1.34205E-01 1.22856E-01 5.11279E-01-2.31173E-01-4.33872E-03 2.57779E-02
 -1       567-7.20476E-01-1.26825E-01-2.36713E-02 1.92111E-02-9.50505E-02-1.79024E-01
 -1       568-9.07339E-01-2.65098E-01-2.26480E+00-4.89536E-01 1.45663E-01-2.60396E+00
 -1       569-8.53367E-02-6.57952E-02-1.78656E+00-7.91733E-02-3.44975E-03-1.57072E+00
 -1       570-6.93155E-02 2.64642E-01 1.25700E+00-3.52944E-01-6.10859E-02-1.31729E+00
 -1       571-8.15601E-01-3.58314E-01-5.33480E-01-5.24486E-02 1.26677E-01-2.09482E-01
 -1       572-3.67229E-02-1.14018E-01-5.92663E-02-1.44484E-01 1.74773E-01-1.37362E-01
 -1       573 2.77556E+00 3.77838E+00-3.33494E+00-4.16682E-01 6.37565E+00 1.10438E+01
 -1       574 2.05606E+01 5.18761E+00-8.29418E+00 3.22836E+00-1.86985E+01-7.82708E+00
 -1       575-6.37359E+00 1.03704E+01 1.06850E+01 9.91618E+00 4.43707E+00 9.26670E+00
 -1       576-7.61652E+00-9.66217E+00-6.62820E+00-4.14328E+00-2.26768E+00 1.62576E+01
 -1       577-1.05694E+01 3.99347E-01-9.99629E+00 1.69052E+00-6.88703E+00-3.57082E-01
 -1       578 7.00014E+00 4.40101E+00-9.30146E+00 1.00808E+01-9.04160E-01-6.53080E+00
 -1       579-6.36136E+00-2.78574E+00 1.79274E+01-2.57202E+00-3.26969E+00-2.68544E+00
 -1       580 1.00442E+00 9.92924E+00 1.62662E+01-5.45501E+00-8.18171E+00 5.29739E+00
 -1       581 1.16203E+01-1.47030E+00 3.67625E+00-5.83602E+00-8.80391E+00 4.35064E+00
 -1       582 9.84149E+00-2.52380E+01-7.19942E-01-1.46333E+01-1.88197E+00 1.59881E+01
 -1       583 1.01867E+01-1.58656E+01-3.11640E+00-9.40084E+00-1.97079E+01 1.24730E+01
 -1       584-1.41142E+01-8.17786E+00 5.26646E+00-5.05445E+00-2.34406E+00 7.60036E+00
 -1       585 1.26027E+01 2.01326E+00-1.57790E+00-4.64664E+00-1.15304E+00 9.75828E+00
 -1       586 2.39135E+01-1.13424E+01-7.41417E+00-1.30743E+01-6.76238E+00 1.63192E+01
 -1       587 1.86391E+00 8.51563E+00 1.45053E+01-5.26482E+00-6.44413E+00 2.05046E+01
 -1       588-7.72871E+00 1.19991E+00 4.48377E+00-1.76301E+01-1.14302E+01 1.65604E+01
 -1       589-3.87432E+00-6.39749E+00-1.33757E+01-1.08972E+01 6.38842E-01 2.04777E+01
 -1       590 1.73577E+01 2.38885E+00-1.23278E+01 1.51627E+01-6.76537E+00 1.35486E+01
 -1       591-1.90067E+01-2.84519E+00-9.68585E+00-3.43505E+00 2.21215E+00 5.68029E+00
 -1       592-2.14999E+01-4.56403E+00-2.08384E+01 5.14953E+00-1.47845E-01 1.38312E+01
 -1       593-2.02391E+01-1.20335E+01-1.19895E+01-1.08578E+01-1.41364E+00-1.65678E+00
 -1       594-2.92410E+01 8.27661E-02-1.75262E+01 2.07582E+00-2.00087E+00 1.70961E+01
 -1       595 9.38301E+00 1.27182E+01 3.71108E-01 1.46996E+01 7.55772E+00 7.65213E+00
 -1       596-5.65396E+00-1.38807E+00-1.42767E+01 4.36627E+00-1.02777E+01-1.82312E+01
 -1       597-5.12404E+00-3.26947E+00-1.98044E+01-7.10805E+00-4.03210E+00 6.47430E+00
 -1       598 2.77735E+00-2.97270E-01-2.66846E+01-2.46457E-01-4.02573E+00 8.37261E+00
 -1       599-4.98735E+00 2.54019E-01 3.02147E+00-1.45949E+00 4.18222E+00 9.92090E+00
 -1       600-2.73483E+01-6.67099E+00 2.20436E+01-1.02584E+01 8.05512E+00 8.49108E+00
 -1       601 2.42575E+01 2.40550E+01 2.96390E+01 1.22676E+01-2.41195E+00 1.31934E+00
 -1       602-2.36110E+00-1.29672E+01-1.69002E+01 1.86659E+00 5.01937E+00 6.38078E-01
 -1       603-7.28775E+00-1.08626E+01-1.09649E+01-3.18605E+00-1.73071E+00 7.88268E+00
 -1       604-1.42510E+01-2.59146E+01-2.00868E+01-5.10975E+00 4.60157E+00-1.38625E+00
 -1       605 2.74882E+01 1.82882E+01 1.39955E+01 1.44312E+01-3.17270E+00 3.30013E-01
 -1       606 8.18194E+00-7.63398E-01 9.55274E+00 9.83160E+00-1.94642E+00 8.93692E+00
 -1       607-6.13993E+00-1.87844E+01-2.43463E+00-5.28073E-01-3.58493E-01 3.25653E+00
 -1       608 5.46002E+00 6.96636E-01-5.77403E+00 5.63486E+00 2.79015E+00 1.09998E+01
 -1       609-5.08842E+00 1.48184E+00 3.18369E+00-1.88071E+00-9.22422E+00-9.49499E+00
 -1       610 9.46425E-02 1.38995E+00 1.14045E+01-8.16774E+00-3.60115E+00 1.10451E+01
 -1       611 1.01669E+01-2.91781E+00 1.01919E+01 7.02392E+00 4.12253E+00 1.51887E+00
 -1       612 2.41926E+01 2.12417E+00 3.22947E+00 2.64563E+00-1.16724E+00 5.61815E-01
 -1       613-5.92092E+01-2.16448E+01-3.56589E+01-7.98236E+00-9.44068E+00-1.21199E+01
 -1       614-2.43583E+01-1.00819E+01-6.42836E+01 4.18771E+00 8.28450E+00-5.48091E+00
 -1       615-1.19336E+01-4.56711E+00-1.99735E+01 1.54071E+00-5.82482E+00 9.65377E+00
 -1       616 9.82518E+00 1.63438E+01-3.18235E+00 2.95847E+00-2.08345E+00 2.02336E+01
 -1       617-1.33084E+01 1.10782E+01 5.47166E+00 6.03289E-01 6.19624E+00 3.07201E+01
 -1       618 3.28145E-01-9.89355E-01-3.29155E+00-1.72926E+00-3.81347E+00 1.74778E+01
 -1       619 5.78640E+01 1.61198E+01 2.26983E+01 1.25919E+01 1.18051E+01 1.24362E+01
 -1       620 3.32440E+01 6.07834E+00 2.00378E+00 8.12113E+00-7.94870E-01 4.71377E+00
 -1       621-1.84725E+01-1.30250E+01-1.64843E+00-7.07007E+00 5.74745E+00 7.88056E-01
 -1       622-1.25697E+01 4.19711E+00-2.75187E+01-7.61192E+00-1.31616E+01 1.92389E+00
 -1       623 1.06477E+01 1.70086E+01-8.03833E+00 7.05899E+00-4.42870E-03 5.98047E+00
 -1       624 6.53874E+00 1.06276E+01 1.63308E+00 1.12221E+00 3.13616E+00 1.67807E+01
 -1       625-8.75521E+00 1.21443E+01-2.00172E+00 1.97045E+01 6.39026E+00 1.40322E+00
 -1       626-3.74372E+01 2.71056E+01-6.73155E+00-5.79858E+00-6.66555E+00 2.83319E+00
 -1       627-3.41532E+01-2.13762E+00 7.82319E-02 4.50165E+00 1.66701E+01 2.57657E+01
 -1       628 5.65428E+01 1.79338E+01 1.97123E+01 5.09188E+00-1.40281E+01 1.14521E+01
 -1       629 6.78891E+00-2.30122E+01-7.70023E+00-1.15220E-01-5.48518E+00 2.41997E+00
 -1       630 1.34353E+01-9.54186E+00 6.53249E+00-1.18367E+00-2.43781E+00-4.69534E+00
 -1       631-4.62018E+00-1.53954E-01-7.23656E+00-7.21726E-01 3.28549E+00 1.46583E+01
 -1       632-1.77262E+01-3.70526E+00-9.19097E+00-6.83635E+00 7.80837E-01 4.06180E+00
 -1       633-3.30837E+01-1.56328E+01-1.45666E+01-8.14940E+00-6.96026E+00-4.45121E+00
 -1       634-7.15020E+00-6.56905E-01-2.72859E+00 5.39055E+00-1.23602E+00 8.37073E+00
 -1       635 1.06599E+01 4.90932E+00 1.86104E+01 1.69251E+01-2.96488E+00-1.83440E-01
 -1       636 3.81969E+00 3.34687E+00 1.00584E+01 2.52359E+00-6.43749E+00 1.09728E+01
 -1       637-8.25396E+00-8.73124E+00-1.04397E+00 7.40036E+00 1.48457E+00 3.61410E-02
 -1       638 2.78527E+01 7.46416E+00-1.35699E+00 1.06486E+01-9.91274E+00 8.49270E+00
 -1       639 1.14943E+01-8.81197E+00 9.87465E+00-9.14747E+00-7.10130E-01 1.85290E+01
 -1       640-2.67861E+01-2.43127E+01-1.95616E+01-4.91363E+00 2.02656E+00 2.31066E+00
 -1       641-1.10241E+01-1.69863E+01-1.87143E+01 2.98579E+00-4.85866E+00 1.31275E+00
 -1       642-1.40443E+01 3.93381E+00 3.81778E-01-5.14721E+00-7.66318E+00-7.90486E+00
 -1       643 2.24372E+01 1.36235E+01 8.82397E+00 8.38523E+00 7.50806E+00 1.20190E+01
 -1       644 5.66881E+00 8.96036E+00 1.90451E+00 2.93759E+00-5.81052E+00 5.39587E+00
 -1       645-2.12660E+01-1.79806E+00-1.94609E+01-2.99393E-01-5.33452E-01 1.57075E+01
 -1       646 1.93872E+01 1.19558E+00 9.13392E-01 8.26139E+00 3.63136E+00 1.21391E+01
 -1       647 4.41431E+01 8.74314E+01 3.98164E+01 3.42637E+01 1.04234E+01-7.99453E-01
 -1       648-1.54540E+01-1.94189E+01-5.73435E+00 3.72383E-02 5.71641E+00 6.73059E+00
 -1       649 5.40615E+00-6.14498E+00 1.36366E+01-6.68895E-01-1.82384E+01-1.99755E+00
 -1       650 1.21558E+01-4.68527E+00-4.30131E+00 1.15486E+00-1.22726E+01-1.39023E+00
 -1       651-2.44191E+00-3.21684E+00 7.87921E+00-4.24261E+00-1.18794E+01-7.60851E+00
 -1       652-7.77459E+00 4.11169E-01-3.30854E+01 8.41685E-02-5.65936E+00 1.31583E+00
 -1       653-3.17993E+01-1.69618E+01-4.10844E+01 1.44241E+00 4.50856E+00 1.08450E+01
 -1       654 3.44744E+00 5.19460E+00-1.81724E+01 6.76624E+00-1.21556E+01-9.56407E+00
 -1       655 4.04321E+00-3.80290E+00-2.98557E+00-1.58194E+00-9.86700E-02-2.84586E+00
 -1       656 4.04830E+00 1.47226E+01 2.20782E+00-7.14577E-01-2.34771E+00 3.71861E-01
 -1       657-2.96451E+00 3.61275E+00 3.71194E+00 1.65636E+00-3.10063E+00-1.14280E+01
 -1       658 1.66976E+01 2.60820E+00 1.01608E+00 5.92632E+00 3.98656E+00 3.00425E+00
 -1       659 8.34042E+00-1.41947E+01-1.42171E+01 6.48052E-01-1.21133E+01 7.19667E+00
 -1       660 2.25841E+01-1.79619E+00-2.62183E+01 3.38191E+00-2.42859E+01-2.28004E+00
 -1       661-1.38606E+01-3.07752E+01-2.78418E+01-3.34404E+00 4.65099E+00 7.76411E+00
 -1       662 1.58625E+01 5.33718E+00 8.18312E+00-2.05097E+00-4.87594E+00-8.65898E+00
 -1       663 1.37201E+01-9.70004E+00-5.27904E+00 2.18987E+00 4.15217E+00 8.86087E+00
 -1       664-1.67607E+01-3.26307E+00-1.13500E+00 1.35275E+00-4.09461E+00 3.34192E+00
 -1       665-2.61974E+01-1.23208E+01-7.79393E+00-9.04027E+00 4.75235E+00 1.47008E+01
 -1       666-3.41435E+01-4.89412E+00-1.24824E+01-1.06406E+01 4.71038E+00 1.19207E+01
 -1       667-2.58075E+00 8.78565E+00 5.26662E+00 7.04262E+00 3.17655E+00 1.56289E+01
 -1       668-1.79175E+01-5.55615E+00-1.47354E+01 8.62956E-01-1.25254E+00 3.07380E+00
 -1       669 1.58534E+00 1.19210E+01 7.72924E+00 7.87372E+00 5.50820E+00 4.33835E+00
 -1       670-6.88051E+00-2.39536E+01-2.12428E+01-1.00579E+01-8.00659E+00 2.97729E+00
 -1       671 4.63632E+00 3.06532E-01-3.57961E+00-8.09533E+00 5.89459E-01 6.91462E+00
 -1       672 3.11137E-01-6.44415E+00-6.94908E+00-7.73070E+00 8.10067E-01-3.43236E+00
 -1       673 1.21135E+01 9.48951E+00-7.41136E-01 4.90506E+00 1.66099E-01-3.07754E+00
 -1       674 1.03366E+01 2.57358E+00 2.69048E+00-1.09730E+01 3.36790E+00 5.11933E+00
 -1       675-2.29122E+01-4.96788E+00-2.74014E+01-7.01112E+00 8.63904E-01 5.36937E+00
 -1       676-1.97816E+00 8.74630E+00 3.65574E+00 2.52610E+00 2.22463E+00 9.85031E+00
 -1       677-8.45537E+00-4.45625E+00-9.01356E+00 1.57514E+00-8.66980E+00-6.89737E+00
 -1       678 2.57445E+01 9.07500E+00-4.82713E-01 9.13163E+00 7.38262E+00 1.76530E+01
 -1       679 2.74045E+01 1.40831E+01 8.84758E+00 1.40475E+00 2.18819E+00 3.92964E+00
 -1       680-2.32223E+01-2.04367E+01-3.75093E+01-1.44477E+01-1.40258E+01-6.69872E-01
 -1       681 4.05630E+00 6.76903E+00-9.48300E+00 5.42834E+00-3.85238E+00 3.22765E+00
 -1       682 1.97814E+01 1.78035E+01 6.60650E+00 1.36145E+01 1.25557E+00 1.28511E+01
 -1       683 2.76114E+01 2.05586E+01-7.19923E+00 1.44895E+01 6.44498E+00 3.98620E+00
 -1       684 7.11493E+00 2.15499E+01-2.05218E+01 1.51116E+01 9.86908E-01 1.01010E+01
 -1       685-1.25645E+01 5.51022E+00-1.63322E+01-7.06498E+00-2.33350E+01-1.01915E+00
 -1       686 5.21844E+00 1.30700E+01-7.53179E+00 6.45660E+00-1.59879E+01-6.53513E+00
 -1       687-1.92568E+00-1.43429E+01 1.41471E+01-1.05332E+00-1.53564E+01-1.79327E+01
 -1       688 1.80405E+01 3.05425E-01-1.13029E+01 6.02811E+00 3.00125E+00-1.91567E+00
 -1       689-9.07540E+00 9.41457E+00-9.96411E+00 8.74117E+00-1.08575E+01-3.73685E+00
 -1       690-1.73885E+01 4.37115E+01 1.21273E+01 1.95050E+01 6.75105E+00 3.94302E+00
 -1       691 7.40021E+00 8.21255E+00 2.15116E+01 1.23166E+01 5.76267E+00 2.28403E+00
 -1       692-4.39663E+01-1.36484E+01-5.09222E+00-1.90210E-01 6.15795E+00 1.81288E+01
 -1       693-3.49517E-01 4.76083E+00 8.75755E+00 1.20383E+01 1.25051E-01 6.88078E-01
 -1       694-3.15912E+01-1.35011E+01-2.38554E+01-1.01195E+01 1.68477E-01-6.54004E+00
 -1       695-2.05194E+01 6.54805E+00 1.45211E+01-4.15753E+00 4.77628E+00 9.17920E+00
 -1       696 8.93116E+00 1.35919E+01 1.51801E+01 9.93342E-01-8.01267E+00 2.91071E+00
 -1       697 2.28681E+01 2.83771E+01 8.28400E+00 9.26560E+00 7.32994E+00 8.91473E+00
 -1       698-1.62000E+01 3.38350E+00-9.13751E+00 1.89495E-02-4.27403E+00 3.47501E+00
 -1       699 2.76014E+01 1.47683E+01 5.89323E-01 6.08530E+00-4.74789E+00 6.59149E+00
 -1       700-3.80291E+01 1.41799E+00-1.34184E+00-3.56527E+00 1.01245E+01 1.78200E+01
 -1       701 6.11868E+01 3.31500E+01 2.75567E+01 2.00081E+01-2.65783E+00-5.63462E+00
 -1       702 3.07757E+01 1.08535E+01-2.41741E+01 7.93943E+00-4.10691E+00 6.65367E+00
 -1       703 9.53849E+00 5.46410E+00 1.68263E+01-4.49954E+00 1.52803E+00-1.20463E+00
 -1       704-5.51845E-03-5.35987E-02-7.63052E+00-2.67815E-05 4.11315E-01-2.60807E-01
 -1       705 4.04804E-02 1.77124E-02-4.24208E+00 9.41003E-03-2.52874E-01 3.50828E-01
 -1       706-6.65772E-02 6.53917E-03-4.65832E+00 4.46103E-03-6.60117E-02-3.57325E-01
 -1       707 2.30113E-02 2.71725E-02-1.53303E+00 1.66824E-02-1.70419E-01 3.82679E-01
 -1       708 6.42035E-02 3.10038E-02-4.84904E+00-5.15472E-02-1.96040E-01-2.78959E-01
 -1       709-5.05597E-01-6.86890E-03-2.27333E-01-7.66690E-02 3.42454E-02 4.40585E-01
 -1       710 1.30107E+00-2.37268E-01 2.34086E-01 4.35496E-01-3.05998E-01 1.55689E-01
 -1       711 1.34220E+00-2.63695E-01-5.68486E-01-1.12268E-02 2.49031E-01-3.60820E-01
 -1       712 2.58399E+00-1.30085E-01-2.84464E-01 7.40192E-01 1.63763E-01-1.06893E+00
 -1       713 5.22417E-01-8.41776E-02-6.93244E-01-1.58469E-01-9.50634E-02-1.52077E+00
 -1       714 6.52359E-02-2.60303E-02-1.23125E+00-4.98124E-01 1.22373E-01-2.09309E+00
 -1       715 3.54954E+00 6.12440E-01-4.87812E-01 1.30462E+00-2.09781E-01-2.46938E+00
 -1       716 7.69206E-01-1.06070E-01 1.52411E-01 3.30270E-02-2.01538E-01 1.02567E+00
 -1       717 1.44749E-01 1.58067E-01-7.47300E-01-3.73336E-01-9.25513E-02 6.12477E-01
 -1       718 3.86863E-01-2.60647E-01-2.28916E-01-4.30755E-01-2.32600E-01 1.91010E+00
 -1       719 6.84142E-01-1.86248E-01-1.93123E-01-1.67402E-01-2.21707E-01-1.21528E+00
 -1       720 1.41366E+00 5.83081E-02 2.39272E-01 1.01913E+00-1.89483E-01-8.20244E-01
 -1       721 3.35939E+00 1.13285E+00-3.89386E-01 1.95609E+00 5.55272E-01 2.23841E+00
 -1       722-7.19593E-01-3.98258E-03-5.16619E-03-6.03358E-02 1.01425E-02 2.64935E-01
 -1       723-6.05984E-01 6.93705E-03-1.22641E-01-8.74280E-02 5.21334E-02 3.69369E-01
 -1       724-4.43089E-01 1.79015E-02-1.70828E-01-9.59248E-02 7.06921E-02 2.50822E-01
 -1       725-6.64676E-01-1.90320E-02-1.98329E-01-6.67254E-02 1.65654E-02 5.34724E-01
 -1       726-5.79514E-01 3.22186E-02 3.68437E-03-7.87192E-02 2.85170E-02 1.85107E-01
 -1       727 1.41876E+00 1.72771E-02-2.90869E-01 2.59955E-01-1.15043E-01-5.35881E-02
 -1       728 2.34332E+00-9.15479E-02 3.47208E-01 7.86524E-01-1.11684E-01 1.02518E+00
 -1       729 1.13771E+00 5.25520E-02-5.67297E-01 5.47512E-01-3.71231E-02-8.91271E-01
 -1       730-1.16778E-01-6.32205E-01-2.28309E-01-5.58188E-01 4.00036E-01 9.31758E-01
 -1       731 1.22400E+00 1.75731E-01-5.61980E-01 9.44708E-01 2.27455E-01 4.91005E-01
 -1       732 1.89892E+00-4.67309E-01 1.55680E-01 1.08530E+00-3.46259E-01-9.63255E-01
 -1       733 1.37558E-01-5.90825E-01-1.11350E+00 1.85041E-02 2.41617E-03 1.60021E+00
 -1       734-1.84909E-01-1.54774E-01-1.34425E+00-4.64538E-01-8.88520E-02 8.92071E-01
 -1       735-4.02357E-01-3.10525E-01-1.18016E+00-4.06746E-01-8.27950E-02 1.83455E+00
 -1       736 5.76807E-02-1.21450E-02-1.39272E+00-2.04749E-02 5.86249E-02 5.25545E-01
 -1       737-2.36395E-01-9.71474E-02-9.61014E-01-1.07365E-02 7.07571E-02 6.25241E-01
 -1       738 1.22735E-01 1.25437E-01-1.69215E+00-1.36419E-01 9.61401E-02 8.56726E-01
 -1       739-1.18355E+00-4.55606E-01-2.11708E+00-6.91925E-01 4.59613E-01 2.58619E+00
 -1       740-5.00673E-01-6.97431E-02-2.53494E-01-4.28761E-02-6.64736E-02-4.61754E-01
 -1       741-5.10423E-01-1.25898E-02-3.03116E-01-5.95560E-02-7.17670E-02-3.87781E-01
 -1       742-3.31428E-01 2.78288E-03-4.88298E-01-2.13715E-02-8.86833E-02-4.95929E-01
 -1       743 9.46615E-02 5.53662E-02-1.38818E+00-3.50275E-02 2.56551E-01 2.00297E-02
 -1       744-7.18581E-01-2.52136E-01-6.80796E-01-4.72730E-01 1.95730E-01-1.42550E+00
 -1       745-9.15833E-01 2.08001E-02-1.55865E+00-2.09891E-01-2.17027E-01 1.36788E+00
 -1       746-5.61121E-01-2.14357E-01-2.56491E+00-2.09810E-01-1.34758E-01 1.26094E+00
 -1       747-1.65791E-01 2.90185E-01 6.80404E-01-2.12014E-01-2.92309E-01 1.08713E+00
 -1       748-3.27084E-01-2.24886E-02-2.45584E-01-4.42358E-01 1.09258E-01 1.17556E+00
 -1       749-2.55308E-01 1.39287E-01-1.44164E+00-1.64166E-01 8.27318E-02 8.56339E-01
 -1       750-1.38289E-01-1.08450E-01-5.46361E-01-5.87422E-02 7.01341E-02 7.74114E-01
 -1       751-5.77850E-01 3.30257E-01 1.77009E+00-5.36541E-02-4.04464E-01-6.06775E-01
 -1       752-3.15749E-01 5.01875E-02-1.44245E+00-3.49268E-01 2.16827E-01 1.12060E+00
 -1       753-6.36199E-01-8.26182E-02-2.25184E-01-6.77926E-02-5.99118E-02 4.10759E-01
 -1       754-7.90182E-01-4.85434E-02 1.99859E-01-9.30098E-02 1.44537E-03-3.42850E-01
 -1       755-8.01775E-01 2.45883E-02-2.27215E-02-1.02799E-01-5.91957E-03 1.57807E-01
 -1       756-3.49000E-02-3.24440E-02-8.13154E-01-2.11166E-02 7.43403E-02 3.21574E-01
 -1       757-1.16763E+00-8.38649E-01-1.84951E+00-9.41782E-01 1.11223E-01 1.24465E+00
 -1       758-2.31311E-01 2.52207E-02-6.01505E-01-2.02424E-02-7.75484E-02-4.09725E-01
 -1       759-7.14013E-01-6.33851E-02 3.63264E-02-3.75277E-02-8.76992E-03 4.16128E-02
 -1       760-7.84170E-01-4.21264E-02-5.51637E-02-6.98183E-02 6.49818E-03-4.29343E-02
 -1       761-6.46806E-01 8.67088E-03-3.99105E-01-9.86872E-02 2.92150E-02 5.46946E-01
 -1       762-7.18832E-01-1.65302E-02-2.08160E-01-8.07119E-02-3.34400E-02-2.50373E-01
 -1       763 3.79072E-01 5.21344E-03-1.12605E+00-1.00240E-01 5.53256E-01 6.55109E-02
 -1       764-1.95315E-01 2.42144E-02-5.93194E-01-2.06866E-01-9.79177E-02-4.76765E-01
 -1       765 1.16957E+00 7.62255E-01-4.01068E+00-2.14923E-01 7.44302E-01 3.98820E-03
 -1       766-3.43551E-01-6.79477E-02-1.46593E-01-1.66238E-02 4.03668E-03 3.38083E-01
 -1       767-1.09436E-01 8.28564E-02-8.05247E-01-2.65024E-02-5.90376E-02-5.83476E-01
 -1       768-6.21741E-02-2.24136E-01-1.00531E+00-3.17161E-02-6.38747E-02-3.95962E-01
 -1       769-2.58188E-01-3.53568E-02-7.43859E-01-1.34005E-02 1.21065E-01 5.44474E-01
 -1       770-3.71694E-01-1.75793E-01-6.00081E-01-1.18336E-01-8.90797E-02-4.45569E-01
 -1       771-1.21627E-01 4.28928E-02-4.02595E-01-5.60907E-02-4.77896E-01-1.13361E+00
 -1       772-9.19265E-01-2.95825E-01-1.64534E+00-2.30863E-01-1.42797E-01-1.06901E+00
 -1       773-3.28097E-01-3.59191E-01-1.91693E+00-2.49137E-01-9.14793E-02-8.03884E-02
 -1       774 7.81709E-04 2.42786E-02-1.35442E+00-1.56306E-01-2.14304E-01-5.92827E-01
 -1       775 2.59892E-02 6.16145E-02-9.85711E-01-7.93608E-02-6.01562E-02-4.69113E-01
 -1       776-4.18820E-01 2.61943E-02-1.00061E+00-1.66626E-01 5.17164E-02-5.77141E-01
 -1       777-4.89915E-01-3.72336E-01-2.16882E+00-5.04120E-01 3.18316E-01-1.04148E+00
 -1       778-4.80710E-01-9.55197E-02-6.35962E-01-5.00189E-02 3.42690E-02 8.45339E-01
 -1       779-2.39554E-01-3.65109E-03-2.91926E-01-4.17563E-02 8.16721E-02 2.03386E-01
 -1       780-6.55861E-01-2.99145E-02 1.29964E-01-5.72352E-02 8.23271E-03 3.60357E-01
 -1       781-6.79837E-01 6.77111E-02 1.60331E-01-7.03582E-02 7.17468E-04-5.83546E-02
 -1       782 2.02986E+00-4.65145E-02-4.09540E-01 7.25988E-01 1.23375E-01 7.89948E-01
 -3
    1PSTEP                         3           1           1          
  100CL  101 1.000000000         782                     0    1           1
 -4  TOSTRAIN    6    1
 -5  EXX         1    4    1    1
 -5  EYY         1    4    2    2
 -5  EZZ         1    4    3    3
 -5  EXY         1    4    1    2
 -5  EYZ         1    4    2    3
 -5  EZX         1    4    3    1
 -1         1-1.04336E-04 5.09909E-05-2.55930E-05 1.12344E-04-1.22929E-08-1.90911E-05
 -1         2 1.49601E-04-7.52688E-05-3.89125E-06-1.62510E-05 2.81830E-05-3.77242E-05
 -1         3 1.81488E-04-1.55378E-04-1.55773E-04-1.63542E-04-4.64303E-05-1.02903E-04
 -1         4 2.32434E-04 3.45606E-05 8.38182E-06 1.63465E-04-5.62918E-05-1.21367E-04
 -1         5 9.36594E-06 8.94328E-06-3.05233E-05 1.98812E-07-5.05740E-07-7.39996E-06
 -1         6 2.05168E-05 2.05649E-05-6.84400E-05-1.59228E-07 3.26038E-06 1.25503E-06
 -1         7-4.05878E-07-4.99904E-07 1.68016E-06 1.82599E-07 3.89237E-06 2.90375E-06
 -1         8 1.09162E-05 1.15524E-05-3.76367E-05-3.18705E-07 4.19024E-06 6.76092E-06
 -1         9 5.72696E-07 1.59626E-06-5.12255E-06 3.80516E-07-4.47008E-06-4.04839E-06
 -1        10 1.40879E-05 1.31862E-05-4.49021E-05 9.12313E-08-1.06370E-06-4.98421E-06
 -1        11-7.73393E-06-8.21059E-06 2.63550E-05 1.23412E-07-2.82741E-06 2.14430E-06
 -1        12 4.23436E-06 3.80816E-06-1.31104E-05-1.66682E-07-1.84952E-06 4.23533E-06
 -1        13-4.06095E-06 1.16355E-06 1.35419E-06-8.33223E-07-8.70974E-08 8.56679E-07
 -1        14-4.31427E-06 1.39278E-06 1.27541E-06-8.97324E-07-5.91926E-08-1.49338E-06
 -1        15-5.45443E-05-1.91242E-05 6.95428E-05 4.06046E-05 1.43904E-05-3.22448E-05
 -1        16-5.58231E-06-6.22552E-05 9.16227E-05 5.14212E-05-8.88897E-06-1.32595E-04
 -1        17-8.25904E-05-2.41702E-05 1.10386E-04 9.92595E-06-6.49668E-05-6.07318E-05
 -1        18 1.47027E-05 9.64912E-05-4.30870E-05 5.93028E-05 1.05917E-05-1.46919E-04
 -1        19-6.84144E-05 1.14967E-05-3.80411E-05 4.59499E-05-8.64752E-06-8.10243E-05
 -1        20-1.31291E-04-3.97933E-05 8.13370E-05-4.81453E-05-1.69912E-05-2.36825E-05
 -1        21 1.05760E-04-6.99807E-05-2.40769E-05-4.85293E-05 5.42991E-06-7.87369E-05
 -1        22-3.95500E-07-6.12492E-05 2.93758E-05-4.79736E-05-1.99759E-05-7.11755E-05
 -1        23 5.83128E-05-5.13551E-06 1.76066E-06 7.39387E-05 6.71989E-05 4.01738E-05
 -1        24 2.32292E-06-1.11570E-05 2.08011E-05 2.63445E-05 3.43218E-05 2.64772E-05
 -1        25-5.40692E-08 7.81325E-05-1.76145E-05 2.23415E-05-3.36260E-05-3.62269E-06
 -1        26-3.10185E-05 5.36772E-05 3.62606E-06 1.12714E-04-5.67807E-05-1.09134E-04
 -1        27-3.98214E-05-1.43052E-04 1.81386E-04 3.48195E-05 1.79089E-05-4.61366E-05
 -1        28-7.18051E-05-2.78653E-05 9.04534E-05 2.61820E-05-1.93515E-05-3.10106E-05
 -1        29-1.43697E-06 8.02858E-05-6.39745E-05 8.80047E-05 2.92052E-06-9.29616E-05
 -1        30-6.65773E-05-1.27543E-05 5.02790E-05-5.38817E-05-8.75508E-06-1.16856E-04
 -1        31-1.31394E-04-1.29308E-04 2.16331E-05-6.64927E-05-3.14079E-05-3.09475E-05
 -1        32 3.30140E-05-9.99355E-05-3.78533E-05-4.16300E-05 9.23547E-06-4.00468E-05
 -1        33 2.02722E-05-1.15502E-04 2.56213E-05-7.71598E-05-2.78678E-05-8.67033E-05
 -1        34-2.52055E-05 1.41144E-05 9.46354E-06 6.25834E-06 6.52005E-06-1.23976E-05
 -1        35-5.94213E-06 4.85856E-05-5.87150E-06 7.90046E-05 8.65329E-05 5.61135E-05
 -1        36-1.07028E-04-7.42723E-05 5.10946E-05-7.64449E-05-1.85699E-05-2.87490E-05
 -1        37-6.45869E-05 8.01097E-05-8.71622E-05 8.43526E-05-2.62172E-05 2.75172E-05
 -1        38-5.71390E-06-3.77016E-05 7.84994E-06 5.30310E-05 2.82830E-05-7.57195E-06
 -1        39 9.01326E-05 3.13595E-05-7.72575E-05 5.62644E-05 5.31821E-05-2.96502E-05
 -1        40-2.77255E-05 1.81088E-05-8.45407E-05-1.13857E-05-3.66759E-05 8.01374E-05
 -1        41 6.10803E-06-4.17013E-05-5.34597E-05-1.86464E-05-7.23103E-05 5.76954E-06
 -1        42 4.90730E-05-7.10736E-05 3.89295E-05 3.17412E-05 1.31673E-06 3.70765E-05
 -1        43-1.32319E-04 3.98206E-05 3.11843E-05 6.11210E-05-4.47446E-05-8.69349E-05
 -1        44 6.60375E-06 6.56910E-06 3.83617E-06-1.20532E-04 2.92637E-05 2.54243E-06
 -1        45-6.93255E-05 1.81935E-05 5.29982E-05 3.19790E-05 3.07946E-06-3.03648E-05
 -1        46 2.32559E-05-8.73464E-06 4.81668E-05 3.48861E-05-4.63720E-06-6.43446E-05
 -1        47-6.19187E-05 2.11023E-05 2.14548E-05-4.95107E-05 1.92699E-05 1.04683E-07
 -1        48-5.31085E-05 8.38218E-06-7.48299E-05-2.21345E-05-1.82528E-05-1.80925E-04
 -1        49-7.57091E-05 1.79426E-05-3.07895E-05-1.17458E-04-6.41567E-05-9.29315E-05
 -1        50 4.32617E-05 2.63997E-05-2.41446E-05-3.29682E-05 1.94458E-05-9.45351E-06
 -1        51 1.06641E-04-4.28121E-05-1.12814E-04 2.99364E-05 1.24984E-05 2.20003E-05
 -1        52 4.88228E-05-6.10679E-05-4.33136E-05 2.66562E-05-4.66980E-05 4.72294E-05
 -1        53 4.78188E-05 3.73863E-05-2.09146E-05 4.21133E-05 6.41750E-06 3.50074E-05
 -1        54 5.77527E-06 1.44075E-05-2.19937E-06 5.72543E-05-3.20374E-06 3.78254E-05
 -1        55-1.04250E-04-2.66230E-05 2.25915E-05-5.53472E-05-2.34437E-06-8.01072E-05
 -1        56 5.82809E-06 5.23869E-06-5.41713E-06-6.49894E-05 1.79275E-05 1.82057E-05
 -1        57-1.25976E-04-2.95707E-06 1.36883E-04 3.72457E-05-2.45766E-05-5.46701E-05
 -1        58 1.09841E-05-1.67621E-06 3.08314E-05-1.63869E-05 1.23363E-05-5.37459E-05
 -1        59-6.66364E-05-3.50462E-05-5.95044E-05-7.93389E-05-4.66694E-05-1.53367E-04
 -1        60-1.07139E-04 5.54651E-05-5.00497E-05-1.08346E-04-4.29279E-05-1.50112E-04
 -1        61-3.14638E-05-1.30876E-04 4.37016E-05-1.59688E-04-2.76032E-05 2.53646E-05
 -1        62-3.78925E-05-8.87467E-06 3.29749E-06-4.82374E-06 1.49013E-04 8.07840E-05
 -1        63-3.82898E-05-4.86529E-05 4.16559E-05-2.29253E-06 1.22860E-04 2.13331E-04
 -1        64 2.26138E-05 8.56235E-05-2.74489E-04-3.31223E-05-4.51723E-05 3.29657E-05
 -1        65 8.93625E-05-1.97252E-04 1.49928E-04-9.14917E-05 7.14423E-05 1.13467E-04
 -1        66 9.62686E-05-8.28730E-05 8.50437E-05-3.24460E-05 3.75542E-05 1.65033E-04
 -1        67-1.22760E-04 1.30086E-04 7.08526E-05-1.14160E-04 4.08293E-05 3.40838E-05
 -1        68-2.32414E-05 4.33176E-05-7.51751E-05-7.86475E-05 5.83194E-05 9.29605E-05
 -1        69-7.85847E-05-2.79704E-05-1.78406E-05-3.53740E-05-1.00012E-04-4.07747E-05
 -1        70 7.38164E-05-5.98344E-05 9.46190E-05 4.52728E-05-6.20928E-05 1.80472E-05
 -1        71-1.80439E-04 2.11505E-05 1.17559E-04-6.64173E-05 4.96849E-05 6.14285E-06
 -1        72 3.20060E-04-1.44842E-04-3.24708E-05 9.08731E-06 6.34176E-05 2.78994E-04
 -1        73-2.38768E-04-1.12438E-04-7.80142E-06-3.38860E-04-1.18376E-04-9.93332E-05
 -1        74 8.44647E-05-1.12379E-04 1.24478E-04 1.27300E-05 1.60356E-04 1.24790E-04
 -1        75-1.20781E-04 1.60143E-05-2.57360E-05-3.40437E-05 6.76694E-05 1.33797E-04
 -1        76-5.32479E-05-3.27322E-05-2.33859E-04-1.45731E-04 5.90376E-05 1.25300E-04
 -1        77 2.41064E-04-6.25252E-06 2.63051E-04 1.36128E-04 1.20806E-04 2.72084E-04
 -1        78-9.71735E-05-6.06043E-05 9.70616E-05-1.85128E-04 6.02129E-05 6.17831E-05
 -1        79-2.02983E-04 5.45475E-05-6.64436E-05-3.01679E-04 1.41888E-05-3.64702E-05
 -1        80-2.19166E-04 7.42422E-06 1.28078E-05-1.20603E-04-4.72989E-05 9.02746E-06
 -1        81-5.44341E-05 3.99371E-05 1.52188E-05 5.75641E-05-9.98890E-05 8.32671E-05
 -1        82-6.47460E-05-1.59140E-05 1.94549E-04-3.50459E-06 1.43433E-04 1.66619E-04
 -1        83 4.20945E-05-4.39747E-05 1.08746E-05 6.97549E-05 8.32134E-05 9.91740E-05
 -1        84 4.50729E-04-2.87184E-04-8.57897E-05-2.93944E-05 5.12721E-05 9.80353E-05
 -1        85-1.11321E-04-4.96574E-05 7.37822E-06-1.11701E-05 3.12417E-05 1.15579E-04
 -1        86-1.50577E-04 9.06001E-05-9.33472E-05-4.82990E-05-1.02553E-04 1.38260E-04
 -1        87-2.12390E-05 9.63634E-05-1.29919E-04-9.03256E-06-1.85646E-05 1.53308E-04
 -1        88-1.27798E-05-4.43899E-05-5.49328E-06-8.85305E-05 2.59673E-05-6.93138E-06
 -1        89 2.89331E-04-2.32450E-05-1.09247E-05 4.36460E-05 1.00529E-04 1.62503E-04
 -1        90-8.14614E-05 3.10755E-05-1.96797E-05 1.03090E-04 1.01216E-04 1.32324E-04
 -1        91-1.28538E-04 8.18500E-05-6.37203E-05-2.82339E-06-2.93408E-05 1.81856E-04
 -1        92-5.33534E-05 1.54489E-04-1.18615E-04 7.06591E-05 8.93810E-06 9.42289E-05
 -1        93 1.07305E-04-7.77821E-05-6.62924E-05-1.04446E-05 2.51371E-05-5.74361E-05
 -1        94 2.29631E-04-2.27518E-05-2.98617E-05 1.85711E-04-3.23910E-05 1.70286E-05
 -1        95-1.52397E-05 5.10971E-06-3.46735E-05 3.42234E-05 9.00881E-05 9.96573E-06
 -1        96-6.70606E-05 6.58352E-05 4.27728E-05 1.22220E-05-1.08015E-05-1.02028E-04
 -1        97-2.92926E-04 3.47401E-04-1.71427E-04 1.43175E-04-9.57265E-05 2.05885E-04
 -1        98-6.85193E-05 6.37977E-05-2.18720E-04-4.71183E-05-6.05500E-05 7.61411E-05
 -1        99 5.99677E-05 4.44745E-05-1.96613E-04-2.93947E-05-1.48569E-04-5.54905E-05
 -1       100 2.15442E-04-1.51148E-04-5.49942E-05-5.49211E-05 7.04939E-05 1.71129E-04
 -1       101 2.09692E-04 9.59688E-05 9.66077E-05 1.84993E-04 1.82824E-04 9.10284E-05
 -1       102-2.08091E-04 1.56970E-04 1.33655E-05 8.67434E-05-6.18650E-05 9.91553E-05
 -1       103-7.46770E-05 2.07909E-04-1.45877E-04 3.42426E-05-1.13211E-04 8.80154E-05
 -1       104 1.95006E-04-1.11794E-04-5.68273E-05 2.56010E-05-1.13962E-04-2.43136E-04
 -1       105-5.88301E-05-3.37086E-07-3.95577E-05 7.26129E-05 2.31862E-05 1.70469E-05
 -1       106 1.80287E-04 4.73119E-05-5.88435E-05 1.93409E-04 5.12757E-05 1.19909E-04
 -1       107 9.08550E-05 1.80206E-05 6.41419E-05 1.29956E-04 9.46008E-05 3.46231E-05
 -1       108-7.36767E-04 3.85295E-04 1.20250E-04-2.41281E-04-9.43084E-05 5.32579E-05
 -1       109 8.65107E-05-8.89773E-05-9.10034E-05 7.49136E-06 5.22320E-05 1.60376E-05
 -1       110 9.55331E-05 3.50054E-04 6.05542E-05 1.82193E-04-1.58122E-04-9.07990E-05
 -1       111-1.10449E-04-1.23575E-05-2.26410E-05-1.54134E-05 7.82615E-05 1.46135E-04
 -1       112 3.80881E-05-1.71861E-05-1.59824E-04-9.99043E-05-1.17750E-05-5.40559E-05
 -1       113 1.49690E-05 1.50266E-05-4.97282E-05 9.06723E-08-1.54538E-06-4.89877E-06
 -1       114 4.64140E-06 4.13198E-06-1.43056E-05 2.93116E-07 2.17554E-06-3.05559E-06
 -1       115 5.26815E-06 5.48100E-06-1.81538E-05-3.56477E-08 4.62145E-06 3.29076E-06
 -1       116 1.58346E-05 1.58829E-05-5.29258E-05-2.18418E-07 6.07542E-06 3.35539E-06
 -1       117 7.30562E-06 7.53400E-06-2.49106E-05 2.29243E-07-2.33605E-06-3.70068E-06
 -1       118-3.15351E-06-3.71518E-06 1.05346E-05 1.33280E-07-4.79257E-06-1.28061E-06
 -1       119-1.61554E-06-2.35980E-06 6.70586E-06-1.72303E-07-1.59287E-06 3.74887E-06
 -1       120 8.88751E-06 8.61696E-06-2.90100E-05 2.97464E-09-1.30347E-06-2.01776E-07
 -1       121 1.73354E-05 1.70196E-05-5.67742E-05 8.25167E-09-1.41668E-06-1.68667E-06
 -1       122 4.71116E-06 5.67377E-06-1.77261E-05 4.93980E-07-5.67876E-08-4.40035E-06
 -1       123 7.45979E-06 7.58890E-06-2.55059E-05-1.08677E-07 1.66018E-06 5.39538E-06
 -1       124-4.51746E-06-3.92201E-06 1.40180E-05 9.68844E-08-1.32062E-07 3.02438E-06
 -1       125-3.22219E-06 1.81479E-06-8.87692E-07-9.12708E-07 3.22374E-07 4.11811E-06
 -1       126 7.91802E-07 2.13436E-06-6.13101E-06-2.06801E-07 5.76128E-07 4.35713E-06
 -1       127 4.67127E-06 4.54790E-06-1.47124E-05-1.94378E-07 2.64267E-06 1.44066E-06
 -1       128 2.46210E-05 1.90069E-05-7.49914E-05 1.10060E-06 2.84833E-06-1.66515E-06
 -1       129 2.31044E-05 1.10424E-05-1.79953E-05 2.14996E-05 2.31892E-05 3.65049E-05
 -1       130 1.35312E-05-4.43568E-06-3.48218E-06 6.94882E-06 2.49154E-07 1.27889E-05
 -1       131 2.69744E-06 3.77330E-06-4.00499E-06 1.13247E-05 1.85743E-07 7.69676E-06
 -1       132-1.08613E-06 5.16078E-07-5.78324E-07-2.00431E-06 3.14523E-06 1.23896E-05
 -1       133-1.09304E-06-2.64306E-06 5.49962E-06 6.75722E-07 4.79692E-07 3.35330E-06
 -1       134-2.22198E-08-1.07546E-07 2.05053E-07-2.51346E-07-5.21681E-07 5.71097E-07
 -1       135-2.29100E-06 6.28146E-07 7.76423E-07-8.40175E-07-4.25527E-07-9.29565E-07
 -1       136-3.97423E-06 1.39969E-06 4.54977E-07-7.34970E-07 2.43045E-07 2.37588E-06
 -1       137-1.07443E-06 1.88203E-06-3.31574E-06-4.82313E-07 1.22572E-07 4.15328E-06
 -1       138 2.12083E-06 3.32691E-06-9.37433E-06-4.74109E-07 1.75857E-06 2.77727E-06
 -1       139 7.47916E-06 1.03274E-05-3.13062E-05 1.18264E-07 6.53429E-07 1.71633E-06
 -1       140 3.00904E-05 2.42694E-05-1.09284E-04 1.45644E-05 5.61473E-05 4.95056E-05
 -1       141 2.24093E-05-4.68320E-06-6.39418E-06 1.31553E-05 2.53454E-06 2.19063E-05
 -1       142 6.84666E-06-8.63230E-07-4.54425E-06 8.92182E-06-1.14745E-08 1.00657E-05
 -1       143-3.67774E-06 4.47939E-06-7.51488E-07 3.85781E-06 3.00651E-06 9.86207E-06
 -1       144-1.16953E-06-3.16686E-06 6.65509E-06-9.16998E-07 2.50868E-06 5.52805E-06
 -1       145-5.30268E-07-2.16812E-07 1.03847E-06 4.72263E-07-8.88297E-07 1.87135E-06
 -1       146-1.18873E-06 3.35489E-07-1.16367E-08-5.25171E-07-3.32852E-07-6.08802E-07
 -1       147-3.06450E-06 9.57668E-07 9.60007E-07-6.53895E-07-3.11822E-07-8.07618E-08
 -1       148-4.15283E-06 1.27780E-06 1.30302E-06-1.18727E-06-1.07147E-07-5.67236E-07
 -1       149-2.04189E-06 8.96969E-07 2.91915E-07-7.67023E-07 5.70134E-07 8.25059E-07
 -1       150 2.48158E-07 4.44025E-07-7.43384E-07-3.40260E-07 7.73776E-07-3.05784E-07
 -1       151-1.34874E-06-3.31810E-06 5.81836E-06 7.59268E-07-3.66359E-06-2.53157E-06
 -1       152-3.05222E-06-7.03529E-07 3.22675E-06-1.35863E-06-5.12688E-06-2.11415E-05
 -1       153 4.92941E-06-8.22228E-07-4.74084E-07 8.77580E-06-1.89663E-06-1.15326E-05
 -1       154 1.58254E-05-6.34357E-06-3.80087E-06 9.90504E-06-7.43512E-07-1.18423E-05
 -1       155 2.38864E-05 1.74887E-06-1.13584E-05 1.54258E-05-1.60701E-05-3.29410E-05
 -1       156 1.90302E-05 1.79500E-05-6.42981E-05 4.25522E-06-6.56954E-06-8.38789E-07
 -1       157 4.14046E-06 4.22591E-06-1.36428E-05 6.88087E-07-8.67249E-07-2.07109E-06
 -1       158 6.92808E-07 2.55143E-06-5.93826E-06-3.14214E-07-3.58530E-07-4.36724E-06
 -1       159-2.94452E-06 1.84669E-06-1.13947E-06-6.79268E-07-3.78704E-07-3.97353E-06
 -1       160-3.45697E-06 1.12099E-06 8.02215E-07-7.33010E-07 1.81839E-07 4.02991E-08
 -1       161-8.93857E-07 4.93582E-07-1.07330E-07-5.24136E-07 4.62456E-07 2.60006E-07
 -1       162 9.09711E-08-3.17828E-07 2.95728E-07-5.48920E-08-1.84239E-07-1.09065E-06
 -1       163-3.40147E-06-3.84347E-06 1.07398E-05 2.73529E-06-5.53983E-06-5.11932E-06
 -1       164-4.34343E-06 8.21816E-07 4.21295E-06 3.29744E-06-4.28858E-06-1.73821E-05
 -1       165 1.14611E-05-4.08294E-06-2.96248E-06 1.00340E-05-1.53775E-06-1.07773E-05
 -1       166 2.10346E-05-3.77486E-06-7.35503E-06 1.22492E-05-1.85164E-06-2.02283E-05
 -1       167 2.67176E-05 1.12794E-05-6.17000E-05 9.92703E-06-4.28496E-05-3.13634E-05
 -1       168 8.05504E-06 8.83838E-06-3.12816E-05 1.34945E-06 8.15733E-07 3.06109E-07
 -1       169 3.26146E-06 3.44928E-06-9.02910E-06 5.11895E-07-6.88841E-07-3.12174E-06
 -1       170-1.52775E-06 1.97909E-06-3.15582E-06-3.91841E-07-4.41539E-07-4.13005E-06
 -1       171-3.57156E-06 1.63861E-06 2.16077E-07-4.80532E-07-1.46040E-07-2.56215E-06
 -1       172 3.26856E-05-4.64625E-05-3.98517E-05 7.77610E-06-4.78898E-05-9.09948E-05
 -1       173 1.00325E-04 5.81680E-05-5.79428E-05 8.71819E-05-2.42554E-05-8.94252E-05
 -1       174-8.87450E-05 5.54989E-06 1.26503E-05-1.43367E-05-4.12691E-05-7.79859E-05
 -1       175 1.39226E-05 6.49314E-05-3.81966E-05-3.73238E-05-4.40737E-05-4.03694E-05
 -1       176 8.60314E-05 2.05666E-06 4.53500E-05 1.12852E-04-1.05634E-05-6.96570E-05
 -1       177 1.20337E-04-5.56712E-06-8.51752E-05 8.94370E-05-2.19095E-05-4.83652E-05
 -1       178-4.98683E-05 1.48602E-05 4.77507E-06-1.55068E-05-3.50026E-05-1.12275E-05
 -1       179-9.41127E-05-1.86915E-05-5.46269E-05-2.24719E-05-1.02907E-04-7.26592E-05
 -1       180 2.46788E-05-5.36350E-05 3.33645E-05 3.23919E-05-3.03094E-06 2.78241E-05
 -1       181-1.29097E-06-1.51087E-05 6.38925E-05 2.18067E-05-2.17510E-05-5.59326E-05
 -1       182 6.33688E-05 6.61473E-05-4.16132E-05 9.30908E-05 5.53485E-06-3.65734E-05
 -1       183-1.09544E-04 3.15866E-05-1.01869E-06 5.59475E-05-1.67862E-05-7.40561E-05
 -1       184-1.29184E-04-2.87494E-05 1.15305E-04 7.52895E-06-1.84441E-05-5.54546E-05
 -1       185 6.64946E-05-1.55779E-05-7.96868E-06-5.80550E-05 1.08237E-05-4.85200E-06
 -1       186-3.52946E-05 9.58064E-06 1.66498E-05-6.90410E-05 3.11748E-05 8.59398E-06
 -1       187 4.23639E-05-7.32970E-05 4.26511E-05-2.02315E-05 3.95558E-05 2.91482E-05
 -1       188-2.48302E-05-3.96579E-05 2.59105E-05-2.25615E-05 2.16076E-05-1.78634E-05
 -1       189 2.87687E-05-2.37453E-05-1.64666E-06-1.03152E-05-1.46912E-05-7.15928E-05
 -1       190 4.90294E-05-4.36694E-05 7.63741E-06-1.49921E-05 9.83135E-06-6.11277E-06
 -1       191 1.50472E-06 1.24624E-06-3.72854E-05 3.73724E-05 5.71385E-05-3.52125E-05
 -1       192-3.81269E-05-4.24348E-05-2.26452E-05-2.35196E-05-2.22398E-05-1.16035E-04
 -1       193 2.20213E-06 3.53254E-05 1.34188E-05 2.61311E-05 5.30396E-05 5.30515E-05
 -1       194-1.43069E-05-2.21717E-05-1.10328E-05-2.48335E-05-2.98861E-06-2.48318E-05
 -1       195-2.94606E-06 9.20988E-05 5.24319E-05 1.26793E-04 1.08836E-04 2.59153E-05
 -1       196-5.93226E-06-6.48233E-07 3.81085E-06 2.28128E-07-2.41376E-05-1.46349E-05
 -1       197-7.66084E-06-6.87450E-05 1.04701E-04 7.48208E-05-4.60750E-05 3.18770E-05
 -1       198 1.24254E-04 1.85358E-05 1.91056E-05 6.24785E-05-5.69742E-05 4.47139E-06
 -1       199-1.09122E-04 7.72301E-06 2.22759E-05-5.01522E-05-2.98801E-06 7.21069E-05
 -1       200-1.05741E-04 4.02780E-05 2.46912E-05-4.37541E-05-2.90346E-05 6.48396E-05
 -1       201-3.90736E-05 2.83948E-05-1.11337E-05 5.05355E-06 1.66725E-05 4.69443E-06
 -1       202 1.38354E-04-4.14561E-05-9.32078E-05-2.01411E-05-2.94318E-05 9.87756E-05
 -1       203 5.67258E-06 4.86259E-05-1.13393E-04 2.68514E-05-1.82238E-05-3.18290E-05
 -1       204 1.30784E-04-2.64929E-05-7.22514E-05 8.56273E-06-2.33844E-05 9.50731E-05
 -1       205-1.00696E-04 6.36442E-05-4.18389E-05-2.31798E-05-5.81422E-05-1.26359E-04
 -1       206-1.24506E-04 1.28442E-04 9.93999E-05 3.40578E-05-3.04230E-05 5.97289E-05
 -1       207-6.47701E-05 2.18720E-05 1.07513E-04 5.56160E-05 9.54617E-05 2.51371E-05
 -1       208-4.20387E-05 2.79124E-05 5.43589E-05 5.90030E-05-2.42389E-05-4.51930E-05
 -1       209 2.08800E-05-5.45033E-06-9.94803E-06 1.53578E-04 4.15614E-05-3.49319E-05
 -1       210 5.65954E-05-1.37366E-05-1.78161E-05 1.09754E-05-2.01130E-05-2.33017E-05
 -1       211 2.87111E-05 8.17328E-05 9.37898E-05 1.30150E-04 1.87073E-05 6.21733E-05
 -1       212 2.63840E-04-4.36735E-05-4.74577E-05 2.96739E-05-7.24250E-05-1.26322E-04
 -1       213-2.02323E-04 1.18954E-04 2.73790E-06 3.59347E-05 1.19933E-04 4.69696E-05
 -1       214 1.06540E-04-1.57360E-04 7.45771E-05-1.14517E-04-7.20532E-06 2.16516E-04
 -1       215 2.47354E-04-7.99949E-05-2.49917E-05-3.42343E-06 2.08050E-05 7.63344E-05
 -1       216-1.71738E-04 6.11552E-05 1.19164E-04 2.17074E-05 6.13254E-05-6.02294E-05
 -1       217-3.40994E-05-3.54100E-05 4.11667E-05 5.17059E-06 7.47179E-05 1.83183E-05
 -1       218-1.23067E-04-4.73184E-05 1.13614E-06-3.57921E-05 8.41724E-05-4.21750E-05
 -1       219-1.00273E-04-3.27464E-05 8.65701E-05 1.58507E-05-1.59620E-04-1.07201E-04
 -1       220-4.94923E-05 8.74948E-05 5.21406E-05 7.91913E-05 3.02917E-05-5.68246E-05
 -1       221-1.38826E-04 1.86359E-04 4.63858E-05 3.34157E-05 4.52972E-05 1.82277E-05
 -1       222 1.08122E-04 7.12625E-05-1.88930E-04 1.51353E-05-4.31763E-05-1.10770E-04
 -1       223-2.91019E-05 5.78613E-06-1.29570E-05-1.43050E-06-2.58492E-05-2.19307E-05
 -1       224-1.81708E-04 6.50296E-05 3.87258E-05-1.66472E-05-1.04399E-05 4.95354E-05
 -1       225-3.60481E-05 2.26633E-05-3.90955E-06 1.50136E-05 4.27046E-06 2.17025E-05
 -1       226 1.09138E-04 1.10564E-05-6.19649E-05 4.22863E-05 6.02756E-05 1.48277E-05
 -1       227 1.45643E-04-2.23439E-06-2.01812E-04 3.51361E-06-5.24471E-05-6.58818E-05
 -1       228-1.95448E-06 3.19494E-05 2.84818E-05 3.17835E-05-2.75105E-05 3.36627E-05
 -1       229-4.78754E-05 2.83607E-06-2.27403E-05 1.34698E-05-2.57130E-06 7.17795E-05
 -1       230 8.73794E-05 3.88113E-05 6.18031E-06 5.29508E-05-2.32728E-05 1.00040E-04
 -1       231 7.18169E-05-3.13025E-05-3.63278E-05 8.72973E-06 1.11485E-05 6.27517E-06
 -1       232-6.23748E-05-4.39245E-05 3.51073E-05-5.71715E-05-3.25982E-05-1.21689E-05
 -1       233 1.58332E-04-5.11541E-05-4.95123E-05 6.03554E-06-4.05122E-05 6.11091E-05
 -1       234-1.57128E-05 1.98215E-05 1.47513E-07 2.32712E-05-1.76968E-06-3.55237E-05
 -1       235 4.24302E-05 6.47800E-06-2.11349E-05-7.79425E-06 3.24719E-05-3.63603E-05
 -1       236 9.67930E-05-1.87376E-05-7.73537E-05-1.12454E-05-5.60391E-06 4.73653E-05
 -1       237-5.55600E-05-2.08982E-05 1.61616E-05-1.62246E-05 1.21617E-05 7.55152E-06
 -1       238 2.81885E-05 8.26013E-06 4.19711E-06 1.11351E-05 1.06262E-05-1.56960E-06
 -1       239-5.49592E-05 3.77011E-05 5.39603E-06 1.12921E-05 2.20252E-05 1.09176E-04
 -1       240-4.69584E-05-8.62411E-05 7.21095E-05-5.71963E-05 8.27502E-06 7.71107E-05
 -1       241 9.75206E-05 2.19554E-05-6.58759E-05 7.01122E-05 3.77838E-05 4.28188E-05
 -1       242-9.82328E-05 1.00650E-04-3.54777E-05 1.64260E-05 9.49794E-06 8.08096E-05
 -1       243-7.60223E-05 1.46244E-05 7.77999E-05-2.23330E-05-1.24466E-05 3.48694E-05
 -1       244 2.96909E-05-2.70475E-06 4.18261E-05 2.32250E-05-1.36360E-05-2.52676E-05
 -1       245 7.07744E-05-2.53492E-05 2.62252E-05 2.00987E-05-6.32075E-05 2.72256E-05
 -1       246 4.90344E-05-8.46573E-05 8.36234E-05-2.79123E-06-4.77469E-05 5.53876E-05
 -1       247-4.75954E-05 3.42581E-05 1.29441E-05 6.56598E-05-4.29483E-06-1.06154E-04
 -1       248-8.26770E-05-1.15556E-04 2.15170E-05-1.70380E-04-4.79496E-05-1.07621E-04
 -1       249-1.71260E-04 1.37891E-04 1.56925E-04 6.91139E-05 1.01345E-05 1.50438E-04
 -1       250-2.47107E-04 1.79283E-04-5.89022E-05-5.98637E-05-5.36354E-05 1.10310E-04
 -1       251 1.47981E-04 3.51782E-05-2.04401E-04 5.72822E-05-1.49023E-05-8.09683E-05
 -1       252 6.86058E-05-4.60266E-05-4.35533E-06 1.81222E-06 3.01086E-05 2.71859E-05
 -1       253 1.05773E-04-9.71742E-05-1.35363E-05-1.26617E-05 2.66908E-05 2.10172E-05
 -1       254-1.07989E-04 5.66576E-06 1.03471E-04 1.59602E-05-3.82381E-05-3.13640E-06
 -1       255 1.11756E-04-9.96715E-05 3.61403E-05-8.64746E-05-3.18223E-06 1.05817E-04
 -1       256 4.80950E-05-3.96045E-06-1.73480E-06-5.16537E-05 9.19223E-06 4.19636E-05
 -1       257 6.13422E-05 3.47772E-05-1.20044E-05-1.02268E-04-1.76321E-06 1.15380E-04
 -1       258 2.19126E-04-1.01923E-04-9.12973E-05-1.47466E-05 4.66131E-05 1.52089E-04
 -1       259-5.08925E-05 3.95076E-05-3.50805E-05-6.52571E-05 5.38372E-05 8.20812E-05
 -1       260 5.65524E-05 6.53031E-05-3.67683E-05 1.01757E-04-3.96321E-05 6.02068E-06
 -1       261-1.44717E-04-3.42139E-05 5.83953E-05-6.24741E-05-9.20065E-05-3.54535E-05
 -1       262-1.13800E-04 8.02129E-05 6.55268E-05 1.38407E-05-3.74923E-05 2.99615E-05
 -1       263 4.92601E-05-3.95574E-05 2.97999E-05 7.23374E-06-4.38074E-05-7.24695E-06
 -1       264-2.17609E-04-8.57019E-07 1.23838E-04-1.23359E-04 3.32273E-06 1.49388E-05
 -1       265 2.76035E-04-4.59495E-05-1.65470E-05 8.37714E-05-7.04282E-05-5.51993E-05
 -1       266 2.60314E-04-2.85459E-05-4.58218E-05 5.89650E-05-6.56686E-05 5.81406E-05
 -1       267-8.00936E-05 6.84223E-05-2.06434E-05 7.33902E-05 9.81463E-05 6.76359E-05
 -1       268-6.13820E-05-5.30049E-05 5.44823E-05-5.03850E-05-7.48332E-05 1.63783E-05
 -1       269 1.02960E-05-6.20435E-07-1.98389E-05 3.50851E-06-2.54046E-05 5.27316E-05
 -1       270 6.27482E-06-2.93401E-05-4.73973E-05-6.38777E-05 2.36832E-05-4.83577E-05
 -1       271-1.23315E-04 9.85050E-05-1.76863E-05-6.67118E-05-1.71128E-05 1.85411E-05
 -1       272 1.39577E-04-8.00260E-05-9.60107E-05 7.58168E-07-2.09585E-05-8.12948E-06
 -1       273-6.37528E-05 2.74106E-05-2.58683E-05 2.26316E-05-7.66657E-06 3.18034E-05
 -1       274-1.28954E-04 6.14100E-05 6.60847E-05-9.70065E-05-6.30325E-05 8.46510E-05
 -1       275 3.48907E-05 6.02916E-06-5.66172E-05-3.65859E-05-5.66574E-06 4.64467E-05
 -1       276-8.75560E-05 5.84103E-05 7.66973E-06 2.58953E-05 2.16822E-05 1.22345E-04
 -1       277 4.08317E-05 1.17771E-04-1.54117E-04 2.85910E-05 1.63803E-05 1.54259E-04
 -1       278-5.26033E-05 6.30404E-05-1.89376E-04-2.73044E-05 7.30564E-06 6.17702E-06
 -1       279-3.69123E-05 1.51726E-05 3.85453E-05-4.54641E-06 4.17193E-05 4.13553E-05
 -1       280-9.18588E-05-1.27576E-05-1.44460E-05 2.42956E-06 6.45775E-05-2.24247E-06
 -1       281-7.32826E-07-2.02951E-05-3.63865E-05-5.20942E-05 4.85750E-06 6.33405E-07
 -1       282 1.20960E-04-6.63621E-05-4.04549E-06 9.18574E-06 2.57122E-05 2.53316E-05
 -1       283 2.87408E-05 5.92129E-05 2.47377E-06 1.51382E-04 9.72023E-06 6.35543E-05
 -1       284 4.90839E-05-1.99734E-05-2.32144E-05 3.79150E-05 2.58149E-05 4.69394E-05
 -1       285-1.98070E-04 1.89299E-05-2.21031E-05-4.06192E-05 6.65121E-05 2.95172E-05
 -1       286-5.63307E-05 5.96856E-05 1.84740E-05 9.61229E-05-6.53012E-05-2.27087E-05
 -1       287-1.46150E-04 4.54038E-05-2.92187E-05-4.68902E-06 2.61560E-05 5.34842E-05
 -1       288 1.46506E-04 1.33787E-04-1.90358E-04 1.62490E-04 1.41874E-05 3.79379E-05
 -1       289-2.70996E-05 3.19497E-05-7.15879E-05 7.88132E-06-4.32441E-05 3.67556E-05
 -1       290 5.98622E-05 1.00486E-04-2.04895E-04 9.55171E-05 5.20142E-05 1.27145E-04
 -1       291 3.46354E-05 9.86403E-05-7.48467E-05 3.76795E-05 1.17742E-06 8.06395E-05
 -1       292-6.13299E-05 2.41140E-05-5.49684E-05-5.96665E-05-1.04831E-04 3.00770E-05
 -1       293-8.93914E-05 3.63252E-06-1.45237E-04-1.17176E-04 4.93463E-05 1.17428E-04
 -1       294 5.56370E-05-7.57040E-05-1.03506E-04-5.06707E-05-3.91074E-06 6.19261E-05
 -1       295 2.45370E-05-2.89052E-05 3.46409E-05 7.37647E-06-2.31299E-06 2.54245E-05
 -1       296 5.90185E-05 2.79872E-05-1.06454E-04-1.59605E-06-2.25239E-05 2.76280E-05
 -1       297 2.10499E-05 2.98017E-05-1.57228E-05 7.05800E-05-2.31639E-06 6.48191E-05
 -1       298-4.55436E-05 7.70605E-05 1.08213E-04 8.81728E-05-1.23125E-04-5.78416E-05
 -1       299 4.62067E-05 1.86768E-05 1.77420E-05-1.33610E-05-8.28062E-06 4.27581E-05
 -1       300 1.91086E-05 3.53870E-05 1.41319E-05 4.86723E-05-1.27045E-05 1.82365E-06
 -1       301-7.09354E-05 1.37321E-05 4.38467E-05-8.23924E-05-1.19008E-05-1.06058E-05
 -1       302 1.24701E-05 1.86717E-05 1.19779E-04-5.69983E-06-3.10582E-05 9.73618E-05
 -1       303-4.18142E-06 5.02935E-05-1.18807E-05-2.95325E-05 2.42860E-05 4.10936E-05
 -1       304-4.52654E-05 6.87528E-05-1.64667E-05 6.47982E-05 2.06393E-05 5.53585E-05
 -1       305-1.96249E-04 1.50975E-05 5.50374E-05-5.91954E-05-6.91204E-05 9.26513E-05
 -1       306-3.22654E-05 1.61410E-05 4.20885E-05 2.28862E-05-1.02089E-05-1.20004E-05
 -1       307-5.97272E-05 5.12778E-05 4.96363E-05 4.01669E-05-1.22824E-05-4.69279E-05
 -1       308-1.51777E-04 8.44009E-05-1.15134E-05 8.18601E-06 3.80892E-06 6.00959E-05
 -1       309 2.53248E-05 6.70268E-05-2.60982E-05 6.09371E-05-5.46200E-05-1.47747E-04
 -1       310-6.04722E-05 4.88146E-05 2.37793E-05-1.26334E-05-1.37916E-05-3.13347E-05
 -1       311-9.39665E-05 4.87626E-05 2.31230E-05-2.26959E-05 7.05266E-05 1.19256E-04
 -1       312 3.25668E-05-9.66474E-06-5.03701E-05-2.64557E-05 2.46031E-05 3.95592E-05
 -1       313 4.14737E-05 1.61639E-05-6.96206E-05 1.28244E-05 1.41560E-05-5.79133E-05
 -1       314 7.37864E-05-6.42828E-05-3.03327E-05-1.25972E-05-4.14995E-05-1.89868E-05
 -1       315 3.47539E-05 3.73164E-05-7.96372E-05-1.72438E-05 4.94214E-05-9.37568E-05
 -1       316 2.62822E-05-1.62883E-05-5.23326E-05-4.14708E-05-3.03068E-05-9.28727E-05
 -1       317 8.68362E-05-3.10483E-05-9.20714E-05-2.05489E-05-4.29565E-05-6.86171E-05
 -1       318 7.24542E-05-4.49160E-05-2.93101E-05-2.41707E-05 1.22870E-05-1.37002E-05
 -1       319-1.52513E-04 5.30481E-05-3.97168E-05-9.85743E-05-1.09173E-05 1.78878E-04
 -1       320 3.39279E-05 1.08429E-04-1.85488E-04 4.51082E-05-4.71111E-05 1.73385E-04
 -1       321 7.94744E-05 4.93058E-05-1.33082E-04 6.51185E-05-1.43326E-05 5.79685E-05
 -1       322-6.21989E-05 8.45153E-05-1.95269E-04-2.48694E-05-1.81072E-05 7.73329E-05
 -1       323-1.20844E-05 4.69961E-05-7.71356E-05-3.22049E-05 5.30639E-05 3.32310E-05
 -1       324-8.25814E-05 3.04714E-05-4.36300E-05-9.95850E-05 2.53879E-06 1.61259E-04
 -1       325 7.13528E-05-5.35644E-05-1.69141E-05-1.59090E-05-6.08933E-05 1.85727E-05
 -1       326 1.17591E-05-4.24661E-05 1.92784E-05-1.08875E-04-4.41102E-05 3.77875E-06
 -1       327-2.75510E-04 9.00480E-05 9.63518E-06-4.81986E-05-2.99496E-05 5.87921E-05
 -1       328-1.46672E-04 1.29769E-04 8.43477E-05-1.53943E-04 2.73017E-05 1.05505E-04
 -1       329-7.97413E-05 5.19818E-05 7.06835E-06 7.82995E-05 6.01071E-05 2.01130E-04
 -1       330-2.22978E-04 8.17990E-06-4.79845E-06 3.03342E-06 3.01229E-05 1.30973E-04
 -1       331 6.72456E-05 4.66173E-05-7.12157E-05 1.18910E-04 4.03085E-05 9.79273E-05
 -1       332-1.01309E-04 4.31264E-05-7.31554E-05 4.69337E-05-6.64803E-05 5.44631E-05
 -1       333-1.06773E-04 3.89622E-05-2.50221E-05-1.16591E-04-5.09394E-05-1.08773E-04
 -1       334-1.01175E-04 1.48159E-04-1.88323E-05-5.29823E-05-3.15101E-05 1.15106E-05
 -1       335 2.57868E-04-8.21808E-05-1.17612E-04 7.65209E-05-6.98760E-05-6.41796E-05
 -1       336 2.07058E-04-8.43933E-05-9.32601E-05 3.63612E-05-1.23742E-05-4.24508E-05
 -1       337-4.30842E-05-5.94089E-05-3.13082E-05-7.83800E-05 2.82079E-05-5.22657E-05
 -1       338 3.24796E-05-2.30312E-05-6.67296E-05 1.55517E-05 2.42586E-05 5.13983E-05
 -1       339 3.96754E-05 3.68359E-05 6.15917E-05 1.04032E-04 5.07891E-05 9.90859E-06
 -1       340-6.98669E-05-2.58149E-05 1.19725E-04 8.82013E-06 1.26688E-04 6.42114E-05
 -1       341 2.23796E-05-8.83723E-05-6.89759E-05-3.10661E-05-3.55161E-05 9.84925E-05
 -1       342 1.05582E-05 8.43187E-05-2.76001E-04-2.15315E-05-1.06506E-05-5.88161E-06
 -1       343-6.36935E-05-1.15014E-05-4.21890E-05 3.98099E-06 5.30956E-05 1.35902E-04
 -1       344-5.17492E-05 7.58272E-05-1.22226E-04 7.62855E-05-2.54959E-05 1.71377E-04
 -1       345 5.77460E-04 9.21505E-05-2.15646E-04 1.47475E-04-4.44577E-05 1.01815E-04
 -1       346 1.41387E-04-2.57592E-05-1.37155E-06 8.44428E-05-8.92180E-06 6.30788E-06
 -1       347 3.38112E-05-8.16371E-05-9.20626E-05-5.66192E-05-7.13694E-05 1.13469E-04
 -1       348-2.49971E-05 2.16598E-04-6.88407E-05 7.20802E-05-5.21685E-06-1.65137E-05
 -1       349-1.20292E-04 7.55103E-05 9.72701E-05-2.15813E-05-4.64900E-05 7.25482E-05
 -1       350-1.20043E-04 6.92791E-05 9.15510E-05 2.50107E-05 1.06169E-04 1.31262E-04
 -1       351-5.69211E-05 9.43814E-05 2.02245E-05 6.47587E-06 5.78667E-06 1.14546E-04
 -1       352 2.13177E-04-6.82424E-05-2.32540E-05-4.34060E-05 3.88704E-06 1.76395E-04
 -1       353 1.66745E-04-1.34295E-04 8.90150E-05-5.79724E-05-7.82773E-05 1.70146E-04
 -1       354-2.88301E-05-2.49024E-05 1.41756E-04 4.46301E-05 2.90725E-05 3.21856E-05
 -1       355 1.85403E-05-9.39989E-05-6.62544E-05-8.71926E-05-1.34656E-04-1.59204E-04
 -1       356-3.13348E-05 6.93442E-05-2.95651E-05-4.49752E-05 5.11050E-05 3.06557E-05
 -1       357 5.23430E-04-2.89483E-05-1.94513E-04 9.44418E-05 9.07847E-05 1.33000E-04
 -1       358 3.43038E-04 6.45131E-06-8.60149E-05 1.08601E-04 2.35401E-05 2.34958E-04
 -1       359 4.32300E-04-1.51086E-04-1.93871E-04-1.20995E-04 3.94839E-05 8.91576E-05
 -1       360 6.64842E-05-3.94969E-05-4.53310E-05 3.43263E-05-5.35387E-05-1.36671E-04
 -1       361 3.78121E-05 4.64274E-05-7.04716E-06 3.76844E-05-5.37382E-05-2.12961E-05
 -1       362-1.36177E-04-6.83724E-05 1.37054E-04-3.76157E-05 1.78422E-05 6.13477E-05
 -1       363-1.95437E-04 1.92011E-05 9.82754E-05-1.06130E-04 1.89309E-05 2.47030E-05
 -1       364 5.85142E-05 1.06153E-04 3.96112E-06 7.14476E-05 4.16314E-05-4.70272E-05
 -1       365-8.69385E-04 3.94898E-04 9.24769E-05-2.18264E-04-3.60468E-05 4.19312E-05
 -1       366-5.54035E-04 1.00961E-04 2.31722E-04-2.24580E-04 7.34731E-05 1.88269E-04
 -1       367 7.23441E-06 7.60832E-06-7.55647E-05-2.99757E-05 9.77364E-05 1.76288E-04
 -1       368 8.73013E-05-9.18001E-05-7.94673E-05-2.65394E-05 2.82352E-05 1.40327E-04
 -1       369 2.27360E-05 6.82646E-05-1.62935E-04-3.21246E-05 6.78154E-06 2.52298E-04
 -1       370 5.97184E-05-6.24420E-05-7.58685E-05-1.27067E-05-6.25382E-06 2.73494E-05
 -1       371-4.38332E-05-1.09016E-05-5.95207E-05-9.01187E-05 3.89227E-05 7.71293E-05
 -1       372-8.82997E-06 6.48115E-05-2.86866E-04-1.97314E-05-3.73983E-05 1.37642E-04
 -1       373 3.26182E-05 2.47710E-05-1.75011E-04-5.17415E-05-1.12252E-04-8.31118E-05
 -1       374-1.65225E-04 5.09770E-05-2.82527E-04-7.78757E-05-7.19933E-05 5.87411E-05
 -1       375 1.28000E-04-2.28808E-06-1.97660E-04 2.10748E-05-5.64348E-05 3.45234E-05
 -1       376-1.90943E-04-1.49322E-04 2.01437E-04-1.64191E-04-1.60201E-05-2.01260E-05
 -1       377 5.80488E-05-1.92264E-06-3.80853E-05 5.20821E-05 2.07751E-05 5.79283E-05
 -1       378 1.46940E-04-1.99091E-04 1.59860E-04-6.75476E-05-6.52339E-06 6.82949E-05
 -1       379 2.12995E-04-1.69500E-04 6.78401E-05-9.99688E-05-2.24692E-05 1.76268E-04
 -1       380-1.57850E-06-1.38059E-04 3.96813E-04-5.04453E-05-3.60225E-05 1.07700E-04
 -1       381 2.98775E-05-7.83808E-05 1.43346E-05-9.41461E-05-1.29431E-05 1.03759E-04
 -1       382 3.96663E-05-5.44944E-05 4.30870E-05-6.60764E-05 4.34377E-05 8.92667E-05
 -1       383 2.35892E-04-7.13984E-05-9.91334E-05-7.52913E-05 1.38198E-05 2.75219E-04
 -1       384 1.23898E-05 8.24045E-05-6.71842E-05 1.35285E-05-7.06757E-05-2.76248E-05
 -1       385-1.41951E-04 1.87962E-04 1.03344E-04-3.29270E-05-6.85994E-06 2.20074E-05
 -1       386 1.71144E-04 3.58980E-05 5.89265E-05 6.45872E-05 4.32766E-05 1.89213E-04
 -1       387-4.37946E-06 7.81023E-05-1.16896E-04 2.80501E-05 7.65051E-06 1.89503E-04
 -1       388-2.12206E-04 4.35803E-05-9.22105E-05-1.01397E-05-4.59121E-06 1.61821E-04
 -1       389 1.44535E-05 4.04170E-05-9.35315E-05 3.61921E-05-5.53322E-05 5.29860E-05
 -1       390 4.70887E-05-5.27856E-05-5.66675E-05 2.78661E-05-1.52233E-05 7.12844E-05
 -1       391-7.63559E-05-8.72300E-06 3.52900E-05 1.12409E-05-3.07302E-05 7.37257E-05
 -1       392-1.11636E-04 7.67719E-05-8.12242E-05 3.92850E-05 8.85903E-06 1.23592E-04
 -1       393 1.96979E-04-9.57233E-05 1.02880E-04 1.23886E-04 2.31296E-05 3.70538E-05
 -1       394-1.17120E-04 8.93167E-05 1.11638E-04 5.42193E-05 5.19783E-05 3.01666E-05
 -1       395-6.33590E-05-3.57416E-05 2.29035E-05-1.04079E-06 1.29725E-05 4.15263E-05
 -1       396-4.37841E-05-7.26745E-05 1.11247E-04-4.06513E-05 1.08710E-04 4.15043E-05
 -1       397 2.66788E-04-1.57519E-04 8.47688E-06 2.94929E-05 1.14974E-04 1.26409E-04
 -1       398-1.16114E-04 9.18513E-05 1.02686E-04 6.79436E-05 1.09220E-04 6.58402E-05
 -1       399-8.26202E-05-3.14903E-05 1.18584E-04 5.31641E-05 4.31014E-05 2.33406E-05
 -1       400 2.53116E-04-1.62180E-05-4.97603E-05 1.31596E-04 7.97044E-05 1.61838E-04
 -1       401 4.75552E-04 7.57043E-05-1.03499E-04 1.45330E-04-8.90695E-05-3.81259E-05
 -1       402-1.20908E-04 1.68117E-05-8.90647E-06 4.44181E-06-6.99945E-05 9.07263E-05
 -1       403 2.02169E-05-3.57359E-05-1.12321E-04 6.58097E-05 2.50580E-05 1.26241E-04
 -1       404 1.84936E-05-1.60965E-05-1.12979E-04 5.56634E-05 5.72708E-05 1.59867E-04
 -1       405-6.72383E-05 1.28231E-05 1.76780E-05-3.60511E-05-8.06646E-05 6.01602E-05
 -1       406 1.72737E-04 7.89846E-05-1.56202E-04 7.41688E-05 1.06871E-04 1.78836E-04
 -1       407 1.16120E-04 1.34027E-04-3.30371E-04 7.10154E-05 6.33090E-05 1.09370E-04
 -1       408 2.00986E-04-1.53159E-06 4.22395E-05 9.62817E-05-3.11559E-06-1.55090E-05
 -1       409-1.77280E-04 2.03034E-05-1.22757E-04-7.33209E-05 3.63798E-05 1.15367E-04
 -1       410 3.85203E-04 2.44605E-05-5.66169E-05 1.41009E-04-1.18926E-04 1.32069E-04
 -1       411-5.00016E-05-8.92941E-05 1.70524E-04-9.52698E-05 4.86047E-05 1.94781E-04
 -1       412 2.07868E-04 1.45201E-05-3.78752E-06 1.48235E-04 6.56850E-05 1.42205E-04
 -1       413 1.64687E-04-6.28889E-05 1.65601E-05-6.74408E-05 5.93615E-05 1.65314E-04
 -1       414-1.16223E-04 8.02269E-06-2.20218E-05-4.18528E-05 8.50311E-05 2.00823E-04
 -1       415-2.53826E-04 1.06470E-04-7.05741E-06-4.48558E-05 1.81636E-05 1.82571E-04
 -1       416-1.81462E-04 1.66550E-04-1.22269E-04 2.45016E-05-8.19074E-06 1.70550E-04
 -1       417-5.68492E-05 1.70892E-05-8.89272E-05 9.08327E-06-1.90951E-05 1.94570E-04
 -1       418 3.18130E-05 4.08786E-05-4.59711E-05 3.20637E-05 1.31345E-04 1.71502E-04
 -1       419-1.13330E-04-3.50714E-05-5.47715E-05-4.87052E-05 9.01716E-05 1.68804E-04
 -1       420-1.71413E-06 1.00679E-04 2.39787E-05 9.25086E-05 1.16744E-04 1.04211E-04
 -1       421 7.94109E-06-2.41944E-05-3.27924E-05-2.05189E-05 4.89678E-05-1.46291E-05
 -1       422 4.46466E-05-3.34735E-05 8.72378E-06 6.75353E-05-2.20527E-06 3.33136E-06
 -1       423 2.15500E-05 5.88078E-05 5.37161E-05 1.22117E-04-1.07549E-05 1.34684E-05
 -1       424 9.17813E-05-3.61855E-05-1.20298E-05 7.22239E-05 2.86616E-05 6.40090E-07
 -1       425 2.27493E-04 7.91705E-05-4.54014E-05 1.78861E-04-2.08623E-05-6.64460E-07
 -1       426 2.14303E-04 1.72805E-04 1.51812E-05 1.95791E-04 1.09875E-04 1.05108E-04
 -1       427 1.08650E-04 1.54426E-04-2.81647E-05 3.37621E-04 1.13866E-04 8.07231E-05
 -1       428 2.68713E-04-2.10016E-04-1.08118E-04-1.56198E-04-5.09138E-05-4.00876E-06
 -1       429-1.34712E-04-8.85268E-05 8.14918E-05-7.29064E-05 1.27125E-04 1.57629E-04
 -1       430 1.02833E-05 1.03393E-05-3.41619E-05 1.05237E-07 1.70923E-06-2.37426E-06
 -1       431 2.46761E-06 2.50092E-06-9.10900E-06 2.39033E-08-3.12241E-06 1.36404E-07
 -1       432 1.17124E-05 1.10573E-05-3.77251E-05 1.63952E-07-1.81071E-06-5.68668E-06
 -1       433 1.93463E-06 1.61774E-06-5.72320E-06-9.65525E-08 1.79473E-06 4.24367E-06
 -1       434 6.17907E-06 7.84778E-06-2.45563E-05-6.08977E-07-4.35298E-07 9.56288E-07
 -1       435 1.12580E-05 1.21478E-05-3.95819E-05-2.07638E-07-8.86209E-07 8.51231E-06
 -1       436 1.62018E-05 1.62241E-05-5.48376E-05-3.05003E-07 8.59419E-06 5.44190E-06
 -1       437 1.33928E-05 1.27269E-05-4.36377E-05 9.08534E-08 4.87763E-06-5.27345E-06
 -1       438 8.49807E-06 8.38869E-06-2.78209E-05 2.10238E-08-5.66336E-06-5.95373E-07
 -1       439-2.46369E-07 8.51458E-07-1.61207E-06 4.05380E-08-8.48763E-07 2.79710E-07
 -1       440 4.06885E-06 4.82084E-06-1.58692E-05-3.25025E-07 2.61542E-07-2.05215E-06
 -1       441-9.74218E-07 2.85981E-07 1.50355E-07 5.61337E-07 1.62821E-06 2.27715E-06
 -1       442 6.53220E-07 1.13672E-06-3.48389E-06-1.09946E-08-2.63331E-06-2.70101E-06
 -1       443-3.77301E-06-3.65408E-06 1.22425E-05 5.06593E-07-2.20591E-06 2.60674E-07
 -1       444-3.70969E-06 1.50327E-06 5.72935E-07-1.04057E-06 2.25344E-07 1.13382E-06
 -1       445-3.36950E-06 1.00493E-06 8.29634E-07-9.33353E-07-3.00650E-07-1.40156E-06
 -1       446-2.85121E-06 1.35081E-06-2.69594E-07-1.07392E-06 5.51737E-07 2.54281E-06
 -1       447-2.50775E-06 1.14262E-06-2.35437E-07-9.38447E-07-5.44826E-07-2.54193E-06
 -1       448-1.40191E-06 1.12946E-06-1.18334E-06-6.71668E-07 6.32154E-07 2.13458E-06
 -1       449 4.20764E-07 1.19110E-06-3.20685E-06-5.17357E-07 7.24750E-07 2.02378E-06
 -1       450 5.25678E-07 4.35297E-08-2.30130E-06 3.74937E-07-4.97227E-07 1.39064E-06
 -1       451 1.83961E-06 7.76568E-07-3.78361E-06-7.96571E-08-3.97021E-07-7.22991E-07
 -1       452 1.84651E-06 7.67356E-06-1.25289E-05 3.44412E-07 1.39107E-06-1.86464E-06
 -1       453 1.20122E-05 1.09035E-05-2.79999E-06 1.25568E-05 2.36435E-05 1.79947E-05
 -1       454 1.56772E-05 1.03865E-05-4.83832E-05 2.04544E-06-3.20886E-06-1.43110E-05
 -1       455 1.77514E-05-1.50721E-06-6.61613E-06 1.48402E-05 4.06360E-06 7.64144E-06
 -1       456 1.52576E-05-4.96448E-06-3.94308E-06 1.07510E-05 2.43585E-07-1.05833E-08
 -1       457 1.36444E-05 7.05736E-06-1.10330E-05 1.60788E-05 1.90648E-06 2.60487E-06
 -1       458 1.13658E-05-2.03123E-06-4.38560E-06 1.06145E-05 6.95895E-07-1.59551E-06
 -1       459 1.24653E-05 5.88468E-06-7.14480E-06 1.65599E-05-4.55541E-06-1.09323E-05
 -1       460 9.38990E-06 2.81842E-06-4.74053E-06 4.23208E-06-1.02078E-05-9.15457E-06
 -1       461 1.12104E-05 9.41132E-06-3.60480E-05 1.62887E-06-8.12463E-08 7.65712E-06
 -1       462 4.89008E-06 5.29755E-06-1.51963E-05 1.10909E-06-1.27084E-06 1.19395E-06
 -1       463 1.54643E-07 6.01030E-07-2.59101E-06 1.25054E-07-1.44881E-08-2.59743E-07
 -1       464 2.13412E-07 1.45968E-06-3.03604E-06-5.28396E-07-6.88666E-07-2.04420E-06
 -1       465 1.04704E-06 5.78186E-07-2.75034E-06 3.39823E-07-3.87785E-07 6.71361E-07
 -1       466-1.02596E-06 1.50052E-06-1.96428E-06-5.76153E-07-4.18463E-07-2.59771E-06
 -1       467-2.28703E-06 9.86383E-07-5.86186E-07-1.07622E-06 8.28546E-06 8.80619E-06
 -1       468-3.74984E-06-8.77348E-08 2.06355E-06-1.36203E-07 4.35681E-07 1.05132E-06
 -1       469 1.35243E-06-1.00415E-07-1.68534E-06-1.03469E-06-1.06155E-06 1.99707E-06
 -1       470 3.23658E-07 2.21968E-06-4.93338E-06-4.17444E-06 3.29210E-07 2.20236E-05
 -1       471 2.22179E-06 6.09517E-06-1.54516E-05-1.51046E-06 7.46233E-07 1.44842E-05
 -1       472 4.34092E-07 1.35042E-06-5.55888E-06-2.24436E-07 7.56516E-07 8.69447E-06
 -1       473-5.48782E-06-6.49353E-07 4.47690E-06-3.64165E-06 2.31895E-06 7.64805E-06
 -1       474-3.42752E-06 1.19922E-06 5.67956E-07-2.43178E-07 3.93855E-08 3.79221E-06
 -1       475-8.95281E-07 2.19474E-07 3.79411E-07 5.16336E-08-5.59043E-07-4.61939E-07
 -1       476 3.85712E-06 3.73426E-06-1.25817E-05-4.79619E-08 2.36313E-08 7.40325E-06
 -1       477 4.65852E-07 2.65016E-06-1.64815E-05-6.30461E-06 4.74060E-06 3.46420E-05
 -1       478-3.31224E-06 1.48518E-06-9.10138E-08-4.45732E-07 2.05435E-07 3.87687E-06
 -1       479-3.80921E-06 1.16368E-06 9.78898E-07-4.13358E-07-2.18515E-08 2.33826E-06
 -1       480-3.34570E-06 1.00712E-06 1.03486E-06-1.65844E-07 8.81062E-08 1.20407E-06
 -1       481-2.74931E-06 8.09061E-07 8.30503E-07-3.32681E-07-1.86025E-07 2.15497E-07
 -1       482-3.45782E-06 8.05097E-07 1.30822E-06-5.35194E-08 3.78866E-08 2.66613E-06
 -1       483 1.82199E-08 2.46954E-06-5.94078E-06 1.26457E-07 3.76761E-07 5.98697E-06
 -1       484-1.57758E-06 1.92499E-06-3.04453E-06-3.01541E-07 1.07031E-07 5.54983E-06
 -1       485-1.87224E-06 1.52362E-06-1.76272E-06-1.42558E-07 3.45682E-08 6.15573E-06
 -1       486 4.31517E-06 3.95499E-06-1.41881E-05-3.24998E-07 1.09891E-06 4.39750E-06
 -1       487 2.12334E-06 2.93160E-06-9.21038E-06-2.08296E-08 1.80499E-07 5.68965E-06
 -1       488 1.35046E-06 3.28711E-06-9.26466E-06-4.09009E-08 1.28901E-07 7.82253E-06
 -1       489 1.58548E-05 1.05898E-05-4.17315E-05-1.38772E-06-4.03627E-07 1.11472E-05
 -1       490 5.77574E-06 5.25182E-06-1.87883E-05-5.65506E-07 1.72805E-06 8.39573E-06
 -1       491 5.25788E-06 4.37850E-06-1.45515E-05-7.33588E-07 4.85912E-07 1.02607E-05
 -1       492 1.05352E-05 6.90166E-06-1.63556E-05 5.19730E-06 2.56199E-05 4.40346E-05
 -1       493 1.69875E-05 1.35555E-05-6.30436E-05-1.84103E-06 5.38937E-06 2.03477E-05
 -1       494-4.60998E-07 8.89230E-06-2.28805E-05-1.17169E-06 2.01902E-06 3.14060E-05
 -1       495 6.07285E-06-1.48947E-06-2.83528E-06-5.81095E-07 4.21006E-08 1.67391E-05
 -1       496 8.18439E-06 2.71251E-06-9.19063E-06 3.52070E-06 1.13646E-06 2.33098E-05
 -1       497 9.74989E-07 1.74746E-06-1.26577E-05-4.10906E-06 1.52229E-06 2.64667E-05
 -1       498-2.94618E-06-4.92316E-07 1.04559E-06 5.86183E-07 2.82779E-06 1.15891E-05
 -1       499 3.92982E-06-1.47093E-06-1.30809E-06 4.24254E-07 1.44024E-06 1.24063E-05
 -1       500-1.16493E-06 3.60222E-06-1.23735E-06-8.27635E-07 1.50816E-06 1.33479E-05
 -1       501-4.53949E-06-9.57356E-09 3.65816E-06-2.46925E-06 5.32566E-07 8.30435E-06
 -1       502-5.72956E-07-2.91201E-07 2.63305E-06 5.66432E-07-1.69644E-06 1.10492E-06
 -1       503-1.22336E-06-1.44294E-06 4.10470E-06-1.06429E-06-8.12367E-07 3.54502E-06
 -1       504-2.32002E-06 3.26156E-07 3.20267E-06-1.59030E-06 6.72792E-07 4.66650E-06
 -1       505 2.16004E-07-2.53591E-07-1.31084E-07-4.93024E-07-4.05042E-07 7.64120E-07
 -1       506-1.61470E-06 4.18141E-07 6.27676E-07-3.85112E-07-2.87185E-07-8.11823E-07
 -1       507-3.59354E-07-8.21113E-08 6.39102E-08 8.49747E-08-3.61379E-07-1.26289E-07
 -1       508 1.90869E-07 1.39135E-07-2.34576E-07-4.73786E-07-7.91715E-07-7.87868E-08
 -1       509-2.37646E-06 4.90217E-07 1.54574E-06-1.44429E-07-3.45781E-07 2.70227E-07
 -1       510-3.31272E-07 4.06356E-08 7.67952E-07-6.17067E-07 4.27017E-06 7.52367E-07
 -1       511-6.95749E-07-5.48865E-07-1.29795E-06-6.13178E-07 2.17202E-07 1.77190E-06
 -1       512-6.33454E-06-1.31623E-06 8.10969E-06-2.36245E-07 5.64016E-06 2.16540E-06
 -1       513-2.16466E-06-2.39921E-07-1.50194E-06-1.24187E-07 8.82549E-07 5.37402E-06
 -1       514-1.85343E-06 2.74708E-07 2.18789E-07-1.16970E-06 5.98750E-06 1.27546E-05
 -1       515-2.20042E-06 1.70325E-06-1.62465E-06-1.54366E-06 7.30207E-06 3.40501E-06
 -1       516-1.11245E-06 3.34785E-06-7.69036E-06-9.96599E-07 5.93978E-06 1.65089E-05
 -1       517 3.17121E-07 5.19957E-06-8.75539E-06-1.69121E-06 4.58321E-07 1.96636E-05
 -1       518 2.33983E-06 4.01779E-06-1.14719E-05-7.98863E-07 6.34478E-06 1.81941E-05
 -1       519 1.60525E-06 3.39030E-06-1.05170E-05-9.68272E-07 1.51648E-06 9.91796E-06
 -1       520-2.53149E-06 2.09342E-06-2.09908E-06-8.81016E-07-3.78074E-06-7.05813E-06
 -1       521-4.03605E-06 1.09936E-06 1.23403E-06-4.43957E-07-9.03686E-08-5.14340E-06
 -1       522 2.84942E-06 3.67761E-06-1.19620E-05-9.99433E-07-3.51607E-07-8.62395E-06
 -1       523 9.12788E-07 4.47549E-07-9.89417E-07-2.44594E-06-1.79799E-06-1.45852E-05
 -1       524-1.28892E-06-1.67875E-06 3.86647E-06-2.38571E-06 1.95888E-06-2.32516E-06
 -1       525-1.05602E-07-1.08125E-07 1.21285E-08-2.80704E-08-4.89250E-08 6.84549E-07
 -1       526-1.52424E-07 3.25249E-06-9.67579E-06-4.41071E-06 5.00997E-07-2.51663E-05
 -1       527-3.36867E-06 9.88078E-07 1.42392E-06-3.45419E-07 1.24238E-07-4.49179E-07
 -1       528-7.73579E-07 2.13106E-06-4.21265E-06-7.22969E-08-3.55363E-07-5.81272E-06
 -1       529 7.21992E-07-2.96969E-08-6.95693E-07 5.46889E-08 2.56654E-07-7.45111E-07
 -1       530-4.44693E-06-7.56369E-07 6.74665E-06 5.43837E-07-2.97861E-06-8.14220E-06
 -1       531-3.90224E-06 1.22154E-06 1.27600E-06-4.31399E-07-2.61966E-08-8.15154E-07
 -1       532-2.50334E-06 9.11465E-07 8.73156E-07-4.36457E-07 3.53173E-07 2.99136E-07
 -1       533-2.98790E-06 1.63128E-06-6.38438E-07-5.21915E-07-1.47218E-07-4.18629E-06
 -1       534-3.81563E-06 1.27330E-06 9.24609E-07-3.53322E-07 9.15987E-08-2.58005E-06
 -1       535-3.97721E-06 1.16042E-06 1.46024E-06-3.79550E-07 1.35989E-07-2.22052E-06
 -1       536-1.22199E-06 4.88310E-07 6.62668E-08-1.11369E-08 1.33666E-07 8.97416E-07
 -1       537 1.68305E-07 2.21202E-07-5.66056E-07-6.86503E-08 1.97889E-07 2.50175E-07
 -1       538-2.22209E-06 5.78372E-07 7.44922E-07 7.22455E-08-4.03209E-08 5.95955E-07
 -1       539 7.54984E-07 4.10542E-07-6.19264E-07-2.13119E-07 4.46353E-07-5.68962E-07
 -1       540-2.89934E-08-1.31891E-06 6.64825E-07 4.51709E-07-1.73219E-06-1.26390E-06
 -1       541 2.26683E-07 8.02176E-08-2.18529E-07 2.23802E-07 3.60493E-07-3.60076E-07
 -1       542-1.40535E-08-4.07823E-06 5.06547E-06-5.02494E-07-6.87132E-07-2.31825E-06
 -1       543-1.18786E-06-2.15501E-06-9.66538E-07-1.26480E-06 2.66369E-07-8.48303E-06
 -1       544 6.98593E-07-1.28263E-06 1.97999E-07-5.43384E-07 1.06703E-06-8.13380E-07
 -1       545-6.56999E-06-1.31225E-06 6.66564E-06-2.57910E-06 1.35089E-06-1.25388E-05
 -1       546-2.03629E-06 9.40788E-08 1.58810E-06 4.30541E-06-2.80134E-06-1.06708E-05
 -1       547-2.97968E-06 1.05506E-07 4.75318E-06-6.91933E-07-1.98409E-06-3.20644E-06
 -1       548 2.90063E-06-8.94563E-07-1.11960E-06 1.55423E-06-1.40303E-06-1.36121E-05
 -1       549 8.10674E-06-2.89599E-06-3.53165E-06 2.64102E-06-8.57060E-07-1.46374E-05
 -1       550-1.79907E-06-1.00080E-06 5.74950E-06-8.89120E-08-2.71189E-06-1.18978E-05
 -1       551 6.67682E-06 7.05416E-07-6.50091E-06 6.39963E-07-8.91906E-08-1.72358E-05
 -1       552 1.25018E-05 6.00854E-07-1.06548E-05 2.91402E-06-1.06692E-05-3.21665E-05
 -1       553 9.84658E-07 2.50231E-06-4.42692E-06-1.90176E-06-3.03443E-07-1.80582E-05
 -1       554 1.34073E-05 1.11808E-05-4.95627E-05 2.94854E-07-4.18939E-06-1.46874E-05
 -1       555 9.26485E-06 1.02292E-05-2.71384E-05 5.25654E-07-4.26566E-06-7.17122E-06
 -1       556 3.78464E-06 4.01636E-06-1.28312E-05-5.55295E-07-1.69460E-06-6.14986E-06
 -1       557 1.00626E-06 3.15822E-06-1.30796E-05-3.03349E-06 1.29936E-06-1.67727E-05
 -1       558 1.85036E-06 2.87524E-06-8.56492E-06-7.32230E-07-1.05060E-07-5.82499E-06
 -1       559-1.67325E-07 2.25840E-06-5.06043E-06-1.71986E-07-3.89727E-07-5.08384E-06
 -1       560-2.02759E-06 1.96439E-06-2.29686E-06-3.54390E-07-1.94952E-07-4.68857E-06
 -1       561 7.31051E-07 2.48907E-06-6.68233E-06-1.76684E-07-2.80840E-08-6.75444E-06
 -1       562-1.96193E-06 1.81352E-06-2.43372E-06-2.38462E-07-3.97033E-07-5.66930E-06
 -1       563-5.56370E-06 1.02819E-06 4.71482E-06-4.58388E-07-8.43084E-08-7.05538E-06
 -1       564-2.99720E-07 2.32942E-06-4.52593E-06-2.01115E-07-9.35987E-08-7.12723E-06
 -1       565-1.25967E-07 3.86994E-06-7.72005E-06 2.99332E-07 3.82537E-08-1.17361E-05
 -1       566-1.54498E-06 4.63524E-08 2.45087E-06-1.43107E-06-2.68588E-08 1.59578E-07
 -1       567-3.21584E-06 4.59137E-07 1.09771E-06 1.18926E-07-5.88408E-07-1.10824E-06
 -1       568-7.06527E-07 3.26925E-06-9.10984E-06-3.03046E-06 9.01722E-07-1.61198E-05
 -1       569 2.23985E-06 2.36082E-06-8.29151E-06-4.90120E-07-2.13556E-08-9.72349E-06
 -1       570-2.50385E-06-4.36493E-07 5.70669E-06-2.18489E-06-3.78151E-07-8.15464E-06
 -1       571-2.60982E-06 2.21003E-07-8.63362E-07-3.24682E-07 7.84189E-07-1.29679E-06
 -1       572 7.26778E-08-4.05814E-07-6.68768E-08-8.94424E-07 1.08193E-06-8.50336E-07
 -1       573 1.25835E-05 1.87914E-05-2.52434E-05-2.57946E-06 3.94683E-05 6.83666E-05
 -1       574 1.02346E-04 7.17946E-06-7.62793E-05 1.99851E-05-1.15752E-04-4.84534E-05
 -1       575-6.04295E-05 4.32235E-05 4.51712E-05 6.13859E-05 2.74676E-05 5.73653E-05
 -1       576-1.29972E-05-2.56607E-05-6.87901E-06-2.56489E-05-1.40380E-05 1.00642E-04
 -1       577-3.66204E-05 3.12812E-05-3.30728E-05 1.04651E-05-4.26340E-05-2.21051E-06
 -1       578 4.03346E-05 2.42448E-05-6.05800E-05 6.24051E-05-5.59718E-06-4.04288E-05
 -1       579-5.19232E-05-2.97884E-05 9.84360E-05-1.59220E-05-2.02409E-05-1.66242E-05
 -1       580-3.26391E-05 2.26097E-05 6.18387E-05-3.37691E-05-5.06487E-05 3.27934E-05
 -1       581 5.21833E-05-2.88536E-05 3.00598E-06-3.61278E-05-5.45004E-05 2.69325E-05
 -1       582 8.39470E-05-1.33212E-04 1.85667E-05-9.05868E-05-1.16503E-05 9.89743E-05
 -1       583 7.56251E-05-8.56508E-05-6.72728E-06-5.81957E-05-1.22001E-04 7.72139E-05
 -1       584-6.30512E-05-2.63026E-05 5.69241E-05-3.12894E-05-1.45109E-05 4.70498E-05
 -1       585 5.93909E-05-6.16276E-06-2.83937E-05-2.87649E-05-7.13786E-06 6.04084E-05
 -1       586 1.40669E-04-7.75819E-05-5.32642E-05-8.09364E-05-4.18623E-05 1.01023E-04
 -1       587-2.40112E-05 1.71661E-05 5.42448E-05-3.25918E-05-3.98923E-05 1.26933E-04
 -1       588-4.49229E-05 1.03495E-05 3.06781E-05-1.09139E-04-7.07583E-05 1.02517E-04
 -1       589 9.79832E-06-5.82128E-06-4.90200E-05-6.74590E-05 3.95473E-06 1.26766E-04
 -1       590 9.68542E-05 4.18985E-06-8.69130E-05 9.38642E-05-4.18808E-05 8.38723E-05
 -1       591-7.26068E-05 2.74409E-05-1.49061E-05-2.12646E-05 1.36943E-05 3.51637E-05
 -1       592-6.60910E-05 3.87498E-05-6.19965E-05 3.18780E-05-9.15234E-07 8.56219E-05
 -1       593-6.20579E-05-1.12617E-05-1.09891E-05-6.72151E-05-8.75112E-06-1.02563E-05
 -1       594-1.14324E-04 6.72043E-05-4.18035E-05 1.28503E-05-1.23863E-05 1.05833E-04
 -1       595 2.59820E-05 4.66284E-05-2.98060E-05 9.09978E-05 4.67859E-05 4.73704E-05
 -1       596-4.54545E-06 2.18625E-05-5.79240E-05 2.70293E-05-6.36238E-05-1.12860E-04
 -1       597 8.56242E-06 2.00431E-05-8.23158E-05-4.40022E-05-2.49606E-05 4.00790E-05
 -1       598 5.17710E-05 3.27376E-05-1.30612E-04-1.52569E-06-2.49212E-05 5.18305E-05
 -1       599-2.84286E-05 4.01801E-06 2.11499E-05-9.03494E-06 2.58899E-05 6.14151E-05
 -1       600-1.52191E-04-2.41885E-05 1.53568E-04-6.35043E-05 4.98651E-05 5.25638E-05
 -1       601 3.88063E-05 3.75527E-05 7.21201E-05 7.59423E-05-1.49311E-05 8.16735E-06
 -1       602 3.14244E-05-3.42324E-05-5.85795E-05 1.15551E-05 3.10723E-05 3.95001E-06
 -1       603-3.52134E-06-2.56516E-05-2.62848E-05-1.97232E-05-1.07139E-05 4.87975E-05
 -1       604-2.14549E-06-7.43488E-05-3.82722E-05-3.16318E-05 2.84859E-05-8.58156E-06
 -1       605 8.47767E-05 2.78245E-05 1.25016E-06 8.93361E-05-1.96405E-05 2.04294E-06
 -1       606 2.64054E-05-2.89705E-05 3.48913E-05 6.08623E-05-1.20493E-05 5.53238E-05
 -1       607 1.07510E-06-7.72001E-05 2.40127E-05-3.26902E-06-2.21924E-06 2.01595E-05
 -1       608 3.32535E-05 3.76591E-06-3.62906E-05 3.48824E-05 1.72723E-05 6.80939E-05
 -1       609-3.08956E-05 9.77743E-06 2.03127E-05-1.16425E-05-5.71023E-05-5.87785E-05
 -1       610-1.78270E-05-9.80846E-06 5.21861E-05-5.05622E-05-2.22928E-05 6.83742E-05
 -1       611 3.80222E-05-4.29784E-05 3.81772E-05 4.34814E-05 2.55204E-05 9.40256E-06
 -1       612 1.07555E-04-2.90592E-05-2.22169E-05 1.63777E-05-7.22576E-06 3.47790E-06
 -1       613-2.00086E-04 3.24553E-05-5.42984E-05-4.94146E-05-5.84423E-05-7.50277E-05
 -1       614-9.75561E-06 7.86223E-05-2.56912E-04 2.59239E-05 5.12850E-05-3.39294E-05
 -1       615-2.17687E-05 2.38335E-05-7.15397E-05 9.53774E-06-3.60584E-05 5.97614E-05
 -1       616 2.79845E-05 6.83380E-05-5.25383E-05 1.83143E-05-1.28976E-05 1.25255E-04
 -1       617-8.70160E-05 6.39487E-05 2.92415E-05 3.73465E-06 3.83577E-05 1.90172E-04
 -1       618 7.67818E-06-4.77775E-07-1.47295E-05-1.07050E-05-2.36072E-05 1.08196E-04
 -1       619 2.20088E-04-3.83278E-05 2.39593E-06 7.79496E-05 7.30790E-05 7.69859E-05
 -1       620 1.46759E-04-2.14095E-05-4.66329E-05 5.02737E-05-4.92063E-06 2.91805E-05
 -1       621-6.70022E-05-3.32797E-05 3.71468E-05-4.37671E-05 3.55795E-05 4.87844E-06
 -1       622-2.65392E-05 7.72554E-05-1.19080E-04-4.71214E-05-8.14768E-05 1.19098E-05
 -1       623 3.78889E-05 7.72654E-05-7.77868E-05 4.36985E-05-2.74158E-08 3.70220E-05
 -1       624 1.36217E-05 3.89334E-05-1.67467E-05 6.94700E-06 1.94143E-05 1.03880E-04
 -1       625-5.61809E-05 7.31969E-05-1.43735E-05 1.21980E-04 3.95587E-05 8.68658E-06
 -1       626-2.07378E-04 1.92173E-04-1.72956E-05-3.58960E-05-4.12629E-05 1.75388E-05
 -1       627-1.59692E-04 3.84994E-05 5.22166E-05 2.78674E-05 1.03196E-04 1.59502E-04
 -1       628 2.15471E-04-2.35366E-05-1.25270E-05 3.15212E-05-8.68408E-05 7.08942E-05
 -1       629 7.62031E-05-1.08280E-04-1.34916E-05-7.13267E-07-3.39559E-05 1.49808E-05
 -1       630 6.82769E-05-7.39629E-05 2.55450E-05-7.32750E-06-1.50912E-05-2.90664E-05
 -1       631-1.14430E-05 1.62051E-05-2.76396E-05-4.46783E-06 2.03387E-05 9.07419E-05
 -1       632-6.59872E-05 2.08090E-05-1.31502E-05-4.23203E-05 4.83375E-06 2.51445E-05
 -1       633-1.14400E-04-6.37013E-06 2.30312E-07-5.04486E-05-4.30873E-05-2.75551E-05
 -1       634-2.92121E-05 1.09844E-05-1.84029E-06 3.33701E-05-7.65156E-06 5.18188E-05
 -1       635 1.71620E-05-1.84369E-05 6.63790E-05 1.04774E-04-1.83540E-05-1.13558E-06
 -1       636-9.61369E-07-3.88833E-06 3.76591E-05 1.56222E-05-3.98511E-05 6.79266E-05
 -1       637-2.53400E-05-2.82946E-05 1.92933E-05 4.58118E-05 9.19018E-06 2.23730E-07
 -1       638 1.23907E-04-2.30742E-06-5.69145E-05 6.59201E-05-6.13646E-05 5.25738E-05
 -1       639 5.32164E-05-7.24888E-05 4.31903E-05-5.66272E-05-4.39605E-06 1.14703E-04
 -1       640-6.48754E-05-4.95637E-05-2.01520E-05-3.04177E-05 1.25453E-05 1.43041E-05
 -1       641-1.49477E-06-3.84036E-05-4.91011E-05 1.84834E-05-3.00774E-05 8.12653E-06
 -1       642-7.30426E-05 3.82503E-05 1.62615E-05-3.18637E-05-4.74388E-05-4.89348E-05
 -1       643 7.47761E-05 2.02151E-05-9.49648E-06 5.19085E-05 4.64785E-05 7.44035E-05
 -1       644 1.14731E-05 3.18493E-05-1.18297E-05 1.81851E-05-3.59699E-05 3.34030E-05
 -1       645-7.08968E-05 4.96191E-05-5.97223E-05-1.85339E-06-3.30232E-06 9.72369E-05
 -1       646 8.93074E-05-2.33077E-05-2.50546E-05 5.11419E-05 2.24798E-05 7.51471E-05
 -1       647 2.84228E-05 2.96398E-04 1.63826E-06 2.12109E-04 6.45259E-05-4.94899E-06
 -1       648-3.76570E-05-6.22022E-05 2.25120E-05 2.30523E-07 3.53873E-05 4.16656E-05
 -1       649 1.50413E-05-5.64657E-05 6.59916E-05-4.14078E-06-1.12905E-04-1.23658E-05
 -1       650 7.07226E-05-3.35315E-05-3.11546E-05 7.14911E-06-7.59735E-05-8.60618E-06
 -1       651-1.82887E-05-2.30858E-05 4.56040E-05-2.62638E-05-7.35390E-05-4.71003E-05
 -1       652 9.65570E-06 6.03294E-05-1.47031E-04 5.21043E-07-3.50341E-05 8.14562E-06
 -1       653-6.85018E-05 2.33489E-05-1.25981E-04 8.92920E-06 2.79101E-05 6.71355E-05
 -1       654 3.49561E-05 4.57719E-05-9.88811E-05 4.18862E-05-7.52491E-05-5.92062E-05
 -1       655 2.89512E-05-1.96200E-05-1.45603E-05-9.79299E-06-6.10814E-07-1.76172E-05
 -1       656-4.90872E-06 6.11704E-05-1.63022E-05-4.42357E-06-1.45334E-05 2.30199E-06
 -1       657-2.45805E-05 1.61358E-05 1.67498E-05 1.02536E-05-1.91943E-05-7.07445E-05
 -1       658 7.43346E-05-1.28852E-05-2.27412E-05 3.66867E-05 2.46787E-05 1.85978E-05
 -1       659 8.03045E-05-5.91984E-05-5.93373E-05 4.01175E-06-7.49872E-05 4.45508E-05
 -1       660 1.47564E-04-3.36152E-06-1.54546E-04 2.09356E-05-1.50341E-04-1.41145E-05
 -1       661 1.77356E-05-8.69736E-05-6.88144E-05-2.07012E-05 2.87918E-05 4.80635E-05
 -1       662 5.62210E-05-8.93575E-06 8.68197E-06-1.26965E-05-3.01844E-05-5.36032E-05
 -1       663 8.67324E-05-5.82493E-05-3.08812E-05 1.35563E-05 2.57039E-05 5.48530E-05
 -1       664-7.35297E-05 1.00268E-05 2.32006E-05 8.37417E-06-2.53476E-05 2.06881E-05
 -1       665-9.60140E-05-1.01116E-05 1.79120E-05-5.59636E-05 2.94193E-05 9.10048E-05
 -1       666-1.37765E-04 4.33031E-05-3.67197E-06-6.58703E-05 2.91595E-05 7.37948E-05
 -1       667-3.23640E-05 3.79995E-05 1.62150E-05 4.35971E-05 1.96644E-05 9.67502E-05
 -1       668-5.63333E-05 2.01891E-05-3.66348E-05 5.34211E-06-7.75380E-06 1.90283E-05
 -1       669-2.05225E-05 4.34600E-05 1.75112E-05 4.87421E-05 3.40984E-05 2.68564E-05
 -1       670 3.18019E-05-7.38886E-05-5.71073E-05-6.22629E-05-4.95646E-05 1.84308E-05
 -1       671 2.67535E-05-4.99102E-08-2.41070E-05-5.01140E-05 3.64903E-06 4.28048E-05
 -1       672 2.06148E-05-2.12036E-05-2.43294E-05-4.78567E-05 5.01470E-06-2.12480E-05
 -1       673 4.51856E-05 2.89419E-05-3.43906E-05 3.03647E-05 1.02823E-06-1.90515E-05
 -1       674 4.17020E-05-6.35504E-06-5.63137E-06-6.79283E-05 2.08489E-05 3.16911E-05
 -1       675-6.28638E-05 4.82200E-05-9.06542E-05-4.34022E-05 5.34798E-06 3.32389E-05
 -1       676-2.71370E-05 3.92525E-05 7.73953E-06 1.56377E-05 1.37715E-05 6.09781E-05
 -1       677-2.10211E-05 3.73537E-06-2.44765E-05 9.75088E-06-5.36702E-05-4.26980E-05
 -1       678 1.10318E-04 7.12595E-06-5.20408E-05 5.65291E-05 4.57019E-05 1.09281E-04
 -1       679 9.77395E-05 1.52738E-05-1.71367E-05 8.69604E-06 1.35459E-05 2.43263E-05
 -1       680-2.78025E-05-1.05583E-05-1.16246E-04-8.94384E-05-8.68263E-05-4.14683E-06
 -1       681 2.31928E-05 3.99859E-05-6.06219E-05 3.36040E-05-2.38481E-05 1.99807E-05
 -1       682 5.93258E-05 4.70817E-05-2.22333E-05 8.42802E-05 7.77255E-06 7.95547E-05
 -1       683 1.12398E-04 6.87378E-05-1.03096E-04 8.96970E-05 3.98975E-05 2.46765E-05
 -1       684 3.24118E-05 1.21771E-04-1.38673E-04 9.35482E-05 6.10943E-06 6.25301E-05
 -1       685-4.43710E-05 6.75201E-05-6.76947E-05-4.37356E-05-1.44455E-04-6.30903E-06
 -1       686 1.69379E-05 6.55431E-05-6.19921E-05 3.99695E-05-9.89727E-05-4.04555E-05
 -1       687-8.89022E-06-8.57585E-05 9.06078E-05-6.52057E-06-9.50636E-05-1.11012E-04
 -1       688 1.01618E-04-8.17075E-06-8.00319E-05 3.73169E-05 1.85792E-05-1.18589E-05
 -1       689-4.24311E-05 7.20306E-05-4.79327E-05 5.41120E-05-6.72133E-05-2.31329E-05
 -1       690-1.62572E-04 2.15666E-04 2.01448E-05 1.20745E-04 4.17922E-05 2.44092E-05
 -1       691-7.22391E-06-2.19512E-06 8.01320E-05 7.62459E-05 3.56737E-05 1.41393E-05
 -1       692-1.82591E-04 5.09134E-06 5.80580E-05-1.17749E-06 3.81206E-05 1.12226E-04
 -1       693-2.09763E-05 1.06592E-05 3.54008E-05 7.45230E-05 7.74125E-07 4.25953E-06
 -1       694-9.70681E-05 1.49185E-05-4.91794E-05-6.26447E-05 1.04295E-06-4.04859E-05
 -1       695-1.27810E-04 3.97502E-05 8.91070E-05-2.57371E-05 2.95674E-05 5.68236E-05
 -1       696 1.42654E-06 3.02785E-05 4.01104E-05 6.14926E-06-4.96022E-05 1.80187E-05
 -1       697 5.65230E-05 9.06258E-05-3.37598E-05 5.73585E-05 4.53758E-05 5.51864E-05
 -1       698-6.89227E-05 5.23083E-05-2.52027E-05 1.17307E-07-2.64583E-05 2.15120E-05
 -1       699 1.09496E-04 3.00526E-05-5.77218E-05 3.76709E-05-2.93917E-05 4.08044E-05
 -1       700-1.81200E-04 6.29966E-05 4.59119E-05-2.20707E-05 6.26755E-05 1.10314E-04
 -1       701 2.04642E-04 3.10807E-05-3.54416E-06 1.23859E-04-1.64532E-05-3.48810E-05
 -1       702 1.65581E-04 4.22525E-05-1.74585E-04 4.91488E-05-2.54238E-05 4.11894E-05
 -1       703 1.35780E-05-1.16445E-05 5.86929E-05-2.78543E-05 9.45925E-06-7.45722E-06
 -1       704 1.09510E-05 1.06534E-05-3.62513E-05-1.65790E-10 2.54624E-06-1.61452E-06
 -1       705 6.22757E-06 6.08663E-06-2.02835E-05 5.82526E-08-1.56541E-06 2.17179E-06
 -1       706 6.32836E-06 6.78099E-06-2.20967E-05 2.76159E-08-4.08644E-07-2.21201E-06
 -1       707 2.26080E-06 2.28656E-06-7.37183E-06 1.03272E-07-1.05497E-06 2.36897E-06
 -1       708 7.18863E-06 6.98311E-06-2.32267E-05-3.19102E-07-1.21358E-06-1.72689E-06
 -1       709-2.07303E-06 1.01433E-06-3.50442E-07-4.74617E-07 2.11995E-07 2.72743E-06
 -1       710 6.20010E-06-3.32292E-06-4.05013E-07 2.69593E-06-1.89427E-06 9.63789E-07
 -1       711 7.58026E-06-2.36100E-06-4.24780E-06-6.94991E-08 1.54162E-06-2.23365E-06
 -1       712 1.28969E-05-3.90449E-06-4.86017E-06 4.58214E-06 1.01377E-06-6.61717E-06
 -1       713 3.59830E-06-1.56808E-07-3.92722E-06-9.80999E-07-5.88488E-07-9.41429E-06
 -1       714 2.10676E-06 1.54177E-06-5.91908E-06-3.08362E-06 7.57545E-07-1.29572E-05
 -1       715 1.67246E-05-1.45752E-06-8.26861E-06 8.07624E-06-1.29864E-06-1.52866E-05
 -1       716 3.59669E-06-1.82169E-06-2.21571E-07 2.04453E-07-1.24762E-06 6.34941E-06
 -1       717 1.53104E-06 1.61349E-06-3.99117E-06-2.31113E-06-5.72936E-07 3.79152E-06
 -1       718 2.54158E-06-1.46681E-06-1.27038E-06-2.66658E-06-1.43990E-06 1.18244E-05
 -1       719 3.79978E-06-1.58835E-06-1.63091E-06-1.03630E-06-1.37247E-06-7.52318E-06
 -1       720 6.30660E-06-2.08367E-06-9.63418E-07 6.30889E-06-1.17299E-06-5.07770E-06
 -1       721 1.49350E-05 1.15166E-06-8.27170E-06 1.21091E-05 3.43740E-06 1.38568E-05
 -1       722-3.41356E-06 1.01641E-06 1.00908E-06-3.73507E-07 6.27871E-08 1.64008E-06
 -1       723-2.72035E-06 1.07393E-06 2.71778E-07-5.41221E-07 3.22731E-07 2.28657E-06
 -1       724-1.89148E-06 9.62269E-07-2.06056E-07-5.93820E-07 4.37617E-07 1.55271E-06
 -1       725-2.85461E-06 1.14223E-06 3.23030E-08-4.13062E-07 1.02548E-07 3.31020E-06
 -1       726-2.81088E-06 9.76036E-07 7.99396E-07-4.87309E-07 1.76534E-07 1.14590E-06
 -1       727 7.14685E-06-1.52900E-06-3.43657E-06 1.60925E-06-7.12169E-07-3.31736E-07
 -1       728 1.07934E-05-4.27955E-06-1.56345E-06 4.86896E-06-6.91380E-07 6.34635E-06
 -1       729 6.15302E-06-5.64630E-07-4.40179E-06 3.38936E-06-2.29809E-07-5.51739E-06
 -1       730 6.73221E-07-2.51752E-06-1.72122E-08-3.45545E-06 2.47641E-06 5.76803E-06
 -1       731 6.38036E-06-1.08930E-07-4.67571E-06 5.84820E-06 1.40805E-06 3.03956E-06
 -1       732 9.48767E-06-5.16043E-06-1.30383E-06 6.71851E-06-2.14351E-06-5.96301E-06
 -1       733 3.08978E-06-1.41925E-06-4.65484E-06 1.14549E-07 1.49572E-08 9.90609E-06
 -1       734 1.26094E-06 1.44749E-06-5.91592E-06-2.87571E-06-5.50036E-07 5.52235E-06
 -1       735 2.13568E-07 7.82052E-07-4.60142E-06-2.51795E-06-5.12541E-07 1.13567E-05
 -1       736 2.28162E-06 1.84936E-06-6.69704E-06-1.26749E-07 3.62916E-07 3.25337E-06
 -1       737 3.85969E-07 1.24798E-06-4.09977E-06-6.64638E-08 4.38020E-07 3.87054E-06
 -1       738 2.82261E-06 2.83934E-06-8.41238E-06-8.44499E-07 5.95153E-07 5.30354E-06
 -1       739-1.96067E-06 2.54563E-06-7.73969E-06-4.28335E-06 2.84522E-06 1.60098E-05
 -1       740-1.92239E-06 7.45271E-07-3.92234E-07-2.65424E-07-4.11503E-07-2.85848E-06
 -1       741-1.97958E-06 1.10225E-06-6.96246E-07-3.68680E-07-4.44272E-07-2.40055E-06
 -1       742-8.84634E-07 1.18429E-06-1.85574E-06-1.32300E-07-5.48992E-07-3.07004E-06
 -1       743 2.35479E-06 2.11153E-06-6.82470E-06-2.16837E-07 1.58817E-06 1.23993E-07
 -1       744-2.08905E-06 7.98460E-07-1.85515E-06-2.92642E-06 1.21166E-06-8.82454E-06
 -1       745-2.16418E-06 3.63403E-06-6.14354E-06-1.29932E-06-1.34350E-06 8.46785E-06
 -1       746 1.29838E-06 3.44501E-06-1.11060E-05-1.29883E-06-8.34214E-07 7.80580E-06
 -1       747-2.17604E-06 6.46674E-07 3.06231E-06-1.31247E-06-1.80953E-06 6.72984E-06
 -1       748-1.17458E-06 7.11009E-07-6.70056E-07-2.73841E-06 6.76361E-07 7.27729E-06
 -1       749 6.44744E-07 3.08748E-06-6.69919E-06-1.01626E-06 5.12149E-07 5.30114E-06
 -1       750 2.76926E-07 4.61642E-07-2.24923E-06-3.63642E-07 4.34163E-07 4.79213E-06
 -1       751-5.75217E-06-1.30552E-07 8.78272E-06-3.32145E-07-2.50382E-06-3.75623E-06
 -1       752 4.85378E-07 2.75070E-06-6.48943E-06-2.16213E-06 1.34226E-06 6.93703E-06
 -1       753-2.58980E-06 8.37127E-07-4.54243E-08-4.19669E-07-3.70883E-07 2.54280E-06
 -1       754-3.97894E-06 6.12159E-07 2.14989E-06-5.75775E-07 8.94754E-09-2.12241E-06
 -1       755-3.82064E-06 1.29494E-06 1.00207E-06-6.36378E-07-3.66450E-08 9.76902E-07
 -1       756 1.04181E-06 1.05701E-06-3.77596E-06-1.30722E-07 4.60202E-07 1.99070E-06
 -1       757-1.71991E-06 3.16638E-07-5.94109E-06-5.83008E-06 6.88524E-07 7.70497E-06
 -1       758-2.78219E-07 1.30984E-06-2.56989E-06-1.25310E-07-4.80061E-07-2.53639E-06
 -1       759-3.36141E-06 6.66290E-07 1.28355E-06-2.32314E-07-5.42900E-08 2.57603E-07
 -1       760-3.59516E-06 9.98447E-07 9.17740E-07-4.32208E-07 4.02268E-08-2.65784E-07
 -1       761-2.52227E-06 1.53545E-06-9.88877E-07-6.10921E-07 1.80855E-07 3.38586E-06
 -1       762-3.10202E-06 1.24556E-06 5.92790E-08-4.99645E-07-2.07010E-07-1.54993E-06
 -1       763 3.40631E-06 1.09194E-06-5.91113E-06-6.20531E-07 3.42492E-06 4.05543E-07
 -1       764-1.17246E-07 1.24175E-06-2.58030E-06-1.28060E-06-6.06157E-07-2.95140E-06
 -1       765 1.02100E-05 7.68851E-06-2.18582E-05-1.33047E-06 4.60759E-06 2.46889E-08
 -1       766-1.32947E-06 3.76644E-07-1.10205E-07-1.02909E-07 2.49890E-08 2.09289E-06
 -1       767 5.10861E-07 1.70125E-06-3.79654E-06-1.64063E-07-3.65471E-07-3.61200E-06
 -1       768 1.46028E-06 4.57661E-07-4.37817E-06-1.96338E-07-3.95415E-07-2.45120E-06
 -1       769-1.16300E-07 1.26313E-06-3.12284E-06-8.29558E-08 7.49448E-07 3.37055E-06
 -1       770-6.61578E-07 5.51139E-07-2.07540E-06-7.32557E-07-5.51446E-07-2.75829E-06
 -1       771-6.53145E-08 9.53139E-07-1.80464E-06-3.47228E-07-2.95840E-06-7.01760E-06
 -1       772-1.60437E-06 2.25503E-06-6.09909E-06-1.42916E-06-8.83984E-07-6.61771E-06
 -1       773 1.68924E-06 1.49675E-06-8.14640E-06-1.54228E-06-5.66300E-07-4.97643E-07
 -1       774 1.90392E-06 2.04938E-06-6.48541E-06-9.67610E-07-1.32664E-06-3.66988E-06
 -1       775 1.44390E-06 1.66443E-06-4.81901E-06-4.91281E-07-3.72395E-07-2.90403E-06
 -1       776-6.02363E-07 2.15249E-06-4.20390E-06-1.03150E-06 3.20149E-07-3.57278E-06
 -1       777 1.29730E-06 2.02517E-06-9.09594E-06-3.12074E-06 1.97053E-06-6.44724E-06
 -1       778-1.24412E-06 1.14039E-06-2.20521E-06-3.09641E-07 2.12141E-07 5.23305E-06
 -1       779-7.18479E-07 7.41870E-07-1.04269E-06-2.58491E-07 5.05589E-07 1.25906E-06
 -1       780-3.26608E-06 6.08832E-07 1.59856E-06-3.54313E-07 5.09644E-08 2.23078E-06
 -1       781-3.56309E-06 1.06459E-06 1.63795E-06-4.35551E-07 4.44147E-09-3.61243E-07
 -1       782 1.03175E-05-2.53624E-06-4.78354E-06 4.49421E-06 7.63752E-07 4.89015E-06
 -3
    1PSTEP                         4           1           1          
  100CL  101 1.000000000         782                     0    1           1
 -4  ERROR       1    1
 -5  STR(%)      1    1    0    0
 -1         1 4.12697E+01
 -1         2 4.12697E+01
 -1         3 3.98687E+01
 -1         4 3.52355E+01
 -1         5 2.04085E+01
 -1         6 9.05661E+00
 -1         7 2.71467E+01
 -1         8 1.81211E+01
 -1         9 2.71499E+01
 -1        10 1.98983E+01
 -1        11 2.71499E+01
 -1        12 2.71499E+01
 -1        13 9.07282E+00
 -1        14 9.07282E+00
 -1        15 3.49301E+01
 -1        16 3.71787E+01
 -1        17 4.04923E+01
 -1        18 2.70696E+01
 -1        19 3.52185E+01
 -1        20 3.13411E+01
 -1        21 4.19099E+01
 -1        22 2.92699E+01
 -1        23 3.86986E+01
 -1        24 3.86986E+01
 -1        25 3.31268E+01
 -1        26 3.80999E+01
 -1        27 3.60544E+01
 -1        28 3.88355E+01
 -1        29 3.37809E+01
 -1        30 3.11440E+01
 -1        31 3.32798E+01
 -1        32 3.66255E+01
 -1        33 3.55899E+01
 -1        34 3.39842E+01
 -1        35 3.86986E+01
 -1        36 3.59127E+01
 -1        37 3.71982E+01
 -1        38 4.12697E+01
 -1        39 3.75842E+01
 -1        40 3.75842E+01
 -1        41 3.49137E+01
 -1        42 3.66976E+01
 -1        43 3.66976E+01
 -1        44 4.19099E+01
 -1        45 2.40703E+01
 -1        46 3.28307E+01
 -1        47 3.60720E+01
 -1        48 3.86986E+01
 -1        49 3.08100E+01
 -1        50 3.94269E+01
 -1        51 3.75842E+01
 -1        52 3.62489E+01
 -1        53 3.58056E+01
 -1        54 3.66976E+01
 -1        55 3.93037E+01
 -1        56 3.29901E+01
 -1        57 2.84505E+01
 -1        58 3.44513E+01
 -1        59 3.73853E+01
 -1        60 3.47543E+01
 -1        61 3.60398E+01
 -1        62 3.31730E+01
 -1        63 3.26390E+01
 -1        64 3.30238E+01
 -1        65 3.65366E+01
 -1        66 3.65366E+01
 -1        67 3.17057E+01
 -1        68 3.52297E+01
 -1        69 3.52297E+01
 -1        70 3.19212E+01
 -1        71 3.15287E+01
 -1        72 2.70110E+01
 -1        73 3.65208E+01
 -1        74 3.29060E+01
 -1        75 3.28314E+01
 -1        76 3.47802E+01
 -1        77 3.65366E+01
 -1        78 3.41211E+01
 -1        79 3.34677E+01
 -1        80 3.52297E+01
 -1        81 3.35754E+01
 -1        82 3.17249E+01
 -1        83 2.92698E+01
 -1        84 3.34398E+01
 -1        85 4.17681E+01
 -1        86 2.61127E+01
 -1        87 3.67622E+01
 -1        88 2.67697E+01
 -1        89 3.29562E+01
 -1        90 3.42319E+01
 -1        91 1.91481E+01
 -1        92 3.16883E+01
 -1        93 3.30833E+01
 -1        94 3.20093E+01
 -1        95 3.30881E+01
 -1        96 3.85018E+01
 -1        97 3.39404E+01
 -1        98 3.14374E+01
 -1        99 3.17660E+01
 -1       100 2.98629E+01
 -1       101 3.35940E+01
 -1       102 2.66900E+01
 -1       103 2.54182E+01
 -1       104 3.23858E+01
 -1       105 3.25463E+01
 -1       106 3.25487E+01
 -1       107 3.41618E+01
 -1       108 3.52355E+01
 -1       109 3.98872E+01
 -1       110 3.52355E+01
 -1       111 3.75614E+01
 -1       112 3.98779E+01
 -1       113 1.47326E+01
 -1       114 2.37776E+01
 -1       115 2.26339E+01
 -1       116 1.35889E+01
 -1       117 2.35241E+01
 -1       118 2.71499E+01
 -1       119 2.71499E+01
 -1       120 2.35241E+01
 -1       121 1.44774E+01
 -1       122 2.37792E+01
 -1       123 2.26355E+01
 -1       124 2.71483E+01
 -1       125 1.79960E+01
 -1       126 2.31247E+01
 -1       127 3.11614E+01
 -1       128 3.11614E+01
 -1       129 2.76674E+01
 -1       130 2.52008E+01
 -1       131 2.63404E+01
 -1       132 3.05879E+01
 -1       133 3.00301E+01
 -1       134 2.60131E+01
 -1       135 1.66436E+01
 -1       136 1.35344E+01
 -1       137 2.05603E+01
 -1       138 2.71430E+01
 -1       139 3.11614E+01
 -1       140 2.94144E+01
 -1       141 2.64341E+01
 -1       142 2.57706E+01
 -1       143 2.84642E+01
 -1       144 3.03090E+01
 -1       145 2.80216E+01
 -1       146 2.13284E+01
 -1       147 1.28582E+01
 -1       148 9.07282E+00
 -1       149 1.79960E+01
 -1       150 2.62484E+01
 -1       151 3.11614E+01
 -1       152 2.73341E+01
 -1       153 2.76674E+01
 -1       154 2.05899E+01
 -1       155 3.05879E+01
 -1       156 2.86828E+01
 -1       157 2.86828E+01
 -1       158 2.27244E+01
 -1       159 1.66329E+01
 -1       160 1.35344E+01
 -1       161 2.21222E+01
 -1       162 2.87049E+01
 -1       163 2.92478E+01
 -1       164 2.75008E+01
 -1       165 2.41287E+01
 -1       166 2.55889E+01
 -1       167 2.96354E+01
 -1       168 2.86828E+01
 -1       169 2.57036E+01
 -1       170 1.96786E+01
 -1       171 1.28528E+01
 -1       172 3.80999E+01
 -1       173 3.71982E+01
 -1       174 3.62571E+01
 -1       175 3.19684E+01
 -1       176 3.73815E+01
 -1       177 3.60462E+01
 -1       178 3.77030E+01
 -1       179 3.73815E+01
 -1       180 3.85949E+01
 -1       181 3.18836E+01
 -1       182 3.59580E+01
 -1       183 3.59580E+01
 -1       184 3.40193E+01
 -1       185 4.19099E+01
 -1       186 3.66255E+01
 -1       187 3.73703E+01
 -1       188 3.10503E+01
 -1       189 3.29901E+01
 -1       190 3.57646E+01
 -1       191 3.86986E+01
 -1       192 3.86986E+01
 -1       193 3.73853E+01
 -1       194 3.59127E+01
 -1       195 3.49301E+01
 -1       196 3.66976E+01
 -1       197 3.87355E+01
 -1       198 3.87355E+01
 -1       199 3.88436E+01
 -1       200 3.29441E+01
 -1       201 3.52297E+01
 -1       202 3.52185E+01
 -1       203 4.06750E+01
 -1       204 4.19099E+01
 -1       205 3.49301E+01
 -1       206 4.06750E+01
 -1       207 3.49301E+01
 -1       208 3.80999E+01
 -1       209 4.00026E+01
 -1       210 3.59312E+01
 -1       211 3.68328E+01
 -1       212 3.73994E+01
 -1       213 3.40515E+01
 -1       214 3.28733E+01
 -1       215 3.93021E+01
 -1       216 3.60544E+01
 -1       217 3.49301E+01
 -1       218 3.49301E+01
 -1       219 4.05836E+01
 -1       220 3.89269E+01
 -1       221 3.78025E+01
 -1       222 3.38723E+01
 -1       223 4.05836E+01
 -1       224 4.06750E+01
 -1       225 3.59580E+01
 -1       226 3.18836E+01
 -1       227 3.86863E+01
 -1       228 3.32798E+01
 -1       229 3.52185E+01
 -1       230 3.59580E+01
 -1       231 4.19099E+01
 -1       232 3.66255E+01
 -1       233 3.85642E+01
 -1       234 3.22498E+01
 -1       235 3.85698E+01
 -1       236 3.85698E+01
 -1       237 3.87711E+01
 -1       238 3.40567E+01
 -1       239 3.70367E+01
 -1       240 3.58213E+01
 -1       241 3.58213E+01
 -1       242 3.58938E+01
 -1       243 3.59312E+01
 -1       244 3.87170E+01
 -1       245 3.58398E+01
 -1       246 3.87355E+01
 -1       247 3.40515E+01
 -1       248 3.37845E+01
 -1       249 3.66570E+01
 -1       250 3.68494E+01
 -1       251 3.68494E+01
 -1       252 3.86058E+01
 -1       253 3.66171E+01
 -1       254 3.66171E+01
 -1       255 3.58775E+01
 -1       256 3.34621E+01
 -1       257 3.68078E+01
 -1       258 3.85698E+01
 -1       259 3.52297E+01
 -1       260 3.52297E+01
 -1       261 3.70367E+01
 -1       262 3.53824E+01
 -1       263 3.24326E+01
 -1       264 3.22364E+01
 -1       265 3.51321E+01
 -1       266 3.28733E+01
 -1       267 4.17681E+01
 -1       268 3.66976E+01
 -1       269 4.12697E+01
 -1       270 3.20093E+01
 -1       271 3.88436E+01
 -1       272 3.88436E+01
 -1       273 3.28307E+01
 -1       274 3.43143E+01
 -1       275 3.67622E+01
 -1       276 4.19099E+01
 -1       277 3.75842E+01
 -1       278 4.06750E+01
 -1       279 4.15189E+01
 -1       280 3.96761E+01
 -1       281 3.60398E+01
 -1       282 4.12697E+01
 -1       283 4.15189E+01
 -1       284 4.17681E+01
 -1       285 3.85018E+01
 -1       286 3.82526E+01
 -1       287 3.71789E+01
 -1       288 3.75842E+01
 -1       289 3.75842E+01
 -1       290 3.96761E+01
 -1       291 3.91296E+01
 -1       292 3.77943E+01
 -1       293 3.91296E+01
 -1       294 3.58379E+01
 -1       295 3.67299E+01
 -1       296 3.87186E+01
 -1       297 3.66976E+01
 -1       298 3.66976E+01
 -1       299 3.67299E+01
 -1       300 3.55059E+01
 -1       301 3.81121E+01
 -1       302 3.55059E+01
 -1       303 4.19099E+01
 -1       304 3.29901E+01
 -1       305 3.81121E+01
 -1       306 2.84505E+01
 -1       307 3.28307E+01
 -1       308 3.73703E+01
 -1       309 3.58371E+01
 -1       310 3.74578E+01
 -1       311 3.58371E+01
 -1       312 3.74578E+01
 -1       313 3.87711E+01
 -1       314 3.88436E+01
 -1       315 3.53539E+01
 -1       316 3.14096E+01
 -1       317 3.54264E+01
 -1       318 3.66395E+01
 -1       319 3.18484E+01
 -1       320 3.96761E+01
 -1       321 3.87186E+01
 -1       322 3.33938E+01
 -1       323 3.17660E+01
 -1       324 3.67622E+01
 -1       325 3.48269E+01
 -1       326 3.17336E+01
 -1       327 3.42731E+01
 -1       328 3.36352E+01
 -1       329 3.05290E+01
 -1       330 3.80709E+01
 -1       331 3.22595E+01
 -1       332 2.59894E+01
 -1       333 3.59634E+01
 -1       334 3.52659E+01
 -1       335 3.54264E+01
 -1       336 3.59634E+01
 -1       337 3.25487E+01
 -1       338 3.20093E+01
 -1       339 3.30833E+01
 -1       340 3.29441E+01
 -1       341 3.67027E+01
 -1       342 3.67622E+01
 -1       343 3.88436E+01
 -1       344 3.52297E+01
 -1       345 2.70110E+01
 -1       346 3.87355E+01
 -1       347 3.98872E+01
 -1       348 3.98687E+01
 -1       349 4.17681E+01
 -1       350 3.52355E+01
 -1       351 3.42319E+01
 -1       352 3.42319E+01
 -1       353 3.65366E+01
 -1       354 3.67622E+01
 -1       355 3.98687E+01
 -1       356 3.65208E+01
 -1       357 3.34398E+01
 -1       358 2.70110E+01
 -1       359 3.34491E+01
 -1       360 3.98779E+01
 -1       361 3.85018E+01
 -1       362 4.17681E+01
 -1       363 3.52355E+01
 -1       364 3.41618E+01
 -1       365 3.85018E+01
 -1       366 3.52355E+01
 -1       367 3.49378E+01
 -1       368 3.46708E+01
 -1       369 3.82950E+01
 -1       370 3.65301E+01
 -1       371 3.98779E+01
 -1       372 3.47006E+01
 -1       373 3.48930E+01
 -1       374 3.67325E+01
 -1       375 3.48930E+01
 -1       376 3.66494E+01
 -1       377 3.67622E+01
 -1       378 3.65366E+01
 -1       379 3.65366E+01
 -1       380 3.66494E+01
 -1       381 3.53842E+01
 -1       382 3.29688E+01
 -1       383 3.53842E+01
 -1       384 3.47308E+01
 -1       385 3.29688E+01
 -1       386 3.42319E+01
 -1       387 3.52297E+01
 -1       388 3.52297E+01
 -1       389 3.47308E+01
 -1       390 3.70367E+01
 -1       391 3.53824E+01
 -1       392 3.70367E+01
 -1       393 3.25022E+01
 -1       394 3.23060E+01
 -1       395 3.59634E+01
 -1       396 3.22364E+01
 -1       397 2.99775E+01
 -1       398 3.30137E+01
 -1       399 3.58398E+01
 -1       400 3.28733E+01
 -1       401 3.28733E+01
 -1       402 3.14077E+01
 -1       403 3.92354E+01
 -1       404 4.08277E+01
 -1       405 4.08277E+01
 -1       406 3.67622E+01
 -1       407 3.14374E+01
 -1       408 3.17660E+01
 -1       409 3.67622E+01
 -1       410 3.47464E+01
 -1       411 3.16531E+01
 -1       412 3.42319E+01
 -1       413 3.35940E+01
 -1       414 3.42319E+01
 -1       415 2.66900E+01
 -1       416 3.34590E+01
 -1       417 2.71889E+01
 -1       418 3.59634E+01
 -1       419 3.52659E+01
 -1       420 3.25463E+01
 -1       421 3.30833E+01
 -1       422 3.30161E+01
 -1       423 3.24767E+01
 -1       424 3.59118E+01
 -1       425 3.69855E+01
 -1       426 4.08277E+01
 -1       427 3.75614E+01
 -1       428 3.93114E+01
 -1       429 3.98872E+01
 -1       430 1.92648E+01
 -1       431 2.71499E+01
 -1       432 2.01534E+01
 -1       433 2.71483E+01
 -1       434 3.13277E+01
 -1       435 1.96449E+01
 -1       436 1.51127E+01
 -1       437 2.05335E+01
 -1       438 2.41593E+01
 -1       439 2.71499E+01
 -1       440 2.37792E+01
 -1       441 2.71483E+01
 -1       442 2.71499E+01
 -1       443 2.71499E+01
 -1       444 1.35344E+01
 -1       445 1.28582E+01
 -1       446 1.79960E+01
 -1       447 1.66382E+01
 -1       448 2.21222E+01
 -1       449 2.46866E+01
 -1       450 2.71430E+01
 -1       451 3.11614E+01
 -1       452 3.11614E+01
 -1       453 2.75008E+01
 -1       454 2.92478E+01
 -1       455 2.41287E+01
 -1       456 2.28954E+01
 -1       457 2.76674E+01
 -1       458 2.34652E+01
 -1       459 2.84642E+01
 -1       460 3.05879E+01
 -1       461 2.96354E+01
 -1       462 2.93565E+01
 -1       463 2.63772E+01
 -1       464 2.43688E+01
 -1       465 2.93565E+01
 -1       466 1.96840E+01
 -1       467 3.13277E+01
 -1       468 3.13277E+01
 -1       469 3.13277E+01
 -1       470 2.81336E+01
 -1       471 2.53767E+01
 -1       472 2.62484E+01
 -1       473 3.05879E+01
 -1       474 1.41398E+01
 -1       475 2.45841E+01
 -1       476 1.86665E+01
 -1       477 2.81336E+01
 -1       478 1.60679E+01
 -1       479 1.16063E+01
 -1       480 2.02003E+01
 -1       481 2.39856E+01
 -1       482 2.27338E+01
 -1       483 2.46866E+01
 -1       484 2.21222E+01
 -1       485 2.01941E+01
 -1       486 2.49139E+01
 -1       487 2.08956E+01
 -1       488 2.24575E+01
 -1       489 2.82690E+01
 -1       490 2.82690E+01
 -1       491 2.20216E+01
 -1       492 2.79005E+01
 -1       493 2.96475E+01
 -1       494 2.67551E+01
 -1       495 2.66672E+01
 -1       496 2.79005E+01
 -1       497 2.81336E+01
 -1       498 2.84642E+01
 -1       499 2.78943E+01
 -1       500 2.93608E+01
 -1       501 3.05879E+01
 -1       502 3.06789E+01
 -1       503 3.09578E+01
 -1       504 3.09578E+01
 -1       505 2.86704E+01
 -1       506 2.06138E+01
 -1       507 2.52986E+01
 -1       508 2.79559E+01
 -1       509 2.79559E+01
 -1       510 3.13277E+01
 -1       511 3.13277E+01
 -1       512 3.13277E+01
 -1       513 2.87881E+01
 -1       514 2.87881E+01
 -1       515 3.09578E+01
 -1       516 2.83522E+01
 -1       517 2.67551E+01
 -1       518 2.97307E+01
 -1       519 2.58126E+01
 -1       520 3.13277E+01
 -1       521 2.45841E+01
 -1       522 3.00301E+01
 -1       523 2.81336E+01
 -1       524 3.11614E+01
 -1       525 2.62484E+01
 -1       526 3.05879E+01
 -1       527 1.41398E+01
 -1       528 1.85556E+01
 -1       529 2.62484E+01
 -1       530 2.73341E+01
 -1       531 1.16063E+01
 -1       532 1.60679E+01
 -1       533 2.06085E+01
 -1       534 1.68285E+01
 -1       535 1.93620E+01
 -1       536 2.21222E+01
 -1       537 2.62484E+01
 -1       538 2.01941E+01
 -1       539 2.62484E+01
 -1       540 2.87049E+01
 -1       541 2.62484E+01
 -1       542 3.11614E+01
 -1       543 2.92478E+01
 -1       544 2.87049E+01
 -1       545 2.73341E+01
 -1       546 2.75008E+01
 -1       547 2.92478E+01
 -1       548 2.79005E+01
 -1       549 2.43618E+01
 -1       550 2.77339E+01
 -1       551 2.55889E+01
 -1       552 3.05879E+01
 -1       553 2.93608E+01
 -1       554 2.96354E+01
 -1       555 2.93565E+01
 -1       556 2.93565E+01
 -1       557 3.03090E+01
 -1       558 2.63772E+01
 -1       559 2.06400E+01
 -1       560 1.75942E+01
 -1       561 2.42928E+01
 -1       562 2.15699E+01
 -1       563 2.79559E+01
 -1       564 2.73071E+01
 -1       565 3.06789E+01
 -1       566 2.87881E+01
 -1       567 2.54163E+01
 -1       568 3.09578E+01
 -1       569 2.97307E+01
 -1       570 2.96475E+01
 -1       571 3.12446E+01
 -1       572 2.87049E+01
 -1       573 4.06750E+01
 -1       574 4.17681E+01
 -1       575 4.12697E+01
 -1       576 3.91296E+01
 -1       577 3.77943E+01
 -1       578 3.89269E+01
 -1       579 4.05836E+01
 -1       580 3.54647E+01
 -1       581 3.66171E+01
 -1       582 3.54647E+01
 -1       583 3.66171E+01
 -1       584 3.66976E+01
 -1       585 3.47252E+01
 -1       586 3.47252E+01
 -1       587 3.42731E+01
 -1       588 3.42731E+01
 -1       589 3.47664E+01
 -1       590 3.40302E+01
 -1       591 3.40302E+01
 -1       592 3.52297E+01
 -1       593 3.47308E+01
 -1       594 3.35313E+01
 -1       595 3.87186E+01
 -1       596 3.87186E+01
 -1       597 3.67622E+01
 -1       598 3.87186E+01
 -1       599 3.67622E+01
 -1       600 3.29441E+01
 -1       601 3.30137E+01
 -1       602 3.59634E+01
 -1       603 3.58938E+01
 -1       604 3.58938E+01
 -1       605 3.87355E+01
 -1       606 3.87355E+01
 -1       607 4.00026E+01
 -1       608 4.00026E+01
 -1       609 4.00026E+01
 -1       610 3.55059E+01
 -1       611 3.53724E+01
 -1       612 3.53724E+01
 -1       613 4.06750E+01
 -1       614 3.87186E+01
 -1       615 3.73703E+01
 -1       616 3.80709E+01
 -1       617 3.80709E+01
 -1       618 3.85642E+01
 -1       619 3.58398E+01
 -1       620 3.87896E+01
 -1       621 3.24767E+01
 -1       622 3.87186E+01
 -1       623 4.06750E+01
 -1       624 4.19099E+01
 -1       625 4.05784E+01
 -1       626 3.82526E+01
 -1       627 3.82526E+01
 -1       628 3.28733E+01
 -1       629 3.93114E+01
 -1       630 4.00026E+01
 -1       631 3.88436E+01
 -1       632 3.74578E+01
 -1       633 3.88436E+01
 -1       634 4.12697E+01
 -1       635 4.00026E+01
 -1       636 4.12697E+01
 -1       637 4.12697E+01
 -1       638 3.86058E+01
 -1       639 3.66494E+01
 -1       640 3.58371E+01
 -1       641 3.70367E+01
 -1       642 3.47728E+01
 -1       643 3.87711E+01
 -1       644 3.82526E+01
 -1       645 3.58938E+01
 -1       646 3.88436E+01
 -1       647 3.73994E+01
 -1       648 3.74087E+01
 -1       649 3.86888E+01
 -1       650 3.92354E+01
 -1       651 4.12215E+01
 -1       652 3.92652E+01
 -1       653 3.86888E+01
 -1       654 4.12215E+01
 -1       655 3.58371E+01
 -1       656 3.71982E+01
 -1       657 3.87170E+01
 -1       658 3.87711E+01
 -1       659 4.17681E+01
 -1       660 4.08277E+01
 -1       661 4.17681E+01
 -1       662 3.67299E+01
 -1       663 3.66976E+01
 -1       664 3.66976E+01
 -1       665 3.58371E+01
 -1       666 3.88436E+01
 -1       667 3.88436E+01
 -1       668 3.59580E+01
 -1       669 3.40302E+01
 -1       670 3.86863E+01
 -1       671 3.85642E+01
 -1       672 3.73703E+01
 -1       673 4.19099E+01
 -1       674 4.19099E+01
 -1       675 4.06750E+01
 -1       676 4.06750E+01
 -1       677 4.12215E+01
 -1       678 3.71434E+01
 -1       679 4.12697E+01
 -1       680 3.58164E+01
 -1       681 3.86272E+01
 -1       682 4.17681E+01
 -1       683 4.17681E+01
 -1       684 3.96761E+01
 -1       685 3.83491E+01
 -1       686 3.74087E+01
 -1       687 3.94734E+01
 -1       688 3.96761E+01
 -1       689 3.96761E+01
 -1       690 4.05692E+01
 -1       691 3.80999E+01
 -1       692 4.05784E+01
 -1       693 3.80999E+01
 -1       694 4.05692E+01
 -1       695 4.15189E+01
 -1       696 3.83491E+01
 -1       697 3.94269E+01
 -1       698 3.83491E+01
 -1       699 4.15189E+01
 -1       700 4.15189E+01
 -1       701 3.82526E+01
 -1       702 3.87186E+01
 -1       703 4.06750E+01
 -1       704 2.07886E+01
 -1       705 2.41577E+01
 -1       706 2.41593E+01
 -1       707 2.71499E+01
 -1       708 2.35241E+01
 -1       709 1.79960E+01
 -1       710 2.05496E+01
 -1       711 2.63404E+01
 -1       712 2.34652E+01
 -1       713 2.72370E+01
 -1       714 2.84642E+01
 -1       715 2.84642E+01
 -1       716 2.79005E+01
 -1       717 2.81336E+01
 -1       718 2.43416E+01
 -1       719 2.43416E+01
 -1       720 2.41085E+01
 -1       721 2.41085E+01
 -1       722 1.41398E+01
 -1       723 1.60679E+01
 -1       724 1.79960E+01
 -1       725 1.60679E+01
 -1       726 1.60679E+01
 -1       727 2.66672E+01
 -1       728 2.28752E+01
 -1       729 3.05879E+01
 -1       730 2.84642E+01
 -1       731 2.63404E+01
 -1       732 2.05698E+01
 -1       733 2.79005E+01
 -1       734 2.81336E+01
 -1       735 2.77339E+01
 -1       736 2.24575E+01
 -1       737 2.62484E+01
 -1       738 2.58126E+01
 -1       739 2.96475E+01
 -1       740 2.45841E+01
 -1       741 2.06085E+01
 -1       742 2.15699E+01
 -1       743 2.87049E+01
 -1       744 3.05879E+01
 -1       745 2.83522E+01
 -1       746 2.97307E+01
 -1       747 2.87881E+01
 -1       748 2.96475E+01
 -1       749 2.58126E+01
 -1       750 2.62484E+01
 -1       751 3.13277E+01
 -1       752 2.82690E+01
 -1       753 2.54163E+01
 -1       754 2.79559E+01
 -1       755 1.16063E+01
 -1       756 2.46866E+01
 -1       757 2.77339E+01
 -1       758 2.36543E+01
 -1       759 2.27338E+01
 -1       760 2.02003E+01
 -1       761 1.79960E+01
 -1       762 2.39803E+01
 -1       763 3.11614E+01
 -1       764 2.93608E+01
 -1       765 3.11614E+01
 -1       766 2.21222E+01
 -1       767 2.73071E+01
 -1       768 3.00301E+01
 -1       769 2.62484E+01
 -1       770 2.79559E+01
 -1       771 3.13277E+01
 -1       772 3.09578E+01
 -1       773 3.03090E+01
 -1       774 3.06789E+01
 -1       775 2.80216E+01
 -1       776 3.03090E+01
 -1       777 3.05879E+01
 -1       778 2.21222E+01
 -1       779 2.21222E+01
 -1       780 2.46619E+01
 -1       781 2.12901E+01
 -1       782 2.57706E+01
 -3
 9999
