    1C
    1UUSER                                                              
    1UDATE              05.september.2026                               
    1UTIME              14:27:47                                        
    1UHOST                                                              
    1UPGM               CalculiX                                        
    1UVERSION           Version 2.18                             
    1UCOMPILETIME       Thu Oct 14 16:21:20 EEST 2021                    
    1UDIR                                                               
    1UDBN                                                               
    1UMAT    1FEMPART002_MATERIAL                                       
    2C                           782                                     1
 -1         1-5.00000E-15 5.00000E+00 2.12000E+02
 -1         2-5.00000E-15-5.00000E+00 2.12000E+02
 -1         3-2.00000E-15 5.00000E+00 2.00000E+02
 -1         4-2.00000E-15-5.00000E+00 2.00000E+02
 -1         5-5.00000E+00-3.00000E+00 1.80000E+02
 -1         6-5.00000E+00-3.00000E+00 4.80000E+01
 -1         7-5.00000E+00 3.00000E+00 1.80000E+02
 -1         8-5.00000E+00 3.00000E+00 4.80000E+01
 -1         9 5.00000E+00-3.00000E+00 1.80000E+02
 -1        10 5.00000E+00-3.00000E+00 4.80000E+01
 -1        11 5.00000E+00 3.00000E+00 1.80000E+02
 -1        12 5.00000E+00 3.00000E+00 4.80000E+01
 -1        13-7.00000E-15 5.00000E+00 7.60000E+01
 -1        14-7.00000E-15-5.00000E+00 7.60000E+01
 -1        15 1.00000E+01 5.00000E+00 2.09321E+02
 -1        16 1.73205E+01 5.00000E+00 2.02000E+02
 -1        17 2.00000E+01 5.00000E+00 1.92000E+02
 -1        18 1.73205E+01 5.00000E+00 1.82000E+02
 -1        19 1.00000E+01 5.00000E+00 1.74679E+02
 -1        20-1.13014E-13 5.00000E+00 1.72000E+02
 -1        21-1.00000E+01 5.00000E+00 1.74679E+02
 -1        22-1.73205E+01 5.00000E+00 1.82000E+02
 -1        23-2.00000E+01 5.00000E+00 1.92000E+02
 -1        24-1.73205E+01 5.00000E+00 2.02000E+02
 -1        25-1.00000E+01 5.00000E+00 2.09321E+02
 -1        26 5.17638E+00 5.00000E+00 2.11319E+02
 -1        27 1.41421E+01 5.00000E+00 2.06142E+02
 -1        28 1.93185E+01 5.00000E+00 1.97176E+02
 -1        29 1.93185E+01 5.00000E+00 1.86824E+02
 -1        30 1.41421E+01 5.00000E+00 1.77858E+02
 -1        31 5.17638E+00 5.00000E+00 1.72681E+02
 -1        32-5.17638E+00 5.00000E+00 1.72681E+02
 -1        33-1.41421E+01 5.00000E+00 1.77858E+02
 -1        34-1.93185E+01 5.00000E+00 1.86824E+02
 -1        35-1.93185E+01 5.00000E+00 1.97176E+02
 -1        36-1.41421E+01 5.00000E+00 2.06142E+02
 -1        37-5.17638E+00 5.00000E+00 2.11319E+02
 -1        38-4.90000E-15 0.00000E+00 2.12000E+02
 -1        39 1.00000E+01-5.00000E+00 2.09321E+02
 -1        40 1.73205E+01-5.00000E+00 2.02000E+02
 -1        41 2.00000E+01-5.00000E+00 1.92000E+02
 -1        42 1.73205E+01-5.00000E+00 1.82000E+02
 -1        43 1.00000E+01-5.00000E+00 1.74679E+02
 -1        44-1.13014E-13-5.00000E+00 1.72000E+02
 -1        45-1.00000E+01-5.00000E+00 1.74679E+02
 -1        46-1.73205E+01-5.00000E+00 1.82000E+02
 -1        47-2.00000E+01-5.00000E+00 1.92000E+02
 -1        48-1.73205E+01-5.00000E+00 2.02000E+02
 -1        49-1.00000E+01-5.00000E+00 2.09321E+02
 -1        50 5.17638E+00-5.00000E+00 2.11319E+02
 -1        51 1.41421E+01-5.00000E+00 2.06142E+02
 -1        52 1.93185E+01-5.00000E+00 1.97176E+02
 -1        53 1.93185E+01-5.00000E+00 1.86824E+02
 -1        54 1.41421E+01-5.00000E+00 1.77858E+02
 -1        55 5.17638E+00-5.00000E+00 1.72681E+02
 -1        56-5.17638E+00-5.00000E+00 1.72681E+02
 -1        57-1.41421E+01-5.00000E+00 1.77858E+02
 -1        58-1.93185E+01-5.00000E+00 1.86824E+02
 -1        59-1.93185E+01-5.00000E+00 1.97176E+02
 -1        60-1.41421E+01-5.00000E+00 2.06142E+02
 -1        61-5.17638E+00-5.00000E+00 2.11319E+02
 -1        62 4.00000E+00 5.00000E+00 1.98928E+02
 -1        63 6.92820E+00 5.00000E+00 1.96000E+02
 -1        64 8.00000E+00 5.00000E+00 1.92000E+02
 -1        65 6.92820E+00 5.00000E+00 1.88000E+02
 -1        66 4.00000E+00 5.00000E+00 1.85072E+02
 -1        67-4.52056E-14 5.00000E+00 1.84000E+02
 -1        68-4.00000E+00 5.00000E+00 1.85072E+02
 -1        69-6.92820E+00 5.00000E+00 1.88000E+02
 -1        70-8.00000E+00 5.00000E+00 1.92000E+02
 -1        71-6.92820E+00 5.00000E+00 1.96000E+02
 -1        72-4.00000E+00 5.00000E+00 1.98928E+02
 -1        73 2.07055E+00 5.00000E+00 1.99727E+02
 -1        74 5.65685E+00 5.00000E+00 1.97657E+02
 -1        75 7.72741E+00 5.00000E+00 1.94071E+02
 -1        76 7.72741E+00 5.00000E+00 1.89929E+02
 -1        77 5.65685E+00 5.00000E+00 1.86343E+02
 -1        78 2.07055E+00 5.00000E+00 1.84273E+02
 -1        79-2.07055E+00 5.00000E+00 1.84273E+02
 -1        80-5.65685E+00 5.00000E+00 1.86343E+02
 -1        81-7.72741E+00 5.00000E+00 1.89929E+02
 -1        82-7.72741E+00 5.00000E+00 1.94071E+02
 -1        83-5.65685E+00 5.00000E+00 1.97657E+02
 -1        84-2.07055E+00 5.00000E+00 1.99727E+02
 -1        85 4.00000E+00-5.00000E+00 1.98928E+02
 -1        86 6.92820E+00-5.00000E+00 1.96000E+02
 -1        87 8.00000E+00-5.00000E+00 1.92000E+02
 -1        88 6.92820E+00-5.00000E+00 1.88000E+02
 -1        89 4.00000E+00-5.00000E+00 1.85072E+02
 -1        90-4.52056E-14-5.00000E+00 1.84000E+02
 -1        91-4.00000E+00-5.00000E+00 1.85072E+02
 -1        92-6.92820E+00-5.00000E+00 1.88000E+02
 -1        93-8.00000E+00-5.00000E+00 1.92000E+02
 -1        94-6.92820E+00-5.00000E+00 1.96000E+02
 -1        95-4.00000E+00-5.00000E+00 1.98928E+02
 -1        96 2.07055E+00-5.00000E+00 1.99727E+02
 -1        97 5.65685E+00-5.00000E+00 1.97657E+02
 -1        98 7.72741E+00-5.00000E+00 1.94071E+02
 -1        99 7.72741E+00-5.00000E+00 1.89929E+02
 -1       100 5.65685E+00-5.00000E+00 1.86343E+02
 -1       101 2.07055E+00-5.00000E+00 1.84273E+02
 -1       102-2.07055E+00-5.00000E+00 1.84273E+02
 -1       103-5.65685E+00-5.00000E+00 1.86343E+02
 -1       104-7.72741E+00-5.00000E+00 1.89929E+02
 -1       105-7.72741E+00-5.00000E+00 1.94071E+02
 -1       106-5.65685E+00-5.00000E+00 1.97657E+02
 -1       107-2.07055E+00-5.00000E+00 1.99727E+02
 -1       108-1.96000E-15-1.66667E+00 2.00000E+02
 -1       109-1.96000E-15 1.66667E+00 2.00000E+02
 -1       110-1.96000E-15-3.33333E+00 2.00000E+02
 -1       111-1.96000E-15 8.88178E-16 2.00000E+02
 -1       112-1.96000E-15 3.33333E+00 2.00000E+02
 -1       113-5.00000E+00-3.00000E+00 1.14000E+02
 -1       114-5.00000E+00 0.00000E+00 1.80000E+02
 -1       115-5.00000E+00 3.00000E+00 1.14000E+02
 -1       116-5.00000E+00 0.00000E+00 4.80000E+01
 -1       117 5.00000E+00-3.00000E+00 1.14000E+02
 -1       118 5.00000E+00 0.00000E+00 1.80000E+02
 -1       119 5.00000E+00 3.00000E+00 1.14000E+02
 -1       120 5.00000E+00 0.00000E+00 4.80000E+01
 -1       121 0.00000E+00-3.00000E+00 4.80000E+01
 -1       122 0.00000E+00-3.00000E+00 1.80000E+02
 -1       123 0.00000E+00 3.00000E+00 4.80000E+01
 -1       124 0.00000E+00 3.00000E+00 1.80000E+02
 -1       125 1.40000E+01 5.00000E+00 7.22487E+01
 -1       126 2.42487E+01 5.00000E+00 6.20000E+01
 -1       127 2.80000E+01 5.00000E+00 4.80000E+01
 -1       128 2.42487E+01 5.00000E+00 3.40000E+01
 -1       129 1.40000E+01 5.00000E+00 2.37513E+01
 -1       130-1.70654E-13 5.00000E+00 2.00000E+01
 -1       131-1.40000E+01 5.00000E+00 2.37513E+01
 -1       132-2.42487E+01 5.00000E+00 3.40000E+01
 -1       133-2.80000E+01 5.00000E+00 4.80000E+01
 -1       134-2.42487E+01 5.00000E+00 6.20000E+01
 -1       135-1.40000E+01 5.00000E+00 7.22487E+01
 -1       136 7.24693E+00 5.00000E+00 7.50459E+01
 -1       137 1.97990E+01 5.00000E+00 6.77990E+01
 -1       138 2.70459E+01 5.00000E+00 5.52469E+01
 -1       139 2.70459E+01 5.00000E+00 4.07531E+01
 -1       140 1.97990E+01 5.00000E+00 2.82010E+01
 -1       141 7.24693E+00 5.00000E+00 2.09541E+01
 -1       142-7.24693E+00 5.00000E+00 2.09541E+01
 -1       143-1.97990E+01 5.00000E+00 2.82010E+01
 -1       144-2.70459E+01 5.00000E+00 4.07531E+01
 -1       145-2.70459E+01 5.00000E+00 5.52469E+01
 -1       146-1.97990E+01 5.00000E+00 6.77990E+01
 -1       147-7.24693E+00 5.00000E+00 7.50459E+01
 -1       148-6.86000E-15 0.00000E+00 7.60000E+01
 -1       149 1.40000E+01-5.00000E+00 7.22487E+01
 -1       150 2.42487E+01-5.00000E+00 6.20000E+01
 -1       151 2.80000E+01-5.00000E+00 4.80000E+01
 -1       152 2.42487E+01-5.00000E+00 3.40000E+01
 -1       153 1.40000E+01-5.00000E+00 2.37513E+01
 -1       154-1.70654E-13-5.00000E+00 2.00000E+01
 -1       155-1.40000E+01-5.00000E+00 2.37513E+01
 -1       156-2.42487E+01-5.00000E+00 3.40000E+01
 -1       157-2.80000E+01-5.00000E+00 4.80000E+01
 -1       158-2.42487E+01-5.00000E+00 6.20000E+01
 -1       159-1.40000E+01-5.00000E+00 7.22487E+01
 -1       160 7.24693E+00-5.00000E+00 7.50459E+01
 -1       161 1.97990E+01-5.00000E+00 6.77990E+01
 -1       162 2.70459E+01-5.00000E+00 5.52469E+01
 -1       163 2.70459E+01-5.00000E+00 4.07531E+01
 -1       164 1.97990E+01-5.00000E+00 2.82010E+01
 -1       165 7.24693E+00-5.00000E+00 2.09541E+01
 -1       166-7.24693E+00-5.00000E+00 2.09541E+01
 -1       167-1.97990E+01-5.00000E+00 2.82010E+01
 -1       168-2.70459E+01-5.00000E+00 4.07531E+01
 -1       169-2.70459E+01-5.00000E+00 5.52469E+01
 -1       170-1.97990E+01-5.00000E+00 6.77990E+01
 -1       171-7.24693E+00-5.00000E+00 7.50459E+01
 -1       172 5.17638E+00 0.00000E+00 2.11319E+02
 -1       173-5.17638E+00 0.00000E+00 2.11319E+02
 -1       174 1.00000E+01 0.00000E+00 2.09321E+02
 -1       175-1.00000E+01 0.00000E+00 2.09321E+02
 -1       176 1.41421E+01 0.00000E+00 2.06142E+02
 -1       177 1.93185E+01 0.00000E+00 1.97176E+02
 -1       178 2.00000E+01 0.00000E+00 1.92000E+02
 -1       179 1.73205E+01 0.00000E+00 2.02000E+02
 -1       180 1.93185E+01 0.00000E+00 1.86824E+02
 -1       181 1.73205E+01 0.00000E+00 1.82000E+02
 -1       182 1.41421E+01 0.00000E+00 1.77858E+02
 -1       183 1.00000E+01 0.00000E+00 1.74679E+02
 -1       184 5.17638E+00 0.00000E+00 1.72681E+02
 -1       185-5.17638E+00 0.00000E+00 1.72681E+02
 -1       186-1.13014E-13 0.00000E+00 1.72000E+02
 -1       187-1.41421E+01 0.00000E+00 1.77858E+02
 -1       188-1.73205E+01 0.00000E+00 1.82000E+02
 -1       189-1.00000E+01 0.00000E+00 1.74679E+02
 -1       190-1.93185E+01 0.00000E+00 1.86824E+02
 -1       191-1.93185E+01 0.00000E+00 1.97176E+02
 -1       192-1.73205E+01 0.00000E+00 2.02000E+02
 -1       193-2.00000E+01 0.00000E+00 1.92000E+02
 -1       194-1.41421E+01 0.00000E+00 2.06142E+02
 -1       195 3.41624E+00 5.00000E+00 2.04750E+02
 -1       196 9.33333E+00 5.00000E+00 1.82667E+02
 -1       197-3.47208E+00 5.00000E+00 2.04541E+02
 -1       198-9.28680E+00 5.00000E+00 2.01090E+02
 -1       199-1.27496E+01 5.00000E+00 1.88584E+02
 -1       200-1.23808E+01 5.00000E+00 1.95279E+02
 -1       201-9.12493E+00 5.00000E+00 1.82723E+02
 -1       202 3.26367E+00 5.00000E+00 1.79403E+02
 -1       203 1.25970E+01 5.00000E+00 1.88736E+02
 -1       204-3.31021E+00 5.00000E+00 1.79646E+02
 -1       205 9.27749E+00 5.00000E+00 2.01125E+02
 -1       206 1.23539E+01 5.00000E+00 1.95310E+02
 -1       207 6.70812E+00 5.00000E+00 2.07035E+02
 -1       208 1.70812E+00 5.00000E+00 2.08375E+02
 -1       209-1.73604E+00 5.00000E+00 2.08271E+02
 -1       210-6.73604E+00 5.00000E+00 2.06931E+02
 -1       211-2.79210E-02 5.00000E+00 2.04645E+02
 -1       212 1.70812E+00 5.00000E+00 2.02375E+02
 -1       213 3.70812E+00 5.00000E+00 2.01839E+02
 -1       214-3.73604E+00 5.00000E+00 2.01735E+02
 -1       215-1.73604E+00 5.00000E+00 2.02271E+02
 -1       216 1.32990E+01 5.00000E+00 2.01562E+02
 -1       217 9.63875E+00 5.00000E+00 2.05223E+02
 -1       218 6.34686E+00 5.00000E+00 2.02937E+02
 -1       219 1.61769E+01 5.00000E+00 1.93655E+02
 -1       220 1.48372E+01 5.00000E+00 1.98655E+02
 -1       221 1.08157E+01 5.00000E+00 1.98218E+02
 -1       222 1.49588E+01 5.00000E+00 1.85368E+02
 -1       223 1.62985E+01 5.00000E+00 1.90368E+02
 -1       224 1.24754E+01 5.00000E+00 1.92023E+02
 -1       225 9.66667E+00 5.00000E+00 1.78673E+02
 -1       226 1.33269E+01 5.00000E+00 1.82333E+02
 -1       227 1.09652E+01 5.00000E+00 1.85701E+02
 -1       228 1.63184E+00 5.00000E+00 1.75701E+02
 -1       229 6.63184E+00 5.00000E+00 1.77041E+02
 -1       230 6.29850E+00 5.00000E+00 1.81035E+02
 -1       231-6.65510E+00 5.00000E+00 1.77163E+02
 -1       232-1.65510E+00 5.00000E+00 1.75823E+02
 -1       233-2.32675E-02 5.00000E+00 1.79525E+02
 -1       234-1.32227E+01 5.00000E+00 1.82361E+02
 -1       235-9.56246E+00 5.00000E+00 1.78701E+02
 -1       236-6.21757E+00 5.00000E+00 1.81184E+02
 -1       237-1.63748E+01 5.00000E+00 1.90292E+02
 -1       238-1.50350E+01 5.00000E+00 1.85292E+02
 -1       239-1.09372E+01 5.00000E+00 1.85653E+02
 -1       240-1.48507E+01 5.00000E+00 1.98639E+02
 -1       241-1.61904E+01 5.00000E+00 1.93639E+02
 -1       242-1.25652E+01 5.00000E+00 1.91931E+02
 -1       243-9.64340E+00 5.00000E+00 2.05205E+02
 -1       244-1.33037E+01 5.00000E+00 2.01545E+02
 -1       245-1.08338E+01 5.00000E+00 1.98185E+02
 -1       246-6.37944E+00 5.00000E+00 2.02816E+02
 -1       247 6.63875E+00 5.00000E+00 2.00027E+02
 -1       248 8.10285E+00 5.00000E+00 1.98562E+02
 -1       249 9.64104E+00 5.00000E+00 1.95655E+02
 -1       250 1.01769E+01 5.00000E+00 1.93655E+02
 -1       251 1.02985E+01 5.00000E+00 1.90368E+02
 -1       252 9.76261E+00 5.00000E+00 1.88368E+02
 -1       253 8.13077E+00 5.00000E+00 1.85333E+02
 -1       254 6.66667E+00 5.00000E+00 1.83869E+02
 -1       255 3.63184E+00 5.00000E+00 1.82237E+02
 -1       256 1.63184E+00 5.00000E+00 1.81701E+02
 -1       257-1.65510E+00 5.00000E+00 1.81823E+02
 -1       258-3.65510E+00 5.00000E+00 1.82359E+02
 -1       259-6.56246E+00 5.00000E+00 1.83897E+02
 -1       260-8.02657E+00 5.00000E+00 1.85361E+02
 -1       261-9.83889E+00 5.00000E+00 1.88292E+02
 -1       262-1.03748E+01 5.00000E+00 1.90292E+02
 -1       263-1.01904E+01 5.00000E+00 1.93639E+02
 -1       264-9.65452E+00 5.00000E+00 1.95639E+02
 -1       265-8.10750E+00 5.00000E+00 1.98545E+02
 -1       266-6.64340E+00 5.00000E+00 2.00009E+02
 -1       267 3.41624E+00-5.00000E+00 2.04750E+02
 -1       268 9.33333E+00-5.00000E+00 1.82667E+02
 -1       269-3.47208E+00-5.00000E+00 2.04541E+02
 -1       270-9.28680E+00-5.00000E+00 2.01090E+02
 -1       271-1.27496E+01-5.00000E+00 1.88584E+02
 -1       272-1.23808E+01-5.00000E+00 1.95279E+02
 -1       273-9.12493E+00-5.00000E+00 1.82723E+02
 -1       274 3.26367E+00-5.00000E+00 1.79403E+02
 -1       275 1.25970E+01-5.00000E+00 1.88736E+02
 -1       276-3.31021E+00-5.00000E+00 1.79646E+02
 -1       277 9.27749E+00-5.00000E+00 2.01125E+02
 -1       278 1.23539E+01-5.00000E+00 1.95310E+02
 -1       279 1.70812E+00-5.00000E+00 2.08375E+02
 -1       280 6.70812E+00-5.00000E+00 2.07035E+02
 -1       281-6.73604E+00-5.00000E+00 2.06931E+02
 -1       282-1.73604E+00-5.00000E+00 2.08271E+02
 -1       283-2.79210E-02-5.00000E+00 2.04645E+02
 -1       284 3.70812E+00-5.00000E+00 2.01839E+02
 -1       285 1.70812E+00-5.00000E+00 2.02375E+02
 -1       286-1.73604E+00-5.00000E+00 2.02271E+02
 -1       287-3.73604E+00-5.00000E+00 2.01735E+02
 -1       288 9.63875E+00-5.00000E+00 2.05223E+02
 -1       289 1.32990E+01-5.00000E+00 2.01562E+02
 -1       290 6.34686E+00-5.00000E+00 2.02937E+02
 -1       291 1.48372E+01-5.00000E+00 1.98655E+02
 -1       292 1.61769E+01-5.00000E+00 1.93655E+02
 -1       293 1.08157E+01-5.00000E+00 1.98218E+02
 -1       294 1.62985E+01-5.00000E+00 1.90368E+02
 -1       295 1.49588E+01-5.00000E+00 1.85368E+02
 -1       296 1.24754E+01-5.00000E+00 1.92023E+02
 -1       297 1.33269E+01-5.00000E+00 1.82333E+02
 -1       298 9.66667E+00-5.00000E+00 1.78673E+02
 -1       299 1.09652E+01-5.00000E+00 1.85701E+02
 -1       300 6.63184E+00-5.00000E+00 1.77041E+02
 -1       301 1.63184E+00-5.00000E+00 1.75701E+02
 -1       302 6.29850E+00-5.00000E+00 1.81035E+02
 -1       303-1.65510E+00-5.00000E+00 1.75823E+02
 -1       304-6.65510E+00-5.00000E+00 1.77163E+02
 -1       305-2.32675E-02-5.00000E+00 1.79525E+02
 -1       306-9.56246E+00-5.00000E+00 1.78701E+02
 -1       307-1.32227E+01-5.00000E+00 1.82361E+02
 -1       308-6.21757E+00-5.00000E+00 1.81184E+02
 -1       309-1.50350E+01-5.00000E+00 1.85292E+02
 -1       310-1.63748E+01-5.00000E+00 1.90292E+02
 -1       311-1.09372E+01-5.00000E+00 1.85653E+02
 -1       312-1.61904E+01-5.00000E+00 1.93639E+02
 -1       313-1.48507E+01-5.00000E+00 1.98639E+02
 -1       314-1.25652E+01-5.00000E+00 1.91931E+02
 -1       315-1.33037E+01-5.00000E+00 2.01545E+02
 -1       316-9.64340E+00-5.00000E+00 2.05205E+02
 -1       317-1.08338E+01-5.00000E+00 1.98185E+02
 -1       318-6.37944E+00-5.00000E+00 2.02816E+02
 -1       319 8.10285E+00-5.00000E+00 1.98562E+02
 -1       320 6.63875E+00-5.00000E+00 2.00027E+02
 -1       321 1.01769E+01-5.00000E+00 1.93655E+02
 -1       322 9.64104E+00-5.00000E+00 1.95655E+02
 -1       323 9.76261E+00-5.00000E+00 1.88368E+02
 -1       324 1.02985E+01-5.00000E+00 1.90368E+02
 -1       325 6.66667E+00-5.00000E+00 1.83869E+02
 -1       326 8.13077E+00-5.00000E+00 1.85333E+02
 -1       327 1.63184E+00-5.00000E+00 1.81701E+02
 -1       328 3.63184E+00-5.00000E+00 1.82237E+02
 -1       329-3.65510E+00-5.00000E+00 1.82359E+02
 -1       330-1.65510E+00-5.00000E+00 1.81823E+02
 -1       331-8.02657E+00-5.00000E+00 1.85361E+02
 -1       332-6.56246E+00-5.00000E+00 1.83897E+02
 -1       333-1.03748E+01-5.00000E+00 1.90292E+02
 -1       334-9.83889E+00-5.00000E+00 1.88292E+02
 -1       335-9.65452E+00-5.00000E+00 1.95639E+02
 -1       336-1.01904E+01-5.00000E+00 1.93639E+02
 -1       337-6.64340E+00-5.00000E+00 2.00009E+02
 -1       338-8.10750E+00-5.00000E+00 1.98545E+02
 -1       339-7.75117E+00 4.09069E-04 1.93980E+02
 -1       340-5.90063E+00 8.58439E-03 1.97402E+02
 -1       341 5.90063E+00 8.58439E-03 1.97402E+02
 -1       342 7.75117E+00 4.09069E-04 1.93980E+02
 -1       343-7.72741E+00 0.00000E+00 1.89929E+02
 -1       344-5.65685E+00 0.00000E+00 1.86343E+02
 -1       345-2.07055E+00 3.33333E+00 1.99727E+02
 -1       346-3.33039E+00 3.82036E-01 1.99274E+02
 -1       347 3.33039E+00 3.82036E-01 1.99274E+02
 -1       348 2.07055E+00 3.33333E+00 1.99727E+02
 -1       349 1.81662E+00-2.08377E+00 1.99791E+02
 -1       350-1.81662E+00-2.08377E+00 1.99791E+02
 -1       351-2.07055E+00 0.00000E+00 1.84273E+02
 -1       352 2.07055E+00 0.00000E+00 1.84273E+02
 -1       353 5.65685E+00-8.88178E-16 1.86343E+02
 -1       354 7.72741E+00 0.00000E+00 1.89929E+02
 -1       355 1.04421E+00 4.16667E+00 1.99932E+02
 -1       356 3.06147E+00 4.16667E+00 1.99391E+02
 -1       357-1.04421E+00 4.16667E+00 1.99932E+02
 -1       358-3.06147E+00 4.16667E+00 1.99391E+02
 -1       359-1.04421E+00 2.50000E+00 1.99932E+02
 -1       360 1.04421E+00 2.50000E+00 1.99932E+02
 -1       361 9.14302E-01-3.54188E+00 1.99948E+02
 -1       362 2.94013E+00-3.54188E+00 1.99440E+02
 -1       363-9.14302E-01-3.54188E+00 1.99948E+02
 -1       364-2.94013E+00-3.54188E+00 1.99440E+02
 -1       365 9.14302E-01-1.87522E+00 1.99948E+02
 -1       366-9.14302E-01-1.87522E+00 1.99948E+02
 -1       367 5.00878E+00 2.50429E+00 1.98238E+02
 -1       368 6.45261E+00 2.50429E+00 1.96729E+02
 -1       369 4.70943E+00 1.95310E-01 1.98467E+02
 -1       370 3.66927E+00 2.69102E+00 1.99109E+02
 -1       371 2.70998E+00 1.85768E+00 1.99527E+02
 -1       372 7.40887E+00 2.50020E+00 1.95018E+02
 -1       373 7.93755E+00 2.50020E+00 1.92998E+02
 -1       374 7.03712E+00 4.49673E-03 1.95805E+02
 -1       375 7.93156E+00 2.50000E+00 1.90956E+02
 -1       376 7.39104E+00 2.50000E+00 1.88939E+02
 -1       377 7.99986E+00 2.04534E-04 1.91953E+02
 -1       378 6.34683E+00 2.50000E+00 1.87130E+02
 -1       379 4.87009E+00 2.50000E+00 1.85653E+02
 -1       380 6.92820E+00 0.00000E+00 1.88000E+02
 -1       381 3.06147E+00 2.50000E+00 1.84609E+02
 -1       382 1.04421E+00 2.50000E+00 1.84068E+02
 -1       383 4.00000E+00 0.00000E+00 1.85072E+02
 -1       384-3.06147E+00 2.50000E+00 1.84609E+02
 -1       385-1.04421E+00 2.50000E+00 1.84068E+02
 -1       386-4.16528E-14 0.00000E+00 1.84000E+02
 -1       387-4.87009E+00 2.50000E+00 1.85653E+02
 -1       388-6.34683E+00 2.50000E+00 1.87130E+02
 -1       389-4.00000E+00 0.00000E+00 1.85072E+02
 -1       390-7.39104E+00 2.50000E+00 1.88939E+02
 -1       391-7.93156E+00 2.50000E+00 1.90956E+02
 -1       392-6.92820E+00 0.00000E+00 1.88000E+02
 -1       393-7.93755E+00 2.50020E+00 1.92998E+02
 -1       394-7.40887E+00 2.50020E+00 1.95018E+02
 -1       395-7.99986E+00 2.04534E-04 1.91953E+02
 -1       396-6.45261E+00 2.50429E+00 1.96729E+02
 -1       397-5.00878E+00 2.50429E+00 1.98238E+02
 -1       398-7.03712E+00 4.49673E-03 1.95805E+02
 -1       399-4.70943E+00 1.95310E-01 1.98467E+02
 -1       400-3.66927E+00 2.69102E+00 1.99109E+02
 -1       401-2.70998E+00 1.85768E+00 1.99527E+02
 -1       402 6.45261E+00-2.49571E+00 1.96729E+02
 -1       403 5.00878E+00-2.49571E+00 1.98238E+02
 -1       404 3.66927E+00-2.30898E+00 1.99109E+02
 -1       405 2.58646E+00-8.50865E-01 1.99570E+02
 -1       406 7.93755E+00-2.49980E+00 1.92998E+02
 -1       407 7.40887E+00-2.49980E+00 1.95018E+02
 -1       408 7.39104E+00-2.50000E+00 1.88939E+02
 -1       409 7.93156E+00-2.50000E+00 1.90956E+02
 -1       410 4.87009E+00-2.50000E+00 1.85653E+02
 -1       411 6.34683E+00-2.50000E+00 1.87130E+02
 -1       412 1.04421E+00-2.50000E+00 1.84068E+02
 -1       413 3.06147E+00-2.50000E+00 1.84609E+02
 -1       414-1.04421E+00-2.50000E+00 1.84068E+02
 -1       415-3.06147E+00-2.50000E+00 1.84609E+02
 -1       416-6.34683E+00-2.50000E+00 1.87130E+02
 -1       417-4.87009E+00-2.50000E+00 1.85653E+02
 -1       418-7.93156E+00-2.50000E+00 1.90956E+02
 -1       419-7.39104E+00-2.50000E+00 1.88939E+02
 -1       420-7.40887E+00-2.49980E+00 1.95018E+02
 -1       421-7.93755E+00-2.49980E+00 1.92998E+02
 -1       422-5.00878E+00-2.49571E+00 1.98238E+02
 -1       423-6.45261E+00-2.49571E+00 1.96729E+02
 -1       424-3.66927E+00-2.30898E+00 1.99109E+02
 -1       425-2.58646E+00-8.50865E-01 1.99570E+02
 -1       426 9.14302E-01-2.08549E-01 1.99948E+02
 -1       427-9.14302E-01-2.08549E-01 1.99948E+02
 -1       428-1.70432E+00 1.02435E+00 1.99816E+02
 -1       429 1.70432E+00 1.02435E+00 1.99816E+02
 -1       430-5.00000E+00 0.00000E+00 1.14000E+02
 -1       431 5.00000E+00 0.00000E+00 1.14000E+02
 -1       432 0.00000E+00-3.00000E+00 1.14000E+02
 -1       433 0.00000E+00 3.00000E+00 1.14000E+02
 -1       434 0.00000E+00 0.00000E+00 4.80000E+01
 -1       435-2.50000E+00 1.50000E+00 4.80000E+01
 -1       436-2.50000E+00-1.50000E+00 4.80000E+01
 -1       437 2.50000E+00-1.50000E+00 4.80000E+01
 -1       438 2.50000E+00 1.50000E+00 4.80000E+01
 -1       439 0.00000E+00 0.00000E+00 1.80000E+02
 -1       440-2.50000E+00-1.50000E+00 1.80000E+02
 -1       441-2.50000E+00 1.50000E+00 1.80000E+02
 -1       442 2.50000E+00-1.50000E+00 1.80000E+02
 -1       443 2.50000E+00 1.50000E+00 1.80000E+02
 -1       444 7.24693E+00 0.00000E+00 7.50459E+01
 -1       445-7.24693E+00 0.00000E+00 7.50459E+01
 -1       446 1.40000E+01 0.00000E+00 7.22487E+01
 -1       447-1.40000E+01 0.00000E+00 7.22487E+01
 -1       448 1.97990E+01 0.00000E+00 6.77990E+01
 -1       449 2.42487E+01 0.00000E+00 6.20000E+01
 -1       450 2.70459E+01 0.00000E+00 5.52469E+01
 -1       451 2.80000E+01 0.00000E+00 4.80000E+01
 -1       452 2.70459E+01 0.00000E+00 4.07531E+01
 -1       453 1.97990E+01 0.00000E+00 2.82010E+01
 -1       454 2.42487E+01 0.00000E+00 3.40000E+01
 -1       455 7.24693E+00 0.00000E+00 2.09541E+01
 -1       456-1.70654E-13 0.00000E+00 2.00000E+01
 -1       457 1.40000E+01 0.00000E+00 2.37513E+01
 -1       458-7.24693E+00 0.00000E+00 2.09541E+01
 -1       459-1.40000E+01 0.00000E+00 2.37513E+01
 -1       460-1.97990E+01 0.00000E+00 2.82010E+01
 -1       461-2.42487E+01 0.00000E+00 3.40000E+01
 -1       462-2.70459E+01 0.00000E+00 4.07531E+01
 -1       463-2.70459E+01 0.00000E+00 5.52469E+01
 -1       464-2.42487E+01 0.00000E+00 6.20000E+01
 -1       465-2.80000E+01 0.00000E+00 4.80000E+01
 -1       466-1.97990E+01 0.00000E+00 6.77990E+01
 -1       467-7.17433E-15 5.00000E+00 4.80000E+01
 -1       468-3.75129E+00 5.00000E+00 6.20000E+01
 -1       469-1.40000E+01 5.00000E+00 5.17513E+01
 -1       470 3.75129E+00 5.00000E+00 3.40000E+01
 -1       471 1.40000E+01 5.00000E+00 4.42487E+01
 -1       472 1.02487E+01 5.00000E+00 5.82487E+01
 -1       473-1.02487E+01 5.00000E+00 3.77513E+01
 -1       474 5.12436E+00 5.00000E+00 6.71244E+01
 -1       475-1.40000E+01 5.00000E+00 6.20000E+01
 -1       476 1.91244E+01 5.00000E+00 5.31244E+01
 -1       477 1.40000E+01 5.00000E+00 3.40000E+01
 -1       478 9.56218E+00 5.00000E+00 6.96865E+01
 -1       479 2.56218E+00 5.00000E+00 7.15622E+01
 -1       480-1.87564E+00 5.00000E+00 6.90000E+01
 -1       481-8.87564E+00 5.00000E+00 6.71244E+01
 -1       482 6.86533E-01 5.00000E+00 6.45622E+01
 -1       483 1.72487E+01 5.00000E+00 6.01244E+01
 -1       484 1.21244E+01 5.00000E+00 6.52487E+01
 -1       485 7.68653E+00 5.00000E+00 6.26865E+01
 -1       486 2.35622E+01 5.00000E+00 5.05622E+01
 -1       487 2.16865E+01 5.00000E+00 5.75622E+01
 -1       488 1.46865E+01 5.00000E+00 5.56865E+01
 -1       489 1.91244E+01 5.00000E+00 3.91244E+01
 -1       490 2.10000E+01 5.00000E+00 4.61244E+01
 -1       491 1.65622E+01 5.00000E+00 4.86865E+01
 -1       492 1.40000E+01 5.00000E+00 2.88756E+01
 -1       493 1.91244E+01 5.00000E+00 3.40000E+01
 -1       494 1.40000E+01 5.00000E+00 3.91244E+01
 -1       495 1.87564E+00 5.00000E+00 2.70000E+01
 -1       496 8.87564E+00 5.00000E+00 2.88756E+01
 -1       497 8.87564E+00 5.00000E+00 3.40000E+01
 -1       498-1.21244E+01 5.00000E+00 3.07513E+01
 -1       499-5.12436E+00 5.00000E+00 2.88756E+01
 -1       500-3.24871E+00 5.00000E+00 3.58756E+01
 -1       501-1.72487E+01 5.00000E+00 3.58756E+01
 -1       502-2.10000E+01 5.00000E+00 4.98756E+01
 -1       503-1.91244E+01 5.00000E+00 4.28756E+01
 -1       504-1.21244E+01 5.00000E+00 4.47513E+01
 -1       505-1.91244E+01 5.00000E+00 5.68756E+01
 -1       506-1.40000E+01 5.00000E+00 6.71244E+01
 -1       507-1.91244E+01 5.00000E+00 6.20000E+01
 -1       508-1.40000E+01 5.00000E+00 5.68756E+01
 -1       509-8.87564E+00 5.00000E+00 6.20000E+01
 -1       510-7.00000E+00 5.00000E+00 4.98756E+01
 -1       511-8.87564E+00 5.00000E+00 5.68756E+01
 -1       512-1.87564E+00 5.00000E+00 5.50000E+01
 -1       513 3.24871E+00 5.00000E+00 6.01244E+01
 -1       514 5.12436E+00 5.00000E+00 5.31244E+01
 -1       515-5.12436E+00 5.00000E+00 4.28756E+01
 -1       516 7.00000E+00 5.00000E+00 4.61244E+01
 -1       517 8.87564E+00 5.00000E+00 3.91244E+01
 -1       518 1.87564E+00 5.00000E+00 4.10000E+01
 -1       519 1.21244E+01 5.00000E+00 5.12487E+01
 -1       520-7.17433E-15-5.00000E+00 4.80000E+01
 -1       521-3.75129E+00-5.00000E+00 6.20000E+01
 -1       522-1.40000E+01-5.00000E+00 5.17513E+01
 -1       523 3.75129E+00-5.00000E+00 3.40000E+01
 -1       524 1.40000E+01-5.00000E+00 4.42487E+01
 -1       525 1.02487E+01-5.00000E+00 5.82487E+01
 -1       526-1.02487E+01-5.00000E+00 3.77513E+01
 -1       527 5.12436E+00-5.00000E+00 6.71244E+01
 -1       528-1.40000E+01-5.00000E+00 6.20000E+01
 -1       529 1.91244E+01-5.00000E+00 5.31244E+01
 -1       530 1.40000E+01-5.00000E+00 3.40000E+01
 -1       531 2.56218E+00-5.00000E+00 7.15622E+01
 -1       532 9.56218E+00-5.00000E+00 6.96865E+01
 -1       533-8.87564E+00-5.00000E+00 6.71244E+01
 -1       534-1.87564E+00-5.00000E+00 6.90000E+01
 -1       535 6.86533E-01-5.00000E+00 6.45622E+01
 -1       536 1.21244E+01-5.00000E+00 6.52487E+01
 -1       537 1.72487E+01-5.00000E+00 6.01244E+01
 -1       538 7.68653E+00-5.00000E+00 6.26865E+01
 -1       539 2.16865E+01-5.00000E+00 5.75622E+01
 -1       540 2.35622E+01-5.00000E+00 5.05622E+01
 -1       541 1.46865E+01-5.00000E+00 5.56865E+01
 -1       542 2.10000E+01-5.00000E+00 4.61244E+01
 -1       543 1.91244E+01-5.00000E+00 3.91244E+01
 -1       544 1.65622E+01-5.00000E+00 4.86865E+01
 -1       545 1.91244E+01-5.00000E+00 3.40000E+01
 -1       546 1.40000E+01-5.00000E+00 2.88756E+01
 -1       547 1.40000E+01-5.00000E+00 3.91244E+01
 -1       548 8.87564E+00-5.00000E+00 2.88756E+01
 -1       549 1.87564E+00-5.00000E+00 2.70000E+01
 -1       550 8.87564E+00-5.00000E+00 3.40000E+01
 -1       551-5.12436E+00-5.00000E+00 2.88756E+01
 -1       552-1.21244E+01-5.00000E+00 3.07513E+01
 -1       553-3.24871E+00-5.00000E+00 3.58756E+01
 -1       554-1.72487E+01-5.00000E+00 3.58756E+01
 -1       555-1.91244E+01-5.00000E+00 4.28756E+01
 -1       556-2.10000E+01-5.00000E+00 4.98756E+01
 -1       557-1.21244E+01-5.00000E+00 4.47513E+01
 -1       558-1.91244E+01-5.00000E+00 5.68756E+01
 -1       559-1.91244E+01-5.00000E+00 6.20000E+01
 -1       560-1.40000E+01-5.00000E+00 6.71244E+01
 -1       561-1.40000E+01-5.00000E+00 5.68756E+01
 -1       562-8.87564E+00-5.00000E+00 6.20000E+01
 -1       563-1.87564E+00-5.00000E+00 5.50000E+01
 -1       564-8.87564E+00-5.00000E+00 5.68756E+01
 -1       565-7.00000E+00-5.00000E+00 4.98756E+01
 -1       566 5.12436E+00-5.00000E+00 5.31244E+01
 -1       567 3.24871E+00-5.00000E+00 6.01244E+01
 -1       568-5.12436E+00-5.00000E+00 4.28756E+01
 -1       569 1.87564E+00-5.00000E+00 4.10000E+01
 -1       570 8.87564E+00-5.00000E+00 3.91244E+01
 -1       571 7.00000E+00-5.00000E+00 4.61244E+01
 -1       572 1.21244E+01-5.00000E+00 5.12487E+01
 -1       573 1.52876E+01-7.21677E-17 1.95835E+02
 -1       574 9.27495E+00 0.00000E+00 2.02785E+02
 -1       575 1.87907E+00 1.77636E-15 2.04591E+02
 -1       576 1.63041E+01-2.50000E+00 1.98918E+02
 -1       577 1.76438E+01-2.50000E+00 1.93918E+02
 -1       578 1.63041E+01 2.50000E+00 1.98918E+02
 -1       579 1.76438E+01 2.50000E+00 1.93918E+02
 -1       580 5.70194E+00 2.50000E+00 1.83470E+02
 -1       581 7.49509E+00 2.50000E+00 1.84505E+02
 -1       582 5.70194E+00-2.50000E+00 1.83470E+02
 -1       583 7.49509E+00-2.50000E+00 1.84505E+02
 -1       584 9.33333E+00 0.00000E+00 1.82667E+02
 -1       585 5.96561E-01 2.50000E+00 1.81838E+02
 -1       586 2.66711E+00 2.50000E+00 1.81838E+02
 -1       587 5.96561E-01-2.50000E+00 1.81838E+02
 -1       588 2.66711E+00-2.50000E+00 1.81838E+02
 -1       589 3.26367E+00 0.00000E+00 1.79403E+02
 -1       590-7.39089E+00-2.50000E+00 1.84533E+02
 -1       591-9.12493E+00 0.00000E+00 1.82723E+02
 -1       592-7.39089E+00 2.50000E+00 1.84533E+02
 -1       593-5.59774E+00 2.50000E+00 1.83498E+02
 -1       594-5.59774E+00-2.50000E+00 1.83498E+02
 -1       595 1.01622E+01 2.50000E+00 1.89333E+02
 -1       596 1.01741E+01 2.50020E+00 1.91358E+02
 -1       597 1.01741E+01-2.49980E+00 1.91358E+02
 -1       598 1.25970E+01 0.00000E+00 1.88736E+02
 -1       599 1.01622E+01-2.50000E+00 1.89333E+02
 -1       600-9.14074E+00 2.50429E+00 1.96341E+02
 -1       601-1.00660E+01 2.50020E+00 1.94629E+02
 -1       602-1.00660E+01-2.49980E+00 1.94629E+02
 -1       603-1.23808E+01 0.00000E+00 1.95279E+02
 -1       604-9.14074E+00-2.49571E+00 1.96341E+02
 -1       605-6.30859E+00 2.69102E+00 2.00182E+02
 -1       606-3.40123E+00 2.69102E+00 2.01908E+02
 -1       607-3.47208E+00 0.00000E+00 2.04541E+02
 -1       608-3.40123E+00-2.30898E+00 2.01908E+02
 -1       609-6.37944E+00 0.00000E+00 2.02816E+02
 -1       610 6.29850E+00 0.00000E+00 1.81035E+02
 -1       611-6.30859E+00-2.30898E+00 2.00182E+02
 -1       612-9.28680E+00 0.00000E+00 2.01090E+02
 -1       613 1.24754E+01 0.00000E+00 1.92023E+02
 -1       614 1.00525E+01-2.49980E+00 1.94645E+02
 -1       615-6.21757E+00 0.00000E+00 1.81184E+02
 -1       616-2.69038E+00 2.50000E+00 1.81959E+02
 -1       617-2.69038E+00-2.50000E+00 1.81959E+02
 -1       618-2.32675E-02 0.00000E+00 1.79525E+02
 -1       619-7.59371E+00 2.50429E+00 1.99246E+02
 -1       620-1.08338E+01 0.00000E+00 1.98185E+02
 -1       621-7.59371E+00-2.49571E+00 1.99246E+02
 -1       622 1.00525E+01 2.50020E+00 1.94645E+02
 -1       623 1.23539E+01 0.00000E+00 1.95310E+02
 -1       624-3.31021E+00 0.00000E+00 1.79646E+02
 -1       625 9.39533E-01 8.33333E-01 2.02296E+02
 -1       626 9.39533E-01-8.33333E-01 2.02296E+02
 -1       627 3.12217E-02-1.04188E+00 2.02191E+02
 -1       628-2.77132E+00 4.16667E+00 2.02134E+02
 -1       629-1.73604E+00 3.33333E+00 2.02271E+02
 -1       630-7.25661E-01 1.91018E-01 2.01933E+02
 -1       631-1.27496E+01 0.00000E+00 1.88584E+02
 -1       632-1.63748E+01 0.00000E+00 1.90292E+02
 -1       633-1.25652E+01 0.00000E+00 1.91931E+02
 -1       634-1.73604E+00 0.00000E+00 2.08271E+02
 -1       635-7.96507E-01 2.50000E+00 2.04566E+02
 -1       636-7.96507E-01-2.50000E+00 2.04566E+02
 -1       637 9.39533E-01 2.50000E+00 2.08296E+02
 -1       638 9.12693E+00 2.50000E+00 1.87540E+02
 -1       639 9.12693E+00-2.50000E+00 1.87540E+02
 -1       640-8.42617E+00-2.50000E+00 1.86326E+02
 -1       641-8.42617E+00 2.50000E+00 1.86326E+02
 -1       642-9.64340E+00 0.00000E+00 2.05205E+02
 -1       643-1.48507E+01 0.00000E+00 1.98639E+02
 -1       644-2.64435E+00-3.54188E+00 2.02166E+02
 -1       645-1.00541E+01 2.50000E+00 1.92604E+02
 -1       646-1.00541E+01-2.50000E+00 1.92604E+02
 -1       647 2.74339E+00 4.16667E+00 2.02238E+02
 -1       648 3.37331E+00 2.69102E+00 2.02012E+02
 -1       649 9.12725E+00 2.50429E+00 1.96356E+02
 -1       650 7.58779E+00 4.29219E-03 2.00093E+02
 -1       651 1.08144E+01 2.50000E+00 1.99047E+02
 -1       652 8.51306E+00 2.04534E-04 1.98382E+02
 -1       653 9.12725E+00-2.49571E+00 1.96356E+02
 -1       654 1.08144E+01-2.50000E+00 1.99047E+02
 -1       655-1.50350E+01 0.00000E+00 1.85292E+02
 -1       656-6.73604E+00 0.00000E+00 2.06931E+02
 -1       657-1.33037E+01 0.00000E+00 2.01545E+02
 -1       658-1.61904E+01 0.00000E+00 1.93639E+02
 -1       659 5.54579E+00-1.04188E+00 2.01288E+02
 -1       660 6.30267E+00 1.91018E-01 2.01029E+02
 -1       661 6.63748E+00-2.50000E+00 2.00856E+02
 -1       662 1.09652E+01 0.00000E+00 1.85701E+02
 -1       663 1.33269E+01 0.00000E+00 1.82333E+02
 -1       664 9.66667E+00 0.00000E+00 1.78673E+02
 -1       665-1.09372E+01 0.00000E+00 1.85653E+02
 -1       666-1.02385E+01-2.50000E+00 1.89257E+02
 -1       667-1.02385E+01 2.50000E+00 1.89257E+02
 -1       668 6.63184E+00 0.00000E+00 1.77041E+02
 -1       669-1.32227E+01 0.00000E+00 1.82361E+02
 -1       670 1.49588E+01 0.00000E+00 1.85368E+02
 -1       671 1.63184E+00 0.00000E+00 1.75701E+02
 -1       672-9.56246E+00 0.00000E+00 1.78701E+02
 -1       673-6.65510E+00 0.00000E+00 1.77163E+02
 -1       674-1.65510E+00 0.00000E+00 1.75823E+02
 -1       675 1.38207E+01-2.50000E+00 1.95573E+02
 -1       676 1.38207E+01 2.50000E+00 1.95573E+02
 -1       677 1.22813E+01-3.60838E-17 1.99310E+02
 -1       678 7.58906E+00-2.49571E+00 1.99264E+02
 -1       679 9.39533E-01-2.50000E+00 2.08296E+02
 -1       680 7.58906E+00 2.50429E+00 1.99264E+02
 -1       681 1.62985E+01 0.00000E+00 1.90368E+02
 -1       682 2.61643E+00-3.54188E+00 2.02270E+02
 -1       683 6.34559E+00-2.50000E+00 2.03767E+02
 -1       684 9.27622E+00-2.50000E+00 2.01955E+02
 -1       685 9.27622E+00 2.50000E+00 2.01955E+02
 -1       686 6.30394E+00 2.69102E+00 2.00199E+02
 -1       687 1.32977E+01 2.50000E+00 2.02392E+02
 -1       688 9.63748E+00-2.50000E+00 2.06053E+02
 -1       689 1.32977E+01-2.50000E+00 2.02392E+02
 -1       690 1.97481E+00 1.66667E+00 2.02159E+02
 -1       691 2.64765E+00 2.50000E+00 2.04670E+02
 -1       692 2.60473E+00 1.91018E-01 2.01933E+02
 -1       693 5.93953E+00 2.50000E+00 2.06956E+02
 -1       694 9.39533E-01 2.50000E+00 2.02296E+02
 -1       695 1.84784E+00-1.04188E+00 2.02191E+02
 -1       696 9.63748E+00 2.50000E+00 2.06053E+02
 -1       697 5.93953E+00-2.50000E+00 2.06956E+02
 -1       698 6.34559E+00 2.50000E+00 2.03767E+02
 -1       699 5.57701E+00 8.88178E-16 2.03688E+02
 -1       700 2.64765E+00-2.50000E+00 2.04670E+02
 -1       701 9.39533E-01-2.50000E+00 2.02296E+02
 -1       702 1.39423E+01-2.50000E+00 1.92286E+02
 -1       703 1.39423E+01 2.50000E+00 1.92286E+02
 -1       704-2.50000E+00-1.50000E+00 1.14000E+02
 -1       705-2.50000E+00 1.50000E+00 1.14000E+02
 -1       706 0.00000E+00 0.00000E+00 1.14000E+02
 -1       707 2.50000E+00 1.50000E+00 1.14000E+02
 -1       708 2.50000E+00-1.50000E+00 1.14000E+02
 -1       709 8.97538E+00-8.97666E-01 6.54932E+01
 -1       710 5.93538E+00-1.29602E-02 2.59214E+01
 -1       711-6.01192E+00-5.00000E-01 2.83632E+01
 -1       712-3.00596E+00-2.75000E+00 2.41816E+01
 -1       713-1.13032E+00-2.75000E+00 3.11816E+01
 -1       714-8.13032E+00-2.75000E+00 3.30572E+01
 -1       715-1.00060E+01-2.75000E+00 2.60572E+01
 -1       716 8.87564E+00 0.00000E+00 2.88756E+01
 -1       717 3.75129E+00 0.00000E+00 3.40000E+01
 -1       718 4.84333E+00 2.49352E+00 2.99607E+01
 -1       719 4.84333E+00-2.50648E+00 2.99607E+01
 -1       720 9.96769E+00-2.50648E+00 2.48364E+01
 -1       721 9.96769E+00 2.49352E+00 2.48364E+01
 -1       722 5.12436E+00 0.00000E+00 6.71244E+01
 -1       723 9.56218E+00 0.00000E+00 6.96865E+01
 -1       724 1.14877E+01-2.94883E+00 6.88709E+01
 -1       725 7.04987E+00 2.05117E+00 6.63088E+01
 -1       726 7.04987E+00-2.94883E+00 6.63088E+01
 -1       727 1.87564E+00 0.00000E+00 2.70000E+01
 -1       728 2.96769E+00 2.49352E+00 2.29607E+01
 -1       729-1.21244E+01 0.00000E+00 3.07513E+01
 -1       730-8.13032E+00 2.25000E+00 3.30572E+01
 -1       731-1.00060E+01 2.25000E+00 2.60572E+01
 -1       732 2.96769E+00-2.50648E+00 2.29607E+01
 -1       733 1.40000E+01 0.00000E+00 2.88756E+01
 -1       734 8.87564E+00 0.00000E+00 3.40000E+01
 -1       735 1.40000E+01 0.00000E+00 3.40000E+01
 -1       736 1.91244E+01 0.00000E+00 5.31244E+01
 -1       737 1.46865E+01 0.00000E+00 5.56865E+01
 -1       738 1.65622E+01 0.00000E+00 4.86865E+01
 -1       739 1.40000E+01 0.00000E+00 3.91244E+01
 -1       740-8.87564E+00 0.00000E+00 6.20000E+01
 -1       741-1.40000E+01 0.00000E+00 6.71244E+01
 -1       742-1.40000E+01 0.00000E+00 6.20000E+01
 -1       743 2.35622E+01 0.00000E+00 5.05622E+01
 -1       744-1.02487E+01 0.00000E+00 3.77513E+01
 -1       745 7.00000E+00 0.00000E+00 4.61244E+01
 -1       746 1.87564E+00 0.00000E+00 4.10000E+01
 -1       747 5.12436E+00 0.00000E+00 5.31244E+01
 -1       748 8.87564E+00 0.00000E+00 3.91244E+01
 -1       749 1.21244E+01 0.00000E+00 5.12487E+01
 -1       750 1.02487E+01 0.00000E+00 5.82487E+01
 -1       751-1.87564E+00 0.00000E+00 5.50000E+01
 -1       752 1.40000E+01 0.00000E+00 4.42487E+01
 -1       753 3.24871E+00 0.00000E+00 6.01244E+01
 -1       754-3.75129E+00 0.00000E+00 6.20000E+01
 -1       755 2.56218E+00 0.00000E+00 7.15622E+01
 -1       756 2.16865E+01 0.00000E+00 5.75622E+01
 -1       757 1.91244E+01 0.00000E+00 3.40000E+01
 -1       758-1.91244E+01 0.00000E+00 6.20000E+01
 -1       759 6.86533E-01 0.00000E+00 6.45622E+01
 -1       760-1.87564E+00 0.00000E+00 6.90000E+01
 -1       761 1.14877E+01 2.05117E+00 6.88709E+01
 -1       762-8.87564E+00 0.00000E+00 6.71244E+01
 -1       763 2.10000E+01 0.00000E+00 4.61244E+01
 -1       764-3.24871E+00 0.00000E+00 3.58756E+01
 -1       765 1.91244E+01 0.00000E+00 3.91244E+01
 -1       766 9.61204E+00-2.94883E+00 6.18709E+01
 -1       767-1.40000E+01 0.00000E+00 5.68756E+01
 -1       768-2.10000E+01 0.00000E+00 4.98756E+01
 -1       769 1.72487E+01 0.00000E+00 6.01244E+01
 -1       770-8.87564E+00 0.00000E+00 5.68756E+01
 -1       771-7.00000E+00 0.00000E+00 4.98756E+01
 -1       772-5.12436E+00 0.00000E+00 4.28756E+01
 -1       773-1.91244E+01 0.00000E+00 4.28756E+01
 -1       774-1.40000E+01 0.00000E+00 5.17513E+01
 -1       775-1.91244E+01 0.00000E+00 5.68756E+01
 -1       776-1.21244E+01 0.00000E+00 4.47513E+01
 -1       777-1.72487E+01 0.00000E+00 3.58756E+01
 -1       778 9.61204E+00 2.05117E+00 6.18709E+01
 -1       779 1.66120E+01-2.94883E+00 6.37466E+01
 -1       780 2.61204E+00 2.05117E+00 6.37466E+01
 -1       781 2.61204E+00-2.94883E+00 6.37466E+01
 -1       782-3.00596E+00 2.25000E+00 2.41816E+01
 -3
    3C                           339                                     1
 -1       388    6    0    1
 -2        41        40        16       573        52       179       177       577       576       578
 -1       389    6    0    1
 -2        41        16        17       573       177        28       178       577       578       579
 -1       390    6    0    1
 -2       353       352       196       268       383       580       581       583       582       584
 -1       391    6    0    1
 -2       352       351       202       274       386       585       586       588       587       589
 -1       392    6    0    1
 -2       201       344       273       351       592       590       591       593       389       594
 -1       393    6    0    1
 -2       203       342       354       275       596       377       595       598       597       599
 -1       394    6    0    1
 -2       200       339       340       272       601       398       600       603       602       604
 -1       395    6    0    1
 -2       346       197       198       269       606       246       605       608       607       609
 -1       396    6    0    1
 -2       274       196       352       268       610       580       588       302       584       582
 -1       397    6    0    1
 -2       198       270       346       269       612       611       605       609       318       608
 -1       398    6    0    1
 -2       196       352       202       274       580       586       230       610       588       589
 -1       399    6    0    1
 -2       342       203       278       275       596       613       614       597       598       296
 -1       400    6    0    1
 -2       204       201       273       351       236       591       615       616       593       594
 -1       401    6    0    1
 -2       276       202       351       274       618       585       617       305       589       587
 -1       402    6    0    1
 -2       272       340       198       270       604       619       620       317       621       612
 -1       403    6    0    1
 -2       278       342       206       203       614       622       623       613       596       224
 -1       404    6    0    1
 -2       276       204       273       351       624       615       308       617       616       594
 -1       405    6    0    1
 -2       351       276       204       202       617       624       616       585       618       233
 -1       406    6    0    1
 -2       200       340       198       272       600       619       245       603       604       620
 -1       407    6    0    1
 -2       198       340       346       270       619       399       605       612       621       611
 -1       408    6    0    1
 -2       108       109       350       575       111       427       366       626       625       627
 -1       409    6    0    1
 -2       345       346       109       197       401       428       359       628       606       629
 -1       410    6    0    1
 -2       109       346       350       575       428       425       427       625       630       627
 -1       411    6    0    1
 -2       199        47       271       272       632       310       631       633       312       314
 -1       412    6    0    1
 -2       269       197         1       575       607       209       634       636       635       637
 -1       413    6    0    1
 -2       353        65       354       203       378       376       380       638       252       595
 -1       414    6    0    1
 -2       354        88       353       275       408       411       380       599       323       639
 -1       415    6    0    1
 -2       344       273        92       343       590       331       416       392       640       419
 -1       416    6    0    1
 -2       343        69       344       201       390       388       392       641       260       592
 -1       417    6    0    1
 -2       269       198       270        49       609       612       318       281       642       316
 -1       418    6    0    1
 -2       198        24       200       272       244       240       245       620       643       603
 -1       419    6    0    1
 -2       269       350       346       575       644       425       608       636       627       630
 -1       420    6    0    1
 -2       346        95       350       269       424       364       425       608       287       644
 -1       421    6    0    1
 -2       342        87       354       275       406       409       377       597       324       599
 -1       422    6    0    1
 -2        64       342       354       203       373       377       375       251       596       595
 -1       423    6    0    1
 -2       343       339        70       200       395       393       391       645       601       263
 -1       424    6    0    1
 -2       272       343       339        93       646       395       602       336       418       421
 -1       425    6    0    1
 -2       195       348        62       347       647       356       213       648       371       370
 -1       426    6    0    1
 -2       206       341       342       574       649       374       622       651       650       652
 -1       427    6    0    1
 -2       342       341       278       574       374       653       614       652       650       654
 -1       428    6    0    1
 -2        72       346       345       197       400       401       358       214       606       628
 -1       429    6    0    1
 -2       278       206       342       574       623       622       614       654       651       652
 -1       430    6    0    1
 -2       272       339       340        94       602       398       604       335       420       423
 -1       431    6    0    1
 -2       199        46       271        47       655       309       631       632        58       310
 -1       432    6    0    1
 -2       340        71       339       200       396       394       398       600       264       601
 -1       433    6    0    1
 -2       341       278        86       342       653       322       402       374       614       407
 -1       434    6    0    1
 -2       206       341        63       342       649       368       249       622       374       372
 -1       435    6    0    1
 -2        25         1       269       197        37       634       656       210       209       607
 -1       436    6    0    1
 -2        48       270       198        49       315       612       657        60       316       642
 -1       437    6    0    1
 -2        24        23       200       272        35       241       240       643       658       603
 -1       438    6    0    1
 -2       347       349        85       574       405       362       404       660       659       661
 -1       439    6    0    1
 -2       196       275       268        42       662       299       584       663       295       297
 -1       440    6    0    1
 -2        43       196       274       268       664       610       300       298       584       302
 -1       441    6    0    1
 -2        46       273       199       271       307       665       655       309       311       631
 -1       442    6    0    1
 -2       197       346       109       575       606       428       629       635       630       625
 -1       443    6    0    1
 -2        65       353       196       203       378       581       253       252       638       227
 -1       444    6    0    1
 -2       268       353        88       275       583       411       326       299       639       323
 -1       445    6    0    1
 -2       271        92       273       343       334       331       311       666       419       640
 -1       446    6    0    1
 -2        69       343       199       201       390       667       261       260       641       239
 -1       447    6    0    1
 -2       196       202        43       274       230       668       664       610       589       300
 -1       448    6    0    1
 -2        46       199       273       201       655       665       307       669       239       591
 -1       449    6    0    1
 -2       275       196       203        42       662       227       598       295       663       670
 -1       450    6    0    1
 -2       198       197        25       269       246       210       243       609       607       656
 -1       451    6    0    1
 -2       199        23       272       200       237       658       633       242       241       603
 -1       452    6    0    1
 -2       202       276        44       274       618       303       671       589       305       301
 -1       453    6    0    1
 -2       273       204        21       201       615       231       672       591       236       235
 -1       454    6    0    1
 -2        48       272       198       270       313       620       657       315       317       612
 -1       455    6    0    1
 -2       273       276        21       204       308       673       672       615       624       231
 -1       456    6    0    1
 -2       204       276        44       202       624       303       674       233       618       671
 -1       457    6    0    1
 -2       343        70       199       200       391       262       667       645       263       242
 -1       458    6    0    1
 -2       343       272       271        93       646       314       666       418       336       333
 -1       459    6    0    1
 -2        95       346       340       270       424       399       422       337       611       621
 -1       460    6    0    1
 -2       346       197       269       575       606       607       608       630       635       636
 -1       461    6    0    1
 -2       206       278       573       574       623       675       676       651       654       677
 -1       462    6    0    1
 -2        87       342       278       275       406       614       321       324       597       296
 -1       463    6    0    1
 -2       342        64       206       203       373       250       622       596       251       224
 -1       464    6    0    1
 -2        18       203       196        42       222       227       226       181       670       663
 -1       465    6    0    1
 -2       199        46        22       201       655       188       238       239       669       234
 -1       466    6    0    1
 -2         3       345       109       197       357       359       112       215       628       629
 -1       467    6    0    1
 -2       199       272        23        47       633       658       237       632       312       193
 -1       468    6    0    1
 -2       272        94       340       270       335       423       604       317       338       621
 -1       469    6    0    1
 -2        71       340       198       200       396       619       265       264       600       245
 -1       470    6    0    1
 -2       198       269        25        49       609       656       243       642       281       175
 -1       471    6    0    1
 -2       277       278        86       341       293       322       319       678       653       402
 -1       472    6    0    1
 -2         2       269         1       575       282       634        38       679       636       637
 -1       473    6    0    1
 -2       206       205        63       341       221       248       249       649       680       368
 -1       474    6    0    1
 -2       346       270        95       269       611       337       424       608       318       287
 -1       475    6    0    1
 -2        21       276       273        45       673       308       672       189       304       306
 -1       476    6    0    1
 -2       198        48        24       272       657       192       244       620       313       643
 -1       477    6    0    1
 -2        42       196        43       268       663       664        54       297       584       298
 -1       478    6    0    1
 -2        43       202        44       274       668       671        55       300       589       301
 -1       479    6    0    1
 -2        17       275       203        42       681       598       223       180       295       670
 -1       480    6    0    1
 -2        46       273        21       201       307       672       187       669       591       235
 -1       481    6    0    1
 -2        44        21       276       204       185       673       303       674       231       624
 -1       482    6    0    1
 -2        85       349       267       574       362       682       284       661       659       683
 -1       483    6    0    1
 -2       277       278       341       574       293       653       678       684       654       650
 -1       484    6    0    1
 -2       206       205       341       574       221       680       649       651       685       650
 -1       485    6    0    1
 -2       341       347        85       574       369       404       403       650       660       661
 -1       486    6    0    1
 -2       195        62       205       347       213       247       218       648       370       686
 -1       487    6    0    1
 -2        72       340       346       198       397       399       400       266       619       605
 -1       488    6    0    1
 -2        39        16        40       574       176       179        51       688       687       689
 -1       489    6    0    1
 -2       205       347        62       341       686       370       247       680       369       367
 -1       490    6    0    1
 -2        72       198       346       197       266       605       400       214       246       606
 -1       491    6    0    1
 -2        21        44       276        45       185       303       673       189        56       304
 -1       492    6    0    1
 -2        22        23        46       199        34       190       188       238       237       655
 -1       493    6    0    1
 -2        46       199        23        47       655       237       190        58       632       193
 -1       494    6    0    1
 -2       196        19        18        42       225        30       226       663       182       181
 -1       495    6    0    1
 -2       272        23        48        24       658       191       313       643        35       192
 -1       496    6    0    1
 -2       272        48        23        47       313       191       658       312        59       193
 -1       497    6    0    1
 -2       195       348       347       575       647       371       648       691       690       692
 -1       498    6    0    1
 -2        21       273        46        45       672       307       187       189       306        57
 -1       499    6    0    1
 -2         2        25       269        49       173       656       282        61       175       281
 -1       500    6    0    1
 -2        21        22        46       201        33       188       187       235       234       669
 -1       501    6    0    1
 -2       203        18        17        42       222        29       223       670       181       180
 -1       502    6    0    1
 -2        25       269         1         2       656       634        37       173       282        38
 -1       503    6    0    1
 -2        48       198        25        49       657       243       194        60       642       175
 -1       504    6    0    1
 -2       198        25        24        48       243        36       244       657       194       192
 -1       505    6    0    1
 -2        15         2         1       575       172        38        26       693       679       637
 -1       506    6    0    1
 -2       277        40       278       574       289       291       293       684       689       654
 -1       507    6    0    1
 -2        15         1       195       575        26       208       207       693       637       691
 -1       508    6    0    1
 -2         3       197       109       575       215       629       112       694       635       625
 -1       509    6    0    1
 -2       278        40       573       574       291       576       675       654       689       677
 -1       510    6    0    1
 -2       196        43       202        19       664       668       230       225       183       229
 -1       511    6    0    1
 -2        20       204        44       202       232       674       186       228       233       671
 -1       512    6    0    1
 -2       353       196        66        65       581       254       379       378       253        77
 -1       513    6    0    1
 -2       343        69       199        70       390       261       667       391        81       262
 -1       514    6    0    1
 -2       343       271        92        93       666       334       419       418       333       104
 -1       515    6    0    1
 -2       353        88        89       268       411       100       410       583       326       325
 -1       516    6    0    1
 -2       108       349       109       575       365       426       111       626       695       625
 -1       517    6    0    1
 -2        94        95       340       270       106       422       423       338       337       621
 -1       518    6    0    1
 -2        89       352       274        90       413       588       328       101       412       327
 -1       519    6    0    1
 -2        67       202        66       352       256       255        78       382       586       381
 -1       520    6    0    1
 -2        64       354        65       203       375       376        76       251       595       252
 -1       521    6    0    1
 -2        91       273        92       344       332       331       103       417       590       416
 -1       522    6    0    1
 -2       344       201        69        68       592       260       388       387       259        80
 -1       523    6    0    1
 -2       354        87        88       275       409        99       408       599       324       323
 -1       524    6    0    1
 -2       347       348       109       575       371       360       429       692       690       625
 -1       525    6    0    1
 -2        16        39        15       574       176       174        27       687       688       696
 -1       526    6    0    1
 -2       340       198        72        71       619       266       397       396       265        83
 -1       527    6    0    1
 -2       277        86        85       341       319        97       320       678       402       403
 -1       528    6    0    1
 -2        62        63       205       341        74       248       247       367       368       680
 -1       529    6    0    1
 -2        85       277       341       574       320       678       403       661       684       650
 -1       530    6    0    1
 -2       351        91       276        90       415       329       617       414       102       330
 -1       531    6    0    1
 -2        68       204        67       351       258       257        79       384       616       385
 -1       532    6    0    1
 -2        21        44        20       204       185       186        32       231       674       232
 -1       533    6    0    1
 -2        42        43       196        19        54       664       663       182       183       225
 -1       534    6    0    1
 -2        86       342       278        87       407       614       322        98       406       321
 -1       535    6    0    1
 -2       206       342        63        64       622       372       249       250       373        75
 -1       536    6    0    1
 -2        17        41       275        42       178       294       681       180        53       295
 -1       537    6    0    1
 -2       202        20        19        43       228        31       229       668       184       183
 -1       538    6    0    1
 -2        43        44       202        20        55       671       668       184       186       228
 -1       539    6    0    1
 -2        39         2        15       575        50       172       174       697       679       693
 -1       540    6    0    1
 -2         3        62       195       348        73       213       212       355       356       647
 -1       541    6    0    1
 -2       339        94       272        93       420       335       602       421       105       336
 -1       542    6    0    1
 -2        71        70       339       200        82       393       394       264       263       601
 -1       543    6    0    1
 -2       205       195       347       574       218       648       686       685       698       660
 -1       544    6    0    1
 -2         1       197       195       575       209       211       208       637       635       691
 -1       545    6    0    1
 -2       195       347       574       575       648       660       698       691       692       699
 -1       546    6    0    1
 -2       267         2        39       575       279        50       280       700       679       697
 -1       547    6    0    1
 -2        15       195       574       575       207       698       696       693       691       699
 -1       548    6    0    1
 -2       267        39       574       575       280       688       683       700       697       699
 -1       549    6    0    1
 -2       205       347       341       574       686       369       680       685       660       650
 -1       550    6    0    1
 -2        85       267       277       574       284       290       320       661       683       684
 -1       551    6    0    1
 -2       205       206        16       574       221       220       216       685       651       687
 -1       552    6    0    1
 -2         3        72       345       197        84       358       357       215       214       628
 -1       553    6    0    1
 -2        16       206       573       574       220       676       578       687       651       677
 -1       554    6    0    1
 -2       573        40        16       574       576       179       578       677       689       687
 -1       555    6    0    1
 -2       109       349       347       575       426       405       429       625       695       692
 -1       556    6    0    1
 -2       267        85         4       349       284        96       285       682       362       361
 -1       557    6    0    1
 -2       195       197         3       575       211       215       212       691       635       694
 -1       558    6    0    1
 -2         4       269       267       575       286       283       285       701       636       700
 -1       559    6    0    1
 -2       574        39        15       575       688       174       696       699       697       693
 -1       560    6    0    1
 -2       278        40        41       573       291        52       292       675       576       577
 -1       561    6    0    1
 -2        39        40       277       574        51       289       288       688       689       684
 -1       562    6    0    1
 -2       350        95         4       269       364       107       363       644       287       286
 -1       563    6    0    1
 -2       267       269         2       575       283       282       279       700       636       679
 -1       564    6    0    1
 -2        17        16       206       573        28       220       219       579       578       676
 -1       565    6    0    1
 -2       205        16        15       574       216        27       217       685       687       696
 -1       566    6    0    1
 -2        15       195       205       574       207       218       217       696       698       685
 -1       567    6    0    1
 -2       267        39       277       574       280       288       290       683       688       684
 -1       568    6    0    1
 -2       275       573        41        17       702       577       294       681       579       178
 -1       569    6    0    1
 -2        41       573       275       278       577       702       294       292       675       296
 -1       570    6    0    1
 -2       275       203       573        17       598       703       702       681       223       579
 -1       571    6    0    1
 -2       573       203       275       278       703       598       702       675       613       296
 -1       572    6    0    1
 -2       203       206       573        17       224       676       703       223       219       579
 -1       573    6    0    1
 -2       573       206       203       278       676       224       703       675       623       613
 -1       574    6    0    1
 -2       343       272       199       271       646       633       667       666       314       631
 -1       575    6    0    1
 -2       272       343       200       339       646       645       603       602       395       601
 -1       576    6    0    1
 -2       343       272       200       199       646       603       645       667       633       242
 -1       577    6    0    1
 -2       273       343       199       271       640       667       665       311       666       631
 -1       578    6    0    1
 -2       273       343       201       199       640       641       591       665       667       239
 -1       579    6    0    1
 -2       343       273       201       344       640       591       641       392       590       592
 -1       580    6    0    1
 -2       196       275       353       268       662       639       581       584       299       583
 -1       581    6    0    1
 -2       275       353       203       196       639       638       598       662       581       227
 -1       582    6    0    1
 -2       353       275       203       354       639       598       638       380       599       595
 -1       583    6    0    1
 -2        89       352       268       274       413       582       325       328       588       302
 -1       584    6    0    1
 -2       352        89       268       353       413       325       582       383       410       583
 -1       585    6    0    1
 -2        66       196       352       202       254       580       381       255       230       586
 -1       586    6    0    1
 -2       196        66       352       353       254       381       580       581       379       383
 -1       587    6    0    1
 -2        90       274       351       352       327       587       414       412       588       386
 -1       588    6    0    1
 -2       351       274        90       276       587       327       414       617       305       330
 -1       589    6    0    1
 -2        67       202       351       204       256       585       385       257       233       616
 -1       590    6    0    1
 -2       202        67       351       352       256       385       585       586       382       386
 -1       591    6    0    1
 -2        68       351       201       204       384       593       259       258       616       236
 -1       592    6    0    1
 -2       201       351        68       344       593       384       259       592       389       387
 -1       593    6    0    1
 -2        91       351       273       344       415       594       332       417       389       590
 -1       594    6    0    1
 -2       273       351        91       276       594       415       332       308       617       329
 -1       595    6    0    1
 -2         4       575       350       269       701       627       363       286       636       644
 -1       596    6    0    1
 -2       350       575         4       108       627       701       363       366       626       110
 -1       597    6    0    1
 -2       575       574       349       347       699       659       695       692       660       405
 -1       598    6    0    1
 -2       349       574       575       267       659       699       695       682       683       700
 -1       599    6    0    1
 -2       349       575         4       267       695       701       361       682       700       285
 -1       600    6    0    1
 -2         4       575       349       108       701       695       361       110       626       365
 -1       601    6    0    1
 -2       348       575         3       109       690       694       355       360       625       112
 -1       602    6    0    1
 -2         3       575       348       195       694       690       355       212       691       647
 -1       603    6    0    1
 -2       434         7         5       439       705       114       704       706       441       440
 -1       604    6    0    1
 -2         6       434         5        10       436       704       113       121       437       432
 -1       605    6    0    1
 -2        12         7         8       434       433       115       123       438       705       435
 -1       606    6    0    1
 -2         6         8         5       434       116       430       113       436       435       704
 -1       607    6    0    1
 -2       434         8         5         7       435       430       704       705       115       114
 -1       608    6    0    1
 -2       439         9        12        11       442       431       707       443       118       119
 -1       609    6    0    1
 -2       439         7        12       434       441       433       707       706       705       438
 -1       610    6    0    1
 -2        12         7       439        11       433       441       707       119       124       443
 -1       611    6    0    1
 -2        10        12       439         9       120       707       708       117       431       442
 -1       612    6    0    1
 -2       439        12        10       434       707       120       708       706       438       437
 -1       613    6    0    1
 -2       439         5        10         9       440       432       708       442       122       117
 -1       614    6    0    1
 -2        10         5       439       434       432       440       708       437       704       706
 -1       615    6    0    1
 -2       523       154       526       711       549       551       553       713       712       714
 -1       616    6    0    1
 -2       154       155       526       711       166       552       551       712       715       714
 -1       617    6    0    1
 -2       523       470       153       710       717       716       548       719       718       720
 -1       618    6    0    1
 -2       153       470       129       710       716       496       457       720       718       721
 -1       619    6    0    1
 -2       474       149       527       709       723       532       722       725       724       726
 -1       620    6    0    1
 -2       523       130       470       710       727       495       717       719       728       718
 -1       621    6    0    1
 -2       473       155       131       711       729       459       498       730       715       731
 -1       622    6    0    1
 -2       153       129       154       710       457       455       165       720       721       732
 -1       623    6    0    1
 -2       477       523       153       530       734       548       733       735       550       546
 -1       624    6    0    1
 -2       529       472       476       471       737       488       736       738       519       491
 -1       625    6    0    1
 -2       524       523       477       530       570       734       739       547       550       735
 -1       626    6    0    1
 -2       159       475       521       528       741       740       533       560       742       562
 -1       627    6    0    1
 -2       127       471       529       476       490       738       743       486       491       736
 -1       628    6    0    1
 -2       473       526       155       711       744       552       729       730       714       715
 -1       629    6    0    1
 -2       130       523       154       710       727       549       456       728       719       732
 -1       630    6    0    1
 -2       471       467       470       520       516       518       517       745       434       746
 -1       631    6    0    1
 -2       471       472       467       520       519       514       516       745       747       434
 -1       632    6    0    1
 -2       470       520       523       524       746       569       717       748       571       570
 -1       633    6    0    1
 -2       472       471       525       520       519       749       750       747       745       566
 -1       634    6    0    1
 -2       468       467       472       520       512       514       513       751       434       747
 -1       635    6    0    1
 -2       525       520       471       524       566       745       749       572       571       752
 -1       636    6    0    1
 -2       468       472       521       520       513       753       754       751       747       563
 -1       637    6    0    1
 -2       471       520       470       524       745       746       517       752       571       748
 -1       638    6    0    1
 -2       521       472       525       520       753       750       567       563       747       566
 -1       639    6    0    1
 -2        14       149       527       474       160       532       531       755       723       722
 -1       640    6    0    1
 -2       126       529       476       127       756       736       487       138       743       486
 -1       641    6    0    1
 -2       524       477       152       530       739       757       543       547       735       545
 -1       642    6    0    1
 -2       477       530       153       152       735       546       733       757       545       164
 -1       643    6    0    1
 -2       475       159       158       528       741       170       758       742       560       559
 -1       644    6    0    1
 -2        14       527       468       474       531       759       760       755       722       482
 -1       645    6    0    1
 -2       529       126       476       472       756       487       736       737       483       488
 -1       646    6    0    1
 -2       129       130       154       710       141       456       455       721       728       732
 -1       647    6    0    1
 -2       474       125       149       709       478       446       723       725       761       724
 -1       648    6    0    1
 -2       525       472       529       471       750       737       541       749       519       738
 -1       649    6    0    1
 -2       153       477       470       523       733       497       716       548       734       717
 -1       650    6    0    1
 -2       159       521       475       468       533       740       741       762       754       509
 -1       651    6    0    1
 -2       525       471       529       524       749       738       541       572       752       544
 -1       652    6    0    1
 -2       524       477       523       470       739       734       570       748       497       717
 -1       653    6    0    1
 -2       477       470       524       471       497       748       739       494       517       752
 -1       654    6    0    1
 -2       127       529       471       524       743       738       490       763       544       752
 -1       655    6    0    1
 -2       473       130       470       523       499       495       500       764       727       717
 -1       656    6    0    1
 -2       153       154       523       710       165       549       548       720       732       719
 -1       657    6    0    1
 -2        14       468       521       159       760       754       534       171       762       533
 -1       658    6    0    1
 -2       127       471       128       524       490       489       139       763       752       765
 -1       659    6    0    1
 -2       527       149       525       709       532       536       538       726       724       766
 -1       660    6    0    1
 -2       521       475       522       528       740       767       564       562       742       561
 -1       661    6    0    1
 -2       522       133       156       157       768       462       555       556       465       168
 -1       662    6    0    1
 -2       159       468       475       135       762       509       741       447       481       506
 -1       663    6    0    1
 -2       470       129       477       153       496       492       497       716       457       733
 -1       664    6    0    1
 -2       477       128       471       524       493       489       494       739       765       752
 -1       665    6    0    1
 -2        14       468        13       474       760       480       148       755       482       479
 -1       666    6    0    1
 -2       468        14       521       527       760       534       754       759       531       535
 -1       667    6    0    1
 -2       529       525       150       472       541       537       539       737       750       769
 -1       668    6    0    1
 -2       529       524       127       151       544       763       743       540       542       451
 -1       669    6    0    1
 -2       468       521       469       520       754       770       511       751       563       771
 -1       670    6    0    1
 -2       473       523       470       520       764       717       500       772       569       746
 -1       671    6    0    1
 -2       469       467       468       520       510       512       511       771       434       751
 -1       672    6    0    1
 -2       473       470       467       520       500       518       515       772       746       434
 -1       673    6    0    1
 -2       130       129       470       710       141       496       495       728       721       718
 -1       674    6    0    1
 -2       524       151       128       127       542       452       765       763       451       139
 -1       675    6    0    1
 -2       468        14       135       159       760       445       481       762       171       447
 -1       676    6    0    1
 -2       468        13       135        14       480       147       481       760       148       445
 -1       677    6    0    1
 -2       522       475       158       528       767       758       558       561       742       559
 -1       678    6    0    1
 -2       469       468       475       521       511       509       508       770       754       740
 -1       679    6    0    1
 -2       474        14       125        13       755       444       478       479       148       136
 -1       680    6    0    1
 -2       149        14       125       474       160       444       446       723       755       478
 -1       681    6    0    1
 -2       529       127       126       151       743       138       756       540       451       450
 -1       682    6    0    1
 -2       475       135       158       159       506       466       758       741       447       170
 -1       683    6    0    1
 -2       477       153       129       152       733       457       492       757       164       453
 -1       684    6    0    1
 -2       524       152       477       128       543       757       739       765       454       493
 -1       685    6    0    1
 -2       475       158       135       134       758       466       506       507       464       146
 -1       686    6    0    1
 -2       150       126       529       472       449       756       539       769       483       737
 -1       687    6    0    1
 -2       152       151       128       524       163       452       454       543       542       765
 -1       688    6    0    1
 -2       125       126       150       472       137       449       448       484       483       769
 -1       689    6    0    1
 -2       133       132       469       522       144       503       502       768       773       774
 -1       690    6    0    1
 -2       522       156       133       132       555       462       768       773       461       144
 -1       691    6    0    1
 -2       134       475       158       522       507       758       464       775       767       558
 -1       692    6    0    1
 -2       126       150       529       151       449       539       756       450       162       540
 -1       693    6    0    1
 -2       477       129       128       152       492       140       493       757       453       454
 -1       694    6    0    1
 -2       469       521       522       520       770       564       774       771       563       565
 -1       695    6    0    1
 -2       523       473       526       520       764       744       553       569       772       568
 -1       696    6    0    1
 -2       467       469       473       520       510       504       515       434       771       772
 -1       697    6    0    1
 -2       522       132       469       473       773       503       774       776       501       504
 -1       698    6    0    1
 -2       132       156       526       522       461       554       777       773       555       557
 -1       699    6    0    1
 -2       526       473       132       522       744       501       777       557       776       773
 -1       700    6    0    1
 -2       522       158       133       157       558       463       768       556       169       465
 -1       701    6    0    1
 -2       522       133       158       134       768       463       558       775       145       464
 -1       702    6    0    1
 -2       472       125       474       709       484       478       485       778       761       725
 -1       703    6    0    1
 -2       475       134       469       522       507       505       508       767       775       774
 -1       704    6    0    1
 -2       521       522       475       469       564       767       740       770       774       508
 -1       705    6    0    1
 -2       134       133       469       522       145       502       505       775       768       774
 -1       706    6    0    1
 -2       523       526       473       711       553       744       764       713       714       730
 -1       707    6    0    1
 -2       522       473       469       520       776       504       774       565       772       771
 -1       708    6    0    1
 -2       473       522       526       520       776       557       744       772       565       568
 -1       709    6    0    1
 -2       132       155       131       473       460       459       143       501       729       498
 -1       710    6    0    1
 -2       154       131       155       711       458       459       166       712       731       715
 -1       711    6    0    1
 -2       155       156       526       132       167       554       552       460       461       777
 -1       712    6    0    1
 -2       155       132       526       473       460       777       552       729       501       744
 -1       713    6    0    1
 -2       150       149       709       525       161       724       779       537       536       766
 -1       714    6    0    1
 -2       709       149       150       125       724       161       779       761       446       448
 -1       715    6    0    1
 -2       709       472       150       525       778       769       779       766       750       537
 -1       716    6    0    1
 -2       150       472       709       125       769       778       779       448       484       761
 -1       717    6    0    1
 -2       468       709       474       527       780       725       482       759       726       722
 -1       718    6    0    1
 -2       474       709       468       472       725       780       482       485       778       513
 -1       719    6    0    1
 -2       468       521       709       527       754       781       780       759       535       726
 -1       720    6    0    1
 -2       709       521       468       472       781       754       780       778       753       513
 -1       721    6    0    1
 -2       521       525       709       527       567       766       781       535       538       726
 -1       722    6    0    1
 -2       709       525       521       472       766       567       781       778       750       753
 -1       723    6    0    1
 -2       130       711       473       131       782       730       499       142       731       498
 -1       724    6    0    1
 -2       711       130       473       523       782       499       730       713       727       764
 -1       725    6    0    1
 -2       711       130       154       131       782       456       712       731       142       458
 -1       726    6    0    1
 -2       130       711       154       523       782       712       456       727       713       549
 -3
    1PSTEP                         1           1           1          
  100CL  101 1.000000000         782                     0    1           1
 -4  DISP        4    1
 -5  D1          1    2    1    0
 -5  D2          1    2    2    0
 -5  D3          1    2    3    0
 -5  ALL         1    2    0    0    1ALL
 -1         1-3.87104E+11-1.12054E+11 9.22135E+10
 -1         2-2.71309E+11-1.12054E+11 7.63250E+10
 -1         3-2.52129E+11-9.29881E+10 9.22135E+10
 -1         4-1.36333E+11-9.29881E+10 7.63250E+10
 -1         5 2.59628E+10-8.15182E+09 7.98171E+08
 -1         6 2.63806E+09-4.39676E+09 7.98171E+08
 -1         7 2.06867E+10-8.15182E+09 9.68855E+08
 -1         8-2.63806E+09-4.39676E+09 9.68855E+08
 -1         9 2.59628E+10 6.41707E+08-9.68855E+08
 -1        10 2.63806E+09 4.39676E+09-9.68855E+08
 -1        11 2.06867E+10 6.41707E+08-7.98171E+08
 -1        12-2.63806E+09 4.39676E+09-7.98171E+08
 -1        13 3.42241E-03-1.65565E-03 9.66779E-04
 -1        14 4.00716E-03-1.65098E-03 7.14283E-04
 -1        15-3.56965E+11 7.99829E+09 2.04693E+11
 -1        16-2.74625E+11 1.04398E+11 2.87034E+11
 -1        17-1.62145E+11 1.51313E+11 3.17173E+11
 -1        18-4.96650E+10 1.36175E+11 2.87034E+11
 -1        19 3.26759E+10 6.30379E+10 2.04693E+11
 -1        20 6.28148E+10-4.85001E+10 9.22135E+10
 -1        21 3.26759E+10-1.68553E+11-2.02662E+10
 -1        22-4.96650E+10-2.64952E+11-1.02607E+11
 -1        23-1.62145E+11-3.11868E+11-1.32746E+11
 -1        24-2.74625E+11-2.96729E+11-1.02607E+11
 -1        25-3.56965E+11-2.23592E+11-2.02662E+10
 -1        26-3.79439E+11-5.10315E+10 1.50437E+11
 -1        27-3.21215E+11 6.10122E+10 2.51284E+11
 -1        28-2.20369E+11 1.35198E+11 3.09508E+11
 -1        29-1.03921E+11 1.51647E+11 3.09508E+11
 -1        30-3.07432E+09 1.05952E+11 2.51284E+11
 -1        31 5.51495E+10 1.03572E+10 1.50437E+11
 -1        32 5.51495E+10-1.09523E+11 3.39897E+10
 -1        33-3.07432E+09-2.21567E+11-6.68569E+10
 -1        34-1.03921E+11-2.95752E+11-1.25081E+11
 -1        35-2.20369E+11-3.12201E+11-1.25081E+11
 -1        36-3.21215E+11-2.66506E+11-6.68569E+10
 -1        37-3.79439E+11-1.70912E+11 3.39897E+10
 -1        38-3.29207E+11-1.12054E+11 8.42693E+10
 -1        39-2.41170E+11 7.99829E+09 1.88805E+11
 -1        40-1.58829E+11 1.04398E+11 2.71146E+11
 -1        41-4.63495E+10 1.51313E+11 3.01285E+11
 -1        42 6.61303E+10 1.36175E+11 2.71146E+11
 -1        43 1.48471E+11 6.30379E+10 1.88805E+11
 -1        44 1.78610E+11-4.85001E+10 7.63250E+10
 -1        45 1.48471E+11-1.68553E+11-3.61548E+10
 -1        46 6.61303E+10-2.64952E+11-1.18496E+11
 -1        47-4.63495E+10-3.11868E+11-1.48635E+11
 -1        48-1.58829E+11-2.96729E+11-1.18496E+11
 -1        49-2.41170E+11-2.23592E+11-3.61548E+10
 -1        50-2.63644E+11-5.10315E+10 1.34549E+11
 -1        51-2.05420E+11 6.10122E+10 2.35395E+11
 -1        52-1.04573E+11 1.35198E+11 2.93619E+11
 -1        53 1.18744E+10 1.51647E+11 2.93619E+11
 -1        54 1.12721E+11 1.05952E+11 2.35395E+11
 -1        55 1.70945E+11 1.03572E+10 1.34549E+11
 -1        56 1.70945E+11-1.09523E+11 1.81012E+10
 -1        57 1.12721E+11-2.21567E+11-8.27454E+10
 -1        58 1.18744E+10-2.95752E+11-1.40969E+11
 -1        59-1.04573E+11-3.12201E+11-1.40969E+11
 -1        60-2.05420E+11-2.66506E+11-8.27454E+10
 -1        61-2.63644E+11-1.70912E+11 1.81012E+10
 -1        62-2.40073E+11-4.49670E+10 1.37205E+11
 -1        63-2.07137E+11-6.40731E+09 1.70142E+11
 -1        64-1.62145E+11 1.23590E+10 1.82197E+11
 -1        65-1.17153E+11 6.30354E+09 1.70142E+11
 -1        66-8.42165E+10-2.29512E+10 1.37205E+11
 -1        67-7.21609E+10-6.75664E+10 9.22135E+10
 -1        68-8.42165E+10-1.15587E+11 4.72216E+10
 -1        69-1.17153E+11-1.54147E+11 1.42853E+10
 -1        70-1.62145E+11-1.72913E+11 2.22973E+09
 -1        71-2.07137E+11-1.66858E+11 1.42853E+10
 -1        72-2.40073E+11-1.37603E+11 4.72216E+10
 -1        73-2.49062E+11-6.85789E+10 1.15503E+11
 -1        74-2.25773E+11-2.37614E+10 1.55842E+11
 -1        75-1.85434E+11 5.91271E+09 1.79131E+11
 -1        76-1.38855E+11 1.24923E+10 1.79131E+11
 -1        77-9.85166E+10-5.78558E+09 1.55842E+11
 -1        78-7.52270E+10-4.40235E+10 1.15503E+11
 -1        79-7.52270E+10-9.19755E+10 6.89240E+10
 -1        80-9.85166E+10-1.36793E+11 2.85854E+10
 -1        81-1.38855E+11-1.66467E+11 5.29585E+09
 -1        82-1.85434E+11-1.73047E+11 5.29585E+09
 -1        83-2.25773E+11-1.54769E+11 2.85854E+10
 -1        84-2.49062E+11-1.16531E+11 6.89240E+10
 -1        85-1.24278E+11-4.49670E+10 1.21317E+11
 -1        86-9.13414E+10-6.40731E+09 1.54253E+11
 -1        87-4.63495E+10 1.23590E+10 1.66309E+11
 -1        88-1.35754E+09 6.30354E+09 1.54253E+11
 -1        89 3.15788E+10-2.29512E+10 1.21317E+11
 -1        90 4.36344E+10-6.75664E+10 7.63250E+10
 -1        91 3.15788E+10-1.15587E+11 3.13331E+10
 -1        92-1.35754E+09-1.54147E+11-1.60328E+09
 -1        93-4.63495E+10-1.72913E+11-1.36588E+10
 -1        94-9.13414E+10-1.66858E+11-1.60328E+09
 -1        95-1.24278E+11-1.37603E+11 3.13331E+10
 -1        96-1.33267E+11-6.85789E+10 9.96145E+10
 -1        97-1.09978E+11-2.37614E+10 1.39953E+11
 -1        98-6.96390E+10 5.91271E+09 1.63243E+11
 -1        99-2.30599E+10 1.24923E+10 1.63243E+11
 -1       100 1.72787E+10-5.78558E+09 1.39953E+11
 -1       101 4.05682E+10-4.40235E+10 9.96145E+10
 -1       102 4.05682E+10-9.19755E+10 5.30355E+10
 -1       103 1.72787E+10-1.36793E+11 1.26968E+10
 -1       104-2.30599E+10-1.66467E+11-1.05927E+10
 -1       105-6.96390E+10-1.73047E+11-1.05927E+10
 -1       106-1.09978E+11-1.54769E+11 1.26968E+10
 -1       107-1.33267E+11-1.16531E+11 5.30355E+10
 -1       108-1.74932E+11-9.29881E+10 8.16212E+10
 -1       109-2.13530E+11-9.29881E+10 8.69174E+10
 -1       110-1.55632E+11-9.29881E+10 7.89731E+10
 -1       111-1.94231E+11-9.29881E+10 8.42693E+10
 -1       112-2.32829E+11-9.29881E+10 8.95654E+10
 -1       113 1.43004E+10-6.27429E+09 7.98171E+08
 -1       114 2.33248E+10-8.15182E+09 8.83513E+08
 -1       115 9.02432E+09-6.27429E+09 9.68855E+08
 -1       116 2.26687E-03-4.39676E+09 8.83513E+08
 -1       117 1.43004E+10 2.51923E+09-9.68855E+08
 -1       118 2.33248E+10 6.41707E+08-8.83513E+08
 -1       119 9.02432E+09 2.51923E+09-7.98171E+08
 -1       120 2.19321E-03 4.39676E+09-8.83513E+08
 -1       121 2.63806E+09-8.66102E-04-8.53422E+07
 -1       122 2.59628E+10-3.75506E+09-8.53422E+07
 -1       123-2.63806E+09-9.17511E-04 8.53422E+07
 -1       124 2.06867E+10-3.75506E+09 8.53422E+07
 -1       125 3.29218E-03-7.73400E-04 2.78370E-04
 -1       126 2.81416E-03-7.39477E-05-2.73953E-04
 -1       127 2.09223E-03 2.50474E-04-5.08357E-04
 -1       128 1.35741E-03 1.71551E-04-2.92951E-04
 -1       129 9.02858E-04-8.93433E-05 2.78208E-04
 -1       130 8.42729E-04-1.67509E-04 1.00888E-03
 -1       131 1.05565E-03-1.06958E-04 1.62249E-03
 -1       132 1.37007E-03-8.84235E-04 2.35393E-03
 -1       133 2.05079E-03-2.26926E-03 2.42020E-03
 -1       134 2.74392E-03-2.73089E-03 2.12412E-03
 -1       135 3.21932E-03-2.41765E-03 1.61817E-03
 -1       136 3.40269E-03-1.20852E-03 6.17097E-04
 -1       137 3.09212E-03-3.84711E-04-2.85162E-05
 -1       138 2.47288E-03 1.41151E-04-4.40998E-04
 -1       139 1.70741E-03 2.55987E-04-4.56860E-04
 -1       140 1.07912E-03 3.91983E-05 0.00000E+00
 -1       141 8.13100E-04-1.60838E-04 6.32764E-04
 -1       142 9.33006E-04-1.31755E-04 1.33790E-03
 -1       143 1.13791E-03-2.93463E-04 1.93487E-03
 -1       144 1.70310E-03-1.64817E-03 2.46090E-03
 -1       145 2.42837E-03-2.61114E-03 2.31207E-03
 -1       146 3.01062E-03-2.65175E-03 1.89697E-03
 -1       147 3.36039E-03-2.07222E-03 1.30463E-03
 -1       148 3.71603E-03-1.65226E-03 8.40862E-04
 -1       149 3.82142E-03-7.69337E-04 6.99244E-05
 -1       150 3.28460E-03-7.29335E-05-4.24900E-04
 -1       151 2.51441E-03 2.49764E-04-6.01424E-04
 -1       152 1.71026E-03 1.50530E-04-3.13638E-04
 -1       153 1.13871E-03-1.02003E-04 1.86785E-04
 -1       154 9.15529E-04-1.94094E-04 6.72997E-04
 -1       155 6.47355E-04 7.42314E-05 6.08973E-04
 -1       156 1.23943E-03-7.53297E-04 1.14756E-03
 -1       157 2.50267E-03-2.27805E-03 1.84242E-03
 -1       158 3.32766E-03-2.72723E-03 1.75804E-03
 -1       159 3.83322E-03-2.41477E-03 1.33086E-03
 -1       160 3.96109E-03-1.20348E-03 3.86181E-04
 -1       161 3.59243E-03-3.81853E-04-2.08364E-04
 -1       162 2.91914E-03 1.41889E-04-5.61795E-04
 -1       163 2.09837E-03 2.49898E-04-5.21404E-04
 -1       164 1.37923E-03 0.00000E+00 0.00000E+00
 -1       165 9.83905E-04-1.63155E-04 4.29445E-04
 -1       166 8.40482E-04-7.85873E-05 7.55858E-04
 -1       167 0.00000E+00 0.00000E+00 0.00000E+00
 -1       168 1.93134E-03-1.62061E-03 1.62397E-03
 -1       169 2.96161E-03-2.61857E-03 1.85618E-03
 -1       170 3.61499E-03-2.64586E-03 1.57703E-03
 -1       171 3.96359E-03-2.06913E-03 1.03488E-03
 -1       172-3.21541E+11-5.10315E+10 1.42493E+11
 -1       173-3.21541E+11-1.70912E+11 2.60455E+10
 -1       174-2.99068E+11 7.99829E+09 1.96749E+11
 -1       175-2.99068E+11-2.23592E+11-2.82105E+10
 -1       176-2.63318E+11 6.10122E+10 2.43340E+11
 -1       177-1.62471E+11 1.35198E+11 3.01563E+11
 -1       178-1.04247E+11 1.51313E+11 3.09229E+11
 -1       179-2.16727E+11 1.04398E+11 2.79090E+11
 -1       180-4.60233E+10 1.51647E+11 3.01563E+11
 -1       181 8.23267E+09 1.36175E+11 2.79090E+11
 -1       182 5.48233E+10 1.05952E+11 2.43340E+11
 -1       183 9.05736E+10 6.30379E+10 1.96749E+11
 -1       184 1.13047E+11 1.03572E+10 1.42493E+11
 -1       185 1.13047E+11-1.09523E+11 2.60455E+10
 -1       186 1.20712E+11-4.85001E+10 8.42693E+10
 -1       187 5.48233E+10-2.21567E+11-7.48012E+10
 -1       188 8.23267E+09-2.64952E+11-1.10551E+11
 -1       189 9.05736E+10-1.68553E+11-2.82105E+10
 -1       190-4.60233E+10-2.95752E+11-1.33025E+11
 -1       191-1.62471E+11-3.12201E+11-1.33025E+11
 -1       192-2.16727E+11-2.96729E+11-1.10551E+11
 -1       193-1.04247E+11-3.11868E+11-1.40690E+11
 -1       194-2.63318E+11-2.66506E+11-7.48012E+10
 -1       195-3.05552E+11-6.09760E+10 1.30639E+11
 -1       196-5.71636E+10 4.26277E+10 1.97195E+11
 -1       197-3.03207E+11-1.40408E+11 5.31597E+10
 -1       198-2.64391E+11-2.02257E+11-1.22442E+10
 -1       199-1.23719E+11-2.22483E+11-5.11933E+10
 -1       200-1.99027E+11-2.28851E+11-4.70459E+10
 -1       201-5.77917E+10-1.71199E+11-1.04234E+10
 -1       202-2.04539E+10-2.24706E+10 1.28923E+11
 -1       203-1.25435E+11 7.07757E+10 2.33904E+11
 -1       204-2.31887E+10-9.89794E+10 5.49804E+10
 -1       205-2.64782E+11 1.26536E+10 1.96567E+11
 -1       206-1.99378E+11 5.75153E+10 2.31170E+11
 -1       207-3.31259E+11-2.64889E+10 1.67666E+11
 -1       208-3.46328E+11-8.65152E+10 1.11426E+11
 -1       209-3.45156E+11-1.26231E+11 7.26866E+10
 -1       210-3.30086E+11-1.82000E+11 1.64467E+10
 -1       211-3.04380E+11-1.00692E+11 9.18995E+10
 -1       212-2.78840E+11-7.69820E+10 1.11426E+11
 -1       213-2.72812E+11-5.29715E+10 1.33922E+11
 -1       214-2.71640E+11-1.39006E+11 5.01907E+10
 -1       215-2.77668E+11-1.16698E+11 7.26866E+10
 -1       216-2.69703E+11 5.85256E+10 2.41800E+11
 -1       217-3.10874E+11 1.03259E+10 2.00630E+11
 -1       218-2.85167E+11-2.41612E+10 1.63603E+11
 -1       219-1.80761E+11 1.04414E+11 2.74171E+11
 -1       220-2.37001E+11 8.09564E+10 2.59102E+11
 -1       221-2.32080E+11 3.50844E+10 2.13868E+11
 -1       222-8.75500E+10 1.03475E+11 2.60469E+11
 -1       223-1.43790E+11 1.11045E+11 2.75539E+11
 -1       224-1.62406E+11 6.41455E+10 2.32537E+11
 -1       225-1.22438E+10 5.28328E+10 2.00944E+11
 -1       226-5.34143E+10 8.94012E+10 2.42114E+11
 -1       227-9.12993E+10 5.67017E+10 2.15550E+11
 -1       228 2.11805E+10-3.54853E+10 1.10568E+11
 -1       229 6.11102E+09 2.02836E+10 1.66808E+11
 -1       230-3.88088E+10 1.00786E+10 1.63059E+11
 -1       231 4.74361E+09-1.33766E+11 1.73571E+10
 -1       232 1.98130E+10-7.37397E+10 7.35970E+10
 -1       233-2.18213E+10-6.07250E+10 9.19518E+10
 -1       234-5.37284E+10-2.18075E+11-5.65153E+10
 -1       235-1.25579E+10-1.69876E+11-1.53448E+10
 -1       236-4.04902E+10-1.35089E+11 2.22785E+10
 -1       237-1.42932E+11-2.67176E+11-9.19697E+10
 -1       238-8.66920E+10-2.43718E+11-7.69002E+10
 -1       239-9.07554E+10-1.96841E+11-3.08084E+10
 -1       240-2.36826E+11-2.62790E+11-7.48265E+10
 -1       241-1.80586E+11-2.70360E+11-8.98960E+10
 -1       242-1.61373E+11-2.25667E+11-4.91196E+10
 -1       243-3.10678E+11-2.12925E+11-1.62552E+10
 -1       244-2.69508E+11-2.49493E+11-5.74256E+10
 -1       245-2.31709E+11-2.15554E+11-2.96450E+10
 -1       246-2.83799E+11-1.71333E+11 2.04578E+10
 -1       247-2.52427E+11-1.61567E+10 1.66886E+11
 -1       248-2.35959E+11 3.12313E+09 1.83354E+11
 -1       249-2.03257E+11 2.55540E+10 2.00656E+11
 -1       250-1.80761E+11 3.49372E+10 2.06683E+11
 -1       251-1.43790E+11 4.15674E+10 2.08051E+11
 -1       252-1.21294E+11 3.85396E+10 2.02023E+11
 -1       253-8.71582E+10 2.44656E+10 1.83668E+11
 -1       254-7.06900E+10 9.83826E+09 1.67200E+11
 -1       255-5.23352E+10-2.27109E+10 1.33064E+11
 -1       256-4.63074E+10-4.50185E+10 1.10568E+11
 -1       257-4.76748E+10-8.32729E+10 7.35970E+10
 -1       258-5.37026E+10-1.07283E+11 5.11010E+10
 -1       259-7.10041E+10-1.43393E+11 1.83991E+10
 -1       260-8.74723E+10-1.62673E+11 1.93091E+09
 -1       261-1.20436E+11-1.88315E+11-1.84540E+10
 -1       262-1.42932E+11-1.97698E+11-2.44818E+10
 -1       263-1.80586E+11-2.00882E+11-2.24081E+10
 -1       264-2.03082E+11-1.97855E+11-1.63803E+10
 -1       265-2.35764E+11-1.84557E+11 1.02056E+09
 -1       266-2.52232E+11-1.69930E+11 1.74887E+10
 -1       267-1.89756E+11-6.09760E+10 1.14751E+11
 -1       268 5.86317E+10 4.26277E+10 1.81306E+11
 -1       269-1.87412E+11-1.40408E+11 3.72711E+10
 -1       270-1.48596E+11-2.02257E+11-2.81327E+10
 -1       271-7.92370E+09-2.22483E+11-6.70819E+10
 -1       272-8.32315E+10-2.28851E+11-6.29345E+10
 -1       273 5.80036E+10-1.71199E+11-2.63120E+10
 -1       274 9.53414E+10-2.24706E+10 1.13035E+11
 -1       275-9.63972E+09 7.07757E+10 2.18016E+11
 -1       276 9.26066E+10-9.89794E+10 3.90918E+10
 -1       277-1.48986E+11 1.26536E+10 1.80678E+11
 -1       278-8.35826E+10 5.75153E+10 2.15281E+11
 -1       279-2.30533E+11-8.65152E+10 9.55379E+10
 -1       280-2.15463E+11-2.64889E+10 1.51778E+11
 -1       281-2.14291E+11-1.82000E+11 5.58169E+08
 -1       282-2.29361E+11-1.26231E+11 5.67981E+10
 -1       283-1.88584E+11-1.00692E+11 7.60109E+10
 -1       284-1.57017E+11-5.29715E+10 1.18034E+11
 -1       285-1.63045E+11-7.69820E+10 9.55379E+10
 -1       286-1.61873E+11-1.16698E+11 5.67981E+10
 -1       287-1.55845E+11-1.39006E+11 3.43021E+10
 -1       288-1.95078E+11 1.03259E+10 1.84741E+11
 -1       289-1.53908E+11 5.85256E+10 2.25912E+11
 -1       290-1.69371E+11-2.41612E+10 1.47714E+11
 -1       291-1.21206E+11 8.09564E+10 2.43213E+11
 -1       292-6.49660E+10 1.04414E+11 2.58283E+11
 -1       293-1.16285E+11 3.50844E+10 1.97980E+11
 -1       294-2.79946E+10 1.11045E+11 2.59650E+11
 -1       295 2.82453E+10 1.03475E+11 2.44581E+11
 -1       296-4.66112E+10 6.41455E+10 2.16648E+11
 -1       297 6.23810E+10 8.94012E+10 2.26226E+11
 -1       298 1.03551E+11 5.28328E+10 1.85055E+11
 -1       299 2.44960E+10 5.67017E+10 1.99661E+11
 -1       300 1.21906E+11 2.02836E+10 1.50920E+11
 -1       301 1.36976E+11-3.54853E+10 9.46799E+10
 -1       302 7.69865E+10 1.00786E+10 1.47170E+11
 -1       303 1.35608E+11-7.37397E+10 5.77084E+10
 -1       304 1.20539E+11-1.33766E+11 1.46852E+09
 -1       305 9.39740E+10-6.07250E+10 7.60633E+10
 -1       306 1.03237E+11-1.69876E+11-3.12334E+10
 -1       307 6.20669E+10-2.18075E+11-7.24038E+10
 -1       308 7.53051E+10-1.35089E+11 6.38992E+09
 -1       309 2.91033E+10-2.43718E+11-9.27888E+10
 -1       310-2.71366E+10-2.67176E+11-1.07858E+11
 -1       311 2.50399E+10-1.96841E+11-4.66969E+10
 -1       312-6.47905E+10-2.70360E+11-1.05785E+11
 -1       313-1.21030E+11-2.62790E+11-9.07151E+10
 -1       314-4.55776E+10-2.25667E+11-6.50082E+10
 -1       315-1.53712E+11-2.49493E+11-7.33142E+10
 -1       316-1.94883E+11-2.12925E+11-3.21437E+10
 -1       317-1.15914E+11-2.15554E+11-4.55336E+10
 -1       318-1.68004E+11-1.71333E+11 4.56921E+09
 -1       319-1.20164E+11 3.12313E+09 1.67466E+11
 -1       320-1.36632E+11-1.61567E+10 1.50997E+11
 -1       321-6.49660E+10 3.49372E+10 1.90795E+11
 -1       322-8.74620E+10 2.55540E+10 1.84767E+11
 -1       323-5.49863E+09 3.85396E+10 1.86135E+11
 -1       324-2.79946E+10 4.15674E+10 1.92162E+11
 -1       325 4.51052E+10 9.83826E+09 1.51311E+11
 -1       326 2.86371E+10 2.44656E+10 1.67780E+11
 -1       327 6.94879E+10-4.50185E+10 9.46799E+10
 -1       328 6.34601E+10-2.27109E+10 1.17176E+11
 -1       329 6.20927E+10-1.07283E+11 3.52125E+10
 -1       330 6.81205E+10-8.32729E+10 5.77084E+10
 -1       331 2.83230E+10-1.62673E+11-1.39576E+10
 -1       332 4.47912E+10-1.43393E+11 2.51054E+09
 -1       333-2.71366E+10-1.97698E+11-4.03704E+10
 -1       334-4.64062E+09-1.88315E+11-3.43426E+10
 -1       335-8.72864E+10-1.97855E+11-3.22689E+10
 -1       336-6.47905E+10-2.00882E+11-3.82967E+10
 -1       337-1.36437E+11-1.69930E+11 1.60019E+09
 -1       338-1.19969E+11-1.84557E+11-1.48680E+10
 -1       339-1.26520E+11-1.73178E+11-2.91510E+09
 -1       340-1.65109E+11-1.57187E+11 1.79128E+10
 -1       341-1.65109E+11-2.05339E+10 1.50653E+11
 -1       342-1.26520E+11 6.33222E+09 1.71455E+11
 -1       343-8.09576E+10-1.66467E+11-2.64843E+09
 -1       344-4.06189E+10-1.36793E+11 2.06411E+10
 -1       345-2.29763E+11-1.16531E+11 6.62759E+10
 -1       346-1.90487E+11-1.30399E+11 4.74161E+10
 -1       347-1.90487E+11-5.32699E+10 1.22336E+11
 -1       348-2.29763E+11-6.85789E+10 1.12855E+11
 -1       349-1.67751E+11-7.16204E+10 1.01392E+11
 -1       350-1.67751E+11-1.13692E+11 6.05251E+10
 -1       351-1.73294E+10-9.19755E+10 6.09797E+10
 -1       352-1.73294E+10-4.40235E+10 1.07559E+11
 -1       353-4.06189E+10-5.78558E+09 1.47897E+11
 -1       354-8.09576E+10 1.24923E+10 1.71187E+11
 -1       355-2.41709E+11-8.07879E+10 1.02635E+11
 -1       356-2.35629E+11-5.65702E+10 1.25325E+11
 -1       357-2.41709E+11-1.04971E+11 7.91442E+10
 -1       358-2.35629E+11-1.27471E+11 5.64542E+10
 -1       359-2.22410E+11-1.04971E+11 7.64962E+10
 -1       360-2.22410E+11-8.07879E+10 9.99866E+10
 -1       361-1.52628E+11-8.23176E+10 8.89258E+10
 -1       362-1.46920E+11-5.80532E+10 1.11712E+11
 -1       363-1.52628E+11-1.03492E+11 6.83577E+10
 -1       364-1.46920E+11-1.26144E+11 4.55712E+10
 -1       365-1.71927E+11-8.23176E+10 9.15739E+10
 -1       366-1.71927E+11-1.03492E+11 7.10058E+10
 -1       367-2.03410E+11-3.21891E+10 1.44587E+11
 -1       368-1.86438E+11-1.30728E+10 1.60827E+11
 -1       369-1.79249E+11-3.60192E+10 1.37551E+11
 -1       370-2.15369E+11-4.90839E+10 1.29817E+11
 -1       371-2.10422E+11-6.08563E+10 1.17703E+11
 -1       372-1.67145E+11 7.18809E+08 1.71577E+11
 -1       373-1.44420E+11 1.00507E+10 1.77523E+11
 -1       374-1.47099E+11-4.83645E+09 1.63430E+11
 -1       375-1.21451E+11 1.32256E+10 1.77455E+11
 -1       376-9.87606E+10 1.01717E+10 1.71376E+11
 -1       377-1.03721E+11 1.24320E+10 1.74252E+11
 -1       378-7.84172E+10 9.53921E+08 1.59630E+11
 -1       379-6.18070E+10-1.37997E+10 1.43020E+11
 -1       380-5.92552E+10 6.30354E+09 1.62198E+11
 -1       381-5.00617E+10-3.30836E+10 1.22677E+11
 -1       382-4.39819E+10-5.55837E+10 9.99866E+10
 -1       383-2.63188E+10-2.29512E+10 1.29261E+11
 -1       384-5.00617E+10-1.03984E+11 5.38061E+10
 -1       385-4.39819E+10-7.97666E+10 7.64962E+10
 -1       386-1.42633E+10-6.75664E+10 8.42693E+10
 -1       387-6.18070E+10-1.26586E+11 3.34627E+10
 -1       388-7.84172E+10-1.46033E+11 1.68524E+10
 -1       389-2.63188E+10-1.15587E+11 3.92774E+10
 -1       390-9.87606E+10-1.60998E+11 5.10720E+09
 -1       391-1.21451E+11-1.70462E+11-9.72589E+08
 -1       392-5.92552E+10-1.54147E+11 6.34099E+09
 -1       393-1.44420E+11-1.73775E+11-1.03965E+09
 -1       394-1.67145E+11-1.70864E+11 4.90689E+09
 -1       395-1.03721E+11-1.72837E+11-5.71268E+09
 -1       396-1.86438E+11-1.62509E+11 1.56694E+10
 -1       397-2.03410E+11-1.48188E+11 3.19096E+10
 -1       398-1.47099E+11-1.67810E+11 5.12303E+09
 -1       399-1.79249E+11-1.45085E+11 3.16080E+10
 -1       400-2.15369E+11-1.34061E+11 4.72731E+10
 -1       401-2.10422E+11-1.23617E+11 5.67391E+10
 -1       402-1.28540E+11-1.30728E+10 1.52883E+11
 -1       403-1.45512E+11-3.21891E+10 1.36643E+11
 -1       404-1.57471E+11-4.90839E+10 1.21872E+11
 -1       405-1.79546E+11-6.23554E+10 1.12010E+11
 -1       406-8.65222E+10 1.00507E+10 1.69579E+11
 -1       407-1.09248E+11 7.18809E+08 1.63632E+11
 -1       408-4.08630E+10 1.01717E+10 1.63431E+11
 -1       409-6.35530E+10 1.32256E+10 1.69511E+11
 -1       410-3.90931E+09-1.37997E+10 1.35076E+11
 -1       411-2.05196E+10 9.53921E+08 1.51686E+11
 -1       412 1.39157E+10-5.55837E+10 9.20424E+10
 -1       413 7.83593E+09-3.30836E+10 1.14732E+11
 -1       414 1.39157E+10-7.97666E+10 6.85519E+10
 -1       415 7.83593E+09-1.03984E+11 4.58618E+10
 -1       416-2.05196E+10-1.46033E+11 8.90817E+09
 -1       417-3.90931E+09-1.26586E+11 2.55184E+10
 -1       418-6.35530E+10-1.70462E+11-8.91687E+09
 -1       419-4.08630E+10-1.60998E+11-2.83708E+09
 -1       420-1.09248E+11-1.70864E+11-3.03738E+09
 -1       421-8.65222E+10-1.73775E+11-8.98392E+09
 -1       422-1.45512E+11-1.48188E+11 2.39653E+10
 -1       423-1.28540E+11-1.62509E+11 7.72512E+09
 -1       424-1.57471E+11-1.34061E+11 3.93288E+10
 -1       425-1.79546E+11-1.22255E+11 5.38249E+10
 -1       426-1.91226E+11-8.23176E+10 9.42220E+10
 -1       427-1.91226E+11-1.03492E+11 7.36539E+10
 -1       428-2.04027E+11-1.12431E+11 6.67267E+10
 -1       429-2.04027E+11-7.29610E+10 1.05067E+11
 -1       430 1.16624E+10-6.27429E+09 8.83513E+08
 -1       431 1.16624E+10 2.51923E+09-8.83513E+08
 -1       432 1.43004E+10-1.87753E+09-8.53422E+07
 -1       433 9.02432E+09-1.87753E+09 8.53422E+07
 -1       434 2.31298E-03-8.29979E-04 9.32903E-04
 -1       435-1.31903E+09-2.19838E+09 4.84428E+08
 -1       436 1.31903E+09-2.19838E+09 3.99086E+08
 -1       437 1.31903E+09 2.19838E+09-4.84428E+08
 -1       438-1.31903E+09 2.19838E+09-3.99086E+08
 -1       439 2.33248E+10-3.75506E+09 2.94454E-03
 -1       440 2.46438E+10-5.95344E+09 3.99086E+08
 -1       441 2.20057E+10-5.95344E+09 4.84428E+08
 -1       442 2.46438E+10-1.55667E+09-4.84428E+08
 -1       443 2.20057E+10-1.55667E+09-3.99086E+08
 -1       444 3.68157E-03-1.20455E-03 5.01511E-04
 -1       445 3.66218E-03-2.07016E-03 1.16993E-03
 -1       446 3.55718E-03-7.69317E-04 1.73505E-04
 -1       447 3.52651E-03-2.41667E-03 1.47520E-03
 -1       448 3.34384E-03-3.81361E-04-1.19685E-04
 -1       449 3.05026E-03-7.14805E-05-3.50617E-04
 -1       450 2.69658E-03 1.43070E-04-5.02129E-04
 -1       451 2.30341E-03 2.51424E-04-5.54691E-04
 -1       452 1.90187E-03 2.54844E-04-4.92473E-04
 -1       453 1.23061E-03 1.62122E-05-5.47835E-05
 -1       454 1.53400E-03 1.64363E-04-3.18275E-04
 -1       455 8.90961E-04-1.71401E-04 5.24904E-04
 -1       456 8.61601E-04-1.90664E-04 8.27190E-04
 -1       457 1.02625E-03-1.02712E-04 2.18812E-04
 -1       458 8.98493E-04-1.47797E-04 1.04900E-03
 -1       459 9.20130E-04-4.73730E-05 1.17281E-03
 -1       460 9.30758E-04-2.29512E-04 1.34138E-03
 -1       461 1.37202E-03-8.79279E-04 1.83704E-03
 -1       462 1.81602E-03-1.65308E-03 2.05888E-03
 -1       463 2.68894E-03-2.61890E-03 2.07934E-03
 -1       464 3.03258E-03-2.73414E-03 1.93970E-03
 -1       465 2.27552E-03-2.28712E-03 2.14141E-03
 -1       466 3.31307E-03-2.65021E-03 1.73785E-03
 -1       467 2.05249E-03-8.57152E-04 1.01228E-03
 -1       468 2.73546E-03-1.50692E-03 1.14470E-03
 -1       469 2.20585E-03-1.81508E-03 1.56972E-03
 -1       470 1.31834E-03-5.45005E-04 7.62603E-04
 -1       471 1.87622E-03-2.87854E-04 2.41032E-04
 -1       472 2.60588E-03-6.62490E-04 4.62991E-04
 -1       473 1.44676E-03-1.16016E-03 1.36211E-03
 -1       474 3.02102E-03-1.13504E-03 7.26967E-04
 -1       475 2.72830E-03-2.12062E-03 1.61477E-03
 -1       476 2.36190E-03-1.78747E-04-1.75532E-05
 -1       477 1.34347E-03-1.92414E-04 2.55948E-04
 -1       478 3.15914E-03-9.55459E-04 5.04461E-04
 -1       479 3.22424E-03-1.39276E-03 8.48536E-04
 -1       480 3.08692E-03-1.58685E-03 1.05934E-03
 -1       481 2.98238E-03-1.95845E-03 1.38191E-03
 -1       482 2.87820E-03-1.31856E-03 9.42310E-04
 -1       483 2.71477E-03-3.72092E-04 9.70604E-05
 -1       484 2.95510E-03-7.22404E-04 3.71106E-04
 -1       485 2.81689E-03-8.90381E-04 6.00520E-04
 -1       486 2.22887E-03 4.01211E-05-2.60931E-04
 -1       487 2.59143E-03-1.27726E-04-1.46103E-04
 -1       488 2.48792E-03-4.11526E-04 2.24988E-04
 -1       489 1.61341E-03-4.19817E-05-2.42695E-05
 -1       490 1.99036E-03-2.45127E-05-1.27252E-04
 -1       491 2.12515E-03-2.30792E-04 1.10393E-04
 -1       492 1.11420E-03-1.45306E-04 2.68526E-04
 -1       493 1.35096E-03-1.40118E-05-7.15258E-06
 -1       494 1.60261E-03-2.33911E-04 2.43690E-04
 -1       495 1.04695E-03-4.08985E-04 8.90260E-04
 -1       496 1.11653E-03-2.85833E-04 5.27605E-04
 -1       497 1.33403E-03-3.67581E-04 5.13589E-04
 -1       498 1.19482E-03-7.48811E-04 1.53717E-03
 -1       499 1.11270E-03-6.03092E-04 1.21616E-03
 -1       500 1.37492E-03-8.32654E-04 1.09138E-03
 -1       501 1.39894E-03-1.17717E-03 1.76952E-03
 -1       502 2.15249E-03-2.08654E-03 1.97208E-03
 -1       503 1.80713E-03-1.64254E-03 1.89741E-03
 -1       504 1.83667E-03-1.49794E-03 1.45255E-03
 -1       505 2.49131E-03-2.25779E-03 1.86067E-03
 -1       506 2.97815E-03-2.27265E-03 1.61966E-03
 -1       507 2.73632E-03-2.42788E-03 1.86528E-03
 -1       508 2.47298E-03-1.96837E-03 1.59800E-03
 -1       509 2.72782E-03-1.81158E-03 1.37835E-03
 -1       510 2.08314E-03-1.35712E-03 1.23419E-03
 -1       511 2.46248E-03-1.65988E-03 1.36669E-03
 -1       512 2.36315E-03-1.19047E-03 1.06149E-03
 -1       513 2.67020E-03-1.05243E-03 8.24471E-04
 -1       514 2.34013E-03-7.77358E-04 7.29579E-04
 -1       515 1.72771E-03-1.08537E-03 1.15421E-03
 -1       516 1.95623E-03-5.75049E-04 5.81649E-04
 -1       517 1.58818E-03-4.23972E-04 5.04404E-04
 -1       518 1.63727E-03-7.27366E-04 8.39775E-04
 -1       519 2.25686E-03-4.44577E-04 3.49727E-04
 -1       520 2.52598E-03-8.31157E-04 7.71498E-04
 -1       521 3.30917E-03-1.49926E-03 8.63634E-04
 -1       522 2.72866E-03-1.77814E-03 1.22609E-03
 -1       523 1.61445E-03-5.08916E-04 5.49555E-04
 -1       524 2.26375E-03-2.78509E-04 1.23917E-04
 -1       525 3.08494E-03-6.62556E-04 2.55895E-04
 -1       526 1.66712E-03-1.08462E-03 8.74978E-04
 -1       527 3.57006E-03-1.13121E-03 4.83441E-04
 -1       528 3.32157E-03-2.11236E-03 1.30408E-03
 -1       529 2.79451E-03-1.76471E-04-1.53597E-04
 -1       530 1.66516E-03-1.89462E-04 1.63319E-04
 -1       531 3.79548E-03-1.38760E-03 5.98926E-04
 -1       532 3.69745E-03-9.51290E-04 2.78786E-04
 -1       533 3.58315E-03-1.95120E-03 1.09695E-03
 -1       534 3.67247E-03-1.58090E-03 7.94669E-04
 -1       535 3.44073E-03-1.31286E-03 6.80138E-04
 -1       536 3.46472E-03-7.18391E-04 1.60564E-04
 -1       537 3.18591E-03-3.68433E-04-7.78161E-05
 -1       538 3.33107E-03-8.86919E-04 3.68143E-04
 -1       539 3.04430E-03-1.26313E-04-2.90027E-04
 -1       540 2.65532E-03 4.02473E-05-3.69314E-04
 -1       541 2.93854E-03-4.08452E-04 5.34699E-05
 -1       542 2.39614E-03-2.29714E-05-2.21679E-04
 -1       543 1.98374E-03-4.52719E-05-8.92003E-05
 -1       544 2.53401E-03-2.26740E-04-1.46766E-05
 -1       545 1.68446E-03-2.60501E-05-4.77560E-05
 -1       546 1.38578E-03-1.45635E-04 1.76094E-04
 -1       547 1.96172E-03-2.31448E-04 1.42983E-04
 -1       548 1.36614E-03-2.78223E-04 3.66382E-04
 -1       549 1.20766E-03-3.98139E-04 6.01881E-04
 -1       550 1.64419E-03-3.49168E-04 3.61956E-04
 -1       551 1.17096E-03-5.60181E-04 7.51252E-04
 -1       552 9.81033E-04-7.51062E-04 7.08862E-04
 -1       553 1.65591E-03-7.87763E-04 7.46973E-04
 -1       554 1.43027E-03-1.08828E-03 8.13594E-04
 -1       555 2.04822E-03-1.62261E-03 1.18044E-03
 -1       556 2.61661E-03-2.06238E-03 1.48871E-03
 -1       557 2.24704E-03-1.44568E-03 1.05914E-03
 -1       558 3.04245E-03-2.24303E-03 1.49873E-03
 -1       559 3.32560E-03-2.42104E-03 1.52901E-03
 -1       560 3.58511E-03-2.26702E-03 1.32252E-03
 -1       561 3.03659E-03-1.94939E-03 1.27215E-03
 -1       562 3.31563E-03-1.80465E-03 1.08230E-03
 -1       563 2.91583E-03-1.17600E-03 8.00540E-04
 -1       564 3.02781E-03-1.65065E-03 1.05625E-03
 -1       565 2.61820E-03-1.32477E-03 9.56182E-04
 -1       566 2.80603E-03-7.75961E-04 5.07919E-04
 -1       567 3.19798E-03-1.05306E-03 5.70808E-04
 -1       568 2.14718E-03-1.05621E-03 8.53350E-04
 -1       569 2.03516E-03-6.92266E-04 6.46995E-04
 -1       570 1.93830E-03-4.14699E-04 3.57038E-04
 -1       571 2.37512E-03-5.62123E-04 4.34123E-04
 -1       572 2.68012E-03-4.43785E-04 1.84975E-04
 -1       573-1.47383E+11 9.06528E+10 2.56224E+11
 -1       574-2.25552E+11 9.98713E+09 1.88594E+11
 -1       575-2.45873E+11-7.85242E+10 1.05405E+11
 -1       576-1.53106E+11 9.75252E+10 2.63685E+11
 -1       577-9.68664E+10 1.20983E+11 2.78754E+11
 -1       578-2.11004E+11 9.75252E+10 2.71629E+11
 -1       579-1.54764E+11 1.20983E+11 2.86699E+11
 -1       580-3.72465E+10-6.97876E+08 1.52377E+11
 -1       581-4.88913E+10 1.84211E+10 1.72546E+11
 -1       582 2.06511E+10-6.97876E+08 1.44432E+11
 -1       583 9.00637E+09 1.84211E+10 1.64602E+11
 -1       584 7.34023E+08 4.26277E+10 1.89250E+11
 -1       585-1.88916E+10-5.72230E+10 9.49515E+10
 -1       586-1.88916E+10-3.32470E+10 1.18241E+11
 -1       587 3.90060E+10-5.72230E+10 8.70072E+10
 -1       588 3.90060E+10-3.32470E+10 1.10297E+11
 -1       589 3.74438E+10-2.24706E+10 1.20979E+11
 -1       590 8.69231E+09-1.53996E+11-2.83545E+09
 -1       591 1.05915E+08-1.71199E+11-1.83677E+10
 -1       592-4.92053E+10-1.53996E+11 5.10883E+09
 -1       593-3.75606E+10-1.31587E+11 2.52781E+10
 -1       594 2.03371E+10-1.31587E+11 1.73339E+10
 -1       595-1.03196E+11 4.16340E+10 2.02546E+11
 -1       596-1.25977E+11 3.85540E+10 2.02680E+11
 -1       597-6.80797E+10 3.85540E+10 1.94735E+11
 -1       598-6.75374E+10 7.07757E+10 2.25960E+11
 -1       599-4.52986E+10 4.16340E+10 1.94601E+11
 -1       600-1.82068E+11-1.93019E+11-1.45666E+10
 -1       601-1.62773E+11-2.01015E+11-2.49805E+10
 -1       602-1.04876E+11-2.01015E+11-3.29248E+10
 -1       603-1.41129E+11-2.28851E+11-5.49902E+10
 -1       604-1.24170E+11-1.93019E+11-2.25109E+10
 -1       605-2.27439E+11-1.66328E+11 1.75860E+10
 -1       606-2.46847E+11-1.35403E+11 5.02879E+10
 -1       607-2.45310E+11-1.40408E+11 4.52154E+10
 -1       608-1.88949E+11-1.35403E+11 4.23436E+10
 -1       609-2.25902E+11-1.71333E+11 1.25135E+10
 -1       610 1.90889E+10 1.00786E+10 1.55115E+11
 -1       611-1.69541E+11-1.66328E+11 9.64172E+09
 -1       612-2.06493E+11-2.02257E+11-2.01884E+10
 -1       613-1.04509E+11 6.41455E+10 2.24593E+11
 -1       614-1.05051E+11 3.19238E+10 1.93368E+11
 -1       615 1.74074E+10-1.35089E+11 1.43342E+10
 -1       616-2.02591E+10-9.54774E+10 5.79801E+10
 -1       617 3.76386E+10-9.54774E+10 5.00358E+10
 -1       618 3.60763E+10-6.07250E+10 8.40076E+10
 -1       619-2.14750E+11-1.79722E+11 2.83431E+09
 -1       620-1.73811E+11-2.15554E+11-3.75893E+10
 -1       621-1.56852E+11-1.79722E+11-5.10997E+09
 -1       622-1.62949E+11 3.19238E+10 2.01312E+11
 -1       623-1.41480E+11 5.75153E+10 2.23225E+11
 -1       624 3.47089E+10-9.89794E+10 4.70361E+10
 -1       625-2.29701E+11-8.57561E+10 9.61612E+10
 -1       626-2.10402E+11-8.57561E+10 9.35131E+10
 -1       627-2.06812E+11-9.61079E+10 8.29650E+10
 -1       628-2.66485E+11-1.28470E+11 5.97178E+10
 -1       629-2.58369E+11-1.16698E+11 7.00385E+10
 -1       630-2.18180E+11-1.04461E+11 7.64105E+10
 -1       631-6.58213E+10-2.22483E+11-5.91376E+10
 -1       632-8.50342E+10-2.67176E+11-9.99139E+10
 -1       633-1.03475E+11-2.25667E+11-5.70639E+10
 -1       634-2.87258E+11-1.26231E+11 6.47423E+10
 -1       635-2.74540E+11-1.09466E+11 7.92823E+10
 -1       636-2.16643E+11-1.09466E+11 7.13380E+10
 -1       637-3.16489E+11-9.52892E+10 9.88092E+10
 -1       638-8.30270E+10 3.24951E+10 1.90901E+11
 -1       639-2.51293E+10 3.24951E+10 1.82957E+11
 -1       640-1.14770E+10-1.68833E+11-1.44802E+10
 -1       641-6.93746E+10-1.68833E+11-6.53593E+09
 -1       642-2.52781E+11-2.12925E+11-2.41995E+10
 -1       643-1.78928E+11-2.62790E+11-8.27708E+10
 -1       644-1.77582E+11-1.27050E+11 4.88981E+10
 -1       645-1.39992E+11-1.97659E+11-2.48472E+10
 -1       646-8.20945E+10-1.97659E+11-3.27915E+10
 -1       647-2.67657E+11-6.47775E+10 1.21747E+11
 -1       648-2.48019E+11-5.71230E+10 1.26488E+11
 -1       649-1.82243E+11 1.84907E+10 1.90911E+11
 -1       650-1.95331E+11-5.27336E+09 1.69623E+11
 -1       651-2.12465E+11 3.37512E+10 2.09882E+11
 -1       652-1.76036E+11 8.15968E+09 1.80024E+11
 -1       653-1.24346E+11 1.84907E+10 1.82967E+11
 -1       654-1.54567E+11 3.37512E+10 2.01937E+11
 -1       655-2.87943E+10-2.43718E+11-8.48445E+10
 -1       656-2.72189E+11-1.82000E+11 8.50245E+09
 -1       657-2.11610E+11-2.49493E+11-6.53699E+10
 -1       658-1.22688E+11-2.70360E+11-9.78402E+10
 -1       659-1.96652E+11-3.08166E+10 1.44993E+11
 -1       660-2.08020E+11-2.16414E+10 1.55465E+11
 -1       661-1.74915E+11-1.74899E+10 1.54955E+11
 -1       662-3.34017E+10 5.67017E+10 2.07605E+11
 -1       663 4.48335E+09 8.94012E+10 2.34170E+11
 -1       664 4.56538E+10 5.28328E+10 1.93000E+11
 -1       665-3.28577E+10-1.96841E+11-3.87527E+10
 -1       666-4.44406E+10-1.94475E+11-3.48652E+10
 -1       667-1.02338E+11-1.94475E+11-2.69209E+10
 -1       668 6.40087E+10 2.02836E+10 1.58864E+11
 -1       669 4.16929E+09-2.18075E+11-6.44596E+10
 -1       670-2.96523E+10 1.03475E+11 2.52525E+11
 -1       671 7.90781E+10-3.54853E+10 1.02624E+11
 -1       672 4.53397E+10-1.69876E+11-2.32891E+10
 -1       673 6.26413E+10-1.33766E+11 9.41280E+09
 -1       674 7.77107E+10-7.37397E+10 6.56527E+10
 -1       675-1.15483E+11 7.40841E+10 2.35752E+11
 -1       676-1.73381E+11 7.40841E+10 2.43697E+11
 -1       677-1.86468E+11 5.03200E+10 2.22409E+11
 -1       678-1.57048E+11-3.94014E+09 1.65666E+11
 -1       679-2.58591E+11-9.52892E+10 9.08650E+10
 -1       680-2.14945E+11-3.94014E+09 1.73610E+11
 -1       681-8.58922E+10 1.11045E+11 2.67594E+11
 -1       682-1.78754E+11-6.62982E+10 1.08071E+11
 -1       683-2.07654E+11-2.54944E+10 1.51672E+11
 -1       684-1.87269E+11 1.13204E+10 1.84636E+11
 -1       685-2.45167E+11 1.13204E+10 1.92580E+11
 -1       686-2.27634E+11-2.03082E+10 1.59451E+11
 -1       687-2.50088E+11 5.71923E+10 2.37814E+11
 -1       688-2.33361E+11 8.99271E+09 1.88699E+11
 -1       689-1.92191E+11 5.71923E+10 2.29870E+11
 -1       690-2.37818E+11-7.35515E+10 1.09130E+11
 -1       691-2.75712E+11-6.97501E+10 1.18022E+11
 -1       692-2.18180E+11-6.58971E+10 1.13871E+11
 -1       693-3.01419E+11-3.52629E+10 1.55049E+11
 -1       694-2.49001E+11-8.57561E+10 9.88092E+10
 -1       695-2.06812E+11-7.50723E+10 1.03398E+11
 -1       696-2.91259E+11 8.99271E+09 1.96644E+11
 -1       697-2.43521E+11-3.52629E+10 1.47105E+11
 -1       698-2.65552E+11-2.54944E+10 1.59616E+11
 -1       699-2.35713E+11-3.42685E+10 1.46999E+11
 -1       700-2.17815E+11-6.97501E+10 1.10078E+11
 -1       701-1.91103E+11-8.57561E+10 9.08650E+10
 -1       702-7.85116E+10 8.07143E+10 2.37120E+11
 -1       703-1.36409E+11 8.07143E+10 2.45064E+11
 -1       704 1.29814E+10-4.07591E+09 3.99086E+08
 -1       705 1.03433E+10-4.07591E+09 4.84428E+08
 -1       706 1.16624E+10-1.87753E+09 2.38201E-03
 -1       707 1.03433E+10 3.20853E+08-3.99086E+08
 -1       708 1.29814E+10 3.20853E+08-4.84428E+08
 -1       709 3.26563E-03-8.84443E-04 3.99013E-04
 -1       710 1.09807E-03-3.04560E-04 5.73519E-04
 -1       711 1.11937E-03-5.89726E-04 9.88026E-04
 -1       712 1.00129E-03-3.56403E-04 8.14217E-04
 -1       713 1.33533E-03-5.92775E-04 7.53676E-04
 -1       714 1.31311E-03-8.46079E-04 9.18028E-04
 -1       715 9.40647E-04-4.20544E-04 9.07991E-04
 -1       716 1.24194E-03-2.87164E-04 4.42040E-04
 -1       717 1.46716E-03-5.31690E-04 6.55357E-04
 -1       718 1.21478E-03-4.22289E-04 6.67084E-04
 -1       719 1.33417E-03-4.11298E-04 5.59315E-04
 -1       720 1.11893E-03-1.96543E-04 3.65288E-04
 -1       721 1.01107E-03-1.96363E-04 4.41772E-04
 -1       722 3.29582E-03-1.13098E-03 6.04969E-04
 -1       723 3.42863E-03-9.51338E-04 3.91182E-04
 -1       724 3.54573E-03-8.29454E-04 2.33212E-04
 -1       725 3.14759E-03-1.00707E-03 5.61499E-04
 -1       726 3.41555E-03-1.00564E-03 4.43776E-04
 -1       727 1.12562E-03-4.12571E-04 7.37335E-04
 -1       728 9.38700E-04-2.72495E-04 7.75223E-04
 -1       729 1.14449E-03-7.68673E-04 1.14761E-03
 -1       730 1.28556E-03-8.72308E-04 1.17572E-03
 -1       731 1.04259E-03-4.34504E-04 1.27701E-03
 -1       732 1.00453E-03-2.72407E-04 6.36773E-04
 -1       733 1.25764E-03-1.46765E-04 2.12678E-04
 -1       734 1.49192E-03-3.58535E-04 4.36314E-04
 -1       735 1.50745E-03-1.90091E-04 2.06899E-04
 -1       736 2.57817E-03-1.75341E-04-8.56761E-05
 -1       737 2.71191E-03-4.06590E-04 1.39832E-04
 -1       738 2.32888E-03-2.27620E-04 4.73716E-05
 -1       739 1.78308E-03-2.33227E-04 1.92012E-04
 -1       740 3.01975E-03-1.80778E-03 1.22972E-03
 -1       741 3.28116E-03-2.27107E-03 1.47127E-03
 -1       742 3.02392E-03-2.11839E-03 1.46015E-03
 -1       743 2.44196E-03 4.19115E-05-3.14423E-04
 -1       744 1.56570E-03-1.14653E-03 1.12272E-03
 -1       745 2.16691E-03-5.64629E-04 5.10740E-04
 -1       746 1.83717E-03-7.12068E-04 7.49652E-04
 -1       747 2.57495E-03-7.72626E-04 6.21888E-04
 -1       748 1.76517E-03-4.18266E-04 4.29554E-04
 -1       749 2.46723E-03-4.40312E-04 2.67993E-04
 -1       750 2.84513E-03-6.59379E-04 3.59765E-04
 -1       751 2.64119E-03-1.18387E-03 9.31018E-04
 -1       752 2.07050E-03-2.81158E-04 1.80803E-04
 -1       753 2.93131E-03-1.05070E-03 6.96317E-04
 -1       754 3.02053E-03-1.50153E-03 1.00291E-03
 -1       755 3.51001E-03-1.38844E-03 7.23764E-04
 -1       756 2.81854E-03-1.24537E-04-2.18879E-04
 -1       757 1.52398E-03-1.33408E-05-4.43504E-05
 -1       758 3.02969E-03-2.42760E-03 1.69782E-03
 -1       759 3.15935E-03-1.31359E-03 8.10821E-04
 -1       760 3.37995E-03-1.58277E-03 9.27219E-04
 -1       761 3.28239E-03-8.31082E-04 3.41916E-04
 -1       762 3.28212E-03-1.95457E-03 1.23940E-03
 -1       763 2.19319E-03-2.20341E-05-1.75904E-04
 -1       764 1.51149E-03-8.24191E-04 9.17223E-04
 -1       765 1.80093E-03-4.18007E-05-6.24492E-05
 -1       766 3.18167E-03-7.70034E-04 3.25198E-04
 -1       767 2.75554E-03-1.96071E-03 1.43893E-03
 -1       768 2.38756E-03-2.08245E-03 1.73120E-03
 -1       769 2.95073E-03-3.67424E-04 9.00655E-06
 -1       770 2.74503E-03-1.65542E-03 1.21155E-03
 -1       771 2.35297E-03-1.34530E-03 1.09483E-03
 -1       772 1.94487E-03-1.07340E-03 1.01221E-03
 -1       773 1.93970E-03-1.65574E-03 1.55547E-03
 -1       774 2.46805E-03-1.80601E-03 1.40034E-03
 -1       775 2.76431E-03-2.25668E-03 1.68061E-03
 -1       776 2.03142E-03-1.48869E-03 1.24295E-03
 -1       777 1.36506E-03-1.15843E-03 1.27263E-03
 -1       778 2.93082E-03-7.70944E-04 4.32670E-04
 -1       779 3.28185E-03-4.63986E-04-1.27819E-05
 -1       780 3.00808E-03-1.18396E-03 7.76296E-04
 -1       781 3.28246E-03-1.18168E-03 6.49056E-04
 -1       782 9.86211E-04-3.63687E-04 1.02052E-03
 -3
    1PSTEP                         2           1           1          
  100CL  101 1.000000000         782                     0    1           1
 -4  STRESS      6    1
 -5  SXX         1    4    1    1
 -5  SYY         1    4    2    2
 -5  SZZ         1    4    3    3
 -5  SXY         1    4    1    2
 -5  SYZ         1    4    2    3
 -5  SZX         1    4    3    1
 -1         1 2.51345E+01 7.37676E+00 3.68384E+00-1.18300E+01-3.46053E+00-2.02078E+00
 -1         2-6.25061E+00 6.02309E-01 3.16539E+00 8.04051E+00-1.03936E+00 8.21505E+00
 -1         3-7.66016E+00 1.35204E+01 1.63648E+01 1.71779E+01 2.57256E+00 1.99472E+01
 -1         4-4.29559E+01-3.29639E+01-2.73454E+01-1.06337E+01 5.05668E+00 1.20378E+01
 -1         5-7.43706E-01-6.39536E-01-5.93965E+01 7.67132E-02 2.91053E+00-8.76291E+00
 -1         6 7.08763E-02-8.35552E-02-5.32618E+01-2.18810E-01 4.52776E+00-3.55510E+00
 -1         7-6.61895E-01-1.32380E-01 7.93521E+00 3.92693E-01 1.55823E+00 5.70405E+00
 -1         8-3.52455E-01 4.07852E-02 1.30636E+01-7.14755E-01 7.28719E+00 6.30492E+00
 -1         9 6.22001E-01 2.64716E-01-6.68237E+00 3.77552E-01-7.32641E+00-6.63379E+00
 -1        10 9.55817E-01-1.51872E-01-1.67597E+00 1.45483E-02-1.88051E+00-5.40270E+00
 -1        11-1.90552E-01-1.01813E+00 5.90082E+01 1.83557E-01-4.63195E+00 3.23030E+00
 -1        12 9.12348E-01 2.23804E-01 6.56429E+01-3.23728E-01-2.63810E+00 9.03535E+00
 -1        13 6.75487E-01 6.21712E-03-3.15681E-02 1.00910E-01 7.28290E-04-8.71296E-02
 -1        14-2.87631E-02-1.93732E-02-2.45878E-02 1.24005E-01-5.75698E-03 1.58105E-01
 -1        15 5.75647E+00 5.42588E+00 7.59508E+00-5.67958E+00 1.80981E+00-2.55571E+00
 -1        16-2.89231E+00-6.19264E+00-1.72728E+01-4.79925E+00 6.96417E+00 1.30250E+01
 -1        17 9.15520E+00 1.48916E+00-9.09236E+00-2.94687E+00 1.07691E+01 2.27452E+00
 -1        18-1.81477E+00-9.25545E+00 2.16143E+00-2.69698E+00-1.87266E+00 1.13173E+01
 -1        19 1.69186E+01 5.36535E+00 1.48438E+01-1.33821E+00 2.15323E+00 5.21411E+00
 -1        20 2.44831E+01-6.95083E-01-1.10894E+00-2.94987E+00 8.85885E-01-3.99844E-01
 -1        21-6.40212E+00-4.47480E+00 2.70262E-01 8.16253E+00 1.08218E-01 4.46399E+00
 -1        22 2.64302E+00-4.94337E+00-2.61581E+00 7.96971E+00 9.53337E+00 1.50424E+01
 -1        23-1.52234E+01-1.35031E+01 5.08917E+00-1.06571E+01-3.68991E+00-1.05093E+00
 -1        24 8.94685E+00-1.00404E+01-3.54800E+00-3.51208E+00-4.61028E+00 1.48169E+00
 -1        25-1.07003E+01-1.09100E+01-6.08213E+00 2.96314E+00 4.79015E+00-2.71317E+00
 -1        26-7.46838E+00-8.26612E+00-6.90939E+00-9.71818E+00-2.20116E+00 5.67027E+00
 -1        27 1.64120E+00 3.41748E+00-1.37216E+01-3.07360E+00 2.42382E+00-1.41486E-01
 -1        28 3.46489E+00 1.60049E+00-1.27571E+01-3.53842E+00 1.03249E+01 3.23669E+00
 -1        29 8.20958E-02-3.57662E+00 6.79409E+00-7.26774E+00 2.12038E+00 7.44369E+00
 -1        30 1.51185E+01 3.06700E+00 5.23836E+00 4.12679E+00 3.55665E+00 6.57612E+00
 -1        31 1.89994E+01 5.48265E+00-5.12130E-01 4.18239E+00 1.16583E+00 4.16049E+00
 -1        32 1.04589E+01 4.68164E-01 4.57117E+00 7.03990E+00-3.03331E+00 1.37201E+00
 -1        33 1.08043E+01-2.50979E+00 4.33806E+00 8.48627E+00-1.12177E+00 1.21899E+01
 -1        34-3.82177E+00-5.95680E+00 4.19652E+00-1.58652E+00 9.49031E+00 6.34666E+00
 -1        35 1.33523E+00-1.53464E+01 5.92906E+00-9.55741E+00-9.09321E+00-4.12169E+00
 -1        36 2.87378E+01 1.87259E+00 1.18452E+00 8.62909E+00 2.24420E+00 3.03775E+00
 -1        37 2.40158E+00-2.77736E+00 6.53630E+00-9.98053E+00 1.91714E+00-4.42313E+00
 -1        38 1.46154E+01 5.64631E+00 3.32482E+00-2.88833E+00-3.59572E+00-7.50585E-02
 -1        39-5.05848E+00-2.95074E+00 3.39034E+00-5.93894E+00-1.74761E+00 1.51852E+00
 -1        40 8.10328E+00 2.01004E+00 9.18294E+00 3.93196E+00 1.73363E+00-4.77859E+00
 -1        41-9.13689E-01 8.01325E+00 1.35589E+01 5.32838E-01 2.33842E+00-3.89545E+00
 -1        42-2.13636E+00 3.88175E+00-3.36465E+00-1.38980E+00 8.70357E-01 1.27414E-01
 -1        43 9.31759E+00 1.25781E+00 4.06261E-01-3.66865E+00 1.91245E+00 7.82978E+00
 -1        44-1.52995E+01-3.58058E+00 1.66339E+00 2.95822E+00 1.16634E+00 4.37610E+00
 -1        45 5.84929E+00 8.54621E+00 6.59424E+00-2.56806E+00-5.75297E-01 1.17251E+00
 -1        46-8.68555E+00 2.36417E+00-7.51015E+00 3.90783E+00 2.12263E+00 3.97124E+00
 -1        47 4.21430E+00 2.17204E-01-1.57682E+01 5.51886E-01 5.86520E+00-2.95204E+00
 -1        48 1.85840E+01 2.05567E+01 2.17873E+01-4.64731E+00-4.36906E+00 1.96774E+01
 -1        49 1.26686E+01-1.26697E+01 1.15872E+01 8.35126E+00 2.69420E+00 1.00319E+01
 -1        50-3.50336E-01 8.90251E-01 1.24919E+00 6.05217E+00-1.70588E+00 4.26532E+00
 -1        51-5.54499E+00 1.32543E+00 9.61961E+00-3.66190E-01-3.28207E-01 9.63357E-01
 -1        52-2.02921E+00 5.65852E+00 8.30889E+00-9.56982E-01 3.74580E+00-7.98907E+00
 -1        53-1.82641E+01-7.25770E+00-6.31579E+00-2.95482E+00-2.21779E+00 3.25007E+00
 -1        54 3.26819E+00 3.61204E+00 3.74148E+00-1.91015E+00 5.87626E-01-2.03692E+00
 -1        55 4.86347E+00 2.30445E+00 2.98699E+00 2.25167E+00 4.30467E-01 1.00712E+01
 -1        56 4.68848E-01 1.53066E+00 3.26810E+00 2.54883E+00-4.00464E+00-5.58993E-01
 -1        57 4.87823E+00 1.29094E-01-1.05765E+01-4.19885E-01-5.10514E+00 2.21559E+00
 -1        58-2.49097E-01 8.44827E+00-7.44916E+00 7.81738E-01 9.07414E+00 2.12704E+00
 -1        59 2.26534E+01 1.75923E+01 1.32482E+01 2.04706E+00-5.63500E+00 1.54218E+01
 -1        60 1.83067E+01-1.25632E+00 1.73821E+01 7.31592E+00 3.45687E+00 1.46326E+01
 -1        61 1.40707E+01-5.06924E+00 6.87427E+00 1.34604E+01 1.61248E+00 7.74553E-01
 -1        62 1.71681E+01-6.00782E+00 1.98473E+00 8.73104E+00-7.43102E+00-9.50622E+00
 -1        63 4.17758E+00 4.16931E+00 1.97042E+01-3.59711E-01-5.49796E+00-2.71034E+01
 -1        64 1.20834E+00 3.78181E+00 7.39448E+00 1.80851E+00-2.73012E+00 9.50359E-01
 -1        65-1.52829E+01 1.05028E+00-3.25775E+01 2.17332E+00-5.22427E+00-5.90845E+00
 -1        66-7.14390E+00-3.95840E+00-1.07148E+01-4.58561E+00-2.99916E+00-8.27899E+00
 -1        67 2.77576E+01-6.82506E+00-2.53607E-01-6.54470E+00-6.92514E-01-1.87740E+00
 -1        68 2.99210E+01 4.33482E+00 1.47173E+01-1.30250E-01 1.24635E+00-1.41076E+01
 -1        69-6.86667E+00 2.66737E+00 2.10656E+01 8.90720E+00 1.15553E+00 1.22323E+00
 -1        70-1.90418E+01-2.24105E+01-6.55297E-01-4.69829E-01 3.69232E+00-9.39069E+00
 -1        71 3.74026E+01 1.17097E+01 1.07581E+00-4.69973E-01-4.52000E+00-6.38665E+00
 -1        72-2.25373E+01 1.18776E+01 1.72801E+00 1.36084E+00-4.24389E+00-2.71095E+01
 -1        73 6.98355E+01 2.04267E+01 2.21192E+01 4.63923E+01 1.02202E+01 1.24173E+01
 -1        74-4.70657E+00 1.80525E+00-3.59940E-01 7.18434E+00-6.51484E+00-1.37920E+01
 -1        75 1.34679E+01 1.88735E+00 1.22975E+01-4.23485E+00-7.58251E+00-1.13154E+01
 -1        76 2.33791E+01 2.55176E+01 2.85210E+01 5.38435E+00-7.95739E+00-9.76954E+00
 -1        77-5.64553E+01-2.14103E+01-4.95962E+01-1.11565E+01-5.95297E+00-1.74909E+01
 -1        78 1.94843E+01-2.90197E+00-7.65192E+00-6.20499E-01-9.37412E-01-3.91285E+00
 -1        79 6.64701E+01 5.73745E+00 2.04101E+01 7.68496E+00 1.31988E-01 2.06363E+00
 -1        80 3.23823E+01 8.83686E+00 2.44531E+01 2.84675E+00-1.94881E+00-3.59303E+00
 -1        81 1.00287E+01 6.06439E+00 2.43163E+01 2.00907E+00 1.76018E+00-8.20711E+00
 -1        82 8.22223E+00-1.86086E+01-8.66819E+00 2.80819E+00-7.01722E+00-9.80963E+00
 -1        83 2.76182E+00 1.26833E+01-9.03064E+00-9.40641E+00-2.54698E+00-2.36267E+01
 -1        84-6.83631E+01 2.74210E+01-2.76635E+00-7.27417E-02 9.12041E-01-2.80724E+00
 -1        85 1.97661E+01 1.88301E-01 4.97613E+00-7.46533E+00-5.04501E+00-1.01341E+01
 -1        86 3.29686E+01 2.93368E+00 3.74835E+01 2.39325E+00 3.03200E+00-1.34036E+01
 -1        87 7.65569E+00 7.21158E+00 4.34874E+01 1.59857E+00-1.21290E+01-7.39576E+00
 -1        88 9.78065E+00 6.96805E+00 2.26246E+01-8.33917E-01-3.87893E+00-2.72712E+00
 -1        89-3.36903E+01-8.07348E+00-1.07023E+01-5.34141E+00-2.02205E+00-9.39802E+00
 -1        90-4.24636E+00 7.02142E-01-4.13030E+00-2.98462E+00-5.58713E+00-7.72367E+00
 -1        91 1.70486E+01 4.76543E-01 1.60891E+01 6.54584E-01 3.35635E+00-4.17406E+00
 -1        92 2.75862E+01 4.59419E+00 2.79315E+01-6.77173E+00 2.53643E+00-1.19461E+01
 -1        93-1.31452E+01 1.03930E+01-3.36818E+00-1.01539E+00-4.24882E+00 3.32519E+00
 -1        94-2.26842E+01 1.73752E+00-8.67326E+00-1.16231E+01-4.05633E+00 1.75809E+00
 -1        95 2.76578E+01 1.95661E+01 1.99255E+01 4.42658E-01-1.10245E+01 3.51242E+00
 -1        96 1.60703E+01-6.79266E+00-3.89266E+00-1.33657E+01-1.74022E-01 8.39639E+00
 -1        97 3.37169E+01-6.19800E+00 3.52815E+01-1.81627E+01 8.93921E-01-1.53567E+01
 -1        98 2.18046E+01 4.25280E+00 4.21871E+01 4.77775E+00-7.19143E+00-6.65372E+00
 -1        99-2.81537E+00 3.97922E+00 3.62640E+01 6.20499E-01-5.37311E+00 6.44663E+00
 -1       100-1.12846E+01 4.11142E+00 1.02702E+01-3.36482E-01-3.86308E+00-6.72323E+00
 -1       101-4.12066E+01-2.27671E+01-2.93561E+01-8.09361E+00-4.11622E+00-8.01878E+00
 -1       102-1.04940E+01-1.24278E+01-1.10324E+01-6.87033E+00 2.57123E+00-4.78830E-01
 -1       103 2.11689E+01-2.86465E+00 2.95459E+01-6.73122E+00 8.73520E+00-3.05118E+00
 -1       104-3.07349E+00 2.87166E+00 4.63489E+00 1.69621E+00-1.57743E+00 1.32500E+01
 -1       105 7.95948E+00 6.33535E+00-3.37315E+00-5.06720E+00-2.41561E+00-1.41773E-01
 -1       106-1.57807E+01 7.24786E+00 6.27488E+00-1.03188E+01-6.03039E+00-4.64883E+00
 -1       107-6.81376E+00-5.45414E+00-1.41805E+01-1.88930E+00-2.54131E+00-1.39981E+00
 -1       108 1.22785E+02-3.68223E-01 1.00381E+01-3.48606E+00 1.41962E+01-4.19463E+00
 -1       109-4.14504E+00 1.30823E+01 1.53550E+01-2.57768E+01-6.93870E+00 3.32847E+00
 -1       110-2.05383E+01-5.50532E+01-3.54839E+01-1.54424E+01 1.15875E+01 1.04892E+01
 -1       111 3.28424E+01 1.73177E+01 8.01145E+00-1.49542E+01-6.98552E+00-7.51063E+00
 -1       112 1.27458E+01 1.37157E+01 3.16726E+01-1.34137E+01 1.22919E+00 1.23470E+01
 -1       113-3.24865E-01-2.84245E-01-5.63394E+01-1.96584E-02 2.77527E+00-6.23019E+00
 -1       114-2.47127E-01-1.22733E-01-2.54373E+01 5.47173E-01 2.14407E+00-1.07842E+00
 -1       115-3.59061E-01 2.68286E-02 1.04738E+01-3.23701E-01 3.56732E+00 5.51966E+00
 -1       116 7.43396E-02 6.71360E-02-1.98527E+01-2.58894E-01 7.65841E+00 1.96278E+00
 -1       117 4.07759E-01 1.25595E-01-4.17042E+00 2.15119E-02-3.85087E+00-5.45927E+00
 -1       118 1.25030E+00-8.23260E-01 2.61762E+01 3.25323E-01-7.89758E+00-2.17669E+00
 -1       119 4.91691E-01-4.62370E-01 6.24059E+01-4.08514E-01-2.45861E+00 6.33060E+00
 -1       120 2.54173E-01-3.07983E-01 3.15827E+01-2.10661E-03-2.27090E+00 1.44503E+00
 -1       121 9.92555E-01 3.99344E-01-2.72167E+01-4.95461E-02 4.90508E-01-4.57862E+00
 -1       122-1.47805E+00-2.17499E-02-3.34645E+01-5.29089E-01-1.44090E-01-8.21569E+00
 -1       123-2.77098E-01-5.85643E-01 3.90232E+01-9.45100E-02 3.95392E-03 8.01640E+00
 -1       124-9.47939E-01-3.46519E-01 3.34491E+01 5.80039E-01-3.22116E-01 4.51163E+00
 -1       125 5.94582E-01-1.19526E-02 2.42128E-01 3.27843E-02-8.37188E-03-4.14515E-01
 -1       126 1.67896E-01 1.58409E-02 5.37121E-01-4.28486E-02 5.55964E-02-3.68478E-01
 -1       127-8.54299E-03 1.39868E-02 2.99587E-01-5.92763E-03 8.98699E-02-2.21729E-01
 -1       128-7.47105E-02-1.24766E-01-8.57918E-01 1.06555E-01 3.56542E-01-5.02482E-01
 -1       129-4.55850E-01 5.27469E-01-4.85357E-01-2.06493E-01 2.52059E-01-6.53446E-01
 -1       130-2.05934E+00 1.88760E-01-9.93433E-01-4.49913E-01-2.36718E-01-1.86740E+00
 -1       131-2.45487E+00-1.52775E+00-3.91367E-01-2.90473E+00-8.58669E-01-1.93801E+00
 -1       132-4.13400E+00-2.51100E-01-5.47373E-01-9.06832E-01-7.86693E-01-3.86441E+00
 -1       133-5.02201E-01 1.70468E-01-3.03352E+00-5.80331E-01-7.03833E-01-1.52921E+00
 -1       134-4.55061E-01 1.42373E-01-6.80612E-01 1.68832E-01 2.04001E-01-5.64259E-01
 -1       135 1.75668E-01-8.52140E-03-7.58903E-02 1.26550E-01 6.09117E-02-1.70993E-02
 -1       136 6.83022E-01 1.75252E-02 7.95318E-02 6.74554E-02-5.39729E-03-2.44200E-01
 -1       137 3.62422E-01-1.03688E-02 3.46464E-01-2.47766E-03 5.40616E-02-3.92011E-01
 -1       138 9.47417E-02 2.53103E-02 4.84163E-01-2.11643E-02 6.15630E-02-2.73597E-01
 -1       139-2.71787E-03 7.40901E-03-1.02130E-01 3.51617E-02 1.33764E-01-2.89662E-01
 -1       140-6.03381E-01 1.77943E-01-1.55631E+00 1.17230E-01 6.30197E-01-3.14041E-01
 -1       141-1.45011E+00 1.25642E-01-7.28515E-01-2.70737E-01-9.03109E-02-1.17538E+00
 -1       142-2.24018E+00-1.57875E-01-3.36744E-01-1.41575E+00-5.37025E-01-1.83450E+00
 -1       143-6.95587E-01-1.38892E+00 6.77667E-01-1.13265E+00-7.89751E-01-3.15523E+00
 -1       144-1.19781E+00 4.82417E-01-3.70472E+00-4.66230E-01-1.76788E+00-2.24472E+00
 -1       145-2.55108E-01 1.18997E-01-1.17571E+00-1.75916E-01 1.49305E-01-8.56224E-01
 -1       146-5.22098E-02 8.21112E-02-1.70423E-01 1.28235E-01 1.00684E-01-1.80634E-01
 -1       147 4.17048E-01-1.39597E-02-2.70496E-02 7.74856E-02 4.91452E-02-1.41382E-02
 -1       148 3.11609E-01-1.42637E-02-3.23864E-02 1.51664E-01-4.56370E-04 6.35900E-02
 -1       149-2.39864E-01-3.09451E-02-8.02960E-02 5.42791E-02-3.17528E-02 1.54922E-01
 -1       150-2.07531E-01-1.41237E-02-2.44997E-01-6.85562E-03-4.21567E-03 2.62874E-01
 -1       151-1.75369E-02-4.61704E-02-4.48425E-01-2.04799E-02 1.66098E-01 1.30523E-01
 -1       152 1.73421E-01 2.70811E-01-2.33560E+00 8.19477E-02-4.95426E-01-1.77134E-01
 -1       153 9.47199E-01 1.78353E-01 1.91906E-01-1.48539E-01-2.60674E-01 1.10411E+00
 -1       154 1.34908E+00-9.10291E-02-1.35932E-01-8.96289E-01-4.58800E-01 2.01007E-01
 -1       155 1.49114E+01 2.16329E-01 3.04110E+00 2.26585E+00 3.73935E+00 5.01797E+00
 -1       156 2.79068E+00 3.36219E-01 2.03388E+01 9.78124E-01 2.81906E-01 4.98056E+00
 -1       157 2.99635E-01-1.38829E-01 2.39326E+00-2.04239E-01-3.33625E-01 6.57964E-01
 -1       158 1.93479E-01-7.17632E-02 8.93378E-01 2.66035E-02 8.71764E-02 5.20246E-01
 -1       159 1.09301E-01-1.34292E-02 2.62780E-01 1.16629E-01 6.28302E-02 2.33624E-01
 -1       160-7.54609E-02 2.24922E-02 9.40099E-03 7.87239E-02-1.01557E-02 1.33860E-01
 -1       161-1.87967E-01 1.17639E-02-1.47736E-01 4.78939E-02-2.05512E-02 2.12326E-01
 -1       162-1.93314E-02 3.69262E-02-2.97276E-01 2.06894E-02 5.57520E-02 1.64335E-01
 -1       163 1.63833E-02-1.20552E-02-1.21423E+00-1.27677E-02-2.45458E-02 9.40000E-02
 -1       164 3.69328E-01 8.76127E-02-1.63332E+00-1.09164E-01-6.62922E-01 7.77159E-01
 -1       165 9.94174E-01-4.50406E-02 1.50574E-01-3.69928E-01-3.24763E-01 4.94459E-01
 -1       166 4.75992E+00-8.35549E-01 3.77863E-01-1.23584E+00-3.73294E-01 1.57850E+00
 -1       167 2.73938E+01 4.49262E+00 2.81848E+01 1.03342E+01 1.08381E+01 1.39882E+01
 -1       168 1.33882E-01 4.28985E-02 6.44074E+00 2.32106E-02-1.23338E+00 1.44466E+00
 -1       169 3.80492E-02-8.95159E-02 1.59457E+00-1.80952E-01 1.48789E-02 5.22299E-01
 -1       170 2.75523E-01 3.59047E-03 5.27326E-01 7.52451E-02 1.20378E-01 3.79409E-01
 -1       171 1.36860E-02-2.14207E-02 1.18361E-01 8.78539E-02 1.65441E-02 1.77217E-01
 -1       172 3.21017E+00 5.40254E+00 7.80227E+00-1.48198E+00 3.33944E+00 1.25491E+01
 -1       173-1.24750E+01-4.76066E+00 4.42825E+00-4.64826E-01 8.12393E-01 6.38622E+00
 -1       174 1.29052E+01-8.64529E-01 6.36799E+00-6.00434E+00 4.09365E+00 4.24304E+00
 -1       175 1.79125E+00-1.14406E+01 3.46624E+00 7.35033E+00 2.84258E+00 2.81648E+00
 -1       176-3.67474E+00-4.53571E+00-1.14939E+01-1.38271E+01 6.00016E+00 1.60552E+00
 -1       177-1.87816E+01-2.39424E+00-2.36963E+00-8.63633E+00 4.88746E+00 5.15246E+00
 -1       178 5.99964E+00 7.53384E-01 1.65267E+00-1.29127E+00 6.58126E+00-5.42412E+00
 -1       179 1.99487E+01 3.93960E+00 6.28571E+00-2.29640E+00 1.11921E+01 5.96099E+00
 -1       180-4.34703E+00 7.44548E-02-3.44620E+00-3.46690E+00 2.43491E+00 3.75832E-01
 -1       181-1.71071E+00-5.53794E-01-3.51887E+00-2.00803E+00 4.59746E-01 6.15014E+00
 -1       182 2.54287E+00 4.13574E+00 1.27042E+01-5.71197E+00 2.42068E+00 1.41724E+00
 -1       183 1.25992E+01 3.29575E+00 6.61342E+00-3.04505E+00 1.78333E-01 6.02319E+00
 -1       184 1.15754E+01-1.01007E+00-5.30306E+00-2.75611E+00 1.43722E+00 3.04308E+00
 -1       185-8.48560E+00-1.99950E+00 1.56429E+00 7.30770E+00-1.42729E+00 1.00792E+00
 -1       186 4.10995E+00-3.29646E+00-1.63332E-01-1.82509E+00 1.96911E-01 8.94988E-02
 -1       187-5.98693E+00-4.87745E+00-8.01356E+00 7.26187E+00-4.10692E+00-2.13444E+00
 -1       188-2.54388E+00-2.57329E+00-4.95359E+00 7.22334E+00 7.17226E+00 4.42099E+00
 -1       189-1.96538E+00 2.22428E+00 4.03376E+00 3.34547E+00 2.42838E-01 4.78953E+00
 -1       190-9.67794E+00 7.34575E-01-1.39479E+00 6.79053E-01 6.78998E+00 2.36269E+00
 -1       191 4.57133E+00 5.75878E+00 1.36861E+01-1.00477E+01-9.50275E+00 4.44132E+00
 -1       192 1.43180E+01 1.40823E+01 1.22082E+01-4.30331E+00-5.25773E+00 1.37440E+01
 -1       193-6.55720E+00-4.76710E+00-6.56610E+00-6.40585E+00 2.00528E+00-4.40671E+00
 -1       194 5.29616E+00 6.78425E+00 5.70215E+00 4.87649E+00 3.60470E+00 1.42957E+00
 -1       195-6.24142E+00-9.93965E+00-6.50757E+00-5.61015E+00-5.32679E+00-5.29690E+00
 -1       196 6.33566E+00 4.76669E+00 1.18470E+01 7.69156E-01 3.11493E-01 2.80409E+00
 -1       197-8.08395E+00-1.06715E+00-1.63958E+01-1.93012E+00 5.58639E+00-1.90536E+00
 -1       198-2.64012E+01-1.09350E+01-1.55723E+01-5.24051E+00-2.91744E-01-3.05135E+00
 -1       199 2.42038E+01 1.56771E+01 2.47530E+01-2.20670E+00 3.43866E+00-5.67550E+00
 -1       200 6.47100E+00-2.19781E+00 1.11959E+01-2.28492E+00-2.27051E+00-5.50178E+00
 -1       201 1.15549E+01 1.12516E+01 3.72598E+00-2.77187E+00-7.99218E+00-2.94745E+00
 -1       202 1.88725E+00 6.29149E-01 4.45429E+00-1.35440E+00 5.86850E-01-7.12922E+00
 -1       203 2.83633E+00 1.55033E+00 6.33910E+00-1.60249E+00 3.16679E+00-9.01788E+00
 -1       204 5.48111E+00 3.34535E+00 6.43525E+00-2.35540E-01-8.33522E-01-8.60441E+00
 -1       205 2.97606E+01 1.82494E+00 7.81604E+00 5.88105E+00 5.86638E-01 6.95516E+00
 -1       206 1.84182E+01-5.65065E+00-1.00155E+01-5.15181E+00 2.26330E+00-9.52555E+00
 -1       207 1.50062E+01 6.02029E+00 2.22897E+00-3.40435E+00-4.21510E+00-7.15508E+00
 -1       208 1.03423E+01 6.98929E+00 2.84206E-01-5.69141E+00 1.99924E+00 2.65528E+00
 -1       209 1.40819E+01 1.55100E+01 6.26249E+00-1.38624E+01-5.56487E+00 1.59116E+00
 -1       210-1.85849E+01-6.57877E-03-4.66132E+00-6.12763E+00 1.63891E-02 2.05135E-01
 -1       211-1.35139E+01-7.25762E+00-1.08289E+01-4.50526E+00-3.10844E-01-1.18029E+01
 -1       212-4.39410E+01-1.29064E+01-9.54233E+00 1.03450E+01 5.53158E+00 1.10189E+01
 -1       213 1.68058E+01-1.61838E+01 5.17938E-01 3.53860E+00-6.73937E+00-6.66917E+00
 -1       214-6.46949E+00 7.21843E+00-2.77003E+00 1.20282E+01 5.67651E+00-1.63749E+01
 -1       215-3.40434E+01-2.32101E+01-1.57904E+01 1.30810E+01-2.82058E-02-3.27714E+00
 -1       216 1.01005E+01-5.45770E+00-1.27678E+01 3.03318E+00 1.05236E-01 6.22869E+00
 -1       217 1.44442E+01 9.81818E+00 8.57972E+00 2.71783E+00 4.11128E-01-9.14181E+00
 -1       218 3.78231E+01 5.30339E+00 1.03137E+01 2.87366E+00-3.85821E+00-2.68489E+00
 -1       219 1.52114E+01 8.84602E+00 2.49587E-01-2.79972E+00 1.19591E+01 4.04466E+00
 -1       220 1.58078E+00-8.08255E+00-8.76116E+00-2.73320E+00-3.60562E-01 1.87343E+00
 -1       221 9.92932E+00-1.40620E+01-1.53271E+01-2.77185E+00-4.23690E+00-1.14131E+00
 -1       222-4.09306E+00-3.72588E+00 1.17524E+01 1.29741E+00 1.03198E+00 1.28670E+00
 -1       223 6.06713E+00 3.02318E+00-5.55297E-01-2.48785E+00 6.18529E+00-3.86176E+00
 -1       224 2.66661E+01 4.33525E+00 2.04510E+00-1.42792E+00 4.29992E+00-1.47250E+01
 -1       225 4.25033E+00-3.03683E+00 3.52397E+00-4.79998E-01 2.24554E+00-4.05636E-01
 -1       226-8.89086E+00-5.92501E+00 5.62346E+00-6.71241E-02-7.68873E-01-1.81679E+00
 -1       227-8.98720E+00 2.53662E+00 1.91643E+01 1.14269E+00 2.85891E+00 9.52383E-01
 -1       228 8.64840E+00-2.75890E+00-2.92197E+00-6.68168E+00 4.84246E-01-3.45922E+00
 -1       229 1.29573E+01 4.15156E+00 8.23038E+00-2.64833E+00 1.07841E+00-3.82082E+00
 -1       230-9.45537E+00-7.38765E+00-6.17143E+00-4.17054E+00 7.58152E-01-6.56089E+00
 -1       231-1.12433E-01-1.53189E-01 2.70375E+00 4.44908E+00-1.04127E+00-3.10568E+00
 -1       232 2.48846E+01-1.20963E-01 2.60179E+00 7.31754E-01 5.49845E-01-3.32605E+00
 -1       233 4.28433E+00-6.60425E-01-9.74287E-01-3.20785E+00 9.89491E-01-5.82942E+00
 -1       234 3.08326E+00-1.53954E+00-1.03646E+00 1.38005E+00 1.95485E+00 6.73070E+00
 -1       235 1.48343E+00-1.33087E+00 3.23921E+00-2.92047E-01 2.96232E-01 5.50579E-01
 -1       236 4.98010E+00 8.34105E+00 1.20558E+01 1.87028E-01-3.36123E+00-5.60477E+00
 -1       237 9.21209E+00 5.63308E+00 1.71475E+01-5.90028E+00-1.71305E+00 2.52382E+00
 -1       238 2.16324E+00 4.67475E+00 8.50989E+00-2.70903E+00 6.31358E+00 4.67026E+00
 -1       239 1.08647E+01 4.74835E+00 8.78892E+00-3.44319E+00-1.29345E+00-9.94697E+00
 -1       240 7.85683E+00-4.01810E+00-2.41046E+00 2.58358E+00-2.67024E+00-5.63014E+00
 -1       241-1.36375E+01-9.74782E+00 1.64879E+01-5.23406E+00-5.06914E+00 3.58378E-01
 -1       242 2.54350E+01 1.17104E+01 3.50624E+01-5.42967E+00-5.31040E-01-6.88337E+00
 -1       243 6.59410E-01-4.46671E+00-1.41489E+01 3.92567E+00 2.23606E+00-3.16071E+00
 -1       244-4.18895E+00-1.31941E+01-1.48641E+01 2.52760E+00-1.56424E+00 3.38007E+00
 -1       245-2.23993E+01-1.19468E+01-9.49325E+00 1.85004E+00-3.98873E-01-3.70617E+00
 -1       246-1.75722E+01 8.71340E+00-1.27466E+01-5.31164E+00 3.90871E+00-5.83585E+00
 -1       247 2.60235E+01 4.36577E+00 2.76850E+00 1.51388E-01-2.75537E+00 4.84671E+00
 -1       248 2.16618E+01 8.64744E+00 1.37601E+01 1.68562E+01 7.98803E-01 6.25406E+00
 -1       249 2.16477E+01-8.72681E+00-4.11073E+00-1.07400E+01 1.65161E+00-1.80484E+01
 -1       250 3.22264E+01-6.31563E+00 1.17427E+00-1.46322E+00 5.43268E+00-8.93963E+00
 -1       251-1.16366E+01 2.47359E+00 1.03503E+01-2.53359E-01 1.40634E+00-7.59764E-01
 -1       252-1.00236E+01-4.14753E+00-5.33521E+00 2.02355E+00-2.16098E-01-3.82744E+00
 -1       253-1.29522E+01 4.97403E+00-1.92272E+00 7.19422E-01-3.89281E+00-1.33916E+00
 -1       254 2.14411E+01 7.78652E+00 8.82190E+00-5.39060E+00-2.68886E+00 5.36524E+00
 -1       255-4.92010E+00-3.27375E+00-6.29806E+00-2.32152E+00-1.73572E-01-6.55232E+00
 -1       256 7.74941E+00-2.24646E+00 3.43311E+00-2.33150E+00 5.17322E-02-2.04281E+00
 -1       257 1.75840E+01-2.13279E+00 4.64222E+00-3.35895E+00 1.04169E+00-6.22417E+00
 -1       258-1.80127E+00-3.74962E+00 3.65027E+00 3.90613E+00 1.08655E+00-1.46136E+01
 -1       259 1.99969E+01 1.38769E+01 7.61846E+00-3.69108E-02-6.07553E+00-1.03694E+01
 -1       260-1.40845E+01 2.48952E+00 2.79400E+00-2.05582E+00-4.24907E+00-3.15442E+00
 -1       261 2.06856E+01 5.39729E+00 2.18751E+01 6.99919E+00 7.90506E+00 7.41984E+00
 -1       262 2.82180E+01-1.04298E-01 2.13620E+01-2.23059E+00 2.95912E+00-7.47350E+00
 -1       263-1.66092E+01-1.94062E+01 5.00192E+00-3.07593E+00 1.73843E+00-6.56556E-01
 -1       264 3.01665E+01-4.07878E-01 1.51210E-01 4.57571E+00-4.80449E+00-2.13269E+00
 -1       265-3.80362E+01-9.09159E+00-1.39501E+01-6.57617E+00 5.91837E+00-2.06797E+00
 -1       266-3.68633E+01-9.47587E+00-9.16975E+00-9.66653E+00-4.74442E+00-1.17492E+01
 -1       267 1.02812E+01-1.03174E+01 7.45482E+00-8.44466E+00-4.37546E+00 2.22655E+00
 -1       268 1.35970E+01 7.34538E+00-5.72945E+00 4.35589E+00 2.82195E+00 5.43812E-01
 -1       269 1.23909E+01 4.39303E+00 1.05678E+01 3.94709E+00 4.94940E+00 2.31481E+00
 -1       270 1.90383E+00 3.95123E+00 9.32946E+00 7.49815E+00 4.81836E+00 9.64638E+00
 -1       271 1.47576E+01-1.04528E+00-4.61862E+00 5.58265E+00 2.32474E+00-8.26552E+00
 -1       272-8.18709E+00 1.25948E+01 7.80873E+00 1.29281E+00-3.37201E+00-2.75564E-01
 -1       273 1.47695E+00 2.58779E-01 8.92822E+00-2.37693E+00-4.08827E+00-2.67246E+00
 -1       274 6.91486E+00-4.45196E-01-3.54296E+00 3.43462E+00 7.05702E-01-2.41638E+00
 -1       275-3.49416E+00-3.92434E+00 1.17691E+01 5.25537E+00 1.85322E+00-2.51765E+00
 -1       276-1.61614E+00-3.34468E+00 6.98419E+00 5.43329E-01-1.40713E-01-1.27160E+01
 -1       277-6.71606E+00-3.94887E+00 1.52473E+01-1.89801E+00-4.55160E+00-1.47754E+01
 -1       278 1.41846E+01 7.41524E+00 3.36660E+01-2.56147E+00 5.34267E+00 1.07490E+00
 -1       279 1.49465E+00-1.11832E+01-4.31367E+00 4.33406E+00-9.34456E-01 2.18212E+00
 -1       280 1.88685E+01 3.62377E+00 9.94407E+00-1.89536E+00-5.21235E+00 3.64231E+00
 -1       281 4.93012E+00-2.87998E+00 1.08950E+01 1.63521E+00 6.78670E-01 4.72574E+00
 -1       282-4.82244E+00 1.16919E+00 9.21390E-01 4.96551E+00 3.83997E-01 1.50561E+00
 -1       283-4.37150E-02-5.60111E-01 2.38058E+00-3.92460E+00 1.01492E+00-2.09281E+00
 -1       284 2.23376E+00-5.13918E+00 4.33671E-01-8.10850E+00-3.41827E+00-5.18371E-01
 -1       285 2.41113E+01-2.89197E+00 8.91617E+00-2.36914E+00 2.37937E+00 3.06891E+00
 -1       286 1.38069E+01-5.66307E+00 6.46634E-01-2.57308E+00 8.46644E+00 4.56578E+00
 -1       287 4.01814E+01 1.47617E+01 2.33892E+01 2.30540E+00 2.36869E+00 2.72520E+00
 -1       288-1.37170E+01-6.28700E+00 1.18151E+01-9.74679E+00-6.86523E-01-2.86256E+00
 -1       289 7.14998E+00 4.44793E+00 1.31035E+01 9.97326E-02-4.17776E+00 2.24940E-01
 -1       290-2.28063E-01-2.03592E+00 1.92744E+01-1.17532E+01-5.23163E+00-7.41090E+00
 -1       291-7.45862E+00-7.70001E+00 8.60619E+00 1.55459E+00 3.84707E+00-5.47118E+00
 -1       292 6.00985E+00 4.59564E+00 2.13149E+01 3.43221E+00 7.64711E+00-2.17655E+00
 -1       293 1.98557E+01 7.53921E+00 3.40465E+01 7.43300E+00 1.62136E+00-1.28652E+01
 -1       294-3.34511E+00 4.38523E+00 1.91934E+01 6.89848E+00-1.47867E+00-4.05976E+00
 -1       295-1.24883E+00-7.03715E-01 1.27685E+00 1.27173E+00 4.74634E-01-1.97261E+00
 -1       296 1.21279E+00 2.70199E-01 2.41859E+01 1.39584E+00 3.73876E+00-7.59815E-02
 -1       297 5.29505E+00 2.38090E+00-5.17650E+00-4.72829E+00 4.36120E-01-2.20621E+00
 -1       298 3.05034E+00-1.22280E+00-1.02275E+01-7.99654E+00 4.07885E+00 7.58599E+00
 -1       299-5.78085E+00-2.84944E+00-1.89924E+00 1.74718E+00 1.24741E+00 1.43729E+00
 -1       300-3.17244E+00-2.40629E+00-3.70000E+00-3.11065E+00 1.13028E+00 4.31120E-01
 -1       301-9.11077E+00-1.98615E+00 2.63653E-02 2.40092E+00 2.21127E+00 3.65177E+00
 -1       302-5.07229E+00-4.26086E+00-1.48877E+01 1.47297E+00 8.54210E-01-7.10515E+00
 -1       303-1.35903E+01-4.22482E+00 1.72513E+00 7.21590E-01 1.55726E+00-3.66291E+00
 -1       304 1.03191E+00 3.10283E+00 6.59541E+00-4.24499E+00 1.50239E-01-5.11904E+00
 -1       305 1.00272E+01-2.73366E+00 4.58026E+00 1.46903E+00 1.84135E+00-3.92338E+00
 -1       306-3.34061E+00 3.53253E+00 7.03314E+00-2.80129E+00 2.88945E-01-1.75100E+00
 -1       307-3.62625E+00-3.80205E+00-5.38188E+00-5.03600E-01-2.70748E+00 1.32654E+00
 -1       308 6.25212E+00 7.74217E-01 1.50090E+01-6.35327E-01-6.11843E-01-7.52989E+00
 -1       309-1.81503E+00 2.86406E+00-8.33003E-01-1.89196E+00 1.46565E+00 6.40169E+00
 -1       310 2.18621E+00-2.74092E+00-1.55669E+01-3.65182E+00 3.97968E+00-1.80347E+00
 -1       311 9.82740E+00-2.13332E+00 7.74251E-01-9.31620E-01-4.49308E+00-1.59693E+01
 -1       312-7.29176E+00-5.59936E-01-9.08275E+00 1.71915E+00-4.22184E-01-5.93620E+00
 -1       313-9.81815E-02 1.33172E+01 9.25205E+00-2.27884E+00-8.11068E+00 9.09273E+00
 -1       314-7.87335E+00 3.49099E-01-7.63971E+00 3.42729E+00 2.37672E+00-3.83531E+00
 -1       315-1.74715E+00 3.29705E+00 1.09430E+01 1.26347E+00-3.57160E+00 1.39362E+01
 -1       316 6.55744E-01 1.76782E+00 1.23252E+01 4.68549E+00 1.92262E+00 1.34489E+01
 -1       317-5.50555E-01 9.21284E+00 1.26980E+01 2.25069E+00 1.04003E+00 9.07414E+00
 -1       318-3.33299E-01 6.15105E+00 9.85205E+00 2.59745E+00-7.54839E-01 9.39565E+00
 -1       319 2.18541E+01-6.75774E-01 2.38844E+01 7.77346E+00-1.70838E+00-1.84752E+01
 -1       320-1.07935E+01-9.69078E+00 9.88007E+00-4.15929E+00-3.30425E+00-1.18817E+01
 -1       321-2.70343E+00-3.46432E-01 2.97308E+01-5.86603E+00 1.55901E+00 3.35621E-01
 -1       322 1.78466E+01-9.50861E-02 2.99188E+01-2.81149E+00 2.50314E+00-5.28882E+00
 -1       323 6.39093E+00 1.29085E+00 2.04362E+01-6.55250E-01 6.72944E-01-3.00265E+00
 -1       324 1.64736E+01 4.01656E+00 2.81422E+01 7.19875E+00-2.31384E+00-9.13584E+00
 -1       325-8.68331E-02 3.55282E+00-9.73338E-01 1.48953E+00 9.72530E-01 2.46914E-01
 -1       326 8.04449E+00 6.16775E+00-3.56390E-01 4.25756E+00 1.02415E+00 1.22438E+00
 -1       327 2.41958E+01 7.11908E+00 6.47627E+00 3.99451E+00-2.15622E+00-8.37714E-01
 -1       328 1.70922E+01 2.39002E+00-3.22845E+00 4.59004E+00-1.34872E+00-6.63097E+00
 -1       329-7.48433E+00-8.97065E+00 4.02855E+00 2.21502E+00-2.14114E+00-1.43991E+01
 -1       330 1.37090E+01-2.23711E+00 8.65758E+00-2.65596E-01-1.99902E+00-1.09367E+01
 -1       331-2.13097E+00 3.75906E+00 1.47099E+01-6.32184E+00-6.77110E+00-7.82877E+00
 -1       332 4.36146E+00-1.34458E+00 1.68863E+01 2.41652E+00 1.55119E+00 1.25410E+00
 -1       333 1.45420E+01 7.03854E+00-2.84136E+00 4.62132E+00 8.37927E-01 4.78893E+00
 -1       334 2.51302E+01-2.20087E+00 4.40225E+00 3.95564E+00 6.32610E+00-7.78161E+00
 -1       335-1.97886E+01 9.07336E+00 6.99566E+00-1.72350E+00-1.99169E+00 4.86976E+00
 -1       336-2.12605E+01 5.47228E+00-3.64606E+00-3.18234E+00-3.87620E+00 1.69140E-02
 -1       337 1.32592E+01 8.72875E+00 1.57586E+01 7.29053E+00-1.57415E+00 8.65013E+00
 -1       338 4.62212E+00 5.03194E+00 1.22300E+01-1.43890E+00 5.24531E+00-1.09894E+00
 -1       339-1.34016E+01 1.10106E+01-2.19392E+00-1.38107E+01-2.23511E+01-3.21772E-01
 -1       340 1.86550E+00 2.55959E+00-1.33991E+01-1.33194E+01-1.26655E+01 2.03543E+00
 -1       341 9.37146E+00 2.04769E+01 2.95723E+01 2.43742E-01 6.40247E+00-1.99464E+01
 -1       342 9.95480E+00 9.73174E+00 3.55549E+01 1.24298E+00-3.70132E+00-8.18053E-01
 -1       343 8.54524E-02 5.97921E+00 1.31567E+01-3.06535E+00 2.28796E+00-1.84260E+01
 -1       344 2.17669E+01 5.42904E+00 2.17934E+01 1.39610E+00 5.00072E+00-2.76660E+01
 -1       345-1.35816E+02-2.64169E+01-2.31819E+01-4.21904E+00 1.45520E+00-1.54275E+01
 -1       346-5.31100E+00-1.16161E+01-6.35041E+00-1.47788E+01-1.03537E-01-2.82889E+00
 -1       347 9.23013E+00 1.40488E+01 1.33625E+01-8.82859E+00 2.65876E+00-7.17061E+00
 -1       348 1.96880E+01-1.98274E+01-3.92941E+00-8.80920E+00-3.13805E-01 7.57351E-01
 -1       349 4.58367E-02-9.04350E+00-1.62506E+01-5.70724E+00 1.08707E+01-8.25330E+00
 -1       350-6.55703E-01-2.40625E+01-2.55065E+01-4.49364E+00 2.63005E+00-4.44644E+00
 -1       351 1.67066E+01 6.13967E+00 4.03465E+00-3.73945E+00 2.81548E+00-4.99422E+00
 -1       352-2.51801E+01-3.66463E+00-1.64851E+00-2.40506E+00 4.47829E+00-9.94096E+00
 -1       353-2.36865E+01-1.97481E+00-1.79410E+01 1.30926E+00-1.90271E+00-1.34758E+01
 -1       354-6.49575E+00-2.63996E+00-1.15761E+01-6.89484E+00-3.86361E+00-2.25039E+00
 -1       355 4.17775E+01 1.83152E+01 1.41476E+01 2.66058E+00 6.88709E+00 2.01971E+01
 -1       356 2.05551E+01-1.80016E+01-6.52655E+00 8.51036E+00-2.07558E+00-4.25246E+00
 -1       357-1.04701E+02-2.97250E+01-1.05981E+01-3.90827E+00-5.44771E+00-1.22232E+01
 -1       358-6.70588E+01 8.72805E+00-2.20648E+00-3.45573E+00-1.34438E-01-2.22473E+01
 -1       359-7.55331E+01 6.93544E+00 6.98686E+00-5.75744E+00-1.77785E+00-9.29667E+00
 -1       360 1.75258E+01-1.12449E+01 5.32285E+00-1.06121E+01 9.65582E-01 1.36561E+01
 -1       361-1.80913E+01-1.70686E+01-1.32497E+01-9.48746E+00 7.68775E+00 3.06679E-01
 -1       362 3.08541E+01 9.51925E+00-8.96540E-01-8.65213E+00 1.94530E+00-8.32098E+00
 -1       363 1.35941E+01-1.32506E+01-1.62773E+01 1.97004E+00 3.29588E+00 3.17729E+00
 -1       364-1.89005E-01-6.99145E+00-2.91122E-01-9.76420E-02-4.77889E+00 7.77646E+00
 -1       365 8.73173E+01-7.70893E+00-1.91113E-01-2.75645E+00 9.23222E+00-3.87804E+00
 -1       366 7.99964E+01-1.09925E+01-2.03541E+01-3.95732E+00 1.53710E+01-1.17452E+01
 -1       367 1.16878E+01 1.37525E+01 2.51382E+01 1.70716E+00 1.34912E+00-2.50434E+01
 -1       368-7.40599E+00 7.86296E+00 1.78201E+01 3.57300E+00 3.52177E+00-2.04815E+01
 -1       369 9.08033E-01 1.71125E+01 2.61794E+01-6.84288E+00 8.04442E+00-2.57837E+01
 -1       370 3.94568E+00 5.43445E-01 3.80421E+00-4.28316E+00-6.01754E-01-2.58238E+00
 -1       371 1.95609E+01-3.25354E+00 5.69000E+00-4.14593E+00-1.14186E+00-8.63515E+00
 -1       372 1.41564E+01 1.61188E+01 5.00111E+01-2.67694E+00 2.51681E-02-2.08458E+01
 -1       373-2.30004E-01 5.71165E+00 1.33803E+01 3.08532E+00-2.48506E-01 8.54257E+00
 -1       374 3.83462E+01 2.52545E+01 4.98241E+01 1.36636E+00 4.14490E+00-5.37085E+00
 -1       375-1.17909E+01 5.38538E+00 1.29456E+01 2.57549E-01-3.10994E-02-5.35012E+00
 -1       376 2.49670E+01 1.68210E+01-5.36531E+00 2.42154E+00-1.84069E+00 3.21527E+00
 -1       377-1.11906E+01-4.67819E+00 6.70763E+00-4.02891E+00-3.60901E+00-7.79430E+00
 -1       378-2.97850E+01-6.05051E+00-3.77364E+01 1.21780E+00-4.99502E+00-7.43465E+00
 -1       379-2.69711E+01-3.28935E+00-1.28412E+01 2.36507E+00-1.93861E+00-1.29337E+01
 -1       380-1.61917E+01-6.07545E+00-3.79971E+01 9.79766E-01-5.33639E+00-8.12241E+00
 -1       381 4.86796E+00 1.03989E+00 2.24617E-01-2.91204E+00-2.84994E-01-3.31374E+00
 -1       382-4.51255E-01-3.65355E+00-4.50540E-01-4.64941E+00 2.18067E+00-6.57317E+00
 -1       383-2.73605E+01-9.61746E-01-4.58640E+00-2.93127E-01 7.52078E-01-1.90253E+01
 -1       384 1.89735E+01-1.41470E-01 6.16044E+00-5.37115E+00 3.47402E+00-7.90456E-01
 -1       385 2.90154E+01-5.67118E+00-2.20112E+00-1.04715E+01-2.19692E+00 2.70517E+00
 -1       386-2.61583E+01-7.78025E+00-9.97487E+00-8.80202E+00 4.01819E-01-1.12872E+01
 -1       387 2.75737E+01 2.37154E+00 2.15336E+01-2.01364E+00 2.74101E+00-2.29025E+01
 -1       388 3.06120E+01 9.78737E+00 3.20006E+01 2.03102E+00 5.85079E-01-2.09916E+01
 -1       389 1.82260E+01 7.32090E+00 1.62669E+01-3.25213E-01 6.61733E+00-1.02019E+01
 -1       390-1.25685E+01 1.03071E+00 1.82463E+01 1.56903E+00 2.29796E+00-1.18117E+01
 -1       391-5.17775E+00-1.50306E+01 5.48350E-01-9.02619E+00 7.88849E-01-1.61980E+01
 -1       392 1.59787E+01 5.21313E+00 2.37771E+01 1.72594E+00 4.11848E+00-2.01367E+01
 -1       393-3.82943E+01-1.72792E+01-1.31462E+01-6.80430E+00-7.22215E+00-5.71012E+00
 -1       394 6.01820E+00 1.59595E-01-7.58380E+00-1.52908E+01-2.22570E+01-1.83503E+00
 -1       395 5.12716E+00 1.56050E+01 3.75894E+00-2.70736E+00-5.98189E+00-4.26161E+00
 -1       396 1.25272E+01 9.41813E+00-5.07398E+00-7.47623E+00-3.49383E+00-3.75292E+00
 -1       397-3.88774E+01-1.34607E+01-2.19574E+01-1.02481E+01-8.94086E+00-1.01415E+01
 -1       398 1.22787E+00 3.09611E+00-7.46530E+00-1.85555E+01-2.06435E+01-3.38400E+00
 -1       399 9.21860E+00-4.08476E-02-9.76350E+00-1.65356E+01-8.98092E+00 1.88390E+00
 -1       400-1.40014E+01-1.13414E+01 8.70112E-01-1.04182E+01-3.92306E+00-1.61044E+01
 -1       401-7.19183E+01-2.70488E+01-1.62812E+01-7.37176E+00 6.09748E+00 5.72841E-01
 -1       402 2.24846E+01 1.09152E+01 2.49255E+01-5.06149E+00-1.08846E+00-1.51368E+01
 -1       403 8.91652E+00 9.15695E+00 2.32645E+01-9.02082E+00-2.42003E+00-1.75326E+01
 -1       404 1.02632E+01 9.61573E+00 2.04074E+01-9.58526E+00 2.62996E+00-1.45917E+01
 -1       405 2.10793E+01 8.36027E+00 1.05858E+01 3.39427E-01 9.48532E+00-3.21018E+00
 -1       406-2.53390E+01-4.35169E+00 2.69032E+01-4.29343E-01-1.43523E+01-1.28137E+01
 -1       407-1.21034E+00 4.54623E+00 4.09260E+01-3.93427E+00-6.76028E+00-3.85372E+00
 -1       408-3.52276E+01-1.53591E+01-1.43165E+01-6.52823E+00-5.97236E+00 1.84721E+00
 -1       409 3.18319E+01 1.89319E+01 4.23740E+01-3.23863E-01-9.59433E+00-4.70668E+00
 -1       410-4.62978E+01-9.42396E+00-1.14348E+01-9.15837E+00-4.23974E-01-4.84493E+00
 -1       411 1.24476E+01 1.03671E+01 3.11348E+00 3.46255E-01-2.54838E+00-1.80714E+01
 -1       412-3.56474E+01-1.05866E+01-1.33943E+01-1.31155E+00-1.35990E+00-8.81661E+00
 -1       413-2.14311E+01-3.36472E+00-1.07111E+01-5.22047E-01 2.35218E+00-1.11508E+01
 -1       414 1.48555E+01 1.45270E+01 5.06306E+00 1.53162E+00-1.56334E+00-1.37685E+01
 -1       415 3.90667E+01 1.84008E+01 2.06122E+01 2.45869E-01 2.84802E+00-6.67264E+00
 -1       416 2.99681E+01 1.43671E+01 3.16061E+01-1.22253E+00 2.50372E+00-2.35169E+01
 -1       417 2.48408E+01 1.21938E+01 2.63344E+01-2.16893E-01 4.20339E+00-2.09905E+01
 -1       418-8.63555E+00 9.61137E+00 3.35169E+00-3.68370E+00-4.92448E+00-1.88288E+01
 -1       419 2.91906E+01 1.78741E+01 2.98226E+01 1.53965E+00 2.30739E+00-2.13413E+01
 -1       420-2.86124E-01 4.63563E+00-3.78105E+00-9.31995E+00-1.74702E+01-7.52772E+00
 -1       421-3.30437E+00 1.76457E+01 4.41149E+00-2.09026E-02-8.43131E+00 4.96175E+00
 -1       422 1.21571E+01 5.59940E+00 5.80183E+00-5.27952E+00-1.58603E+01 3.74594E+00
 -1       423-2.99018E+00-1.86555E+00-1.09890E+01-1.15119E+01-8.85179E+00 4.74532E+00
 -1       424 5.49963E+00 2.94508E+00 3.99991E+00-1.22445E+01-6.28776E+00 5.21385E-01
 -1       425-1.89021E+01-1.90182E+01-1.06839E+01-1.36694E+01 1.20646E+00-8.21236E-01
 -1       426-4.06835E+01-2.73521E+01-2.81068E+01-2.47103E+01-4.85942E+00-8.91287E+00
 -1       427-4.50875E+01-3.20933E+01-3.31847E+01-3.25285E+01-5.72803E+00 6.26875E-01
 -1       428-2.27916E+01-2.94389E+00 6.50304E+00 1.31881E+00 9.36414E-01-1.76235E+00
 -1       429 5.55651E+01 1.79202E+01 1.28996E+01-1.03569E+01-9.79251E+00-9.89522E+00
 -1       430 6.94548E-02-6.30337E-03-2.27882E+01-6.14150E-02 4.77547E+00-1.59357E-01
 -1       431 2.01723E+00 6.30622E-01 2.98756E+01 2.22654E-01-4.66532E+00 3.57763E-01
 -1       432 3.89566E-01 9.15594E-03-3.03877E+01-4.25263E-02 7.16417E-01-7.72336E+00
 -1       433-8.84925E-02-2.32622E-01 3.67023E+01-1.19360E-01-6.91410E-01 7.87984E+00
 -1       434 9.14055E-01 2.43453E-01 4.14823E+00 1.04049E-01 1.06246E+00 2.04899E+00
 -1       435-6.63126E-01 1.22479E-01 9.36232E+00-4.95867E-01 4.85880E+00 3.80835E+00
 -1       436-1.92595E-01-4.42629E-01-2.38329E+01-2.13427E-01 2.70832E+00-7.76403E-01
 -1       437 7.77133E-01-1.57947E-01 2.21585E+00 1.10379E-01-8.34941E-01-1.19536E+00
 -1       438 7.68347E-01 4.93816E-01 3.60282E+01 5.85496E-02-7.01903E-01 6.31065E+00
 -1       439-1.52497E+00-1.74196E-02-8.87142E-02 9.70391E-02-1.47770E+00-2.57369E+00
 -1       440-1.96258E+00-6.39407E-01-3.01000E+01-2.59184E-01 1.29381E+00-6.10895E+00
 -1       441-1.92963E+00-2.56043E-01 3.61325E+00 7.01639E-01 1.21168E-01 1.55420E+00
 -1       442-3.71908E-01 1.17928E-02-3.38279E+00 1.47900E-01-4.51597E+00-4.49336E+00
 -1       443-8.21400E-01-4.48682E-01 2.94433E+01 6.08772E-01-3.43250E+00 1.81130E-01
 -1       444 2.73263E-01-2.78119E-02 5.62873E-02 9.55637E-02-9.27784E-03-8.63274E-02
 -1       445 1.94820E-01 3.55881E-02 3.36114E-02 1.25890E-01 4.47714E-02 1.01471E-01
 -1       446 1.91318E-01-6.77030E-03 7.05200E-02 4.86177E-02-2.33955E-02-1.36393E-01
 -1       447 1.10264E-01 1.83647E-03 9.75103E-02 1.64095E-01 8.48594E-02 1.25642E-01
 -1       448 1.58630E-01-2.07779E-02 5.21594E-02 3.69061E-03-3.21153E-03-8.13919E-02
 -1       449-5.76989E-03 1.51435E-02 1.27240E-01-2.60805E-02 3.69930E-02-6.17051E-02
 -1       450 4.11644E-02-5.08684E-03 3.94240E-02-1.74233E-02 9.55122E-02-9.54949E-02
 -1       451-1.15945E-02-1.31887E-02-8.20463E-02-3.67465E-03 1.72802E-01-7.72921E-02
 -1       452 7.46190E-02 4.36840E-02-2.14007E-01 3.54840E-02 2.76543E-01-1.43937E-01
 -1       453-5.69211E-03 8.46562E-01-6.41571E-01-2.65418E-02-2.11478E-01-4.05530E-01
 -1       454 4.73554E-02 7.28914E-02-1.27586E+00 5.06584E-02 2.12577E-01-1.70279E-01
 -1       455 2.67897E-01 1.05736E-02-1.97163E-01-5.25563E-01-1.11205E-01-8.37722E-02
 -1       456-1.49264E-01 4.36786E-01-2.55784E-01-7.35885E-01-3.38122E-01-5.74118E-01
 -1       457 2.20374E-01 3.27127E-01-1.61577E-02-2.88021E-01-6.70670E-02 1.64350E-01
 -1       458-1.21632E+00-1.08737E+00-1.66860E-01-2.10794E+00-8.12937E-01-6.66265E-01
 -1       459 2.34823E+00-3.01232E+00 2.93926E-01-2.16059E+00 1.18249E-01 8.99863E-01
 -1       460 9.04065E+00-4.79658E-01 1.61235E+00 3.35477E+00 3.23035E+00 7.01851E-01
 -1       461-1.99077E+00-5.29513E-02 1.09798E+01-4.76016E-01-1.00573E+00 3.11984E-01
 -1       462 1.30357E-01-1.05181E+00 1.58559E+00 2.44531E-01-7.08602E-01 1.63369E-01
 -1       463-1.07386E-02 2.87353E-01-1.38530E-01-2.75432E-01-9.68708E-02-3.21241E-01
 -1       464-9.22552E-02-5.22859E-02 1.73829E-01 1.08603E-01 1.68921E-01 3.29049E-02
 -1       465-7.34547E-02-5.11473E-02-7.12395E-01-3.33861E-01-4.83714E-01-5.28405E-01
 -1       466 1.38652E-01-1.12895E-01 2.21243E-01 8.69084E-02 9.78042E-02 1.95252E-01
 -1       467 2.01954E+00-6.38533E-01 1.64084E+00-3.26145E-01-7.83163E-01 8.55672E-01
 -1       468 7.42976E-01 1.06705E-01 4.14464E-01 1.24697E-01-2.17615E-02 6.13725E-01
 -1       469-1.10605E+00-1.03512E-01 1.13210E+00 1.71501E-01 5.16654E-01-1.50939E-02
 -1       470 6.87053E-01-3.50619E-01-6.80542E-01 4.55216E-01 1.13109E-01-4.93878E-01
 -1       471 8.41584E-01 1.37009E-02 3.26807E-01 4.72843E-02 1.23778E-01 4.89563E-01
 -1       472 8.62892E-01 2.18038E-01 6.09757E-01-5.07251E-02-5.22764E-02-2.91699E-01
 -1       473-2.17800E-01 4.89944E-01-1.35410E+00 1.12056E+00 3.74329E-01 8.36609E-01
 -1       474 8.42281E-01 1.21586E-02 8.72851E-02 5.72421E-03-7.02052E-02-7.64270E-02
 -1       475-1.47910E-01 3.33951E-02 2.99411E-01 1.15317E-01 5.53555E-02 1.05469E-01
 -1       476 2.69906E-01 7.03337E-04 5.26838E-01-5.00658E-02 1.81559E-02-1.31776E-01
 -1       477 1.31810E-01-2.03498E-01-3.82071E-01 6.82518E-02 2.27286E-01-2.19900E-01
 -1       478 7.16185E-01-5.02944E-03 1.42380E-01 6.90283E-03-4.22720E-02-2.43799E-01
 -1       479 7.77832E-01 2.21998E-02 4.93728E-02 2.89894E-02-2.98955E-02-8.89825E-02
 -1       480 6.11812E-01-1.51523E-03 1.01734E-01 6.59428E-02-2.15813E-02 1.87848E-01
 -1       481 3.85442E-01 1.46698E-02 1.59820E-01 7.05238E-02 4.27673E-02 2.21571E-01
 -1       482 8.31996E-01 4.10966E-02 1.42381E-01 9.21642E-02-6.72190E-02 2.08543E-01
 -1       483 4.98275E-01 2.62745E-02 5.33954E-01-3.03080E-02-7.93919E-05-2.82378E-01
 -1       484 6.46163E-01 1.80840E-02 3.61446E-01 3.12942E-03-9.87136E-03-3.00694E-01
 -1       485 9.30198E-01 2.07793E-03 2.71186E-01-3.19001E-02-2.04899E-02-2.00294E-01
 -1       486 9.91096E-02-2.81632E-02 3.75194E-01-1.71884E-02 2.45860E-02-1.37957E-01
 -1       487 2.36660E-01 1.85864E-03 5.33439E-01-4.60887E-02 3.79094E-02-2.50907E-01
 -1       488 5.39065E-01 4.93053E-02 6.33848E-01-4.58164E-02-6.07479E-02-2.03173E-01
 -1       489 2.65633E-01-1.18478E-01-3.51979E-01 4.97798E-02 1.05670E-01-1.13598E-01
 -1       490 2.39726E-01-4.27288E-02 2.16467E-01 2.21468E-02 9.50870E-02 4.62475E-02
 -1       491 3.20666E-01-1.45525E-02 3.92435E-01-2.65624E-02 1.28143E-01 9.76106E-02
 -1       492-2.76732E-01 1.87419E-01-4.42508E-01-5.60978E-02 3.94609E-01-3.42675E-01
 -1       493-1.33337E-01-4.00814E-01-1.00761E+00 6.25756E-02 3.45378E-01-3.26508E-01
 -1       494 3.82203E-01-6.19019E-02-2.09533E-01 4.96395E-02 1.09637E-01 8.76111E-02
 -1       495-6.59214E-01-1.27699E-01-1.05347E+00 1.32178E-02-4.81678E-02-1.34426E+00
 -1       496-4.10959E-02 5.51776E-02-7.57559E-01 1.50818E-01 2.58400E-01-7.80498E-01
 -1       497 4.24810E-01-8.34721E-02-2.16910E-01 2.26672E-01 2.79053E-01-2.11932E-01
 -1       498-1.05582E+00 8.36838E-01-1.51960E+00-7.41388E-01-4.81871E-01-1.19530E+00
 -1       499-8.85830E-01 1.16896E-01-1.51352E+00 3.99494E-01-3.13594E-02-1.01507E+00
 -1       500 4.66298E-03-7.21575E-01-1.39567E+00 4.24867E-01-3.09214E-02 1.03077E-01
 -1       501-2.15719E+00-8.28638E-02-9.09266E-01 2.62918E-01 7.63317E-01-1.24139E+00
 -1       502-1.02589E+00-4.97210E-01-1.37421E+00-2.74713E-01 2.99177E-01-7.87990E-01
 -1       503-1.91612E+00 2.18083E-02-1.17471E+00-5.47757E-01 3.35358E-01-1.60883E+00
 -1       504-1.39531E+00-6.28375E-01-2.09931E-01 4.99750E-01 3.78604E-01 3.61491E-01
 -1       505-8.86622E-01 7.43605E-02-2.49825E-02 1.36546E-01 2.28050E-01-4.05942E-01
 -1       506-1.04415E-02-1.50687E-02 6.41612E-02 1.21213E-01 1.97229E-02 5.90256E-02
 -1       507-2.86463E-01 1.62994E-01-7.20033E-02 1.01004E-01 9.46158E-02-2.28359E-01
 -1       508-2.73283E-01 1.72657E-01 8.92830E-01 2.28541E-01 1.57901E-01 2.79401E-01
 -1       509 2.51963E-01-1.94823E-02 3.70827E-01 1.19128E-01 2.54803E-02 4.08651E-01
 -1       510 6.31423E-01-6.12064E-01 9.66948E-01 2.57994E-01-3.75098E-01 9.38525E-01
 -1       511-2.07339E-01 7.60039E-02 1.27493E+00-2.89586E-02 2.47553E-01 5.54293E-01
 -1       512 1.64354E+00-3.47954E-01 1.05143E-01-1.40747E-01-1.03502E+00 8.58984E-01
 -1       513 1.28151E+00 4.73568E-01 7.27377E-01 5.98574E-02 7.26844E-03 1.99904E-01
 -1       514 1.13772E+00-2.79571E-01 5.77466E-01-6.17123E-01-9.48404E-01-4.93973E-01
 -1       515 6.68417E-01-7.28811E-01 5.62322E-01 3.05498E-01-1.77645E-01 1.51719E+00
 -1       516 9.21155E-01-3.99960E-01 1.18901E+00-7.42217E-01-4.11851E-01 4.34574E-01
 -1       517 9.61538E-01-2.90448E-01-6.14691E-01 2.83257E-01-6.14357E-02 1.25777E-01
 -1       518 1.03842E+00-6.18399E-01 1.02658E+00-1.61419E-01-8.27562E-02 2.46728E-01
 -1       519 8.89133E-01 2.66113E-01 8.35950E-01 5.38350E-02-2.12776E-02 1.90586E-01
 -1       520 2.11236E-01 1.96956E-01 4.50077E-01 4.34176E-01 6.84837E-01 2.33481E+00
 -1       521-1.71900E-01 6.74051E-02 2.42769E-01 9.23933E-02-7.85155E-02 1.13798E+00
 -1       522 9.43211E-01 1.66074E-01 4.02469E+00 3.04687E-01 6.30612E-01 2.15877E+00
 -1       523 2.45356E+00-1.85273E-01 1.17988E+00 3.03561E-01 1.81820E-01 2.15956E+00
 -1       524 6.31183E-01 5.24098E-03-6.99363E-01-1.17352E-02 1.69306E-02 1.19532E+00
 -1       525-3.07409E-01 9.57461E-02-4.20152E-01-3.59693E-02-2.81629E-02 7.67289E-01
 -1       526 7.62801E+00 2.90310E-01 6.81445E+00 8.92666E-01 1.11855E+00 8.64953E+00
 -1       527-2.61255E-01-2.87357E-02-1.61161E-01 1.73168E-02-8.13883E-02 5.23850E-01
 -1       528 9.87916E-02 2.97899E-03 1.02119E+00 5.24216E-02 3.41053E-02 7.75422E-01
 -1       529 3.62558E-02-1.94464E-02-5.77810E-01-8.22734E-02 1.41436E-02 6.42866E-01
 -1       530 5.19041E-01-2.84034E-03-5.58978E-01-9.03041E-03 7.76121E-03 1.58991E+00
 -1       531-1.36973E-01-5.75446E-03-6.16231E-02 4.00705E-02-3.63685E-02 3.02450E-01
 -1       532-2.62894E-01-3.95376E-02-1.13697E-01 3.58238E-02-5.32125E-02 3.42829E-01
 -1       533 2.55938E-02 4.04396E-02 4.19971E-01 6.30071E-02 2.29501E-02 5.56737E-01
 -1       534-1.00067E-01 8.87245E-03 1.73227E-01 5.75192E-02-4.59487E-02 5.38605E-01
 -1       535-2.78011E-01-7.05653E-02-6.51822E-02 6.85056E-02-1.00555E-01 8.01597E-01
 -1       536-2.19739E-01-7.26098E-03-2.26141E-01-2.46026E-02-4.89143E-03 4.79189E-01
 -1       537-1.79746E-01 3.94937E-02-3.13598E-01-1.36069E-02-9.59410E-03 5.30679E-01
 -1       538-3.06423E-01 2.68812E-02-2.95122E-01-4.84997E-02-1.72617E-02 6.37126E-01
 -1       539-1.12394E-01-2.67127E-02-4.57718E-01-4.04972E-02 4.74664E-03 4.44615E-01
 -1       540 4.50618E-02-2.20655E-02-5.57365E-01-3.16613E-02 6.65854E-02 3.75829E-01
 -1       541-1.19521E-01 5.62684E-02-4.99222E-01-5.70545E-02-3.68831E-02 7.53656E-01
 -1       542 2.50217E-01-9.15447E-02-6.66966E-01-4.73525E-02 2.14231E-02 5.95941E-01
 -1       543 4.80846E-01 8.57136E-02-1.40822E+00 7.10855E-02-2.27663E-01 6.39593E-01
 -1       544 2.21394E-01-9.46991E-02-7.48646E-01-7.71549E-02 4.59467E-03 8.74545E-01
 -1       545 2.78074E-01-1.64339E-02-2.23070E+00 1.31740E-01-1.54644E-01 8.62034E-01
 -1       546 7.24299E-01 1.49492E-01-1.86328E-01-4.00382E-02-1.42619E-01 1.56445E+00
 -1       547 5.54680E-01-7.14471E-02-6.62379E-01 2.43716E-02 4.60642E-02 1.37310E+00
 -1       548 1.42671E+00-3.00976E-02 3.06194E-01 1.58357E-01 6.30247E-02 1.35255E+00
 -1       549 2.90215E+00 3.20494E-01 7.63107E-01-1.29091E-01-7.41691E-02 1.40008E+00
 -1       550 1.06208E+00-1.25031E-02 8.90492E-02 1.08485E-01 1.00667E-01 1.57098E+00
 -1       551 6.14798E+00-4.44604E-01 2.66052E+00 3.47168E-01 2.85575E-01 3.64353E+00
 -1       552 1.54391E+01 2.36473E+00 6.22809E+00 3.01911E+00 3.82825E+00 8.34454E+00
 -1       553 3.73131E+00-1.20743E+00 2.35331E+00 7.03572E-02 7.26869E-02 4.28369E+00
 -1       554 3.88499E+00 1.54538E+00 1.95588E+01 4.56004E-02 1.28129E+00 9.22489E+00
 -1       555 1.91646E+00-4.73882E-01 7.90065E+00 6.10319E-01 1.44882E+00 2.41007E+00
 -1       556 7.20509E-01-4.71769E-02 3.81757E+00 3.31894E-02 6.40103E-01 1.50817E+00
 -1       557 4.22182E+00 7.19163E-01 6.20713E+00 6.77100E-01 3.89910E-01 5.56743E+00
 -1       558 2.99357E-01-8.88341E-02 2.06523E+00 1.87086E-01 1.50294E-01 1.13864E+00
 -1       559 1.64190E-01-2.38602E-02 9.41064E-01 4.86018E-02 6.07380E-02 6.39280E-01
 -1       560 1.82598E-01-1.26376E-02 6.07659E-01 7.90877E-02 2.99045E-02 4.97456E-01
 -1       561 1.77856E-01-7.28928E-03 1.64914E+00 1.30850E-01 7.17894E-02 1.18939E+00
 -1       562-6.63335E-03 2.64038E-02 7.98448E-01 3.56325E-02 3.00001E-02 8.75807E-01
 -1       563-1.75343E-01-4.39757E-01-8.07725E-01 2.27999E-01-5.19712E-01 1.66056E+00
 -1       564-7.15691E-02-1.90112E-01 1.24182E+00 9.42117E-02 1.11506E-01 1.35951E+00
 -1       565 7.71154E-01-4.70954E-01 1.49887E+00 4.34258E-01 9.68585E-02 2.55064E+00
 -1       566-1.11990E+00-3.66876E-01-9.70923E-01-3.37555E-01-2.74388E-01 8.19963E-01
 -1       567-3.00039E-01 6.30493E-02-2.17339E-01-1.19962E-02 9.38938E-04 9.42329E-01
 -1       568 2.33708E+00-1.51281E-01 2.94447E+00 8.56170E-01 6.48439E-01 4.49618E+00
 -1       569 7.68424E-01-2.18948E-01 1.53080E+00 9.12082E-02 6.34100E-01 2.47950E+00
 -1       570 1.12108E+00-2.32467E-02 2.71183E-02 1.38670E-01 9.34091E-02 1.44815E+00
 -1       571-3.55573E-01-2.62961E-01-2.27416E-01-4.83189E-01 3.04452E-01 1.60662E+00
 -1       572-6.03566E-03 5.91898E-02-5.66211E-01 5.85189E-02 3.33139E-02 1.07547E+00
 -1       573-4.49330E+00-1.46263E+00 7.62273E+00-4.66648E+00-3.42965E+00-7.67928E+00
 -1       574-1.17566E+01-6.25297E+00 1.16000E+00-5.03904E+00 8.18213E+00 2.54943E+00
 -1       575 1.68932E+01 2.50941E+00-1.82208E+00-1.42805E+01-6.88487E+00-8.78242E+00
 -1       576 5.36205E+00-1.22026E+00 3.59743E+00 2.64422E-02 1.24503E+00-7.65366E+00
 -1       577 2.91049E+00 1.95549E+00 1.34958E+01-3.93680E+00-4.27641E-01-2.32760E+00
 -1       578-9.35654E+00-5.95644E+00-9.76904E-01-8.07591E+00 4.16402E+00 4.49973E+00
 -1       579 1.61480E-01 3.34960E-02-5.62098E+00-8.09115E-01 6.16737E+00-1.03003E+00
 -1       580 7.96854E+00 3.10915E+00 3.32849E+00-3.01612E+00 1.39875E+00 1.13481E+00
 -1       581 1.42686E-01 6.21093E+00 7.67067E+00-1.43229E+00-8.93877E-01-1.83317E-01
 -1       582-7.67953E+00 5.07059E+00-2.19627E-01 4.83448E+00 3.32865E+00-6.65332E+00
 -1       583-3.03117E+00 6.01255E+00-5.58604E+00 4.75882E+00 2.48960E+00-2.96436E+00
 -1       584 1.22190E+01 7.15967E+00 4.67606E-01 2.16913E+00 6.91226E-01-1.31990E+00
 -1       585 7.33889E+00 1.34815E+00 1.68394E-01-1.74852E+00 3.41848E-01-4.14596E-01
 -1       586-3.82298E+00 1.16403E+00 7.14710E+00-8.21323E-01 2.81841E+00-5.47958E+00
 -1       587-4.78100E+00-1.19909E+00-5.61195E+00 2.54976E+00 1.68831E+00-5.07951E+00
 -1       588 1.03510E+00 1.50063E+00-7.15100E-01 2.83866E+00 3.06895E+00-3.23016E+00
 -1       589 5.63949E+00 2.09200E+00 2.28309E+00 4.89787E-01-3.34583E-01-8.58337E+00
 -1       590-1.30015E+01-1.99551E+00 8.56671E+00 3.03729E+00-1.01337E+00-1.16150E+01
 -1       591 1.03900E+01 6.51276E+00 7.20594E+00-3.37960E+00-6.36809E+00-3.64259E+00
 -1       592 2.36999E+01 1.27208E+01 1.24021E+01-1.56813E+00-3.47568E+00-1.38105E+01
 -1       593 2.48874E+01 1.17834E+01 1.04770E+01 2.02555E+00-5.59485E+00-2.62336E+00
 -1       594 1.31243E+01 4.59784E+00 1.47981E+01 4.91257E-01 4.20569E+00-6.31483E+00
 -1       595-1.74285E+00 1.60712E+00 9.74798E+00-7.54675E+00-1.09862E+00-9.46943E+00
 -1       596 7.98955E+00 4.78650E+00 1.11639E+01-2.04602E+00 1.11279E+00 1.54744E+00
 -1       597 1.54516E+00-2.36356E+00 1.79843E+01 3.51885E+00 7.45773E-02-6.29413E+00
 -1       598-4.75997E+00-1.10435E+00 8.15791E+00 6.81457E-01 3.34588E+00-9.22185E+00
 -1       599-1.70699E+00-4.26660E+00 2.36272E-01-8.64414E-01 1.43240E+00-3.28824E+00
 -1       600 8.59421E+00 3.06072E+00-7.32568E+00-5.96769E+00-5.26420E+00-1.43930E+00
 -1       601-1.73391E+01-3.03832E+00-6.03697E+00-1.16923E+01-1.17908E+01-2.37597E+00
 -1       602 9.34603E+00 2.23748E+01 1.70331E+01-4.49880E+00-1.28259E+01-4.43138E-02
 -1       603 3.81196E+00 1.19260E+01 1.23680E+01-1.62423E+00-4.30968E+00-4.24898E+00
 -1       604 5.16836E+00 1.65464E+01 1.19446E+01-3.61118E+00-6.80331E+00 5.07603E+00
 -1       605-2.35829E+01-8.89501E+00-8.66671E+00-1.64782E+01-4.46443E+00-3.59834E+00
 -1       606-9.10855E+00-6.89265E+00-1.05394E+01-7.61911E+00 6.89406E+00-4.84797E+00
 -1       607 9.02303E+00 1.36357E+01 6.25395E+00-1.25290E+00 9.27996E-01 2.77315E+00
 -1       608 5.45449E+00 9.12650E-01 4.59310E+00-6.95094E+00 4.12642E-01-4.92087E-01
 -1       609 1.16769E+00 4.17404E-02-9.16788E-01-4.50724E+00 2.97798E+00 7.93383E+00
 -1       610 1.53424E+00 1.33428E-01-8.71571E+00 2.01952E+00 4.49647E-01-4.03869E+00
 -1       611-3.66101E+00-2.50682E+00-3.82599E+00-5.31204E+00 1.67160E+00 2.31801E+00
 -1       612-1.55458E+01-3.33822E+00-3.29336E+00-1.10558E-01 5.13060E-01 1.41129E+00
 -1       613 2.80003E+01 1.18451E+01 2.28291E+01 1.47486E+00 1.94074E+00-4.42892E+00
 -1       614 1.46642E+01 1.07263E+01 3.68207E+01-7.38041E+00-1.73820E+00 5.22287E+00
 -1       615 7.84981E+00 6.38122E+00 1.30485E+01-5.49208E-01-1.69262E+00-5.26217E+00
 -1       616 1.46860E+01 4.44619E+00 7.92036E+00-3.79667E+00 1.12630E-01-7.67806E+00
 -1       617 6.62246E+00 2.24905E+00 4.99138E+00-4.77019E-02 2.06791E+00-1.29787E+01
 -1       618 4.14752E+00-1.81061E-01-1.00364E+00-6.76793E-01 1.28067E+00-9.93214E+00
 -1       619-3.91162E+01-8.32947E+00-1.53368E+01-1.27650E+01-8.12695E+00-4.87941E+00
 -1       620-1.28077E+01 8.45856E-01-6.55600E-01 1.46316E+00-2.84164E+00-3.51975E+00
 -1       621 1.00391E+01 3.68212E+00-1.69154E-01 1.63357E+00-6.59028E-01 3.22375E+00
 -1       622 1.42411E+01 2.35027E+00 1.56236E+01 3.27993E+00 5.68786E+00-5.64801E+00
 -1       623 4.75557E+00 1.46902E+00 1.12167E+01-4.12479E+00-3.68771E-02-5.27431E+00
 -1       624 1.42671E+00 2.77687E+00 3.73322E+00-1.08904E-01-2.22646E+00-1.00918E+01
 -1       625 2.58272E+01 7.04700E+00 7.59300E+00-2.70139E+01-6.26700E+00-2.32097E+00
 -1       626 7.03370E+01 8.36345E+00 2.39885E+01-7.57674E+00-3.41521E+00-9.06038E+00
 -1       627 3.73261E+01 1.94573E+00-3.13533E-01-1.11092E+01-5.73109E+00-1.53984E+01
 -1       628-6.95951E+01-2.47430E+01-2.69120E+01 7.83768E+00 9.48585E+00-8.58099E+00
 -1       629-2.29719E+01-2.19168E+00-4.23129E+00-1.09244E+01 6.70113E+00 5.55061E-01
 -1       630 1.75107E+01 2.66094E+00-3.79766E+00-8.48406E+00-1.33917E+00-2.42058E+00
 -1       631 3.52158E+00 7.69219E+00 7.79024E+00-4.28800E-01 1.63651E+00-1.13757E+01
 -1       632 1.05895E+01 9.03482E+00 5.58756E+00-3.09445E+00 3.34163E+00-3.45483E+00
 -1       633 1.77647E+01 1.68558E+01 1.50453E+01-1.53917E+00 1.11585E+00-5.55376E-01
 -1       634 1.66045E+01 2.75806E+00 3.64755E+00-8.56152E-01 7.80255E-01-3.88983E+00
 -1       635-4.51083E-01 2.41690E+00-7.73719E+00-1.39239E+01 4.12938E-01-6.86831E-01
 -1       636 3.65136E+00 1.11657E-01-5.03108E+00-2.83151E+00 7.45231E-01-1.25503E+00
 -1       637 2.78995E+00 8.19017E-01-2.66282E+00-8.78059E+00-5.95136E-01-5.08680E-01
 -1       638-2.18038E+01-9.39501E+00-1.17601E+01-4.04695E+00-1.21300E+00-5.92716E+00
 -1       639-9.80657E+00-1.84139E+00-3.99756E+00 3.41258E+00-4.38612E-01-6.50928E+00
 -1       640 1.44238E+01 1.36088E+01 1.82319E+01-1.81322E+00-2.87979E+00-3.30503E+00
 -1       641 4.61835E+00 1.05257E+01 1.27701E+01-2.17801E+00 1.20588E+00-5.22302E+00
 -1       642 6.14572E+00-8.16766E+00-1.42949E+00 1.13174E+00 1.83432E+00 5.80122E+00
 -1       643-7.68076E+00-1.51789E+00-1.70611E+00-3.40401E+00-5.68338E+00-3.60083E+00
 -1       644 8.41957E-01-6.88634E+00 2.76880E+00 3.45278E+00 3.14378E+00 4.59230E+00
 -1       645 2.39255E-01-3.20985E+00 1.14920E+01-7.21469E+00 7.89668E-01-1.18248E+01
 -1       646-1.41774E+01 4.19430E+00-5.56588E+00-2.73562E+00-3.27256E+00-1.03151E+01
 -1       647-9.13446E+00-2.63133E+01-1.34899E+01-1.28596E+01-4.53822E+00-3.28068E+00
 -1       648 2.20797E+01 8.05293E+00 8.65744E+00-8.15358E+00-4.77015E+00-4.26128E+00
 -1       649 2.89094E+00 1.22582E+00-2.48155E+00 1.48731E+00 9.23417E+00-3.77888E+00
 -1       650-2.73932E+00 3.13446E+00 1.22549E+01-2.44515E+00 7.26875E+00-6.22969E+00
 -1       651 3.03085E+00-2.43926E+00-5.87860E+00-2.03584E+00 3.13027E+00 3.13659E+00
 -1       652 5.20876E+00-4.84943E+00 1.29758E+01-3.99524E+00-3.06775E-01 8.00577E-01
 -1       653 1.27981E+01 1.13917E+01 2.26379E+01-9.36061E+00 2.44700E+00-6.54377E+00
 -1       654-2.98364E+00-4.76918E+00 8.55803E+00-5.94879E+00 7.85070E+00 7.62363E+00
 -1       655 1.79094E+00 1.20912E+01 1.11266E+01-5.82430E-01 2.97676E+00 7.94768E-01
 -1       656-4.90632E+00-5.99587E+00 2.39906E-01 1.19882E+00 4.05866E+00 6.93565E-01
 -1       657 6.29745E+00 4.41301E+00 9.61449E-01-5.92542E-01-3.08995E-01 7.44558E+00
 -1       658-1.56993E+01-5.71152E+00 1.34697E+00-3.89274E+00-4.21748E+00-7.28431E-01
 -1       659-4.33235E+00 2.73633E+00 3.33072E-01-1.72415E+00 9.31373E+00-4.65505E+00
 -1       660-2.13015E+01-1.72124E-01 4.76378E+00-5.12898E+00 8.38626E+00 1.41690E+00
 -1       661 6.11047E+00 1.07800E+00 9.66892E+00-1.66553E+00-9.28885E-01-7.86968E+00
 -1       662-6.08892E+00 1.54801E+00 1.25557E+01 2.76399E+00 4.79814E-01 4.61501E+00
 -1       663-4.78377E+00 3.20102E+00 6.17577E+00 1.11278E+00 2.20848E-01-2.52297E+00
 -1       664 4.20501E+00-6.63007E-01-2.45232E+00 3.84904E-01 1.64696E+00-1.18122E-01
 -1       665 1.16748E+01 5.61170E+00 8.48175E+00-8.88617E-01 4.54383E-01-1.04228E+01
 -1       666 1.40109E+01 7.99379E+00 6.50584E+00 5.01740E+00 1.69640E+00-1.31312E+01
 -1       667 7.94471E-01 1.62122E+00 1.11209E+01-6.08753E+00 4.24504E+00-1.16638E+01
 -1       668 9.97115E+00 2.86895E+00 5.78271E+00-2.83361E+00 5.04007E-01-1.12619E+00
 -1       669-4.19672E+00-7.17628E-02-2.94323E+00 3.08969E-02-1.68187E+00-3.49320E+00
 -1       670 1.31763E+00 5.87723E+00 2.49160E+00 2.48730E+00 2.93592E+00-4.56650E+00
 -1       671-4.31186E+00-1.72677E+00 3.45909E-02-9.60483E-01 5.52308E-01-4.58105E-01
 -1       672-2.99285E+00-2.05756E+00 4.81168E+00 2.23783E+00-7.69818E-01 3.19709E-02
 -1       673-9.90111E+00-3.01995E+00 2.03139E+00 2.76306E+00 1.44771E+00-1.47101E+00
 -1       674-1.70713E+00-1.29606E+00 1.25506E+00 1.03384E+00 9.72153E-01-2.58709E+00
 -1       675 1.14919E+01 5.29511E+00 2.50531E+01-3.86466E-01-9.48590E-01-3.88485E+00
 -1       676 4.09817E+00 2.08982E+00 4.20410E+00-3.40104E+00-1.09802E+00-1.06661E+01
 -1       677 4.04116E+00-1.49669E+00 9.04394E-01-7.59137E+00 2.83185E+00 3.20785E+00
 -1       678-1.84165E+01-3.26292E+00 3.89267E+00-3.65315E+00-4.87755E+00-1.61402E+01
 -1       679-1.08627E+01-2.35796E+00-1.96860E+00 4.53800E-01-1.04804E+00-1.82084E-01
 -1       680 2.20723E+01 1.42493E+01 2.46518E+01 7.48117E+00 6.21916E+00-6.57102E+00
 -1       681-1.83400E+00-2.97920E+00 8.30864E+00-2.13949E+00 1.12708E+00-1.60688E+00
 -1       682-9.83118E+00-8.37864E+00-7.83666E-01-9.09099E+00 3.82088E+00-2.03736E+00
 -1       683-8.11720E+00-8.26165E+00 1.05331E+01-8.27949E+00-1.53729E+00-1.49918E+00
 -1       684 1.51117E+00-1.60689E+00 1.53867E+01-1.00019E+01-3.07554E-02-8.69071E+00
 -1       685 9.87931E+00-2.29461E+00 7.19817E+00 1.65899E+00 8.52085E+00 3.35716E-01
 -1       686 4.21478E+00 1.19838E+00-2.32989E+00-8.59231E+00 1.79911E+00 2.19238E+00
 -1       687-1.56732E+00-3.33402E+00-8.51044E+00-2.14972E+00 9.15308E+00 1.04767E+01
 -1       688-3.50891E+00 1.11231E+00 1.18808E+01-5.60129E+00 1.66173E+00-1.46395E+00
 -1       689 8.65283E+00-3.32620E-01 5.52961E+00-5.72136E+00 3.91711E+00 3.87743E+00
 -1       690 2.54293E+01-1.11693E+01-6.91952E+00-1.65217E+01-5.89188E+00-2.85222E+00
 -1       691-1.32167E+00-4.39479E+00-7.13360E+00-9.66348E+00-2.83748E+00-2.58100E+00
 -1       692 3.87615E+01 9.01640E+00 3.46677E+00-1.32183E+01-4.61666E+00-1.24904E+01
 -1       693 2.44603E+00-7.78172E-01 4.27557E+00-9.32759E+00 2.18030E+00-1.86949E+00
 -1       694 2.18457E+01 1.12228E+01 7.92578E+00-4.47120E+00-2.04115E+00 7.08415E+00
 -1       695 8.38693E+00-6.40496E+00-1.34519E+01-2.88559E+00-1.76139E+00-9.22418E+00
 -1       696-1.65829E+00 4.48431E-01 3.70164E+00-5.22102E+00 5.91186E+00-7.57469E+00
 -1       697-3.45257E+00-5.08146E+00-4.58286E+00-6.59297E+00-4.33814E+00-6.88409E+00
 -1       698 2.09118E+01 3.56997E+00 2.12424E+00-5.41208E+00 4.98413E+00-3.89602E+00
 -1       699-1.19620E+01-6.89497E+00-8.74035E+00-6.38019E+00 1.29204E+00-8.21938E+00
 -1       700 2.66218E+01-6.78471E-01 4.04883E+00-4.13829E+00-7.45333E+00-8.33061E+00
 -1       701-2.07918E+01-8.64086E+00-7.71102E+00-9.32147E+00-9.38619E+00 9.51035E-01
 -1       702-1.87694E+01-6.80201E+00 1.57509E+01-7.19304E-01-1.29303E+00-1.36042E+00
 -1       703-5.24760E+00-9.00304E-01-3.37810E+00 8.11682E-02 1.56446E+00-1.14075E+01
 -1       704-5.12164E-01-6.07159E-01-2.68163E+01-5.40259E-02 1.59137E+00-3.20946E+00
 -1       705-9.70310E-02 1.05477E-01 7.04113E+00-4.00337E-03 1.71327E+00 3.77382E+00
 -1       706 8.68656E-03 2.94752E-01 3.29131E+00-4.30181E-02 4.87047E-02 2.15904E-01
 -1       707 5.26201E-02 2.25736E-01 3.28858E+01-9.61417E-02-1.74736E+00 3.08698E+00
 -1       708 4.82719E-03-1.38233E-01-7.77231E-01-3.38127E-01-1.42284E+00-3.83654E+00
 -1       709 1.68473E-01 3.71535E-03 2.08703E-02-5.13231E-02-6.49021E-02 2.12446E-01
 -1       710 1.10871E+00-4.90057E-03-4.98435E-02 2.64776E-01-5.81160E-02 7.91323E-02
 -1       711 2.86535E+00 8.71511E-01 5.18857E-01 1.97521E+00-4.94130E-02 6.42847E-01
 -1       712 2.12077E+00 2.99187E-01 9.80178E-02 4.86908E-01-2.84718E-01 3.67267E-01
 -1       713 3.61976E+00 2.35931E-01 1.28555E+00 1.03767E+00 1.59622E-01 1.87372E+00
 -1       714 6.96414E+00 3.65537E-01 3.60007E+00 2.11824E+00 6.86997E-01 4.27846E+00
 -1       715 5.54904E+00 8.85361E-01 1.40316E+00 6.89288E-01 1.08382E-01 2.03385E+00
 -1       716 6.66506E-01-7.79712E-02-2.32142E-01 2.34231E-01-3.22250E-03 1.11176E-01
 -1       717 1.50012E+00-1.87839E-01 3.99956E-01 3.94003E-01 2.17274E-01 7.43357E-01
 -1       718 6.24357E-01-2.02754E-01-5.52714E-01 4.09611E-01 9.35079E-02-3.12845E-01
 -1       719 2.03024E+00-1.75832E-02 6.38161E-01 4.18433E-01 1.11997E-01 1.18338E+00
 -1       720 1.18985E+00 2.15496E-01 2.64580E-01 2.80105E-02-1.83301E-01 4.63173E-01
 -1       721 3.07203E-01 1.18069E-01-3.80413E-01-7.11701E-03 4.66368E-02-3.53023E-01
 -1       722 2.88078E-01-4.76710E-03-3.59739E-02 1.65471E-02-8.40682E-02 2.35560E-01
 -1       723 2.63500E-01-7.66541E-03 8.93503E-03 2.74900E-02-6.11919E-02 3.85636E-02
 -1       724-5.58191E-02-2.33724E-02-1.77144E-02 8.89879E-03-4.09625E-02 2.10283E-01
 -1       725 5.55595E-01 2.49428E-02 9.08403E-02-8.68755E-03-6.75396E-02 4.00963E-02
 -1       726-5.09727E-02-5.64111E-03-1.01588E-01-7.31643E-03-8.25254E-02 3.67314E-01
 -1       727 8.39955E-01 7.55982E-02 1.90252E-01 1.11937E-01 5.76679E-02 2.60479E-01
 -1       728-4.52847E-01 1.02301E-01-5.54909E-01-9.40473E-03-1.17421E-01-8.05903E-01
 -1       729 3.75760E+00 1.05770E+00 9.14639E-02 6.54549E-01 4.01845E-01 1.70512E+00
 -1       730 1.52164E+00 1.12188E+00-7.00943E-01 1.91614E+00 1.40711E-01 3.41186E-01
 -1       731-2.68455E-01 1.45470E-01 1.71974E-01-6.02391E-01-7.21628E-01-6.99659E-01
 -1       732 1.18305E+00-6.51615E-02 5.16894E-03-2.63736E-01-2.56914E-01 1.88678E-01
 -1       733 4.74252E-01-2.25869E-02-1.28064E-01-2.78861E-02 1.37304E-02 4.89533E-01
 -1       734 8.72179E-01-1.70178E-01 2.39794E-01 1.59125E-01 1.79555E-01 6.92177E-01
 -1       735 3.76612E-01-6.33757E-02-3.81242E-01 6.19347E-02 9.27185E-02 6.42693E-01
 -1       736 1.49246E-01-6.07119E-03-1.01620E-02-7.22648E-02 2.74856E-02 2.46230E-01
 -1       737 2.76617E-01 4.69386E-03 2.70641E-02-7.56879E-02-4.27038E-02 2.38635E-01
 -1       738 3.26582E-01-1.36868E-02-9.08138E-02-5.86457E-02 1.42013E-01 4.84402E-01
 -1       739 4.85163E-01-4.48345E-02-5.21396E-01 4.09269E-02 1.17539E-01 5.51058E-01
 -1       740-4.67945E-02 1.29945E-01 5.04663E-01 1.08966E-01 1.13211E-02 5.96583E-01
 -1       741 4.09417E-02 4.23082E-03 3.01551E-01 1.24820E-01 4.97913E-02 2.32808E-01
 -1       742-2.50301E-02 2.73226E-03 6.12614E-01 1.12417E-01 6.79289E-02 4.27883E-01
 -1       743 9.13542E-02 1.86618E-02-1.12813E-01-4.46993E-02 4.51513E-02 1.85220E-01
 -1       744 3.72483E+00 3.86169E-01 2.85032E+00 1.29648E+00 8.10107E-01 4.59840E+00
 -1       745-1.27647E-01 6.79429E-02 4.24426E-01-3.38699E-01 5.19212E-01 9.35119E-01
 -1       746 9.58341E-01 3.97549E-01 1.37280E+00 2.87067E-01 9.73451E-01 1.19457E+00
 -1       747-2.80403E-01-2.28232E-01-8.58201E-01-1.71117E-01-1.24748E-01-3.56887E-03
 -1       748 1.09632E+00 2.08613E-01-2.24494E-01 2.27058E-01 2.05980E-01 6.23333E-01
 -1       749 4.43013E-01 2.04785E-01 2.16537E-01 5.14811E-02 1.18473E-01 6.81206E-01
 -1       750 2.05734E-01 6.80841E-02 1.65951E-02-5.19777E-02-6.41658E-02 2.38090E-01
 -1       751 6.66897E-01-9.34087E-02-8.48153E-01 4.67282E-01-1.72761E-01 1.37639E+00
 -1       752 7.28776E-01-1.19601E-02-1.14545E-01-4.22301E-03 1.36117E-01 7.71757E-01
 -1       753 4.46809E-01 1.81245E-01 2.24510E-01 1.56844E-02 1.18628E-02 4.51026E-01
 -1       754 3.19533E-01 3.01221E-02 3.16944E-01 1.81231E-01-5.88941E-02 8.82078E-01
 -1       755 3.40121E-01-2.43404E-02 1.65221E-02 6.52280E-02-3.08070E-02 7.27689E-02
 -1       756 8.11267E-02-2.94582E-03-1.20116E-02-6.50113E-02 2.70214E-02 1.28889E-01
 -1       757 1.79155E-01-1.90138E-02-1.37290E+00 8.53562E-02-1.33565E-01-1.99064E-01
 -1       758 3.99444E-03-5.64818E-02 4.95009E-01 7.29398E-02 8.36410E-02 2.74183E-01
 -1       759 2.91690E-01 8.91368E-03 9.61554E-02 1.05705E-01-5.66407E-02 5.23925E-01
 -1       760 2.75910E-01-1.51789E-02 1.46348E-01 1.17992E-01-1.07503E-02 3.27646E-01
 -1       761 3.85169E-01 9.14600E-03 1.85283E-01-3.67096E-03-2.44658E-02-9.39262E-02
 -1       762 2.64466E-01-1.69946E-02 3.28114E-01 1.15101E-01 4.41729E-02 3.66643E-01
 -1       763 2.72641E-01-5.49702E-03-2.33338E-01-3.26426E-02 4.29401E-02 3.89583E-01
 -1       764 1.87979E+00 2.51381E-01 6.78680E-01 7.58205E-01 3.01016E-01 1.83492E+00
 -1       765 4.33847E-01 1.46489E-02-5.44799E-01 5.99782E-02 1.32095E-01 2.94813E-01
 -1       766-5.67620E-02 3.50667E-02-2.10817E-01-8.83851E-02-3.43524E-02 4.79272E-01
 -1       767-6.58918E-02-2.22808E-01 1.14503E+00 1.62054E-01 1.59865E-01 7.35473E-01
 -1       768 1.06126E-01 3.60285E-01 1.25800E+00-2.79727E-01 3.01644E-01 3.12030E-01
 -1       769 2.14070E-01-1.05932E-02 7.43828E-02-3.51627E-02-3.56803E-02 8.06838E-02
 -1       770-8.62199E-02 4.01331E-01 1.30248E+00 2.18017E-01 1.75130E-01 8.37401E-01
 -1       771 5.84725E-01 2.86430E-01 1.09903E+00 8.71275E-01 4.14435E-01 1.77643E+00
 -1       772 1.35363E+00 8.80277E-01 1.65548E+00 1.09383E+00 1.02764E+00 2.79195E+00
 -1       773-8.52324E-01 9.15498E-01 2.82909E+00-3.59294E-01 4.38191E-01-2.71772E-02
 -1       774-1.34919E-01-8.66015E-02 2.43251E+00 3.34011E-01 6.36157E-01 1.00242E+00
 -1       775-2.13569E-01-1.70068E-01 9.82322E-01 2.31221E-01 2.63244E-01 4.58130E-01
 -1       776 7.64282E-01 6.52605E-02 2.07978E+00 7.37460E-01 4.84772E-01 2.11817E+00
 -1       777-3.54313E-01 2.52567E-02 4.11460E+00-5.41290E-01 5.92364E-01 3.05088E+00
 -1       778 5.64382E-01 7.68514E-02 2.51026E-01-7.29764E-02-4.03377E-02-3.69280E-03
 -1       779-5.09737E-02-2.66569E-02-1.06140E-01-3.27770E-02-2.98676E-02 2.71796E-01
 -1       780 5.17176E-01 1.32307E-02 2.52362E-02 1.03929E-01-1.15320E-01 3.28890E-01
 -1       781-8.10081E-02-6.10172E-02-1.29939E-01 3.54362E-02-1.17917E-01 6.65323E-01
 -1       782-2.59106E-03-9.47306E-02-3.61373E-01 2.98925E-01-2.66777E-01-5.74461E-01
 -3
    1PSTEP                         3           1           1          
  100CL  101 1.000000000         782                     0    1           1
 -4  TOSTRAIN    6    1
 -5  EXX         1    4    1    1
 -5  EYY         1    4    2    2
 -5  EZZ         1    4    3    3
 -5  EXY         1    4    1    2
 -5  EYZ         1    4    2    3
 -5  EZX         1    4    3    1
 -1         1 1.03887E-04-6.04159E-06-2.89025E-05-7.32336E-05-2.14223E-05-1.25096E-05
 -1         2-3.51472E-05 7.27560E-06 2.31423E-05 4.97746E-05-6.43412E-06 5.08551E-05
 -1         3-7.91701E-05 5.19478E-05 6.95557E-05 1.06339E-04 1.59254E-05 1.23483E-04
 -1         4-1.18396E-04-5.65405E-05-2.17592E-05-6.58276E-05 3.13032E-05 7.45195E-05
 -1         5 8.22243E-05 8.28691E-05-2.80864E-04 4.74891E-07 1.80176E-05-5.42466E-05
 -1         6 7.65451E-05 7.55891E-05-2.53609E-04-1.35454E-06 2.80290E-05-2.20078E-05
 -1         7-1.42988E-05-1.10208E-05 3.89214E-05 2.43096E-06 9.64619E-06 3.53108E-05
 -1         8-2.03989E-05-1.79645E-05 6.26528E-05-4.42467E-06 4.51112E-05 3.90304E-05
 -1         9 1.21300E-05 9.91822E-06-3.30875E-05 2.33723E-06-4.53539E-05-4.10663E-05
 -1        10 7.16271E-06 3.05588E-07-9.12929E-06 9.00612E-08-1.16413E-05-3.34453E-05
 -1        11-8.37503E-05-8.88734E-05 2.82718E-04 1.13631E-06-2.86740E-05 1.99971E-05
 -1        12-8.97508E-05-9.40132E-05 3.10962E-04-2.00403E-06-1.63311E-05 5.59331E-05
 -1        13 3.25282E-06-8.90278E-07-1.12419E-06 6.24679E-07 4.50846E-09-5.39374E-07
 -1        14-7.41658E-08-1.60377E-08-4.83187E-08 7.67648E-07-3.56384E-08 9.78748E-07
 -1        15 8.81040E-06 6.76386E-06 2.01923E-05-3.51593E-05 1.12036E-05-1.58211E-05
 -1        16 1.97491E-05-6.81525E-07-6.92727E-05-2.97096E-05 4.31115E-05 8.06308E-05
 -1        17 5.44579E-05 7.00146E-06-5.85032E-05-1.82425E-05 6.66662E-05 1.40804E-05
 -1        18 1.49257E-06-4.45688E-05 2.61071E-05-1.66956E-05-1.15926E-05 7.00595E-05
 -1        19 5.16945E-05-1.98256E-05 3.88508E-05-8.28415E-06 1.33295E-05 3.22778E-05
 -1        20 1.19163E-04-3.67015E-05-3.92635E-05-1.82611E-05 5.48405E-06-2.47523E-06
 -1        21-2.44798E-05-1.25488E-05 1.68254E-05 5.05299E-05 6.69924E-07 2.76342E-05
 -1        22 2.33846E-05-2.35787E-05-9.17002E-06 4.93363E-05 5.90161E-05 9.31196E-05
 -1        23-6.04724E-05-4.98230E-05 6.52720E-05-6.59728E-05-2.28423E-05-6.50573E-06
 -1        24 6.20160E-05-5.55239E-05-1.53331E-05-2.17414E-05-2.85398E-05 9.17239E-06
 -1        25-2.66793E-05-2.79776E-05 1.90938E-06 1.83433E-05 2.96533E-05-1.67958E-05
 -1        26-1.38844E-05-1.88228E-05-1.04240E-05-6.01601E-05-1.36262E-05 3.51017E-05
 -1        27 2.25353E-05 3.35314E-05-7.25675E-05-1.90270E-05 1.50046E-05-8.75864E-07
 -1        28 3.24375E-05 2.08960E-05-6.79845E-05-2.19045E-05 6.39160E-05 2.00367E-05
 -1        29-4.20544E-06-2.68547E-05 3.73450E-05-4.49908E-05 1.31262E-05 4.60800E-05
 -1        30 6.01280E-05-1.44764E-05-1.03470E-06 2.55468E-05 2.20174E-05 4.07093E-05
 -1        31 8.33726E-05-3.02512E-07-3.74131E-05 2.58910E-05 7.21702E-06 2.57554E-05
 -1        32 4.26052E-05-1.92422E-05 6.15741E-06 4.35803E-05-1.87776E-05 8.49338E-06
 -1        33 4.88373E-05-3.35834E-05 8.80814E-06 5.25341E-05-6.94428E-06 7.54615E-05
 -1        34-1.56842E-05-2.89011E-05 3.39528E-05-9.82132E-06 5.87495E-05 3.92889E-05
 -1        35 1.98115E-05-8.34555E-05 4.82495E-05-5.91649E-05-5.62913E-05-2.55152E-05
 -1        36 1.32479E-04-3.38290E-05-3.80885E-05 5.34182E-05 1.38927E-05 1.88051E-05
 -1        37 6.06619E-06-2.59939E-05 3.16620E-05-6.17842E-05 1.18680E-05-2.73813E-05
 -1        38 5.67811E-05 1.25834E-06-1.31128E-05-1.78801E-05-2.22592E-05-4.64648E-07
 -1        39-2.47160E-05-1.16681E-05 2.75862E-05-3.67649E-05-1.08185E-05 9.40034E-06
 -1        40 2.25971E-05-1.51230E-05 2.92807E-05 2.43407E-05 1.07320E-05-2.95818E-05
 -1        41-3.51682E-05 2.00938E-05 5.44239E-05 3.29852E-06 1.44759E-05-2.41147E-05
 -1        42-1.09118E-05 2.63431E-05-1.85156E-05-8.60354E-06 5.38793E-06 7.88754E-07
 -1        43 4.19922E-05-7.90166E-06-1.31731E-05-2.27107E-05 1.18390E-05 4.84701E-05
 -1        44-7.01159E-05 2.42978E-06 3.48924E-05 1.83128E-05 7.22021E-06 2.70901E-05
 -1        45 6.22454E-06 2.29198E-05 1.08362E-05-1.58975E-05-3.56136E-06 7.25838E-06
 -1        46-3.40084E-05 3.43947E-05-2.67321E-05 2.41913E-05 1.31401E-05 2.45839E-05
 -1        47 4.22839E-05 1.75399E-05-8.14175E-05 3.41644E-06 3.63084E-05-1.82745E-05
 -1        48 2.80035E-05 4.02160E-05 4.78338E-05-2.87691E-05-2.70465E-05 1.21812E-04
 -1        49 6.18729E-05-9.49827E-05 5.51785E-05 5.16983E-05 1.66784E-05 6.21025E-05
 -1        50-4.72461E-06 2.95521E-06 5.17722E-06 3.74658E-05-1.05602E-05 2.64044E-05
 -1        51-4.20405E-05 4.90687E-07 5.18356E-05-2.26689E-06-2.03175E-06 5.96364E-06
 -1        52-2.96163E-05 1.79744E-05 3.43814E-05-5.92417E-06 2.31883E-05-4.94562E-05
 -1        53-6.75811E-05 5.53593E-07 6.38451E-06-1.82917E-05-1.37292E-05 2.01195E-05
 -1        54 5.05777E-06 7.18637E-06 7.98767E-06-1.18247E-05 3.63769E-06-1.26095E-05
 -1        55 1.56002E-05-2.41368E-07 3.98389E-06 1.39389E-05 2.66479E-06 6.23454E-05
 -1        56-4.62275E-06 1.95035E-06 1.27059E-05 1.57785E-05-2.47906E-05-3.46043E-06
 -1        57 3.81545E-05 8.75508E-06-5.75175E-05-2.59929E-06-3.16032E-05 1.37156E-05
 -1        58-2.61348E-06 5.12274E-05-4.71853E-05 4.83933E-06 5.61733E-05 1.31674E-05
 -1        59 6.38153E-05 3.24850E-05 5.59291E-06 1.26723E-05-3.48833E-05 9.54684E-05
 -1        60 6.41378E-05-5.69663E-05 5.84141E-05 4.52890E-05 2.13997E-05 9.05828E-05
 -1        61 6.44248E-05-5.40606E-05 1.98754E-05 8.33260E-05 9.98202E-06 4.79485E-06
 -1        62 8.75000E-05-5.59698E-05-6.49210E-06 5.40493E-05-4.60016E-05-5.88480E-05
 -1        63-1.42118E-05-1.42630E-05 8.19055E-05-2.22678E-06-3.40350E-05-1.67783E-04
 -1        64-1.02121E-05 5.71885E-06 2.80830E-05 1.11955E-05-1.69008E-05 5.88317E-06
 -1        65-2.77370E-05 7.33733E-05-1.34798E-04 1.34539E-05-3.23407E-05-3.65761E-05
 -1        66-1.30569E-05 6.66287E-06-3.51623E-05-2.83871E-05-1.85662E-05-5.12509E-05
 -1        67 1.42291E-04-7.17917E-05-3.11112E-05-4.05148E-05-4.28699E-06-1.16220E-05
 -1        68 1.15264E-04-4.31271E-05 2.11455E-05-8.06313E-07 7.71551E-06-8.73328E-05
 -1        69-6.66026E-05-7.58239E-06 1.06311E-04 5.51398E-05 7.15329E-06 7.57239E-06
 -1        70-5.77240E-05-7.85782E-05 5.60972E-05-2.90847E-06 2.28572E-05-5.81329E-05
 -1        71 1.59842E-04 7.91209E-07-6.50374E-05-2.90936E-06-2.79810E-05-3.95364E-05
 -1        72-1.26757E-04 8.62876E-05 2.34567E-05 8.42428E-06-2.62717E-05-1.67821E-04
 -1        73 2.71770E-04-3.40938E-05-2.36165E-05 2.87190E-04 6.32678E-05 7.68690E-05
 -1        74-2.44770E-05 1.58343E-05 2.43074E-06 4.44745E-05-4.03299E-05-8.53789E-05
 -1        75 4.38686E-05-2.78203E-05 3.66236E-05-2.62158E-05-4.69394E-05-7.00478E-05
 -1        76 3.41309E-05 4.73692E-05 6.59620E-05 3.33317E-05-4.92600E-05-6.04781E-05
 -1        77-1.67397E-04 4.95483E-05-1.24936E-04-6.90640E-05-3.68517E-05-1.08277E-04
 -1        78 1.07860E-04-3.07224E-05-6.01268E-05-3.84119E-06-5.80302E-06-2.42224E-05
 -1        79 2.79171E-04-9.67934E-05-5.96275E-06 4.75736E-05 8.17069E-07 1.27748E-05
 -1        80 1.06644E-04-3.91132E-05 5.75591E-05 1.76227E-05-1.20640E-05-2.22426E-05
 -1        81 4.35457E-06-2.01861E-05 9.28016E-05 1.24371E-05 1.08963E-05-5.08059E-05
 -1        82 7.81203E-05-8.79753E-05-2.64394E-05 1.73840E-05-4.34399E-05-6.07263E-05
 -1        83 7.93341E-06 6.93523E-05-6.50676E-05-5.82302E-05-1.57670E-05-1.46261E-04
 -1        84-3.60759E-04 2.32190E-04 4.53156E-05-4.50306E-07 5.64597E-06-1.73782E-05
 -1        85 8.67464E-05-3.44493E-05-4.81039E-06-4.62139E-05-3.12310E-05-6.27351E-05
 -1        86 9.92545E-05-8.66760E-05 1.27204E-04 1.48154E-05 1.87695E-05-8.29744E-05
 -1        87-3.59715E-05-3.87207E-05 1.85844E-04 9.89589E-06-7.50845E-05-4.57833E-05
 -1        88 4.29940E-06-1.31120E-05 8.38093E-05-5.16234E-06-2.40124E-05-1.68822E-05
 -1        89-1.33607E-04 2.49728E-05 8.69908E-06-3.30659E-05-1.25174E-05-5.81782E-05
 -1        90-1.53234E-05 1.53102E-05-1.46049E-05-1.84762E-05-3.45870E-05-4.78132E-05
 -1        91 5.75188E-05-4.50704E-05 5.15787E-05 4.05219E-06 2.07774E-05-2.58394E-05
 -1        92 8.48974E-05-5.74338E-05 8.70351E-05-4.19202E-05 1.57017E-05-7.39520E-05
 -1        93-7.26314E-05 7.30809E-05-1.21073E-05-6.28576E-06-2.63022E-05 2.05845E-05
 -1        94-9.81118E-05 5.30703E-05-1.13774E-05-7.19524E-05-2.51106E-05 1.08834E-05
 -1        95 7.52874E-05 2.51956E-05 2.74206E-05 2.74027E-06-6.82468E-05 2.17436E-05
 -1        96 9.17899E-05-4.97426E-05-3.17902E-05-8.27401E-05-1.07728E-06 5.19776E-05
 -1        97 1.19009E-04-1.28084E-04 1.28695E-04-1.12436E-04 5.53380E-06-9.50653E-05
 -1        98 3.74888E-05-7.11653E-05 1.63666E-04 2.95765E-05-4.45184E-05-4.11897E-05
 -1        99-7.08968E-05-2.88351E-05 1.71023E-04 3.84119E-06-3.32621E-05 3.99077E-05
 -1       100-7.42815E-05 2.10274E-05 5.91531E-05-2.08299E-06-2.39143E-05-4.16200E-05
 -1       101-1.21760E-04-7.61104E-06-4.83999E-05-5.01033E-05-2.54813E-05-4.96401E-05
 -1       102-1.64569E-05-2.84278E-05-1.97900E-05-4.25306E-05 1.59172E-05-2.96419E-06
 -1       103 6.26885E-05-8.60909E-05 1.14546E-04-4.16695E-05 5.40751E-05-1.88883E-05
 -1       104-2.53593E-05 1.14440E-05 2.23592E-05 1.05003E-05-9.76504E-06 8.20239E-05
 -1       105 3.36705E-05 2.36165E-05-3.64838E-05-3.13684E-05-1.49538E-05-8.77643E-07
 -1       106-9.44646E-05 4.80934E-05 4.20702E-05-6.38784E-05-3.73310E-05-2.87785E-05
 -1       107-4.39695E-06 4.01976E-06-5.00008E-05-1.16957E-05-1.57319E-05-8.66548E-06
 -1       108 5.70875E-04-1.91500E-04-1.27080E-04-2.15804E-05 8.78814E-05-2.59667E-05
 -1       109-6.03630E-05 4.62824E-05 6.03516E-05-1.59571E-04-4.29538E-05 2.06048E-05
 -1       110 3.15373E-05-1.82127E-04-6.09830E-05-9.55960E-05 7.17320E-05 6.49328E-05
 -1       111 1.20208E-04 2.41027E-05-3.35075E-05-9.25736E-05-4.32437E-05-4.64944E-05
 -1       112-4.14635E-06 1.85791E-06 1.13020E-04-8.30370E-05 7.60928E-06 7.64338E-05
 -1       113 7.93440E-05 7.95955E-05-2.67413E-04-1.21695E-07 1.71802E-05-3.85678E-05
 -1       114 3.53376E-05 3.61077E-05-1.20602E-04 3.38726E-06 1.32728E-05-6.67592E-06
 -1       115-1.67108E-05-1.43219E-05 5.03501E-05-2.00386E-06 2.20834E-05 3.41693E-05
 -1       116 2.86191E-05 2.85745E-05-9.47388E-05-1.60268E-06 4.74092E-05 1.21505E-05
 -1       117 7.72004E-06 5.97330E-06-2.06211E-05 1.33169E-07-2.38387E-05-3.37955E-05
 -1       118-3.02646E-05-4.31010E-05 1.24038E-04 2.01390E-06-4.88898E-05-1.34748E-05
 -1       119-8.61493E-05-9.20554E-05 2.97129E-04-2.52890E-06-1.52200E-05 3.91894E-05
 -1       120-4.34679E-05-4.69479E-05 1.50471E-04-1.30409E-08-1.40580E-05 8.94542E-06
 -1       121 4.30370E-05 3.93647E-05-1.31592E-04-3.06714E-07 3.03648E-06-2.83439E-05
 -1       122 4.07992E-05 4.98144E-05-1.57212E-04-3.27531E-06-8.91988E-07-5.08591E-05
 -1       123-5.62303E-05-5.81403E-05 1.87057E-04-5.85062E-07 2.44766E-08 4.96253E-05
 -1       124-5.18034E-05-4.80803E-05 1.61131E-04 3.59072E-06-1.99405E-06 2.79291E-05
 -1       125 2.50252E-06-1.25222E-06 3.20664E-07 2.02951E-07-5.18259E-08-2.56604E-06
 -1       126 9.55677E-09-9.31734E-07 2.29524E-06-2.65253E-07 3.44168E-07-2.28106E-06
 -1       127-4.88644E-07-3.49173E-07 1.41883E-06-3.66949E-08 5.56338E-07-1.37261E-06
 -1       128 1.04807E-06 7.38203E-07-3.80036E-06 6.59625E-07 2.20716E-06-3.11061E-06
 -1       129-2.23087E-06 3.85634E-06-2.41354E-06-1.27829E-06 1.56036E-06-4.04514E-06
 -1       130-8.65683E-06 5.25996E-06-2.05838E-06-2.78517E-06-1.46540E-06-1.15601E-05
 -1       131-8.94827E-06-3.20893E-06 3.82580E-06-1.79816E-05-5.31557E-06-1.19972E-05
 -1       132-1.85450E-05 5.49196E-06 3.65789E-06-5.61372E-06-4.87000E-06-2.39225E-05
 -1       133 1.69864E-06 5.86279E-06-1.39714E-05-3.59253E-06-4.35706E-06-9.46653E-06
 -1       134-1.39804E-06 2.30036E-06-2.79431E-06 1.04515E-06 1.26286E-06-3.49303E-06
 -1       135 9.57101E-07-1.83117E-07-6.00163E-07 7.83402E-07 3.77073E-07-1.05853E-07
 -1       136 3.11383E-06-1.00591E-06-6.22058E-07 4.17581E-07-3.34118E-08-1.51171E-06
 -1       137 1.24568E-06-1.06207E-06 1.14690E-06-1.53379E-08 3.34667E-07-2.42674E-06
 -1       138-2.76667E-07-7.06481E-07 2.13403E-06-1.31017E-07 3.81104E-07-1.69369E-06
 -1       139 1.22374E-07 1.85064E-07-4.93037E-07 2.17668E-07 8.28064E-07-1.79315E-06
 -1       140-9.04152E-07 3.93261E-06-6.80322E-06 7.25709E-07 3.90122E-06-1.94406E-06
 -1       141-6.04406E-06 3.71062E-06-1.57702E-06-1.67599E-06-5.59068E-07-7.27615E-06
 -1       142-9.96091E-06 2.92953E-06 1.82225E-06-8.76419E-06-3.32444E-06-1.13564E-05
 -1       143-2.29625E-06-6.58829E-06 6.20485E-06-7.01166E-06-4.88893E-06-1.95324E-05
 -1       144-1.10056E-06 9.30083E-06-1.66195E-05-2.88619E-06-1.09440E-05-1.38959E-05
 -1       145 2.94790E-07 2.61068E-06-5.40418E-06-1.08900E-06 9.24267E-07-5.30043E-06
 -1       146-1.22459E-07 7.09052E-07-8.54254E-07 7.93835E-07 6.23284E-07-1.11821E-06
 -1       147 2.04453E-06-6.23615E-07-7.04648E-07 4.79673E-07 3.04232E-07-8.75224E-08
 -1       148 1.55050E-06-4.66812E-07-5.79000E-07 9.38870E-07-2.82515E-09 3.93652E-07
 -1       149-9.83293E-07 3.10013E-07 4.50803E-09 3.36013E-07-1.96565E-07 9.59042E-07
 -1       150-6.18068E-07 5.79213E-07-8.50005E-07-4.24395E-08-2.60970E-08 1.62732E-06
 -1       151 6.23055E-07 4.45800E-07-2.04434E-06-1.26780E-07 1.02823E-06 8.07997E-07
 -1       152 3.77551E-06 4.37841E-06-1.17565E-05 5.07295E-07-3.06692E-06-1.09654E-06
 -1       153 3.98153E-06-7.77994E-07-6.94090E-07-9.19528E-07-1.61369E-06 6.83497E-06
 -1       154 6.74843E-06-2.16654E-06-2.44452E-06-5.54845E-06-2.84019E-06 1.24433E-06
 -1       155 6.63531E-05-2.46163E-05-7.12960E-06 1.40267E-05 2.31484E-05 3.10636E-05
 -1       156-1.62467E-05-3.14410E-05 9.23843E-05 6.05505E-06 1.74513E-06 3.08320E-05
 -1       157-1.79378E-06-4.50808E-06 1.11667E-05-1.26434E-06-2.06530E-06 4.07311E-06
 -1       158-2.52407E-07-1.89438E-06 4.08030E-06 1.64688E-07 5.39664E-07 3.22057E-06
 -1       159 1.64264E-07-5.95493E-07 1.11437E-06 7.21990E-07 3.88949E-07 1.44625E-06
 -1       160-4.04899E-07 2.01477E-07 1.20436E-07 4.87338E-07-6.28688E-08 8.28656E-07
 -1       161-7.00836E-07 5.35594E-07-4.51786E-07 2.96486E-07-1.27222E-07 1.31440E-06
 -1       162 2.79874E-07 6.28135E-07-1.44074E-06 1.28077E-07 3.45131E-07 1.01731E-06
 -1       163 1.82985E-06 1.65380E-06-5.78822E-06-7.90383E-08-1.51950E-07 5.81905E-07
 -1       164 3.96686E-06 2.22290E-06-8.43048E-06-6.75774E-07-4.10380E-06 4.81099E-06
 -1       165 4.58340E-06-1.84983E-06-6.38886E-07-2.29003E-06-2.01044E-06 3.06094E-06
 -1       166 2.33201E-05-1.13185E-05-3.80690E-06-7.65043E-06-2.31086E-06 9.77165E-06
 -1       167 8.37647E-05-5.80046E-05 8.86613E-05 6.39734E-05 6.70928E-05 8.65934E-05
 -1       168-8.62482E-06-9.18804E-06 3.04177E-05 1.43685E-07-7.63519E-06 8.94310E-06
 -1       169-1.96889E-06-2.75857E-06 7.66670E-06-1.12018E-06 9.21075E-08 3.23328E-06
 -1       170 5.53562E-07-1.12983E-06 2.11234E-06 4.65803E-07 7.45199E-07 2.34872E-06
 -1       171-7.33146E-08-2.90642E-07 5.74673E-07 5.43857E-07 1.02416E-07 1.09706E-06
 -1       172-3.57750E-06 9.99431E-06 2.48498E-05-9.17417E-06 2.06727E-05 7.76850E-05
 -1       173-5.89297E-05-1.11745E-05 4.57092E-05-2.87749E-06 5.02910E-06 3.95337E-05
 -1       174 5.35912E-05-3.16499E-05 1.31228E-05-3.71697E-05 2.53416E-05 2.62664E-05
 -1       175 1.99217E-05-6.19895E-05 3.02906E-05 4.55020E-05 1.75969E-05 1.74353E-05
 -1       176 5.40076E-06 7.09468E-08-4.30039E-05-8.55961E-05 3.71439E-05 9.93891E-06
 -1       177-8.26305E-05 1.88148E-05 1.89672E-05-5.34630E-05 3.02557E-05 3.18962E-05
 -1       178 2.51325E-05-7.34432E-06-1.77734E-06-7.99357E-06 4.07411E-05-3.35779E-05
 -1       179 8.03864E-05-1.87178E-05-4.19423E-06-1.42158E-05 6.92843E-05 3.69014E-05
 -1       180-1.58834E-05 1.14877E-05-1.03068E-05-2.14618E-05 1.50733E-05 2.32658E-06
 -1       181-2.32813E-06 4.83371E-06-1.35215E-05-1.24306E-05 2.84605E-06 3.80723E-05
 -1       182-1.19481E-05-2.08752E-06 5.09553E-05-3.53598E-05 1.49852E-05 8.77336E-06
 -1       183 4.58401E-05-1.17525E-05 8.78544E-06-1.88503E-05 1.10397E-06 3.72864E-05
 -1       184 6.41395E-05-1.37703E-05-4.03460E-05-1.70616E-05 8.89710E-06 1.88381E-05
 -1       185-3.97859E-05 3.66169E-07 2.24277E-05 4.52382E-05-8.83559E-06 6.23947E-06
 -1       186 2.45137E-05-2.13354E-05-1.93989E-06-1.12982E-05 1.21897E-06 5.54040E-07
 -1       187-1.00934E-05-3.22525E-06-2.26393E-05 4.49544E-05-2.54238E-05-1.32132E-05
 -1       188-1.36105E-06-1.54307E-06-1.62783E-05 4.47159E-05 4.43997E-05 2.73680E-05
 -1       189-1.82990E-05 7.63697E-06 1.88385E-05 2.07101E-05 1.50328E-06 2.96494E-05
 -1       190-4.51423E-05 1.93162E-05 6.13436E-06 4.20366E-06 4.20332E-05 1.46262E-05
 -1       191-6.01022E-06 1.34063E-06 5.04148E-05-6.21998E-05-5.88266E-05 2.74939E-05
 -1       192 3.06229E-05 2.91640E-05 1.75626E-05-2.66395E-05-3.25479E-05 8.50820E-05
 -1       193-1.50345E-05-3.95293E-06-1.50896E-05-3.96553E-05 1.24136E-05-2.72796E-05
 -1       194 7.38209E-06 1.65941E-05 9.89536E-06 3.01878E-05 2.23148E-05 8.84970E-06
 -1       195-6.22503E-06-2.91188E-05-7.87262E-06-3.47295E-05-3.29754E-05-3.27903E-05
 -1       196 6.43601E-06-3.27670E-06 4.05537E-05 4.76144E-06 1.92829E-06 1.73587E-05
 -1       197-1.35479E-05 2.98895E-05-6.50024E-05-1.19484E-05 3.45824E-05-1.17951E-05
 -1       198-8.78525E-05 7.89069E-06-2.08164E-05-3.24412E-05-1.80604E-06-1.88893E-05
 -1       199 5.74991E-05 4.71434E-06 6.08988E-05-1.36605E-05 2.12869E-05-3.51340E-05
 -1       200 1.79599E-05-3.57041E-05 4.72091E-05-1.41448E-05-1.40556E-05-3.40586E-05
 -1       201 3.36268E-05 3.17492E-05-1.48379E-05-1.71592E-05-4.94754E-05-1.82461E-05
 -1       202 1.72483E-06-6.06339E-06 1.76161E-05-8.38436E-06 3.63288E-06-4.41333E-05
 -1       203 2.23574E-06-5.72522E-06 2.39195E-05-9.92015E-06 1.96039E-05-5.58250E-05
 -1       204 1.21282E-05-1.09313E-06 1.80348E-05-1.45810E-06-5.15990E-06-5.32654E-05
 -1       205 1.27945E-04-4.49908E-05-7.90301E-06 3.64065E-05 3.63157E-06 4.30557E-05
 -1       206 1.10086E-04-3.89118E-05-6.59322E-05-3.18922E-05 1.40109E-05-5.89677E-05
 -1       207 5.96736E-05 4.04632E-06-1.94237E-05-2.10745E-05-2.60935E-05-4.42933E-05
 -1       208 3.88583E-05 1.81016E-05-2.34060E-05-3.52325E-05 1.23763E-05 1.64375E-05
 -1       209 3.59532E-05 4.47936E-05-1.24527E-05-8.58151E-05-3.44492E-05 9.85001E-06
 -1       210-8.18309E-05 3.31775E-05 4.36244E-06-3.79329E-05 1.01456E-07 1.26988E-06
 -1       211-3.85138E-05 2.15286E-07-2.18927E-05-2.78897E-05-1.92427E-06-7.30658E-05
 -1       212-1.77173E-04 1.49456E-05 3.57708E-05 6.40407E-05 3.42431E-05 6.82119E-05
 -1       213 1.02408E-04-1.01814E-04 1.57769E-06 2.19056E-05-4.17199E-05-4.12854E-05
 -1       214-3.71620E-05 4.75728E-05-1.42605E-05 7.44603E-05 3.51403E-05-1.01369E-04
 -1       215-1.06396E-04-3.93333E-05 6.59854E-06 8.09779E-05-1.74607E-07-2.02871E-05
 -1       216 7.41339E-05-2.21785E-05-6.74317E-05 1.87768E-05 6.51458E-07 3.85586E-05
 -1       217 4.24992E-05 1.38619E-05 6.19526E-06 1.68247E-05 2.54508E-06-5.65921E-05
 -1       218 1.57800E-04-4.35127E-05-1.24962E-05 1.77893E-05-2.38842E-05-1.66208E-05
 -1       219 5.94413E-05 2.00368E-05-3.31792E-05-1.73316E-05 7.40323E-05 2.50384E-05
 -1       220 3.15900E-05-2.82306E-05-3.24316E-05-1.69198E-05-2.23205E-06 1.15974E-05
 -1       221 8.92668E-05-5.92507E-05-6.70822E-05-1.71591E-05-2.62284E-05-7.06525E-06
 -1       222-3.09572E-05-2.86842E-05 6.71337E-05 8.03158E-06 6.38847E-06 7.96527E-06
 -1       223 2.53656E-05 6.52203E-06-1.56304E-05-1.54010E-05 3.82899E-05-2.39062E-05
 -1       224 1.17867E-04-2.03719E-05-3.45490E-05-8.83952E-06 2.66185E-05-9.11548E-05
 -1       225 1.95438E-05-2.55672E-05 1.50472E-05-2.97141E-06 1.39010E-05-2.51108E-06
 -1       226-4.19066E-05-2.35466E-05 4.79439E-05-4.15530E-07-4.75969E-06-1.12468E-05
 -1       227-7.37975E-05-2.45953E-06 1.00474E-04 7.07380E-06 1.76980E-05 5.89571E-06
 -1       228 4.92984E-05-2.13182E-05-2.23277E-05-4.13628E-05 2.99771E-06-2.14142E-05
 -1       229 4.40131E-05-1.04988E-05 1.47510E-05-1.63944E-05 6.67588E-06-2.36527E-05
 -1       230-2.56554E-05-1.28553E-05-5.32630E-06-2.58176E-05 4.69332E-06-4.06150E-05
 -1       231-4.17905E-06-4.43135E-06 1.32544E-05 2.75419E-05-6.44593E-06-1.92257E-05
 -1       232 1.14954E-04-3.98422E-05-2.29871E-05 4.52991E-06 3.40380E-06-2.05898E-05
 -1       233 2.27369E-05-7.87351E-06-9.81647E-06-1.98581E-05 6.12542E-06-3.60869E-05
 -1       234 1.83622E-05-1.02551E-05-7.14084E-06 8.54319E-06 1.21015E-05 4.16662E-05
 -1       235 4.33774E-06-1.30841E-05 1.52069E-05-1.80791E-06 1.83382E-06 3.40835E-06
 -1       236-5.42355E-06 1.53824E-05 3.83782E-05 1.15779E-06-2.08076E-05-3.46962E-05
 -1       237 1.13234E-05-1.08324E-05 6.04476E-05-3.65256E-05-1.06046E-05 1.56236E-05
 -1       238-8.53403E-06 7.01338E-06 3.07547E-05-1.67702E-05 3.90840E-05 2.89111E-05
 -1       239 3.23976E-05-5.46540E-06 1.95477E-05-2.13150E-05-8.00708E-06-6.15765E-05
 -1       240 4.65971E-05-2.69143E-05-1.69623E-05 1.59936E-05-1.65301E-05-3.48532E-05
 -1       241-7.45691E-05-5.04901E-05 1.11921E-04-3.24013E-05-3.13804E-05 2.21853E-06
 -1       242 5.43009E-05-3.06610E-05 1.13899E-04-3.36123E-05-3.28739E-06-4.26114E-05
 -1       243 2.97337E-05-1.99940E-06-6.19365E-05 2.43018E-05 1.38423E-05-1.95663E-05
 -1       244 2.01358E-05-3.56106E-05-4.59484E-05 1.56470E-05-9.68339E-06 2.09242E-05
 -1       245-7.60345E-05-1.13288E-05 3.85984E-06 1.14526E-05-2.46921E-06-2.29429E-05
 -1       246-7.79156E-05 8.48050E-05-4.80426E-05-3.28816E-05 2.41968E-05-3.61267E-05
 -1       247 1.13729E-04-2.03420E-05-3.02298E-05 9.37166E-07-1.70571E-05 3.00035E-05
 -1       248 7.11405E-05-9.42440E-06 2.22254E-05 1.04348E-04 4.94497E-06 3.87156E-05
 -1       249 1.21424E-04-6.66091E-05-3.80334E-05-6.64856E-05 1.02243E-05-1.11728E-04
 -1       250 1.60804E-04-7.77897E-05-3.14236E-05-9.05804E-06 3.36309E-05-5.53405E-05
 -1       251-7.37320E-05 1.36165E-05 6.23769E-05-1.56841E-06 8.70590E-06-4.70330E-06
 -1       252-3.41847E-05 2.19102E-06-5.16126E-06 1.25267E-05-1.33775E-06-2.36937E-05
 -1       253-6.60360E-05 4.49357E-05 2.24150E-06 4.45356E-06-2.40984E-05-8.29006E-06
 -1       254 7.83742E-05-6.15419E-06 2.55308E-07-3.33704E-05-1.66453E-05 3.32134E-05
 -1       255-9.75505E-06 4.36669E-07-1.82853E-05-1.43713E-05-1.07449E-06-4.05620E-05
 -1       256 3.52067E-05-2.66724E-05 8.48680E-06-1.44331E-05 3.20247E-07-1.26460E-05
 -1       257 8.01485E-05-4.19079E-05 3.26329E-08-2.07935E-05 6.44858E-06-3.85306E-05
 -1       258-8.43555E-06-2.04968E-05 2.53121E-05 2.41808E-05 6.72626E-06-9.04652E-05
 -1       259 6.45155E-05 2.66299E-05-1.21126E-05-2.28496E-07-3.76105E-05-6.41912E-05
 -1       260-7.46168E-05 2.79841E-05 2.98690E-05-1.27265E-05-2.63038E-05-1.95274E-05
 -1       261 5.95424E-05-3.50997E-05 6.69060E-05 4.33283E-05 4.89361E-05 4.59323E-05
 -1       262 1.04003E-04-7.13252E-05 6.15612E-05-1.38084E-05 1.83184E-05-4.62645E-05
 -1       263-5.85137E-05-7.58288E-05 7.52693E-05-1.90415E-05 1.07617E-05-4.06440E-06
 -1       264 1.44016E-04-4.52532E-05-4.17922E-05 2.83258E-05-2.97421E-05-1.32024E-05
 -1       265-1.48208E-04 3.09730E-05 8.96246E-07-4.07096E-05 3.66375E-05-1.28017E-05
 -1       266-1.48903E-04 2.06384E-05 2.25334E-05-5.98404E-05-2.93702E-05-7.27333E-05
 -1       267 5.30475E-05-7.44675E-05 3.55508E-05-5.22765E-05-2.70862E-05 1.37834E-05
 -1       268 6.24391E-05 2.37387E-05-5.72008E-05 2.69650E-05 1.74692E-05 3.36646E-06
 -1       269 3.76317E-05-1.18790E-05 2.63458E-05 2.44343E-05 3.06391E-05 1.43298E-05
 -1       270-9.90656E-06 2.76783E-06 3.60616E-05 4.64171E-05 2.98280E-05 5.97157E-05
 -1       271 7.83657E-05-1.94618E-05-4.15825E-05 3.45593E-05 1.43913E-05-5.11675E-05
 -1       272-6.81341E-05 6.05159E-05 3.08876E-05 8.00310E-06-2.08743E-05-1.70587E-06
 -1       273-6.09120E-06-1.36322E-05 4.00357E-05-1.47143E-05-2.53084E-05-1.65438E-05
 -1       274 3.86253E-05-6.93698E-06-2.61136E-05 2.12620E-05 4.36863E-06-1.49585E-05
 -1       275-2.78457E-05-3.05087E-05 6.66413E-05 3.25332E-05 1.14723E-05-1.55854E-05
 -1       276-1.28952E-05-2.35957E-05 4.03450E-05 3.36346E-06-8.71083E-07-7.87184E-05
 -1       277-4.81218E-05-3.09916E-05 8.78417E-05-1.17496E-05-2.81766E-05-9.14666E-05
 -1       278 8.85801E-06-3.30473E-05 1.29458E-04-1.58567E-05 3.30737E-05 6.65412E-06
 -1       279 2.92557E-05-4.92260E-05-6.70056E-06 2.68299E-05-5.78473E-06 1.35084E-05
 -1       280 7.04672E-05-2.39047E-05 1.52210E-05-1.17332E-05-3.22670E-05 2.25476E-05
 -1       281 1.20267E-05-3.63215E-05 4.89522E-05 1.01227E-05 4.20129E-06 2.92546E-05
 -1       282-2.59505E-05 1.11405E-05 9.60651E-06 3.07389E-05 2.37713E-06 9.32047E-06
 -1       283-2.80883E-06-6.00557E-06 1.21987E-05-2.42952E-05 6.28281E-06-1.29555E-05
 -1       284 1.73591E-05-2.82829E-05 6.21570E-06-5.01955E-05-2.11607E-05-3.20897E-06
 -1       285 1.06210E-04-6.09534E-05 1.21447E-05-1.46661E-05 1.47294E-05 1.89980E-05
 -1       286 7.29135E-05-4.76149E-05-8.55485E-06-1.59286E-05 5.24113E-05 2.82643E-05
 -1       287 1.36839E-04-2.05215E-05 3.28869E-05 1.42715E-05 1.46633E-05 1.68703E-05
 -1       288-7.32164E-05-2.72211E-05 8.48396E-05-6.03373E-05-4.24990E-06-1.77206E-05
 -1       289 8.97413E-06-7.75287E-06 4.58290E-05 6.17392E-07-2.58623E-05 1.39249E-06
 -1       290-2.57124E-05-3.69039E-05 9.50170E-05-7.27582E-05-3.23863E-05-4.58770E-05
 -1       291-3.68118E-05-3.83061E-05 6.26370E-05 9.62367E-06 2.38152E-05-3.38692E-05
 -1       292-8.39673E-06-1.71514E-05 8.63488E-05 2.12470E-05 4.73392E-05-1.34739E-05
 -1       293 3.51430E-05-4.11022E-05 1.22991E-04 4.60138E-05 1.00370E-05-7.96418E-05
 -1       294-4.96129E-05-1.75843E-06 8.99115E-05 4.27049E-05-9.15367E-06-2.51318E-05
 -1       295-6.76559E-06-3.39105E-06 8.86960E-06 7.87259E-06 2.93821E-06-1.22114E-05
 -1       296-2.91621E-05-3.49971E-05 1.13052E-04 8.64089E-06 2.31447E-05-4.70362E-07
 -1       297 2.92082E-05 1.11683E-05-3.56156E-05-2.92704E-05 2.69979E-06-1.36575E-05
 -1       298 3.08830E-05 4.43023E-06-5.13131E-05-4.95024E-05 2.52500E-05 4.69609E-05
 -1       299-2.07440E-05-2.59722E-06 3.28499E-06 1.08159E-05 7.72205E-06 8.89753E-06
 -1       300-6.38359E-06-1.64074E-06-9.64944E-06-1.92564E-05 6.99698E-06 2.66884E-06
 -1       301-4.05849E-05 3.51987E-06 1.59783E-05 1.48628E-05 1.36888E-05 2.26062E-05
 -1       302 3.20132E-06 8.22446E-06-5.75607E-05 9.11837E-06 5.28797E-06-4.39843E-05
 -1       303-6.11448E-05-3.16793E-06 3.36651E-05 4.46699E-06 9.64016E-06-2.26752E-05
 -1       304-8.94077E-06 3.87920E-06 2.54999E-05-2.62785E-05 9.30050E-07-3.16893E-05
 -1       305 4.51106E-05-3.38852E-05 1.13914E-05 9.09400E-06 1.13989E-05-2.42876E-05
 -1       306-3.10015E-05 1.15465E-05 3.32170E-05-1.73413E-05 1.78871E-06-1.08395E-05
 -1       307-4.14795E-06-5.23623E-06-1.50162E-05-3.11753E-06-1.67606E-05 8.21193E-06
 -1       308 7.22457E-06-2.66862E-05 6.14337E-05-3.93298E-06-3.78760E-06-4.66136E-05
 -1       309-1.15445E-05 1.74213E-05-5.46530E-06-1.17122E-05 9.07308E-06 3.96295E-05
 -1       310 3.65646E-05 6.06328E-06-7.33357E-05-2.26065E-05 2.46361E-05-1.11643E-05
 -1       311 4.87387E-05-2.53039E-05-7.30464E-06-5.76717E-06-2.78143E-05-9.88573E-05
 -1       312-2.09474E-05 2.07258E-05-3.20345E-05 1.06424E-05-2.61352E-06-3.67479E-05
 -1       313-3.27093E-05 5.03382E-05 2.51731E-05-1.41071E-05-5.02090E-05 5.62883E-05
 -1       314-2.70770E-05 2.38239E-05-2.56307E-05 2.12166E-05 1.47130E-05-2.37424E-05
 -1       315-2.86627E-05 2.56332E-06 4.98953E-05 7.82147E-06-2.21099E-05 8.62716E-05
 -1       316-1.70104E-05-1.01261E-05 5.52294E-05 2.90054E-05 1.19019E-05 8.32550E-05
 -1       317-3.39229E-05 2.65172E-05 4.80919E-05 1.39328E-05 6.43828E-06 5.61733E-05
 -1       318-2.44487E-05 1.56925E-05 3.86035E-05 1.60795E-05-4.67281E-06 5.81635E-05
 -1       319 7.09118E-05-6.85586E-05 8.34804E-05 4.81214E-05-1.05757E-05-1.14370E-04
 -1       320-5.16681E-05-4.48417E-05 7.63112E-05-2.57480E-05-2.04549E-05-7.35536E-05
 -1       321-5.48512E-05-4.02602E-05 1.45932E-04-3.63135E-05 9.65100E-06 2.07765E-06
 -1       322 4.23786E-05-6.86890E-05 1.17111E-04-1.74045E-05 1.54956E-05-3.27403E-05
 -1       323-6.05666E-07-3.21776E-05 8.63414E-05-4.05631E-06 4.16584E-06-1.85878E-05
 -1       324 3.25047E-05-4.46103E-05 1.04739E-04 4.45637E-05-1.43238E-05-5.65552E-05
 -1       325-4.09847E-06 1.84327E-05-9.58636E-06 9.22092E-06 6.02043E-06 1.52852E-06
 -1       326 3.00051E-05 1.83872E-05-2.20003E-05 2.63563E-05 6.33995E-06 7.57950E-06
 -1       327 9.57960E-05-9.91681E-06-1.38961E-05 2.47279E-05-1.33480E-05-5.18585E-06
 -1       328 8.25892E-05-8.42430E-06-4.32053E-05 2.84146E-05-8.34920E-06-4.10488E-05
 -1       329-2.85795E-05-3.77806E-05 4.26907E-05 1.37120E-05-1.32547E-05-8.91376E-05
 -1       330 5.61088E-05-4.26052E-05 2.48381E-05-1.64417E-06-1.23749E-05-6.77034E-05
 -1       331-3.65317E-05-6.95515E-08 6.77211E-05-3.91352E-05-4.19163E-05-4.84638E-05
 -1       332-1.43367E-06-3.67567E-05 7.61013E-05 1.49594E-05 9.60261E-06 7.76346E-06
 -1       333 6.32514E-05 1.68017E-05-4.43595E-05 2.86082E-05 5.18717E-06 2.96458E-05
 -1       334 1.16523E-04-5.26696E-05-1.17931E-05 2.44873E-05 3.91616E-05-4.81719E-05
 -1       335-1.17187E-04 6.14821E-05 4.86201E-05-1.06693E-05-1.23295E-05 3.01461E-05
 -1       336-1.03849E-04 6.16393E-05 5.19240E-06-1.97002E-05-2.39955E-05 1.04705E-07
 -1       337 2.81573E-05 1.11391E-07 4.36296E-05 4.51318E-05-9.74476E-06 5.35484E-05
 -1       338-2.64983E-06-1.12860E-07 4.44467E-05-8.90745E-06 3.24710E-05-6.80295E-06
 -1       339-7.64124E-05 7.47107E-05-7.03153E-06-8.54946E-05-1.38364E-04-1.99192E-06
 -1       340 2.43684E-05 2.86651E-05-7.01268E-05-8.24533E-05-7.84055E-05 1.26003E-05
 -1       341-2.68729E-05 4.18749E-05 9.81801E-05 1.50888E-06 3.96343E-05-1.23478E-04
 -1       342-1.72913E-05-1.86722E-05 1.41185E-04 7.69464E-06-2.29129E-05-5.06414E-06
 -1       343-2.69301E-05 9.55507E-06 5.39872E-05-1.89760E-05 1.41635E-05-1.14066E-04
 -1       344 6.47629E-05-3.63764E-05 6.49266E-05 8.64251E-06 3.09568E-05-1.71266E-04
 -1       345-5.75885E-04 1.01345E-04 1.21371E-04-2.61179E-05 9.00840E-06-9.55035E-05
 -1       346 3.75973E-07-3.86556E-05-6.05848E-06-9.14875E-05-6.40943E-07-1.75122E-05
 -1       347 4.79393E-06 3.46238E-05 3.03756E-05-5.46532E-05 1.64590E-05-4.43895E-05
 -1       348 1.27691E-04-1.16928E-04-1.85124E-05-5.45331E-05-1.94260E-06 4.68837E-06
 -1       349 3.63526E-05-1.99147E-05-6.45298E-05-3.53305E-05 6.72945E-05-5.10918E-05
 -1       350 6.76905E-05-7.72087E-05-8.61479E-05-2.78178E-05 1.62812E-05-2.75256E-05
 -1       351 6.50204E-05-3.93808E-07-1.34249E-05-2.31490E-05 1.74292E-05-3.09166E-05
 -1       352-1.12315E-04 2.08759E-05 3.33567E-05-1.48885E-05 2.77228E-05-6.15393E-05
 -1       353-8.43420E-05 5.00640E-05-4.87741E-05 8.10496E-06-1.17787E-05-8.34215E-05
 -1       354-1.06235E-05 1.32456E-05-4.20732E-05-4.26824E-05-2.39176E-05-1.39310E-05
 -1       355 1.52565E-04 7.32231E-06-1.84773E-05 1.64702E-05 4.26344E-05 1.25030E-04
 -1       356 1.32922E-04-1.05763E-04-3.47267E-05 5.26832E-05-1.28489E-05-2.63248E-05
 -1       357-4.40974E-04 2.31662E-05 1.41571E-04-2.41941E-05-3.37239E-05-7.56672E-05
 -1       358-3.28644E-04 1.40513E-04 7.28226E-05-2.13926E-05-8.32233E-07-1.37721E-04
 -1       359-3.79570E-04 1.30949E-04 1.31267E-04-3.56413E-05-1.10057E-05-5.75508E-05
 -1       360 9.19161E-05-8.61880E-05 1.63743E-05-6.56939E-05 5.97741E-06 8.45378E-05
 -1       361-4.28372E-05-3.65065E-05-1.28651E-05-5.87319E-05 4.75908E-05 1.89849E-06
 -1       362 1.34606E-04 2.53332E-06-6.19454E-05-5.35608E-05 1.20423E-05-5.15108E-05
 -1       363 1.06917E-04-5.92648E-05-7.80018E-05 1.21955E-05 2.04031E-05 1.96690E-05
 -1       364 9.50365E-06-3.26067E-05 8.87150E-06-6.04451E-07-2.95836E-05 4.81400E-05
 -1       365 4.27082E-04-1.61175E-04-1.14636E-04-1.70637E-05 5.71518E-05-2.40069E-05
 -1       366 4.25716E-04-1.37549E-04-1.95501E-04-2.44977E-05 9.51537E-05-7.27087E-05
 -1       367 9.78565E-08 1.28795E-05 8.33625E-05 1.05681E-05 8.35168E-06-1.55031E-04
 -1       368-7.19566E-05 2.25654E-05 8.42046E-05 2.21186E-05 2.18014E-05-1.26790E-04
 -1       369-5.75216E-05 4.27918E-05 9.89202E-05-4.23607E-05 4.97988E-05-1.59613E-04
 -1       370 1.25780E-05-8.48344E-06 1.17022E-05-2.65148E-05-3.72515E-06-1.59862E-05
 -1       371 8.96665E-05-5.15658E-05 3.79902E-06-2.56653E-05-7.06866E-06-5.34557E-05
 -1       372-2.70598E-05-1.49116E-05 1.94898E-04-1.65715E-05 1.55803E-07-1.29046E-04
 -1       373-2.83695E-05 8.41212E-06 5.58850E-05 1.90996E-05-1.53837E-06 5.28826E-05
 -1       374 7.53457E-05-5.69780E-06 1.46399E-04 8.45844E-06 2.56589E-05-3.32481E-05
 -1       375-8.23341E-05 2.39951E-05 7.07963E-05 1.59435E-06-1.92520E-07-3.31198E-05
 -1       376 1.02525E-04 5.20975E-05-8.52462E-05 1.49905E-05-1.13948E-05 1.99040E-05
 -1       377-5.61877E-05-1.58729E-05 5.46108E-05-2.49409E-05-2.23415E-05-4.82504E-05
 -1       378-7.92806E-05 6.76471E-05-1.28503E-04 7.53874E-06-3.09215E-05-4.60240E-05
 -1       379-1.05390E-04 4.12111E-05-1.79195E-05 1.46409E-05-1.20009E-05-8.00660E-05
 -1       380-1.41425E-05 4.84819E-05-1.49128E-04 6.06522E-06-3.30348E-05-5.02816E-05
 -1       381 2.13743E-05-2.32327E-06-7.37018E-06-1.80269E-05-1.76425E-06-2.05136E-05
 -1       382 3.71416E-06-1.61096E-05 3.71858E-06-2.87820E-05 1.34994E-05-4.06910E-05
 -1       383-1.22362E-04 4.10587E-05 1.86204E-05-1.81459E-06 4.65572E-06-1.17776E-04
 -1       384 8.17516E-05-3.65793E-05 2.43250E-06-3.32499E-05 2.15058E-05-4.89330E-06
 -1       385 1.49415E-04-6.53117E-05-4.38304E-05-6.48234E-05-1.36000E-05 1.67463E-05
 -1       386-9.91988E-05 1.45700E-05 9.84257E-07-5.44887E-05 2.48745E-06-6.98733E-05
 -1       387 9.71532E-05-5.88602E-05 5.97618E-05-1.24654E-05 1.69681E-05-1.41777E-04
 -1       388 8.60744E-05-4.28400E-05 9.46703E-05 1.25730E-05 3.62192E-06-1.29948E-04
 -1       389 5.30935E-05-1.44142E-05 4.09661E-05-2.01322E-06 4.09644E-05-6.31548E-05
 -1       390-8.73885E-05-3.20301E-06 1.03370E-04 9.71306E-06 1.42255E-05-7.31198E-05
 -1       391-3.96696E-06-6.49611E-05 3.14803E-05-5.58764E-05 4.88335E-06-1.00273E-04
 -1       392 3.46746E-05-3.19696E-05 8.29500E-05 1.06844E-05 2.54954E-05-1.24656E-04
 -1       393-1.38889E-04-8.79519E-06 1.67897E-05-4.21219E-05-4.47085E-05-3.53484E-05
 -1       394 3.92641E-05 2.99654E-06-4.49387E-05-9.46574E-05-1.37781E-04-1.13597E-05
 -1       395-3.24768E-06 6.16149E-05-1.17176E-05-1.67599E-05-3.70307E-05-2.63814E-05
 -1       396 5.34476E-05 3.42007E-05-5.55124E-05-4.62814E-05-2.16285E-05-2.32324E-05
 -1       397-1.34533E-04 2.28084E-05-2.97902E-05-6.34405E-05-5.53482E-05-6.27809E-05
 -1       398 1.20887E-05 2.36540E-05-4.17262E-05-1.14867E-04-1.27793E-04-2.09486E-05
 -1       399 5.79043E-05 5.83909E-07-5.96039E-05-1.02363E-04-5.55962E-05 1.16622E-05
 -1       400-5.17143E-05-3.52476E-05 4.03473E-05-6.44936E-05-2.42856E-05-9.96941E-05
 -1       401-2.80568E-04-2.80438E-06 6.38522E-05-4.56347E-05 3.77463E-05 3.54616E-06
 -1       402 5.58685E-05-1.57516E-05 7.09787E-05-3.13330E-05-6.73811E-06-9.37039E-05
 -1       403-3.85676E-06-2.36838E-06 8.49642E-05-5.58432E-05-1.49811E-05-1.08535E-04
 -1       404 5.98220E-06 1.97401E-06 6.87797E-05-5.93373E-05 1.62807E-05-9.03297E-05
 -1       405 7.33120E-05-5.42513E-06 8.35212E-06 2.10121E-06 5.87186E-05-1.98725E-05
 -1       406-1.52878E-04-2.29569E-05 1.70526E-04-2.65784E-06-8.88476E-05-7.93227E-05
 -1       407-7.07238E-05-3.50879E-05 1.90120E-04-2.43550E-05-4.18494E-05-2.38563E-05
 -1       408-1.25357E-04-2.36140E-06 4.09286E-06-4.04128E-05-3.69717E-05 1.14351E-05
 -1       409 6.40008E-05-1.58565E-05 1.29261E-04-2.00486E-06-5.93935E-05-2.91366E-05
 -1       410-1.90667E-04 3.75991E-05 2.51510E-05-5.66947E-05-2.62460E-06-2.99924E-05
 -1       411 4.00161E-05 2.71373E-05-1.77664E-05 2.14348E-06-1.57757E-05-1.11871E-04
 -1       412-1.35491E-04 1.96469E-05 2.26627E-06-8.11909E-06-8.41842E-06-5.45790E-05
 -1       413-8.19444E-05 2.98949E-05-1.55826E-05-3.23172E-06 1.45611E-05-6.90289E-05
 -1       414 4.27545E-05 4.07213E-05-1.78652E-05 9.48144E-06-9.67783E-06-8.52335E-05
 -1       415 1.30299E-04 2.36745E-06 1.60567E-05 1.52205E-06 1.76306E-05-4.13068E-05
 -1       416 7.70291E-05-1.95483E-05 8.71693E-05-7.56802E-06 1.54992E-05-1.45581E-04
 -1       417 6.32493E-05-1.50417E-05 7.24952E-05-1.34267E-06 2.60210E-05-1.29941E-04
 -1       418-5.96403E-05 5.33168E-05 1.45664E-05-2.28038E-05-3.04849E-05-1.16559E-04
 -1       419 7.08645E-05 8.10248E-07 7.47773E-05 9.53115E-06 1.42838E-05-1.32113E-04
 -1       420-2.58331E-06 2.78847E-05-2.42186E-05-5.76949E-05-1.08149E-04-4.66002E-05
 -1       421-4.72453E-05 8.24454E-05 5.19493E-07-1.29397E-07-5.21938E-05 3.07156E-05
 -1       422 4.16035E-05 1.00817E-06 2.26136E-06-3.26828E-05-9.81830E-05 2.31891E-05
 -1       423 4.12465E-06 1.10866E-05-4.53917E-05-7.12639E-05-5.47968E-05 2.93758E-05
 -1       424 1.62673E-05 4.53434E-07 6.98331E-06-7.57994E-05-3.89242E-05 3.22762E-06
 -1       425-4.75786E-05-4.82968E-05 3.29596E-06-8.46200E-05 7.46854E-06-5.08384E-06
 -1       426-1.14504E-04-3.19761E-05-3.66485E-05-1.52968E-04-3.00821E-05-5.51749E-05
 -1       427-1.21448E-04-4.10076E-05-4.77641E-05-2.01367E-04-3.54592E-05 3.88065E-06
 -1       428-1.13616E-04 9.25079E-06 6.77318E-05 8.16406E-06 5.79685E-06-1.09098E-05
 -1       429 2.20568E-04-1.24725E-05-4.35524E-05-6.41142E-05-6.06203E-05-6.12561E-05
 -1       430 3.28944E-05 3.24254E-05-1.08606E-04-3.80188E-07 2.95625E-05-9.86495E-07
 -1       431-3.39745E-05-4.25583E-05 1.38482E-04 1.37833E-06-2.88806E-05 2.21472E-06
 -1       432 4.52530E-05 4.28981E-05-1.45273E-04-2.63258E-07 4.43496E-06-4.78113E-05
 -1       433-5.25210E-05-5.34132E-05 1.75232E-04-7.38898E-07-4.28016E-06 4.87800E-05
 -1       434-1.92119E-06-6.07254E-06 1.80999E-05 6.44114E-07 6.57710E-06 1.26842E-05
 -1       435-1.67075E-05-1.18442E-05 4.53548E-05-3.06966E-06 3.00783E-05 2.35755E-05
 -1       436 3.37622E-05 3.22144E-05-1.12583E-04-1.32122E-06 1.67658E-05-4.80631E-06
 -1       437 7.60770E-07-5.02783E-06 9.66713E-06 6.83297E-07-5.16868E-06-7.39985E-06
 -1       438-4.85155E-05-5.02150E-05 1.69760E-04 3.62450E-07-4.34511E-06 3.90660E-05
 -1       439-7.11016E-06 2.22232E-06 1.78097E-06 6.00719E-07-9.14769E-06-1.59323E-05
 -1       440 3.45678E-05 4.27589E-05-1.39616E-04-1.60447E-06 8.00931E-06-3.78173E-05
 -1       441-1.39847E-05-3.62443E-06 2.03283E-05 4.34348E-06 7.50089E-07 9.62121E-06
 -1       442 3.04472E-06 5.42001E-06-1.55941E-05 9.15573E-07-2.79560E-05-2.78161E-05
 -1       443-4.53323E-05-4.30250E-05 1.42021E-04 3.76859E-06-2.12488E-05 1.12128E-06
 -1       444 1.26057E-06-6.03224E-07-8.26102E-08 5.91585E-07-5.74342E-08-5.34407E-07
 -1       445 8.28859E-07-1.56864E-07-1.69101E-07 7.79322E-07 2.77156E-07 6.28155E-07
 -1       446 8.19968E-07-4.06294E-07 7.21697E-08 3.00967E-07-1.44829E-07-8.44335E-07
 -1       447 3.83141E-07-2.88075E-07 3.04192E-07 1.01583E-06 5.25320E-07 7.77782E-07
 -1       448 7.10548E-07-4.00069E-07 5.14472E-08 2.28466E-08-1.98809E-08-5.03855E-07
 -1       449-2.30880E-07-1.01417E-07 5.92513E-07-1.61451E-07 2.29004E-07-3.81984E-07
 -1       450 1.46968E-07-1.39349E-07 1.36194E-07-1.07859E-07 5.91266E-07-5.91159E-07
 -1       451 8.08384E-08 7.09693E-08-3.55292E-07-2.27478E-08 1.06973E-06-4.78475E-07
 -1       452 5.98647E-07 4.07145E-07-1.18808E-06 2.19663E-07 1.71193E-06-8.91037E-07
 -1       453-3.19950E-07 4.95591E-06-4.25634E-06-1.64306E-07-1.30915E-06-2.51043E-06
 -1       454 1.94403E-06 2.10211E-06-6.24732E-06 3.13600E-07 1.31595E-06-1.05411E-06
 -1       455 1.54226E-06-5.06989E-08-1.33669E-06-3.25349E-06-6.88413E-07-5.18590E-07
 -1       456-9.69354E-07 2.65857E-06-1.62877E-06-4.55548E-06-2.09314E-06-3.55406E-06
 -1       457 6.05157E-07 1.26601E-06-8.59086E-07-1.78299E-06-4.15177E-07 1.01740E-06
 -1       458-4.00026E-06-3.20197E-06 2.49642E-06-1.30492E-05-5.03247E-06-4.12450E-06
 -1       459 1.50654E-05-1.81189E-05 2.34835E-06-1.33751E-05 7.32019E-07 5.57058E-06
 -1       460 4.14326E-05-1.75027E-05-4.55215E-06 2.07676E-05 1.99974E-05 4.34479E-06
 -1       461-2.50897E-05-1.30936E-05 5.52044E-05-2.94677E-06-6.22598E-06 1.93133E-06
 -1       462-1.41803E-07-7.45995E-06 8.86678E-06 1.51377E-06-4.38658E-06 1.01133E-06
 -1       463-2.63740E-07 1.58159E-06-1.05483E-06-1.70506E-06-5.99676E-07-1.98863E-06
 -1       464-6.12944E-07-3.65515E-07 1.03425E-06 6.72305E-07 1.04570E-06 2.03697E-07
 -1       465 7.40991E-07 8.79085E-07-3.21436E-06-2.06676E-06-2.99442E-06-3.27108E-06
 -1       466 5.05467E-07-1.05173E-06 1.01674E-06 5.38004E-07 6.05455E-07 1.20870E-06
 -1       467 8.18498E-06-8.26974E-06 5.84064E-06-2.01899E-06-4.84815E-06 5.29701E-06
 -1       468 2.79346E-06-1.14537E-06 7.59806E-07 7.71933E-07-1.34714E-07 3.79925E-06
 -1       469-6.73634E-06-5.30125E-07 7.11892E-06 1.06167E-06 3.19833E-06-9.34387E-08
 -1       470 4.74477E-06-1.67892E-06-3.72130E-06 2.81801E-06 7.00198E-07-3.05734E-06
 -1       471 3.52110E-06-1.60389E-06 3.34388E-07 2.92712E-07 7.66247E-07 3.03063E-06
 -1       472 2.92645E-06-1.06551E-06 1.35942E-06-3.14012E-07-3.23616E-07-1.80576E-06
 -1       473 1.97362E-07 4.57864E-06-6.83687E-06 6.93681E-06 2.31728E-06 5.17901E-06
 -1       474 3.86880E-06-1.27005E-06-8.04984E-07 3.54356E-08-4.34603E-07-4.73120E-07
 -1       475-1.17977E-06-5.74056E-08 1.58936E-06 7.13870E-07 3.42677E-07 6.52904E-07
 -1       476 5.31635E-07-1.13486E-06 2.12217E-06-3.09931E-07 1.12394E-07-8.15755E-07
 -1       477 1.46420E-06-6.11523E-07-1.71697E-06 4.22511E-07 1.40701E-06-1.36129E-06
 -1       478 3.21419E-06-1.25047E-06-3.37937E-07 4.27318E-08-2.61684E-07-1.50923E-06
 -1       479 3.60172E-06-1.07601E-06-9.07794E-07 1.79458E-07-1.85067E-07-5.50844E-07
 -1       480 2.77022E-06-1.02657E-06-3.87404E-07 4.08217E-07-1.33599E-07 1.16287E-06
 -1       481 1.58617E-06-7.09090E-07 1.89459E-07 4.36576E-07 2.64750E-07 1.37163E-06
 -1       482 3.69978E-06-1.19627E-06-5.69272E-07 5.70540E-07-4.16118E-07 1.29098E-06
 -1       483 1.57241E-06-1.34950E-06 1.79328E-06-1.87621E-07-4.91474E-10-1.74806E-06
 -1       484 2.53478E-06-1.35333E-06 7.72247E-07 1.93726E-08-6.11084E-08-1.86144E-06
 -1       485 4.03914E-06-1.70637E-06-4.04629E-08-1.97477E-07-1.26842E-07-1.23991E-06
 -1       486-2.38077E-08-8.11687E-07 1.68529E-06-1.06404E-07 1.52199E-07-8.54023E-07
 -1       487 3.62242E-07-1.09129E-06 2.19945E-06-2.85311E-07 2.34677E-07-1.55323E-06
 -1       488 1.59104E-06-1.44080E-06 2.17780E-06-2.83626E-07-3.76058E-07-1.25774E-06
 -1       489 1.93700E-06-4.40827E-07-1.88631E-06 3.08160E-07 6.54146E-07-7.03225E-07
 -1       490 8.93354E-07-8.55174E-07 7.49371E-07 1.37099E-07 5.88634E-07 2.86294E-07
 -1       491 9.87148E-07-1.08801E-06 1.43143E-06-1.64434E-07 7.93264E-07 6.04256E-07
 -1       492-9.53358E-07 1.91996E-06-1.97959E-06-3.47272E-07 2.44282E-06-2.12132E-06
 -1       493 1.37709E-06-2.78717E-07-4.03506E-06 3.87373E-07 2.13806E-06-2.02124E-06
 -1       494 2.20778E-06-5.41443E-07-1.45535E-06 3.07292E-07 6.78702E-07 5.42355E-07
 -1       495-1.45173E-06 1.83860E-06-3.89236E-06 8.18244E-08-2.98181E-07-8.32163E-06
 -1       496 8.07707E-07 1.40369E-06-3.62754E-06 9.33633E-07 1.59962E-06-4.83165E-06
 -1       497 2.45202E-06-6.94486E-07-1.52053E-06 1.40321E-06 1.72747E-06-1.31196E-06
 -1       498-4.05236E-06 7.66412E-06-6.92335E-06-4.58955E-06-2.98301E-06-7.39950E-06
 -1       499-2.22307E-06 3.98428E-06-6.10874E-06 2.47306E-06-1.94130E-07-6.28374E-06
 -1       500 3.04684E-06-1.44891E-06-5.62190E-06 2.63013E-06-1.91418E-07 6.38093E-07
 -1       501-8.85502E-06 3.98607E-06-1.12976E-06 1.62759E-06 4.72529E-06-7.68479E-06
 -1       502-2.21172E-06 1.06104E-06-4.36799E-06-1.70060E-06 1.85205E-06-4.87803E-06
 -1       503-7.47739E-06 4.51933E-06-2.88771E-06-3.39088E-06 2.07603E-06-9.95940E-06
 -1       504-5.44674E-06-6.99062E-07 1.89130E-06 3.09369E-06 2.34374E-06 2.23780E-06
 -1       505-4.29255E-06 1.65639E-06 1.04141E-06 8.45288E-07 1.41174E-06-2.51297E-06
 -1       506-1.19853E-07-1.48498E-07 3.41972E-07 7.50366E-07 1.22094E-07 3.65397E-07
 -1       507-1.49410E-06 1.28826E-06-1.66489E-07 6.25265E-07 5.85717E-07-1.41365E-06
 -1       508-2.82347E-06-6.28888E-08 4.39532E-06 1.41478E-06 9.77485E-07 1.72963E-06
 -1       509 6.97905E-07-9.82473E-07 1.43373E-06 7.37459E-07 1.57735E-07 2.52974E-06
 -1       510 2.49980E-06-5.19798E-06 4.57686E-06 1.59711E-06-2.32203E-06 5.80991E-06
 -1       511-2.91723E-06-1.16321E-06 6.25872E-06-1.79268E-07 1.53247E-06 3.43134E-06
 -1       512 8.17327E-06-4.15505E-06-1.35016E-06-8.71294E-07-6.40724E-06 5.31752E-06
 -1       513 4.38679E-06-6.14750E-07 9.56448E-07 3.70546E-07 4.49951E-08 1.23750E-06
 -1       514 4.99214E-06-3.78155E-06 1.52391E-06-3.82029E-06-5.87107E-06-3.05793E-06
 -1       515 3.42078E-06-5.22873E-06 2.76400E-06 1.89118E-06-1.09971E-06 9.39212E-06
 -1       516 3.25923E-06-4.91910E-06 4.91741E-06-4.59468E-06-2.54956E-06 2.69022E-06
 -1       517 5.87181E-06-1.87858E-06-3.88580E-06 1.75350E-06-3.80316E-07 7.78619E-07
 -1       518 4.36174E-06-5.89475E-06 4.28843E-06-9.99263E-07-5.12300E-07 1.52736E-06
 -1       519 2.65959E-06-1.19720E-06 2.33036E-06 3.33264E-07-1.31718E-07 1.17982E-06
 -1       520 8.15517E-08-6.84635E-09 1.56009E-06 2.68776E-06 4.23947E-06 1.44536E-05
 -1       521-1.26168E-06 2.19734E-07 1.30532E-06 5.71959E-07-4.86048E-07 7.04462E-06
 -1       522-1.49533E-06-6.30618E-06 1.75805E-05 1.88616E-06 3.90379E-06 1.33638E-05
 -1       523 1.02628E-05-6.07288E-06 2.37806E-06 1.87919E-06 1.12555E-06 1.33687E-05
 -1       524 3.99724E-06 1.22358E-07-4.23948E-06-7.26462E-08 1.04808E-07 7.39958E-06
 -1       525-1.00042E-06 1.49531E-06-1.69835E-06-2.22667E-07-1.74342E-07 4.74989E-06
 -1       526 2.61742E-05-1.92497E-05 2.11379E-05 5.52603E-06 6.92436E-06 5.35447E-05
 -1       527-9.72793E-07 4.66616E-07-3.53160E-07 1.07199E-07-5.03832E-07 3.24288E-06
 -1       528-9.92658E-07-1.58578E-06 4.71741E-06 3.24515E-07 2.11128E-07 4.80023E-06
 -1       529 1.02587E-06 6.81047E-07-2.77549E-06-5.09311E-07 8.75559E-08 3.97965E-06
 -1       530 3.27422E-06 4.35285E-08-3.39923E-06-5.59025E-08 4.80456E-08 9.84231E-06
 -1       531-5.55999E-07 2.56307E-07-8.95468E-08 2.48056E-07-2.25139E-07 1.87231E-06
 -1       532-1.03297E-06 3.49713E-07-1.09367E-07 2.21767E-07-3.29410E-07 2.12228E-06
 -1       533-5.35854E-07-4.43952E-07 1.90553E-06 3.90044E-07 1.42072E-07 3.44646E-06
 -1       534-7.36652E-07-6.22639E-08 9.55168E-07 3.56071E-07-2.84444E-07 3.33422E-06
 -1       535-1.12994E-06 1.54251E-07 1.87575E-07 4.24082E-07-6.22482E-07 4.96227E-06
 -1       536-7.12947E-07 6.02395E-07-7.52574E-07-1.52302E-07-3.02803E-08 2.96641E-06
 -1       537-4.64357E-07 8.92843E-07-1.29296E-06-8.42333E-08-5.93921E-08 3.28516E-06
 -1       538-1.07596E-06 9.87356E-07-1.00600E-06-3.00236E-07-1.06858E-07 3.94412E-06
 -1       539 1.56834E-07 6.87242E-07-1.98088E-06-2.50697E-07 2.93840E-08 2.75238E-06
 -1       540 1.04234E-06 6.26787E-07-2.68697E-06-1.95998E-07 4.12196E-07 2.32656E-06
 -1       541 6.36428E-08 1.15186E-06-2.28688E-06-3.53195E-07-2.28324E-07 4.66549E-06
 -1       542 2.27510E-06 1.59429E-07-3.40270E-06-2.93135E-07 1.32619E-07 3.68916E-06
 -1       543 4.17904E-06 1.73298E-06-7.51519E-06 4.40053E-07-1.40934E-06 3.95939E-06
 -1       544 2.25904E-06 3.02269E-07-3.74597E-06-4.77626E-07 2.84432E-08 5.41385E-06
 -1       545 4.53435E-06 2.71120E-06-1.09961E-05 8.15535E-07-9.57317E-07 5.33640E-06
 -1       546 3.50167E-06-5.66624E-08-2.13555E-06-2.47855E-07-8.82881E-07 9.68466E-06
 -1       547 3.68965E-06-1.86368E-07-3.84452E-06 1.50872E-07 2.85159E-07 8.50012E-06
 -1       548 6.39943E-06-2.61890E-06-5.37094E-07 9.80308E-07 3.90153E-07 8.37291E-06
 -1       549 1.22718E-05-3.70992E-06-9.69932E-07-7.99137E-07-4.59142E-07 8.66715E-06
 -1       550 4.94817E-06-1.70401E-06-1.07535E-06 6.71572E-07 6.23176E-07 9.72514E-06
 -1       551 2.61105E-05-1.47007E-05 4.52146E-06 2.14913E-06 1.76784E-06 2.25552E-05
 -1       552 6.12441E-05-1.96925E-05 4.22352E-06 1.86897E-05 2.36987E-05 5.16567E-05
 -1       553 1.61312E-05-1.44420E-05 7.60069E-06 4.35545E-07 4.49967E-07 2.65181E-05
 -1       554-1.16489E-05-2.61322E-05 8.53796E-05 2.82288E-07 7.93178E-06 5.71065E-05
 -1       555-1.48367E-06-1.62810E-05 3.55613E-05 3.77816E-06 8.96887E-06 1.49195E-05
 -1       556-1.95528E-06-6.70762E-06 1.72170E-05 2.05458E-07 3.96254E-06 9.33631E-06
 -1       557 1.02092E-05-1.14739E-05 2.24992E-05 4.19157E-06 2.41373E-06 3.44650E-05
 -1       558-1.39791E-06-3.80099E-06 9.53366E-06 1.15815E-06 9.30394E-07 7.04874E-06
 -1       559-5.28432E-07-1.69255E-06 4.28079E-06 3.00868E-07 3.75997E-07 3.95745E-06
 -1       560 1.94828E-08-1.18912E-06 2.65081E-06 4.89590E-07 1.85123E-07 3.07949E-06
 -1       561-1.49857E-06-2.64471E-06 7.60939E-06 8.10026E-07 4.44411E-07 7.36290E-06
 -1       562-1.20995E-06-1.00543E-06 3.77389E-06 2.20582E-07 1.85715E-07 5.42166E-06
 -1       563 9.47150E-07-6.89697E-07-2.96759E-06 1.41142E-06-3.21726E-06 1.02797E-05
 -1       564-1.84324E-06-2.57708E-06 6.28725E-06 5.83215E-07 6.90273E-07 8.41603E-06
 -1       565 2.20371E-06-5.48553E-06 6.70861E-06 2.68827E-06 5.99600E-07 1.57897E-05
 -1       566-3.42174E-06 1.23987E-06-2.49947E-06-2.08962E-06-1.69859E-06 5.07596E-06
 -1       567-1.20834E-06 1.03935E-06-6.96391E-07-7.42621E-08 5.81247E-09 5.83347E-06
 -1       568 7.13870E-06-8.26546E-06 1.08987E-05 5.30010E-06 4.01414E-06 2.78335E-05
 -1       569 1.78509E-06-4.32721E-06 6.50454E-06 5.64622E-07 3.92538E-06 1.53493E-05
 -1       570 5.33297E-06-1.75099E-06-1.43921E-06 8.58430E-07 5.78247E-07 8.96474E-06
 -1       571-9.92664E-07-4.19356E-07-1.99314E-07-2.99117E-06 1.88470E-06 9.94576E-06
 -1       572 6.95575E-07 1.09935E-06-2.77218E-06 3.62260E-07 2.06229E-07 6.65765E-06
 -1       573-3.01968E-05-1.14355E-05 4.48072E-05-2.88877E-05-2.12312E-05-4.75384E-05
 -1       574-4.87083E-05-1.46380E-05 3.12518E-05-3.11941E-05 5.06513E-05 1.57822E-05
 -1       575 7.94618E-05-9.58057E-06-3.63945E-05-8.84030E-05-4.26206E-05-5.43673E-05
 -1       576 2.21376E-05-1.86100E-05 1.12138E-05 1.63690E-07 7.70734E-06-4.73798E-05
 -1       577-8.21384E-06-1.41258E-05 5.73145E-05-2.43707E-05-2.64730E-06-1.44089E-05
 -1       578-3.46502E-05-1.36019E-05 1.72238E-05-4.99937E-05 2.57773E-05 2.78555E-05
 -1       579 8.75107E-06 7.95879E-06-2.70451E-05-5.00881E-06 3.81789E-05-6.37636E-06
 -1       580 2.87488E-05-1.33313E-06 2.46924E-08-1.86712E-05 8.65892E-06 7.02503E-06
 -1       581-1.91514E-05 1.84139E-05 2.74504E-05-8.86658E-06-5.53353E-06-1.13482E-06
 -1       582-4.34991E-05 3.54302E-05 2.68121E-06 2.99277E-05 2.06059E-05-4.11872E-05
 -1       583-1.50434E-05 4.09415E-05-3.08593E-05 2.94594E-05 1.54118E-05-1.83508E-05
 -1       584 4.72897E-05 1.59699E-05-2.54571E-05 1.34279E-05 4.27902E-06-8.17080E-06
 -1       585 3.27806E-05-4.30492E-06-1.16082E-05-1.08242E-05 2.11620E-06-2.56655E-06
 -1       586-3.00777E-05 7.94257E-07 3.78323E-05-5.08438E-06 1.74473E-05-3.39212E-05
 -1       587-1.30366E-05 9.13715E-06-1.81806E-05 1.57842E-05 1.04514E-05-3.14446E-05
 -1       588 3.80686E-06 6.68872E-06-7.02771E-06 1.75727E-05 1.89982E-05-1.99962E-05
 -1       589 2.06046E-05-1.35606E-06-1.73121E-07 3.03202E-06-2.07123E-06-5.31352E-05
 -1       590-7.12992E-05-3.16702E-06 6.22181E-05 1.88023E-05-6.27323E-06-7.19023E-05
 -1       591 2.98782E-05 5.87602E-06 1.01672E-05-2.09213E-05-3.94215E-05-2.25494E-05
 -1       592 7.69668E-05 9.00075E-06 7.02816E-06-9.70745E-06-2.15161E-05-8.54933E-05
 -1       593 8.67108E-05 5.59084E-06-2.49629E-06 1.25391E-05-3.46348E-05-1.62399E-05
 -1       594 3.47879E-05-1.79947E-05 4.51501E-05 3.04112E-06 2.60352E-05-3.90918E-05
 -1       595-2.45209E-05-3.78294E-06 4.66129E-05-4.67180E-05-6.80096E-06-5.86203E-05
 -1       596 1.52592E-05-4.56931E-06 3.49101E-05-1.26658E-05 6.88870E-06 9.57942E-06
 -1       597-1.49575E-05-3.91543E-05 8.68088E-05 2.17834E-05 4.61669E-07-3.89637E-05
 -1       598-3.27430E-05-1.01130E-05 4.72248E-05 4.21854E-06 2.07126E-05-5.70876E-05
 -1       599-2.37090E-06-1.82161E-05 9.65880E-06-5.35113E-06 8.86724E-06-2.03558E-05
 -1       600 4.70176E-05 1.27626E-05-5.15341E-05-3.69429E-05-3.25879E-05-8.90996E-06
 -1       601-6.96024E-05 1.89262E-05 3.63117E-07-7.23809E-05-7.29907E-05-1.47084E-05
 -1       602-1.17921E-05 6.88624E-05 3.57944E-05-2.78497E-05-7.93985E-05-2.74323E-07
 -1       603-1.65534E-05 3.36761E-05 3.64124E-05-1.00547E-05-2.66790E-05-2.63032E-05
 -1       604-1.60902E-05 5.43451E-05 2.58581E-05-2.23549E-05-4.21157E-05 3.14231E-05
 -1       605-8.72112E-05 3.71367E-06 5.12690E-06-1.02008E-04-2.76369E-05-2.22754E-05
 -1       606-1.84712E-05-4.75366E-06-2.73287E-05-4.71659E-05 4.26775E-05-3.00113E-05
 -1       607 1.45530E-05 4.31078E-05-2.58896E-06-7.75606E-06 5.74474E-06 1.71671E-05
 -1       608 1.81084E-05-1.00077E-05 1.27760E-05-4.30296E-05 2.55445E-06-3.04625E-06
 -1       609 6.81049E-06-1.59665E-07-6.09341E-06-2.79019E-05 1.84351E-05 4.91142E-05
 -1       610 1.95663E-05 1.08946E-05-4.38858E-05 1.25018E-05 2.78353E-06-2.50014E-05
 -1       611-8.38650E-06-1.24155E-06-9.40780E-06-3.28840E-05 1.03480E-05 1.43496E-05
 -1       612-6.45539E-05 1.10168E-05 1.12945E-05-6.84408E-07 3.17609E-06 8.73654E-06
 -1       613 8.38001E-05-1.62082E-05 5.17881E-05 9.13010E-06 1.20141E-05-2.74171E-05
 -1       614 1.90543E-06-2.24725E-05 1.39065E-04-4.56882E-05-1.07603E-05 3.23320E-05
 -1       615 9.62329E-06 5.32019E-07 4.18057E-05-3.39986E-06-1.04782E-05-3.25753E-05
 -1       616 5.22668E-05-1.11225E-05 1.03843E-05-2.35032E-05 6.97234E-07-4.75309E-05
 -1       617 2.11921E-05-5.88147E-06 1.10949E-05-2.95297E-07 1.28014E-05-8.03444E-05
 -1       618 2.14425E-05-5.35346E-06-1.04456E-05-4.18967E-06 7.92797E-06-6.14847E-05
 -1       619-1.52459E-04 3.81258E-05-5.25272E-06-7.90214E-05-5.03097E-05-3.02059E-05
 -1       620-6.12609E-05 2.32612E-05 1.39665E-05 9.05768E-06-1.75911E-05-2.17889E-05
 -1       621 4.27866E-05 3.43402E-06-2.04072E-05 1.01126E-05-4.07970E-06 1.99566E-05
 -1       622 4.21377E-05-3.14721E-05 5.06964E-05 2.03044E-05 3.52106E-05-3.49639E-05
 -1       623 4.52307E-06-1.58223E-05 4.45208E-05-2.55344E-05-2.28287E-07-3.26505E-05
 -1       624-2.50628E-06 5.85184E-06 1.17721E-05-6.74165E-07-1.37828E-05-6.24728E-05
 -1       625 1.02072E-04-1.41860E-05-1.08060E-05-1.67229E-04-3.87957E-05-1.43679E-05
 -1       626 2.88721E-04-9.49248E-05 1.80187E-06-4.69036E-05-2.11417E-05-5.60881E-05
 -1       627 1.75412E-04-4.36097E-05-5.75956E-05-6.87711E-05-3.54782E-05-9.53235E-05
 -1       628-2.57612E-04 2.00436E-05 6.61637E-06 4.85190E-05 5.87219E-05-5.31204E-05
 -1       629-1.00214E-04 2.84251E-05 1.57990E-05-6.76271E-05 4.14832E-05 3.43609E-06
 -1       630 8.50082E-05-6.91892E-06-4.69007E-05-5.25204E-05-8.29012E-06-1.49846E-05
 -1       631-5.34832E-06 2.04697E-05 2.10767E-05-2.65447E-06 1.01308E-05-7.04212E-05
 -1       632 2.95373E-05 1.99128E-05-1.42738E-06-1.91561E-05 2.06863E-05-2.13870E-05
 -1       633 3.90210E-05 3.33941E-05 2.21866E-05-9.52817E-06 6.90764E-06-3.43804E-06
 -1       634 6.99182E-05-1.57979E-05-1.02915E-05-5.29999E-06 4.83015E-06-2.40799E-05
 -1       635 5.45240E-06 2.32066E-05-3.96521E-05-8.61953E-05 2.55628E-06-4.25181E-06
 -1       636 2.44152E-05 2.50274E-06-2.93333E-05-1.75284E-05 4.61334E-06-7.76925E-06
 -1       637 1.59195E-05 3.71847E-06-1.78358E-05-5.43560E-05-3.68418E-06-3.14897E-06
 -1       638-7.36060E-05 3.21034E-06-1.14309E-05-2.50525E-05-7.50906E-06-3.66919E-05
 -1       639-3.83566E-05 1.09517E-05-2.39607E-06 2.11255E-05-2.71522E-06-4.02956E-05
 -1       640 2.31983E-05 1.81526E-05 4.67718E-05-1.12247E-05-1.78273E-05-2.04597E-05
 -1       641-1.12876E-05 2.52816E-05 3.91759E-05-1.34829E-05 7.46496E-06-3.23330E-05
 -1       642 4.29755E-05-4.56311E-05-3.91862E-06 7.00602E-06 1.13553E-05 3.59123E-05
 -1       643-3.19693E-05 6.18174E-06 5.01662E-06-2.10724E-05-3.51828E-05-2.22909E-05
 -1       644 9.89152E-06-3.79503E-05 2.18196E-05 2.13743E-05 1.94615E-05 2.84285E-05
 -1       645-1.06924E-05-3.20440E-05 5.89676E-05-4.46624E-05 4.88842E-06-7.32010E-05
 -1       646-6.55520E-05 4.81775E-05-1.22426E-05-1.69348E-05-2.02587E-05-6.38556E-05
 -1       647 1.33643E-05-9.29809E-05-1.35981E-05-7.96072E-05-2.80938E-05-2.03090E-05
 -1       648 8.12695E-05-5.56292E-06-1.82072E-06-5.04746E-05-2.95295E-05-2.63794E-05
 -1       649 1.55603E-05 5.25237E-06-1.76980E-05 9.20717E-06 5.71639E-05-2.33931E-05
 -1       650-3.50292E-05 1.33226E-06 5.77923E-05-1.51366E-05 4.49970E-05-3.85647E-05
 -1       651 2.63153E-05-7.54730E-06-2.88385E-05-1.26028E-05 1.93779E-05 1.94170E-05
 -1       652 1.31945E-05-4.90705E-05 6.12762E-05-2.47324E-05-1.89908E-06 4.95595E-06
 -1       653 1.23298E-05 3.62307E-06 7.32429E-05-5.79466E-05 1.51481E-05-4.05091E-05
 -1       654-1.96205E-05-3.06738E-05 5.18280E-05-3.68258E-05 4.85995E-05 4.71939E-05
 -1       655-2.46400E-05 3.91233E-05 3.31524E-05-3.60552E-06 1.84276E-05 4.91999E-06
 -1       656-1.51406E-05-2.18854E-05 1.67170E-05 7.42125E-06 2.51250E-05 4.29350E-06
 -1       657 2.23100E-05 1.06445E-05-1.07223E-05-3.66812E-06-1.91283E-06 4.60917E-05
 -1       658-6.85237E-05-6.69432E-06 3.70011E-05-2.40979E-05-2.61082E-05-4.50933E-06
 -1       659-2.50151E-05 1.87434E-05 3.86609E-06-1.06733E-05 5.76564E-05-2.88170E-05
 -1       660-1.07995E-04 2.28056E-05 5.33612E-05-3.17508E-05 5.19150E-05 8.77126E-06
 -1       661 1.37447E-05-1.74086E-05 3.57732E-05-1.03104E-05-5.75024E-06-4.87171E-05
 -1       662-4.91430E-05-1.86678E-06 6.62760E-05 1.71104E-05 2.97028E-06 2.85691E-05
 -1       663-3.61753E-05 1.32544E-05 3.16695E-05 6.88862E-06 1.36715E-06-1.56184E-05
 -1       664 2.44743E-05-5.66103E-06-1.67377E-05 2.38274E-06 1.01955E-05-7.31229E-07
 -1       665 3.54609E-05-2.07272E-06 1.56943E-05-5.50096E-06 2.81284E-06-6.45219E-05
 -1       666 4.60050E-05 8.75596E-06-4.55150E-07 3.10601E-05 1.05015E-05-8.12884E-05
 -1       667-1.44198E-05-9.30182E-06 4.95056E-05-3.76847E-05 2.62788E-05-7.22044E-05
 -1       668 3.51221E-05-8.84384E-06 9.19371E-06-1.75414E-05 3.12004E-06-6.97165E-06
 -1       669-1.56773E-05 9.85820E-06-7.91753E-06 1.91267E-07-1.04116E-05-2.16245E-05
 -1       670-5.68107E-06 2.25451E-05 1.58642E-06 1.53976E-05 1.81747E-05-2.82688E-05
 -1       671-1.81153E-05-2.11233E-06 8.79133E-06-5.94585E-06 3.41905E-06-2.83589E-06
 -1       672-1.81861E-05-1.23962E-05 3.01276E-05 1.38532E-05-4.76554E-06 1.97915E-07
 -1       673-4.57359E-05-3.13826E-06 2.81319E-05 1.71047E-05 8.96202E-06-9.10624E-06
 -1       674-8.07060E-06-5.52589E-06 1.02667E-05 6.39995E-06 6.01809E-06-1.60153E-05
 -1       675 1.13690E-05-2.69924E-05 9.53190E-05-2.39241E-06-5.87223E-06-2.40491E-05
 -1       676 1.05238E-05-1.90886E-06 1.11795E-05-2.10541E-05-6.79729E-06-6.60282E-05
 -1       677 2.00897E-05-1.41922E-05 6.71689E-07-4.69942E-05 1.75305E-05 1.98581E-05
 -1       678-8.85971E-05 5.21059E-06 4.95071E-05-2.26148E-05-3.01943E-05-9.99152E-05
 -1       679-4.55463E-05 7.10205E-06 9.51235E-06 2.80924E-06-6.48788E-06-1.12719E-06
 -1       680 4.95333E-05 1.10508E-06 6.55015E-05 4.63120E-05 3.84996E-05-4.06778E-05
 -1       681-1.63468E-05-2.34362E-05 4.64410E-05-1.32445E-05 6.97717E-06-9.94732E-06
 -1       682-3.37261E-05-2.47342E-05 2.22823E-05-5.62775E-05 2.36531E-05-1.26122E-05
 -1       683-4.18982E-05-4.27924E-05 7.35558E-05-5.12540E-05-9.51655E-06-9.28063E-06
 -1       684-1.24895E-05-3.17917E-05 7.34069E-05-6.19168E-05-1.90391E-07-5.37996E-05
 -1       685 4.00393E-05-3.53231E-05 2.34417E-05 1.02700E-05 5.27481E-05 2.07824E-06
 -1       686 2.16868E-05 3.01386E-06-1.88278E-05-5.31905E-05 1.11374E-05 1.35719E-05
 -1       687 9.45723E-06-1.47949E-06-3.35240E-05-1.33078E-05 5.66619E-05 6.48559E-05
 -1       688-3.52707E-05-6.66313E-06 5.99990E-05-3.46747E-05 1.02869E-05-9.06257E-06
 -1       689 3.37797E-05-2.18445E-05 1.44455E-05-3.54180E-05 2.42488E-05 2.40031E-05
 -1       690 1.46933E-04-7.96298E-05-5.33215E-05-1.02277E-04-3.64735E-05-1.76566E-05
 -1       691 1.01755E-05-8.84860E-06-2.58032E-05-5.98215E-05-1.75653E-05-1.59776E-05
 -1       692 1.66746E-04-1.73909E-05-5.17458E-05-8.18276E-05-2.85793E-05-7.73213E-05
 -1       693 6.65150E-06-1.33079E-05 1.79772E-05-5.77422E-05 1.34971E-05-1.15731E-05
 -1       694 7.66718E-05 1.09114E-05-9.49890E-06-2.76788E-05-1.26357E-05 4.38543E-05
 -1       695 6.83047E-05-2.32641E-05-6.68882E-05-1.78632E-05-1.09039E-05-5.71021E-05
 -1       696-1.38253E-05-7.83690E-07 1.93552E-05-3.23206E-05 3.65972E-05-4.68909E-05
 -1       697-2.63465E-06-1.27182E-05-9.63167E-06-4.08137E-05-2.68552E-05-4.26158E-05
 -1       698 9.14453E-05-1.59087E-05-2.48585E-05-3.35034E-05 3.08541E-05-2.41182E-05
 -1       699-3.46259E-05-3.25833E-06-1.46822E-05-3.94964E-05 7.99835E-06-5.08819E-05
 -1       700 1.21956E-04-4.70460E-05-1.77818E-05-2.56180E-05-4.61397E-05-5.15705E-05
 -1       701-7.56489E-05-4.28614E-07 5.32758E-06-5.77044E-05-5.81050E-05 5.88736E-06
 -1       702-1.02162E-04-2.80784E-05 1.11535E-04-4.45284E-06-8.00444E-06-8.42164E-06
 -1       703-1.88766E-05 8.03526E-06-7.30346E-06 5.02470E-07 9.68473E-06-7.06180E-05
 -1       704 3.67374E-05 3.61494E-05-1.26097E-04-3.34446E-07 9.85136E-06-1.98681E-05
 -1       705-1.06715E-05-9.41788E-06 3.35171E-05-2.47828E-08 1.06060E-05 2.33617E-05
 -1       706-5.08158E-06-3.31070E-06 1.52394E-05-2.66303E-07 3.01505E-07 1.33655E-06
 -1       707-4.70516E-05-4.59800E-05 1.56201E-04-5.95163E-07-1.08170E-05 1.91099E-05
 -1       708 1.33079E-06 4.45183E-07-3.51052E-06-2.09317E-06-8.80807E-06-2.37500E-05
 -1       709 7.67131E-07-2.52799E-07-1.46601E-07-3.17714E-07-4.01775E-07 1.31514E-06
 -1       710 5.35777E-06-1.53600E-06-1.81422E-06 1.63909E-06-3.59766E-07 4.89866E-07
 -1       711 1.16583E-05-6.84522E-07-2.86762E-06 1.22275E-05-3.05890E-07 3.97953E-06
 -1       712 9.53146E-06-1.74500E-06-2.99033E-06 3.01419E-06-1.76254E-06 2.27356E-06
 -1       713 1.50634E-05-5.88410E-06 6.13532E-07 6.42367E-06 9.88135E-07 1.15992E-05
 -1       714 2.74974E-05-1.33511E-05 6.67221E-06 1.31129E-05 4.25284E-06 2.64857E-05
 -1       715 2.31547E-05-5.71571E-06-2.51028E-06 4.26702E-06 6.70938E-07 1.25905E-05
 -1       716 3.61686E-06-9.91811E-07-1.94620E-06 1.45000E-06-1.99488E-08 6.88234E-07
 -1       717 6.84039E-06-3.60886E-06 2.98729E-08 2.43907E-06 1.34503E-06 4.60173E-06
 -1       718 4.05237E-06-1.06784E-06-3.23426E-06 2.53569E-06 5.78858E-07-1.93666E-06
 -1       719 8.78125E-06-3.89572E-06 1.63643E-07 2.59030E-06 6.93315E-07 7.32571E-06
 -1       720 4.98013E-06-1.05159E-06-7.47732E-07 1.73398E-07-1.13472E-06 2.86726E-06
 -1       721 1.83765E-06 6.66817E-07-2.41902E-06-4.40577E-08 2.88704E-07-2.18538E-06
 -1       722 1.43000E-06-3.82849E-07-5.76033E-07 1.02434E-07-5.20422E-07 1.45823E-06
 -1       723 1.25295E-06-4.25695E-07-3.22930E-07 1.70176E-07-3.78807E-07 2.38727E-07
 -1       724-2.07110E-07-6.24932E-09 2.87764E-08 5.50878E-08-2.53577E-07 1.30175E-06
 -1       725 2.48029E-06-8.04704E-07-3.96767E-07-5.37801E-08-4.18102E-07 2.48215E-07
 -1       726-8.95428E-08 1.91081E-07-4.02875E-07-4.52922E-08-5.10872E-07 2.27385E-06
 -1       727 3.62000E-06-1.11173E-06-4.01972E-07 6.92943E-07 3.56992E-07 1.61249E-06
 -1       728-1.50983E-06 1.92680E-06-2.14164E-06-5.82197E-08-7.26892E-07-4.98892E-06
 -1       729 1.62517E-05-4.62008E-07-6.44345E-06 4.05197E-06 2.48761E-06 1.05555E-05
 -1       730 6.64455E-06 4.16989E-06-7.11429E-06 1.18618E-05 8.71066E-07 2.11211E-06
 -1       731-1.73185E-06 8.30546E-07 9.94616E-07-3.72909E-06-4.46722E-06-4.33122E-06
 -1       732 5.71929E-06-2.00775E-06-1.57237E-06-1.63265E-06-1.59042E-06 1.16800E-06
 -1       733 2.47356E-06-6.02112E-07-1.25506E-06-1.72628E-07 8.49976E-08 3.03044E-06
 -1       734 4.05378E-06-2.39891E-06 1.39017E-07 9.85060E-07 1.11153E-06 4.28491E-06
 -1       735 2.42856E-06-2.95176E-07-2.26292E-06 3.83405E-07 5.73972E-07 3.97858E-06
 -1       736 7.33884E-07-2.27601E-07-2.52926E-07-4.47354E-07 1.70149E-07 1.52428E-06
 -1       737 1.27186E-06-4.11479E-07-2.72996E-07-4.68544E-07-2.64357E-07 1.47727E-06
 -1       738 1.70444E-06-4.01987E-07-8.79440E-07-3.63045E-07 8.79129E-07 2.99868E-06
 -1       739 3.11920E-06-1.61736E-07-3.11188E-06 2.53357E-07 7.27624E-07 3.41131E-06
 -1       740-1.12941E-06-3.53144E-08 2.28437E-06 6.74552E-07 7.00830E-08 3.69313E-06
 -1       741-2.41871E-07-4.69129E-07 1.37143E-06 7.72693E-07 3.08232E-07 1.44119E-06
 -1       742-9.98258E-07-8.26395E-07 2.94907E-06 6.95916E-07 4.20512E-07 2.64880E-06
 -1       743 5.69522E-07 1.19521E-07-6.94370E-07-2.76710E-07 2.79508E-07 1.14660E-06
 -1       744 1.31137E-05-7.55418E-06 7.70010E-06 8.02580E-06 5.01495E-06 2.84663E-05
 -1       745-1.31123E-06-1.00434E-07 2.10637E-06-2.09671E-06 3.21417E-06 5.78883E-06
 -1       746 2.03446E-06-1.43712E-06 4.60017E-06 1.77708E-06 6.02613E-06 7.39498E-06
 -1       747 2.16793E-07 5.39758E-07-3.36005E-06-1.05930E-06-7.72247E-07-2.20930E-08
 -1       748 5.24328E-06-2.52075E-07-2.93322E-06 1.40560E-06 1.27512E-06 3.85873E-06
 -1       749 1.50770E-06 3.29525E-08 1.05704E-07 3.18692E-07 7.33407E-07 4.21699E-06
 -1       750 8.58717E-07 6.59650E-09-3.12145E-07-3.21767E-07-3.97217E-07 1.47389E-06
 -1       751 4.52079E-06-1.85865E-07-4.85809E-06 2.89270E-06-1.06948E-06 8.52051E-06
 -1       752 3.65108E-06-9.34427E-07-1.56947E-06-2.61424E-08 8.42629E-07 4.77755E-06
 -1       753 1.54801E-06-9.59577E-08 1.71876E-07 9.70941E-08 7.34362E-08 2.79207E-06
 -1       754 1.02578E-06-7.65815E-07 1.00975E-06 1.12191E-06-3.64583E-07 5.46048E-06
 -1       755 1.63079E-06-6.25397E-07-3.72438E-07 4.03792E-07-1.90710E-07 4.50474E-07
 -1       756 4.07685E-07-1.12764E-07-1.68885E-07-4.02451E-07 1.67275E-07 7.97884E-07
 -1       757 2.84157E-06 1.61481E-06-6.76639E-06 5.28395E-07-8.26830E-07-1.23230E-06
 -1       758-6.07446E-07-9.81823E-07 2.43217E-06 4.51532E-07 5.17778E-07 1.69732E-06
 -1       759 1.23890E-06-5.11618E-07 2.84496E-08 6.54363E-07-3.50633E-07 3.24335E-06
 -1       760 1.12647E-06-6.75507E-07 3.24423E-07 7.30424E-07-6.65497E-08 2.02829E-06
 -1       761 1.55638E-06-7.71378E-07 3.18991E-07-2.27250E-08-1.51455E-07-5.81448E-07
 -1       762 8.14906E-07-9.27471E-07 1.20892E-06 7.12528E-07 2.73451E-07 2.26970E-06
 -1       763 1.63948E-06-8.23227E-08-1.49277E-06-2.02073E-07 2.65819E-07 2.41171E-06
 -1       764 7.62272E-06-2.45791E-06 1.87280E-07 4.69365E-06 1.86343E-06 1.13590E-05
 -1       765 2.82330E-06 2.28260E-07-3.23499E-06 3.71294E-07 8.17732E-07 1.82503E-06
 -1       766-1.92229E-08 5.49240E-07-9.72899E-07-5.47146E-07-2.12658E-07 2.96692E-06
 -1       767-1.63123E-06-2.60261E-06 5.86494E-06 1.00319E-06 9.89638E-07 4.55293E-06
 -1       768-1.80648E-06-2.33111E-07 5.32418E-06-1.73164E-06 1.86732E-06 1.93162E-06
 -1       769 9.28253E-07-4.62519E-07 6.35227E-08-2.17674E-07-2.20878E-07 4.99471E-07
 -1       770-2.84458E-06 1.73592E-07 5.75211E-06 1.34963E-06 1.08414E-06 5.18391E-06
 -1       771 8.05176E-07-1.04141E-06 3.98897E-06 5.39361E-06 2.56555E-06 1.09970E-05
 -1       772 2.82333E-06-1.06935E-07 4.69196E-06 6.77136E-06 6.36156E-06 1.72835E-05
 -1       773-9.40809E-06 1.53557E-06 1.33816E-05-2.22420E-06 2.71261E-06-1.68240E-07
 -1       774-3.99377E-06-3.69467E-06 1.18999E-05 2.06769E-06 3.93811E-06 6.20545E-06
 -1       775-2.17736E-06-1.90807E-06 5.22578E-06 1.43137E-06 1.62960E-06 2.83605E-06
 -1       776 5.75101E-07-3.75217E-06 8.71863E-06 4.56523E-06 3.00097E-06 1.31125E-05
 -1       777-7.60129E-06-5.25157E-06 2.00634E-05-3.35084E-06 3.66702E-06 1.88864E-05
 -1       778 2.21914E-06-7.98910E-07 2.79314E-07-4.51759E-07-2.49709E-07-2.28602E-08
 -1       779-5.30225E-08 9.75100E-08-3.94526E-07-2.02905E-07-1.84895E-07 1.68254E-06
 -1       780 2.40779E-06-7.11872E-07-6.37552E-07 6.43373E-07-7.13884E-07 2.03599E-06
 -1       781-1.12958E-07 1.07950E-08-4.15864E-07 2.19367E-07-7.29964E-07 4.11867E-06
 -1       782 6.39238E-07 6.88503E-08-1.58179E-06 1.85049E-06-1.65148E-06-3.55619E-06
 -3
    1PSTEP                         4           1           1          
  100CL  101 1.000000000         782                     0    1           1
 -4  ERROR       1    1
 -5  STR(%)      1    1    0    0
 -1         1 3.52725E+01
 -1         2 3.52725E+01
 -1         3 3.86281E+01
 -1         4 3.94111E+01
 -1         5 2.66920E+01
 -1         6 2.15510E+01
 -1         7 2.66920E+01
 -1         8 2.59526E+01
 -1         9 2.32496E+01
 -1        10 2.59938E+01
 -1        11 1.90283E+01
 -1        12 2.32496E+01
 -1        13 1.78670E+01
 -1        14 2.39598E+01
 -1        15 3.17274E+01
 -1        16 3.34741E+01
 -1        17 3.24974E+01
 -1        18 3.03560E+01
 -1        19 3.30455E+01
 -1        20 3.66667E+01
 -1        21 3.11476E+01
 -1        22 2.39027E+01
 -1        23 4.50752E+01
 -1        24 3.43545E+01
 -1        25 3.04133E+01
 -1        26 3.34999E+01
 -1        27 3.26007E+01
 -1        28 3.29857E+01
 -1        29 3.14267E+01
 -1        30 3.17008E+01
 -1        31 3.48561E+01
 -1        32 3.39072E+01
 -1        33 2.75252E+01
 -1        34 3.44890E+01
 -1        35 3.97148E+01
 -1        36 3.23839E+01
 -1        37 3.28429E+01
 -1        38 3.52725E+01
 -1        39 2.91475E+01
 -1        40 3.29698E+01
 -1        41 3.24974E+01
 -1        42 3.24974E+01
 -1        43 3.30455E+01
 -1        44 3.66667E+01
 -1        45 2.80690E+01
 -1        46 3.69517E+01
 -1        47 2.73066E+01
 -1        48 3.43545E+01
 -1        49 2.92136E+01
 -1        50 3.22100E+01
 -1        51 3.10587E+01
 -1        52 3.27336E+01
 -1        53 3.24974E+01
 -1        54 3.27715E+01
 -1        55 3.48561E+01
 -1        56 3.23678E+01
 -1        57 3.25103E+01
 -1        58 3.21292E+01
 -1        59 3.08306E+01
 -1        60 3.17841E+01
 -1        61 3.22431E+01
 -1        62 3.83193E+01
 -1        63 2.68743E+01
 -1        64 2.38479E+01
 -1        65 3.69157E+01
 -1        66 3.80587E+01
 -1        67 2.66180E+01
 -1        68 3.01999E+01
 -1        69 3.01999E+01
 -1        70 3.57696E+01
 -1        71 2.36655E+01
 -1        72 2.71638E+01
 -1        73 3.84737E+01
 -1        74 3.25968E+01
 -1        75 2.53611E+01
 -1        76 3.03818E+01
 -1        77 3.74872E+01
 -1        78 3.23383E+01
 -1        79 2.84090E+01
 -1        80 3.01999E+01
 -1        81 3.29848E+01
 -1        82 2.97176E+01
 -1        83 2.54147E+01
 -1        84 3.28959E+01
 -1        85 3.01765E+01
 -1        86 2.27010E+01
 -1        87 3.44818E+01
 -1        88 4.03766E+01
 -1        89 3.83408E+01
 -1        90 3.83408E+01
 -1        91 2.58037E+01
 -1        92 2.64371E+01
 -1        93 2.40509E+01
 -1        94 3.76543E+01
 -1        95 3.47628E+01
 -1        96 3.47938E+01
 -1        97 2.64387E+01
 -1        98 2.85914E+01
 -1        99 3.74292E+01
 -1       100 3.93587E+01
 -1       101 3.83408E+01
 -1       102 3.20723E+01
 -1       103 2.61204E+01
 -1       104 2.52440E+01
 -1       105 3.08526E+01
 -1       106 3.62086E+01
 -1       107 3.70870E+01
 -1       108 3.94111E+01
 -1       109 3.78422E+01
 -1       110 3.94111E+01
 -1       111 3.86266E+01
 -1       112 3.82351E+01
 -1       113 2.41215E+01
 -1       114 2.66920E+01
 -1       115 2.63223E+01
 -1       116 2.37518E+01
 -1       117 2.46217E+01
 -1       118 2.11390E+01
 -1       119 2.11390E+01
 -1       120 2.46217E+01
 -1       121 2.37724E+01
 -1       122 2.49708E+01
 -1       123 2.46011E+01
 -1       124 2.28602E+01
 -1       125 2.66082E+01
 -1       126 3.18733E+01
 -1       127 2.93357E+01
 -1       128 2.80512E+01
 -1       129 3.01590E+01
 -1       130 2.84651E+01
 -1       131 2.67325E+01
 -1       132 2.98370E+01
 -1       133 2.99164E+01
 -1       134 2.84092E+01
 -1       135 2.10610E+01
 -1       136 2.22376E+01
 -1       137 2.92408E+01
 -1       138 3.06045E+01
 -1       139 2.86935E+01
 -1       140 2.91051E+01
 -1       141 2.93121E+01
 -1       142 2.75988E+01
 -1       143 2.82847E+01
 -1       144 2.98767E+01
 -1       145 2.91628E+01
 -1       146 2.47351E+01
 -1       147 1.94640E+01
 -1       148 2.09134E+01
 -1       149 2.66082E+01
 -1       150 3.18733E+01
 -1       151 2.93357E+01
 -1       152 2.20671E+01
 -1       153 3.01590E+01
 -1       154 2.78638E+01
 -1       155 2.67325E+01
 -1       156 2.99164E+01
 -1       157 2.99164E+01
 -1       158 2.84092E+01
 -1       159 2.10610E+01
 -1       160 2.52840E+01
 -1       161 2.92408E+01
 -1       162 3.06045E+01
 -1       163 2.57014E+01
 -1       164 2.61130E+01
 -1       165 2.90114E+01
 -1       166 2.72982E+01
 -1       167 2.83244E+01
 -1       168 2.99164E+01
 -1       169 2.91628E+01
 -1       170 2.47351E+01
 -1       171 2.25104E+01
 -1       172 3.34999E+01
 -1       173 3.28429E+01
 -1       174 3.04375E+01
 -1       175 2.98135E+01
 -1       176 3.13108E+01
 -1       177 3.29857E+01
 -1       178 3.24974E+01
 -1       179 3.32219E+01
 -1       180 3.24974E+01
 -1       181 3.14267E+01
 -1       182 3.27715E+01
 -1       183 3.30455E+01
 -1       184 3.48561E+01
 -1       185 3.39072E+01
 -1       186 3.66667E+01
 -1       187 3.40496E+01
 -1       188 3.04272E+01
 -1       189 2.96083E+01
 -1       190 4.10135E+01
 -1       191 3.97148E+01
 -1       192 3.43545E+01
 -1       193 3.61909E+01
 -1       194 3.23839E+01
 -1       195 3.86281E+01
 -1       196 3.80587E+01
 -1       197 3.42186E+01
 -1       198 3.68908E+01
 -1       199 4.50752E+01
 -1       200 4.50752E+01
 -1       201 3.69517E+01
 -1       202 3.80587E+01
 -1       203 3.52165E+01
 -1       204 3.66667E+01
 -1       205 3.14521E+01
 -1       206 3.52165E+01
 -1       207 3.51777E+01
 -1       208 3.69503E+01
 -1       209 3.47455E+01
 -1       210 3.23159E+01
 -1       211 3.64233E+01
 -1       212 3.86281E+01
 -1       213 3.84737E+01
 -1       214 3.06912E+01
 -1       215 3.64233E+01
 -1       216 3.24631E+01
 -1       217 3.15897E+01
 -1       218 3.50401E+01
 -1       219 3.38569E+01
 -1       220 3.43453E+01
 -1       221 3.33343E+01
 -1       222 3.27862E+01
 -1       223 3.38569E+01
 -1       224 3.52165E+01
 -1       225 3.55521E+01
 -1       226 3.42073E+01
 -1       227 3.66376E+01
 -1       228 3.73627E+01
 -1       229 3.55521E+01
 -1       230 3.80587E+01
 -1       231 3.39072E+01
 -1       232 3.66667E+01
 -1       233 3.73627E+01
 -1       234 3.04272E+01
 -1       235 3.40496E+01
 -1       236 3.68092E+01
 -1       237 4.50752E+01
 -1       238 3.44890E+01
 -1       239 4.10135E+01
 -1       240 3.97148E+01
 -1       241 4.50752E+01
 -1       242 4.50752E+01
 -1       243 3.36521E+01
 -1       244 3.56227E+01
 -1       245 4.09830E+01
 -1       246 3.55547E+01
 -1       247 3.48857E+01
 -1       248 2.91632E+01
 -1       249 3.10454E+01
 -1       250 2.95322E+01
 -1       251 2.95322E+01
 -1       252 3.60661E+01
 -1       253 3.74872E+01
 -1       254 3.80587E+01
 -1       255 3.80587E+01
 -1       256 3.23383E+01
 -1       257 3.16424E+01
 -1       258 3.34333E+01
 -1       259 3.35758E+01
 -1       260 3.35758E+01
 -1       261 3.76376E+01
 -1       262 4.04224E+01
 -1       263 4.04224E+01
 -1       264 3.43704E+01
 -1       265 3.02782E+01
 -1       266 3.20273E+01
 -1       267 3.53817E+01
 -1       268 3.31600E+01
 -1       269 3.53817E+01
 -1       270 3.76543E+01
 -1       271 4.31825E+01
 -1       272 4.50752E+01
 -1       273 4.31825E+01
 -1       274 3.83408E+01
 -1       275 4.03766E+01
 -1       276 3.11476E+01
 -1       277 2.58692E+01
 -1       278 3.52165E+01
 -1       279 3.53271E+01
 -1       280 3.22646E+01
 -1       281 3.22977E+01
 -1       282 3.53271E+01
 -1       283 3.53817E+01
 -1       284 3.27791E+01
 -1       285 3.73964E+01
 -1       286 3.73964E+01
 -1       287 3.50723E+01
 -1       288 2.75083E+01
 -1       289 2.94195E+01
 -1       290 3.06254E+01
 -1       291 3.40931E+01
 -1       292 3.38569E+01
 -1       293 3.05428E+01
 -1       294 3.64370E+01
 -1       295 3.64370E+01
 -1       296 3.77965E+01
 -1       297 3.28287E+01
 -1       298 3.31028E+01
 -1       299 3.67683E+01
 -1       300 3.56932E+01
 -1       301 3.75038E+01
 -1       302 3.57504E+01
 -1       303 3.39072E+01
 -1       304 2.96083E+01
 -1       305 3.47442E+01
 -1       306 3.56257E+01
 -1       307 4.00671E+01
 -1       308 3.71651E+01
 -1       309 4.00671E+01
 -1       310 3.52446E+01
 -1       311 4.31825E+01
 -1       312 3.61909E+01
 -1       313 3.97148E+01
 -1       314 4.41289E+01
 -1       315 3.60044E+01
 -1       316 3.34340E+01
 -1       317 4.13648E+01
 -1       318 3.65180E+01
 -1       319 2.42851E+01
 -1       320 2.80228E+01
 -1       321 3.48491E+01
 -1       322 2.89587E+01
 -1       323 4.03766E+01
 -1       324 3.74292E+01
 -1       325 3.57504E+01
 -1       326 3.67683E+01
 -1       327 3.83408E+01
 -1       328 3.83408E+01
 -1       329 2.84756E+01
 -1       330 3.47442E+01
 -1       331 3.48098E+01
 -1       332 3.44931E+01
 -1       333 3.36167E+01
 -1       334 3.48098E+01
 -1       335 4.13648E+01
 -1       336 3.45631E+01
 -1       337 3.62086E+01
 -1       338 3.76543E+01
 -1       339 3.57696E+01
 -1       340 3.76543E+01
 -1       341 3.18551E+01
 -1       342 3.44818E+01
 -1       343 4.31825E+01
 -1       344 3.01999E+01
 -1       345 2.71638E+01
 -1       346 3.47628E+01
 -1       347 3.40690E+01
 -1       348 3.86281E+01
 -1       349 3.94111E+01
 -1       350 3.78422E+01
 -1       351 3.19554E+01
 -1       352 3.83408E+01
 -1       353 4.03766E+01
 -1       354 4.03766E+01
 -1       355 3.86281E+01
 -1       356 3.84737E+01
 -1       357 3.28959E+01
 -1       358 2.71638E+01
 -1       359 3.25030E+01
 -1       360 3.82351E+01
 -1       361 3.94111E+01
 -1       362 3.47938E+01
 -1       363 3.86266E+01
 -1       364 3.63025E+01
 -1       365 3.94111E+01
 -1       366 3.86266E+01
 -1       367 3.50872E+01
 -1       368 2.93647E+01
 -1       369 3.29620E+01
 -1       370 3.61942E+01
 -1       371 3.63485E+01
 -1       372 3.06780E+01
 -1       373 2.91648E+01
 -1       374 3.31684E+01
 -1       375 3.21122E+01
 -1       376 3.86461E+01
 -1       377 3.74292E+01
 -1       378 3.86461E+01
 -1       379 3.92176E+01
 -1       380 4.03766E+01
 -1       381 3.81997E+01
 -1       382 3.24794E+01
 -1       383 3.93587E+01
 -1       384 3.10777E+01
 -1       385 2.92867E+01
 -1       386 3.51481E+01
 -1       387 3.01999E+01
 -1       388 3.01999E+01
 -1       389 3.10777E+01
 -1       390 3.66912E+01
 -1       391 3.94761E+01
 -1       392 3.66912E+01
 -1       393 3.57696E+01
 -1       394 2.97176E+01
 -1       395 3.94761E+01
 -1       396 3.06599E+01
 -1       397 3.24091E+01
 -1       398 3.67120E+01
 -1       399 3.62086E+01
 -1       400 3.09633E+01
 -1       401 3.09633E+01
 -1       402 2.72780E+01
 -1       403 3.10158E+01
 -1       404 3.21228E+01
 -1       405 3.67401E+01
 -1       406 3.44818E+01
 -1       407 2.85914E+01
 -1       408 4.03766E+01
 -1       409 3.74292E+01
 -1       410 3.93587E+01
 -1       411 4.03766E+01
 -1       412 3.83408E+01
 -1       413 3.83408E+01
 -1       414 3.51481E+01
 -1       415 2.88796E+01
 -1       416 2.83185E+01
 -1       417 2.80018E+01
 -1       418 3.36167E+01
 -1       419 3.48098E+01
 -1       420 3.67120E+01
 -1       421 2.99103E+01
 -1       422 3.62086E+01
 -1       423 3.76543E+01
 -1       424 3.47628E+01
 -1       425 3.63025E+01
 -1       426 3.86266E+01
 -1       427 3.78422E+01
 -1       428 3.63025E+01
 -1       429 3.59556E+01
 -1       430 2.63223E+01
 -1       431 2.32496E+01
 -1       432 2.63429E+01
 -1       433 2.49708E+01
 -1       434 3.22972E+01
 -1       435 2.63223E+01
 -1       436 2.41215E+01
 -1       437 2.63429E+01
 -1       438 2.49708E+01
 -1       439 2.66920E+01
 -1       440 2.66920E+01
 -1       441 2.66920E+01
 -1       442 2.49708E+01
 -1       443 2.28602E+01
 -1       444 2.52840E+01
 -1       445 2.25104E+01
 -1       446 2.66082E+01
 -1       447 2.10610E+01
 -1       448 2.92408E+01
 -1       449 3.18733E+01
 -1       450 3.06045E+01
 -1       451 2.93357E+01
 -1       452 2.86935E+01
 -1       453 2.61130E+01
 -1       454 2.50592E+01
 -1       455 2.90114E+01
 -1       456 2.81645E+01
 -1       457 3.01590E+01
 -1       458 2.72982E+01
 -1       459 2.67325E+01
 -1       460 2.82847E+01
 -1       461 2.98767E+01
 -1       462 2.99164E+01
 -1       463 2.91628E+01
 -1       464 2.84092E+01
 -1       465 2.99164E+01
 -1       466 2.47351E+01
 -1       467 3.20038E+01
 -1       468 4.04590E+01
 -1       469 2.98370E+01
 -1       470 3.01590E+01
 -1       471 3.25906E+01
 -1       472 4.04590E+01
 -1       473 2.84651E+01
 -1       474 2.66082E+01
 -1       475 2.64890E+01
 -1       476 2.17210E+01
 -1       477 2.53489E+01
 -1       478 2.66082E+01
 -1       479 2.22376E+01
 -1       480 2.91630E+01
 -1       481 3.07600E+01
 -1       482 3.35336E+01
 -1       483 3.61661E+01
 -1       484 3.35336E+01
 -1       485 3.35336E+01
 -1       486 2.55284E+01
 -1       487 2.67972E+01
 -1       488 3.10900E+01
 -1       489 3.03209E+01
 -1       490 3.09632E+01
 -1       491 2.71558E+01
 -1       492 2.77540E+01
 -1       493 2.67001E+01
 -1       494 2.89698E+01
 -1       495 2.93121E+01
 -1       496 3.01590E+01
 -1       497 2.77540E+01
 -1       498 2.75988E+01
 -1       499 2.84651E+01
 -1       500 2.93121E+01
 -1       501 2.91510E+01
 -1       502 2.98767E+01
 -1       503 2.98370E+01
 -1       504 2.91510E+01
 -1       505 2.91231E+01
 -1       506 2.37750E+01
 -1       507 2.74491E+01
 -1       508 2.81630E+01
 -1       509 3.34740E+01
 -1       510 3.09204E+01
 -1       511 3.51480E+01
 -1       512 3.62314E+01
 -1       513 4.04590E+01
 -1       514 3.62314E+01
 -1       515 3.02345E+01
 -1       516 3.22972E+01
 -1       517 3.13748E+01
 -1       518 3.10814E+01
 -1       519 3.65248E+01
 -1       520 3.25906E+01
 -1       521 4.04590E+01
 -1       522 2.99164E+01
 -1       523 2.84651E+01
 -1       524 2.80512E+01
 -1       525 3.25906E+01
 -1       526 2.65463E+01
 -1       527 2.26067E+01
 -1       528 1.98900E+01
 -1       529 3.18733E+01
 -1       530 2.20671E+01
 -1       531 2.32832E+01
 -1       532 2.46075E+01
 -1       533 3.07600E+01
 -1       534 3.22094E+01
 -1       535 3.15328E+01
 -1       536 2.95994E+01
 -1       537 3.22320E+01
 -1       538 2.75987E+01
 -1       539 3.18733E+01
 -1       540 3.06045E+01
 -1       541 3.22320E+01
 -1       542 2.86935E+01
 -1       543 2.50592E+01
 -1       544 2.99623E+01
 -1       545 2.20671E+01
 -1       546 2.61130E+01
 -1       547 2.50592E+01
 -1       548 2.93121E+01
 -1       549 2.81645E+01
 -1       550 2.52661E+01
 -1       551 2.72051E+01
 -1       552 2.66394E+01
 -1       553 2.75057E+01
 -1       554 2.82313E+01
 -1       555 2.99164E+01
 -1       556 2.99164E+01
 -1       557 2.82313E+01
 -1       558 2.91628E+01
 -1       559 2.41496E+01
 -1       560 2.04755E+01
 -1       561 2.49032E+01
 -1       562 3.01745E+01
 -1       563 3.65248E+01
 -1       564 3.51877E+01
 -1       565 3.12535E+01
 -1       566 3.25906E+01
 -1       567 3.65248E+01
 -1       568 2.95685E+01
 -1       569 3.05279E+01
 -1       570 2.82582E+01
 -1       571 3.03209E+01
 -1       572 3.03209E+01
 -1       573 3.52165E+01
 -1       574 3.41341E+01
 -1       575 3.94111E+01
 -1       576 3.40931E+01
 -1       577 3.38569E+01
 -1       578 3.43453E+01
 -1       579 3.38569E+01
 -1       580 3.81997E+01
 -1       581 3.92176E+01
 -1       582 3.57504E+01
 -1       583 3.67683E+01
 -1       584 3.56093E+01
 -1       585 3.50070E+01
 -1       586 3.81997E+01
 -1       587 3.51481E+01
 -1       588 3.83408E+01
 -1       589 3.81997E+01
 -1       590 3.66912E+01
 -1       591 4.00671E+01
 -1       592 3.35758E+01
 -1       593 3.44536E+01
 -1       594 3.75690E+01
 -1       595 3.77965E+01
 -1       596 3.48491E+01
 -1       597 3.74292E+01
 -1       598 3.77965E+01
 -1       599 4.03766E+01
 -1       600 4.13648E+01
 -1       601 4.04224E+01
 -1       602 4.04224E+01
 -1       603 4.50752E+01
 -1       604 4.13648E+01
 -1       605 3.58268E+01
 -1       606 3.44907E+01
 -1       607 3.48001E+01
 -1       608 3.50723E+01
 -1       609 3.61363E+01
 -1       610 3.81997E+01
 -1       611 3.62086E+01
 -1       612 3.72726E+01
 -1       613 3.52165E+01
 -1       614 3.48491E+01
 -1       615 3.99246E+01
 -1       616 3.43111E+01
 -1       617 3.15515E+01
 -1       618 3.46031E+01
 -1       619 3.72726E+01
 -1       620 4.09830E+01
 -1       621 3.76543E+01
 -1       622 3.48491E+01
 -1       623 3.52165E+01
 -1       624 3.39072E+01
 -1       625 3.86266E+01
 -1       626 3.94111E+01
 -1       627 3.86266E+01
 -1       628 3.06912E+01
 -1       629 3.60304E+01
 -1       630 3.70870E+01
 -1       631 4.41289E+01
 -1       632 3.61909E+01
 -1       633 4.50752E+01
 -1       634 3.53271E+01
 -1       635 3.68148E+01
 -1       636 3.73964E+01
 -1       637 3.73418E+01
 -1       638 3.77965E+01
 -1       639 4.03766E+01
 -1       640 4.31825E+01
 -1       641 4.00671E+01
 -1       642 3.30522E+01
 -1       643 3.97148E+01
 -1       644 3.66119E+01
 -1       645 4.41289E+01
 -1       646 4.41289E+01
 -1       647 3.86281E+01
 -1       648 3.63485E+01
 -1       649 3.35358E+01
 -1       650 3.29946E+01
 -1       651 3.46753E+01
 -1       652 3.43079E+01
 -1       653 3.35358E+01
 -1       654 3.46753E+01
 -1       655 4.10135E+01
 -1       656 3.28975E+01
 -1       657 3.56227E+01
 -1       658 4.50752E+01
 -1       659 3.67726E+01
 -1       660 3.41016E+01
 -1       661 3.21553E+01
 -1       662 3.92176E+01
 -1       663 3.52780E+01
 -1       664 3.55521E+01
 -1       665 4.41289E+01
 -1       666 4.31825E+01
 -1       667 4.41289E+01
 -1       668 3.55521E+01
 -1       669 3.69517E+01
 -1       670 3.38569E+01
 -1       671 3.73627E+01
 -1       672 3.71651E+01
 -1       673 3.11476E+01
 -1       674 3.66667E+01
 -1       675 3.52165E+01
 -1       676 3.52165E+01
 -1       677 3.46753E+01
 -1       678 2.88621E+01
 -1       679 3.73418E+01
 -1       680 3.16536E+01
 -1       681 3.64370E+01
 -1       682 3.73964E+01
 -1       683 3.47579E+01
 -1       684 3.00016E+01
 -1       685 3.27931E+01
 -1       686 3.27605E+01
 -1       687 3.38041E+01
 -1       688 3.16408E+01
 -1       689 3.35519E+01
 -1       690 3.90196E+01
 -1       691 3.90196E+01
 -1       692 3.67401E+01
 -1       693 3.55692E+01
 -1       694 3.90196E+01
 -1       695 3.94111E+01
 -1       696 3.29307E+01
 -1       697 3.42793E+01
 -1       698 3.63811E+01
 -1       699 3.67726E+01
 -1       700 3.73964E+01
 -1       701 3.94111E+01
 -1       702 3.77965E+01
 -1       703 3.52165E+01
 -1       704 2.66920E+01
 -1       705 2.66920E+01
 -1       706 2.66920E+01
 -1       707 2.49708E+01
 -1       708 2.63429E+01
 -1       709 4.04590E+01
 -1       710 3.01590E+01
 -1       711 2.84651E+01
 -1       712 2.81645E+01
 -1       713 2.84651E+01
 -1       714 2.75057E+01
 -1       715 2.75988E+01
 -1       716 3.01590E+01
 -1       717 2.93121E+01
 -1       718 3.01590E+01
 -1       719 2.93121E+01
 -1       720 3.01590E+01
 -1       721 3.01590E+01
 -1       722 2.46075E+01
 -1       723 2.66082E+01
 -1       724 3.35336E+01
 -1       725 3.35336E+01
 -1       726 3.15328E+01
 -1       727 2.84651E+01
 -1       728 2.93121E+01
 -1       729 2.75988E+01
 -1       730 2.84651E+01
 -1       731 2.75988E+01
 -1       732 2.90114E+01
 -1       733 2.77540E+01
 -1       734 2.69070E+01
 -1       735 2.37080E+01
 -1       736 2.67972E+01
 -1       737 3.61661E+01
 -1       738 3.22320E+01
 -1       739 2.67001E+01
 -1       740 3.34740E+01
 -1       741 2.37750E+01
 -1       742 2.31895E+01
 -1       743 3.06045E+01
 -1       744 2.75057E+01
 -1       745 3.25906E+01
 -1       746 3.13748E+01
 -1       747 3.65248E+01
 -1       748 2.91051E+01
 -1       749 3.25906E+01
 -1       750 3.65248E+01
 -1       751 3.65248E+01
 -1       752 3.03209E+01
 -1       753 4.04590E+01
 -1       754 4.04590E+01
 -1       755 2.52840E+01
 -1       756 3.18733E+01
 -1       757 2.37080E+01
 -1       758 2.74491E+01
 -1       759 3.15328E+01
 -1       760 3.22094E+01
 -1       761 3.35336E+01
 -1       762 3.07600E+01
 -1       763 2.86935E+01
 -1       764 2.84651E+01
 -1       765 2.80512E+01
 -1       766 3.65248E+01
 -1       767 2.82027E+01
 -1       768 2.99164E+01
 -1       769 3.61661E+01
 -1       770 3.51480E+01
 -1       771 3.12138E+01
 -1       772 3.05279E+01
 -1       773 2.98767E+01
 -1       774 2.98767E+01
 -1       775 2.91628E+01
 -1       776 2.91907E+01
 -1       777 2.81916E+01
 -1       778 4.04590E+01
 -1       779 3.61661E+01
 -1       780 4.04590E+01
 -1       781 4.04590E+01
 -1       782 2.84651E+01
 -3
 9999
