    1C
    1UUSER                                                              
    1UDATE              23.september.2026                               
    1UTIME              14:42:46                                        
    1UHOST                                                              
    1UPGM               CalculiX                                        
    1UVERSION           Version 2.18                             
    1UCOMPILETIME       Thu Oct 14 16:21:20 EEST 2021                    
    1UDIR                                                               
    1UDBN                                                               
    1UMAT    1FEMPART002_MATERIAL                                       
    2C                           817                                     1
 -1         1-5.00000E-15 5.00000E+00 2.12000E+02
 -1         2-5.00000E-15-5.00000E+00 2.12000E+02
 -1         3-5.00000E+00-3.00000E+00 1.72635E+02
 -1         4-5.00000E+00 3.00000E+00 1.72635E+02
 -1         5 5.00000E+00 3.00000E+00 1.72635E+02
 -1         6 5.00000E+00-3.00000E+00 1.72635E+02
 -1         7-2.00000E-15-5.00000E+00 2.00000E+02
 -1         8-2.00000E-15 5.00000E+00 2.00000E+02
 -1         9-5.00000E+00-3.00000E+00 7.55500E+01
 -1        10-5.00000E+00 3.00000E+00 7.55500E+01
 -1        11 5.00000E+00 3.00000E+00 7.55500E+01
 -1        12-6.86000E-15 3.00000E+00 7.60000E+01
 -1        13 5.00000E+00-3.00000E+00 7.55500E+01
 -1        14-6.86000E-15-3.00000E+00 7.60000E+01
 -1        15-7.00000E-15 5.00000E+00 7.60000E+01
 -1        16-7.00000E-15-5.00000E+00 7.60000E+01
 -1        17-4.90000E-15 0.00000E+00 2.12000E+02
 -1        18 1.00000E+01-5.00000E+00 2.09321E+02
 -1        19 1.73205E+01-5.00000E+00 2.02000E+02
 -1        20 2.00000E+01-5.00000E+00 1.92000E+02
 -1        21 1.73205E+01-5.00000E+00 1.82000E+02
 -1        22 1.00000E+01-5.00000E+00 1.74679E+02
 -1        23-1.13014E-13-5.00000E+00 1.72000E+02
 -1        24-1.00000E+01-5.00000E+00 1.74679E+02
 -1        25-1.73205E+01-5.00000E+00 1.82000E+02
 -1        26-2.00000E+01-5.00000E+00 1.92000E+02
 -1        27-1.73205E+01-5.00000E+00 2.02000E+02
 -1        28-1.00000E+01-5.00000E+00 2.09321E+02
 -1        29 5.17638E+00-5.00000E+00 2.11319E+02
 -1        30 1.41421E+01-5.00000E+00 2.06142E+02
 -1        31 1.93185E+01-5.00000E+00 1.97176E+02
 -1        32 1.93185E+01-5.00000E+00 1.86824E+02
 -1        33 1.41421E+01-5.00000E+00 1.77858E+02
 -1        34 5.17638E+00-5.00000E+00 1.72681E+02
 -1        35-5.17638E+00-5.00000E+00 1.72681E+02
 -1        36-1.41421E+01-5.00000E+00 1.77858E+02
 -1        37-1.93185E+01-5.00000E+00 1.86824E+02
 -1        38-1.93185E+01-5.00000E+00 1.97176E+02
 -1        39-1.41421E+01-5.00000E+00 2.06142E+02
 -1        40-5.17638E+00-5.00000E+00 2.11319E+02
 -1        41 1.00000E+01 5.00000E+00 2.09321E+02
 -1        42 1.73205E+01 5.00000E+00 2.02000E+02
 -1        43 2.00000E+01 5.00000E+00 1.92000E+02
 -1        44 1.73205E+01 5.00000E+00 1.82000E+02
 -1        45 1.00000E+01 5.00000E+00 1.74679E+02
 -1        46-1.13014E-13 5.00000E+00 1.72000E+02
 -1        47-1.00000E+01 5.00000E+00 1.74679E+02
 -1        48-1.73205E+01 5.00000E+00 1.82000E+02
 -1        49-2.00000E+01 5.00000E+00 1.92000E+02
 -1        50-1.73205E+01 5.00000E+00 2.02000E+02
 -1        51-1.00000E+01 5.00000E+00 2.09321E+02
 -1        52 5.17638E+00 5.00000E+00 2.11319E+02
 -1        53 1.41421E+01 5.00000E+00 2.06142E+02
 -1        54 1.93185E+01 5.00000E+00 1.97176E+02
 -1        55 1.93185E+01 5.00000E+00 1.86824E+02
 -1        56 1.41421E+01 5.00000E+00 1.77858E+02
 -1        57 5.17638E+00 5.00000E+00 1.72681E+02
 -1        58-5.17638E+00 5.00000E+00 1.72681E+02
 -1        59-1.41421E+01 5.00000E+00 1.77858E+02
 -1        60-1.93185E+01 5.00000E+00 1.86824E+02
 -1        61-1.93185E+01 5.00000E+00 1.97176E+02
 -1        62-1.41421E+01 5.00000E+00 2.06142E+02
 -1        63-5.17638E+00 5.00000E+00 2.11319E+02
 -1        64-5.00000E+00 0.00000E+00 1.72635E+02
 -1        65 6.46218E-14 3.00000E+00 1.72000E+02
 -1        66 5.00000E+00 0.00000E+00 1.72635E+02
 -1        67 6.46218E-14-3.00000E+00 1.72000E+02
 -1        68 4.00000E+00-5.00000E+00 1.98928E+02
 -1        69 6.92820E+00-5.00000E+00 1.96000E+02
 -1        70 8.00000E+00-5.00000E+00 1.92000E+02
 -1        71 6.92820E+00-5.00000E+00 1.88000E+02
 -1        72 4.00000E+00-5.00000E+00 1.85072E+02
 -1        73-4.52056E-14-5.00000E+00 1.84000E+02
 -1        74-4.00000E+00-5.00000E+00 1.85072E+02
 -1        75-6.92820E+00-5.00000E+00 1.88000E+02
 -1        76-8.00000E+00-5.00000E+00 1.92000E+02
 -1        77-6.92820E+00-5.00000E+00 1.96000E+02
 -1        78-4.00000E+00-5.00000E+00 1.98928E+02
 -1        79 2.07055E+00-5.00000E+00 1.99727E+02
 -1        80 5.65685E+00-5.00000E+00 1.97657E+02
 -1        81 7.72741E+00-5.00000E+00 1.94071E+02
 -1        82 7.72741E+00-5.00000E+00 1.89929E+02
 -1        83 5.65685E+00-5.00000E+00 1.86343E+02
 -1        84 2.07055E+00-5.00000E+00 1.84273E+02
 -1        85-2.07055E+00-5.00000E+00 1.84273E+02
 -1        86-5.65685E+00-5.00000E+00 1.86343E+02
 -1        87-7.72741E+00-5.00000E+00 1.89929E+02
 -1        88-7.72741E+00-5.00000E+00 1.94071E+02
 -1        89-5.65685E+00-5.00000E+00 1.97657E+02
 -1        90-2.07055E+00-5.00000E+00 1.99727E+02
 -1        91 4.00000E+00 5.00000E+00 1.98928E+02
 -1        92 6.92820E+00 5.00000E+00 1.96000E+02
 -1        93 8.00000E+00 5.00000E+00 1.92000E+02
 -1        94 6.92820E+00 5.00000E+00 1.88000E+02
 -1        95 4.00000E+00 5.00000E+00 1.85072E+02
 -1        96-4.52056E-14 5.00000E+00 1.84000E+02
 -1        97-4.00000E+00 5.00000E+00 1.85072E+02
 -1        98-6.92820E+00 5.00000E+00 1.88000E+02
 -1        99-8.00000E+00 5.00000E+00 1.92000E+02
 -1       100-6.92820E+00 5.00000E+00 1.96000E+02
 -1       101-4.00000E+00 5.00000E+00 1.98928E+02
 -1       102 2.07055E+00 5.00000E+00 1.99727E+02
 -1       103 5.65685E+00 5.00000E+00 1.97657E+02
 -1       104 7.72741E+00 5.00000E+00 1.94071E+02
 -1       105 7.72741E+00 5.00000E+00 1.89929E+02
 -1       106 5.65685E+00 5.00000E+00 1.86343E+02
 -1       107 2.07055E+00 5.00000E+00 1.84273E+02
 -1       108-2.07055E+00 5.00000E+00 1.84273E+02
 -1       109-5.65685E+00 5.00000E+00 1.86343E+02
 -1       110-7.72741E+00 5.00000E+00 1.89929E+02
 -1       111-7.72741E+00 5.00000E+00 1.94071E+02
 -1       112-5.65685E+00 5.00000E+00 1.97657E+02
 -1       113-2.07055E+00 5.00000E+00 1.99727E+02
 -1       114-5.00000E+00-3.00000E+00 1.42515E+02
 -1       115-5.00000E+00-3.00000E+00 1.09032E+02
 -1       116-5.00000E+00-3.00000E+00 1.57575E+02
 -1       117-5.00000E+00 3.00000E+00 1.42515E+02
 -1       118-5.00000E+00 3.00000E+00 1.09032E+02
 -1       119-5.00000E+00 3.00000E+00 1.57575E+02
 -1       120-5.00000E+00 0.00000E+00 7.55500E+01
 -1       121 5.00000E+00 3.00000E+00 1.42515E+02
 -1       122 5.00000E+00 3.00000E+00 1.09032E+02
 -1       123 5.00000E+00 3.00000E+00 1.57575E+02
 -1       124-2.51011E+00 3.00000E+00 7.58873E+01
 -1       125 2.51011E+00 3.00000E+00 7.58873E+01
 -1       126 5.00000E+00-3.00000E+00 1.42515E+02
 -1       127 5.00000E+00-3.00000E+00 1.09032E+02
 -1       128 5.00000E+00-3.00000E+00 1.57575E+02
 -1       129 5.00000E+00 0.00000E+00 7.55500E+01
 -1       130-2.51011E+00-3.00000E+00 7.58873E+01
 -1       131 2.51011E+00-3.00000E+00 7.58873E+01
 -1       132-1.96000E-15-1.66667E+00 2.00000E+02
 -1       133-1.96000E-15 1.66667E+00 2.00000E+02
 -1       134-1.96000E-15-3.33333E+00 2.00000E+02
 -1       135-1.96000E-15 8.88178E-16 2.00000E+02
 -1       136-1.96000E-15 3.33333E+00 2.00000E+02
 -1       137-6.86000E-15 4.00000E+00 7.60000E+01
 -1       138-6.86000E-15-4.00000E+00 7.60000E+01
 -1       139 1.40000E+01-5.00000E+00 7.22487E+01
 -1       140 2.42487E+01-5.00000E+00 6.20000E+01
 -1       141 2.80000E+01-5.00000E+00 4.80000E+01
 -1       142 2.42487E+01-5.00000E+00 3.40000E+01
 -1       143 1.40000E+01-5.00000E+00 2.37513E+01
 -1       144-1.70654E-13-5.00000E+00 2.00000E+01
 -1       145-1.40000E+01-5.00000E+00 2.37513E+01
 -1       146-2.42487E+01-5.00000E+00 3.40000E+01
 -1       147-2.80000E+01-5.00000E+00 4.80000E+01
 -1       148-2.42487E+01-5.00000E+00 6.20000E+01
 -1       149-1.40000E+01-5.00000E+00 7.22487E+01
 -1       150 7.24693E+00-5.00000E+00 7.50459E+01
 -1       151 1.97990E+01-5.00000E+00 6.77990E+01
 -1       152 2.70459E+01-5.00000E+00 5.52469E+01
 -1       153 2.70459E+01-5.00000E+00 4.07531E+01
 -1       154 1.97990E+01-5.00000E+00 2.82010E+01
 -1       155 7.24693E+00-5.00000E+00 2.09541E+01
 -1       156-7.24693E+00-5.00000E+00 2.09541E+01
 -1       157-1.97990E+01-5.00000E+00 2.82010E+01
 -1       158-2.70459E+01-5.00000E+00 4.07531E+01
 -1       159-2.70459E+01-5.00000E+00 5.52469E+01
 -1       160-1.97990E+01-5.00000E+00 6.77990E+01
 -1       161-7.24693E+00-5.00000E+00 7.50459E+01
 -1       162 1.40000E+01 5.00000E+00 7.22487E+01
 -1       163 2.42487E+01 5.00000E+00 6.20000E+01
 -1       164 2.80000E+01 5.00000E+00 4.80000E+01
 -1       165 2.42487E+01 5.00000E+00 3.40000E+01
 -1       166 1.40000E+01 5.00000E+00 2.37513E+01
 -1       167-1.70654E-13 5.00000E+00 2.00000E+01
 -1       168-1.40000E+01 5.00000E+00 2.37513E+01
 -1       169-2.42487E+01 5.00000E+00 3.40000E+01
 -1       170-2.80000E+01 5.00000E+00 4.80000E+01
 -1       171-2.42487E+01 5.00000E+00 6.20000E+01
 -1       172-1.40000E+01 5.00000E+00 7.22487E+01
 -1       173 7.24693E+00 5.00000E+00 7.50459E+01
 -1       174 1.97990E+01 5.00000E+00 6.77990E+01
 -1       175 2.70459E+01 5.00000E+00 5.52469E+01
 -1       176 2.70459E+01 5.00000E+00 4.07531E+01
 -1       177 1.97990E+01 5.00000E+00 2.82010E+01
 -1       178 7.24693E+00 5.00000E+00 2.09541E+01
 -1       179-7.24693E+00 5.00000E+00 2.09541E+01
 -1       180-1.97990E+01 5.00000E+00 2.82010E+01
 -1       181-2.70459E+01 5.00000E+00 4.07531E+01
 -1       182-2.70459E+01 5.00000E+00 5.52469E+01
 -1       183-1.97990E+01 5.00000E+00 6.77990E+01
 -1       184-7.24693E+00 5.00000E+00 7.50459E+01
 -1       185-1.00000E+01 2.66454E-15 2.09321E+02
 -1       186 1.00000E+01 0.00000E+00 2.09321E+02
 -1       187-5.17638E+00 2.50000E+00 2.11319E+02
 -1       188-5.17638E+00-2.50000E+00 2.11319E+02
 -1       189 5.17638E+00 2.50000E+00 2.11319E+02
 -1       190 5.17638E+00-2.50000E+00 2.11319E+02
 -1       191 1.00000E+01 2.50000E+00 2.09321E+02
 -1       192-1.00000E+01 2.50000E+00 2.09321E+02
 -1       193 1.00000E+01-2.50000E+00 2.09321E+02
 -1       194-1.00000E+01-2.50000E+00 2.09321E+02
 -1       195-7.56934E+00-4.00000E+00 1.73488E+02
 -1       196-7.56934E+00-1.00000E+00 1.73488E+02
 -1       197 2.52009E+00-4.00000E+00 1.72159E+02
 -1       198-2.52009E+00-4.00000E+00 1.72159E+02
 -1       199-2.52009E+00 4.00000E+00 1.72159E+02
 -1       200 2.52009E+00 4.00000E+00 1.72159E+02
 -1       201-1.00000E+01 0.00000E+00 1.74679E+02
 -1       202-7.56934E+00 4.00000E+00 1.73488E+02
 -1       203 7.56934E+00-1.00000E+00 1.73488E+02
 -1       204 7.56934E+00-4.00000E+00 1.73488E+02
 -1       205 7.56934E+00 4.00000E+00 1.73488E+02
 -1       206 1.00000E+01 0.00000E+00 1.74679E+02
 -1       207 1.41421E+01-2.50000E+00 2.06142E+02
 -1       208 2.00000E+01 0.00000E+00 1.92000E+02
 -1       209 1.93185E+01 0.00000E+00 1.97176E+02
 -1       210 1.73205E+01 0.00000E+00 2.02000E+02
 -1       211 1.41421E+01 2.50000E+00 2.06142E+02
 -1       212 1.73205E+01 0.00000E+00 1.82000E+02
 -1       213 1.93185E+01 0.00000E+00 1.86824E+02
 -1       214 1.41421E+01 0.00000E+00 1.77858E+02
 -1       215-1.41421E+01 0.00000E+00 1.77858E+02
 -1       216-1.93185E+01 0.00000E+00 1.86824E+02
 -1       217-1.73205E+01 0.00000E+00 1.82000E+02
 -1       218-1.93185E+01 0.00000E+00 1.97176E+02
 -1       219-2.00000E+01 0.00000E+00 1.92000E+02
 -1       220-1.41421E+01-2.50000E+00 2.06142E+02
 -1       221-1.73205E+01 0.00000E+00 2.02000E+02
 -1       222-1.41421E+01 2.50000E+00 2.06142E+02
 -1       223 3.41624E+00-5.00000E+00 2.04750E+02
 -1       224 9.33333E+00-5.00000E+00 1.82667E+02
 -1       225-3.47208E+00-5.00000E+00 2.04541E+02
 -1       226-9.28680E+00-5.00000E+00 2.01090E+02
 -1       227-1.27496E+01-5.00000E+00 1.88584E+02
 -1       228-1.23808E+01-5.00000E+00 1.95279E+02
 -1       229-9.12493E+00-5.00000E+00 1.82723E+02
 -1       230 3.26367E+00-5.00000E+00 1.79403E+02
 -1       231 1.25970E+01-5.00000E+00 1.88736E+02
 -1       232-3.31021E+00-5.00000E+00 1.79646E+02
 -1       233 9.27749E+00-5.00000E+00 2.01125E+02
 -1       234 1.23539E+01-5.00000E+00 1.95310E+02
 -1       235 1.70812E+00-5.00000E+00 2.08375E+02
 -1       236 6.70812E+00-5.00000E+00 2.07035E+02
 -1       237-6.73604E+00-5.00000E+00 2.06931E+02
 -1       238-1.73604E+00-5.00000E+00 2.08271E+02
 -1       239-2.79210E-02-5.00000E+00 2.04645E+02
 -1       240 3.70812E+00-5.00000E+00 2.01839E+02
 -1       241 1.70812E+00-5.00000E+00 2.02375E+02
 -1       242-1.73604E+00-5.00000E+00 2.02271E+02
 -1       243-3.73604E+00-5.00000E+00 2.01735E+02
 -1       244 9.63875E+00-5.00000E+00 2.05223E+02
 -1       245 1.32990E+01-5.00000E+00 2.01562E+02
 -1       246 6.34686E+00-5.00000E+00 2.02937E+02
 -1       247 1.48372E+01-5.00000E+00 1.98655E+02
 -1       248 1.61769E+01-5.00000E+00 1.93655E+02
 -1       249 1.08157E+01-5.00000E+00 1.98218E+02
 -1       250 1.62985E+01-5.00000E+00 1.90368E+02
 -1       251 1.49588E+01-5.00000E+00 1.85368E+02
 -1       252 1.24754E+01-5.00000E+00 1.92023E+02
 -1       253 1.33269E+01-5.00000E+00 1.82333E+02
 -1       254 9.66667E+00-5.00000E+00 1.78673E+02
 -1       255 1.09652E+01-5.00000E+00 1.85701E+02
 -1       256 6.63184E+00-5.00000E+00 1.77041E+02
 -1       257 1.63184E+00-5.00000E+00 1.75701E+02
 -1       258 6.29850E+00-5.00000E+00 1.81035E+02
 -1       259-1.65510E+00-5.00000E+00 1.75823E+02
 -1       260-6.65510E+00-5.00000E+00 1.77163E+02
 -1       261-2.32675E-02-5.00000E+00 1.79525E+02
 -1       262-9.56246E+00-5.00000E+00 1.78701E+02
 -1       263-1.32227E+01-5.00000E+00 1.82361E+02
 -1       264-6.21757E+00-5.00000E+00 1.81184E+02
 -1       265-1.50350E+01-5.00000E+00 1.85292E+02
 -1       266-1.63748E+01-5.00000E+00 1.90292E+02
 -1       267-1.09372E+01-5.00000E+00 1.85653E+02
 -1       268-1.61904E+01-5.00000E+00 1.93639E+02
 -1       269-1.48507E+01-5.00000E+00 1.98639E+02
 -1       270-1.25652E+01-5.00000E+00 1.91931E+02
 -1       271-1.33037E+01-5.00000E+00 2.01545E+02
 -1       272-9.64340E+00-5.00000E+00 2.05205E+02
 -1       273-1.08338E+01-5.00000E+00 1.98185E+02
 -1       274-6.37944E+00-5.00000E+00 2.02816E+02
 -1       275 8.10285E+00-5.00000E+00 1.98562E+02
 -1       276 6.63875E+00-5.00000E+00 2.00027E+02
 -1       277 1.01769E+01-5.00000E+00 1.93655E+02
 -1       278 9.64104E+00-5.00000E+00 1.95655E+02
 -1       279 9.76261E+00-5.00000E+00 1.88368E+02
 -1       280 1.02985E+01-5.00000E+00 1.90368E+02
 -1       281 6.66667E+00-5.00000E+00 1.83869E+02
 -1       282 8.13077E+00-5.00000E+00 1.85333E+02
 -1       283 1.63184E+00-5.00000E+00 1.81701E+02
 -1       284 3.63184E+00-5.00000E+00 1.82237E+02
 -1       285-3.65510E+00-5.00000E+00 1.82359E+02
 -1       286-1.65510E+00-5.00000E+00 1.81823E+02
 -1       287-8.02657E+00-5.00000E+00 1.85361E+02
 -1       288-6.56246E+00-5.00000E+00 1.83897E+02
 -1       289-1.03748E+01-5.00000E+00 1.90292E+02
 -1       290-9.83889E+00-5.00000E+00 1.88292E+02
 -1       291-9.65452E+00-5.00000E+00 1.95639E+02
 -1       292-1.01904E+01-5.00000E+00 1.93639E+02
 -1       293-6.64340E+00-5.00000E+00 2.00009E+02
 -1       294-8.10750E+00-5.00000E+00 1.98545E+02
 -1       295 3.41624E+00 5.00000E+00 2.04750E+02
 -1       296 9.33333E+00 5.00000E+00 1.82667E+02
 -1       297-3.47208E+00 5.00000E+00 2.04541E+02
 -1       298-9.28680E+00 5.00000E+00 2.01090E+02
 -1       299-1.27496E+01 5.00000E+00 1.88584E+02
 -1       300-1.23808E+01 5.00000E+00 1.95279E+02
 -1       301-9.12493E+00 5.00000E+00 1.82723E+02
 -1       302 3.26367E+00 5.00000E+00 1.79403E+02
 -1       303 1.25970E+01 5.00000E+00 1.88736E+02
 -1       304-3.31021E+00 5.00000E+00 1.79646E+02
 -1       305 9.27749E+00 5.00000E+00 2.01125E+02
 -1       306 1.23539E+01 5.00000E+00 1.95310E+02
 -1       307 6.70812E+00 5.00000E+00 2.07035E+02
 -1       308 1.70812E+00 5.00000E+00 2.08375E+02
 -1       309-1.73604E+00 5.00000E+00 2.08271E+02
 -1       310-6.73604E+00 5.00000E+00 2.06931E+02
 -1       311-2.79210E-02 5.00000E+00 2.04645E+02
 -1       312 1.70812E+00 5.00000E+00 2.02375E+02
 -1       313 3.70812E+00 5.00000E+00 2.01839E+02
 -1       314-3.73604E+00 5.00000E+00 2.01735E+02
 -1       315-1.73604E+00 5.00000E+00 2.02271E+02
 -1       316 1.32990E+01 5.00000E+00 2.01562E+02
 -1       317 9.63875E+00 5.00000E+00 2.05223E+02
 -1       318 6.34686E+00 5.00000E+00 2.02937E+02
 -1       319 1.61769E+01 5.00000E+00 1.93655E+02
 -1       320 1.48372E+01 5.00000E+00 1.98655E+02
 -1       321 1.08157E+01 5.00000E+00 1.98218E+02
 -1       322 1.49588E+01 5.00000E+00 1.85368E+02
 -1       323 1.62985E+01 5.00000E+00 1.90368E+02
 -1       324 1.24754E+01 5.00000E+00 1.92023E+02
 -1       325 9.66667E+00 5.00000E+00 1.78673E+02
 -1       326 1.33269E+01 5.00000E+00 1.82333E+02
 -1       327 1.09652E+01 5.00000E+00 1.85701E+02
 -1       328 1.63184E+00 5.00000E+00 1.75701E+02
 -1       329 6.63184E+00 5.00000E+00 1.77041E+02
 -1       330 6.29850E+00 5.00000E+00 1.81035E+02
 -1       331-6.65510E+00 5.00000E+00 1.77163E+02
 -1       332-1.65510E+00 5.00000E+00 1.75823E+02
 -1       333-2.32675E-02 5.00000E+00 1.79525E+02
 -1       334-1.32227E+01 5.00000E+00 1.82361E+02
 -1       335-9.56246E+00 5.00000E+00 1.78701E+02
 -1       336-6.21757E+00 5.00000E+00 1.81184E+02
 -1       337-1.63748E+01 5.00000E+00 1.90292E+02
 -1       338-1.50350E+01 5.00000E+00 1.85292E+02
 -1       339-1.09372E+01 5.00000E+00 1.85653E+02
 -1       340-1.48507E+01 5.00000E+00 1.98639E+02
 -1       341-1.61904E+01 5.00000E+00 1.93639E+02
 -1       342-1.25652E+01 5.00000E+00 1.91931E+02
 -1       343-9.64340E+00 5.00000E+00 2.05205E+02
 -1       344-1.33037E+01 5.00000E+00 2.01545E+02
 -1       345-1.08338E+01 5.00000E+00 1.98185E+02
 -1       346-6.37944E+00 5.00000E+00 2.02816E+02
 -1       347 6.63875E+00 5.00000E+00 2.00027E+02
 -1       348 8.10285E+00 5.00000E+00 1.98562E+02
 -1       349 9.64104E+00 5.00000E+00 1.95655E+02
 -1       350 1.01769E+01 5.00000E+00 1.93655E+02
 -1       351 1.02985E+01 5.00000E+00 1.90368E+02
 -1       352 9.76261E+00 5.00000E+00 1.88368E+02
 -1       353 8.13077E+00 5.00000E+00 1.85333E+02
 -1       354 6.66667E+00 5.00000E+00 1.83869E+02
 -1       355 3.63184E+00 5.00000E+00 1.82237E+02
 -1       356 1.63184E+00 5.00000E+00 1.81701E+02
 -1       357-1.65510E+00 5.00000E+00 1.81823E+02
 -1       358-3.65510E+00 5.00000E+00 1.82359E+02
 -1       359-6.56246E+00 5.00000E+00 1.83897E+02
 -1       360-8.02657E+00 5.00000E+00 1.85361E+02
 -1       361-9.83889E+00 5.00000E+00 1.88292E+02
 -1       362-1.03748E+01 5.00000E+00 1.90292E+02
 -1       363-1.01904E+01 5.00000E+00 1.93639E+02
 -1       364-9.65452E+00 5.00000E+00 1.95639E+02
 -1       365-8.10750E+00 5.00000E+00 1.98545E+02
 -1       366-6.64340E+00 5.00000E+00 2.00009E+02
 -1       367-5.00000E+00 0.00000E+00 1.57575E+02
 -1       368-5.00000E+00 0.00000E+00 1.42515E+02
 -1       369-5.00000E+00 0.00000E+00 1.09032E+02
 -1       370 1.68754E-14 3.00000E+00 1.57575E+02
 -1       371 0.00000E+00 3.00000E+00 1.42515E+02
 -1       372-2.50000E+00 3.00000E+00 1.09257E+02
 -1       373 2.50000E+00 3.00000E+00 1.09257E+02
 -1       374 5.00000E+00 0.00000E+00 1.57575E+02
 -1       375 5.00000E+00 0.00000E+00 1.42515E+02
 -1       376 5.00000E+00 0.00000E+00 1.09032E+02
 -1       377 1.68754E-14-3.00000E+00 1.57575E+02
 -1       378 0.00000E+00-3.00000E+00 1.42515E+02
 -1       379-2.50000E+00-3.00000E+00 1.09257E+02
 -1       380 2.50000E+00-3.00000E+00 1.09257E+02
 -1       381-7.75117E+00 4.09069E-04 1.93980E+02
 -1       382-5.90063E+00 8.58439E-03 1.97402E+02
 -1       383 5.90063E+00 8.58439E-03 1.97402E+02
 -1       384 7.75117E+00 4.09069E-04 1.93980E+02
 -1       385-7.72741E+00 0.00000E+00 1.89929E+02
 -1       386-5.65685E+00 0.00000E+00 1.86343E+02
 -1       387-2.07055E+00 3.33333E+00 1.99727E+02
 -1       388-3.33039E+00 3.82036E-01 1.99274E+02
 -1       389 3.33039E+00 3.82036E-01 1.99274E+02
 -1       390 2.07055E+00 3.33333E+00 1.99727E+02
 -1       391 1.81662E+00-2.08377E+00 1.99791E+02
 -1       392-1.81662E+00-2.08377E+00 1.99791E+02
 -1       393-2.07055E+00 0.00000E+00 1.84273E+02
 -1       394 2.07055E+00 0.00000E+00 1.84273E+02
 -1       395 5.65685E+00-8.88178E-16 1.86343E+02
 -1       396 7.72741E+00 0.00000E+00 1.89929E+02
 -1       397 9.14302E-01-3.54188E+00 1.99948E+02
 -1       398 2.94013E+00-3.54188E+00 1.99440E+02
 -1       399-9.14302E-01-3.54188E+00 1.99948E+02
 -1       400-2.94013E+00-3.54188E+00 1.99440E+02
 -1       401 9.14302E-01-1.87522E+00 1.99948E+02
 -1       402-9.14302E-01-1.87522E+00 1.99948E+02
 -1       403 1.04421E+00 4.16667E+00 1.99932E+02
 -1       404 3.06147E+00 4.16667E+00 1.99391E+02
 -1       405-1.04421E+00 4.16667E+00 1.99932E+02
 -1       406-3.06147E+00 4.16667E+00 1.99391E+02
 -1       407-1.04421E+00 2.50000E+00 1.99932E+02
 -1       408 1.04421E+00 2.50000E+00 1.99932E+02
 -1       409 6.45261E+00-2.49571E+00 1.96729E+02
 -1       410 5.00878E+00-2.49571E+00 1.98238E+02
 -1       411 4.70943E+00 1.95310E-01 1.98467E+02
 -1       412 3.66927E+00-2.30898E+00 1.99109E+02
 -1       413 2.58646E+00-8.50865E-01 1.99570E+02
 -1       414 7.93755E+00-2.49980E+00 1.92998E+02
 -1       415 7.40887E+00-2.49980E+00 1.95018E+02
 -1       416 7.03712E+00 4.49673E-03 1.95805E+02
 -1       417 7.39104E+00-2.50000E+00 1.88939E+02
 -1       418 7.93156E+00-2.50000E+00 1.90956E+02
 -1       419 7.99986E+00 2.04534E-04 1.91953E+02
 -1       420 4.87009E+00-2.50000E+00 1.85653E+02
 -1       421 6.34683E+00-2.50000E+00 1.87130E+02
 -1       422 6.92820E+00 0.00000E+00 1.88000E+02
 -1       423 1.04421E+00-2.50000E+00 1.84068E+02
 -1       424 3.06147E+00-2.50000E+00 1.84609E+02
 -1       425 4.00000E+00 0.00000E+00 1.85072E+02
 -1       426-1.04421E+00-2.50000E+00 1.84068E+02
 -1       427-3.06147E+00-2.50000E+00 1.84609E+02
 -1       428-4.16528E-14 0.00000E+00 1.84000E+02
 -1       429-4.87009E+00-2.50000E+00 1.85653E+02
 -1       430-6.34683E+00-2.50000E+00 1.87130E+02
 -1       431-4.00000E+00 0.00000E+00 1.85072E+02
 -1       432-7.39104E+00-2.50000E+00 1.88939E+02
 -1       433-7.93156E+00-2.50000E+00 1.90956E+02
 -1       434-6.92820E+00 0.00000E+00 1.88000E+02
 -1       435-7.93755E+00-2.49980E+00 1.92998E+02
 -1       436-7.40887E+00-2.49980E+00 1.95018E+02
 -1       437-7.99986E+00 2.04534E-04 1.91953E+02
 -1       438-6.45261E+00-2.49571E+00 1.96729E+02
 -1       439-5.00878E+00-2.49571E+00 1.98238E+02
 -1       440-7.03712E+00 4.49673E-03 1.95805E+02
 -1       441-4.70943E+00 1.95310E-01 1.98467E+02
 -1       442-3.66927E+00-2.30898E+00 1.99109E+02
 -1       443-2.58646E+00-8.50865E-01 1.99570E+02
 -1       444 5.00878E+00 2.50429E+00 1.98238E+02
 -1       445 6.45261E+00 2.50429E+00 1.96729E+02
 -1       446 3.66927E+00 2.69102E+00 1.99109E+02
 -1       447 2.70998E+00 1.85768E+00 1.99527E+02
 -1       448 7.40887E+00 2.50020E+00 1.95018E+02
 -1       449 7.93755E+00 2.50020E+00 1.92998E+02
 -1       450 7.93156E+00 2.50000E+00 1.90956E+02
 -1       451 7.39104E+00 2.50000E+00 1.88939E+02
 -1       452 6.34683E+00 2.50000E+00 1.87130E+02
 -1       453 4.87009E+00 2.50000E+00 1.85653E+02
 -1       454 3.06147E+00 2.50000E+00 1.84609E+02
 -1       455 1.04421E+00 2.50000E+00 1.84068E+02
 -1       456-3.06147E+00 2.50000E+00 1.84609E+02
 -1       457-1.04421E+00 2.50000E+00 1.84068E+02
 -1       458-6.34683E+00 2.50000E+00 1.87130E+02
 -1       459-4.87009E+00 2.50000E+00 1.85653E+02
 -1       460-7.93156E+00 2.50000E+00 1.90956E+02
 -1       461-7.39104E+00 2.50000E+00 1.88939E+02
 -1       462-7.40887E+00 2.50020E+00 1.95018E+02
 -1       463-7.93755E+00 2.50020E+00 1.92998E+02
 -1       464-5.00878E+00 2.50429E+00 1.98238E+02
 -1       465-6.45261E+00 2.50429E+00 1.96729E+02
 -1       466-3.66927E+00 2.69102E+00 1.99109E+02
 -1       467-2.70998E+00 1.85768E+00 1.99527E+02
 -1       468 9.14302E-01-2.08549E-01 1.99948E+02
 -1       469-9.14302E-01-2.08549E-01 1.99948E+02
 -1       470-1.70432E+00 1.02435E+00 1.99816E+02
 -1       471 1.70432E+00 1.02435E+00 1.99816E+02
 -1       472 1.00193E+01-2.59019E-03 7.41460E+01
 -1       473-1.00193E+01 2.59011E-03 7.41460E+01
 -1       474-7.54238E+00 1.50130E+00 7.49650E+01
 -1       475-7.54238E+00-1.49870E+00 7.49650E+01
 -1       476-2.51011E+00-4.00000E+00 7.58873E+01
 -1       477-9.64233E+00-4.00000E+00 7.42874E+01
 -1       478-1.20471E+01-2.49870E+00 7.32758E+01
 -1       479-2.51011E+00 4.00000E+00 7.58873E+01
 -1       480-9.64233E+00 4.00000E+00 7.42874E+01
 -1       481-1.20471E+01 2.50130E+00 7.32758E+01
 -1       482 2.51011E+00 4.00000E+00 7.58873E+01
 -1       483 7.54238E+00-1.50130E+00 7.49650E+01
 -1       484 7.54238E+00 1.49870E+00 7.49650E+01
 -1       485 9.64233E+00 4.00000E+00 7.42874E+01
 -1       486 1.20471E+01 2.49870E+00 7.32758E+01
 -1       487 2.51011E+00-4.00000E+00 7.58873E+01
 -1       488 9.64233E+00-4.00000E+00 7.42874E+01
 -1       489 1.20471E+01-2.50130E+00 7.32758E+01
 -1       490 2.42487E+01 0.00000E+00 6.20000E+01
 -1       491 1.97990E+01 0.00000E+00 6.77990E+01
 -1       492 1.40000E+01 0.00000E+00 7.22487E+01
 -1       493 2.80000E+01 0.00000E+00 4.80000E+01
 -1       494 2.70459E+01 0.00000E+00 5.52469E+01
 -1       495 2.42487E+01 0.00000E+00 3.40000E+01
 -1       496 2.70459E+01 0.00000E+00 4.07531E+01
 -1       497 1.40000E+01 0.00000E+00 2.37513E+01
 -1       498 1.97990E+01 0.00000E+00 2.82010E+01
 -1       499-1.70654E-13 0.00000E+00 2.00000E+01
 -1       500 7.24693E+00 0.00000E+00 2.09541E+01
 -1       501-7.24693E+00 0.00000E+00 2.09541E+01
 -1       502-1.97990E+01 0.00000E+00 2.82010E+01
 -1       503-1.40000E+01 0.00000E+00 2.37513E+01
 -1       504-2.70459E+01 0.00000E+00 4.07531E+01
 -1       505-2.42487E+01 0.00000E+00 3.40000E+01
 -1       506-2.70459E+01 0.00000E+00 5.52469E+01
 -1       507-2.80000E+01 0.00000E+00 4.80000E+01
 -1       508-1.97990E+01 0.00000E+00 6.77990E+01
 -1       509-2.42487E+01 0.00000E+00 6.20000E+01
 -1       510-1.40000E+01 0.00000E+00 7.22487E+01
 -1       511-7.17433E-15-5.00000E+00 4.80000E+01
 -1       512-3.75129E+00-5.00000E+00 6.20000E+01
 -1       513-1.40000E+01-5.00000E+00 5.17513E+01
 -1       514 3.75129E+00-5.00000E+00 3.40000E+01
 -1       515 1.40000E+01-5.00000E+00 4.42487E+01
 -1       516 1.02487E+01-5.00000E+00 5.82487E+01
 -1       517-1.02487E+01-5.00000E+00 3.77513E+01
 -1       518 5.12436E+00-5.00000E+00 6.71244E+01
 -1       519-1.40000E+01-5.00000E+00 6.20000E+01
 -1       520 1.91244E+01-5.00000E+00 5.31244E+01
 -1       521 1.40000E+01-5.00000E+00 3.40000E+01
 -1       522 2.56218E+00-5.00000E+00 7.15622E+01
 -1       523 9.56218E+00-5.00000E+00 6.96865E+01
 -1       524-8.87564E+00-5.00000E+00 6.71244E+01
 -1       525-1.87564E+00-5.00000E+00 6.90000E+01
 -1       526 6.86533E-01-5.00000E+00 6.45622E+01
 -1       527 1.21244E+01-5.00000E+00 6.52487E+01
 -1       528 1.72487E+01-5.00000E+00 6.01244E+01
 -1       529 7.68653E+00-5.00000E+00 6.26865E+01
 -1       530 2.16865E+01-5.00000E+00 5.75622E+01
 -1       531 2.35622E+01-5.00000E+00 5.05622E+01
 -1       532 1.46865E+01-5.00000E+00 5.56865E+01
 -1       533 2.10000E+01-5.00000E+00 4.61244E+01
 -1       534 1.91244E+01-5.00000E+00 3.91244E+01
 -1       535 1.65622E+01-5.00000E+00 4.86865E+01
 -1       536 1.91244E+01-5.00000E+00 3.40000E+01
 -1       537 1.40000E+01-5.00000E+00 2.88756E+01
 -1       538 1.40000E+01-5.00000E+00 3.91244E+01
 -1       539 8.87564E+00-5.00000E+00 2.88756E+01
 -1       540 1.87564E+00-5.00000E+00 2.70000E+01
 -1       541 8.87564E+00-5.00000E+00 3.40000E+01
 -1       542-5.12436E+00-5.00000E+00 2.88756E+01
 -1       543-1.21244E+01-5.00000E+00 3.07513E+01
 -1       544-3.24871E+00-5.00000E+00 3.58756E+01
 -1       545-1.72487E+01-5.00000E+00 3.58756E+01
 -1       546-1.91244E+01-5.00000E+00 4.28756E+01
 -1       547-2.10000E+01-5.00000E+00 4.98756E+01
 -1       548-1.21244E+01-5.00000E+00 4.47513E+01
 -1       549-1.91244E+01-5.00000E+00 5.68756E+01
 -1       550-1.91244E+01-5.00000E+00 6.20000E+01
 -1       551-1.40000E+01-5.00000E+00 6.71244E+01
 -1       552-1.40000E+01-5.00000E+00 5.68756E+01
 -1       553-8.87564E+00-5.00000E+00 6.20000E+01
 -1       554-1.87564E+00-5.00000E+00 5.50000E+01
 -1       555-8.87564E+00-5.00000E+00 5.68756E+01
 -1       556-7.00000E+00-5.00000E+00 4.98756E+01
 -1       557 5.12436E+00-5.00000E+00 5.31244E+01
 -1       558 3.24871E+00-5.00000E+00 6.01244E+01
 -1       559-5.12436E+00-5.00000E+00 4.28756E+01
 -1       560 1.87564E+00-5.00000E+00 4.10000E+01
 -1       561 8.87564E+00-5.00000E+00 3.91244E+01
 -1       562 7.00000E+00-5.00000E+00 4.61244E+01
 -1       563 1.21244E+01-5.00000E+00 5.12487E+01
 -1       564-7.17433E-15 5.00000E+00 4.80000E+01
 -1       565-3.75129E+00 5.00000E+00 6.20000E+01
 -1       566-1.40000E+01 5.00000E+00 5.17513E+01
 -1       567 3.75129E+00 5.00000E+00 3.40000E+01
 -1       568 1.40000E+01 5.00000E+00 4.42487E+01
 -1       569 1.02487E+01 5.00000E+00 5.82487E+01
 -1       570-1.02487E+01 5.00000E+00 3.77513E+01
 -1       571 5.12436E+00 5.00000E+00 6.71244E+01
 -1       572-1.40000E+01 5.00000E+00 6.20000E+01
 -1       573 1.91244E+01 5.00000E+00 5.31244E+01
 -1       574 1.40000E+01 5.00000E+00 3.40000E+01
 -1       575 9.56218E+00 5.00000E+00 6.96865E+01
 -1       576 2.56218E+00 5.00000E+00 7.15622E+01
 -1       577-1.87564E+00 5.00000E+00 6.90000E+01
 -1       578-8.87564E+00 5.00000E+00 6.71244E+01
 -1       579 6.86533E-01 5.00000E+00 6.45622E+01
 -1       580 1.72487E+01 5.00000E+00 6.01244E+01
 -1       581 1.21244E+01 5.00000E+00 6.52487E+01
 -1       582 7.68653E+00 5.00000E+00 6.26865E+01
 -1       583 2.35622E+01 5.00000E+00 5.05622E+01
 -1       584 2.16865E+01 5.00000E+00 5.75622E+01
 -1       585 1.46865E+01 5.00000E+00 5.56865E+01
 -1       586 1.91244E+01 5.00000E+00 3.91244E+01
 -1       587 2.10000E+01 5.00000E+00 4.61244E+01
 -1       588 1.65622E+01 5.00000E+00 4.86865E+01
 -1       589 1.40000E+01 5.00000E+00 2.88756E+01
 -1       590 1.91244E+01 5.00000E+00 3.40000E+01
 -1       591 1.40000E+01 5.00000E+00 3.91244E+01
 -1       592 1.87564E+00 5.00000E+00 2.70000E+01
 -1       593 8.87564E+00 5.00000E+00 2.88756E+01
 -1       594 8.87564E+00 5.00000E+00 3.40000E+01
 -1       595-1.21244E+01 5.00000E+00 3.07513E+01
 -1       596-5.12436E+00 5.00000E+00 2.88756E+01
 -1       597-3.24871E+00 5.00000E+00 3.58756E+01
 -1       598-1.72487E+01 5.00000E+00 3.58756E+01
 -1       599-2.10000E+01 5.00000E+00 4.98756E+01
 -1       600-1.91244E+01 5.00000E+00 4.28756E+01
 -1       601-1.21244E+01 5.00000E+00 4.47513E+01
 -1       602-1.91244E+01 5.00000E+00 5.68756E+01
 -1       603-1.40000E+01 5.00000E+00 6.71244E+01
 -1       604-1.91244E+01 5.00000E+00 6.20000E+01
 -1       605-1.40000E+01 5.00000E+00 5.68756E+01
 -1       606-8.87564E+00 5.00000E+00 6.20000E+01
 -1       607-7.00000E+00 5.00000E+00 4.98756E+01
 -1       608-8.87564E+00 5.00000E+00 5.68756E+01
 -1       609-1.87564E+00 5.00000E+00 5.50000E+01
 -1       610 3.24871E+00 5.00000E+00 6.01244E+01
 -1       611 5.12436E+00 5.00000E+00 5.31244E+01
 -1       612-5.12436E+00 5.00000E+00 4.28756E+01
 -1       613 7.00000E+00 5.00000E+00 4.61244E+01
 -1       614 8.87564E+00 5.00000E+00 3.91244E+01
 -1       615 1.87564E+00 5.00000E+00 4.10000E+01
 -1       616 1.21244E+01 5.00000E+00 5.12487E+01
 -1       617 1.87907E+00 8.88178E-16 2.04591E+02
 -1       618 7.49509E+00-2.50000E+00 1.84505E+02
 -1       619 5.70194E+00-2.50000E+00 1.83470E+02
 -1       620 7.49509E+00 2.50000E+00 1.84505E+02
 -1       621 5.70194E+00 2.50000E+00 1.83470E+02
 -1       622 9.33333E+00 0.00000E+00 1.82667E+02
 -1       623-1.02385E+01 2.50000E+00 1.89257E+02
 -1       624-1.02504E+01 2.50020E+00 1.91282E+02
 -1       625-1.27496E+01 0.00000E+00 1.88584E+02
 -1       626-1.02504E+01-2.49980E+00 1.91282E+02
 -1       627-1.02385E+01-2.50000E+00 1.89257E+02
 -1       628 2.66711E+00-2.50000E+00 1.81838E+02
 -1       629 5.96561E-01-2.50000E+00 1.81838E+02
 -1       630 5.96561E-01 2.50000E+00 1.81838E+02
 -1       631 3.26367E+00 0.00000E+00 1.79403E+02
 -1       632 2.66711E+00 2.50000E+00 1.81838E+02
 -1       633-9.12493E+00 0.00000E+00 1.82723E+02
 -1       634-7.39089E+00 2.50000E+00 1.84533E+02
 -1       635-7.39089E+00-2.50000E+00 1.84533E+02
 -1       636-5.59774E+00-2.50000E+00 1.83498E+02
 -1       637-5.59774E+00 2.50000E+00 1.83498E+02
 -1       638 1.01741E+01-2.49980E+00 1.91358E+02
 -1       639 1.01622E+01-2.50000E+00 1.89333E+02
 -1       640 1.01741E+01 2.50020E+00 1.91358E+02
 -1       641 1.01622E+01 2.50000E+00 1.89333E+02
 -1       642 1.25970E+01 0.00000E+00 1.88736E+02
 -1       643-9.14074E+00 2.50429E+00 1.96341E+02
 -1       644-1.00660E+01 2.50020E+00 1.94629E+02
 -1       645-1.00660E+01-2.49980E+00 1.94629E+02
 -1       646-1.23808E+01 0.00000E+00 1.95279E+02
 -1       647-9.14074E+00-2.49571E+00 1.96341E+02
 -1       648 9.12725E+00-2.49571E+00 1.96356E+02
 -1       649 1.00525E+01-2.49980E+00 1.94645E+02
 -1       650 9.12725E+00 2.50429E+00 1.96356E+02
 -1       651 1.00525E+01 2.50020E+00 1.94645E+02
 -1       652 1.23539E+01 0.00000E+00 1.95310E+02
 -1       653 6.29850E+00 0.00000E+00 1.81035E+02
 -1       654-9.20321E+00 2.50000E+00 1.87463E+02
 -1       655-1.09372E+01 0.00000E+00 1.85653E+02
 -1       656-1.25652E+01 0.00000E+00 1.91931E+02
 -1       657 1.24754E+01 0.00000E+00 1.92023E+02
 -1       658 7.58906E+00-2.49571E+00 1.99264E+02
 -1       659 1.08157E+01 0.00000E+00 1.98218E+02
 -1       660 9.27749E+00 0.00000E+00 2.01125E+02
 -1       661 7.58906E+00 2.50429E+00 1.99264E+02
 -1       662-6.21757E+00 0.00000E+00 1.81184E+02
 -1       663-2.69038E+00 2.50000E+00 1.81959E+02
 -1       664-2.32675E-02 0.00000E+00 1.79525E+02
 -1       665-7.59371E+00 2.50429E+00 1.99246E+02
 -1       666-9.28680E+00 0.00000E+00 2.01090E+02
 -1       667-7.59371E+00-2.49571E+00 1.99246E+02
 -1       668-1.08338E+01 0.00000E+00 1.98185E+02
 -1       669-3.31021E+00 0.00000E+00 1.79646E+02
 -1       670-2.69038E+00-2.50000E+00 1.81959E+02
 -1       671 6.30394E+00-2.30898E+00 2.00199E+02
 -1       672 6.30394E+00 2.69102E+00 2.00199E+02
 -1       673-6.30859E+00 2.69102E+00 2.00182E+02
 -1       674-6.30859E+00-2.30898E+00 2.00182E+02
 -1       675 3.12217E-02-1.04188E+00 2.02191E+02
 -1       676 9.39533E-01 8.33333E-01 2.02296E+02
 -1       677 9.39533E-01-8.33333E-01 2.02296E+02
 -1       678-8.87564E+00 0.00000E+00 6.20000E+01
 -1       679-1.40000E+01 0.00000E+00 6.20000E+01
 -1       680-1.20096E+01-2.49870E+00 6.80730E+01
 -1       681-1.20096E+01 2.50130E+00 6.80730E+01
 -1       682-6.88529E+00 2.50130E+00 6.80730E+01
 -1       683-2.77132E+00 4.16667E+00 2.02134E+02
 -1       684-1.73604E+00 3.33333E+00 2.02271E+02
 -1       685-3.40123E+00 2.69102E+00 2.01908E+02
 -1       686-7.25661E-01 1.91018E-01 2.01933E+02
 -1       687 6.63184E+00 0.00000E+00 1.77041E+02
 -1       688 9.66667E+00 0.00000E+00 1.78673E+02
 -1       689 2.60473E+00 1.91018E-01 2.01933E+02
 -1       690 5.57828E+00 2.50000E+00 2.02858E+02
 -1       691 5.57828E+00-2.50000E+00 2.02858E+02
 -1       692 9.12693E+00 2.50000E+00 1.87540E+02
 -1       693 9.12693E+00-2.50000E+00 1.87540E+02
 -1       694-8.42617E+00-2.50000E+00 1.86326E+02
 -1       695 2.61643E+00-3.54188E+00 2.02270E+02
 -1       696 3.37331E+00-2.30898E+00 2.02012E+02
 -1       697-6.65510E+00 0.00000E+00 1.77163E+02
 -1       698-2.64435E+00-3.54188E+00 2.02166E+02
 -1       699-3.40123E+00-2.30898E+00 2.01908E+02
 -1       700-7.96507E-01-2.50000E+00 2.04566E+02
 -1       701 7.57182E+00 2.49870E+00 7.06352E+01
 -1       702 7.57182E+00-2.50130E+00 7.06352E+01
 -1       703 5.12436E+00 0.00000E+00 6.71244E+01
 -1       704 9.56218E+00 0.00000E+00 6.96865E+01
 -1       705-1.73604E+00 0.00000E+00 2.08271E+02
 -1       706-3.47208E+00 0.00000E+00 2.04541E+02
 -1       707-7.96507E-01 2.50000E+00 2.04566E+02
 -1       708 9.39533E-01 2.50000E+00 2.08296E+02
 -1       709 1.32990E+01 0.00000E+00 2.01562E+02
 -1       710 1.48372E+01 0.00000E+00 1.98655E+02
 -1       711 3.37331E+00 2.69102E+00 2.02012E+02
 -1       712 2.74339E+00 4.16667E+00 2.02238E+02
 -1       713-6.66519E+00 1.91018E-01 2.04297E+02
 -1       714-9.64340E+00 2.50000E+00 2.05205E+02
 -1       715-9.64340E+00-2.50000E+00 2.05205E+02
 -1       716-6.73604E+00-2.50000E+00 2.06931E+02
 -1       717-6.73604E+00 2.50000E+00 2.06931E+02
 -1       718-3.75129E+00 0.00000E+00 6.20000E+01
 -1       719-6.88529E+00-2.49870E+00 6.80730E+01
 -1       720 1.46865E+01 0.00000E+00 5.56865E+01
 -1       721 1.65622E+01 0.00000E+00 4.86865E+01
 -1       722 1.91244E+01 0.00000E+00 5.31244E+01
 -1       723 8.87564E+00 0.00000E+00 3.40000E+01
 -1       724 8.87564E+00 0.00000E+00 3.91244E+01
 -1       725 1.40000E+01 0.00000E+00 3.40000E+01
 -1       726 1.40000E+01 0.00000E+00 3.91244E+01
 -1       727 3.24871E+00 0.00000E+00 6.01244E+01
 -1       728 6.86533E-01 0.00000E+00 6.45622E+01
 -1       729 7.68653E+00 0.00000E+00 6.26865E+01
 -1       730 1.33269E+01 0.00000E+00 1.82333E+02
 -1       731-1.40000E+01 0.00000E+00 6.71244E+01
 -1       732 1.09652E+01 0.00000E+00 1.85701E+02
 -1       733-1.50350E+01 0.00000E+00 1.85292E+02
 -1       734-1.32227E+01 0.00000E+00 1.82361E+02
 -1       735-1.63748E+01 0.00000E+00 1.90292E+02
 -1       736 1.49588E+01 0.00000E+00 1.85368E+02
 -1       737-1.61904E+01 0.00000E+00 1.93639E+02
 -1       738 1.61769E+01 0.00000E+00 1.93655E+02
 -1       739 1.62985E+01 0.00000E+00 1.90368E+02
 -1       740-9.56246E+00 0.00000E+00 1.78701E+02
 -1       741-1.33037E+01 0.00000E+00 2.01545E+02
 -1       742-1.48507E+01 0.00000E+00 1.98639E+02
 -1       743 9.39533E-01-2.50000E+00 2.08296E+02
 -1       744 9.63875E+00 2.50000E+00 2.05223E+02
 -1       745 9.63875E+00-2.50000E+00 2.05223E+02
 -1       746 2.64765E+00 2.50000E+00 2.04670E+02
 -1       747 1.87564E+00 0.00000E+00 4.10000E+01
 -1       748 7.00000E+00 0.00000E+00 4.61244E+01
 -1       749-7.17433E-15 0.00000E+00 4.80000E+01
 -1       750-1.87564E+00 0.00000E+00 5.50000E+01
 -1       751 5.12436E+00 0.00000E+00 5.31244E+01
 -1       752 3.75129E+00 0.00000E+00 3.40000E+01
 -1       753 1.02487E+01 0.00000E+00 5.82487E+01
 -1       754 1.21244E+01 0.00000E+00 5.12487E+01
 -1       755 1.40000E+01 0.00000E+00 4.42487E+01
 -1       756 1.91244E+01 0.00000E+00 3.40000E+01
 -1       757 1.40000E+01 0.00000E+00 2.88756E+01
 -1       758 8.87564E+00 0.00000E+00 2.88756E+01
 -1       759-1.91244E+01 0.00000E+00 6.20000E+01
 -1       760 1.21244E+01 0.00000E+00 6.52487E+01
 -1       761 2.10000E+01 0.00000E+00 4.61244E+01
 -1       762 2.35622E+01 0.00000E+00 5.05622E+01
 -1       763 2.16865E+01 0.00000E+00 5.75622E+01
 -1       764 2.64765E+00-2.50000E+00 2.04670E+02
 -1       765 1.84784E+00-1.04188E+00 2.02191E+02
 -1       766 5.93953E+00 4.44089E-16 2.06956E+02
 -1       767-3.24871E+00 0.00000E+00 3.58756E+01
 -1       768 1.87564E+00 0.00000E+00 2.70000E+01
 -1       769-1.40000E+01 0.00000E+00 5.68756E+01
 -1       770 6.70812E+00 2.50000E+00 2.07035E+02
 -1       771 6.70812E+00-2.50000E+00 2.07035E+02
 -1       772 1.91244E+01 0.00000E+00 3.91244E+01
 -1       773 1.72487E+01 0.00000E+00 6.01244E+01
 -1       774 1.97481E+00 1.66667E+00 2.02159E+02
 -1       775-8.87564E+00 0.00000E+00 5.68756E+01
 -1       776-7.00000E+00 0.00000E+00 4.98756E+01
 -1       777-5.12436E+00 0.00000E+00 4.28756E+01
 -1       778 9.39533E-01 2.50000E+00 2.02296E+02
 -1       779-5.12436E+00 0.00000E+00 2.88756E+01
 -1       780-1.02487E+01 0.00000E+00 3.77513E+01
 -1       781-2.10000E+01 0.00000E+00 4.98756E+01
 -1       782-1.91244E+01 0.00000E+00 4.28756E+01
 -1       783-1.21244E+01 0.00000E+00 3.07513E+01
 -1       784-1.40000E+01 0.00000E+00 5.17513E+01
 -1       785-1.72487E+01 0.00000E+00 3.58756E+01
 -1       786-1.21244E+01 0.00000E+00 4.47513E+01
 -1       787-1.91244E+01 0.00000E+00 5.68756E+01
 -1       788 9.39533E-01-2.50000E+00 2.02296E+02
 -1       789 4.13184E+00-4.00000E+00 1.76019E+02
 -1       790-2.50000E+00 0.00000E+00 1.09257E+02
 -1       791 2.50000E+00 0.00000E+00 7.57750E+01
 -1       792 0.00000E+00 0.00000E+00 1.42515E+02
 -1       793-8.68163E-01 4.00000E+00 1.76019E+02
 -1       794-4.15510E+00 4.00000E+00 1.76141E+02
 -1       795-4.15510E+00-4.00000E+00 1.76141E+02
 -1       796 5.06218E+00 4.00000E+00 7.13372E+01
 -1       797 5.06218E+00-4.00000E+00 7.13372E+01
 -1       798 4.13184E+00 4.00000E+00 1.76019E+02
 -1       799 4.13184E+00 1.00000E+00 1.76019E+02
 -1       800-4.15510E+00 1.00000E+00 1.76141E+02
 -1       801-4.37564E+00 4.00000E+00 6.87750E+01
 -1       802-4.37564E+00-4.00000E+00 6.87750E+01
 -1       803 0.00000E+00 0.00000E+00 1.57575E+02
 -1       804 0.00000E+00 0.00000E+00 1.72635E+02
 -1       805-8.68163E-01 1.00000E+00 1.76019E+02
 -1       806 2.56218E+00 1.00000E+00 7.15622E+01
 -1       807-1.87564E+00-4.00000E+00 6.90000E+01
 -1       808 2.56218E+00-4.00000E+00 7.15622E+01
 -1       809-1.87564E+00 1.00000E+00 6.90000E+01
 -1       810-4.37564E+00 1.00000E+00 6.87750E+01
 -1       811-1.87564E+00 4.00000E+00 6.90000E+01
 -1       812 2.56218E+00 4.00000E+00 7.15622E+01
 -1       813 5.06218E+00 1.00000E+00 7.13372E+01
 -1       814-6.86000E-15 0.00000E+00 7.60000E+01
 -1       815 2.50000E+00 0.00000E+00 1.09257E+02
 -1       816-2.50000E+00 0.00000E+00 7.57750E+01
 -1       817-8.68163E-01-4.00000E+00 1.76019E+02
 -3
    3C                           353                                     1
 -1       421    6    0    1
 -2       394       395       224       296       425       618       619       621       620       622
 -1       422    6    0    1
 -2       381       299       385       227       624       623       437       626       625       627
 -1       423    6    0    1
 -2       230       393       394       302       629       428       628       631       630       632
 -1       424    6    0    1
 -2       386       229       301       393       635       633       634       431       636       637
 -1       425    6    0    1
 -2       396       384       231       303       419       638       639       641       640       642
 -1       426    6    0    1
 -2       300       381       382       228       644       440       643       646       645       647
 -1       427    6    0    1
 -2       384       383       234       306       416       648       649       651       650       652
 -1       428    6    0    1
 -2       224       302       394       296       653       632       619       622       330       621
 -1       429    6    0    1
 -2       394       224       230       302       619       258       628       632       653       631
 -1       430    6    0    1
 -2       386       299       301       229       654       339       634       635       655       633
 -1       431    6    0    1
 -2       381       300       299       227       644       342       624       626       656       625
 -1       432    6    0    1
 -2       300       227       381       228       656       626       644       646       270       645
 -1       433    6    0    1
 -2       384       234       231       303       649       252       638       640       657       642
 -1       434    6    0    1
 -2       233       306       383       305       659       650       658       660       321       661
 -1       435    6    0    1
 -2       229       304       301       393       662       336       633       636       663       637
 -1       436    6    0    1
 -2       393       230       304       302       629       664       663       630       631       333
 -1       437    6    0    1
 -2       382       298       300       226       665       345       643       667       666       668
 -1       438    6    0    1
 -2       384       306       234       303       651       652       649       640       324       657
 -1       439    6    0    1
 -2       234       383       233       306       648       658       249       652       650       659
 -1       440    6    0    1
 -2       229       232       304       393       264       669       662       636       670       663
 -1       441    6    0    1
 -2       304       393       232       230       663       670       669       664       629       261
 -1       442    6    0    1
 -2       382       226       300       228       667       668       643       647       273       646
 -1       443    6    0    1
 -2       389       233       383       305       671       658       411       672       660       661
 -1       444    6    0    1
 -2       382       388       298       226       441       673       665       667       674       666
 -1       445    6    0    1
 -2       133       392       132       617       469       402       135       676       675       677
 -1       446    6    0    1
 -2       572       519       565       473       679       678       606       681       680       682
 -1       447    6    0    1
 -2       133       297       387       388       684       683       407       470       685       467
 -1       448    6    0    1
 -2       133       388       392       617       470       443       469       676       686       675
 -1       449    6    0    1
 -2        22       302       224       296       687       653       254       688       330       622
 -1       450    6    0    1
 -2        22       230       224       302       256       258       254       687       631       653
 -1       451    6    0    1
 -2       305       389       233       617       672       671       660       690       689       691
 -1       452    6    0    1
 -2        94       396       395       303       451       422       452       352       641       692
 -1       453    6    0    1
 -2        71       396       231       395       417       639       279       421       422       693
 -1       454    6    0    1
 -2       229       386       385        75       635       434       694       287       430       432
 -1       455    6    0    1
 -2       223        68       391       389       240       398       695       696       412       413
 -1       456    6    0    1
 -2        24       304       229       232       697       662       262       260       669       264
 -1       457    6    0    1
 -2       388       225       392       617       699       698       443       686       700       675
 -1       458    6    0    1
 -2       388       225        78       392       699       243       442       443       698       400
 -1       459    6    0    1
 -2       518       571       472       139       703       701       702       523       704       489
 -1       460    6    0    1
 -2       396        70       231       384       418       280       639       419       414       638
 -1       461    6    0    1
 -2       384       303       396        93       640       641       419       449       351       450
 -1       462    6    0    1
 -2       225       297         1       617       706       309       705       700       707       708
 -1       463    6    0    1
 -2        42       306       233       305       320       659       709       316       321       660
 -1       464    6    0    1
 -2        42       233       306       234       709       659       320       710       249       652
 -1       465    6    0    1
 -2       389        91       390       295       446       404       447       711       313       712
 -1       466    6    0    1
 -2       185       298       388       226       714       673       713       715       666       674
 -1       467    6    0    1
 -2       388       225       185       226       699       716       713       674       274       715
 -1       468    6    0    1
 -2       298       388       297       185       673       685       346       714       713       717
 -1       469    6    0    1
 -2       297       185       388       225       717       713       685       706       716       699
 -1       470    6    0    1
 -2       512       565       519       473       718       678       553       719       682       680
 -1       471    6    0    1
 -2       387       297       101       388       683       314       406       467       685       466
 -1       472    6    0    1
 -2       515       573       516       520       721       720       563       535       722       532
 -1       473    6    0    1
 -2       515       521       567       574       538       723       724       726       725       594
 -1       474    6    0    1
 -2       571       512       569       518       728       727       582       703       526       729
 -1       475    6    0    1
 -2       381        77       382       228       436       438       440       645       291       647
 -1       476    6    0    1
 -2       224        21        22       296       253        33       254       622       730       688
 -1       477    6    0    1
 -2       382       300       100       381       643       364       465       440       644       462
 -1       478    6    0    1
 -2       572       172       519       473       603       731       679       681       481       680
 -1       479    6    0    1
 -2       234       384        69       383       649       415       278       648       416       409
 -1       480    6    0    1
 -2       384        92       383       306       448       445       416       651       349       650
 -1       481    6    0    1
 -2       231        21       224       296       251       253       255       732       730       622
 -1       482    6    0    1
 -2       229        48       227       299       734       733       267       655       338       625
 -1       483    6    0    1
 -2       297       388       133       617       685       470       684       707       686       676
 -1       484    6    0    1
 -2       395       296        94       303       620       353       452       692       327       352
 -1       485    6    0    1
 -2       231       224        71       395       255       282       279       693       618       421
 -1       486    6    0    1
 -2       229       385       227        75       694       627       267       287       432       290
 -1       487    6    0    1
 -2        49       299       300       227       337       342       341       735       625       656
 -1       488    6    0    1
 -2       296       231        21       303       732       251       730       327       642       736
 -1       489    6    0    1
 -2        48       301       299       229       334       339       338       734       633       655
 -1       490    6    0    1
 -2       227       300        26       228       656       737       266       270       646       268
 -1       491    6    0    1
 -2       234        43       306        42       738       319       652       710        54       320
 -1       492    6    0    1
 -2        20       231       234       303       250       252       248       739       642       657
 -1       493    6    0    1
 -2       304        47       229       301       331       740       662       336       335       633
 -1       494    6    0    1
 -2       300       298        27       226       345       741       742       668       666       271
 -1       495    6    0    1
 -2       234       303       306        43       657       324       652       738       323       319
 -1       496    6    0    1
 -2       226        27       300       228       271       742       668       273       269       646
 -1       497    6    0    1
 -2       162       472       571       139       486       701       575       492       489       704
 -1       498    6    0    1
 -2         2       225         1       617       238       705        17       743       700       708
 -1       499    6    0    1
 -2         1       185       297       225       187       717       309       705       716       706
 -1       500    6    0    1
 -2       233       305       186        42       660       744       745       709       316       211
 -1       501    6    0    1
 -2       305       295       389       617       318       711       672       690       746       689
 -1       502    6    0    1
 -2        78       388       382       226       442       441       439       293       674       667
 -1       503    6    0    1
 -2       297       225       388       617       706       699       685       707       700       686
 -1       504    6    0    1
 -2       515       567       511       564       724       747       562       748       615       749
 -1       505    6    0    1
 -2       564       512       511       516       750       554       749       751       558       557
 -1       506    6    0    1
 -2       564       516       511       515       751       557       749       748       563       562
 -1       507    6    0    1
 -2       515       511       567       514       562       747       724       561       560       752
 -1       508    6    0    1
 -2       565       512       564       569       718       750       609       610       727       611
 -1       509    6    0    1
 -2       569       564       568       516       611       613       616       753       751       754
 -1       510    6    0    1
 -2       516       564       568       515       751       613       754       563       748       755
 -1       511    6    0    1
 -2       564       567       568       515       615       614       613       748       724       755
 -1       512    6    0    1
 -2       564       569       512       516       611       727       750       751       753       558
 -1       513    6    0    1
 -2       233       383        68       389       658       410       276       671       411       412
 -1       514    6    0    1
 -2       515       574       142       521       726       756       534       538       725       536
 -1       515    6    0    1
 -2       567       143       574       521       758       757       594       723       537       725
 -1       516    6    0    1
 -2       171       519       572       172       759       679       604       183       731       603
 -1       517    6    0    1
 -2       518       569       571       139       729       582       703       523       760       704
 -1       518    6    0    1
 -2       164       573       515       520       583       721       761       762       722       535
 -1       519    6    0    1
 -2       140       516       573       520       528       720       763       530       532       722
 -1       520    6    0    1
 -2       223       389       391       617       696       413       695       764       689       765
 -1       521    6    0    1
 -2       223       233       389       617       246       671       696       764       691       689
 -1       522    6    0    1
 -2        70       234       231       384       277       252       280       414       649       638
 -1       523    6    0    1
 -2       303       384       306        93       640       651       324       351       449       350
 -1       524    6    0    1
 -2       565       172       572       473       578       603       606       682       481       681
 -1       525    6    0    1
 -2       233        68       223       389       276       240       246       671       412       696
 -1       526    6    0    1
 -2       233       186       305       617       745       744       660       691       766       690
 -1       527    6    0    1
 -2       296        22       302        45       688       687       330       325       206       329
 -1       528    6    0    1
 -2       387         8       297       133       405       315       683       407       136       684
 -1       529    6    0    1
 -2       573       516       568       515       720       754       588       721       563       755
 -1       530    6    0    1
 -2       573       569       568       516       585       616       588       720       753       754
 -1       531    6    0    1
 -2       515       567       521       514       724       723       538       561       752       541
 -1       532    6    0    1
 -2       512       569       565       571       727       610       718       728       582       579
 -1       533    6    0    1
 -2       567       574       568       515       594       591       614       724       726       755
 -1       534    6    0    1
 -2       516       569       512       518       753       727       558       529       729       526
 -1       535    6    0    1
 -2       226       382        77       228       667       438       294       273       647       291
 -1       536    6    0    1
 -2       300       100       298       382       364       365       345       643       465       665
 -1       537    6    0    1
 -2       514       167       570       567       768       596       767       752       592       597
 -1       538    6    0    1
 -2       234        69       233       383       278       275       249       648       409       658
 -1       539    6    0    1
 -2       383       306        92       305       650       349       445       661       321       348
 -1       540    6    0    1
 -2        78       225       388       226       243       699       442       293       274       674
 -1       541    6    0    1
 -2       304       229        47        24       662       740       331       697       262       201
 -1       542    6    0    1
 -2        49       227        48       299       735       733        60       337       625       338
 -1       543    6    0    1
 -2        21        20       303       231        32       739       736       251       250       642
 -1       544    6    0    1
 -2       301        48        47       229       334        59       335       633       734       740
 -1       545    6    0    1
 -2        27        26       300       228        38       737       742       269       268       646
 -1       546    6    0    1
 -2       566       519       565       572       769       678       608       605       679       606
 -1       547    6    0    1
 -2       233        19       234        42       245       247       249       709       210       710
 -1       548    6    0    1
 -2       300        27       298        50       742       741       345       340       221       344
 -1       549    6    0    1
 -2       164       140       573       520       494       763       583       762       530       722
 -1       550    6    0    1
 -2       142       574       143       521       756       757       154       536       725       537
 -1       551    6    0    1
 -2       185        27       298       226       220       741       714       715       271       666
 -1       552    6    0    1
 -2       295       389        91       305       711       446       313       318       672       347
 -1       553    6    0    1
 -2         2       185         1       225       188       187        17       238       716       705
 -1       554    6    0    1
 -2       298       382       101       388       665       464       366       673       441       466
 -1       555    6    0    1
 -2       186       295       305       617       770       318       744       766       746       690
 -1       556    6    0    1
 -2       186       233       223       617       745       246       771       766       691       764
 -1       557    6    0    1
 -2       383        91       389       305       444       446       411       661       347       672
 -1       558    6    0    1
 -2       519       149       512       473       551       524       553       680       478       719
 -1       559    6    0    1
 -2       521       567       143       514       723       758       537       541       752       539
 -1       560    6    0    1
 -2       569       518       516       139       729       529       753       760       523       527
 -1       561    6    0    1
 -2       162       571       569       139       575       582       581       492       704       760
 -1       562    6    0    1
 -2       165       568       574       515       586       591       590       772       755       726
 -1       563    6    0    1
 -2       164       515       573       568       761       721       583       587       755       588
 -1       564    6    0    1
 -2       569       516       573       140       753       720       585       773       528       763
 -1       565    6    0    1
 -2       298       101       297       388       366       314       346       673       466       685
 -1       566    6    0    1
 -2        22       296        21        45       688       730        33       206       325       214
 -1       567    6    0    1
 -2       295       390       389       617       712       447       711       746       774       689
 -1       568    6    0    1
 -2       229        25        47        24       263       215       740       262        36       201
 -1       569    6    0    1
 -2       512       565       564       566       718       609       750       775       608       607
 -1       570    6    0    1
 -2       564       511       512       566       749       554       750       607       776       775
 -1       571    6    0    1
 -2       567       570       514       511       597       767       752       747       777       560
 -1       572    6    0    1
 -2       511       570       564       567       777       612       749       747       597       615
 -1       573    6    0    1
 -2       164       165       515       568       176       772       761       587       586       755
 -1       574    6    0    1
 -2       569       139       516       140       760       527       753       773       151       528
 -1       575    6    0    1
 -2       162       569       163       139       581       580       174       492       760       491
 -1       576    6    0    1
 -2       186       223         2       617       771       235       190       766       764       743
 -1       577    6    0    1
 -2       295       186         1       617       770       189       308       746       766       708
 -1       578    6    0    1
 -2       133         8       297       617       136       315       684       676       778       707
 -1       579    6    0    1
 -2         2         1       186       617        17       189       190       743       708       766
 -1       580    6    0    1
 -2       519       172       149       473       731       510       551       680       481       478
 -1       581    6    0    1
 -2       519       572       566       171       679       605       769       759       604       602
 -1       582    6    0    1
 -2        42        43        19       234        54       209       210       710       738       247
 -1       583    6    0    1
 -2       167       517       144       514       779       542       499       768       544       540
 -1       584    6    0    1
 -2       570       517       167       514       780       779       596       767       544       768
 -1       585    6    0    1
 -2        27       300        49        50       742       341       218       221       340        61
 -1       586    6    0    1
 -2       170       147       169       513       507       504       181       781       547       782
 -1       587    6    0    1
 -2       517       167       145       168       779       501       543       783       179       503
 -1       588    6    0    1
 -2       229       227        48        25       267       733       734       263       265       217
 -1       589    6    0    1
 -2       296       303        21        44       327       736       730       326       322       212
 -1       590    6    0    1
 -2       300        26        49       227       737       219       341       656       266       735
 -1       591    6    0    1
 -2        20       303       234        43       739       657       248       208       323       738
 -1       592    6    0    1
 -2       519       565       512       566       678       718       553       769       608       775
 -1       593    6    0    1
 -2       567       166       574       143       593       589       594       758       497       757
 -1       594    6    0    1
 -2       519       171       149       172       759       508       551       731       183       510
 -1       595    6    0    1
 -2       165       574       142       515       590       756       495       772       726       534
 -1       596    6    0    1
 -2       520       515       164       141       535       761       762       531       533       493
 -1       597    6    0    1
 -2       569       573       163       140       585       584       580       773       763       490
 -1       598    6    0    1
 -2       227        75       385        76       290       432       627       289        87       433
 -1       599    6    0    1
 -2       395        95        94       296       453       106       452       620       354       353
 -1       600    6    0    1
 -2       224        72        71       395       281        83       282       618       420       421
 -1       601    6    0    1
 -2        98        99       299       385       110       362       361       461       460       623
 -1       602    6    0    1
 -2       233       186        19        42       745       207       245       709       211       210
 -1       603    6    0    1
 -2       298       185        50        27       714       222       344       741       220       221
 -1       604    6    0    1
 -2       391       133       132       617       468       135       401       765       676       677
 -1       605    6    0    1
 -2       143       167       514       567       500       768       539       758       592       752
 -1       606    6    0    1
 -2       515       165       141       142       772       496       533       534       495       153
 -1       607    6    0    1
 -2       515       141       165       164       533       496       772       761       493       176
 -1       608    6    0    1
 -2       139       569       163       140       760       580       491       151       773       490
 -1       609    6    0    1
 -2       382        77        78       226       438        89       439       667       294       293
 -1       610    6    0    1
 -2       169       513       566       170       782       784       600       181       781       599
 -1       611    6    0    1
 -2       168       517       167       570       783       779       179       595       780       596
 -1       612    6    0    1
 -2       167       144       517       145       499       542       779       501       156       543
 -1       613    6    0    1
 -2       513       147       169       146       547       504       782       546       158       505
 -1       614    6    0    1
 -2        73       394        72       230       423       424        84       283       628       284
 -1       615    6    0    1
 -2       301        97        98       386       359       109       360       634       459       458
 -1       616    6    0    1
 -2       394       302        96        95       632       356       455       454       355       107
 -1       617    6    0    1
 -2       229        74       386        75       288       429       635       287        86       430
 -1       618    6    0    1
 -2        70       396       231        71       418       639       280        82       417       279
 -1       619    6    0    1
 -2       396       303        94        93       641       352       451       450       351       105
 -1       620    6    0    1
 -2       389       390       133       617       447       408       471       689       774       676
 -1       621    6    0    1
 -2       298       100       101       382       365       112       366       665       465       464
 -1       622    6    0    1
 -2       233        69        68       383       275        80       276       658       409       410
 -1       623    6    0    1
 -2        91       383        92       305       444       445       103       347       661       348
 -1       624    6    0    1
 -2       232       393        74        73       670       427       285       286       426        85
 -1       625    6    0    1
 -2        97       393       304        96       456       663       358       108       457       357
 -1       626    6    0    1
 -2       234        43        19        20       738       209       247       248       208        31
 -1       627    6    0    1
 -2        27       300        26        49       742       737        38       218       341       219
 -1       628    6    0    1
 -2        25       227        48        26       265       733       217        37       266       216
 -1       629    6    0    1
 -2        49        48       227        26        60       733       735       219       216       266
 -1       630    6    0    1
 -2        21        45       296        44       214       325       730       212        56       326
 -1       631    6    0    1
 -2        69       234        70       384       278       277        81       415       649       414
 -1       632    6    0    1
 -2        92       306       384        93       349       651       448       104       350       449
 -1       633    6    0    1
 -2       303        20        44        43       739       213       322       323       208        55
 -1       634    6    0    1
 -2       229        47        25        48       740       215       263       734        59       217
 -1       635    6    0    1
 -2       303        44        20        21       322       213       739       736       212        32
 -1       636    6    0    1
 -2        91         8       390       295       102       403       404       313       312       712
 -1       637    6    0    1
 -2       381        76        77       228       435        88       436       645       292       291
 -1       638    6    0    1
 -2        99       100       300       381       111       364       363       463       462       644
 -1       639    6    0    1
 -2        18       223         2       186       236       235        29       193       771       190
 -1       640    6    0    1
 -2       295         1       186        41       308       189       770       307        52       191
 -1       641    6    0    1
 -2        41       186       305        42       191       744       317        53       211       316
 -1       642    6    0    1
 -2       297         1        51       185       309        63       310       717       187       192
 -1       643    6    0    1
 -2       185       225         2        28       716       238       188       194       237        40
 -1       644    6    0    1
 -2        50       298        51       185       344       343        62       222       714       192
 -1       645    6    0    1
 -2       164       573       140       163       583       763       494       175       584       490
 -1       646    6    0    1
 -2       140       164       141       520       494       493       152       530       762       531
 -1       647    6    0    1
 -2       142       143       574       166       154       757       756       498       497       589
 -1       648    6    0    1
 -2       519       148       149       171       550       160       551       759       509       508
 -1       649    6    0    1
 -2       574       142       166       165       756       498       589       590       495       177
 -1       650    6    0    1
 -2       513       512       511       566       555       554       556       784       775       776
 -1       651    6    0    1
 -2       511       570       514       517       777       767       560       559       780       544
 -1       652    6    0    1
 -2       511       566       564       570       776       607       749       777       601       612
 -1       653    6    0    1
 -2       146       513       517       169       546       548       545       505       782       785
 -1       654    6    0    1
 -2       169       517       566       513       785       786       600       782       548       784
 -1       655    6    0    1
 -2       169       566       517       570       600       786       785       598       601       780
 -1       656    6    0    1
 -2       166       567       167       143       593       592       178       497       758       500
 -1       657    6    0    1
 -2       101         8       297       387       113       315       314       406       405       683
 -1       658    6    0    1
 -2         1       297       295       617       309       311       308       708       707       746
 -1       659    6    0    1
 -2       223       225         2       617       239       238       235       764       700       743
 -1       660    6    0    1
 -2       186       305       295        41       744       318       770       191       317       307
 -1       661    6    0    1
 -2       223        18       233       186       236       244       246       771       193       745
 -1       662    6    0    1
 -2        28       185       225       226       194       716       237       272       715       274
 -1       663    6    0    1
 -2       297        51       298       185       310       343       346       717       192       714
 -1       664    6    0    1
 -2       519       512       513       566       553       555       552       769       775       784
 -1       665    6    0    1
 -2       389       133       391       617       471       468       413       689       676       765
 -1       666    6    0    1
 -2       148       519       513       171       550       552       549       509       759       787
 -1       667    6    0    1
 -2       143       514       167       144       539       768       500       155       540       499
 -1       668    6    0    1
 -2       147       170       148       513       507       506       159       547       781       549
 -1       669    6    0    1
 -2       513       170       148       171       781       506       549       787       182       509
 -1       670    6    0    1
 -2       391       223         7        68       695       241       397       398       240        79
 -1       671    6    0    1
 -2         7       225       223       617       242       239       241       788       700       764
 -1       672    6    0    1
 -2       297         8       295       617       315       312       311       707       778       746
 -1       673    6    0    1
 -2        19       233        18       186       245       244        30       207       745       193
 -1       674    6    0    1
 -2       185        28        27       226       194        39       220       715       272       271
 -1       675    6    0    1
 -2       225         7        78       392       242        90       243       698       399       400
 -1       676    6    0    1
 -2       513       511       517       566       556       559       548       784       776       786
 -1       677    6    0    1
 -2       566       511       517       570       776       559       786       601       777       780
 -1       678    6    0    1
 -2       170       513       566       171       781       784       599       182       787       602
 -1       679    6    0    1
 -2       145       146       517       168       157       545       543       503       502       783
 -1       680    6    0    1
 -2       566       513       519       171       784       552       769       602       787       759
 -1       681    6    0    1
 -2         6       230        23        22       789       257       197       204       256        34
 -1       682    6    0    1
 -2        14       117         9       114       790       369       130       379       368       115
 -1       683    6    0    1
 -2        14        13        11       126       131       129       791       380       127       376
 -1       684    6    0    1
 -2        14       126       117       114       380       792       790       379       378       368
 -1       685    6    0    1
 -2       168       146       517       169       502       545       783       180       505       785
 -1       686    6    0    1
 -2       570       168       517       169       595       783       780       598       180       785
 -1       687    6    0    1
 -2       304       302         4        46       333       793       794       332       328       199
 -1       688    6    0    1
 -2        23         3        24       232       198       195        35       259       795       260
 -1       689    6    0    1
 -2        15       162        11       571       173       485       482       576       575       796
 -1       690    6    0    1
 -2        16       518        13       139       522       797       487       150       523       488
 -1       691    6    0    1
 -2         5        46       302        45       200       328       798       205        57       329
 -1       692    6    0    1
 -2        22         6       230       302       204       789       256       687       799       631
 -1       693    6    0    1
 -2       304         4        47        46       794       202       331       332       199        58
 -1       694    6    0    1
 -2       304        24         3       232       697       195       800       669       260       795
 -1       695    6    0    1
 -2       565        10        15       172       801       479       577       578       480       184
 -1       696    6    0    1
 -2        16       149         9       512       161       477       476       525       524       802
 -1       697    6    0    1
 -2         5       302        22        45       798       687       203       205       329       206
 -1       698    6    0    1
 -2         4       304        47        24       794       331       202       196       697       201
 -1       699    6    0    1
 -2         4       126         5         6       803       374        65       804       128        66
 -1       700    6    0    1
 -2         3       126         4         6       377       803        64        67       128       804
 -1       701    6    0    1
 -2       302         5         4        46       798        65       793       328       200       199
 -1       702    6    0    1
 -2         4         3       302       304        64       805       793       794       800       333
 -1       703    6    0    1
 -2         6        22         5       302       204       203        66       799       687       798
 -1       704    6    0    1
 -2       512       571        14       518       728       806       807       526       703       808
 -1       705    6    0    1
 -2         4         5       126       121        65       374       803       370       123       375
 -1       706    6    0    1
 -2       117       126         4         3       792       803       119       367       377        64
 -1       707    6    0    1
 -2       304         4         3        24       794        64       800       697       196       195
 -1       708    6    0    1
 -2       565        14       512       571       809       807       718       579       806       728
 -1       709    6    0    1
 -2         9       565       512       473       810       718       802       475       682       719
 -1       710    6    0    1
 -2        10       172       565       473       480       578       801       474       481       682
 -1       711    6    0    1
 -2         9       512       149       473       802       524       477       475       719       478
 -1       712    6    0    1
 -2       117       126         3       114       792       377       367       368       378       116
 -1       713    6    0    1
 -2       126         4       121       117       803       370       375       792       119       371
 -1       714    6    0    1
 -2        12       565        15       571       811       577       137       812       579       576
 -1       715    6    0    1
 -2       512        14        16       518       807       138       525       526       808       522
 -1       716    6    0    1
 -2       302         6         4         5       799       804       793       798        66        65
 -1       717    6    0    1
 -2       302         4         6         3       793       804       799       805        64        67
 -1       718    6    0    1
 -2       472        13       571       518       483       813       701       702       797       703
 -1       719    6    0    1
 -2        11       571       162       472       796       575       485       484       701       486
 -1       720    6    0    1
 -2        13       518       472       139       797       702       483       488       523       489
 -1       721    6    0    1
 -2        14       565        12       571       809       811       814       806       579       812
 -1       722    6    0    1
 -2        10       565         9       473       801       810       120       474       682       475
 -1       723    6    0    1
 -2        14       512         9       565       807       802       130       809       718       810
 -1       724    6    0    1
 -2        10        15        12       565       479       137       124       801       577       811
 -1       725    6    0    1
 -2        16         9        14       512       476       130       138       525       802       807
 -1       726    6    0    1
 -2       571        13        14       518       813       131       806       703       797       808
 -1       727    6    0    1
 -2       571        11        13       472       796       129       813       701       484       483
 -1       728    6    0    1
 -2        13        16        14       518       487       138       131       797       522       808
 -1       729    6    0    1
 -2        12        15        11       571       137       482       125       812       576       796
 -1       730    6    0    1
 -2       571        14        11        12       806       791       796       812       814       125
 -1       731    6    0    1
 -2       571        11        14        13       796       791       806       813       129       131
 -1       732    6    0    1
 -2        76       227       381       385       289       626       435       433       627       437
 -1       733    6    0    1
 -2       381       227        76       228       626       289       435       645       270       292
 -1       734    6    0    1
 -2        99       299       381       300       362       624       463       363       342       644
 -1       735    6    0    1
 -2       299        99       381       385       362       463       624       623       460       437
 -1       736    6    0    1
 -2        98       386       299       301       458       654       361       360       634       339
 -1       737    6    0    1
 -2       299       386        98       385       654       458       361       623       434       461
 -1       738    6    0    1
 -2       299       385       229       386       623       694       655       654       434       635
 -1       739    6    0    1
 -2       385       299       229       227       623       655       694       627       625       267
 -1       740    6    0    1
 -2       231       395       296       224       693       620       732       255       618       622
 -1       741    6    0    1
 -2       231       303       395       396       642       692       693       639       641       422
 -1       742    6    0    1
 -2       395       303       231       296       692       642       693       620       327       732
 -1       743    6    0    1
 -2        95       296       394       302       354       621       454       355       330       632
 -1       744    6    0    1
 -2       394       296        95       395       621       354       454       425       620       453
 -1       745    6    0    1
 -2        72       394       224       230       424       619       281       284       628       258
 -1       746    6    0    1
 -2       394        72       224       395       424       281       619       425       420       618
 -1       747    6    0    1
 -2        96       393       302       394       457       630       356       455       428       632
 -1       748    6    0    1
 -2       393        96       302       304       457       356       630       663       357       333
 -1       749    6    0    1
 -2        73       393       230       232       426       629       283       286       670       261
 -1       750    6    0    1
 -2       393        73       230       394       426       283       629       428       423       628
 -1       751    6    0    1
 -2        97       393       301       304       456       637       359       358       663       336
 -1       752    6    0    1
 -2       301       393        97       386       637       456       359       634       431       459
 -1       753    6    0    1
 -2        74       229       393       232       288       636       427       285       264       670
 -1       754    6    0    1
 -2       229        74       393       386       288       427       636       635       429       431
 -1       755    6    0    1
 -2         7       617       392       225       788       675       399       242       700       698
 -1       756    6    0    1
 -2       392       617         7       132       675       788       399       402       677       134
 -1       757    6    0    1
 -2       391         7       617       132       397       788       765       401       134       677
 -1       758    6    0    1
 -2         7       391       617       223       397       765       788       241       695       764
 -1       759    6    0    1
 -2       390       617         8       133       774       778       403       408       676       136
 -1       760    6    0    1
 -2         8       617       390       295       778       774       403       312       746       712
 -1       761    6    0    1
 -2       126        12        11        14       815       125       376       380       814       791
 -1       762    6    0    1
 -2        12       126        11       121       815       376       125       373       375       122
 -1       763    6    0    1
 -2        12       126       117        14       815       792       372       814       380       790
 -1       764    6    0    1
 -2       126        12       117       121       815       372       792       375       373       371
 -1       765    6    0    1
 -2         9       117        12        10       369       372       816       120       118       124
 -1       766    6    0    1
 -2        12       117         9        14       372       369       816       814       790       130
 -1       767    6    0    1
 -2        12       565         9        10       811       810       816       124       801       120
 -1       768    6    0    1
 -2         9       565        12        14       810       811       816       130       809       814
 -1       769    6    0    1
 -2       230       232         3        23       261       795       817       257       259       198
 -1       770    6    0    1
 -2         3       232       230       304       795       261       817       800       669       664
 -1       771    6    0    1
 -2       230       302         3       304       631       805       817       664       333       800
 -1       772    6    0    1
 -2       230         6         3       302       789        67       817       631       799       805
 -1       773    6    0    1
 -2         3         6       230        23        67       789       817       198       197       257
 -3
    1PSTEP                         1           1           1          
  100CL  101 1.000000000         817                     0    1           1
 -4  DISP        4    1
 -5  D1          1    2    1    0
 -5  D2          1    2    2    0
 -5  D3          1    2    3    0
 -5  ALL         1    2    0    0    1ALL
 -1         1-5.70483E-04 1.24836E-06-3.31555E-07
 -1         2-5.70421E-04 1.21765E-06-2.47898E-07
 -1         3-3.29262E-04 7.19316E-07-3.01829E-05
 -1         4-3.29304E-04 9.71705E-07-3.02289E-05
 -1         5-3.29288E-04 8.45578E-07 3.05706E-05
 -1         6-3.29267E-04 1.05061E-06 3.05551E-05
 -1         7-4.97107E-04 1.19937E-06-2.69721E-07
 -1         8-4.97166E-04 1.06286E-06-3.56191E-07
 -1         9-1.77694E-07 5.00060E-08-5.25009E-07
 -1        10-1.77543E-07 4.16697E-07-5.60524E-07
 -1        11-1.79500E-07 6.87778E-09 5.67366E-07
 -1        12-6.35468E-09 2.32454E-07-3.08315E-08
 -1        13-1.88694E-07 4.27368E-07 5.52571E-07
 -1        14-2.60309E-08 2.28400E-07 2.02148E-08
 -1        15-3.77572E-08 2.47824E-07-6.58056E-08
 -1        16-6.36580E-08 2.26499E-07 2.08499E-09
 -1        17-5.70452E-04 1.23361E-06-2.78075E-07
 -1        18-5.54087E-04 1.26076E-06 6.10633E-05
 -1        19-5.09110E-04 1.26094E-06 1.06079E-04
 -1        20-4.47681E-04 1.20796E-06 1.22483E-04
 -1        21-3.86470E-04 1.11287E-06 1.06005E-04
 -1        22-3.41765E-04 1.01954E-06 6.12457E-05
 -1        23-3.25326E-04 8.78591E-07 2.69161E-07
 -1        24-3.41729E-04 7.90668E-07-6.09967E-05
 -1        25-3.86869E-04 8.64518E-07-1.06133E-04
 -1        26-4.48432E-04 9.66318E-07-1.22436E-04
 -1        27-5.09506E-04 1.06773E-06-1.05861E-04
 -1        28-5.54025E-04 1.15270E-06-6.12268E-05
 -1        29-5.66303E-04 1.24505E-06 3.14519E-05
 -1        30-5.34576E-04 1.26686E-06 8.65324E-05
 -1        31-4.79458E-04 1.24144E-06 1.18335E-04
 -1        32-4.15968E-04 1.16395E-06 1.18264E-04
 -1        33-3.61177E-04 1.06195E-06 8.65626E-05
 -1        34-3.29541E-04 1.01611E-06 3.17420E-05
 -1        35-3.29494E-04 7.48255E-07-3.12926E-05
 -1        36-3.61299E-04 8.23818E-07-8.65504E-05
 -1        37-4.16606E-04 9.09088E-07-1.18363E-04
 -1        38-4.80106E-04 1.01867E-06-1.18149E-04
 -1        39-5.34693E-04 1.11297E-06-8.64532E-05
 -1        40-5.66215E-04 1.18894E-06-3.18405E-05
 -1        41-5.54149E-04 1.28340E-06 6.09800E-05
 -1        42-5.09172E-04 1.25547E-06 1.05995E-04
 -1        43-4.47749E-04 1.18699E-06 1.22405E-04
 -1        44-3.86541E-04 1.09664E-06 1.05928E-04
 -1        45-3.41848E-04 1.00544E-06 6.11927E-05
 -1        46-3.25426E-04 9.14126E-07 1.38808E-07
 -1        47-3.41814E-04 8.40601E-07-6.11109E-05
 -1        48-3.86946E-04 8.26644E-07-1.06228E-04
 -1        49-4.48497E-04 8.96257E-07-1.22536E-04
 -1        50-5.09567E-04 1.01819E-06-1.05950E-04
 -1        51-5.54084E-04 1.15202E-06-6.13161E-05
 -1        52-5.66365E-04 1.27328E-06 3.13678E-05
 -1        53-5.34638E-04 1.27579E-06 8.64508E-05
 -1        54-4.79526E-04 1.22612E-06 1.18256E-04
 -1        55-4.16035E-04 1.14262E-06 1.18190E-04
 -1        56-3.61251E-04 1.04966E-06 8.64927E-05
 -1        57-3.29611E-04 8.79533E-07 3.16952E-05
 -1        58-3.29584E-04 9.48956E-07-3.14029E-05
 -1        59-3.61388E-04 8.24314E-07-8.66558E-05
 -1        60-4.16685E-04 8.53842E-07-1.18459E-04
 -1        61-4.80162E-04 9.55550E-07-1.18240E-04
 -1        62-5.34751E-04 1.08802E-06-8.65446E-05
 -1        63-5.66275E-04 1.20605E-06-3.19281E-05
 -1        64-3.29316E-04 8.41279E-07-3.01996E-05
 -1        65-3.25411E-04 9.09656E-07 1.48094E-07
 -1        66-3.29300E-04 9.48655E-07 3.05428E-05
 -1        67-3.25333E-04 8.82616E-07 2.38114E-07
 -1        68-4.90354E-04 1.18505E-06 2.42516E-05
 -1        69-4.72267E-04 1.14006E-06 4.22615E-05
 -1        70-4.47672E-04 1.09014E-06 4.89071E-05
 -1        71-4.23160E-04 1.05354E-06 4.24324E-05
 -1        72-4.05286E-04 1.04217E-06 2.46153E-05
 -1        73-3.98869E-04 1.05990E-06 2.77923E-07
 -1        74-4.05739E-04 1.02695E-06-2.41559E-05
 -1        75-4.24030E-04 9.27557E-07-4.21784E-05
 -1        76-4.48731E-04 8.81379E-07-4.88706E-05
 -1        77-4.73137E-04 9.67157E-07-4.24296E-05
 -1        78-4.90825E-04 1.10020E-06-2.46508E-05
 -1        79-4.95338E-04 1.19920E-06 1.24172E-05
 -1        80-4.82488E-04 1.16476E-06 3.44359E-05
 -1        81-4.60396E-04 1.11473E-06 4.71984E-05
 -1        82-4.34975E-04 1.06920E-06 4.72808E-05
 -1        83-4.13038E-04 1.04407E-06 3.46982E-05
 -1        84-4.00456E-04 1.04956E-06 1.28775E-05
 -1        85-4.00672E-04 1.05625E-06-1.23562E-05
 -1        86-4.13688E-04 9.80803E-07-3.43345E-05
 -1        87-4.35938E-04 8.96258E-07-4.71359E-05
 -1        88-4.61343E-04 9.21955E-07-4.72636E-05
 -1        89-4.83142E-04 1.03859E-06-3.47265E-05
 -1        90-4.95568E-04 1.16275E-06-1.28996E-05
 -1        91-4.90418E-04 1.10886E-06 2.41677E-05
 -1        92-4.72333E-04 1.14255E-06 4.21796E-05
 -1        93-4.47741E-04 1.14062E-06 4.88288E-05
 -1        94-4.23233E-04 1.09639E-06 4.23594E-05
 -1        95-4.05364E-04 1.02160E-06 2.45453E-05
 -1        96-3.98951E-04 9.42292E-07 1.85390E-07
 -1        97-4.05826E-04 9.40787E-07-2.42582E-05
 -1        98-4.24131E-04 1.05558E-06-4.22788E-05
 -1        99-4.48802E-04 1.14285E-06-4.89630E-05
 -1       100-4.73176E-04 1.12555E-06-4.25222E-05
 -1       101-4.90887E-04 1.09099E-06-2.47379E-05
 -1       102-4.95401E-04 1.08313E-06 1.23305E-05
 -1       103-4.82553E-04 1.12893E-06 3.43531E-05
 -1       104-4.60463E-04 1.14668E-06 4.71184E-05
 -1       105-4.35047E-04 1.12355E-06 4.72048E-05
 -1       106-4.13114E-04 1.06160E-06 3.46279E-05
 -1       107-4.00536E-04 9.79278E-07 1.27986E-05
 -1       108-4.00755E-04 9.24865E-07-1.24551E-05
 -1       109-4.13775E-04 9.83799E-07-3.44335E-05
 -1       110-4.36025E-04 1.10556E-06-4.72313E-05
 -1       111-4.61393E-04 1.13241E-06-4.73571E-05
 -1       112-4.83191E-04 1.10386E-06-3.48158E-05
 -1       113-4.95633E-04 1.06625E-06-1.29881E-05
 -1       114-1.64258E-04 4.59276E-07-2.36907E-05
 -1       115-4.31681E-05 1.72611E-07-1.21570E-05
 -1       116-2.41742E-04 5.83677E-07-2.72224E-05
 -1       117-1.64261E-04 1.03099E-06-2.37479E-05
 -1       118-4.31572E-05 7.73059E-07-1.21980E-05
 -1       119-2.41787E-04 9.87903E-07-2.72063E-05
 -1       120-2.37441E-07 2.38957E-07-6.03736E-07
 -1       121-1.64224E-04 4.50532E-07 2.38987E-05
 -1       122-4.31619E-05 1.43444E-07 1.23006E-05
 -1       123-2.41825E-04 6.34952E-07 2.74523E-05
 -1       124-1.01956E-07 3.53368E-07-4.13144E-07
 -1       125-1.46710E-07 9.35117E-08 3.62389E-07
 -1       126-1.64253E-04 9.96430E-07 2.39653E-05
 -1       127-4.31769E-05 7.47253E-07 1.23411E-05
 -1       128-2.41801E-04 1.02299E-06 2.75157E-05
 -1       129-2.52759E-07 2.16152E-07 6.13406E-07
 -1       130-1.46055E-07 1.16760E-07-3.43937E-07
 -1       131-1.18614E-07 3.53787E-07 3.98971E-07
 -1       132-4.97130E-04 1.15001E-06-2.67101E-07
 -1       133-4.97153E-04 1.11023E-06-3.03496E-07
 -1       134-4.97117E-04 1.17360E-06-2.63545E-07
 -1       135-4.97136E-04 1.12973E-06-2.81026E-07
 -1       136-4.97160E-04 1.08787E-06-3.27225E-07
 -1       137-4.04095E-08 2.39912E-07-4.84940E-08
 -1       138-6.44751E-08 2.29433E-07 8.70477E-09
 -1       139-4.92712E-08 1.85185E-07 1.63208E-07
 -1       140-4.53437E-08 1.09595E-07 8.48771E-08
 -1       141-3.35624E-08 3.85275E-08 6.73761E-08
 -1       142-1.09134E-08 3.30892E-09 2.91563E-08
 -1       143 7.32956E-09-1.39182E-08 8.42342E-09
 -1       144 1.55792E-08-4.23671E-08 6.51553E-10
 -1       145 5.97088E-09-2.98138E-08-8.32161E-09
 -1       146-1.04861E-08 5.92141E-08-2.99511E-08
 -1       147-3.29733E-08 1.66377E-07-6.35598E-08
 -1       148-4.78250E-08 2.36807E-07-8.92724E-08
 -1       149-6.47827E-08 2.51957E-07-1.53551E-07
 -1       150-1.08731E-07 3.78373E-07 3.99792E-07
 -1       151-4.41907E-08 1.49827E-07 1.10421E-07
 -1       152-4.23826E-08 7.15046E-08 7.66461E-08
 -1       153-2.22687E-08 1.43822E-08 5.17600E-08
 -1       154 5.27232E-10 0.00000E+00 0.00000E+00
 -1       155 1.31905E-08-3.14449E-08 7.33142E-09
 -1       156 1.28636E-08-4.29078E-08-5.60871E-09
 -1       157 0.00000E+00 0.00000E+00 0.00000E+00
 -1       158-2.18664E-08 1.15146E-07-4.92890E-08
 -1       159-4.09939E-08 2.07651E-07-7.46102E-08
 -1       160-5.02126E-08 2.51561E-07-1.13139E-07
 -1       161-1.29855E-07 7.83971E-08-3.90003E-07
 -1       162-2.01157E-08 1.87432E-07 1.02597E-07
 -1       163-2.32192E-08 1.03464E-07 4.41827E-08
 -1       164-1.01594E-08 3.45755E-08 2.70429E-08
 -1       165 5.73138E-09-1.89188E-09 1.12215E-08
 -1       166 8.57198E-09-1.61178E-08-1.55509E-08
 -1       167 1.26561E-08-4.24972E-08-4.98020E-08
 -1       168 1.24846E-08-2.86751E-08-8.30834E-08
 -1       169 8.78973E-09 6.21462E-08-1.08755E-07
 -1       170-5.75232E-09 1.69813E-07-1.25860E-07
 -1       171-1.73772E-08 2.43413E-07-1.42665E-07
 -1       172-3.74470E-08 2.54918E-07-2.00947E-07
 -1       173-8.31932E-08 3.81962E-08 3.45219E-07
 -1       174-1.84439E-08 1.43193E-07 5.99200E-08
 -1       175-1.86557E-08 6.75589E-08 3.43297E-08
 -1       176-1.36642E-09 1.11345E-08 1.91417E-08
 -1       177 9.17610E-09-6.52322E-09 0.00000E+00
 -1       178 1.15417E-08-3.18106E-08-3.24877E-08
 -1       179 1.28760E-08-4.30670E-08-6.68796E-08
 -1       180 1.15897E-08 9.37629E-09-9.57311E-08
 -1       181 2.00068E-09 1.18109E-07-1.17956E-07
 -1       182-1.13709E-08 2.12381E-07-1.31993E-07
 -1       183-1.86592E-08 2.58506E-07-1.59287E-07
 -1       184-1.02742E-07 3.94443E-07-4.13121E-07
 -1       185-5.54058E-04 1.15145E-06-6.12713E-05
 -1       186-5.54115E-04 1.27213E-06 6.10290E-05
 -1       187-5.66263E-04 1.20202E-06-3.19037E-05
 -1       188-5.66231E-04 1.19284E-06-3.18580E-05
 -1       189-5.66347E-04 1.26660E-06 3.13954E-05
 -1       190-5.66316E-04 1.25177E-06 3.14375E-05
 -1       191-5.54131E-04 1.27769E-06 6.10064E-05
 -1       192-5.54070E-04 1.15176E-06-6.12920E-05
 -1       193-5.54100E-04 1.26648E-06 6.10480E-05
 -1       194-5.54040E-04 1.15232E-06-6.12472E-05
 -1       195-3.34451E-04 7.47918E-07-4.60119E-05
 -1       196-3.34479E-04 8.14954E-07-4.60717E-05
 -1       197-3.26336E-04 9.69536E-07 1.55482E-05
 -1       198-3.26321E-04 7.92190E-07-1.50654E-05
 -1       199-3.26400E-04 9.50637E-07-1.51673E-05
 -1       200-3.26399E-04 8.70906E-07 1.54818E-05
 -1       201-3.41771E-04 8.23343E-07-6.10703E-05
 -1       202-3.34509E-04 9.08097E-07-4.60997E-05
 -1       203-3.34510E-04 9.84922E-07 4.63577E-05
 -1       204-3.34493E-04 1.03662E-06 4.63476E-05
 -1       205-3.34539E-04 9.21467E-07 4.63226E-05
 -1       206-3.41797E-04 1.00641E-06 6.12269E-05
 -1       207-5.34591E-04 1.26985E-06 8.65161E-05
 -1       208-4.47719E-04 1.19708E-06 1.22444E-04
 -1       209-4.79496E-04 1.23283E-06 1.18296E-04
 -1       210-5.09143E-04 1.25798E-06 1.06037E-04
 -1       211-5.34620E-04 1.27263E-06 8.64753E-05
 -1       212-3.86509E-04 1.10525E-06 1.05968E-04
 -1       213-4.16006E-04 1.15371E-06 1.18228E-04
 -1       214-3.61213E-04 1.05565E-06 8.65307E-05
 -1       215-3.61339E-04 8.26592E-07-8.66112E-05
 -1       216-4.16632E-04 8.81923E-07-1.18410E-04
 -1       217-3.86900E-04 8.46299E-07-1.06182E-04
 -1       218-4.80119E-04 9.86945E-07-1.18197E-04
 -1       219-4.48448E-04 9.30708E-07-1.22486E-04
 -1       220-5.34708E-04 1.10792E-06-8.64764E-05
 -1       221-5.09527E-04 1.04342E-06-1.05910E-04
 -1       222-5.34734E-04 1.09344E-06-8.65211E-05
 -1       223-5.26081E-04 1.21165E-06 2.06532E-05
 -1       224-3.90574E-04 1.05332E-06 5.71599E-05
 -1       225-5.24861E-04 1.16771E-06-2.14542E-05
 -1       226-5.03933E-04 1.08279E-06-5.68308E-05
 -1       227-4.27489E-04 9.41519E-07-7.80139E-05
 -1       228-4.68579E-04 9.97870E-07-7.57048E-05
 -1       229-3.91258E-04 9.31707E-07-5.56878E-05
 -1       230-3.70668E-04 1.00451E-06 2.01586E-05
 -1       231-4.27668E-04 1.11555E-06 7.71000E-05
 -1       232-3.72213E-04 9.65231E-07-1.99306E-05
 -1       233-5.03780E-04 1.20548E-06 5.66654E-05
 -1       234-4.68003E-04 1.16835E-06 7.55965E-05
 -1       235-5.48265E-04 1.21466E-06 1.01921E-05
 -1       236-5.40065E-04 1.23384E-06 4.08462E-05
 -1       237-5.39453E-04 1.15460E-06-4.13448E-05
 -1       238-5.47620E-04 1.19330E-06-1.08611E-05
 -1       239-5.25470E-04 1.19382E-06-4.38473E-07
 -1       240-5.08255E-04 1.20198E-06 2.24492E-05
 -1       241-5.11575E-04 1.20041E-06 1.01791E-05
 -1       242-5.10998E-04 1.17766E-06-1.08770E-05
 -1       243-5.07774E-04 1.14632E-06-2.30507E-05
 -1       244-5.28938E-04 1.23587E-06 5.88558E-05
 -1       245-5.06433E-04 1.23172E-06 8.13649E-05
 -1       246-5.14946E-04 1.20991E-06 3.86435E-05
 -1       247-4.88550E-04 1.21652E-06 9.08240E-05
 -1       248-4.57833E-04 1.18773E-06 9.90456E-05
 -1       249-4.85887E-04 1.18663E-06 6.61373E-05
 -1       250-4.37669E-04 1.16320E-06 9.97803E-05
 -1       251-4.07060E-04 1.11519E-06 9.15607E-05
 -1       252-4.47814E-04 1.14033E-06 7.63503E-05
 -1       253-3.88515E-04 1.08265E-06 8.15773E-05
 -1       254-3.66174E-04 1.03490E-06 5.92133E-05
 -1       255-4.09105E-04 1.08357E-06 6.71211E-05
 -1       256-3.56204E-04 1.01288E-06 4.06662E-05
 -1       257-3.47971E-04 9.63586E-07 1.01971E-05
 -1       258-3.80628E-04 1.03012E-06 3.86440E-05
 -1       259-3.48729E-04 8.97822E-07-9.80077E-06
 -1       260-3.56990E-04 8.72076E-07-4.04151E-05
 -1       261-3.71435E-04 9.88779E-07 1.42276E-07
 -1       262-3.66476E-04 8.68597E-07-5.83355E-05
 -1       263-3.89078E-04 8.92414E-07-8.09014E-05
 -1       264-3.81718E-04 9.48534E-07-3.77685E-05
 -1       265-4.07179E-04 9.05238E-07-9.20557E-05
 -1       266-4.37970E-04 9.51102E-07-1.00236E-04
 -1       267-4.09397E-04 9.35905E-07-6.68734E-05
 -1       268-4.58512E-04 9.81975E-07-9.90535E-05
 -1       269-4.89047E-04 1.03534E-06-9.07974E-05
 -1       270-4.48098E-04 9.65750E-07-7.68583E-05
 -1       271-5.06726E-04 1.07335E-06-8.13373E-05
 -1       272-5.28968E-04 1.12267E-06-5.90383E-05
 -1       273-4.86288E-04 1.03801E-06-6.62454E-05
 -1       274-5.14388E-04 1.12702E-06-3.91461E-05
 -1       275-4.88038E-04 1.17747E-06 4.94726E-05
 -1       276-4.97069E-04 1.19161E-06 4.04594E-05
 -1       277-4.57833E-04 1.13191E-06 6.22492E-05
 -1       278-4.70134E-04 1.15103E-06 5.89463E-05
 -1       279-4.25411E-04 1.08345E-06 5.97468E-05
 -1       280-4.37659E-04 1.10161E-06 6.30180E-05
 -1       281-3.97938E-04 1.04458E-06 4.08695E-05
 -1       282-4.06865E-04 1.05718E-06 4.97952E-05
 -1       283-3.84764E-04 1.02801E-06 1.02262E-05
 -1       284-3.88011E-04 1.02955E-06 2.23904E-05
 -1       285-3.88908E-04 1.00323E-06-2.20423E-05
 -1       286-3.85573E-04 1.01658E-06-9.80509E-06
 -1       287-4.07581E-04 9.55715E-07-4.89625E-05
 -1       288-3.98478E-04 9.80636E-07-3.99161E-05
 -1       289-4.38098E-04 9.38753E-07-6.34370E-05
 -1       290-4.25734E-04 9.39780E-07-6.01428E-05
 -1       291-4.70843E-04 9.93762E-07-5.90254E-05
 -1       292-4.58635E-04 9.65108E-07-6.22981E-05
 -1       293-4.97350E-04 1.09062E-06-4.07220E-05
 -1       294-4.88485E-04 1.04964E-06-4.96111E-05
 -1       295-5.26145E-04 1.17417E-06 2.05681E-05
 -1       296-3.90648E-04 1.05304E-06 5.70906E-05
 -1       297-5.24923E-04 1.12937E-06-2.15408E-05
 -1       298-5.03994E-04 1.08347E-06-5.69208E-05
 -1       299-4.27569E-04 9.54233E-07-7.81143E-05
 -1       300-4.68638E-04 1.02663E-06-7.57963E-05
 -1       301-3.91338E-04 9.09007E-07-5.57917E-05
 -1       302-3.70755E-04 9.60466E-07 2.00955E-05
 -1       303-4.27738E-04 1.12745E-06 7.70243E-05
 -1       304-3.72293E-04 9.07540E-07-2.00404E-05
 -1       305-5.03845E-04 1.19204E-06 5.65829E-05
 -1       306-4.68068E-04 1.17562E-06 7.55165E-05
 -1       307-5.40128E-04 1.23143E-06 4.07621E-05
 -1       308-5.48327E-04 1.21136E-06 1.01074E-05
 -1       309-5.47680E-04 1.18891E-06-1.09476E-05
 -1       310-5.39513E-04 1.14550E-06-4.14332E-05
 -1       311-5.25533E-04 1.14683E-06-5.25059E-07
 -1       312-5.11638E-04 1.12296E-06 1.00940E-05
 -1       313-5.08318E-04 1.13773E-06 2.23647E-05
 -1       314-5.07837E-04 1.09725E-06-2.31370E-05
 -1       315-5.11064E-04 1.10132E-06-1.09653E-05
 -1       316-5.06495E-04 1.22577E-06 8.12846E-05
 -1       317-5.29001E-04 1.23519E-06 5.87728E-05
 -1       318-5.15010E-04 1.18142E-06 3.85597E-05
 -1       319-4.57898E-04 1.18129E-06 9.89665E-05
 -1       320-4.88618E-04 1.21376E-06 9.07445E-05
 -1       321-4.85954E-04 1.18309E-06 6.60552E-05
 -1       322-4.07128E-04 1.11093E-06 9.14867E-05
 -1       323-4.37738E-04 1.15678E-06 9.97033E-05
 -1       324-4.47883E-04 1.15225E-06 7.62720E-05
 -1       325-3.66248E-04 1.02444E-06 5.91485E-05
 -1       326-3.88587E-04 1.07652E-06 8.15067E-05
 -1       327-4.09177E-04 1.09081E-06 6.70471E-05
 -1       328-3.48061E-04 9.19325E-07 1.00895E-05
 -1       329-3.56288E-04 9.75164E-07 4.06194E-05
 -1       330-3.80705E-04 1.00762E-06 3.85817E-05
 -1       331-3.57073E-04 8.81424E-07-4.05291E-05
 -1       332-3.48812E-04 9.31232E-07-9.92608E-06
 -1       333-3.71518E-04 9.34538E-07 4.00566E-08
 -1       334-3.89159E-04 8.72832E-07-8.10076E-05
 -1       335-3.66557E-04 8.72929E-07-5.84393E-05
 -1       336-3.81801E-04 9.07652E-07-3.78797E-05
 -1       337-4.38043E-04 9.26495E-07-1.00333E-04
 -1       338-4.07252E-04 8.89724E-07-9.21576E-05
 -1       339-4.09469E-04 9.31591E-07-6.69723E-05
 -1       340-4.89107E-04 1.02034E-06-9.08895E-05
 -1       341-4.58573E-04 9.62331E-07-9.91489E-05
 -1       342-4.48166E-04 9.94822E-07-7.69518E-05
 -1       343-5.29027E-04 1.11296E-06-5.91277E-05
 -1       344-5.06787E-04 1.05380E-06-8.14333E-05
 -1       345-4.86339E-04 1.05556E-06-6.63404E-05
 -1       346-5.14449E-04 1.10362E-06-3.92344E-05
 -1       347-4.97133E-04 1.15436E-06 4.03765E-05
 -1       348-4.88104E-04 1.16278E-06 4.93904E-05
 -1       349-4.70199E-04 1.16182E-06 5.88654E-05
 -1       350-4.57900E-04 1.15540E-06 6.21693E-05
 -1       351-4.37729E-04 1.13462E-06 6.29404E-05
 -1       352-4.25483E-04 1.11403E-06 5.96711E-05
 -1       353-4.06939E-04 1.07069E-06 4.97236E-05
 -1       354-3.98013E-04 1.03995E-06 4.08013E-05
 -1       355-3.88089E-04 9.88806E-07 2.23208E-05
 -1       356-3.84845E-04 9.54176E-07 1.01457E-05
 -1       357-3.85653E-04 9.22489E-07-9.90630E-06
 -1       358-3.88990E-04 9.15735E-07-2.21469E-05
 -1       359-3.98561E-04 9.22816E-07-4.00206E-05
 -1       360-4.07653E-04 9.51310E-07-4.90665E-05
 -1       361-4.25827E-04 9.92804E-07-6.02384E-05
 -1       362-4.38174E-04 1.02340E-06-6.35288E-05
 -1       363-4.58695E-04 1.05671E-06-6.23878E-05
 -1       364-4.70893E-04 1.06801E-06-5.91182E-05
 -1       365-4.88538E-04 1.08187E-06-4.97041E-05
 -1       366-4.97410E-04 1.08657E-06-4.08117E-05
 -1       367-2.41819E-04 8.00428E-07-2.72139E-05
 -1       368-1.64345E-04 7.46026E-07-2.37213E-05
 -1       369-4.32403E-05 4.66988E-07-1.21625E-05
 -1       370-2.41639E-04 7.84980E-07 1.64882E-07
 -1       371-1.64005E-04 7.41672E-07 5.47358E-08
 -1       372-4.35041E-05 6.13379E-07-6.10254E-06
 -1       373-4.35107E-05 2.87356E-07 6.21502E-06
 -1       374-2.41880E-04 8.32856E-07 2.75132E-05
 -1       375-1.64316E-04 7.23402E-07 2.39330E-05
 -1       376-4.32472E-05 4.37407E-07 1.23054E-05
 -1       377-2.41633E-04 8.34745E-07 1.47348E-07
 -1       378-1.64023E-04 7.37865E-07 1.34044E-07
 -1       379-4.35225E-05 3.03986E-07-6.07308E-06
 -1       380-4.35250E-05 5.97968E-07 6.25268E-06
 -1       381-4.60734E-04 1.02816E-06-4.74475E-05
 -1       382-4.81570E-04 1.07006E-06-3.62567E-05
 -1       383-4.80943E-04 1.14693E-06 3.58918E-05
 -1       384-4.59874E-04 1.13029E-06 4.73047E-05
 -1       385-4.35903E-04 9.94232E-07-4.71794E-05
 -1       386-4.13684E-04 9.87550E-07-3.43859E-05
 -1       387-4.95632E-04 1.08958E-06-1.29630E-05
 -1       388-4.92878E-04 1.09984E-06-2.06197E-05
 -1       389-4.92525E-04 1.14235E-06 2.01016E-05
 -1       390-4.95383E-04 1.10448E-06 1.23544E-05
 -1       391-4.95747E-04 1.16292E-06 1.08499E-05
 -1       392-4.95962E-04 1.13103E-06-1.13708E-05
 -1       393-4.00693E-04 9.91274E-07-1.23992E-05
 -1       394-4.00488E-04 1.01367E-06 1.28345E-05
 -1       395-4.13076E-04 1.05179E-06 3.46661E-05
 -1       396-4.35021E-04 1.09598E-06 4.72457E-05
 -1       397-4.96745E-04 1.18072E-06 5.32898E-06
 -1       398-4.93540E-04 1.17796E-06 1.77430E-05
 -1       399-4.96850E-04 1.16498E-06-5.85626E-06
 -1       400-4.93874E-04 1.12145E-06-1.82128E-05
 -1       401-4.96755E-04 1.15813E-06 5.32669E-06
 -1       402-4.96864E-04 1.14210E-06-5.85786E-06
 -1       403-4.96690E-04 1.08391E-06 6.05320E-06
 -1       404-4.93286E-04 1.10525E-06 1.84192E-05
 -1       405-4.96812E-04 1.07554E-06-6.71313E-06
 -1       406-4.93641E-04 1.08711E-06-1.90185E-05
 -1       407-4.96802E-04 1.10020E-06-6.69092E-06
 -1       408-4.96679E-04 1.10566E-06 6.08031E-06
 -1       409-4.76775E-04 1.14656E-06 3.93061E-05
 -1       410-4.86085E-04 1.16081E-06 3.04317E-05
 -1       411-4.87522E-04 1.14662E-06 2.85718E-05
 -1       412-4.91482E-04 1.16467E-06 2.22025E-05
 -1       413-4.94367E-04 1.15180E-06 1.55553E-05
 -1       414-4.53822E-04 1.11230E-06 4.84835E-05
 -1       415-4.66241E-04 1.13266E-06 4.52025E-05
 -1       416-4.71102E-04 1.14068E-06 4.28940E-05
 -1       417-4.28930E-04 1.07425E-06 4.52298E-05
 -1       418-4.41294E-04 1.09366E-06 4.84904E-05
 -1       419-4.47429E-04 1.11466E-06 4.88710E-05
 -1       420-4.08843E-04 1.04347E-06 2.98964E-05
 -1       421-4.17862E-04 1.05526E-06 3.88844E-05
 -1       422-4.23206E-04 1.07457E-06 4.23979E-05
 -1       423-3.99253E-04 1.03079E-06 6.59837E-06
 -1       424-4.02492E-04 1.03274E-06 1.88888E-05
 -1       425-4.05329E-04 1.03145E-06 2.45773E-05
 -1       426-3.99355E-04 1.02512E-06-6.11929E-06
 -1       427-4.02808E-04 1.01136E-06-1.84388E-05
 -1       428-3.98909E-04 1.00099E-06 2.15829E-07
 -1       429-4.09356E-04 9.98099E-07-2.95304E-05
 -1       430-4.18545E-04 9.73647E-07-3.85998E-05
 -1       431-4.05733E-04 9.85625E-07-2.42172E-05
 -1       432-4.29766E-04 9.66619E-07-4.50569E-05
 -1       433-4.42175E-04 9.57764E-07-4.84381E-05
 -1       434-4.23954E-04 9.91813E-07-4.22282E-05
 -1       435-4.54723E-04 9.72357E-07-4.85389E-05
 -1       436-4.67054E-04 1.00302E-06-4.53776E-05
 -1       437-4.48316E-04 1.01057E-06-4.89074E-05
 -1       438-4.77485E-04 1.03267E-06-3.95888E-05
 -1       439-4.86627E-04 1.07817E-06-3.08157E-05
 -1       440-4.71853E-04 1.04835E-06-4.31404E-05
 -1       441-4.88013E-04 1.08586E-06-2.90120E-05
 -1       442-4.91887E-04 1.10452E-06-2.26674E-05
 -1       443-4.94651E-04 1.11439E-06-1.60751E-05
 -1       444-4.86118E-04 1.13422E-06 3.03899E-05
 -1       445-4.76807E-04 1.14203E-06 3.92650E-05
 -1       446-4.91516E-04 1.12446E-06 2.21596E-05
 -1       447-4.94115E-04 1.12532E-06 1.62876E-05
 -1       448-4.66273E-04 1.13997E-06 4.51622E-05
 -1       449-4.53856E-04 1.13387E-06 4.84443E-05
 -1       450-4.41329E-04 1.11834E-06 4.84518E-05
 -1       451-4.28967E-04 1.09689E-06 4.51927E-05
 -1       452-4.17899E-04 1.07170E-06 3.88490E-05
 -1       453-4.08882E-04 1.03994E-06 2.98622E-05
 -1       454-4.02534E-04 1.01265E-06 1.88539E-05
 -1       455-3.99295E-04 9.84268E-07 6.55503E-06
 -1       456-4.02852E-04 9.62793E-07-1.84902E-05
 -1       457-3.99397E-04 9.66389E-07-6.16985E-06
 -1       458-4.18606E-04 1.00067E-06-3.86529E-05
 -1       459-4.09401E-04 9.68509E-07-2.95810E-05
 -1       460-4.42212E-04 1.05028E-06-4.84878E-05
 -1       461-4.29795E-04 1.02299E-06-4.51037E-05
 -1       462-4.67079E-04 1.07310E-06-4.54246E-05
 -1       463-4.54753E-04 1.06643E-06-4.85870E-05
 -1       464-4.86654E-04 1.08476E-06-3.08590E-05
 -1       465-4.77507E-04 1.08418E-06-3.96344E-05
 -1       466-4.91921E-04 1.09064E-06-2.27098E-05
 -1       467-4.94414E-04 1.09633E-06-1.68488E-05
 -1       468-4.96763E-04 1.13848E-06 5.31436E-06
 -1       469-4.96867E-04 1.12372E-06-5.87083E-06
 -1       470-4.96111E-04 1.10896E-06-1.07100E-05
 -1       471-4.95930E-04 1.12868E-06 1.01379E-05
 -1       472-6.03891E-08 2.00738E-07 2.39635E-07
 -1       473-8.42055E-08 2.39055E-07-2.92366E-07
 -1       474-1.41568E-07 3.11718E-07-3.88168E-07
 -1       475-1.47459E-07 1.52573E-07-3.92436E-07
 -1       476-1.29603E-07 1.19003E-07-2.85490E-07
 -1       477-1.18698E-07 1.14922E-07-3.62792E-07
 -1       478-6.60953E-08 2.29744E-07-2.27340E-07
 -1       479-1.07094E-07 3.49361E-07-3.40178E-07
 -1       480-1.08220E-07 3.66061E-07-3.90709E-07
 -1       481-5.53439E-08 2.60537E-07-2.46525E-07
 -1       482-1.16608E-07 1.05475E-07 2.71328E-07
 -1       483-1.38602E-07 2.94356E-07 3.61164E-07
 -1       484-1.17273E-07 1.40025E-07 3.29106E-07
 -1       485-7.97194E-08 6.42175E-08 3.15559E-07
 -1       486-1.95088E-08 1.66969E-07 1.77765E-07
 -1       487-1.22188E-07 3.42965E-07 3.05735E-07
 -1       488-9.75721E-08 3.39309E-07 3.48146E-07
 -1       489-4.12299E-08 2.19260E-07 1.96757E-07
 -1       490-3.32450E-08 1.06324E-07 6.47177E-08
 -1       491-3.07820E-08 1.43782E-07 8.91928E-08
 -1       492-2.71406E-08 1.82219E-07 1.35503E-07
 -1       493-2.15212E-08 3.63198E-08 4.67405E-08
 -1       494-2.93819E-08 6.96023E-08 5.45766E-08
 -1       495-2.38518E-09-4.82874E-10 2.21712E-08
 -1       496-1.13833E-08 1.20829E-08 3.57250E-08
 -1       497 7.76717E-09-1.48098E-08-1.15104E-09
 -1       498 4.93506E-09-3.25324E-09 6.90062E-09
 -1       499 1.36440E-08-4.24817E-08-2.45621E-08
 -1       500 1.18519E-08-3.12907E-08-1.28469E-08
 -1       501 1.26139E-08-4.29343E-08-3.56737E-08
 -1       502 5.58805E-09 7.10178E-09-5.61865E-08
 -1       503 8.58293E-09-2.91462E-08-4.75630E-08
 -1       504-9.40658E-09 1.17125E-07-8.41414E-08
 -1       505-6.55426E-10 6.11398E-08-7.07015E-08
 -1       506-2.55335E-08 2.10284E-07-1.03118E-07
 -1       507-1.90144E-08 1.68291E-07-9.44254E-08
 -1       508-3.01618E-08 2.55395E-07-1.38974E-07
 -1       509-3.18946E-08 2.40367E-07-1.15957E-07
 -1       510-4.33184E-08 2.49728E-07-1.91610E-07
 -1       511 5.88263E-09 9.88154E-08 6.03007E-09
 -1       512 2.47448E-08 1.75893E-07-5.42117E-08
 -1       513-1.84578E-08 1.49101E-07-6.44254E-08
 -1       514 1.11319E-09 2.42128E-08 8.05654E-09
 -1       515-1.20508E-08 5.33329E-08 4.12076E-08
 -1       516-1.26722E-08 1.30981E-07 9.94468E-08
 -1       517-3.47335E-09 6.11928E-08-1.80596E-08
 -1       518-1.08170E-08 1.96967E-07 1.70754E-07
 -1       519-4.12381E-08 2.03687E-07-1.20461E-07
 -1       520-3.19593E-08 8.23382E-08 7.55745E-08
 -1       521-2.53050E-09 1.51351E-08 1.83027E-08
 -1       522 1.12451E-08 2.52088E-07 2.03973E-07
 -1       523-6.01433E-08 1.92921E-07 2.45452E-07
 -1       524-4.43955E-08 2.01118E-07-2.00653E-07
 -1       525 3.35544E-08 1.98209E-07-9.33066E-08
 -1       526 3.37927E-08 1.81765E-07 4.10919E-08
 -1       527-4.88660E-08 1.63820E-07 1.55299E-07
 -1       528-4.33834E-08 1.19949E-07 1.06579E-07
 -1       529-1.16566E-08 1.63938E-07 1.31725E-07
 -1       530-4.27966E-08 9.65283E-08 8.60301E-08
 -1       531-3.40119E-08 6.00996E-08 6.82845E-08
 -1       532-2.52257E-08 1.05399E-07 8.67320E-08
 -1       533-2.45834E-08 4.70565E-08 5.44453E-08
 -1       534-1.35566E-08 2.43434E-08 3.34757E-08
 -1       535-2.08666E-08 6.76817E-08 5.90607E-08
 -1       536-5.61486E-09 1.04094E-08 1.96751E-08
 -1       537 3.10772E-09-4.64737E-10 1.20195E-08
 -1       538-8.16731E-09 3.27165E-08 2.85003E-08
 -1       539 3.31169E-09 2.21177E-10 1.01142E-08
 -1       540 6.14085E-09-7.17825E-09 3.38706E-09
 -1       541-4.62506E-10 1.97058E-08 1.42429E-08
 -1       542 3.61916E-09 3.39296E-09-5.66514E-09
 -1       543 2.89841E-10 1.91575E-08-1.36404E-08
 -1       544 1.42529E-11 4.06302E-08-5.26825E-09
 -1       545-7.83179E-09 6.13293E-08-2.22731E-08
 -1       546-1.76741E-08 1.10553E-07-4.13733E-08
 -1       547-2.89701E-08 1.57899E-07-6.18145E-08
 -1       548-8.14043E-09 1.06309E-07-3.61580E-08
 -1       549-3.72727E-08 1.92912E-07-8.42226E-08
 -1       550-4.66165E-08 2.18955E-07-1.02742E-07
 -1       551-5.62492E-08 2.25634E-07-1.46846E-07
 -1       552-2.77397E-08 1.75859E-07-9.00502E-08
 -1       553-1.88298E-08 1.91538E-07-1.21964E-07
 -1       554 1.48547E-08 1.37609E-07-1.25708E-08
 -1       555-4.04135E-09 1.62435E-07-7.32116E-08
 -1       556 5.70114E-11 1.22654E-07-3.56353E-08
 -1       557 4.68850E-09 1.15315E-07 4.30435E-08
 -1       558 1.62623E-08 1.53635E-07 5.27991E-08
 -1       559 2.94512E-10 8.21049E-08-1.28691E-08
 -1       560 9.15444E-10 5.97940E-08 8.26813E-09
 -1       561-3.73039E-09 4.08038E-08 2.16416E-08
 -1       562-1.81791E-09 7.51295E-08 3.06370E-08
 -1       563-1.34892E-08 8.98470E-08 6.46042E-08
 -1       564 2.76028E-08 9.78025E-08-4.55518E-08
 -1       565 4.14069E-08 1.85302E-07-1.12683E-07
 -1       566 7.35172E-09 1.56773E-07-1.21297E-07
 -1       567 1.02943E-08 2.33891E-08-3.79661E-08
 -1       568 7.76930E-09 4.91519E-08 3.05413E-10
 -1       569 1.35069E-08 1.17378E-07 5.32968E-08
 -1       570 1.14669E-08 6.35709E-08-7.94310E-08
 -1       571 5.47025E-09 1.52956E-07 1.33497E-07
 -1       572-1.27557E-08 2.14769E-07-1.70910E-07
 -1       573-7.97835E-09 7.50829E-08 3.07047E-08
 -1       574 6.81295E-09 1.28413E-08-1.35255E-08
 -1       575-3.45218E-08 1.63377E-07 1.89869E-07
 -1       576 3.62690E-08 1.59136E-07 1.57919E-07
 -1       577 7.00216E-08 2.16349E-07-1.28301E-07
 -1       578-6.39412E-09 2.33125E-07-2.31714E-07
 -1       579 5.65327E-08 1.72859E-07-2.34176E-08
 -1       580-1.89724E-08 1.11190E-07 5.71029E-08
 -1       581-2.81134E-08 1.40209E-07 1.14380E-07
 -1       582 1.17594E-08 1.36959E-07 9.08797E-08
 -1       583-1.04961E-08 5.46228E-08 2.62699E-08
 -1       584-1.94268E-08 8.91870E-08 4.29026E-08
 -1       585-5.91307E-10 9.61481E-08 3.90507E-08
 -1       586 3.29148E-09 2.06512E-08 2.58399E-09
 -1       587-3.09513E-09 4.23925E-08 1.56561E-08
 -1       588 1.10013E-09 6.20125E-08 1.60116E-08
 -1       589 6.72369E-09-2.42533E-09-1.57867E-08
 -1       590 5.32998E-09 5.92160E-09-1.14337E-09
 -1       591 6.97161E-09 2.95481E-08-8.20389E-09
 -1       592 7.69106E-09-7.36107E-09-4.47040E-08
 -1       593 6.43077E-09-9.22690E-10-2.65055E-08
 -1       594 8.46402E-09 1.83078E-08-2.47580E-08
 -1       595 8.26975E-09 2.05369E-08-7.97872E-08
 -1       596 8.48717E-09 4.27108E-09-6.12654E-08
 -1       597 1.26494E-08 4.11584E-08-5.83771E-08
 -1       598 8.44067E-09 6.33737E-08-9.40897E-08
 -1       599-2.66325E-09 1.63738E-07-1.23250E-07
 -1       600 4.58026E-09 1.14926E-07-1.07197E-07
 -1       601 1.29710E-08 1.10657E-07-9.45048E-08
 -1       602-8.18942E-09 2.00154E-07-1.41066E-07
 -1       603-2.15678E-08 2.42888E-07-1.89201E-07
 -1       604-1.78620E-08 2.29445E-07-1.55122E-07
 -1       605 1.00386E-09 1.87076E-07-1.44543E-07
 -1       606 4.43641E-09 1.97331E-07-1.72074E-07
 -1       607 2.54932E-08 1.26131E-07-8.74515E-08
 -1       608 2.08456E-08 1.71539E-07-1.31003E-07
 -1       609 3.79514E-08 1.38493E-07-6.26721E-08
 -1       610 4.35834E-08 1.49505E-07 1.30677E-09
 -1       611 2.95853E-08 1.08476E-07-7.38910E-09
 -1       612 1.98995E-08 8.30982E-08-6.96453E-08
 -1       613 1.82667E-08 7.23533E-08-1.50021E-08
 -1       614 1.13338E-08 3.79863E-08-2.04366E-08
 -1       615 1.73537E-08 5.89779E-08-4.13164E-08
 -1       616 8.76646E-09 8.29828E-08 1.69960E-08
 -1       617-5.25157E-04 1.18179E-06 1.11988E-05
 -1       618-4.01827E-04 1.05122E-06 4.59091E-05
 -1       619-3.95520E-04 1.03700E-06 3.49771E-05
 -1       620-4.01865E-04 1.05445E-06 4.58747E-05
 -1       621-3.95560E-04 1.02763E-06 3.49448E-05
 -1       622-3.90609E-04 1.05229E-06 5.71282E-05
 -1       623-4.31721E-04 9.88452E-07-6.26536E-05
 -1       624-4.44180E-04 1.00906E-06-6.27370E-05
 -1       625-4.27510E-04 9.47013E-07-7.80579E-05
 -1       626-4.44143E-04 9.72345E-07-6.26924E-05
 -1       627-4.31682E-04 9.56941E-07-6.26095E-05
 -1       628-3.85594E-04 1.01323E-06 1.65022E-05
 -1       629-3.85638E-04 1.00755E-06 3.89122E-06
 -1       630-3.85677E-04 9.64526E-07 3.84569E-06
 -1       631-3.70712E-04 9.83548E-07 2.01194E-05
 -1       632-3.85633E-04 9.84651E-07 1.64670E-05
 -1       633-3.91297E-04 9.17951E-07-5.57386E-05
 -1       634-4.02485E-04 9.42590E-07-4.50991E-05
 -1       635-4.02443E-04 9.57046E-07-4.50430E-05
 -1       636-3.95998E-04 9.73387E-07-3.40073E-05
 -1       637-3.96041E-04 9.36744E-07-3.40593E-05
 -1       638-4.43754E-04 1.11768E-06 6.22268E-05
 -1       639-4.31340E-04 1.10099E-06 6.21713E-05
 -1       640-4.43788E-04 1.13227E-06 6.21867E-05
 -1       641-4.31375E-04 1.11675E-06 6.21327E-05
 -1       642-4.27708E-04 1.12170E-06 7.70641E-05
 -1       643-4.75110E-04 1.05396E-06-5.59853E-05
 -1       644-4.64679E-04 1.03823E-06-6.16211E-05
 -1       645-4.64650E-04 1.00252E-06-6.15744E-05
 -1       646-4.68587E-04 1.01218E-06-7.57575E-05
 -1       647-4.75081E-04 1.02782E-06-5.59369E-05
 -1       648-4.74466E-04 1.15797E-06 5.57584E-05
 -1       649-4.63938E-04 1.14613E-06 6.14538E-05
 -1       650-4.74498E-04 1.15934E-06 5.57176E-05
 -1       651-4.63971E-04 1.15554E-06 6.14142E-05
 -1       652-4.68037E-04 1.17179E-06 7.55546E-05
 -1       653-3.80663E-04 1.01823E-06 3.86122E-05
 -1       654-4.20642E-04 9.71133E-07-5.62788E-05
 -1       655-4.09422E-04 9.32463E-07-6.69145E-05
 -1       656-4.48103E-04 9.80793E-07-7.69043E-05
 -1       657-4.47854E-04 1.14641E-06 7.63115E-05
 -1       658-4.92369E-04 1.17788E-06 4.62836E-05
 -1       659-4.85919E-04 1.18515E-06 6.60949E-05
 -1       660-5.03808E-04 1.19940E-06 5.66257E-05
 -1       661-4.92401E-04 1.16711E-06 4.62430E-05
 -1       662-3.81765E-04 9.24842E-07-3.78360E-05
 -1       663-3.86492E-04 9.41063E-07-1.62211E-05
 -1       664-3.71476E-04 9.61179E-07 7.54805E-08
 -1       665-4.92764E-04 1.07935E-06-4.65796E-05
 -1       666-5.03959E-04 1.08285E-06-5.68852E-05
 -1       667-4.92735E-04 1.07240E-06-4.65357E-05
 -1       668-4.86300E-04 1.04840E-06-6.63037E-05
 -1       669-3.72258E-04 9.39155E-07-2.00024E-05
 -1       670-3.86451E-04 9.87664E-07-1.61726E-05
 -1       671-4.98144E-04 1.18134E-06 3.83796E-05
 -1       672-4.98178E-04 1.16138E-06 3.83382E-05
 -1       673-4.98434E-04 1.08993E-06-3.87659E-05
 -1       674-4.98403E-04 1.09321E-06-3.87232E-05
 -1       675-5.10507E-04 1.15929E-06-1.03013E-07
 -1       676-5.11135E-04 1.14910E-06 5.43532E-06
 -1       677-5.11125E-04 1.16301E-06 5.44992E-06
 -1       678-5.41373E-09 1.92148E-07-1.41546E-07
 -1       679-2.27214E-08 2.10964E-07-1.44037E-07
 -1       680-4.59024E-08 2.21721E-07-1.88016E-07
 -1       681-2.76520E-08 2.39703E-07-2.07066E-07
 -1       682-6.94001E-09 2.40735E-07-2.25325E-07
 -1       683-5.10248E-04 1.10239E-06-1.72632E-05
 -1       684-5.11057E-04 1.11508E-06-1.09388E-05
 -1       685-5.08877E-04 1.10855E-06-2.10803E-05
 -1       686-5.08957E-04 1.14110E-06-4.73842E-06
 -1       687-3.56245E-04 9.90967E-07 4.06464E-05
 -1       688-3.66207E-04 1.02674E-06 5.91833E-05
 -1       689-5.08869E-04 1.16201E-06 1.56458E-05
 -1       690-5.14513E-04 1.18133E-06 3.38686E-05
 -1       691-5.14481E-04 1.19878E-06 3.39103E-05
 -1       692-4.20403E-04 1.09377E-06 5.58159E-05
 -1       693-4.20366E-04 1.08129E-06 5.58540E-05
 -1       694-4.13557E-04 9.57572E-07-5.14398E-05
 -1       695-5.10922E-04 1.19223E-06 1.57422E-05
 -1       696-5.09327E-04 1.18385E-06 2.03797E-05
 -1       697-3.57037E-04 8.81266E-07-4.04918E-05
 -1       698-5.10394E-04 1.15681E-06-1.64182E-05
 -1       699-5.08845E-04 1.13956E-06-2.10365E-05
 -1       700-5.25010E-04 1.17640E-06-5.14554E-06
 -1       701-3.76903E-08 1.48504E-07 2.28450E-07
 -1       702-4.29274E-08 2.19449E-07 2.52093E-07
 -1       703-2.04061E-09 1.81059E-07 1.36542E-07
 -1       704-3.74651E-08 1.77908E-07 1.98314E-07
 -1       705-5.47651E-04 1.19158E-06-1.08936E-05
 -1       706-5.24895E-04 1.14774E-06-2.14894E-05
 -1       707-5.25042E-04 1.15314E-06-5.18984E-06
 -1       708-5.47823E-04 1.20598E-06 5.43330E-06
 -1       709-5.06464E-04 1.22863E-06 8.13262E-05
 -1       710-4.88586E-04 1.21487E-06 9.07835E-05
 -1       711-5.09359E-04 1.15168E-06 2.03369E-05
 -1       712-5.10775E-04 1.13692E-06 1.64531E-05
 -1       713-5.23441E-04 1.12632E-06-4.09416E-05
 -1       714-5.29010E-04 1.11407E-06-5.91059E-05
 -1       715-5.28979E-04 1.12113E-06-5.90612E-05
 -1       716-5.39470E-04 1.15132E-06-4.13619E-05
 -1       717-5.39499E-04 1.14824E-06-4.14050E-05
 -1       718 2.89899E-08 1.80218E-07-7.80161E-08
 -1       719-2.33683E-08 1.96562E-07-2.08951E-07
 -1       720-1.30890E-08 1.01066E-07 6.21179E-08
 -1       721-9.87891E-09 6.44882E-08 3.69242E-08
 -1       722-1.98765E-08 7.85882E-08 5.31215E-08
 -1       723 3.80451E-09 1.83574E-08-5.18343E-09
 -1       724 3.55799E-09 3.91864E-08 2.50359E-10
 -1       725 1.84839E-09 1.32238E-08 2.37898E-09
 -1       726-9.02709E-10 3.08058E-08 9.60427E-09
 -1       727 2.70563E-08 1.50840E-07 2.92787E-08
 -1       728 4.24422E-08 1.82982E-07 6.29123E-09
 -1       729 1.18165E-09 1.52223E-07 1.01747E-07
 -1       730-3.88552E-04 1.08016E-06 8.15441E-05
 -1       731-3.33058E-08 2.33207E-07-1.74906E-07
 -1       732-4.09143E-04 1.08723E-06 6.70870E-05
 -1       733-4.07204E-04 8.98545E-07-9.21016E-05
 -1       734-3.89111E-04 8.81658E-07-8.09556E-05
 -1       735-4.37989E-04 9.38257E-07-1.00283E-04
 -1       736-4.07098E-04 1.11334E-06 9.15263E-05
 -1       737-4.58524E-04 9.72152E-07-9.91028E-05
 -1       738-4.57868E-04 1.18420E-06 9.90056E-05
 -1       739-4.37707E-04 1.15935E-06 9.97425E-05
 -1       740-3.66518E-04 8.73619E-07-5.83954E-05
 -1       741-5.06749E-04 1.06359E-06-8.13906E-05
 -1       742-4.89063E-04 1.02717E-06-9.08486E-05
 -1       743-5.47793E-04 1.20933E-06 5.47539E-06
 -1       744-5.28984E-04 1.23565E-06 5.87969E-05
 -1       745-5.28952E-04 1.23563E-06 5.88384E-05
 -1       746-5.25649E-04 1.17647E-06 1.58854E-05
 -1       747 8.62530E-09 5.93076E-08-1.68390E-08
 -1       748 7.75913E-09 7.36333E-08 7.09370E-09
 -1       749 1.59848E-08 9.83602E-08-1.99195E-08
 -1       750 2.47029E-08 1.38687E-07-3.78328E-08
 -1       751 1.58970E-08 1.11909E-07 1.83669E-08
 -1       752 5.47644E-09 2.36162E-08-1.51075E-08
 -1       753-7.25460E-11 1.24054E-07 7.53643E-08
 -1       754-2.44310E-09 8.61182E-08 3.95241E-08
 -1       755-2.40835E-09 5.08608E-08 2.02195E-08
 -1       756-1.20087E-09 6.26423E-09 1.23067E-08
 -1       757 4.36336E-09-1.73900E-09-3.09667E-11
 -1       758 4.82902E-09-5.21504E-10-8.18501E-09
 -1       759-3.05844E-08 2.25845E-07-1.29310E-07
 -1       760-3.36544E-08 1.51102E-07 1.29698E-07
 -1       761-1.38202E-08 4.42006E-08 3.51085E-08
 -1       762-2.20013E-08 5.71458E-08 4.70053E-08
 -1       763-3.01004E-08 9.25308E-08 6.40482E-08
 -1       764-5.25617E-04 1.19821E-06 1.59280E-05
 -1       765-5.10464E-04 1.16933E-06 1.10153E-05
 -1       766-5.39609E-04 1.22711E-06 3.60964E-05
 -1       767 5.96692E-09 4.08564E-08-3.21215E-08
 -1       768 6.83612E-09-7.50330E-09-2.05448E-08
 -1       769-1.24982E-08 1.81534E-07-1.14463E-07
 -1       770-5.40109E-04 1.23156E-06 4.07905E-05
 -1       771-5.40078E-04 1.23366E-06 4.08325E-05
 -1       772-5.33695E-09 2.18725E-08 1.87762E-08
 -1       773-3.00118E-08 1.15688E-07 8.17776E-08
 -1       774-5.10284E-04 1.14866E-06 1.17704E-05
 -1       775 8.43713E-09 1.65847E-07-1.00447E-07
 -1       776 1.14646E-08 1.24816E-07-6.11653E-08
 -1       777 1.01124E-08 8.25194E-08-4.10933E-08
 -1       778-5.11147E-04 1.13496E-06 5.42154E-06
 -1       779 5.76807E-09 3.89009E-09-3.36191E-08
 -1       780 3.81823E-09 6.24340E-08-4.87709E-08
 -1       781-1.55249E-08 1.61142E-07-9.23131E-08
 -1       782-6.46536E-09 1.12925E-07-7.36251E-08
 -1       783 4.05286E-09 1.92262E-08-4.54878E-08
 -1       784-5.41171E-09 1.53164E-07-9.20420E-08
 -1       785-1.99289E-11 6.24564E-08-5.90211E-08
 -1       786 2.41772E-09 1.08612E-07-6.51762E-08
 -1       787-2.20400E-08 1.96762E-07-1.11814E-07
 -1       788-5.11116E-04 1.17789E-06 5.46424E-06
 -1       789-3.49946E-04 1.00588E-06 2.53867E-05
 -1       790-4.36030E-05 4.59446E-07-6.09225E-06
 -1       791-1.09766E-07 2.32179E-07 3.86394E-07
 -1       792-1.64100E-04 7.39631E-07 9.69259E-08
 -1       793-3.50013E-04 9.30160E-07-5.13978E-06
 -1       794-3.50769E-04 9.29989E-07-2.51654E-05
 -1       795-3.50710E-04 8.56212E-07-2.50774E-05
 -1       796-7.41616E-09 1.19545E-07 2.52640E-07
 -1       797-4.14477E-08 2.73513E-07 3.03666E-07
 -1       798-3.50010E-04 9.21934E-07 2.53530E-05
 -1       799-3.49994E-04 9.69030E-07 2.53621E-05
 -1       800-3.50753E-04 8.84930E-07-2.51554E-05
 -1       801 2.76029E-08 2.53940E-07-2.13822E-07
 -1       802-1.59631E-08 1.63747E-07-2.14679E-07
 -1       803-2.41676E-04 8.08998E-07 1.43950E-07
 -1       804-3.29198E-04 8.92231E-07 2.14980E-07
 -1       805-3.49985E-04 9.19100E-07-5.10018E-06
 -1       806-1.18472E-09 1.90294E-07 1.59819E-07
 -1       807 2.46675E-08 2.03640E-07-7.74656E-08
 -1       808 1.24862E-08 2.42546E-07 1.78699E-07
 -1       809 2.53580E-08 2.06970E-07-1.00346E-07
 -1       810-3.06103E-09 2.16871E-07-1.86643E-07
 -1       811 4.80039E-08 2.07345E-07-1.09665E-07
 -1       812 3.06788E-08 1.67772E-07 1.52015E-07
 -1       813-3.23391E-08 1.87172E-07 2.58048E-07
 -1       814-8.54662E-08 2.23270E-07-9.05340E-09
 -1       815-4.36062E-05 4.43262E-07 6.23496E-06
 -1       816-1.02820E-07 2.47234E-07-3.87315E-07
 -1       817-3.49947E-04 9.15854E-07-5.02532E-06
 -3
    1PSTEP                         2           1           1          
  100CL  101 1.000000000         817                     0    1           1
 -4  STRESS      6    1
 -5  SXX         1    4    1    1
 -5  SYY         1    4    2    2
 -5  SZZ         1    4    3    3
 -5  SXY         1    4    1    2
 -5  SYZ         1    4    2    3
 -5  SZX         1    4    3    1
 -1         1-2.43974E-03-2.66640E-05 2.41230E-04-1.30199E-05 4.44158E-06-7.44229E-05
 -1         2-2.45556E-03 2.40321E-05 1.74428E-04 8.78263E-06 6.56597E-06-6.64615E-05
 -1         3-6.17975E-04-2.89432E-04-1.39976E-02 2.63167E-04 2.03589E-03-7.23057E-05
 -1         4-7.73440E-04 1.60300E-03-1.98308E-02-4.00904E-04-2.41366E-03-1.44916E-03
 -1         5 1.00312E-03 8.85153E-04 1.57775E-02-4.40016E-04 3.38978E-03-1.91531E-03
 -1         6-1.20335E-03 1.91187E-04 1.45243E-02 1.31975E-03-2.32227E-03-3.77302E-03
 -1         7 1.05787E-02 4.97141E-04 1.34386E-03 1.83112E-04-7.20434E-05 8.63287E-04
 -1         8 1.07572E-02 5.93868E-04 1.58501E-03-1.72438E-04 9.14064E-05 9.71456E-04
 -1         9-2.34096E-03-7.20786E-05-3.03646E-02-9.34327E-04-4.01544E-03-1.73577E-03
 -1        10-2.50827E-03-1.94629E-03-2.39938E-02 1.90481E-03 7.63869E-03-3.97627E-03
 -1        11 3.56861E-03 4.57754E-04 3.69274E-02 1.28309E-03-6.76208E-03-2.72364E-03
 -1        12-1.96182E-03-1.48867E-04-9.83478E-04-2.57697E-03-4.20489E-05 7.00288E-03
 -1        13 3.68519E-03 2.10205E-03 2.51880E-02-1.85618E-03 7.08465E-03-5.39183E-03
 -1        14 2.10804E-03 5.46696E-04 2.59093E-03 2.40000E-03 4.56061E-04 6.98718E-03
 -1        15-6.94832E-04 5.01417E-04-2.77890E-03-1.52418E-03-5.44347E-04 6.18224E-03
 -1        16 6.52140E-04 5.42161E-04-1.05305E-03 1.60944E-03 6.14847E-04 6.55555E-03
 -1        17-2.45491E-03-5.94642E-05 1.06657E-04-2.64666E-05 6.91439E-06-7.45350E-05
 -1        18-1.07367E-03-1.84393E-05-5.96381E-04 2.42750E-05-1.84551E-05 9.13749E-04
 -1        19 2.62791E-04-1.32866E-05 1.32755E-04 9.46343E-06-3.54086E-05-3.33787E-04
 -1        20-5.44773E-05 2.51196E-05 1.85255E-03 3.54303E-05-6.86806E-06-4.11221E-05
 -1        21 3.66747E-04 7.92443E-05 8.74931E-04 2.45089E-05-5.10179E-07 7.31275E-04
 -1        22 1.06912E-04-9.72947E-04-8.95986E-05-5.64787E-04-2.76329E-05 6.82691E-04
 -1        23-8.63188E-04 7.40985E-05 1.48992E-04 1.51189E-03 6.07641E-05-3.21039E-03
 -1        24-1.47533E-03 1.11634E-03-1.08059E-03-8.02596E-04 4.40932E-04 2.26023E-03
 -1        25 9.09014E-04-5.81731E-05 1.41434E-03-8.42869E-05 1.89241E-05-1.34127E-03
 -1        26-2.14269E-04 2.33549E-05 5.23902E-03-2.31648E-07 4.39961E-05-2.36627E-04
 -1        27 1.08628E-03-1.00165E-06 2.33378E-03-1.19435E-05-2.29836E-05 1.85855E-03
 -1        28 4.33995E-04-2.33114E-06-4.05322E-04-1.15480E-04-4.33718E-05-3.54103E-04
 -1        29-1.79147E-03-9.28879E-06-1.30445E-04 7.08140E-05-3.07640E-05 5.53778E-04
 -1        30-2.06151E-04 9.07813E-05-3.38169E-04 5.59096E-05 8.80057E-06 2.81260E-04
 -1        31 2.44226E-04 2.46448E-05 1.09762E-03-1.08053E-05-3.04617E-05-2.94381E-04
 -1        32 2.80310E-04 1.10757E-04 1.58601E-03 3.96974E-05 1.88280E-05 3.76830E-04
 -1        33 6.28390E-04-1.46167E-04 4.86395E-04 8.16888E-05 3.92295E-05 2.50997E-04
 -1        34-2.09959E-03-2.25058E-03 4.34107E-04-1.17515E-05 2.16067E-03-8.68667E-04
 -1        35-3.93065E-05 2.59352E-03-9.48173E-04 8.55506E-05-1.26764E-03-1.27598E-04
 -1        36 1.99972E-04 4.09591E-04-3.02234E-04-1.90582E-04 4.29968E-05-8.91751E-05
 -1        37 4.14404E-04 1.12967E-04 3.66474E-03-1.17697E-04 6.84060E-05-1.00315E-03
 -1        38 6.83300E-04 8.42350E-05 4.12469E-03 4.67736E-05-2.62542E-05 1.00609E-03
 -1        39 9.57368E-04 6.41363E-05 6.03768E-04-1.75770E-04-3.68481E-05 8.73741E-04
 -1        40-1.07886E-03-1.33405E-05-1.26433E-04-9.18045E-05-2.20563E-05-3.87260E-04
 -1        41-1.07111E-03-1.75353E-05-6.09045E-04-3.81834E-05 2.23350E-05 9.42655E-04
 -1        42 1.97617E-04-9.12822E-06 3.76487E-05 1.38485E-06-8.26610E-06-2.50934E-04
 -1        43-1.72082E-04 5.19467E-05 1.71496E-03-2.87959E-05 1.95002E-05-7.66465E-05
 -1        44 4.42094E-04 2.46228E-05 1.00591E-03-2.83426E-05-4.86935E-05 7.69719E-04
 -1        45-6.05403E-04-9.30569E-04-2.82851E-04 5.93460E-04-1.43400E-04 6.59453E-05
 -1        46-6.17873E-04-1.39180E-04-3.12664E-04-8.95634E-04 3.19983E-04-2.38796E-03
 -1        47-9.03235E-04 3.95183E-04-1.35858E-03 3.19890E-04 1.78094E-04 1.83372E-03
 -1        48 9.39353E-04 4.22115E-06 1.57455E-03-7.53157E-05 6.77571E-05-1.29568E-03
 -1        49-3.29827E-04 9.12376E-05 5.28652E-03-6.95949E-06 3.85737E-05 1.06542E-04
 -1        50 1.14144E-03-1.50161E-05 2.28349E-03 6.57628E-05 2.84476E-05 1.86147E-03
 -1        51 3.40750E-04-4.53328E-06-4.22764E-04 9.47533E-05 4.39280E-05-3.50161E-04
 -1        52-1.79786E-03-3.08010E-06-1.04635E-04-7.62859E-05 2.72371E-05 5.50425E-04
 -1        53-2.26669E-04 8.80649E-05-3.84807E-04-9.36884E-05-1.57541E-05 2.49299E-04
 -1        54 2.23921E-04 7.92035E-05 1.02962E-03-4.46967E-05 2.84831E-05-2.24703E-04
 -1        55 2.61562E-04 8.12681E-05 1.50628E-03-2.60461E-05 1.05965E-05 4.16289E-04
 -1        56 5.49727E-04-1.87923E-05 2.96136E-04-5.15062E-05-1.59569E-04 2.38116E-04
 -1        57-2.32304E-03-3.30473E-03-1.21067E-03 1.70855E-04-3.99823E-04-4.45269E-04
 -1        58-5.35926E-04 2.48912E-03-1.75302E-03 7.12172E-05 2.39488E-03-1.17819E-04
 -1        59 1.04875E-04-3.21316E-05-1.30698E-04-5.17799E-05-7.26330E-05-1.03425E-04
 -1        60 6.68942E-04 1.49329E-04 3.63971E-03-4.37207E-05-2.37037E-05-8.32188E-04
 -1        61 5.49574E-04 1.15002E-04 4.29320E-03 8.70003E-05 7.90478E-05 1.07997E-03
 -1        62 1.00091E-03 7.61107E-05 7.75160E-04 1.11293E-04-2.45110E-06 8.26325E-04
 -1        63-1.09981E-03-1.15487E-05-6.10442E-05 1.09837E-04 7.98709E-05-3.81397E-04
 -1        64-3.93586E-04 2.32312E-03-2.15158E-02-1.01826E-04-3.83332E-04-5.68344E-04
 -1        65 6.74514E-04 1.63424E-03-5.38589E-04-1.50323E-03 1.49293E-04-4.37524E-03
 -1        66 2.30357E-04-1.55637E-03 1.81464E-02-1.87633E-04 1.94497E-03-2.30813E-03
 -1        67 2.77868E-05 7.09343E-05 1.76608E-04 2.45223E-03-5.36255E-04-4.73917E-03
 -1        68 5.27657E-03 8.93575E-05 9.37487E-04-3.54457E-04 1.62446E-04-1.99402E-03
 -1        69 5.35229E-04-4.59921E-05-9.43748E-04-1.41013E-04 2.74886E-04-2.07033E-04
 -1        70-3.94711E-04-1.47912E-04-4.05444E-03 5.75418E-05 9.16441E-05-2.91758E-04
 -1        71-8.91934E-04-1.52568E-04-2.99375E-03 3.32553E-05-9.57428E-05-1.14119E-03
 -1        72 1.21780E-03-1.83865E-04-7.88571E-04-3.24299E-04-3.00235E-04-2.48764E-04
 -1        73 9.96088E-03 3.70467E-04 9.43843E-04-4.16923E-04-7.01839E-05-2.15929E-03
 -1        74 7.05535E-03 1.25294E-03 4.02303E-03 2.84052E-03-1.01405E-03-7.48994E-03
 -1        75-7.87041E-03 1.70973E-03-1.13567E-03 3.43734E-03-1.84856E-03-3.14121E-03
 -1        76-1.26461E-02 1.78144E-03-8.53878E-03 2.78366E-03-2.52475E-04 1.04782E-04
 -1        77-8.81233E-03 1.32810E-03-3.53393E-03 2.69916E-03 1.20542E-03 7.50456E-04
 -1        78 2.33204E-03 9.20804E-04 1.90810E-03 2.37332E-03 7.08743E-04 4.71056E-03
 -1        79 9.10992E-03 4.54992E-04 1.26219E-03-3.07555E-04-4.57507E-05-1.00811E-03
 -1        80 2.71650E-03 6.85882E-05 3.74761E-04-2.42116E-04 3.36210E-04-1.21789E-03
 -1        81-5.78697E-05-1.86490E-04-2.82099E-03 1.16521E-05 2.75553E-04 9.16955E-05
 -1        82-7.52039E-04-2.85359E-04-4.33572E-03-5.28651E-05 1.97542E-05-9.38433E-04
 -1        83-3.83344E-04-2.16952E-04-1.67997E-03-1.29997E-04-3.03615E-04-9.40580E-04
 -1        84 5.84381E-03 2.03631E-04-1.61957E-05-5.48288E-04-3.96801E-04-7.32155E-04
 -1        85 1.38109E-02 2.07584E-03 3.47796E-03 1.33335E-03 1.48984E-04-5.81854E-03
 -1        86 1.96741E-03 2.30242E-03 3.37814E-03 3.68058E-03-1.98798E-03-6.16648E-03
 -1        87-9.69467E-03 1.85710E-03-6.03953E-03 2.89393E-03-1.62804E-03-1.21225E-03
 -1        88-9.90355E-03 1.53406E-03-6.72751E-03 1.98119E-03 1.09546E-03 5.61136E-05
 -1        89-2.60466E-03 1.51637E-03 4.63268E-04 2.69206E-03 1.63154E-03 3.33612E-03
 -1        90 1.08800E-02 1.12374E-03 2.33846E-03 1.76015E-03-6.89933E-05 3.91261E-03
 -1        91 5.21484E-03 8.51406E-05 8.85583E-04 3.79310E-04-1.51674E-04-1.83981E-03
 -1        92 4.65525E-04-7.07990E-05-1.08858E-03 1.15670E-04-2.72053E-04-1.81152E-04
 -1        93-4.21406E-04-1.57751E-04-4.23186E-03-6.01843E-05-3.75558E-05-2.38490E-04
 -1        94-8.59494E-04-1.45399E-04-3.20077E-03 2.43341E-05 1.56591E-04-1.18433E-03
 -1        95 1.55916E-03-5.64666E-05-6.31576E-04 2.88114E-04 1.67957E-04-1.26874E-04
 -1        96 1.01255E-02 3.59526E-04 1.14126E-03 1.07695E-04 1.18030E-04-1.84350E-03
 -1        97 6.92897E-03 1.25732E-03 4.38556E-03-2.78589E-03 9.49427E-04-7.56319E-03
 -1        98-8.55156E-03 1.48545E-03-1.09462E-03-3.44562E-03 2.00369E-03-3.21223E-03
 -1        99-1.28636E-02 1.82683E-03-8.50693E-03-2.81649E-03-4.38822E-05 5.61762E-04
 -1       100-7.75722E-03 1.26307E-03-3.11838E-03-2.43875E-03-1.14685E-03 6.27191E-04
 -1       101 1.30018E-03 6.49355E-04 1.52720E-03-2.36698E-03-6.23860E-04 4.48259E-03
 -1       102 8.82597E-03 3.16838E-04 1.29272E-03 2.71392E-04 3.12808E-05-9.22716E-04
 -1       103 2.63529E-03 7.35901E-05 2.99403E-04 2.33757E-04-3.16026E-04-1.17313E-03
 -1       104-1.39623E-04-2.24582E-04-3.04638E-03-4.14855E-05-2.50241E-04 1.45926E-04
 -1       105-7.48104E-04-2.86101E-04-4.55122E-03 8.45666E-05 6.29311E-05-9.40235E-04
 -1       106-2.30264E-04-1.60096E-04-1.78777E-03 1.39808E-04 3.10836E-04-9.07158E-04
 -1       107 6.26467E-03 3.12618E-04 3.21436E-04 3.34054E-04 2.47234E-04-4.29768E-04
 -1       108 1.40755E-02 2.17166E-03 3.75647E-03-1.46740E-03-6.67254E-06-5.79053E-03
 -1       109 1.21767E-03 2.04502E-03 3.56066E-03-3.28742E-03 2.19786E-03-6.64041E-03
 -1       110-1.01884E-02 1.74425E-03-5.96670E-03-3.37846E-03 1.38916E-03-8.67286E-04
 -1       111-8.89400E-03 1.62421E-03-6.35764E-03-1.92622E-03-1.33518E-03 4.88671E-04
 -1       112-2.94988E-03 1.33235E-03 2.86452E-04-2.46044E-03-1.41511E-03 2.94882E-03
 -1       113 1.08801E-02 6.40024E-04 2.23914E-03-1.35242E-03-2.07230E-04 3.83495E-03
 -1       114 2.21944E-03 1.34380E-03-6.48563E-02 3.35239E-04-9.69324E-05-1.79231E-03
 -1       115 5.34282E-03 1.03431E-03-7.07906E-02-7.66220E-04 2.90836E-04-4.75049E-04
 -1       116 1.97780E-03 2.66706E-03-4.38707E-02-1.39331E-04 8.70085E-04-3.95540E-04
 -1       117 2.96399E-03 2.69421E-03-6.38716E-02-2.33452E-04-1.24694E-04-2.02257E-03
 -1       118 2.02981E-03-1.95151E-05-7.21802E-02 9.13919E-04 1.72267E-03-1.20521E-03
 -1       119 3.17227E-03 3.48905E-03-4.31880E-02-1.28846E-03 2.06995E-05-8.43789E-04
 -1       120-9.55507E-04 1.93049E-03-3.54020E-02 5.21454E-04 8.56786E-04-4.11583E-03
 -1       121-1.98451E-03-1.52677E-03 6.05462E-02-1.13443E-04-1.11285E-04-9.58104E-04
 -1       122-4.51346E-03-4.01227E-04 7.17485E-02 6.52252E-04 3.77528E-04-4.30668E-04
 -1       123-3.70111E-03-1.25757E-03 4.56683E-02 1.05957E-03-6.04111E-04-2.22629E-03
 -1       124 3.19610E-03 3.01194E-05-1.74375E-02-2.03781E-03 4.53185E-03 4.02857E-03
 -1       125-1.75878E-03-2.31393E-04 2.43829E-02-1.46687E-03-3.41568E-03 3.05175E-03
 -1       126-1.87465E-03-1.88699E-03 6.02084E-02 1.30176E-04-3.41663E-05-2.36937E-04
 -1       127-1.76765E-03-4.32681E-04 7.28294E-02-1.05691E-03 1.45867E-03-1.20971E-03
 -1       128 2.18550E-03 3.33538E-03 4.79887E-02-8.94935E-05-6.64418E-04-1.09644E-03
 -1       129 2.31850E-03-2.12849E-03 3.97499E-02-6.24623E-04-5.82347E-04-5.68766E-03
 -1       130 2.42392E-03 1.14358E-03-1.86838E-02 1.51323E-03-1.92139E-03 3.77291E-03
 -1       131-2.37272E-03 1.11464E-04 1.93657E-02 2.52992E-03 4.69441E-03 3.58210E-03
 -1       132 1.35054E-02 1.54464E-03 7.09920E-04 3.57225E-04 6.02563E-06 4.15821E-04
 -1       133 1.22285E-02 1.51651E-03 1.30215E-03-2.45145E-04-9.97117E-05 1.14849E-03
 -1       134 1.28900E-02 1.01183E-03 8.48010E-04 1.48980E-04 2.58712E-04 4.63216E-04
 -1       135 1.31546E-02 1.73799E-03 9.91821E-04 8.78427E-05-2.18946E-04 4.49753E-04
 -1       136 1.13195E-02 8.07797E-04 1.32199E-03-9.98075E-05-7.99843E-05 1.25070E-03
 -1       137-1.37949E-03 6.97880E-04-1.67393E-03-5.12496E-03-8.87260E-04 8.54740E-03
 -1       138 2.69993E-03 1.47958E-03 1.56659E-03 4.94064E-03 9.69349E-04 8.59767E-03
 -1       139 1.29166E-03-9.08212E-04 1.43870E-03-8.00440E-05-8.38513E-04-2.16516E-03
 -1       140 3.08364E-04 1.16896E-05 1.58159E-04-8.60340E-06 1.49732E-05-3.16851E-04
 -1       141-1.44388E-05 2.40525E-06 3.48548E-04 6.19667E-06-1.61919E-05-2.06682E-05
 -1       142 3.39710E-05-3.89816E-05 6.44431E-04-2.11075E-07 1.28711E-04 1.01445E-04
 -1       143-1.03164E-05-2.08423E-05 5.68178E-05 7.07115E-05 4.88676E-05-1.66524E-04
 -1       144 4.66272E-07-1.62841E-06 1.70870E-05 3.58880E-05-9.33924E-07-4.54093E-05
 -1       145 8.23820E-05 2.86107E-05-5.90552E-05 1.17087E-04-5.56539E-05-1.83280E-04
 -1       146-4.53816E-05 2.39193E-05-6.02552E-04-2.46470E-06-1.28841E-04 6.52380E-05
 -1       147 3.31412E-06-3.61319E-06-3.28488E-04 4.84853E-06 2.24019E-05-3.36857E-05
 -1       148-1.16159E-04 9.92506E-06-3.75747E-04-8.20171E-06 3.53282E-07-2.36441E-04
 -1       149-1.43209E-03 8.13335E-04-2.00605E-03-5.19293E-04 1.09441E-03-2.81017E-03
 -1       150-1.19165E-03-3.24762E-03 1.33096E-03 1.51102E-03-1.55446E-03-3.92975E-04
 -1       151 3.79428E-04-2.14284E-04 5.63179E-05 1.93576E-06-3.90360E-05-4.73013E-04
 -1       152 5.23334E-05-1.12341E-05 2.08990E-04-5.70259E-06-1.35287E-05-1.21479E-04
 -1       153 2.71921E-05 5.41066E-06 4.79547E-04 1.43640E-05 1.60969E-05 2.96222E-05
 -1       154 4.07320E-05 3.20187E-06 4.82173E-04 5.55916E-05 1.63601E-04-1.00173E-04
 -1       155-4.47738E-05-6.23388E-06 9.34660E-06 5.22114E-05 9.76065E-07-8.09060E-05
 -1       156 7.12594E-05 1.15202E-05-2.22110E-05 5.33136E-05 7.68982E-06-6.68662E-05
 -1       157-7.57217E-05 1.01686E-04-5.93329E-04 6.35790E-05-2.45698E-04-1.48748E-04
 -1       158-2.84219E-05-3.02950E-05-4.14005E-04 6.03231E-06-1.67106E-05 2.44275E-05
 -1       159-4.76356E-05-1.17715E-07-3.48845E-04 9.27132E-06 1.59129E-05-1.39221E-04
 -1       160-3.82821E-04-1.43026E-05-2.37600E-04 4.24069E-06 3.01297E-05-4.57845E-04
 -1       161 4.64122E-04 1.84433E-03-3.23116E-03 4.01962E-04 9.98267E-04-2.48173E-04
 -1       162 1.34798E-03-1.80119E-03 1.93119E-03 2.09672E-04 1.55229E-03-2.73337E-03
 -1       163 2.17978E-04-2.24886E-05 6.62381E-05-3.79335E-05-6.28103E-06-1.84682E-04
 -1       164-9.36430E-06-1.57063E-07 2.09157E-04 3.93832E-06 1.39531E-05-9.24740E-06
 -1       165 4.93078E-05 1.32006E-05 2.45059E-05-5.67376E-06-3.54469E-05 1.21605E-04
 -1       166 8.14095E-05-7.10143E-05-2.10462E-05 6.56071E-05-8.49053E-06 1.14000E-04
 -1       167-3.13004E-05-1.58017E-06 2.81190E-05 4.42382E-05-9.25384E-07 1.04264E-04
 -1       168-7.84068E-05 4.55070E-05 4.26903E-05 5.67871E-05 4.74512E-06 1.15684E-04
 -1       169-5.06356E-05-2.52093E-05-9.49391E-05-3.74330E-06 1.70006E-05 1.33619E-04
 -1       170-1.03282E-05-2.81377E-06-1.74140E-04 1.63157E-06 4.63608E-06-5.59063E-06
 -1       171-1.09064E-04 2.34156E-05-2.03522E-04 8.59082E-07 2.09913E-05-1.67585E-04
 -1       172-1.26301E-03 1.03866E-03-2.03181E-03 5.90113E-04-9.63039E-04-2.50910E-03
 -1       173-1.14579E-03-2.96861E-03 1.19892E-03-2.58439E-04 1.26245E-03-3.99781E-04
 -1       174 4.34306E-04 1.90135E-04-2.90776E-04-8.03008E-05 1.32097E-05-3.72303E-04
 -1       175 7.67234E-05 1.23916E-05 2.21874E-04-1.43990E-05 2.21131E-05-1.23555E-04
 -1       176 2.26077E-05 1.33311E-05 1.37708E-04-1.04644E-06-3.54141E-06 5.25399E-05
 -1       177 8.32079E-05-6.66726E-05-1.44505E-05 1.94458E-05 1.08497E-05 1.58345E-04
 -1       178 4.01498E-06-2.12015E-05 2.72466E-05 6.83379E-05-3.16007E-05 1.01556E-04
 -1       179-1.23862E-05 2.74209E-05 8.47738E-05 6.26089E-05 8.40509E-06 1.29977E-04
 -1       180-1.07548E-04-2.82227E-07-9.31556E-05 5.69802E-06 1.51041E-05 1.19187E-04
 -1       181-2.96430E-05-2.53661E-05-1.63412E-04-3.36212E-06 7.94184E-06 5.69791E-05
 -1       182-3.81254E-05 1.36231E-05-1.95819E-04-9.73775E-07-5.80941E-06-1.27461E-04
 -1       183-4.66063E-04 4.43906E-05-4.05171E-04-7.98351E-05 9.70155E-05-3.76345E-04
 -1       184 3.69807E-04 1.54541E-03-3.85912E-03-1.43354E-04 3.70613E-04-6.00439E-04
 -1       185 3.59090E-04-5.92360E-05-5.00829E-04-3.12662E-05-4.42622E-06-4.21839E-04
 -1       186-1.13599E-03-3.05447E-06-4.90164E-04-5.54738E-06 2.38006E-06 8.39179E-04
 -1       187-1.11839E-03 7.17228E-06-2.61920E-04 4.55189E-05 1.49544E-05-3.05503E-04
 -1       188-1.13871E-03-5.50583E-05-2.41767E-04-1.18095E-04 5.52753E-06-3.01767E-04
 -1       189-1.91017E-03-5.55603E-05-2.79296E-04-2.64295E-05-1.28526E-05 4.53864E-04
 -1       190-1.88795E-03-2.32267E-05-2.75896E-04 1.60144E-05 1.23302E-05 4.67483E-04
 -1       191-1.10599E-03-2.66652E-05-5.60502E-04-2.71029E-05 2.43039E-05 9.05271E-04
 -1       192 2.85444E-04-1.85027E-05-4.25701E-04 1.30738E-04 9.81507E-05-3.51811E-04
 -1       193-1.12616E-03-2.66033E-05-5.54181E-04 7.78345E-06-2.16619E-05 8.86928E-04
 -1       194 3.82699E-04-4.55236E-05-3.60046E-04-1.84484E-04-1.09469E-04-3.45349E-04
 -1       195-2.59769E-03-8.53112E-04-5.04934E-03-1.66842E-03 2.11867E-03 2.87337E-03
 -1       196-4.54506E-03 1.65830E-03-5.30140E-03 2.96611E-04-6.40027E-04 3.64489E-03
 -1       197-1.34032E-03 2.20247E-03 2.14565E-03 2.42000E-03-2.97090E-03-2.67243E-03
 -1       198-5.30557E-04-1.84079E-03-1.90738E-03 1.01108E-03 1.82641E-03-2.09729E-03
 -1       199-1.51181E-03-1.64764E-03-2.44620E-03-6.54768E-04-2.21733E-03-2.26255E-03
 -1       200 9.77432E-04 2.50207E-03 2.40293E-03-2.16147E-03 2.28612E-03-1.38390E-03
 -1       201-1.29639E-03 4.39822E-04-7.32782E-04-1.05676E-05 2.26213E-04 1.64518E-03
 -1       202-3.49379E-03-1.61927E-03-5.54710E-03 1.23289E-03-3.10248E-03 2.55933E-03
 -1       203 5.43533E-04-2.28721E-03 2.79714E-03 3.48166E-04 1.25297E-03 1.62317E-03
 -1       204 2.27671E-04 8.01810E-04 4.62088E-03-1.07985E-03-2.29464E-03 1.36450E-03
 -1       205-1.29870E-05 1.03573E-03 3.16076E-03 5.73311E-04 2.42513E-03 2.40348E-04
 -1       206 6.09440E-05-4.04125E-04-4.21013E-04 3.90955E-05-9.68094E-05 1.83108E-04
 -1       207-2.15615E-04 4.87359E-05-2.15259E-04 1.75278E-05-1.86326E-05 3.05854E-04
 -1       208-9.20267E-05 5.95538E-05 1.75872E-03 1.31688E-05-4.24323E-07-5.02362E-05
 -1       209 9.24111E-05 3.22613E-05 1.07621E-03-2.14619E-05-1.17276E-05-2.75014E-04
 -1       210 1.56392E-04-2.28112E-05 1.50486E-04 2.64084E-05-4.95320E-05-2.49966E-04
 -1       211-2.17900E-04 4.95754E-05-2.25401E-04-1.11157E-05 2.10361E-05 2.74225E-04
 -1       212 3.32656E-04 4.03649E-05 9.38100E-04-2.60019E-05-5.17628E-05 7.17834E-04
 -1       213 1.63874E-04 4.45821E-05 1.53978E-03 1.09826E-05-2.06835E-05 4.11290E-04
 -1       214 2.39335E-04 1.37398E-05 2.05792E-04-6.19263E-05-1.46539E-04 1.98304E-04
 -1       215 1.21932E-04-5.07822E-05 1.63399E-04-7.78541E-05 3.74505E-05-1.26005E-04
 -1       216 5.65804E-04 1.06566E-04 3.74750E-03-2.12883E-05 1.02011E-04-8.95555E-04
 -1       217 9.55253E-04 7.65226E-06 1.72147E-03-5.88681E-05 1.09154E-04-1.18834E-03
 -1       218 5.73595E-04 1.35725E-04 4.22479E-03 5.18877E-06 3.44601E-05 1.03955E-03
 -1       219-1.82807E-04 5.74566E-05 5.27854E-03-6.39234E-06 4.95516E-05-6.12241E-05
 -1       220 1.00594E-03-4.88505E-05 7.81235E-04-5.57377E-05-8.48467E-05 7.29565E-04
 -1       221 1.07532E-03 1.02715E-05 2.42664E-03 1.17244E-05 4.84196E-05 1.73139E-03
 -1       222 9.98951E-04 2.60076E-05 8.88623E-04 4.37448E-05 7.99888E-05 7.17825E-04
 -1       223 1.33978E-03-2.21061E-04 4.50391E-04-5.91762E-05-3.15412E-05 1.47501E-03
 -1       224 1.28675E-03 8.36958E-05-9.83224E-04 4.42310E-05-2.71213E-06 3.09319E-04
 -1       225 1.51988E-03-3.22967E-04 3.19764E-04-4.37765E-05-1.15022E-04-8.57436E-04
 -1       226 1.70562E-03-4.38250E-04-2.48618E-03 6.32950E-05-2.25587E-04 1.28065E-03
 -1       227-2.32261E-03-5.21397E-04 4.37252E-04 2.68327E-04 1.16579E-04-2.85965E-03
 -1       228-3.33896E-03-6.54193E-04 5.77353E-05 3.88263E-04-2.33903E-04 2.12877E-03
 -1       229 3.18487E-03-6.35883E-04-2.39824E-03 2.93361E-04 1.59552E-04-1.12282E-03
 -1       230 7.18168E-04-5.60401E-04 1.15512E-03-5.09041E-04-4.89632E-05-3.63364E-03
 -1       231-4.89104E-04 1.65983E-04-1.34248E-04 1.12493E-04-3.38438E-05 2.87139E-04
 -1       232 2.41864E-03 3.48283E-04 3.57677E-04 8.03149E-05-1.22977E-04-2.14390E-03
 -1       233 2.35489E-03-2.31109E-05-1.46519E-03-3.65036E-05 2.85490E-05-1.20041E-05
 -1       234 3.60707E-04 3.42518E-05-8.09246E-04 6.20277E-05 2.08495E-05-1.04980E-03
 -1       235-3.72268E-04 6.43024E-05 4.58458E-04 2.42759E-05-2.30188E-05 5.14823E-04
 -1       236 2.00073E-04-6.36818E-06-1.78340E-04-1.16682E-05-1.50544E-05 8.24344E-04
 -1       237 1.08555E-03-1.53282E-05-2.87158E-04 4.57579E-05-1.98262E-05-3.31348E-04
 -1       238-2.87693E-04 1.05655E-05 4.49366E-04 3.67050E-05-2.06674E-05-3.86082E-04
 -1       239 2.05691E-03 1.04875E-04 1.32444E-03-1.60522E-05 7.88931E-05 3.14093E-04
 -1       240 2.89399E-03-4.59951E-04 2.03608E-04-1.43787E-04-5.20457E-05 1.52826E-04
 -1       241 4.57857E-03 1.02598E-05 8.12742E-04 6.87568E-05-1.95597E-04 1.09294E-03
 -1       242 4.34922E-03-2.59266E-04 7.58129E-04 9.61300E-05-2.05105E-04 1.22068E-04
 -1       243 2.12717E-03-2.08286E-04 5.54575E-05 8.06029E-04 4.57151E-06 1.44828E-03
 -1       244 8.22981E-04-2.31313E-05-8.40561E-04-3.45045E-05 1.09326E-05 5.93771E-04
 -1       245 1.08118E-03-6.40238E-05-7.10904E-04-1.22858E-05 1.94340E-05-2.78688E-04
 -1       246 2.67783E-03 8.65863E-05-4.66489E-04-6.65273E-06 2.08404E-05 7.45362E-04
 -1       247 5.14463E-04-8.03833E-07-2.65276E-04 4.33171E-06 1.14683E-05-5.66883E-04
 -1       248 5.62172E-05 7.23390E-06 5.06620E-04 4.93788E-05 2.15044E-05-5.60042E-04
 -1       249 1.68857E-03 9.11310E-05-1.21600E-03-3.79133E-05-1.25207E-05-7.90451E-04
 -1       250-2.00421E-04 2.52142E-05 7.96211E-04 5.35242E-05 8.72089E-06 8.66329E-05
 -1       251-2.08454E-05 5.02251E-05 2.81582E-04 3.04275E-05-7.08071E-06 4.19065E-04
 -1       252-3.27102E-04 9.43966E-06-5.25648E-04 4.51224E-05 5.25437E-05-6.08437E-04
 -1       253 8.39031E-04 6.23986E-05-1.58832E-04 7.95488E-05 1.79822E-05 6.31342E-04
 -1       254 6.77577E-04-2.58224E-04-1.44118E-04-7.07968E-05-1.97425E-05 2.59427E-04
 -1       255 4.32559E-04 1.99283E-05-9.06133E-04 8.34928E-05 1.16240E-05 4.70083E-04
 -1       256-3.09805E-04-1.52362E-03 7.16639E-04-7.77041E-04 4.01767E-04-1.25474E-03
 -1       257-8.41532E-04-1.35492E-03 8.12577E-04-1.68775E-04 3.32975E-04-3.66625E-03
 -1       258 2.01759E-03 2.69639E-04 1.40977E-04-7.23694E-06 1.10705E-05-1.49624E-03
 -1       259 2.53925E-03 2.41633E-03 6.44172E-04 9.48091E-04-6.98031E-04-2.93682E-03
 -1       260 1.24286E-03 1.33365E-03-1.10107E-03-2.63516E-04-3.21681E-05 5.01963E-05
 -1       261 2.28604E-03 5.31062E-04 1.59475E-03-1.81170E-04-4.37474E-04-3.40393E-03
 -1       262 1.20597E-03 3.84707E-04-1.78116E-03 3.12162E-05 2.50141E-05 6.21517E-04
 -1       263 1.68402E-03-1.77881E-04-5.38739E-04 1.01753E-04-8.28373E-06-1.51058E-03
 -1       264 3.36344E-03-2.32563E-04-1.03177E-03-9.25228E-05 3.38926E-05-1.00225E-03
 -1       265-2.45433E-04-1.25887E-04 6.62345E-04 6.47078E-05-6.51389E-05-1.78650E-03
 -1       266-1.31248E-03-1.36221E-04 2.64089E-03 7.11236E-05-3.84849E-06-1.40600E-03
 -1       267 1.22055E-03-6.12398E-04-1.78224E-03 2.42755E-04 1.78459E-04-2.53732E-03
 -1       268-1.74736E-03-1.48069E-04 2.63862E-03 1.12888E-04-4.42582E-05 8.03120E-04
 -1       269-6.36088E-04-1.24989E-04 1.37206E-03 1.49951E-04-5.58144E-05 1.82482E-03
 -1       270-3.62941E-03-9.20937E-04 1.62389E-04 4.51071E-04-3.67434E-05-4.90383E-04
 -1       271 1.10943E-03-1.19977E-04 3.58862E-05 4.74314E-05-3.59187E-05 1.82907E-03
 -1       272 1.33535E-03 7.90112E-06-9.49034E-04 1.28183E-04 4.57057E-05 3.26613E-04
 -1       273-3.00447E-04-4.21352E-04-1.53948E-03 3.48095E-04-3.37918E-04 2.22775E-03
 -1       274 2.84989E-03 4.36534E-05-1.10323E-03-4.57063E-05-1.79685E-04-3.95910E-05
 -1       275 1.72974E-03-1.53318E-04-1.29150E-03-4.51554E-05-1.26809E-05-3.44039E-04
 -1       276 3.48563E-03-5.02271E-05-5.85447E-04-4.49752E-05 1.25038E-04-7.13474E-04
 -1       277 6.73079E-05 9.07063E-05-1.66480E-03 7.30229E-05-4.06841E-05-7.45171E-04
 -1       278 5.12506E-04 1.29618E-04-9.33323E-04 3.36041E-05 5.51341E-05-7.59410E-04
 -1       279-4.65639E-04 2.26297E-04-1.34558E-03 9.94660E-05-3.48585E-05-2.02957E-04
 -1       280-4.16520E-04 2.36301E-04-1.55493E-03 6.19377E-05 7.91061E-06-1.28402E-04
 -1       281 1.33536E-03 1.25524E-04-9.57134E-04 5.32503E-05-1.06161E-04-8.08813E-05
 -1       282 5.23483E-04 1.22401E-04-1.44855E-03 9.85953E-05 7.50322E-05-1.06790E-04
 -1       283 4.30172E-03-3.28349E-04 2.65979E-04-2.24344E-04-1.85461E-04-2.83341E-03
 -1       284 1.56903E-03-3.62608E-04-4.96849E-04-1.71035E-04 1.70287E-05-1.85706E-03
 -1       285 3.79415E-03-4.63455E-04 1.15283E-03 1.06750E-03-3.52359E-04-3.85595E-03
 -1       286 3.88631E-03-9.04922E-04 5.44343E-04-8.38488E-05-8.18865E-05-2.33681E-03
 -1       287-1.35263E-03-3.88142E-04-2.55081E-03 2.06505E-03-1.92625E-04-2.89776E-03
 -1       288 2.96740E-03-8.64153E-04-8.36861E-04 1.47027E-03-4.63508E-04-3.56009E-03
 -1       289-8.38252E-03 1.94970E-04-3.22306E-03 2.14186E-03-3.86292E-05-2.47077E-03
 -1       290-5.88915E-03 3.28025E-04-8.24438E-04 1.55705E-03-5.34507E-04-3.27579E-03
 -1       291-7.27194E-03-6.84860E-05-2.17793E-03 1.63788E-03 6.17565E-05 1.42376E-03
 -1       292-8.45800E-03 2.92519E-04-2.89593E-03 1.31238E-03-2.42234E-04 1.83107E-03
 -1       293 2.01058E-04-4.76800E-04-1.40406E-03 9.42509E-04 9.73425E-05 2.40988E-03
 -1       294-2.41865E-03-6.88311E-06-3.16789E-03 1.12683E-03 9.85532E-05 2.26263E-03
 -1       295 1.32422E-03-2.24791E-04 3.74303E-04 4.32860E-05 4.12807E-05 1.52194E-03
 -1       296 1.33886E-03 1.08845E-04-1.28530E-03-1.74843E-05 5.66480E-05 1.88874E-04
 -1       297 6.73181E-04-5.43243E-04 1.86853E-04 1.26784E-04 1.70359E-04-1.01854E-03
 -1       298 1.60107E-03-3.99939E-04-2.33452E-03-3.43411E-05 1.87060E-04 1.24427E-03
 -1       299-2.73533E-03-8.59094E-04 2.49948E-04-4.40214E-04-1.28367E-04-2.90285E-03
 -1       300-2.86072E-03-4.28202E-04-1.62280E-04-1.84112E-04 1.22287E-04 1.93011E-03
 -1       301 2.56617E-03-8.69075E-04-3.47460E-03-1.42052E-04-4.19672E-04-6.52957E-04
 -1       302 8.00682E-04-9.02558E-04 1.42882E-03 8.90460E-05 2.73637E-04-2.48329E-03
 -1       303-3.96739E-04 9.13989E-05-3.50933E-04-9.09794E-05 8.46612E-07 2.67920E-04
 -1       304 3.14979E-03 8.66877E-05 1.22255E-03 1.05634E-04-3.28965E-04-2.38200E-03
 -1       305 2.40295E-03-1.05559E-04-1.63547E-03 2.72573E-05 5.75574E-07 1.76110E-04
 -1       306 3.67129E-04 4.43203E-05-9.41923E-04-5.69862E-05-3.42480E-05-1.08328E-03
 -1       307 2.16216E-04 8.06779E-06-1.73203E-04 3.05499E-06 1.61497E-05 8.64492E-04
 -1       308-3.98441E-04 6.92352E-05 5.19268E-04-2.70421E-05 3.95064E-06 5.46412E-04
 -1       309-3.38315E-04-1.99907E-05 4.58205E-04-3.22047E-05 5.15398E-05-3.44651E-04
 -1       310 1.00846E-03-3.23295E-05-3.44724E-04-6.32684E-05-5.41881E-06-3.01402E-04
 -1       311 1.98227E-03 1.06800E-04 1.33170E-03 1.22016E-05-5.07782E-05 4.63209E-04
 -1       312 4.57997E-03 1.84245E-05 8.28592E-04-1.24838E-04 2.43124E-04 1.04485E-03
 -1       313 2.87365E-03-4.46416E-04 1.68159E-04 1.46183E-04 6.68731E-05 2.33017E-04
 -1       314 1.69096E-03-2.17383E-04 1.46065E-05-9.03662E-04 1.93973E-04 1.19637E-03
 -1       315 4.33950E-03-2.72446E-04 7.12605E-04-1.53359E-04 2.05739E-04 7.34888E-05
 -1       316 1.10665E-03-7.29810E-05-7.48607E-04-2.01621E-05-7.32885E-06-2.04484E-04
 -1       317 8.43453E-04-4.18278E-05-8.76917E-04 5.50745E-05 1.10510E-06 6.64866E-04
 -1       318 2.66531E-03 8.67401E-05-5.28035E-04-5.06688E-06-1.16845E-05 7.92224E-04
 -1       319-5.90812E-06 2.96367E-05 4.84522E-04-6.00803E-05 1.21212E-05-5.46542E-04
 -1       320 4.47556E-04 1.05900E-05-4.10773E-04-1.34050E-05-2.63443E-05-5.15254E-04
 -1       321 1.66124E-03 6.67668E-05-1.30685E-03-5.91191E-05 2.33851E-05-7.74845E-04
 -1       322 1.29511E-04-5.09086E-06 2.72311E-04-3.60986E-05-1.33661E-05 4.51885E-04
 -1       323-1.71919E-04 5.10026E-05 5.78118E-04-5.68711E-05-1.73830E-06 1.02422E-04
 -1       324-3.03503E-04-7.95333E-06-6.61483E-04-5.92840E-05 2.17728E-06-5.30976E-04
 -1       325 7.56781E-04 1.60337E-04-5.05522E-04-7.01297E-06-1.13123E-04-2.57344E-05
 -1       326 9.10637E-04 3.79684E-05-2.05480E-04-1.40149E-05 3.17937E-05 6.02017E-04
 -1       327 5.89547E-04 2.41288E-05-1.03684E-03 2.05854E-06 1.79291E-05 4.48963E-04
 -1       328-1.53809E-04-9.05312E-04 1.58758E-03 2.92141E-04-8.76203E-05-2.30280E-03
 -1       329-2.39802E-04-1.18059E-03 6.67462E-04 7.31421E-04-4.07846E-04-1.25395E-03
 -1       330 2.04202E-03 1.28427E-04-4.70229E-04-3.74911E-06 1.25907E-04-1.31660E-03
 -1       331 1.45277E-03 6.93029E-04-6.54679E-04 6.55726E-05 4.40717E-05-1.38226E-04
 -1       332 2.02102E-03 1.51074E-03 6.10739E-04-4.60069E-04 7.15909E-04-2.90571E-03
 -1       333 2.20875E-03-1.75742E-04 2.76085E-03-7.99908E-06 1.10182E-04-2.78390E-03
 -1       334 1.57903E-03 1.01666E-05-6.46400E-04-7.05018E-05-2.57181E-05-1.49727E-03
 -1       335 1.46079E-03 5.73078E-05-1.50999E-03-6.08452E-05-1.00454E-04 5.01738E-04
 -1       336 3.53304E-03 5.44277E-05-6.66385E-04 6.15501E-05-3.87099E-04-1.07118E-03
 -1       337-1.59166E-03-7.48202E-05 2.86815E-03-1.35882E-04-2.67402E-05-1.31167E-03
 -1       338-3.83130E-04-1.21274E-04 6.44397E-04-2.02001E-04 1.48007E-05-1.90142E-03
 -1       339 1.36597E-03-2.82026E-04-1.58231E-03-1.13097E-04-4.37800E-04-2.57413E-03
 -1       340-4.30754E-04-3.82983E-05 1.32310E-03 1.92778E-05-4.20628E-05 1.73027E-03
 -1       341-1.63891E-03-7.47460E-05 2.65066E-03-2.71696E-05 2.74713E-05 9.77819E-04
 -1       342-3.41708E-03-8.07587E-04 5.35654E-04-4.12036E-04-7.81642E-05-2.08447E-04
 -1       343 1.25696E-03 4.85898E-06-9.23011E-04-1.05120E-04-4.78546E-05 4.37780E-04
 -1       344 1.16355E-03-9.11023E-05 1.25479E-04-3.26843E-05-4.80983E-05 1.85014E-03
 -1       345-1.53218E-04-2.72967E-04-1.32870E-03-7.40498E-05 1.70736E-04 2.13243E-03
 -1       346 2.79567E-03 3.21074E-05-1.08796E-03 1.02129E-04 1.95082E-04 3.48529E-05
 -1       347 3.41693E-03-2.80334E-05-6.91015E-04 2.97139E-05-1.04341E-04-6.27656E-04
 -1       348 1.62054E-03-1.31814E-04-1.35526E-03 3.33629E-05 5.53079E-07-2.95770E-04
 -1       349 5.22284E-04 1.40685E-04-1.07620E-03-6.12281E-05-6.84280E-05-7.31595E-04
 -1       350 6.48486E-05 1.11722E-04-1.76281E-03-7.05326E-05 4.83144E-05-6.47809E-04
 -1       351-4.15497E-04 2.24376E-04-1.75226E-03-7.11086E-05 1.55454E-05-6.30591E-05
 -1       352-4.22872E-04 2.36004E-04-1.51488E-03-6.54325E-05 4.99231E-05-1.64194E-04
 -1       353 5.63289E-04 6.45441E-05-1.73224E-03-6.21357E-05-3.75287E-05-1.91187E-04
 -1       354 1.47148E-03 1.36214E-04-1.12396E-03-1.67925E-05 8.93612E-05-8.74420E-05
 -1       355 1.66047E-03-4.41664E-04-8.56311E-04 1.08002E-04 2.70003E-05-1.43023E-03
 -1       356 4.22561E-03-4.72915E-04 1.62173E-04-4.10361E-05 2.45600E-04-2.02460E-03
 -1       357 4.15197E-03-8.84841E-04 1.12385E-03 3.02840E-05-4.22400E-05-2.20721E-03
 -1       358 4.07123E-03-4.68804E-04 1.58933E-03-1.03850E-03 1.66130E-04-3.79113E-03
 -1       359 2.61028E-03-7.72641E-04-7.51636E-04-1.29368E-03 2.51537E-04-3.41380E-03
 -1       360-1.75062E-03-2.47898E-04-2.58232E-03-1.52234E-03 3.99062E-04-3.05280E-03
 -1       361-6.99075E-03-2.65503E-04-1.41248E-03-1.96734E-03 5.04663E-04-3.14838E-03
 -1       362-8.91917E-03-2.18191E-05-3.19798E-03-2.24673E-03-5.80326E-05-1.91527E-03
 -1       363-8.16824E-03 3.20850E-04-3.00132E-03-1.34327E-03 2.01893E-04 2.21543E-03
 -1       364-6.47712E-03-5.90919E-05-2.11415E-03-1.38927E-03-6.18166E-05 1.44588E-03
 -1       365-2.14641E-03 4.40435E-05-2.84513E-03-1.05976E-03-9.23661E-05 2.02192E-03
 -1       366-7.81243E-05-3.96656E-04-1.42539E-03-9.35767E-04-7.04548E-05 2.22049E-03
 -1       367 1.85839E-03 1.41183E-03-4.37140E-02-5.56374E-04 5.62893E-04-4.46295E-04
 -1       368 2.26237E-03 1.25733E-03-6.47712E-02 3.46854E-04-1.26918E-04-2.00268E-03
 -1       369-6.82504E-05-1.16732E-03-7.29063E-02-6.08026E-04-9.70061E-04-8.90644E-04
 -1       370-4.22769E-04-8.40373E-04 3.20707E-03 2.87461E-04 9.96659E-04-1.13989E-03
 -1       371 6.40837E-04 1.53126E-04-6.25296E-04-4.00979E-05-6.87516E-04-3.16156E-03
 -1       372-2.61720E-05 1.04528E-03-3.55202E-02-3.68617E-04 2.02460E-04 6.34676E-04
 -1       373 2.25516E-03 1.02874E-03 3.75330E-02-6.87135E-04 1.01454E-04 3.56826E-04
 -1       374-1.61251E-03-2.55619E-04 4.61089E-02 3.41109E-04 6.71318E-04-6.96609E-04
 -1       375-1.93745E-03-1.53559E-03 6.05067E-02-2.81973E-04-1.44233E-04-6.87364E-04
 -1       376 2.94349E-04 1.18291E-03 7.35660E-02 5.35696E-04-8.02342E-04-8.39895E-04
 -1       377-2.85482E-03-3.09732E-03 2.43212E-03 3.19957E-04 6.78763E-04-3.73401E-04
 -1       378-7.67183E-04-7.15688E-04-2.23843E-03-1.55660E-05-4.28400E-04-2.96305E-03
 -1       379-3.10054E-03-1.13590E-03-3.71674E-02 4.62091E-04 7.85830E-05 1.13545E-04
 -1       380 2.58760E-04-7.77698E-04 3.63836E-02 4.15882E-04-7.16617E-05 7.04315E-04
 -1       381-2.40090E-03-1.11855E-04-6.32968E-03 1.16046E-05-1.30633E-04-1.27377E-04
 -1       382-4.12556E-04 7.05277E-04-3.26529E-04 6.36003E-06 2.07225E-05 3.12745E-04
 -1       383 1.53031E-03 3.92188E-06 6.40995E-05 6.02427E-06 7.08494E-06-7.72366E-04
 -1       384-3.36133E-04-4.32102E-04-3.46457E-03 1.35322E-05 3.34710E-05 5.61706E-05
 -1       385-2.93756E-03 3.85930E-05-4.25673E-03 9.49568E-05-3.37752E-04 2.39920E-04
 -1       386 3.70726E-03 1.65923E-03 3.84021E-03-1.69854E-04 2.04692E-04-3.59027E-03
 -1       387 1.02311E-02 1.36612E-03 1.54569E-03-1.01649E-03-6.23553E-04 5.02320E-03
 -1       388 5.31655E-03 9.39079E-04 1.52035E-03-6.54820E-05 4.01559E-05 2.60703E-03
 -1       389 6.15577E-03 4.19771E-04 1.28064E-03 2.04271E-05-4.79974E-06-1.73876E-03
 -1       390 9.25644E-03 5.42012E-04 8.87030E-04 2.09695E-04-1.43483E-06-1.19365E-03
 -1       391 9.85948E-03 7.60340E-04 8.22545E-04-5.54381E-05 3.29981E-05-1.31843E-03
 -1       392 1.02370E-02 1.38356E-03 1.53162E-03 4.94734E-04 3.57783E-04 2.98668E-03
 -1       393 1.11984E-02 2.06038E-03 3.95599E-03-1.01854E-04-2.65595E-05-3.86193E-03
 -1       394 4.60769E-03 7.11130E-05-5.10200E-05-2.28061E-04 7.61948E-06-6.45929E-05
 -1       395-6.58519E-04-4.43947E-04-2.11558E-03-1.99683E-05 3.87803E-05-1.01086E-03
 -1       396-5.60649E-04-6.14959E-04-4.89701E-03 8.25930E-06 3.81040E-05-1.14929E-03
 -1       397 1.05916E-02 6.96328E-04 1.08176E-03-5.49492E-05 1.04996E-04-4.16370E-04
 -1       398 8.11482E-03 5.39854E-04 1.06507E-03-3.32302E-04-5.16412E-07-1.92681E-03
 -1       399 1.14014E-02 8.61502E-04 1.72587E-03 1.67719E-04 1.23510E-04 2.19539E-03
 -1       400 8.28855E-03 1.70562E-03 2.49265E-03 1.42357E-03 5.05314E-04 4.63422E-03
 -1       401 1.23551E-02 1.37584E-03 9.54632E-04 7.09136E-05 1.37863E-04-5.54298E-04
 -1       402 1.29663E-02 1.54078E-03 6.88252E-04 6.82488E-04 8.63051E-05 1.55503E-03
 -1       403 1.02113E-02 6.45308E-04 1.25324E-03 9.06128E-05-2.41058E-05-3.02269E-04
 -1       404 7.86162E-03 4.11696E-04 1.04503E-03 4.30322E-04-1.73645E-05-1.69867E-03
 -1       405 1.34574E-02 1.43658E-03 2.20452E-03-3.21715E-04-3.90567E-04 3.37029E-03
 -1       406 6.92647E-03 9.64470E-04 1.51516E-03-1.59344E-03-6.22245E-04 5.17173E-03
 -1       407 1.23023E-02 1.93958E-03 2.00918E-03-9.66521E-04-2.27322E-04 3.66783E-03
 -1       408 1.19660E-02 1.23276E-03 1.09836E-03 2.24845E-04-8.68402E-05-7.31959E-05
 -1       409 9.11267E-04-3.55913E-05-3.00192E-04-2.00704E-04 2.84355E-04-4.44538E-04
 -1       410 3.39125E-03 2.78155E-04 1.15786E-03-2.57376E-04 1.91481E-04-1.64334E-03
 -1       411 3.96175E-03 4.07095E-04 1.20188E-03 9.05444E-06-3.23289E-05-1.74064E-03
 -1       412 5.53812E-03 2.81881E-04 1.19002E-03-2.84819E-04 4.91122E-05-1.94381E-03
 -1       413 8.43119E-03 7.58530E-04 1.06297E-03 1.66352E-05-7.27586E-05-1.74050E-03
 -1       414-3.24042E-04-2.91753E-04-3.76424E-03 5.06853E-05 1.53670E-04-5.21624E-05
 -1       415-4.05842E-05-2.95807E-04-2.31898E-03-9.21876E-05 3.13608E-04 2.44865E-04
 -1       416 4.49246E-04-1.79335E-04-1.51011E-03 4.33966E-07 1.95470E-05-1.44514E-04
 -1       417-8.29926E-04-5.22048E-04-4.41912E-03-3.09564E-05-1.01820E-04-1.34786E-03
 -1       418-5.28113E-04-5.39878E-04-5.05485E-03 2.51022E-05 1.24655E-04-7.87160E-04
 -1       419-2.73507E-04-5.10095E-04-4.51273E-03 9.62870E-06 4.41316E-05-5.91536E-04
 -1       420-2.22525E-04-4.47776E-04-1.22728E-03-3.29737E-04-2.91092E-04-7.66659E-04
 -1       421-8.48189E-04-3.53479E-04-2.49136E-03-4.43334E-05-1.37239E-04-1.11940E-03
 -1       422-5.29706E-04-4.35687E-04-3.59265E-03 9.09389E-06 4.20011E-05-1.25974E-03
 -1       423 8.19782E-03 4.92131E-04 4.50671E-04-5.06037E-04-9.28592E-05-3.74797E-04
 -1       424 2.69544E-03-1.98636E-04-3.22421E-04-5.50185E-04-2.27604E-04 1.97125E-05
 -1       425 1.71358E-03-9.52043E-05-4.92674E-04-1.32772E-04 3.14021E-06-3.01108E-04
 -1       426 1.13213E-02 1.31838E-03 2.21775E-03-6.23865E-04 1.77334E-04-2.62526E-03
 -1       427 9.87709E-03 2.02374E-03 4.59462E-03 1.33501E-03-3.49140E-04-6.09002E-03
 -1       428 1.09756E-02 1.65655E-03 1.18982E-03-2.03040E-04-1.10958E-04-1.03588E-03
 -1       429 5.37869E-03 2.13511E-03 5.15980E-03 8.83772E-04-6.16354E-04-6.21152E-03
 -1       430-8.04561E-04 2.30302E-03 2.43233E-03 1.20620E-03-1.15106E-03-3.55162E-03
 -1       431 9.53986E-03 3.04024E-03 5.71863E-03-5.37925E-05 1.66537E-04-6.20665E-03
 -1       432-6.18302E-03 7.86975E-04-2.31098E-03 9.60037E-04-1.43560E-03-9.50201E-04
 -1       433-6.67437E-03 6.92179E-04-7.78520E-03 3.80775E-04-5.01133E-04 7.35272E-04
 -1       434 9.89955E-06 1.02660E-03 2.93733E-04-8.51978E-05-2.38904E-04-1.48274E-03
 -1       435-7.25785E-03 9.88940E-04-7.31334E-03 4.74600E-04 4.88079E-05 3.66483E-04
 -1       436-5.30164E-03 6.89568E-04-5.57020E-03 5.20566E-04 8.26615E-04-1.19334E-03
 -1       437-3.04944E-03-6.29524E-04-7.12096E-03-6.76479E-05-8.47543E-05 1.18834E-03
 -1       438-4.30455E-03 1.19764E-03-1.62108E-03 1.09898E-03 1.00588E-03 6.68154E-04
 -1       439-3.77914E-04 1.05093E-03 1.94351E-03 9.52948E-04 7.39621E-04 2.41779E-03
 -1       440-1.27021E-03 3.41498E-04-3.73021E-03-9.16127E-06-1.85822E-05-5.26124E-04
 -1       441 2.71950E-03 1.48641E-03 2.34880E-03-3.40980E-05-1.26042E-05 2.48725E-03
 -1       442 2.96785E-03 9.72090E-04 1.93856E-03 1.25189E-03 5.91416E-04 3.77724E-03
 -1       443 7.61301E-03 1.34944E-03 1.30608E-03 4.39567E-04 3.38843E-04 3.20311E-03
 -1       444 3.36357E-03 2.34733E-04 1.13863E-03 2.62294E-04-1.97584E-04-1.62094E-03
 -1       445 9.12269E-04-9.91567E-05-3.43054E-04 1.76632E-04-2.69128E-04-4.41038E-04
 -1       446 5.54194E-03 2.81600E-04 1.22452E-03 3.20444E-04-3.92789E-05-1.85319E-03
 -1       447 8.30187E-03 7.07052E-04 1.20608E-03 1.17473E-04 1.01451E-04-1.66351E-03
 -1       448-9.51214E-05-3.63559E-04-2.44047E-03 8.40802E-05-2.93647E-04 2.78441E-04
 -1       449-3.54124E-04-3.33735E-04-3.84501E-03-4.79513E-05-7.92147E-05-3.52619E-05
 -1       450-5.35672E-04-5.28138E-04-5.12542E-03-8.68047E-06-4.55440E-05-7.82131E-04
 -1       451-8.31069E-04-5.28685E-04-4.53003E-03 6.47378E-05 1.85164E-04-1.39017E-03
 -1       452-8.28745E-04-2.98237E-04-2.56007E-03 8.20985E-05 2.20944E-04-1.16938E-03
 -1       453 4.78938E-05-2.86097E-04-1.14080E-03 2.59014E-04 2.72955E-04-6.82593E-04
 -1       454 2.88427E-03-4.85599E-05-1.91721E-04 3.05901E-04 1.41381E-04 4.64196E-05
 -1       455 8.42746E-03 6.73438E-04 6.91710E-04 3.16218E-05 2.91587E-05-2.61787E-04
 -1       456 9.79838E-03 1.95548E-03 4.42471E-03-1.41825E-03 3.45744E-04-6.20931E-03
 -1       457 1.13864E-02 1.26134E-03 2.15360E-03 2.90346E-04-2.09712E-04-2.73108E-03
 -1       458-2.04313E-03 1.55753E-03 2.07886E-03-1.40950E-03 1.44094E-03-3.25604E-03
 -1       459 5.48761E-03 1.94274E-03 5.65194E-03-9.56663E-04 6.92130E-04-6.37827E-03
 -1       460-6.35497E-03 1.25046E-03-7.75025E-03-2.33059E-04 1.59667E-04 4.66054E-04
 -1       461-5.38073E-03 1.00468E-03-3.68330E-03-5.81949E-04 9.66242E-04-2.47977E-04
 -1       462-4.73029E-03 6.96809E-04-5.17998E-03-3.96899E-04-9.40785E-04-1.19491E-03
 -1       463-7.04032E-03 1.08969E-03-7.19564E-03-4.83881E-04-3.64905E-04 4.56498E-04
 -1       464-6.32445E-04 9.15676E-04 1.84153E-03-8.79254E-04-6.60798E-04 2.24616E-03
 -1       465-3.66491E-03 1.02982E-03-1.40341E-03-9.42977E-04-9.12035E-04 6.12178E-04
 -1       466 2.39710E-03 8.96759E-04 1.70973E-03-1.49003E-03-5.64413E-04 3.85821E-03
 -1       467 7.52786E-03 1.39837E-03 1.31844E-03-1.05319E-03-3.73595E-04 4.44791E-03
 -1       468 1.17636E-02 1.40117E-03 1.06016E-03-2.02038E-04-1.08197E-04-4.14850E-04
 -1       469 1.20009E-02 1.84599E-03 9.43063E-04 2.83923E-04 4.55595E-05 1.60197E-03
 -1       470 9.62084E-03 1.46851E-03 1.16858E-03-1.59847E-04 1.38148E-04 2.31467E-03
 -1       471 1.10309E-02 1.31588E-03 1.35271E-03-2.35733E-05-6.04774E-05-6.80279E-04
 -1       472 2.81904E-03-4.51389E-03-1.56012E-04 5.81795E-05 3.34510E-05-3.19847E-03
 -1       473-1.94783E-03 2.34082E-03-3.07635E-03-1.89243E-04-3.31728E-06-2.67509E-03
 -1       474-4.52499E-03 5.20628E-03-9.39564E-03 1.06441E-03 1.55332E-03-5.75623E-03
 -1       475-4.82513E-03 3.02446E-03-1.05392E-02-1.39610E-03-6.90763E-04-5.21625E-03
 -1       476-1.07114E-03-5.36766E-03-5.81515E-03-5.10391E-04-8.81815E-03 3.48753E-03
 -1       477-3.75400E-03 4.00960E-05-8.68352E-03-1.58372E-03-2.13360E-03-3.86244E-03
 -1       478-2.00515E-03 7.11375E-04-2.56832E-03-7.57291E-04-5.02173E-04-2.76119E-03
 -1       479 1.88054E-04-5.66243E-03-7.50401E-03 2.61165E-05 1.00660E-02 2.19251E-03
 -1       480-3.86262E-03 3.93953E-05-1.03030E-02 1.97966E-03 1.85505E-03-4.30803E-03
 -1       481-1.76974E-03 7.77130E-04-2.36698E-03 5.21997E-04 1.89217E-04-2.48330E-03
 -1       482 2.57084E-03 8.87346E-03 7.07316E-03 1.42115E-03-1.26283E-02 2.54180E-03
 -1       483 5.71627E-03-3.74553E-03 1.06187E-02-1.49127E-03 1.21886E-03-6.80893E-03
 -1       484 6.29478E-03-5.68629E-03 9.90089E-03 1.52638E-03-1.57649E-03-6.75394E-03
 -1       485 5.46978E-03 5.19267E-04 1.22299E-02 1.38982E-03-3.06899E-03-5.00281E-03
 -1       486 1.76450E-03-2.20429E-03 7.08944E-05 5.56643E-04-8.88480E-04-2.42091E-03
 -1       487 1.38037E-04 7.08054E-03 4.16654E-03-2.07008E-04 1.18128E-02 2.07166E-03
 -1       488 4.77126E-03 1.04990E-03 9.87396E-03-1.85821E-03 2.57730E-03-4.25617E-03
 -1       489 1.63113E-03-2.46904E-03 5.15711E-04-3.25834E-04 9.09382E-04-2.74152E-03
 -1       490 2.90196E-04 1.25316E-05 1.80701E-04-3.07252E-05 4.29481E-05-2.52881E-04
 -1       491 3.47371E-04-7.48528E-05 1.39416E-04 5.89354E-05-3.36090E-05-3.47776E-04
 -1       492 9.65627E-04 4.70341E-04 4.44862E-04 1.00128E-04 5.75182E-05-1.40009E-03
 -1       493-1.03860E-05-3.19122E-06 2.76389E-04 2.26597E-06-1.12695E-06-1.42789E-05
 -1       494 6.96589E-05-1.84131E-05 1.86869E-04 1.84847E-06 1.84823E-05-1.19618E-04
 -1       495 3.82640E-05-2.76974E-05 2.33465E-04 1.40639E-05-1.06871E-05 6.89434E-05
 -1       496 7.13885E-06 1.48381E-05 2.02484E-04 3.45299E-06-2.21383E-05 5.36840E-05
 -1       497 3.78671E-05-3.22939E-05 8.45718E-06 8.60704E-05 1.70519E-05-5.11535E-05
 -1       498 8.55784E-05-7.51326E-05 2.18572E-04 4.83762E-05 1.14462E-04 1.58732E-04
 -1       499-1.65080E-05-1.91130E-06 1.92419E-05 4.90087E-05-6.53444E-07 3.64313E-05
 -1       500-3.75156E-05-1.00465E-05 1.78694E-05 6.41377E-05 1.54659E-05 6.74727E-06
 -1       501 3.15979E-05-1.07886E-06-3.43989E-05 6.43759E-05-1.18120E-05 2.89476E-05
 -1       502-8.89418E-05 6.45797E-05-3.77427E-04 1.51169E-05-8.63661E-05 9.12122E-05
 -1       503 1.45478E-05 4.39719E-05 5.23215E-05 1.17213E-04-2.57548E-05-4.46312E-05
 -1       504-1.03907E-05-1.08406E-05-2.14683E-04-5.32718E-07 2.69395E-05 5.24441E-05
 -1       505-1.65040E-05-1.03266E-05-2.23168E-04 5.27720E-06-8.01891E-07 9.59983E-05
 -1       506-5.53603E-05-1.75284E-07-2.80586E-04 8.84118E-06 1.22289E-05-1.23603E-04
 -1       507-3.42630E-06-3.67541E-06-2.49292E-04 2.70905E-07 1.81140E-05-1.74996E-05
 -1       508-4.16317E-04-1.37999E-04-2.52251E-04 4.05512E-06-7.27568E-05-4.52901E-04
 -1       509-1.09690E-04 1.05942E-05-3.17455E-04-2.96225E-06 2.76864E-06-2.00675E-04
 -1       510-1.18436E-03-5.41282E-04-8.27145E-04-1.62594E-04-8.99577E-05-1.45253E-03
 -1       511 6.04449E-06 5.59887E-06 5.10191E-05-4.39861E-06-1.98433E-06 5.17837E-04
 -1       512 1.12276E-03 3.39613E-04-1.91537E-03-2.01496E-04 5.78153E-04 1.81481E-03
 -1       513 2.99090E-04 1.52716E-05-8.39599E-04-9.19518E-06-1.07216E-05-3.05411E-05
 -1       514 5.18448E-06 2.79254E-06 1.06769E-04-1.09186E-05-7.52652E-06 1.08400E-04
 -1       515-1.70186E-04 4.07779E-06 5.78841E-04-1.09342E-05 8.49906E-06 5.21737E-05
 -1       516-6.42711E-04-2.47483E-05 1.45178E-03-8.35247E-06 2.55300E-05 7.97779E-05
 -1       517 5.53499E-05-2.43408E-05-2.57797E-04-3.41238E-05 5.79728E-06 7.55356E-05
 -1       518-2.22791E-03-6.70692E-04 4.64648E-03-5.03106E-04-9.44733E-04 1.31840E-03
 -1       519 1.82778E-04-5.04063E-05-1.34653E-03 1.20675E-04 5.79198E-05-4.60499E-04
 -1       520-1.65540E-04 8.86651E-06 7.39998E-04 8.70934E-06 1.53201E-05-1.75151E-04
 -1       521 1.49130E-05 1.06719E-06 3.45004E-04-2.80084E-06 4.65766E-07-8.47943E-05
 -1       522-2.49028E-03-1.63080E-03 1.88955E-03 7.71000E-05-5.35714E-04 3.69130E-03
 -1       523-3.61967E-04-1.18886E-03 3.47140E-03-1.79512E-04-1.45123E-03-9.32866E-04
 -1       524 8.39125E-04 1.91200E-03-3.01666E-03 1.36102E-04 2.51290E-03-9.69286E-04
 -1       525 2.66035E-03 1.47733E-03-1.57569E-03-2.05705E-04 7.09906E-04 4.47774E-03
 -1       526-7.36156E-04 1.90821E-06 1.38593E-03-6.24441E-04-2.11392E-04 1.89777E-03
 -1       527 5.03572E-04 1.53459E-04 1.80608E-03-2.88261E-05-4.49905E-05-1.14629E-03
 -1       528-6.44871E-05 6.96051E-05 9.25326E-04-2.73974E-05 4.95096E-06-3.55287E-04
 -1       529-1.32693E-03-2.87637E-05 2.88870E-03 5.34033E-05 1.56137E-05 6.03104E-04
 -1       530 5.79845E-05 1.32253E-05 5.05020E-04 3.10227E-06 6.46958E-06-2.60469E-04
 -1       531-8.70726E-05-8.32086E-07 5.30273E-04 4.05577E-06 1.77224E-06-9.99774E-05
 -1       532-4.30450E-04-3.39016E-05 9.41235E-04-1.30112E-05 4.10397E-06-1.41385E-04
 -1       533-9.73663E-05 3.60649E-06 4.98825E-04 2.31532E-06 1.33646E-05 1.62171E-07
 -1       534-7.92567E-05-3.05746E-05 5.48234E-04-1.30979E-05 6.06884E-05 2.90366E-05
 -1       535-1.63181E-04 1.21475E-05 6.92063E-04 5.03968E-06 1.56551E-05-4.75565E-05
 -1       536 2.46572E-05-1.38395E-06 6.58074E-04-2.49324E-05 5.50826E-05-3.74826E-05
 -1       537 1.59646E-05-1.58100E-05 1.99972E-04 2.30074E-05 2.01035E-05-1.26665E-04
 -1       538-4.39231E-05 1.42994E-05 4.60440E-04-1.11208E-05 1.55377E-06-1.50691E-05
 -1       539-6.52955E-06-1.38519E-06 9.34106E-05 1.25886E-05-2.78506E-06-2.06027E-05
 -1       540-6.19653E-06-7.78882E-06 3.26793E-05 1.17341E-06-3.35723E-06 2.55500E-05
 -1       541-3.32985E-07 7.56699E-06 2.40189E-04-6.28332E-06 4.90066E-08 1.27600E-05
 -1       542 1.71916E-05 3.87207E-06-6.69442E-05-6.97947E-06 1.53419E-06 2.06537E-05
 -1       543 5.61155E-05-5.27928E-06-1.14285E-04 2.29793E-05-8.35774E-06-7.64575E-05
 -1       544 4.18003E-05 6.09730E-06-5.85179E-05-1.18148E-05 5.16448E-07 1.26978E-04
 -1       545 1.46901E-05 1.09681E-06-4.67180E-04-2.76195E-05-8.24137E-05 4.39129E-05
 -1       546 1.31818E-04-1.14622E-05-5.66390E-04 3.99959E-06-2.99935E-05 2.53145E-05
 -1       547 1.23573E-04 9.10496E-06-5.48739E-04-6.19542E-07 1.24658E-06-5.10032E-05
 -1       548 2.16829E-04 2.45120E-08-5.47741E-04-1.24293E-05-3.62955E-06 7.15170E-05
 -1       549 9.22430E-05 8.08468E-06-6.42721E-04-4.87897E-06-1.49642E-05-1.79733E-04
 -1       550-1.47264E-04-1.26867E-05-8.95646E-04 7.93135E-06-2.57614E-05-3.93564E-04
 -1       551-2.67072E-04-5.30437E-04-9.32868E-04-2.01253E-05-1.33292E-04-1.06225E-03
 -1       552 1.49356E-04-1.84774E-05-1.10891E-03 1.70116E-05 2.82233E-05-3.36219E-04
 -1       553 4.36285E-04-5.24020E-04-2.52838E-03 1.87835E-04 2.60756E-04 2.36741E-04
 -1       554 2.82576E-04 6.99209E-05-2.35973E-04-3.61885E-06-3.13285E-06 9.49627E-04
 -1       555 6.91285E-04-3.31207E-05-1.31116E-03-1.22956E-05 5.78114E-07 5.80216E-04
 -1       556 2.16387E-04 1.63653E-05-4.96236E-04 6.28105E-06 1.07318E-05 3.41309E-04
 -1       557-2.81213E-04 1.16556E-05 7.89802E-04-1.31548E-07 2.12588E-05 4.55735E-04
 -1       558-3.17968E-04-4.15923E-05 5.36887E-04 1.49336E-05 9.51064E-06 1.08885E-03
 -1       559 5.79248E-06-4.84329E-05-2.40127E-04 1.87123E-06 2.39429E-06 3.15494E-04
 -1       560 1.99381E-05 2.79805E-05 1.61562E-04-1.31170E-06-6.88978E-06 2.78613E-04
 -1       561-7.83195E-05 5.23498E-06 3.48067E-04-7.28026E-06 2.81772E-06 8.60979E-05
 -1       562-1.52792E-04-7.58615E-06 3.41328E-04-9.30954E-06-7.78917E-07 2.66168E-04
 -1       563-3.23366E-04 7.89051E-07 9.04066E-04-1.28454E-05 2.73069E-06 1.17778E-04
 -1       564-3.59216E-05-2.95406E-05 1.11383E-04 6.52531E-06 4.77240E-07 5.98654E-04
 -1       565 7.99957E-04-6.04778E-04-1.24775E-03 2.28503E-04-5.80359E-04 1.69340E-03
 -1       566 3.32194E-04 2.93379E-05-7.96193E-04-1.24701E-05-2.07958E-05 7.74027E-05
 -1       567-3.99301E-05 6.08021E-06 4.50853E-05-1.02806E-05-8.95909E-06 2.86915E-04
 -1       568-2.12094E-04 7.89960E-06 3.66435E-04-2.88760E-06 7.26877E-06 1.53261E-04
 -1       569-8.17938E-04-1.15834E-04 1.69490E-03-2.07929E-06 2.46771E-05-2.49804E-05
 -1       570 5.53912E-05-2.21054E-08-2.21613E-04-1.96634E-05 9.17373E-06 2.66010E-04
 -1       571-1.47172E-03-5.36716E-04 3.97553E-03 2.81805E-04 3.31513E-04 1.03871E-03
 -1       572 2.02455E-04-1.71669E-04-8.90229E-04-2.38336E-04-4.17474E-07-4.61628E-04
 -1       573-1.94630E-04-3.54755E-06 6.38718E-04 1.14793E-05-6.67189E-06-1.00444E-04
 -1       574-3.67345E-05 3.71017E-05 1.04935E-04-2.08363E-05-2.41146E-05 1.81369E-04
 -1       575-7.51821E-04-1.85184E-03 2.95675E-03 9.80813E-05 1.86478E-03-9.01726E-04
 -1       576-3.26281E-03-2.12874E-03 2.90091E-04-3.35281E-04 4.81098E-04 3.38571E-03
 -1       577 1.67327E-03 1.54543E-03-1.55321E-03 1.60181E-04-7.82030E-04 3.97554E-03
 -1       578 1.42864E-03 1.91956E-03-1.78964E-03-2.06617E-04-2.78663E-03-4.79098E-04
 -1       579-7.61918E-04-6.29962E-04 2.03485E-03 1.00031E-03-8.39237E-05 1.91757E-03
 -1       580-7.54547E-05-1.13998E-05 1.02630E-03-3.95957E-05-1.67737E-05-3.71604E-04
 -1       581 3.70738E-04 2.97827E-04 1.57432E-03-1.17683E-04 1.35998E-04-1.08898E-03
 -1       582-1.21023E-03-3.55630E-04 3.01499E-03-9.44652E-05 1.34727E-04 5.38317E-04
 -1       583-8.92665E-05 7.18943E-06 4.39302E-04 7.62013E-06 5.86790E-06-6.23916E-05
 -1       584 5.23413E-05 3.09171E-05 4.90070E-04-2.52248E-05 1.80302E-05-2.08627E-04
 -1       585-4.88428E-04-7.32268E-05 9.14532E-04 2.19423E-05-1.16594E-05-1.19962E-04
 -1       586-7.23613E-05 4.12942E-06 2.03677E-04-2.51337E-06 4.00535E-06 1.34484E-04
 -1       587-1.34437E-04-9.63814E-06 3.02003E-04 8.09556E-06 1.62110E-05 5.61350E-05
 -1       588-1.82136E-04 1.87312E-05 4.98422E-04 4.01123E-06-4.09877E-06 4.60425E-05
 -1       589 4.68130E-05-8.37926E-06 5.59779E-05 1.28807E-05-3.11945E-05 1.50063E-04
 -1       590 1.56266E-05 4.54191E-05 7.46857E-05-1.14005E-05-3.54554E-05 1.56420E-04
 -1       591-1.03078E-04 8.81418E-06 2.55119E-04-3.08964E-06 7.16412E-06 1.81243E-04
 -1       592-2.74646E-05 1.27429E-05 3.10840E-05 4.26619E-06-1.93483E-05 1.96955E-04
 -1       593-1.22496E-05-1.81592E-05 3.70279E-05 1.06364E-05-4.08563E-05 1.99507E-04
 -1       594-4.57651E-05 1.77861E-05 6.74402E-05-6.45299E-06-1.71797E-05 2.26916E-04
 -1       595-4.23876E-05 1.40745E-05-8.68864E-05 4.39274E-06-4.74855E-06 1.86415E-04
 -1       596 9.24119E-06 7.55082E-06-5.47116E-05 5.68669E-06 1.45638E-05 1.93176E-04
 -1       597-1.10072E-05-1.72016E-05-1.27024E-04-3.62459E-07 4.47641E-06 2.98554E-04
 -1       598-2.63119E-06-1.81144E-06-1.24521E-04-4.37163E-06 5.74221E-06 1.84950E-04
 -1       599 1.14070E-04 3.28896E-06-4.34689E-04-1.42756E-06-1.91890E-05 4.43604E-07
 -1       600 1.07433E-04-6.70798E-06-3.78162E-04-5.80642E-06-1.45335E-05 1.15965E-04
 -1       601 2.84689E-04 5.70514E-05-3.92569E-04-1.28250E-05 1.26275E-05 2.06732E-04
 -1       602 1.53387E-04 4.65154E-05-4.61650E-04 1.72375E-06-1.66115E-05-1.18736E-04
 -1       603-6.74524E-05-3.34027E-04-7.43212E-04 9.06099E-05 1.04544E-06-1.04135E-03
 -1       604-1.04326E-04-1.21557E-04-5.61785E-04-8.39591E-05 2.75414E-05-3.10504E-04
 -1       605 1.10927E-04-1.11963E-04-1.01689E-03-1.00561E-04-5.54686E-05-3.30892E-04
 -1       606 1.85303E-04-8.09058E-04-2.27261E-03-2.54593E-04-7.97547E-05 3.22116E-04
 -1       607 1.61453E-04-4.80392E-05-4.76651E-04 2.78052E-05 8.76450E-06 4.06029E-04
 -1       608 5.37165E-04-1.36745E-05-1.39137E-03-7.23564E-07-1.25837E-04 5.63094E-04
 -1       609 2.21938E-04-2.75288E-05-3.39601E-04 2.95511E-05-5.12995E-05 9.88081E-04
 -1       610-2.58988E-04-4.89802E-05 2.29475E-04 3.60645E-05-1.85240E-04 1.14197E-03
 -1       611-2.94087E-04-9.63710E-06 8.61591E-04 4.01735E-05-1.12059E-05 5.12907E-04
 -1       612 3.16561E-07-1.94197E-05-1.38899E-04-1.30928E-05-5.44851E-06 4.26991E-04
 -1       613-2.00520E-04-2.94113E-05 1.75457E-04-4.47995E-06-7.49996E-06 3.66063E-04
 -1       614-9.72582E-05 1.07390E-05 2.47632E-04-3.99634E-06 1.14633E-05 2.43705E-04
 -1       615-4.50625E-05 1.56999E-06 1.04027E-04-2.39031E-06 7.07118E-06 4.23327E-04
 -1       616-3.54341E-04 1.95708E-05 8.40990E-04 2.11665E-06-4.09832E-06 1.80348E-04
 -1       617 1.37632E-03-2.54128E-04 1.14740E-03-6.77425E-05-1.62045E-05 7.27335E-04
 -1       618 3.00347E-04-2.35655E-04-1.44960E-03-5.96780E-05-7.00915E-05-3.18001E-04
 -1       619 2.06790E-03-1.51383E-04-8.03628E-04-1.84681E-04-7.29352E-05-2.39096E-04
 -1       620 3.92861E-04-1.48105E-04-1.58151E-03 2.95228E-05 1.21225E-04-3.69500E-04
 -1       621 2.12852E-03-4.09946E-05-9.98440E-04 4.81667E-05 2.11964E-04-2.87912E-04
 -1       622 1.06708E-03-2.20564E-05-1.12063E-03-7.84638E-06 3.64120E-05 2.01216E-04
 -1       623-3.15475E-03-5.85047E-04-2.07524E-03 3.48124E-04 1.02606E-06-1.68813E-03
 -1       624-2.99633E-03-4.94646E-04-2.20770E-03 6.33397E-05-2.36988E-04-1.28627E-03
 -1       625-1.90354E-03-5.96174E-05 8.14919E-04-4.20808E-05 2.05031E-05-2.47428E-03
 -1       626-3.65614E-03-6.54726E-04-2.47468E-03-4.99243E-05 4.86904E-05-1.37641E-03
 -1       627-3.00991E-03-4.71745E-04-1.42974E-03-4.77839E-04-1.09638E-04-1.71345E-03
 -1       628 2.69872E-03-3.73450E-04-6.02509E-05-4.15070E-04 1.35722E-05-1.83071E-03
 -1       629 5.41261E-03 4.26139E-04 1.60817E-03-3.33842E-04 1.84658E-05-3.13284E-03
 -1       630 5.47393E-03 3.48404E-04 1.30761E-03 9.65361E-05-4.27300E-05-2.62722E-03
 -1       631 7.58749E-04-4.12385E-04 9.49498E-04-2.31815E-04 3.42102E-05-2.78315E-03
 -1       632 2.71724E-03-3.78864E-04-3.02284E-04 7.45719E-05 1.19750E-04-1.50190E-03
 -1       633 2.59155E-03-3.19485E-04-2.06748E-03-5.31146E-05-6.70257E-05-9.51653E-04
 -1       634 2.89289E-03-2.72502E-04-7.14002E-04 1.21769E-04-2.27435E-05-2.17817E-03
 -1       635 3.15085E-03 1.46672E-04-4.21905E-05-7.83527E-05 1.05389E-07-2.36094E-03
 -1       636 5.92274E-03 4.10178E-04 8.48846E-04 1.40679E-04-1.15607E-05-2.35043E-03
 -1       637 5.79656E-03 4.41393E-04 2.85332E-04-1.46319E-04-9.83186E-05-2.47137E-03
 -1       638-4.84801E-04-6.40318E-05-1.78763E-03 7.68064E-05 7.57299E-05-1.09377E-04
 -1       639-4.24091E-04-3.24127E-05-2.01097E-03 9.59732E-05-2.67168E-05-3.45159E-04
 -1       640-5.41042E-04-1.60164E-04-1.94026E-03-6.11333E-05-2.47028E-05-9.73948E-05
 -1       641-4.07185E-04-5.65951E-05-2.12135E-03-9.10919E-05 4.74860E-05-2.92321E-04
 -1       642-4.23238E-04 1.95771E-05-3.44561E-04 7.71639E-06-1.79000E-05 2.24658E-04
 -1       643-2.42544E-03-3.50564E-04-1.50905E-03-2.28448E-05-1.11125E-04 1.13573E-03
 -1       644-3.26272E-03-4.68867E-04-2.77274E-03 2.92582E-04-3.34254E-05 9.40038E-04
 -1       645-3.04759E-03-4.47450E-04-2.61764E-03-2.88312E-04-5.75171E-05 1.01934E-03
 -1       646-2.72376E-03-1.91092E-04 7.37662E-05 1.02023E-05 1.76345E-05 1.65749E-03
 -1       647-2.45540E-03-1.71249E-04-1.24318E-03 9.78106E-05 1.38884E-04 1.05293E-03
 -1       648 7.53342E-04-2.31658E-07-8.99668E-04 2.30055E-06 1.56483E-04-7.89409E-04
 -1       649-7.44568E-06-1.27921E-04-1.88796E-03 5.05839E-05 9.75530E-05-5.28441E-04
 -1       650 7.46366E-04-1.10176E-04-1.04139E-03 1.67143E-05-9.68604E-05-7.79528E-04
 -1       651 2.21930E-05-1.62952E-04-1.92348E-03-2.05987E-05-9.65692E-05-4.76402E-04
 -1       652 2.93383E-04-3.00167E-05-9.02313E-04 1.90728E-05-1.33203E-05-9.22315E-04
 -1       653 1.89238E-03 4.40179E-05-3.42806E-05 4.09875E-06 1.45263E-04-1.02185E-03
 -1       654-1.13411E-03-7.70133E-04-1.32518E-04-1.30157E-04 1.89673E-04-2.58030E-03
 -1       655 9.70869E-04-1.73530E-04-9.13723E-04 6.75497E-05 7.06655E-05-2.17259E-03
 -1       656-3.08579E-03-2.91299E-04 1.85091E-04-1.94991E-05 7.91663E-06-3.18436E-04
 -1       657-2.20117E-04-4.59576E-05-7.02001E-04-2.23500E-06-3.56223E-06-4.99691E-04
 -1       658 2.02729E-03-3.95928E-05-8.50631E-04-9.35204E-05 7.16712E-05-3.91066E-04
 -1       659 1.42687E-03 3.75646E-05-1.11253E-03-2.53225E-05-8.78626E-06-6.94341E-04
 -1       660 2.11812E-03-7.71237E-05-1.43440E-03 1.21513E-05 2.37584E-05 3.40003E-05
 -1       661 1.98005E-03-1.50869E-04-9.00924E-04 1.00315E-04-8.58994E-05-3.58548E-04
 -1       662 3.20196E-03-1.19132E-04-4.65872E-04 5.44383E-05-1.39383E-05-1.29929E-03
 -1       663 5.79501E-03 5.16428E-04 2.71472E-03 9.67916E-05-1.75844E-04-2.70293E-03
 -1       664 2.36772E-03 1.34117E-04 1.99576E-03-1.21580E-04-5.05136E-04-2.89445E-03
 -1       665 6.88849E-04-1.82192E-04-1.50755E-03 1.85646E-04 3.26942E-05 9.30427E-04
 -1       666 1.14020E-03-2.34061E-04-1.96822E-03-2.27694E-05 7.42576E-07 1.24591E-03
 -1       667 4.30265E-04-1.39201E-04-1.80276E-03-1.52509E-04-5.22301E-05 1.05245E-03
 -1       668-3.20365E-04-9.47739E-05-1.20938E-03 3.04242E-05-7.64136E-05 1.80556E-03
 -1       669 3.34325E-03 8.10295E-05 9.65230E-04 1.78368E-04-1.90959E-04-2.43286E-03
 -1       670 5.49177E-03 4.69108E-04 2.45274E-03-1.98673E-04-2.83760E-05-2.55308E-03
 -1       671 3.55292E-03 1.44156E-05-3.85112E-04-9.70191E-05 3.27309E-05-6.45804E-04
 -1       672 3.52755E-03-3.47724E-05-4.48985E-04 9.21285E-05-2.48613E-05-5.94956E-04
 -1       673 2.19038E-03-3.09839E-05-8.85356E-04-1.30415E-04-1.98028E-05 1.41047E-03
 -1       674 2.31143E-03 2.87559E-05-8.42669E-04 4.07641E-05 5.31655E-05 1.43365E-03
 -1       675 5.42047E-03 3.50498E-04 1.38880E-03 1.43577E-04 1.51495E-05 1.30205E-03
 -1       676 5.90108E-03 2.53865E-04 1.01071E-03-1.94202E-04 4.41270E-05 7.58248E-04
 -1       677 5.49691E-03 1.05011E-04 7.53324E-04 7.40799E-05-8.85112E-05 6.07698E-04
 -1       678 3.46850E-04-3.29514E-04-1.99884E-03 4.82315E-05 9.42334E-05 3.51873E-04
 -1       679 2.05616E-04-5.45030E-05-1.16305E-03-7.84839E-05 5.22324E-05-3.38036E-04
 -1       680-2.33985E-04 6.58928E-04-1.95989E-03-8.35606E-05-1.04460E-04-1.13731E-03
 -1       681-3.83619E-05 5.50642E-04-1.60644E-03 7.94626E-05 7.85780E-05-1.18348E-03
 -1       682 8.34029E-04 9.20979E-04-1.55339E-03 2.81036E-04 2.62719E-04 4.80968E-04
 -1       683 3.36454E-03-4.81801E-04 8.12555E-05-1.70443E-04-7.62880E-05 1.13771E-03
 -1       684 4.57756E-03-1.20832E-04 8.47095E-04 1.14869E-04-2.15762E-05 2.11206E-04
 -1       685 3.76032E-03 1.19300E-04 8.04990E-04 8.22392E-05 2.53393E-05 6.34184E-04
 -1       686 5.15921E-03 5.39598E-04 1.64216E-03-3.39076E-06-8.98356E-05 1.25588E-03
 -1       687 6.69567E-04-4.92437E-04 7.22916E-05-9.75393E-05 3.01390E-05-1.02199E-03
 -1       688 8.51613E-04-1.77896E-04-3.48867E-04 4.85831E-05 5.95408E-05 2.66046E-06
 -1       689 4.15887E-03 1.01300E-04 1.00050E-03-7.11028E-06 2.19190E-05-9.05511E-05
 -1       690 2.80109E-03 5.07494E-05-1.96125E-04 2.98255E-05 1.11637E-05 5.92252E-04
 -1       691 2.82304E-03 9.08280E-05-1.43803E-04-3.91686E-05 1.07468E-05 5.63102E-04
 -1       692-4.98656E-04-1.04942E-04-1.58180E-03-3.21110E-05 1.27892E-04-2.17981E-04
 -1       693-5.32110E-04-1.66591E-04-1.56800E-03 3.37321E-05-6.56938E-05-2.49296E-04
 -1       694 1.08303E-03 1.58461E-05-1.95789E-03 1.06669E-04-8.64417E-06-2.01469E-03
 -1       695 4.46659E-03-1.52642E-04 4.10595E-04-4.43328E-05-6.85818E-05 4.79681E-04
 -1       696 3.88412E-03-4.45383E-05 8.40530E-04-9.60841E-05-3.21173E-05 2.48192E-04
 -1       697 1.45650E-03 5.76428E-04 3.22854E-04-1.76907E-04 2.58092E-04-3.44095E-04
 -1       698 4.10437E-03-1.13679E-04 7.20700E-04-4.50036E-05 1.03922E-04 7.84065E-04
 -1       699 3.94638E-03 1.93016E-04 8.50450E-04-7.18141E-05-3.76092E-06 6.51655E-04
 -1       700 2.02161E-03-4.61532E-05 1.21393E-03 4.34977E-05-5.59808E-05-1.42752E-04
 -1       701-3.49609E-04-1.85819E-03 1.16595E-03 6.21195E-04-7.05380E-04-2.06577E-04
 -1       702 1.45689E-04-1.52717E-03 2.76106E-03-2.64434E-04 5.54177E-04-7.65170E-04
 -1       703-1.36833E-03 9.72845E-06 4.48148E-03-2.61919E-04-2.52667E-04 1.05721E-03
 -1       704 6.34132E-04 3.01916E-04 3.15345E-03 5.61744E-05-6.09358E-05-7.91980E-04
 -1       705-2.67411E-04-5.42480E-05 4.91889E-04 2.89512E-05-3.91090E-05-2.86986E-04
 -1       706 1.77339E-03-1.01609E-04 5.71681E-04-7.08466E-06 2.26583E-05-3.30037E-04
 -1       707 1.90138E-03 4.80905E-05 1.35853E-03-8.82955E-05 2.69867E-06 8.56855E-05
 -1       708-1.99251E-04-6.64001E-05 6.05130E-04-3.36111E-06 9.61666E-06 4.45722E-04
 -1       709 9.87825E-04-4.02771E-05-6.63678E-04 2.23378E-05 2.78781E-05-2.72626E-04
 -1       710 5.61575E-04 2.59840E-05-2.84481E-04 7.30384E-06-4.90087E-07-4.95022E-04
 -1       711 3.84150E-03-6.39505E-05 8.10887E-04 8.79927E-05 2.43192E-05 2.71850E-04
 -1       712 4.30644E-03-2.27625E-04 4.14896E-04 9.17275E-05 7.50488E-05 5.31114E-04
 -1       713 1.98527E-03-3.35378E-05-2.78731E-04-3.29251E-05 1.72595E-05 4.90092E-04
 -1       714 1.32426E-03 2.69510E-05-7.73002E-04-8.71011E-05 2.53578E-05 4.44525E-04
 -1       715 1.39841E-03-1.60280E-05-7.75191E-04 6.65196E-05-4.43704E-05 3.61805E-04
 -1       716 8.20975E-04-1.09610E-04-3.48811E-04 3.75649E-05-5.93895E-05-4.11309E-04
 -1       717 7.78581E-04-6.52623E-05-4.32683E-04-7.84382E-05 6.42666E-05-4.11840E-04
 -1       718 1.11671E-03 9.61080E-05-1.45495E-03-1.42974E-04 1.16407E-04 1.61858E-03
 -1       719 3.16534E-04 1.03402E-03-3.06626E-03-1.23458E-04-1.40836E-04-2.15578E-04
 -1       720-4.08806E-04-4.15374E-05 9.03741E-04-8.32102E-06-9.96247E-06-8.65424E-05
 -1       721-1.65706E-04 1.04555E-05 6.15545E-04 4.28529E-06-1.73414E-06-9.91543E-07
 -1       722-1.76619E-04 3.60642E-06 6.96509E-04 1.42078E-05 2.89125E-06-1.35090E-04
 -1       723-3.25266E-05-1.99592E-06 1.64304E-04-9.06449E-06-4.41811E-06 1.14707E-04
 -1       724-9.67210E-05-6.18941E-07 2.85091E-04-1.08094E-05-3.39972E-06 1.73798E-04
 -1       725-1.46154E-05 8.25632E-06 2.02698E-04-1.03348E-05-5.27004E-06 4.14969E-05
 -1       726-8.57723E-05 2.65393E-05 3.36197E-04-1.84986E-05-1.67106E-06 1.07705E-04
 -1       727-2.81930E-04 1.72911E-05 3.62221E-04-3.85730E-05 2.47086E-05 1.11404E-03
 -1       728-2.67124E-04 8.52351E-05 1.62807E-03-8.12302E-05-7.75486E-05 1.66282E-03
 -1       729-1.27055E-03 1.62126E-06 2.72890E-03 1.25840E-05-1.94147E-05 6.31647E-04
 -1       730 7.41219E-04 3.92830E-05-2.54797E-04-3.30907E-06 3.27242E-05 5.41585E-04
 -1       731-8.84836E-05 1.21756E-04-1.09457E-03 2.52680E-04 1.55074E-05-7.43127E-04
 -1       732 3.92290E-04-5.36025E-07-9.76194E-04 1.88847E-05-1.50071E-05 3.07062E-04
 -1       733-5.66717E-06-6.09359E-05 9.24935E-04 6.50949E-05 5.47091E-05-1.74367E-03
 -1       734 1.51805E-03-2.14223E-04-4.39258E-04 4.00982E-05 2.79168E-05-1.50808E-03
 -1       735-1.23938E-03-1.07077E-04 2.62482E-03 3.53454E-05 4.80501E-05-1.13175E-03
 -1       736 1.33336E-04 4.01014E-05 2.76634E-04-5.87804E-06-1.02362E-05 4.12624E-04
 -1       737-1.43260E-03-8.33991E-05 2.56546E-03-3.23122E-05 7.52409E-05 7.13189E-04
 -1       738 3.49930E-06-2.68619E-05 4.13573E-04 3.42106E-05 3.49480E-06-4.85585E-04
 -1       739-1.80145E-04-2.50898E-05 6.15492E-04-1.47614E-05-2.49181E-05 6.00209E-05
 -1       740 1.17922E-03-4.76449E-05-1.17951E-03 1.20245E-04 8.04930E-05 3.25371E-04
 -1       741 9.67454E-04-5.62573E-05 1.61689E-04-1.44836E-05 3.77706E-06 1.78516E-03
 -1       742-4.59796E-04-9.99718E-06 1.32198E-03-4.11355E-05-4.56255E-06 1.64587E-03
 -1       743-2.07509E-04-2.39152E-05 5.67478E-04-2.05402E-05-6.10014E-06 4.28096E-04
 -1       744 8.04359E-04 1.62208E-05-7.44319E-04 2.68361E-05 2.04205E-05 6.01331E-04
 -1       745 7.43809E-04 4.45544E-05-7.27004E-04-1.67073E-05-1.16427E-05 5.46476E-04
 -1       746 1.94856E-03-3.31087E-05 8.50715E-04 9.71567E-05 6.09548E-06 1.16700E-03
 -1       747-2.56818E-05 1.43806E-05 1.14223E-04-7.64133E-06-5.20846E-06 3.48974E-04
 -1       748-1.66069E-04-2.34003E-05 3.12706E-04-1.02027E-05-3.38206E-06 3.20953E-04
 -1       749-2.08310E-05 2.70827E-09 9.17370E-05-1.36388E-05-4.07176E-06 5.50936E-04
 -1       750 1.84215E-04 2.11203E-05-1.55232E-04-2.91168E-05 2.97801E-05 9.91740E-04
 -1       751-2.66288E-04 7.07826E-06 7.64493E-04-1.94385E-06-7.48969E-06 4.80613E-04
 -1       752-1.64868E-05 1.01284E-06 7.75210E-05-9.93398E-06-7.17918E-06 1.93044E-04
 -1       753-7.09125E-04-3.45747E-05 1.54606E-03 1.16674E-05 2.54218E-05 4.84435E-05
 -1       754-3.39064E-04 8.87858E-07 8.04571E-04-9.62188E-06-4.62224E-06 1.50425E-04
 -1       755-1.88951E-04-3.20216E-07 4.80547E-04-4.40186E-06 6.19241E-06 1.06943E-04
 -1       756-7.59268E-06 4.20285E-06 3.76342E-04-1.84557E-05 5.59895E-05 1.51584E-04
 -1       757-2.33208E-05-1.13342E-05 5.46985E-05 2.49897E-05 1.31637E-05-2.78622E-05
 -1       758-8.16151E-06 4.92038E-06 7.15695E-05 1.03765E-05 1.54642E-05 1.16433E-04
 -1       759-4.98740E-05 5.16568E-06-8.28272E-04 6.04814E-05 1.32702E-05-3.28477E-04
 -1       760 3.06092E-04 8.03247E-05 1.61603E-03 2.19883E-05-5.67588E-05-9.56765E-04
 -1       761-1.06862E-04-8.13032E-06 4.07818E-04-5.66956E-07 1.45008E-05 1.93385E-05
 -1       762-7.86160E-05 6.41425E-06 4.75713E-04 4.65916E-06 1.65462E-05-8.85764E-05
 -1       763 1.00349E-04 3.72755E-05 5.06220E-04 2.49702E-06 7.33202E-06-2.51462E-04
 -1       764 1.97929E-03-7.86709E-06 9.57599E-04-1.19119E-04-1.82776E-07 1.10829E-03
 -1       765 4.62665E-03-1.20610E-04 5.88712E-04 3.48138E-05-2.19693E-05 3.57449E-05
 -1       766 4.77666E-04-4.60039E-05 1.67287E-04-5.61101E-06 5.12098E-06 7.60121E-04
 -1       767 2.84969E-05-8.92232E-06-7.86250E-05-7.75863E-06 2.81526E-06 2.19429E-04
 -1       768-2.38311E-05-8.97344E-06 2.80228E-05 1.14927E-05-7.01715E-06 1.04259E-04
 -1       769 1.69985E-04-1.83048E-05-9.88337E-04 2.74798E-05 4.07057E-05-3.07336E-04
 -1       770 1.52470E-04-2.95727E-05-1.53237E-04 2.13163E-05 2.76966E-05 8.16458E-04
 -1       771 1.54098E-04-3.41765E-05-1.47377E-04-3.24513E-05-2.64954E-05 7.86750E-04
 -1       772-6.43633E-05 8.82779E-06 3.06391E-04-1.07196E-05 1.82685E-07 7.67224E-05
 -1       773-9.51433E-05 5.20707E-05 8.87452E-04 1.01972E-05-7.44420E-06-3.45141E-04
 -1       774 4.53303E-03-8.21938E-05 6.91032E-04-1.12363E-05 8.31539E-05-4.27192E-05
 -1       775 6.04031E-04-7.15312E-06-1.18495E-03-6.17672E-05 2.38774E-05 5.75326E-04
 -1       776 2.04194E-04-1.88887E-05-4.87599E-04-2.30836E-06-3.72267E-06 3.82017E-04
 -1       777 2.87207E-05-1.90783E-05-1.54257E-04-1.41704E-05-5.81370E-06 3.61573E-04
 -1       778 4.79259E-03 3.95403E-06 1.25608E-03-1.18161E-04 2.41199E-04 7.06343E-04
 -1       779-2.14807E-06-9.22553E-06-6.57405E-05-6.30782E-07 1.29907E-05 9.13342E-05
 -1       780 5.20664E-05-3.63836E-06-2.30662E-04-2.19578E-05 5.67504E-06 1.76465E-04
 -1       781 1.12232E-04 1.04119E-06-5.11500E-04-1.97743E-06-2.19637E-06-3.53340E-05
 -1       782 1.13448E-04-1.05559E-07-4.15933E-04-5.45574E-06 3.31316E-06 6.58121E-05
 -1       783-1.05160E-05 4.23639E-06-1.04216E-04 3.93866E-06 1.17732E-05 7.52915E-05
 -1       784 2.99858E-04 9.41481E-06-8.05479E-04-1.92521E-05-1.74597E-05 2.54631E-05
 -1       785 1.33972E-05-2.57931E-05-2.04167E-04-1.66110E-05 2.37225E-07 1.04653E-04
 -1       786 2.19808E-04 8.88157E-06-4.82306E-04-1.91630E-05-8.69619E-07 1.37356E-04
 -1       787 1.07495E-04 1.01820E-05-5.78440E-04-4.41468E-06-1.02911E-06-1.67822E-04
 -1       788 4.76336E-03-3.41900E-05 1.19103E-03 4.97742E-05-1.72549E-04 6.30345E-04
 -1       789-4.79925E-04 5.89640E-04 3.91216E-03 4.51117E-04-1.93926E-03-2.87834E-03
 -1       790-1.20443E-03-7.96260E-04-3.66123E-02 4.46040E-04 1.98845E-04-2.62021E-05
 -1       791 4.79757E-04-1.29612E-03 2.60073E-02 2.79968E-04-1.51196E-03 4.03993E-03
 -1       792 3.61837E-04 2.08155E-04-1.16146E-03 1.24327E-04-8.33950E-05-2.81541E-03
 -1       793 2.10300E-03 2.25217E-03 1.01251E-03-6.71392E-04-8.33173E-04-2.87756E-03
 -1       794-1.91094E-04 3.80086E-04-3.42124E-03 4.79169E-04-2.34873E-03-1.09069E-03
 -1       795 2.70993E-04-1.00551E-03-3.25696E-03 5.76292E-05 1.89542E-03-1.08694E-03
 -1       796 7.86572E-04-1.15284E-03 9.35841E-03 9.73956E-04-3.85813E-03-1.26360E-03
 -1       797 4.30242E-05 9.84504E-04 9.04636E-03-9.92005E-04 3.51629E-03-1.38409E-03
 -1       798 8.89425E-04-3.61597E-04 3.95914E-03 1.35403E-04 1.84132E-03-1.38019E-03
 -1       799-1.93152E-03-2.87857E-03 4.23151E-03 2.59015E-04 4.85791E-05-2.54972E-03
 -1       800 1.46326E-03 1.14729E-03-2.86408E-03-6.75284E-05 5.96160E-04-9.72911E-04
 -1       801-4.95127E-04-9.30158E-04-6.68740E-03 1.45335E-03 2.94291E-03-6.63699E-04
 -1       802-7.87792E-04-8.76636E-04-6.97566E-03-7.78832E-04-2.07536E-03 2.61769E-04
 -1       803-2.09112E-03-2.01306E-03 2.71973E-03-1.10935E-05 1.05409E-04-2.95562E-04
 -1       804-2.18629E-04 8.54373E-04-2.12663E-04 1.81459E-04-1.79222E-03-5.97528E-03
 -1       805 1.21623E-03 5.05503E-04-4.33676E-04-3.00012E-04 6.94078E-04-1.68983E-03
 -1       806 2.92253E-04 3.44327E-04 5.31542E-03 3.26777E-04 3.17611E-04 4.72891E-03
 -1       807 3.10539E-03 4.23402E-04-2.01177E-03 1.25817E-03 3.99587E-04 5.10700E-03
 -1       808-2.12316E-03-1.28455E-03 5.10587E-03 1.86923E-03-6.84292E-05 4.95242E-03
 -1       809 3.92064E-03 7.87356E-04-7.45433E-04-6.14360E-04-1.77113E-04 3.96410E-03
 -1       810 1.07242E-04 1.82277E-03-7.11616E-03-1.39347E-04-9.20610E-04-3.57853E-04
 -1       811-5.06055E-04-8.89654E-04-3.66784E-03-8.98647E-04 5.85952E-05 5.79359E-03
 -1       812-4.70657E-03-2.17488E-03 2.38947E-03-7.84758E-04-1.61241E-04 4.48654E-03
 -1       813 8.14970E-04-6.69911E-04 1.14421E-02-1.22924E-03 1.43544E-03-2.89241E-03
 -1       814-8.24950E-05 3.17486E-04 7.28422E-04-1.17936E-04-8.47490E-05 6.35446E-03
 -1       815 6.93881E-04 7.17876E-04 3.71168E-02-4.53578E-04 1.67837E-04 1.97315E-04
 -1       816-3.00595E-04 1.46341E-03-2.38465E-02-3.96166E-04-9.79849E-04 4.55402E-03
 -1       817 1.26594E-03 3.19314E-04-4.02313E-04 3.25624E-04 7.37310E-04-2.92169E-03
 -3
    1PSTEP                         3           1           1          
  100CL  101 1.000000000         817                     0    1           1
 -4  TOSTRAIN    6    1
 -5  EXX         1    4    1    1
 -5  EYY         1    4    2    2
 -5  EZZ         1    4    3    3
 -5  EXY         1    4    1    2
 -5  EYZ         1    4    2    3
 -5  EZX         1    4    3    1
 -1         1-1.19244E-08 3.01376E-09 4.67215E-09-8.05993E-11 2.74955E-11-4.60713E-10
 -1         2-1.19767E-08 3.37320E-09 4.30422E-09 5.43687E-11 4.06465E-11-4.11429E-10
 -1         3 1.74673E-08 1.95011E-08-6.53589E-08 1.62913E-09 1.26031E-08-4.47607E-10
 -1         4 2.23567E-08 3.70680E-08-9.56175E-08-2.48179E-09-1.49417E-08-8.97099E-09
 -1         5-1.90270E-08-1.97573E-08 7.24333E-08-2.72391E-09 2.09844E-08-1.18567E-08
 -1         6-2.67523E-08-1.81195E-08 7.06091E-08 8.16989E-09-1.43759E-08-2.33568E-08
 -1         7 4.77450E-08-1.46650E-08-9.42337E-09 1.13355E-09-4.45983E-10 5.34415E-09
 -1         8 4.81119E-08-1.48037E-08-8.66808E-09-1.06748E-09 5.65849E-10 6.01377E-09
 -1         9 3.23335E-08 4.63790E-08-1.41146E-07-5.78393E-09-2.48575E-08-1.07453E-08
 -1        10 2.51131E-08 2.85921E-08-1.07893E-07 1.17917E-08 4.72871E-08-2.46150E-08
 -1        11-3.64140E-08-5.56717E-08 1.70093E-07 7.94292E-09-4.18605E-08-1.68606E-08
 -1        12-7.72438E-09 3.49868E-09-1.66795E-09-1.59527E-08-2.60303E-10 4.33511E-08
 -1        13-2.14372E-08-3.12376E-08 1.11675E-07-1.14906E-08 4.38574E-08-3.33780E-08
 -1        14 5.55595E-09-4.10951E-09 8.54531E-09 1.48572E-08 2.82324E-09 4.32540E-08
 -1        15-5.51794E-11 7.35017E-09-1.29565E-08-9.43543E-09-3.36977E-09 3.82710E-08
 -1        16 3.83528E-09 3.15446E-09-6.72069E-09 9.96321E-09 3.80619E-09 4.05820E-08
 -1        17-1.17575E-08 3.07149E-09 4.09986E-09-1.63841E-10 4.28034E-11-4.61407E-10
 -1        18-4.23441E-09 2.29798E-09-1.27975E-09 1.50274E-10-1.14246E-10 5.65654E-09
 -1        19 1.08072E-09-6.28336E-10 2.75733E-10 5.85831E-11-2.19196E-10-2.06630E-09
 -1        20-2.94180E-09-2.44906E-09 8.86360E-09 2.19330E-10-4.25166E-11-2.54566E-10
 -1        21 3.83307E-10-1.39647E-09 3.52921E-09 1.51722E-10-3.15825E-12 4.52694E-09
 -1        22 2.02703E-09-4.65782E-09 8.10533E-10-3.49630E-09-1.71061E-10 4.22618E-09
 -1        23-4.42912E-09 1.37313E-09 1.83676E-09 9.35933E-09 3.76159E-10-1.98739E-08
 -1        24-7.07646E-09 8.96720E-09-4.63279E-09-4.96845E-09 2.72958E-09 1.39919E-08
 -1        25 2.39125E-09-3.59610E-09 5.51949E-09-5.21776E-10 1.17149E-10-8.30311E-09
 -1        26-8.53801E-09-7.06701E-09 2.52205E-08-1.43401E-12 2.72357E-10-1.46484E-09
 -1        27 1.84020E-09-4.89056E-09 9.56284E-09-7.39357E-11-1.42279E-10 1.15053E-08
 -1        28 2.64900E-09-5.20630E-11-2.54677E-09-7.14876E-10-2.68492E-10-2.19206E-09
 -1        29-8.33121E-09 2.70137E-09 1.95135E-09 4.38372E-10-1.90444E-10 3.42815E-09
 -1        30-6.28263E-10 1.20989E-09-1.44551E-09 3.46107E-10 5.44797E-11 1.74113E-09
 -1        31-4.40253E-10-1.79956E-09 4.84265E-09-6.68901E-11-1.88572E-10-1.82236E-09
 -1        32-1.08914E-09-2.13876E-09 6.99376E-09 2.45746E-10 1.16554E-10 2.33276E-09
 -1        33 2.50629E-09-2.28858E-09 1.62728E-09 5.05693E-10 2.42849E-10 1.55379E-09
 -1        34-7.40309E-09-8.33777E-09 8.28170E-09-7.27475E-11 1.33756E-08-5.37746E-09
 -1        35-2.53768E-09 1.37608E-08-8.16399E-09 5.29599E-10-7.84728E-09-7.89894E-10
 -1        36 7.98880E-10 2.09652E-09-2.31001E-09-1.17979E-09 2.66170E-10-5.52036E-10
 -1        37-3.42337E-09-5.28941E-09 1.66978E-08-7.28598E-10 4.23466E-10-6.20998E-09
 -1        38-2.75895E-09-6.46744E-09 1.85449E-08 2.89551E-10-1.62526E-10 6.22821E-09
 -1        39 3.60475E-09-1.92478E-09 1.41579E-09-1.08810E-09-2.28107E-10 5.40887E-09
 -1        40-4.93776E-09 1.65832E-09 9.58229E-10-5.68313E-10-1.36539E-10-2.39732E-09
 -1        41-4.20541E-09 2.31672E-09-1.34500E-09-2.36374E-10 1.38265E-10 5.83549E-09
 -1        42 9.00288E-10-3.79561E-10-8.99896E-11 8.57290E-12-5.11711E-11-1.55340E-09
 -1        43-3.34359E-09-1.95675E-09 8.33811E-09-1.78260E-10 1.20715E-10-4.74478E-10
 -1        44 6.33021E-10-1.95133E-09 4.12331E-09-1.75454E-10-3.01436E-10 4.76493E-09
 -1        45-1.14942E-09-3.16235E-09 8.47338E-10 3.67380E-09-8.87712E-10 4.08233E-10
 -1        46-2.29676E-09 6.66575E-10-4.07371E-10-5.54440E-09 1.98085E-09-1.47826E-08
 -1        47-2.92484E-09 5.11299E-09-5.74363E-09 1.98027E-09 1.10249E-09 1.13516E-08
 -1        48 2.21772E-09-3.57119E-09 6.14989E-09-4.66240E-10 4.19449E-10-8.02087E-09
 -1        49-9.25312E-09-6.64653E-09 2.55148E-08-4.30826E-11 2.38790E-10 6.59548E-10
 -1        50 2.19477E-09-4.96426E-09 9.26457E-09 4.07103E-10 1.76104E-10 1.15234E-08
 -1        51 2.23304E-09 9.55750E-11-2.49347E-09 5.86568E-10 2.71935E-10-2.16766E-09
 -1        52-8.40735E-09 2.70318E-09 2.07450E-09-4.72246E-10 1.68610E-10 3.40739E-09
 -1        53-6.55457E-10 1.29289E-09-1.63441E-09-5.79976E-10-9.75254E-11 1.54328E-09
 -1        54-5.17748E-10-1.41362E-09 4.46994E-09-2.76694E-10 1.76324E-10-1.39102E-09
 -1        55-1.02239E-09-2.13849E-09 6.68299E-09-1.61238E-10 6.55973E-11 2.57703E-09
 -1        56 2.22154E-09-1.29786E-09 6.51693E-10-3.18848E-10-9.87807E-10 1.47405E-09
 -1        57-4.61155E-09-1.06886E-08 2.27459E-09 1.05767E-09-2.47509E-09-2.75643E-09
 -1        58-3.60361E-09 1.51229E-08-1.11380E-08 4.40869E-10 1.48255E-08-7.29358E-10
 -1        59 7.32017E-10-1.16116E-10-7.26292E-10-3.20542E-10-4.49633E-10-6.40251E-10
 -1        60-2.22748E-09-5.44413E-09 1.61630E-08-2.70652E-10-1.46737E-10-5.15164E-09
 -1        61-3.68041E-09-6.37062E-09 1.94944E-08 5.38573E-10 4.89343E-10 6.68555E-09
 -1        62 3.55014E-09-2.17481E-09 2.15264E-09 6.88955E-10-1.51735E-11 5.11534E-09
 -1        63-5.13349E-09 1.60337E-09 1.29697E-09 6.79942E-10 4.94439E-10-2.36103E-09
 -1        64 2.55440E-08 4.23617E-08-1.05213E-07-6.30353E-10-2.37301E-09-3.51832E-09
 -1        65 1.64676E-09 7.58790E-09-5.86292E-09-9.30573E-09 9.24196E-10-2.70848E-08
 -1        66-2.26031E-08-3.36638E-08 8.83058E-08-1.16154E-09 1.20403E-08-1.42884E-08
 -1        67-2.21314E-10 4.57897E-11 6.99961E-10 1.51805E-08-3.31967E-09-2.93377E-08
 -1        68 2.36596E-08-8.45172E-09-3.20139E-09-2.19426E-09 1.00562E-09-1.23439E-08
 -1        69 3.96262E-09 3.64588E-10-5.19295E-09-8.72938E-10 1.70168E-09-1.28163E-09
 -1        70 4.12378E-09 5.65159E-09-1.85317E-08 3.56211E-10 5.67321E-10-1.80612E-09
 -1        71 2.47426E-10 4.82446E-09-1.27638E-08 2.05866E-10-5.92693E-10-7.06449E-09
 -1        72 7.18822E-09-1.48872E-09-5.23214E-09-2.00756E-09-1.85860E-09-1.53997E-09
 -1        73 4.55552E-08-1.38141E-08-1.02646E-08-2.58095E-09-4.34472E-10-1.33670E-08
 -1        74 2.60598E-08-9.85985E-09 7.28829E-09 1.75842E-08-6.27748E-09-4.63663E-08
 -1        75-3.82982E-08 2.10074E-08 3.39302E-09 2.12788E-08-1.14434E-08-1.94456E-08
 -1        76-5.05664E-08 3.87472E-08-2.51398E-08 1.72322E-08-1.56294E-09 6.48651E-10
 -1        77-3.88123E-08 2.39618E-08-6.13646E-09 1.67091E-08 7.46212E-09 4.64568E-09
 -1        78 7.06364E-09-1.67256E-09 4.43929E-09 1.46920E-08 4.38746E-09 2.91606E-08
 -1        79 4.09275E-08-1.26507E-08-7.65372E-09-1.90391E-09-2.83219E-10-6.24067E-09
 -1        80 1.23023E-08-4.08947E-09-2.19412E-09-1.49881E-09 2.08130E-09-7.53935E-09
 -1        81 4.02083E-09 3.22460E-09-1.30842E-08 7.21322E-11 1.70581E-09 5.67639E-10
 -1        82 3.02041E-09 5.90938E-09-1.91643E-08-3.27260E-10 1.22288E-10-5.80935E-09
 -1        83 8.84434E-10 1.91448E-09-7.14227E-09-8.04742E-10-1.87952E-09-5.82264E-09
 -1        84 2.75599E-08-7.35549E-09-8.71632E-09-3.39417E-09-2.45638E-09-4.53239E-09
 -1        85 5.78324E-08-1.48135E-08-6.13369E-09 8.25409E-09 9.22283E-10-3.60195E-08
 -1        86 1.25356E-09 3.32740E-09 9.98662E-09 2.27846E-08-1.23065E-08-3.81735E-08
 -1        87-4.01902E-08 3.13207E-08-1.75631E-08 1.79148E-08-1.00783E-08-7.50442E-09
 -1        88-3.97405E-08 3.10637E-08-2.00793E-08 1.22645E-08 6.78139E-09 3.47370E-10
 -1        89-1.52312E-08 1.02799E-08 3.76073E-09 1.66651E-08 1.01000E-08 2.06522E-08
 -1        90 4.68634E-08-1.35323E-08-6.01265E-09 1.08961E-08-4.27101E-10 2.42209E-08
 -1        91 2.34458E-08-8.30946E-09-3.35434E-09 2.34811E-09-9.38932E-10-1.13893E-08
 -1        92 3.87305E-09 5.52947E-10-5.74763E-09 7.16054E-10-1.68414E-09-1.12142E-09
 -1        93 4.26417E-09 5.89632E-09-1.93243E-08-3.72569E-10-2.32488E-10-1.47636E-09
 -1        94 6.87412E-10 5.10800E-09-1.38062E-08 1.50640E-10 9.69373E-10-7.33155E-09
 -1        95 8.40748E-09-1.59401E-09-5.15421E-09 1.78356E-09 1.03973E-09-7.85410E-10
 -1        96 4.60729E-08-1.43834E-08-9.54413E-09 6.66681E-10 7.30665E-10-1.14122E-08
 -1        97 2.49338E-08-1.01764E-08 9.18892E-09-1.72460E-08 5.87741E-09-4.68197E-08
 -1        98-4.12800E-08 2.08538E-08 4.88197E-09-2.13300E-08 1.24038E-08-1.98853E-08
 -1        99-5.17124E-08 3.92285E-08-2.47423E-08-1.74354E-08-2.71652E-10 3.47757E-09
 -1       100-3.42887E-08 2.15512E-08-5.57210E-09-1.50970E-08-7.09952E-09 3.88261E-09
 -1       101 3.08197E-09-9.46942E-10 4.48731E-09-1.46527E-08-3.86199E-09 2.77494E-08
 -1       102 3.97291E-08-1.29465E-08-6.90534E-09 1.68005E-09 1.93643E-10-5.71205E-09
 -1       103 1.20161E-08-3.84198E-09-2.44410E-09 1.44707E-09-1.95635E-09-7.26223E-09
 -1       104 4.00793E-09 3.48200E-09-1.39863E-08-2.56815E-10-1.54911E-09 9.03354E-10
 -1       105 3.34806E-09 6.20808E-09-2.01951E-08 5.23508E-10 3.89573E-10-5.82050E-09
 -1       106 1.68617E-09 2.12055E-09-7.95555E-09 8.65478E-10 1.92422E-09-5.61574E-09
 -1       107 2.89260E-08-7.92006E-09-7.86548E-09 2.06795E-09 1.53050E-09-2.66047E-09
 -1       108 5.85572E-08-1.51329E-08-5.32222E-09-9.08392E-09-4.13062E-11-3.58461E-08
 -1       109-2.20969E-09 2.91198E-09 1.22946E-08-2.03507E-08 1.36058E-08-4.11073E-08
 -1       110-4.24840E-08 3.13846E-08-1.63498E-08-2.09143E-08 8.59957E-09-5.36891E-09
 -1       111-3.55903E-08 2.95224E-08-1.98891E-08-1.19242E-08-8.26539E-09 3.02511E-09
 -1       112-1.63596E-08 1.01494E-08 3.67482E-09-1.52313E-08-8.76021E-09 1.82546E-08
 -1       113 4.76970E-08-1.56941E-08-5.79478E-09-8.37210E-09-1.28286E-09 2.37402E-08
 -1       114 1.01301E-07 9.58803E-08-3.13930E-07 2.07529E-09-6.00058E-10-1.10953E-08
 -1       115 1.25094E-07 9.84222E-08-3.46208E-07-4.74327E-09 1.80041E-09-2.94078E-09
 -1       116 6.82804E-08 7.25473E-08-2.15544E-07-8.62524E-10 5.38624E-09-2.44858E-09
 -1       117 1.01511E-07 9.98405E-08-3.12234E-07-1.44518E-09-7.71918E-10-1.25207E-08
 -1       118 1.12808E-07 1.00122E-07-3.46587E-07 5.65759E-09 1.06641E-08-7.46081E-09
 -1       119 7.18188E-08 7.37798E-08-2.15173E-07-7.97618E-09 1.28140E-10-5.22345E-09
 -1       120 4.32663E-08 6.11320E-08-1.69974E-07 3.22805E-09 5.30391E-09-2.54790E-08
 -1       121-9.37635E-08-9.09299E-08 2.93331E-07-7.02267E-10-6.88910E-10-5.93112E-09
 -1       122-1.23417E-07-9.79606E-08 3.48680E-07 4.03775E-09 2.33708E-09-2.66604E-09
 -1       123-8.10682E-08-6.59415E-08 2.24552E-07 6.55922E-09-3.73973E-09-1.37818E-08
 -1       124 4.00872E-08 2.04883E-08-8.76446E-08-1.26150E-08 2.80543E-08 2.49387E-08
 -1       125-4.28773E-08-3.34220E-08 1.18952E-07-9.08062E-09-2.11447E-08 1.88918E-08
 -1       126-9.22432E-08-9.23196E-08 2.92081E-07 8.05851E-10-2.11506E-10-1.46675E-09
 -1       127-1.11841E-07-1.03577E-07 3.49950E-07-6.54276E-09 9.02988E-09-7.48869E-09
 -1       128-6.29130E-08-5.57947E-08 2.20631E-07-5.54007E-10-4.11306E-09-6.78748E-09
 -1       129-4.27044E-08-7.02334E-08 1.89014E-07-3.86672E-09-3.60500E-09-3.52093E-08
 -1       130 3.65999E-08 2.86740E-08-9.40668E-08 9.36762E-09-1.18943E-08 2.33561E-08
 -1       131-3.91232E-08-2.37449E-08 9.54479E-08 1.56614E-08 2.90606E-08 2.21749E-08
 -1       132 6.10907E-08-1.29522E-08-1.81195E-08 2.21139E-09 3.73015E-11 2.57413E-09
 -1       133 5.42043E-08-1.21080E-08-1.34350E-08-1.51756E-09-6.17263E-10 7.10971E-09
 -1       134 5.87239E-08-1.48075E-08-1.58216E-08 9.22259E-10 1.60155E-09 2.86753E-09
 -1       135 5.87412E-08-1.19330E-08-1.65522E-08 5.43788E-10-1.35538E-09 2.78418E-09
 -1       136 5.08601E-08-1.42127E-08-1.10296E-08-6.17856E-10-4.95141E-10 7.74242E-09
 -1       137-5.17466E-09 7.68527E-09-6.99737E-09-3.17259E-08-5.49256E-09 5.29124E-08
 -1       138 8.50515E-09 9.50569E-10 1.48924E-09 3.05849E-08 6.00073E-09 5.32236E-08
 -1       139 5.39292E-09-8.22533E-09 6.30315E-09-4.95511E-10-5.19080E-09-1.34034E-08
 -1       140 1.22576E-09-6.10797E-10 2.95917E-10-5.32591E-11 9.26914E-11-1.96146E-09
 -1       141-5.70118E-10-4.65845E-10 1.67694E-09 3.83604E-11-1.00236E-10-1.27946E-10
 -1       142-7.03161E-10-1.15477E-09 3.07588E-09-1.30666E-12 7.96781E-10 6.27990E-10
 -1       143-1.00519E-10-1.65680E-10 3.15073E-10 4.37738E-10 3.02514E-10-1.03086E-09
 -1       144-1.98633E-11-3.28304E-11 8.30267E-11 2.22164E-10-5.78143E-12-2.81105E-10
 -1       145 4.35787E-10 1.02918E-10-4.39776E-10 7.24822E-10-3.44524E-10-1.13459E-09
 -1       146 6.10516E-10 1.03952E-09-2.83864E-09-1.52576E-11-7.97588E-10 4.03855E-10
 -1       147 4.90212E-10 4.47329E-10-1.56380E-09 3.00147E-11 1.38678E-10-2.08530E-10
 -1       148-3.05336E-11 7.49984E-10-1.63751E-09-5.07725E-11 2.18699E-12-1.46368E-09
 -1       149-5.11558E-09 8.78464E-09-8.66868E-09-3.21467E-09 6.77491E-09-1.73963E-08
 -1       150-2.93642E-09-1.56639E-08 1.26797E-08 9.35391E-09-9.62282E-09-2.43270E-09
 -1       151 2.03246E-09-1.64289E-09 3.22607E-11 1.19833E-11-2.41652E-10-2.92818E-09
 -1       152-3.33018E-11-4.26815E-10 9.36478E-10-3.53018E-11-8.37489E-11-7.52011E-10
 -1       153-5.63311E-10-6.98149E-10 2.23698E-09 8.89201E-11 9.96473E-11 1.83376E-10
 -1       154-4.99431E-10-7.31760E-10 2.23330E-09 3.44139E-10 1.01277E-09-6.20116E-10
 -1       155-2.17655E-10 2.09251E-11 1.17376E-10 3.23213E-10 6.04231E-12-5.00847E-10
 -1       156 3.54603E-10-1.52113E-11-2.24023E-10 3.30036E-10 4.76037E-11-4.13934E-10
 -1       157 3.41767E-10 1.44001E-09-2.86247E-09 3.93585E-10-1.52099E-09-9.20824E-10
 -1       158 4.99372E-10 4.87777E-10-1.88757E-09 3.73429E-11-1.03447E-10 1.51218E-10
 -1       159 2.71681E-10 5.65840E-10-1.59295E-09 5.73939E-11 9.85085E-11-8.61844E-10
 -1       160-1.46310E-09 8.18208E-10-5.64108E-10 2.62519E-11 1.86517E-10-2.83428E-09
 -1       161 4.19130E-09 1.27355E-08-1.86843E-08 2.48833E-09 6.17975E-09-1.53631E-09
 -1       162 6.23325E-09-1.32616E-08 9.84359E-09 1.29797E-09 9.60942E-09-1.69208E-08
 -1       163 9.75492E-10-5.13112E-10 3.61486E-11-2.34826E-10-3.88825E-11-1.14327E-09
 -1       164-3.43164E-10-2.86166E-10 1.00959E-09 2.43800E-11 8.63763E-11-5.72458E-11
 -1       165 1.80932E-10-4.25879E-11 2.73970E-11-3.51233E-11-2.19433E-10 7.52793E-10
 -1       166 5.19179E-10-4.24396E-10-1.15070E-10 4.06140E-10-5.25604E-11 7.05715E-10
 -1       167-1.86962E-10-2.97985E-12 1.80872E-10 2.73855E-10-5.72857E-12 6.45444E-10
 -1       168-4.99362E-10 2.67723E-10 2.50287E-10 3.51539E-10 2.93746E-11 7.16136E-10
 -1       169-6.94815E-11 8.79197E-11-3.43741E-10-2.31728E-11 1.05242E-10 8.27165E-10
 -1       170 2.03609E-10 2.50127E-10-8.10465E-10 1.01002E-11 2.86995E-11-3.46086E-11
 -1       171-2.62059E-10 5.58055E-10-8.46797E-10 5.31813E-12 1.29946E-10-1.03743E-09
 -1       172-4.59554E-09 9.65288E-09-9.35480E-09 3.65308E-09-5.96167E-09-1.55325E-08
 -1       173-2.92801E-09-1.42121E-08 1.15868E-08-1.59986E-09 7.81515E-09-2.47483E-09
 -1       174 2.21190E-09 7.00362E-10-2.27670E-09-4.97100E-10 8.17742E-11-2.30473E-09
 -1       175 3.06845E-11-3.67559E-10 9.29234E-10-8.91365E-11 1.36891E-10-7.64862E-10
 -1       176-1.08114E-10-1.65540E-10 6.04409E-10-6.47797E-12-2.19230E-11 3.25247E-10
 -1       177 5.12118E-10-4.15714E-10-9.24334E-11 1.20379E-10 6.71645E-11 9.80230E-10
 -1       178 1.04831E-11-1.45619E-10 1.54298E-10 4.23044E-10-1.95624E-10 6.28678E-10
 -1       179-2.19260E-10 2.71650E-11 3.82206E-10 3.87579E-10 5.20315E-11 8.04617E-10
 -1       180-3.78650E-10 2.85375E-10-2.89555E-10 3.52735E-11 9.35016E-11 7.37824E-10
 -1       181 1.28525E-10 1.55001E-10-6.99566E-10-2.08131E-11 4.91638E-11 3.52728E-10
 -1       182 7.87308E-11 3.99079E-10-8.97470E-10-6.02813E-12-3.59630E-11-7.89042E-10
 -1       183-1.70395E-09 1.45600E-09-1.32700E-09-4.94217E-10 6.00572E-10-2.32976E-09
 -1       184 5.06628E-09 1.23439E-08-2.11128E-08-8.87432E-10 2.29427E-09-3.71700E-09
 -1       185 2.51004E-09-7.95912E-11-2.81326E-09-1.93553E-10-2.74004E-11-2.61139E-09
 -1       186-4.70486E-09 2.30853E-09-7.06912E-10-3.43409E-11 1.47337E-11 5.19492E-09
 -1       187-4.96176E-09 2.00603E-09 3.40220E-10 2.81784E-10 9.25748E-11-1.89121E-09
 -1       188-4.99842E-09 1.70993E-09 5.54119E-10-7.31065E-10 3.42180E-11-1.86808E-09
 -1       189-8.61768E-09 2.86323E-09 1.47820E-09-1.63611E-10-7.95636E-11 2.80964E-09
 -1       190-8.56292E-09 2.98061E-09 1.41646E-09 9.91369E-11 7.63299E-11 2.89394E-09
 -1       191-4.42780E-09 2.25372E-09-1.05098E-09-1.67780E-10 1.50453E-10 5.60406E-09
 -1       192 1.99383E-09 1.12259E-10-2.40849E-09 8.09331E-10 6.07599E-10-2.17788E-09
 -1       193-4.53299E-09 2.27381E-09-9.92147E-10 4.81832E-11-1.34097E-10 5.49050E-09
 -1       194 2.40176E-09-2.49141E-10-2.19618E-09-1.14205E-09-6.77668E-10-2.13787E-09
 -1       195-3.93789E-09 6.86189E-09-1.91147E-08-1.03283E-08 1.31156E-08 1.77875E-08
 -1       196-1.64387E-08 2.19630E-08-2.11208E-08 1.83617E-09-3.96207E-09 2.25636E-08
 -1       197-1.25941E-08 9.33750E-09 8.98574E-09 1.49810E-08-1.83913E-08-1.65436E-08
 -1       198 2.82808E-09-5.28291E-09-5.69514E-09 6.25904E-09 1.13064E-08-1.29832E-08
 -1       199-1.35074E-09-2.19160E-09-7.13506E-09-4.05332E-09-1.37263E-08-1.40062E-08
 -1       200-2.35271E-09 7.08555E-09 6.47180E-09-1.33805E-08 1.41522E-08-8.56697E-09
 -1       201-5.75476E-09 4.99321E-09-2.26578E-09-6.54182E-11 1.40037E-09 1.01845E-08
 -1       202-6.39944E-09 5.20475E-09-1.91104E-08 7.63217E-09-1.92058E-08 1.58435E-08
 -1       203 1.85979E-09-1.56639E-08 1.58107E-08 2.15531E-09 7.75647E-09 1.00482E-08
 -1       204-6.66256E-09-3.10836E-09 2.05335E-08-6.68477E-09-1.42049E-08 8.44693E-09
 -1       205-6.05684E-09 4.35252E-10 1.35902E-08 3.54907E-09 1.50127E-08 1.48787E-09
 -1       206 1.46898E-09-1.41002E-09-1.51456E-09 2.42020E-10-5.99296E-10 1.13353E-09
 -1       207-7.88847E-10 8.47610E-10-7.86645E-10 1.08505E-10-1.15344E-10 1.89338E-09
 -1       208-3.03576E-09-2.09740E-09 8.42125E-09 8.15211E-11-2.62676E-12-3.10986E-10
 -1       209-1.14348E-09-1.51583E-09 4.94671E-09-1.32859E-10-7.25994E-11-1.70246E-09
 -1       210 5.62332E-10-5.47023E-10 5.25772E-10 1.63480E-10-3.06627E-10-1.54741E-09
 -1       211-7.86440E-10 8.69361E-10-8.32874E-10-6.88115E-11 1.30223E-10 1.69759E-09
 -1       212 1.86269E-10-1.62315E-09 3.93426E-09-1.60964E-10-3.20437E-10 4.44373E-09
 -1       213-1.48302E-09-2.22150E-09 7.03449E-09 6.79873E-11-1.28040E-10 2.54608E-09
 -1       214 8.26074E-10-5.70468E-10 6.18426E-10-3.83353E-10-9.07145E-10 1.22760E-09
 -1       215 4.19749E-10-6.49435E-10 6.76445E-10-4.81954E-10 2.31837E-10-7.80034E-10
 -1       216-2.81150E-09-5.65440E-09 1.68847E-08-1.31785E-10 6.31497E-10-5.54391E-09
 -1       217 2.07865E-09-3.78745E-09 6.82188E-09-3.64422E-10 6.75714E-10-7.35641E-09
 -1       218-3.49791E-09-6.20853E-09 1.91047E-08 3.21209E-11 2.13324E-10 6.43532E-09
 -1       219-8.49336E-09-7.00601E-09 2.53150E-08-3.95716E-11 3.06748E-10-3.79007E-10
 -1       220 3.74391E-09-2.78572E-09 2.35290E-09-3.45043E-10-5.25241E-10 4.51636E-09
 -1       221 1.63927E-09-4.95389E-09 1.00046E-08 7.25797E-11 2.99740E-10 1.07181E-08
 -1       222 3.45029E-09-2.57269E-09 2.76731E-09 2.70801E-10 4.95169E-10 4.44368E-09
 -1       223 6.05228E-09-3.61005E-09 5.46550E-10-3.66329E-10-1.95255E-10 9.13099E-09
 -1       224 7.41240E-09-3.50521E-11-6.63979E-09 2.73811E-10-1.67894E-11 1.91483E-09
 -1       225 7.24209E-09-4.16600E-09-1.87189E-10-2.70998E-10-7.12042E-10-5.30794E-09
 -1       226 1.22998E-08-9.71818E-10-1.36495E-08 3.91826E-10-1.39649E-09 7.92784E-09
 -1       227-1.09399E-08 2.10531E-10 6.14502E-09 1.66107E-09 7.21681E-10-1.77026E-08
 -1       228-1.50477E-08 1.57225E-09 5.97943E-09 2.40353E-09-1.44797E-09 1.31781E-08
 -1       229 1.95005E-08-4.15178E-09-1.50616E-08 1.81604E-09 9.87702E-10-6.95076E-09
 -1       230 2.57024E-09-5.34470E-09 5.27520E-09-3.15121E-09-3.03105E-10-2.24940E-08
 -1       231-2.37440E-09 1.68090E-09-1.77677E-10 6.96387E-10-2.09509E-10 1.77753E-09
 -1       232 1.05088E-08-2.30767E-09-2.24951E-09 4.97187E-10-7.61284E-10-1.32717E-08
 -1       233 1.33399E-08-1.38105E-09-1.03082E-08-2.25975E-10 1.76732E-10-7.43113E-11
 -1       234 2.82479E-09 8.03873E-10-4.41778E-09 3.83981E-10 1.29068E-10-6.49879E-09
 -1       235-2.51950E-09 1.83074E-10 2.62308E-09 1.50279E-10-1.42497E-10 3.18700E-09
 -1       236 1.21660E-09-6.13726E-11-1.12596E-09-7.22315E-11-9.31939E-11 5.10308E-09
 -1       237 5.60143E-09-1.21356E-09-2.89631E-09 2.83263E-10-1.22733E-10-2.05120E-09
 -1       238-2.02701E-09-1.80650E-10 2.53573E-09 2.27222E-10-1.27941E-10-2.39003E-09
 -1       239 7.75294E-09-4.33110E-09 3.21860E-09-9.93708E-11 4.88386E-10 1.94439E-09
 -1       240 1.41471E-08-6.61538E-09-2.50763E-09-8.90107E-10-3.22188E-10 9.46068E-10
 -1       241 2.06270E-08-7.65302E-09-2.68527E-09 4.25637E-10-1.21084E-09 6.76579E-09
 -1       242 1.99979E-08-8.53081E-09-2.23265E-09 5.95091E-10-1.26970E-09 7.55656E-10
 -1       243 1.03477E-08-4.10988E-09-2.47718E-09 4.98970E-09 2.82998E-11 8.96556E-09
 -1       244 5.15281E-09-8.50347E-11-5.14532E-09-2.13599E-10 6.76777E-11 3.67573E-09
 -1       245 6.25550E-09-8.33834E-10-4.83833E-09-7.60547E-11 1.20306E-10-1.72521E-09
 -1       246 1.32943E-08-2.74674E-09-6.17054E-09-4.11836E-11 1.29012E-10 4.61414E-09
 -1       247 2.82994E-09-3.59808E-10-1.99702E-09 2.68154E-11 7.09941E-11-3.50928E-09
 -1       248-4.66377E-10-7.69607E-10 2.32183E-09 3.05678E-10 1.33123E-10-3.46692E-09
 -1       249 9.64776E-09-2.41148E-10-8.33289E-09-2.34702E-10-7.75089E-11-4.89327E-09
 -1       250-2.12785E-09-7.31060E-10 4.04177E-09 3.31341E-10 5.39864E-11 5.36299E-10
 -1       251-5.73274E-10-1.33314E-10 1.29890E-09 1.88360E-10-4.38330E-11 2.59421E-09
 -1       252-8.20188E-10 1.26316E-09-2.04928E-09 2.79329E-10 3.25270E-10-3.76651E-09
 -1       253 4.13315E-09-6.74578E-10-2.04410E-09 4.92445E-10 1.11318E-10 3.90831E-09
 -1       254 3.80133E-09-1.99172E-09-1.28535E-09-4.38266E-10-1.22215E-10 1.60597E-09
 -1       255 3.32581E-09 7.71430E-10-4.96133E-09 5.16860E-10 7.19583E-11 2.91004E-09
 -1       256-3.22427E-10-7.83653E-09 6.03175E-09-4.81025E-09 2.48713E-09-7.76746E-09
 -1       257-3.23252E-09-6.41062E-09 7.00720E-09-1.04480E-09 2.06127E-09-2.26959E-08
 -1       258 9.02097E-09-1.79967E-09-2.59615E-09-4.48001E-11 6.85319E-11-9.26245E-09
 -1       259 7.71951E-09 6.95858E-09-4.01191E-09 5.86914E-09-4.32114E-09-1.81803E-08
 -1       260 5.58612E-09 6.14818E-09-8.92394E-09-1.63129E-09-1.99136E-10 3.10739E-10
 -1       261 7.84905E-09-3.01512E-09 3.56960E-09-1.12153E-09-2.70817E-09-2.10719E-08
 -1       262 7.73767E-09 2.65364E-09-1.07541E-08 1.93243E-10 1.54849E-10 3.84749E-09
 -1       263 9.04286E-09-2.48316E-09-4.71704E-09 6.29900E-10-5.12802E-11-9.35121E-09
 -1       264 1.78226E-08-4.43840E-09-9.38587E-09-5.72760E-10 2.09811E-10-6.20441E-09
 -1       265-1.93510E-09-1.19505E-09 3.68448E-09 4.00572E-10-4.03241E-10-1.10593E-08
 -1       266-9.82800E-09-2.54640E-09 1.46452E-08 4.40289E-10-2.38240E-11-8.70380E-09
 -1       267 9.23307E-09-2.11378E-09-9.35564E-09 1.50277E-09 1.10475E-09-1.57072E-08
 -1       268-1.18787E-08-1.97832E-09 1.52726E-08 6.98829E-10-2.73979E-10 4.97169E-09
 -1       269-4.81051E-09-1.64657E-09 7.62085E-09 9.28271E-10-3.45518E-10 1.12965E-08
 -1       270-1.61993E-08 5.67467E-10 7.27377E-09 2.79235E-09-2.27459E-10-3.03570E-09
 -1       271 5.40312E-09-2.20748E-09-1.24262E-09 2.93623E-10-2.22354E-10 1.13228E-08
 -1       272 7.70329E-09-5.14257E-10-6.43814E-09 7.93514E-10 2.82940E-10 2.02189E-09
 -1       273 1.37049E-09 6.22033E-10-6.29973E-09 2.15487E-09-2.09187E-09 1.37908E-08
 -1       274 1.50846E-08-2.28735E-09-9.38712E-09-2.82944E-10-1.11234E-09-2.45087E-10
 -1       275 1.03009E-08-1.35615E-09-8.40201E-09-2.79534E-10-7.85011E-11-2.12977E-09
 -1       276 1.75063E-08-4.38229E-09-7.69556E-09-2.78418E-10 7.74044E-10-4.41674E-09
 -1       277 2.56921E-09 2.71406E-09-8.15334E-09 4.52047E-10-2.51854E-10-4.61296E-09
 -1       278 3.58866E-09 1.21839E-09-5.36172E-09 2.08026E-10 3.41306E-10-4.70111E-09
 -1       279-6.18347E-10 3.66506E-09-6.06562E-09 6.15742E-10-2.15791E-10-1.25640E-09
 -1       280-9.96777E-11 3.94160E-09-7.14697E-09 3.83424E-10 4.89705E-11-7.94868E-10
 -1       281 7.54688E-09 5.74075E-11-6.64476E-09 3.29645E-10-6.57189E-10-5.00694E-10
 -1       282 4.38727E-09 1.90438E-09-7.82054E-09 6.10352E-10 4.64485E-10-6.61082E-10
 -1       283 2.05735E-08-8.08885E-09-4.40967E-09-1.38880E-09-1.14809E-09-1.75401E-08
 -1       284 8.69938E-09-3.25839E-09-4.08941E-09-1.05879E-09 1.05416E-10-1.14961E-08
 -1       285 1.70825E-08-9.27404E-09 7.31531E-10 6.60831E-09-2.18127E-09-2.38702E-08
 -1       286 1.90213E-08-1.06387E-08-1.66701E-09-5.19064E-10-5.06916E-10-1.44659E-08
 -1       287-2.24259E-09 3.72804E-09-9.65988E-09 1.27836E-08-1.19244E-09-1.79385E-08
 -1       288 1.65605E-08-7.15864E-09-6.98969E-09 9.10170E-09-2.86933E-09-2.20386E-08
 -1       289-3.55909E-08 1.75078E-08-3.65140E-09 1.32591E-08-2.39133E-10-1.52952E-08
 -1       290-2.73344E-08 1.11529E-08 4.01857E-09 9.63888E-09-3.30885E-09-2.02787E-08
 -1       291-3.14191E-08 1.31737E-08 1.15227E-10 1.01392E-08 3.82302E-10 8.81373E-09
 -1       292-3.65570E-08 1.76128E-08-2.12517E-09 8.12426E-09-1.49954E-09 1.13352E-08
 -1       293 3.64436E-09-5.51905E-10-6.29208E-09 5.83458E-09 6.02596E-10 1.49183E-08
 -1       294-6.98197E-09 7.94799E-09-1.16201E-08 6.97562E-09 6.10092E-10 1.40068E-08
 -1       295 6.09223E-09-3.49690E-09 2.11779E-10 2.67961E-10 2.55547E-10 9.42153E-09
 -1       296 8.05616E-09 4.41806E-10-8.18863E-09-1.08236E-10 3.50678E-10 1.16922E-09
 -1       297 3.71475E-09-3.81549E-09 7.04151E-10 7.84850E-10 1.05461E-09-6.30523E-09
 -1       298 1.15305E-08-8.56691E-10-1.28327E-08-2.12588E-10 1.15799E-09 7.70263E-09
 -1       299-1.21552E-08-5.40375E-10 6.32512E-09-2.72514E-09-7.94651E-10-1.79700E-08
 -1       300-1.27789E-08 2.27951E-09 3.92569E-09-1.13974E-09 7.57013E-10 1.19483E-08
 -1       301 1.84251E-08-2.84069E-09-1.89701E-08-8.79368E-10-2.59797E-09-4.04211E-09
 -1       302 3.06097E-09-7.48290E-09 6.94945E-09 5.51237E-10 1.69395E-09-1.53728E-08
 -1       303-1.51847E-09 1.50334E-09-1.23491E-09-5.63206E-10 5.24093E-12 1.65855E-09
 -1       304 1.31287E-08-5.83340E-09 1.19811E-09 6.53925E-10-2.03645E-09-1.47457E-08
 -1       305 1.39298E-08-1.59907E-09-1.10699E-08 1.68735E-10 3.56308E-12 1.09021E-09
 -1       306 3.03052E-09 1.03218E-09-5.07313E-09-3.52772E-10-2.12012E-10-6.70600E-09
 -1       307 1.26551E-09-2.30294E-11-1.14518E-09 1.89118E-11 9.99746E-11 5.35161E-09
 -1       308-2.73805E-09 1.57082E-10 2.94300E-09-1.67403E-10 2.44563E-11 3.38255E-09
 -1       309-2.23705E-09-2.66466E-10 2.69380E-09-1.99363E-10 3.19056E-10-2.13356E-09
 -1       310 5.34085E-09-1.10215E-09-3.03602E-09-3.91662E-10-3.35450E-11-1.86582E-09
 -1       311 7.38436E-09-4.22567E-09 3.35706E-09 7.55338E-11-3.14341E-10 2.86749E-09
 -1       312 2.05994E-08-7.63878E-09-2.62346E-09-7.72804E-10 1.50505E-09 6.46812E-09
 -1       313 1.40815E-08-6.47123E-09-2.66671E-09 9.04940E-10 4.13977E-10 1.44248E-09
 -1       314 8.34187E-09-3.47168E-09-2.03555E-09-5.59410E-09 1.20078E-09 7.40607E-09
 -1       315 2.00355E-08-8.51466E-09-2.41673E-09-9.49362E-10 1.27363E-09 4.54930E-10
 -1       316 6.44344E-09-8.59011E-10-5.04146E-09-1.24813E-10-4.53691E-11-1.26585E-09
 -1       317 5.32894E-09-1.51374E-10-5.32097E-09 3.40937E-10 6.84112E-12 4.11584E-09
 -1       318 1.33224E-08-2.64021E-09-6.44596E-09-3.13664E-11-7.23324E-11 4.90424E-09
 -1       319-7.62646E-10-5.42607E-10 2.27335E-09-3.71926E-10 7.50357E-11-3.38336E-09
 -1       320 2.70291E-09-2.11813E-12-2.61056E-09-8.29831E-11-1.63084E-10-3.18967E-09
 -1       321 9.68220E-09-1.88326E-10-8.69168E-09-3.65976E-10 1.44765E-10-4.79666E-09
 -1       322 2.34977E-10-5.98275E-10 1.11898E-09-2.23467E-10-8.27428E-11 2.79738E-09
 -1       323-1.71741E-09-3.37414E-10 2.92568E-09-3.52059E-10-1.07609E-11 6.34044E-10
 -1       324-4.88916E-10 1.34068E-09-2.70498E-09-3.66996E-10 1.34784E-11-3.28699E-09
 -1       325 4.09684E-09 4.04566E-10-3.71742E-09-4.34136E-11-7.00285E-10-1.59308E-10
 -1       326 4.57567E-09-8.26566E-10-2.33362E-09-8.67586E-11 1.96818E-10 3.72677E-09
 -1       327 4.25410E-09 7.53895E-10-5.81404E-09 1.27434E-11 1.10990E-10 2.77929E-09
 -1       328-1.70709E-09-6.35925E-09 9.07293E-09 1.80849E-09-5.42411E-10-1.42554E-08
 -1       329-4.08870E-10-6.23282E-09 5.20753E-09 4.52784E-09-2.52476E-09-7.76252E-09
 -1       330 1.02122E-08-1.63386E-09-5.33982E-09-2.32088E-11 7.79426E-10-8.15040E-09
 -1       331 6.86315E-09 2.16001E-09-6.18294E-09 4.05926E-10 2.72825E-10-8.55684E-10
 -1       332 6.59325E-09 3.43432E-09-2.13709E-09-2.84805E-09 4.43182E-09-1.79877E-08
 -1       333 6.82483E-09-7.93629E-09 1.02426E-08-4.95181E-11 6.82078E-10-1.72337E-08
 -1       334 8.42812E-09-1.28392E-09-5.34838E-09-4.36439E-10-1.59207E-10-9.26883E-09
 -1       335 9.03138E-09 3.43185E-10-9.35913E-09-3.76661E-10-6.21860E-10 3.10600E-09
 -1       336 1.76982E-08-3.83605E-09-8.29822E-09 3.81024E-10-2.39633E-09-6.63114E-09
 -1       337-1.15698E-08-2.17983E-09 1.60385E-08-8.41174E-10-1.65535E-10-8.11985E-09
 -1       338-2.57174E-09-9.50735E-10 3.78913E-09-1.25048E-09 9.16234E-11-1.17707E-08
 -1       339 9.16797E-09-1.03392E-09-9.08331E-09-7.00127E-10-2.71019E-09-1.59351E-08
 -1       340-3.88664E-09-1.45715E-09 6.97055E-09 1.19339E-10-2.60389E-10 1.07112E-08
 -1       341-1.14842E-08-1.80129E-09 1.50703E-08-1.68193E-10 1.70060E-10 6.05316E-09
 -1       342-1.58833E-08 2.70675E-10 8.58598E-09-2.55070E-09-4.83874E-10-1.29039E-09
 -1       343 7.29715E-09-4.53928E-10-6.19788E-09-6.50745E-10-2.96243E-10 2.71007E-09
 -1       344 5.49162E-09-2.27529E-09-9.34554E-10-2.02331E-10-2.97752E-10 1.14532E-08
 -1       345 1.55849E-09 8.17182E-10-5.71830E-09-4.58403E-10 1.05694E-09 1.32008E-08
 -1       346 1.48211E-08-2.28669E-09-9.22047E-09 6.32230E-10 1.20765E-09 2.15756E-10
 -1       347 1.72983E-08-4.02766E-09-8.13183E-09 1.83943E-10-6.45919E-10-3.88549E-09
 -1       348 9.84123E-09-1.00666E-09-8.58035E-09 2.06532E-10 3.42382E-12-1.83096E-09
 -1       349 3.82351E-09 1.46123E-09-6.07184E-09-3.79031E-10-4.23602E-10-4.52892E-09
 -1       350 2.66750E-09 2.95767E-09-8.64658E-09-4.36630E-10 2.99089E-10-4.01025E-09
 -1       351 2.04128E-10 4.16525E-09-8.07105E-09-4.40196E-10 9.62336E-11-3.90366E-10
 -1       352-1.86713E-10 3.89204E-09-6.94675E-09-4.05058E-10 3.09048E-10-1.01644E-09
 -1       353 5.06476E-09 1.97729E-09-9.14568E-09-3.84650E-10-2.32320E-10-1.18354E-09
 -1       354 8.41813E-09 1.52172E-10-7.64889E-09-1.03953E-10 5.53188E-10-5.41307E-10
 -1       355 9.76126E-09-3.25196E-09-5.81883E-09 6.68585E-10 1.67145E-10-8.85379E-09
 -1       356 2.05659E-08-8.52024E-09-4.58874E-09-2.54033E-10 1.52038E-09-1.25332E-08
 -1       357 1.94299E-08-1.17504E-08 6.84348E-10 1.87473E-10-2.61485E-10-1.36637E-08
 -1       358 1.77861E-08-1.03189E-08 2.42190E-09-6.42883E-09 1.02843E-09-2.34689E-08
 -1       359 1.46074E-08-6.33445E-09-6.20442E-09-8.00847E-09 1.55713E-09-2.11331E-08
 -1       360-4.29313E-09 5.00946E-09-9.44175E-09-9.42399E-09 2.47038E-09-1.88983E-08
 -1       361-3.08922E-08 1.07403E-08 3.63999E-09-1.21788E-08 3.12410E-09-1.94900E-08
 -1       362-3.78725E-08 1.72063E-08-2.45562E-09-1.39083E-08-3.59249E-10-1.18564E-08
 -1       363-3.50671E-08 1.74844E-08-3.08144E-09-8.31546E-09 1.24981E-09 1.37146E-08
 -1       364-2.77388E-08 1.19918E-08-7.29943E-10-8.60022E-09-3.82674E-10 8.95071E-09
 -1       365-6.21945E-09 7.34050E-09-1.05449E-08-6.56039E-09-5.71790E-10 1.25166E-08
 -1       366 2.23091E-09 2.59045E-10-6.10934E-09-5.79284E-09-4.36149E-10 1.37459E-08
 -1       367 6.92811E-08 6.65168E-08-2.12834E-07-3.44422E-09 3.48457E-09-2.76278E-09
 -1       368 1.01507E-07 9.52856E-08-3.13462E-07 2.14719E-09-7.85682E-10-1.23976E-08
 -1       369 1.05494E-07 9.86907E-08-3.45408E-07-3.76397E-09-6.00514E-09-5.51351E-09
 -1       370-5.39419E-09-7.97935E-09 1.70763E-08 1.77952E-09 6.16979E-09-7.05647E-09
 -1       371 3.72613E-09 7.06969E-10-4.11183E-09-2.48225E-10-4.25605E-09-1.95716E-08
 -1       372 4.91252E-08 5.57580E-08-1.70600E-07-2.28191E-09 1.25332E-09 3.92894E-09
 -1       373-4.43494E-08-5.19415E-08 1.74037E-07-4.25369E-09 6.28046E-10 2.20893E-09
 -1       374-7.31833E-08-6.47835E-08 2.22235E-07 2.11163E-09 4.15578E-09-4.31234E-09
 -1       375-9.34704E-08-9.09827E-08 2.93089E-07-1.74555E-09-8.92869E-10-4.25511E-09
 -1       376-1.05383E-07-9.98819E-08 3.48204E-07 3.31621E-09-4.96688E-09-5.19935E-09
 -1       377-1.26441E-08-1.41453E-08 2.00846E-08 1.98069E-09 4.20187E-09-2.31153E-09
 -1       378 5.66911E-10 8.85689E-10-8.54078E-09-9.63609E-11-2.65200E-09-1.83427E-08
 -1       379 3.99546E-08 5.21166E-08-1.70936E-07 2.86056E-09 4.86466E-10 7.02901E-10
 -1       380-4.96334E-08-5.60496E-08 1.73997E-07 2.57451E-09-4.43620E-10 4.36005E-09
 -1       381-2.23067E-09 1.19396E-08-2.65517E-08 7.18380E-11-8.08679E-10-7.88522E-10
 -1       382-2.50562E-09 4.41430E-09-1.97307E-09 3.93716E-11 1.28282E-10 1.93604E-09
 -1       383 7.19000E-09-2.25905E-09-1.88652E-09 3.72931E-11 4.38592E-11-4.78132E-09
 -1       384 3.96604E-09 3.37195E-09-1.54005E-08 8.37710E-11 2.07201E-10 3.47723E-10
 -1       385-7.96247E-09 1.04613E-08-1.61288E-08 5.87828E-10-2.09085E-09 1.48522E-09
 -1       386 9.79727E-09-2.88102E-09 1.06203E-08-1.05148E-09 1.26714E-09-2.22255E-08
 -1       387 4.45596E-08-1.03186E-08-9.20696E-09-6.29254E-09-3.86009E-09 3.10960E-08
 -1       388 2.18034E-08-5.29519E-09-1.69687E-09-4.05365E-10 2.48584E-10 1.61387E-08
 -1       389 2.68840E-08-8.62452E-09-3.29536E-09 1.26453E-10-2.97127E-11-1.07637E-08
 -1       390 4.20368E-08-1.19097E-08-9.77384E-09 1.29811E-09-8.88230E-12-7.38925E-09
 -1       391 4.46886E-08-1.16394E-08-1.12543E-08-3.43188E-10 2.04274E-10-8.16171E-09
 -1       392 4.45829E-08-1.02239E-08-9.30733E-09 3.06264E-09 2.21485E-09 1.84890E-08
 -1       393 4.47308E-08-1.18378E-08-1.03032E-10-6.30528E-10-1.64416E-10-2.39072E-08
 -1       394 2.19127E-08-6.17090E-09-6.92696E-09-1.41181E-09 4.71682E-11-3.99861E-10
 -1       395 5.20657E-10 1.84896E-09-8.49922E-09-1.23613E-10 2.40069E-10-6.25773E-09
 -1       396 5.20448E-09 4.86828E-09-2.16397E-08 5.11290E-11 2.35882E-10-7.11466E-09
 -1       397 4.78961E-08-1.33604E-08-1.09744E-08-3.40162E-10 6.49974E-10-2.57753E-09
 -1       398 3.63492E-08-1.05434E-08-7.29207E-09-2.05711E-09-3.19684E-12-1.19278E-08
 -1       399 5.05960E-08-1.46508E-08-9.29998E-09 1.03826E-09 7.64586E-10 1.35905E-08
 -1       400 3.34718E-08-7.27971E-09-2.40763E-09 8.81258E-09 3.12814E-09 2.86880E-08
 -1       401 5.55045E-08-1.24623E-08-1.50697E-08 4.38989E-10 8.53439E-10-3.43137E-09
 -1       402 5.85598E-08-1.21694E-08-1.74470E-08 4.22493E-09 5.34270E-10 9.62636E-09
 -1       403 4.59129E-08-1.33050E-08-9.54160E-09 5.60937E-10-1.49226E-10-1.87119E-09
 -1       404 3.53552E-08-1.07633E-08-6.84267E-09 2.66390E-09-1.07495E-10-1.05156E-08
 -1       405 5.88812E-08-1.55333E-08-1.07794E-08-1.99157E-09-2.41780E-09 2.08637E-08
 -1       406 2.94409E-08-7.46676E-09-4.05774E-09-9.86417E-09-3.85199E-09 3.20155E-08
 -1       407 5.29411E-08-1.12088E-08-1.07779E-08-5.98323E-09-1.40723E-09 2.27056E-08
 -1       408 5.36508E-08-1.27931E-08-1.36251E-08 1.39190E-09-5.37582E-10-4.53117E-10
 -1       409 4.81906E-09-1.04245E-09-2.68045E-09-1.24245E-09 1.76029E-09-2.75190E-09
 -1       410 1.40973E-08-5.17417E-09 2.71607E-10-1.59328E-09 1.18536E-09-1.01730E-08
 -1       411 1.65670E-08-5.43807E-09-5.17979E-10 5.60513E-11-2.00131E-10-1.07754E-08
 -1       412 2.42693E-08-8.26935E-09-2.64751E-09-1.76316E-09 3.04028E-10-1.20331E-08
 -1       413 3.75464E-08-9.95105E-09-8.06639E-09 1.02980E-10-4.50410E-10-1.07745E-08
 -1       414 4.25121E-09 4.45109E-09-1.70452E-08 3.13766E-10 9.51288E-10-3.22910E-10
 -1       415 3.54215E-09 1.96220E-09-1.05622E-08-5.70685E-10 1.94138E-09 1.51583E-09
 -1       416 4.55276E-09 6.61545E-10-7.57660E-09 2.68646E-12 1.21005E-10-8.94608E-10
 -1       417 3.10678E-09 5.01269E-09-1.91120E-08-1.91635E-10-6.30317E-10-8.34389E-09
 -1       418 5.47764E-09 5.40481E-09-2.25450E-08 1.55395E-10 7.71676E-10-4.87290E-09
 -1       419 5.87305E-09 4.40845E-09-2.03697E-08 5.96063E-11 2.73196E-10-3.66189E-09
 -1       420 1.33329E-09-6.11188E-11-4.88661E-09-2.04123E-09-1.80200E-09-4.74599E-09
 -1       421 2.50510E-11 3.08755E-09-1.01469E-08-2.74445E-10-8.49572E-10-6.92964E-09
 -1       422 3.23235E-09 3.81437E-09-1.57287E-08 5.62955E-11 2.60007E-10-7.79842E-09
 -1       423 3.76904E-08-1.00115E-08-1.02682E-08-3.13261E-09-5.74843E-10-2.32017E-09
 -1       424 1.35798E-08-4.33591E-09-5.10220E-09-3.40590E-09-1.40898E-09 1.22030E-10
 -1       425 8.99972E-09-2.19750E-09-4.65803E-09-8.21919E-10 1.94394E-11-1.86400E-09
 -1       426 4.88594E-08-1.30635E-08-7.49596E-09-3.86202E-09 1.09778E-09-1.62516E-08
 -1       427 3.75790E-08-1.10370E-08 4.87795E-09 8.26434E-09-2.16134E-09-3.77001E-08
 -1       428 4.81985E-08-9.49084E-09-1.23801E-08-1.25691E-09-6.86886E-10-6.41257E-09
 -1       429 1.51915E-08-4.88777E-09 1.38365E-08 5.47097E-09-3.81553E-09-3.84523E-08
 -1       430-1.05960E-08 8.64137E-09 9.44188E-09 7.46695E-09-7.12562E-09-2.19862E-08
 -1       431 3.29152E-08-7.32049E-09 9.26001E-09-3.33001E-10 1.03095E-09-3.84221E-08
 -1       432-2.72658E-08 1.58818E-08-3.29601E-09 5.94309E-09-8.88707E-09-5.88220E-09
 -1       433-2.16498E-08 2.39526E-08-2.85264E-08 2.35718E-09-3.10225E-09 4.55168E-09
 -1       434-1.83905E-09 4.45481E-09-8.19853E-11-5.27415E-10-1.47893E-09-9.17889E-09
 -1       435-2.55263E-08 2.55252E-08-2.58699E-08 2.93800E-09 3.02144E-10 2.26871E-09
 -1       436-1.82736E-08 1.88148E-08-1.99361E-08 3.22255E-09 5.11714E-09-7.38731E-09
 -1       437-3.44903E-09 1.15314E-08-2.86537E-08-4.18773E-10-5.24670E-10 7.35640E-09
 -1       438-1.98929E-08 1.41682E-08-3.28099E-09 6.80323E-09 6.22690E-09 4.13619E-09
 -1       439-6.07737E-09 2.76786E-09 8.29337E-09 5.89920E-09 4.57861E-09 1.49672E-08
 -1       440-1.20760E-09 8.76965E-09-1.64362E-08-5.67126E-11-1.15033E-10-3.25696E-09
 -1       441 7.47114E-09-1.62291E-10 5.17630E-09-2.11083E-10-7.80261E-11 1.53972E-08
 -1       442 9.97457E-09-2.38016E-09 3.60273E-09 7.74980E-09 3.66114E-09 2.33829E-08
 -1       443 3.24588E-08-6.31567E-09-6.58406E-09 2.72113E-09 2.09760E-09 1.98288E-08
 -1       444 1.40550E-08-5.31394E-09 2.81613E-10 1.62372E-09-1.22314E-09-1.00344E-08
 -1       445 4.97587E-09-1.28534E-09-2.79518E-09 1.09343E-09-1.66603E-09-2.73023E-09
 -1       446 2.42386E-08-8.32542E-09-2.48827E-09 1.98370E-09-2.43155E-10-1.14721E-08
 -1       447 3.67997E-08-1.02159E-08-7.12667E-09 7.27215E-10 6.28029E-10-1.02979E-08
 -1       448 3.55280E-09 1.89104E-09-1.09660E-08 5.20496E-10-1.81782E-09 1.72368E-09
 -1       449 4.28333E-09 4.40955E-09-1.73269E-08-2.96842E-10-4.90377E-10-2.18288E-10
 -1       450 5.52570E-09 5.57234E-09-2.28871E-08-5.37363E-11-2.81939E-10-4.84177E-09
 -1       451 3.26926E-09 5.14116E-09-1.96291E-08 4.00758E-10 1.14625E-09-8.60583E-09
 -1       452 1.36899E-10 3.42099E-09-1.05809E-08 5.08229E-10 1.36775E-09-7.23899E-09
 -1       453 2.26649E-09 1.98925E-10-5.09208E-09 1.60342E-09 1.68972E-09-4.22558E-09
 -1       454 1.40779E-08-4.07773E-09-4.96396E-09 1.89368E-09 8.75213E-10 2.87359E-10
 -1       455 3.81805E-08-9.82053E-09-9.70742E-09 1.95754E-10 1.80507E-10-1.62058E-09
 -1       456 3.75444E-08-1.10069E-08 4.27883E-09-8.77965E-09 2.14032E-09-3.84386E-08
 -1       457 4.93423E-08-1.33364E-08-7.81293E-09 1.79738E-09-1.29822E-09-1.69067E-08
 -1       458-1.49240E-08 7.36578E-09 1.05930E-08-8.72549E-09 8.92008E-09-2.01564E-08
 -1       459 1.52819E-08-6.66250E-09 1.62992E-08-5.92220E-09 4.28461E-09-3.94845E-08
 -1       460-2.09763E-08 2.61049E-08-2.96138E-08-1.44275E-09 9.88417E-10 2.88510E-09
 -1       461-2.17959E-08 1.77328E-08-1.12880E-08-3.60254E-09 5.98150E-09-1.53509E-09
 -1       462-1.61206E-08 1.74757E-08-1.89045E-08-2.45699E-09-5.82391E-09-7.39709E-09
 -1       463-2.48025E-08 2.55261E-08-2.57641E-08-2.99546E-09-2.25894E-09 2.82594E-09
 -1       464-6.95050E-09 2.63310E-09 8.36456E-09-5.44300E-09-4.09065E-09 1.39048E-08
 -1       465-1.69182E-08 1.21443E-08-2.91848E-09-5.83748E-09-5.64593E-09 3.78967E-09
 -1       466 7.69123E-09-1.59662E-09 3.43604E-09-9.22402E-09-3.49399E-09 2.38841E-08
 -1       467 3.19658E-08-5.97867E-09-6.47347E-09-6.51974E-09-2.31273E-09 2.75347E-08
 -1       468 5.25010E-08-1.16474E-08-1.37584E-08-1.25071E-09-6.69792E-10-2.56812E-09
 -1       469 5.31630E-08-9.70101E-09-1.52905E-08 1.75762E-09 2.82035E-10 9.91695E-09
 -1       470 4.20462E-08-8.42053E-09-1.02773E-08-9.89529E-10 8.55202E-10 1.43289E-08
 -1       471 4.87157E-08-1.14248E-08-1.11967E-08-1.45930E-10-3.74384E-10-4.21125E-09
 -1       472 2.00953E-08-2.52990E-08 1.67830E-09 3.60159E-10 2.07078E-10-1.98001E-08
 -1       473-8.22466E-09 1.83242E-08-1.52107E-08-1.17150E-09-2.05356E-11-1.65601E-08
 -1       474-1.55627E-08 4.46784E-08-4.57144E-08 6.58923E-09 9.61578E-09-3.56338E-08
 -1       475-1.22415E-08 3.63512E-08-4.76142E-08-8.64255E-09-4.27615E-09-3.22911E-08
 -1       476 1.08748E-08-1.57227E-08-1.84929E-08-3.15956E-09-5.45886E-08 2.15895E-08
 -1       477-5.52845E-09 1.79588E-08-3.60445E-08-9.80396E-09-1.32080E-08-2.39104E-08
 -1       478-6.89558E-09 9.92103E-09-1.03818E-08-4.68799E-09-3.10869E-09-1.70931E-08
 -1       479 1.97047E-08-1.65126E-08-2.79129E-08 1.61674E-10 6.23136E-08 1.35727E-08
 -1       480-3.73116E-09 2.04242E-08-4.36001E-08 1.22550E-08 1.14837E-08-2.66687E-08
 -1       481-6.15612E-09 9.61021E-09-9.85330E-09 3.23141E-09 1.17135E-09-1.53728E-08
 -1       482-1.05388E-08 2.84774E-08 1.73327E-08 8.79758E-09-7.81751E-08 1.57350E-08
 -1       483 1.74015E-08-4.11715E-08 4.77498E-08-9.23167E-09 7.54534E-09-4.21505E-08
 -1       484 2.39543E-08-5.02142E-08 4.62778E-08 9.44904E-09-9.75922E-09-4.18101E-08
 -1       485 7.83348E-09-2.28125E-08 4.96818E-08 8.60364E-09-1.89985E-08-3.09698E-08
 -1       486 1.14501E-08-1.31186E-08 9.65870E-10 3.44588E-09-5.50011E-09-1.49866E-08
 -1       487-1.54099E-08 2.75674E-08 9.52844E-09-1.28148E-09 7.31266E-08 1.28246E-08
 -1       488 7.11479E-09-1.59222E-08 3.87029E-08-1.15032E-08 1.59547E-08-2.63477E-08
 -1       489 1.05577E-08-1.48243E-08 3.65279E-09-2.01707E-09 5.62951E-09-1.69713E-08
 -1       490 1.10584E-09-6.13036E-10 4.28014E-10-1.90204E-10 2.65869E-10-1.56545E-09
 -1       491 1.56192E-09-1.05185E-09 2.74574E-10 3.64838E-10-2.08055E-10-2.15290E-09
 -1       492 3.29079E-09 2.24736E-10 6.70067E-11 6.19841E-10 3.56065E-10-8.66723E-09
 -1       493-4.39740E-10-3.95200E-10 1.33553E-09 1.40274E-11-6.97638E-12-8.83933E-11
 -1       494 9.10578E-11-4.54150E-10 8.16645E-10 1.14429E-11 1.14414E-10-7.40491E-10
 -1       495-1.11744E-10-5.20076E-10 1.09664E-09 8.70622E-11-6.61580E-11 4.26793E-10
 -1       496-2.76466E-10-2.28804E-10 9.32814E-10 2.13756E-11-1.37046E-10 3.32329E-10
 -1       497 2.14372E-10-2.19958E-10 3.23106E-11 5.32817E-10 1.05559E-10-3.16664E-10
 -1       498 2.02603E-10-7.92275E-10 1.02590E-09 2.99472E-10 7.08575E-10 9.82626E-10
 -1       499-1.03368E-10-1.30070E-11 1.17941E-10 3.03387E-10-4.04513E-12 2.25527E-10
 -1       500-1.89821E-10-1.97743E-11 1.53038E-10 3.97043E-10 9.57411E-11 4.17688E-11
 -1       501 2.01148E-10-1.13594E-12-2.07403E-10 3.98518E-10-7.31216E-11 1.79199E-10
 -1       502 2.33920E-11 9.73763E-10-1.76247E-09 9.35805E-11-5.34647E-10 5.64647E-10
 -1       503-6.82868E-11 1.13862E-10 1.65551E-10 7.25601E-10-1.59435E-10-2.76289E-10
 -1       504 2.72697E-10 2.69912E-10-9.91970E-10-3.29778E-12 1.66768E-10 3.24654E-10
 -1       505 2.54973E-10 2.93214E-10-1.02437E-09 3.26684E-11-4.96409E-12 5.94275E-10
 -1       506 1.37468E-10 4.79089E-10-1.25679E-09 5.47311E-11 7.57027E-11-7.65164E-10
 -1       507 3.45066E-10 3.43524E-10-1.17696E-09 1.67703E-12 1.12135E-10-1.08331E-10
 -1       508-1.42496E-09 2.97961E-10-4.09317E-10 2.51032E-11-4.50399E-10-2.80367E-09
 -1       509-8.39627E-11 6.60657E-10-1.37013E-09-1.83377E-11 1.71392E-11-1.24227E-09
 -1       510-3.68490E-09 2.96040E-10-1.47358E-09-1.00653E-09-5.56881E-10-8.99185E-09
 -1       511-5.20995E-11-5.48582E-11 2.26315E-10-2.72295E-11-1.22839E-11 3.20566E-09
 -1       512 7.59755E-09 2.74950E-09-1.12099E-08-1.24735E-09 3.57904E-09 1.12345E-08
 -1       513 2.60185E-09 8.44877E-10-4.44718E-09-5.69225E-11-6.63719E-11-1.89064E-10
 -1       514-1.31828E-10-1.46636E-10 4.97028E-10-6.75915E-11-4.65928E-11 6.71046E-10
 -1       515-1.64315E-09-5.64375E-10 2.99369E-09-6.76878E-11 5.26132E-11 3.22980E-10
 -1       516-5.09915E-09-1.27367E-09 7.86677E-09-5.17058E-11 1.58043E-10 4.93863E-10
 -1       517 6.66626E-10 1.73302E-10-1.27191E-09-2.11242E-10 3.58880E-11 4.67602E-10
 -1       518-1.62888E-08-6.64886E-09 2.62669E-08-3.11447E-09-5.84834E-09 8.16150E-09
 -1       519 2.86600E-09 1.42248E-09-6.60116E-09 7.47037E-10 3.58551E-10-2.85071E-09
 -1       520-1.85809E-09-7.78433E-10 3.74762E-09 5.39150E-11 9.48388E-11-1.08427E-09
 -1       521-4.23372E-10-5.09085E-10 1.62004E-09-1.73386E-11 2.88331E-12-5.24917E-10
 -1       522-1.22281E-08-6.90756E-09 1.48851E-08 4.77286E-10-3.31632E-09 2.28509E-08
 -1       523-4.98443E-09-1.01033E-08 1.87459E-08-1.11127E-09-8.98381E-09-5.77489E-09
 -1       524 5.57393E-09 1.22155E-08-1.82952E-08 8.42537E-10 1.55561E-08-6.00034E-09
 -1       525 1.28088E-08 5.48539E-09-1.34143E-08-1.27341E-09 4.39466E-09 2.77194E-08
 -1       526-5.48814E-09-9.19167E-10 7.64861E-09-3.86559E-09-1.30861E-09 1.17481E-08
 -1       527-4.01380E-10-2.56874E-09 7.66176E-09-1.78447E-10-2.78512E-10-7.09608E-09
 -1       528-1.72841E-09-8.98318E-10 4.39901E-09-1.69603E-10 3.06488E-11-2.19940E-09
 -1       529-1.04043E-08-2.36807E-09 1.56924E-08 3.30592E-10 9.66560E-11 3.73350E-09
 -1       530-4.64234E-10-7.41315E-10 2.30313E-09 1.92045E-11 4.00498E-11-1.61243E-09
 -1       531-1.17098E-09-6.37106E-10 2.65069E-09 2.51071E-11 1.09710E-11-6.18908E-10
 -1       532-3.34595E-09-8.91129E-10 5.14543E-09-8.05457E-11 2.54055E-11-8.75240E-10
 -1       533-1.18141E-09-5.56339E-10 2.50930E-09 1.43329E-11 8.27334E-11 1.00392E-12
 -1       534-1.11693E-09-8.15561E-10 2.76754E-09-8.10825E-11 3.75690E-10 1.79750E-10
 -1       535-1.78307E-09-6.97700E-10 3.51130E-09 3.11980E-11 9.69128E-11-2.94397E-10
 -1       536-8.20712E-10-9.81920E-10 3.10044E-09-1.54343E-10 3.40988E-10-2.32035E-10
 -1       537-1.87066E-10-3.83766E-10 9.52026E-10 1.42426E-10 1.24450E-10-7.84118E-10
 -1       538-8.87357E-10-5.26932E-10 2.23489E-09-6.88431E-11 9.61859E-12-9.32849E-11
 -1       539-1.62558E-10-1.30712E-10 4.56119E-10 7.79297E-11-1.72409E-11-1.27541E-10
 -1       540-6.50652E-11-7.49222E-11 1.75595E-10 7.26397E-12-2.07828E-11 1.58167E-10
 -1       541-3.55523E-10-3.06618E-10 1.13342E-09-3.88967E-11 3.03374E-13 7.89902E-11
 -1       542 1.71968E-10 8.95137E-11-3.48873E-10-4.32063E-11 9.49736E-12 1.27856E-10
 -1       543 4.38023E-10 5.79600E-11-6.16838E-10 1.42253E-10-5.17384E-11-4.73308E-10
 -1       544 2.73936E-10 5.29171E-11-3.47082E-10-7.31390E-11 3.19706E-12 7.86054E-10
 -1       545 7.35786E-10 6.51637E-10-2.24722E-09-1.70978E-10-5.10180E-10 2.71841E-10
 -1       546 1.45321E-09 5.66236E-10-2.86903E-09 2.47594E-11-1.85674E-10 1.56709E-10
 -1       547 1.35935E-09 6.50738E-10-2.80258E-09-3.83526E-12 7.71694E-12-3.15734E-10
 -1       548 1.81497E-09 4.72849E-10-2.91808E-09-7.69432E-11-2.24687E-11 4.42725E-10
 -1       549 1.34588E-09 8.24896E-10-3.20390E-09-3.02032E-11-9.26355E-11-1.11263E-09
 -1       550 5.96362E-10 1.42946E-09-4.03648E-09 4.90989E-11-1.59475E-10-2.43635E-09
 -1       551 8.18664E-10-8.11689E-10-3.30293E-09-1.24585E-10-8.25139E-10-6.57584E-09
 -1       552 2.32177E-09 1.28280E-09-5.46748E-09 1.05310E-10 1.74716E-10-2.08135E-09
 -1       553 6.43812E-09 4.93371E-10-1.19146E-08 1.16279E-09 1.61420E-09 1.46554E-09
 -1       554 1.58282E-09 2.66381E-10-1.62725E-09-2.24024E-11-1.93939E-11 5.87864E-09
 -1       555 5.21224E-09 7.27823E-10-7.18387E-09-7.61156E-11 3.57880E-12 3.59181E-09
 -1       556 1.71594E-09 4.77715E-10-2.69553E-09 3.88827E-11 6.64352E-11 2.11286E-09
 -1       557-2.48405E-09-6.71052E-10 4.14604E-09-8.14344E-13 1.31602E-10 2.82122E-09
 -1       558-2.22170E-09-5.10799E-10 3.07026E-09 9.24461E-11 5.88754E-11 6.74052E-09
 -1       559 4.39812E-10 1.04131E-10-1.08255E-09 1.15838E-11 1.48218E-11 1.95306E-09
 -1       560-1.75832E-10-1.26046E-10 7.00889E-10-8.12006E-12-4.26510E-11 1.72475E-09
 -1       561-8.77667E-10-3.60424E-10 1.76187E-09-4.50682E-11 1.74430E-11 5.32987E-10
 -1       562-1.20435E-09-3.05462E-10 1.85448E-09-5.76305E-11-4.82187E-12 1.64771E-09
 -1       563-2.83249E-09-8.25814E-10 4.76590E-09-7.95190E-11 1.69043E-11 7.29102E-10
 -1       564-2.87974E-10-2.48472E-10 6.23915E-10 4.03948E-11 2.95434E-12 3.70595E-09
 -1       565 6.45578E-09-2.24020E-09-6.22047E-09 1.41455E-09-3.59270E-09 1.04830E-08
 -1       566 2.67738E-09 8.02559E-10-4.30787E-09-7.71958E-11-1.28736E-10 4.79160E-10
 -1       567-2.63237E-10 2.15888E-11 2.63049E-10-6.36419E-11-5.54610E-11 1.77614E-09
 -1       568-1.54474E-09-1.82869E-10 2.03663E-09-1.78756E-11 4.49972E-11 9.48756E-10
 -1       569-6.15075E-09-1.80439E-09 9.40490E-09-1.28718E-11 1.52763E-10-1.54641E-10
 -1       570 5.80390E-10 2.37355E-10-1.13440E-09-1.21726E-10 5.67897E-11 1.64673E-09
 -1       571-1.19208E-08-6.13266E-09 2.18003E-08 1.74451E-09 2.05222E-09 6.43010E-09
 -1       572 2.48107E-09 1.65061E-10-4.28317E-09-1.47542E-09-2.58436E-12-2.85770E-09
 -1       573-1.83420E-09-6.51304E-10 3.32463E-09 7.10621E-11-4.13022E-11-6.21797E-10
 -1       574-3.77836E-10 7.92452E-11 4.99167E-10-1.28987E-10-1.49281E-10 1.12276E-09
 -1       575-5.15853E-09-1.19682E-08 1.77993E-08 6.07170E-10 1.15439E-08-5.58211E-09
 -1       576-1.29105E-08-5.89013E-09 9.08361E-09-2.07555E-09 2.97822E-09 2.09591E-08
 -1       577 7.97905E-09 7.18769E-09-1.19944E-08 9.91598E-10-4.84114E-09 2.46105E-08
 -1       578 6.61746E-09 9.65648E-09-1.33052E-08-1.27906E-09-1.72506E-08-2.96585E-09
 -1       579-5.63516E-09-4.81829E-09 1.16781E-08 6.19239E-09-5.19527E-10 1.18706E-08
 -1       580-1.80916E-09-1.41263E-09 5.01121E-09-2.45116E-10-1.03837E-10-2.30041E-09
 -1       581-9.09074E-10-1.36043E-09 6.54166E-09-7.28515E-10 8.41890E-10-6.74129E-09
 -1       582-9.56209E-09-4.27170E-09 1.65940E-08-5.84785E-10 8.34024E-10 3.33244E-09
 -1       583-1.06292E-09-4.65816E-10 2.20917E-09 4.71722E-11 3.63251E-11-3.86233E-10
 -1       584-4.95023E-10-6.27649E-10 2.21473E-09-1.56154E-10 1.11616E-10-1.29150E-09
 -1       585-3.52771E-09-9.57420E-10 5.15728E-09 1.35834E-10-7.21770E-11-7.42624E-10
 -1       586-6.41444E-10-1.67931E-10 1.06737E-09-1.55589E-11 2.47950E-11 8.32522E-10
 -1       587-1.05784E-09-2.85276E-10 1.64393E-09 5.01154E-11 1.00354E-10 3.47502E-10
 -1       588-1.60610E-09-3.62640E-10 2.60687E-09 2.48314E-11-2.53734E-11 2.85025E-10
 -1       589 1.54921E-10-1.86745E-10 2.11656E-10 7.97376E-11-1.93109E-10 9.28962E-10
 -1       590-9.71659E-11 8.72640E-11 2.68438E-10-7.05743E-11-2.19486E-10 9.68317E-10
 -1       591-8.67896E-10-1.75229E-10 1.34952E-09-1.91264E-11 4.43493E-11 1.12198E-09
 -1       592-1.93393E-10 5.55097E-11 1.69050E-10 2.64097E-11-1.19775E-10 1.21925E-09
 -1       593-8.52867E-11-1.21870E-10 2.19764E-10 6.58441E-11-2.52920E-10 1.23504E-09
 -1       594-3.39681E-10 5.37314E-11 3.61114E-10-3.99471E-11-1.06351E-10 1.40472E-09
 -1       595-9.78289E-11 2.51699E-10-3.73298E-10 2.71931E-11-2.93958E-11 1.15399E-09
 -1       596 1.11378E-10 1.00914E-10-2.84520E-10 3.52033E-11 9.01569E-11 1.19585E-09
 -1       597 1.53621E-10 1.15275E-10-5.64576E-10-2.24379E-12 2.77111E-11 1.84819E-09
 -1       598 1.67945E-10 1.73020E-10-5.86609E-10-2.70624E-11 3.55470E-11 1.14493E-09
 -1       599 1.15948E-09 4.73689E-10-2.23761E-09-8.83730E-12-1.18789E-10 2.74612E-12
 -1       600 1.06140E-09 3.54813E-10-1.94466E-09-3.59445E-11-8.99696E-11 7.17879E-10
 -1       601 1.83497E-09 4.25787E-10-2.35758E-09-7.93932E-11 7.81704E-11 1.27977E-09
 -1       602 1.32347E-09 6.61877E-10-2.48391E-09 1.06708E-11-1.02833E-10-7.35032E-10
 -1       603 1.21771E-09-4.32513E-10-2.96556E-09 5.60919E-10 6.47178E-12-6.44644E-09
 -1       604 4.79413E-10 3.72743E-10-2.35248E-09-5.19747E-10 1.70494E-10-1.92217E-09
 -1       605 2.14087E-09 7.61080E-10-4.84086E-09-6.22522E-10-3.43377E-10-2.04838E-09
 -1       606 5.28478E-09-8.70784E-10-9.93089E-09-1.57605E-09-4.93720E-10 1.99405E-09
 -1       607 1.51838E-09 2.21525E-10-2.43179E-09 1.72127E-10 5.42564E-11 2.51351E-09
 -1       608 4.56514E-09 1.15518E-09-7.37344E-09-4.47921E-12-7.78988E-10 3.48582E-09
 -1       609 1.58132E-09 3.70004E-11-1.89487E-09 1.82936E-10-3.17568E-10 6.11669E-09
 -1       610-1.49113E-09-1.91077E-10 1.53269E-09 2.23256E-10-1.14672E-09 7.06933E-09
 -1       611-2.61749E-09-8.56610E-10 4.53671E-09 2.48693E-10-6.93697E-11 3.17514E-09
 -1       612 2.27678E-10 1.05501E-10-6.34136E-10-8.10509E-11-3.37288E-11 2.64327E-09
 -1       613-1.16349E-09-1.04249E-10 1.16398E-09-2.77330E-11-4.64283E-11 2.26610E-09
 -1       614-8.32236E-10-1.63682E-10 1.30280E-09-2.47393E-11 7.09631E-11 1.50865E-09
 -1       615-3.65437E-10-7.67595E-11 5.57501E-10-1.47972E-11 4.37740E-11 2.62059E-09
 -1       616-2.91671E-09-6.02019E-10 4.48296E-09 1.31031E-11-2.53706E-11 1.11644E-09
 -1       617 5.27778E-09-4.81544E-09 3.86069E-09-4.19359E-10-1.00314E-10 4.50255E-09
 -1       618 3.83773E-09 5.19618E-10-6.99526E-09-3.69435E-10-4.33900E-10-1.96858E-09
 -1       619 1.12114E-08-2.52697E-09-6.56468E-09-1.14326E-09-4.51504E-10-1.48012E-09
 -1       620 4.34165E-09 9.92815E-10-7.88067E-09 1.82760E-10 7.50439E-10-2.28738E-09
 -1       621 1.16207E-08-1.80962E-09-7.73666E-09 2.98175E-10 1.31216E-09-1.78231E-09
 -1       622 6.71375E-09-2.85310E-11-6.82923E-09-4.85728E-11 2.25408E-10 1.24562E-09
 -1       623-1.12222E-08 4.68547E-09-4.53954E-09 2.15505E-09 6.35179E-12-1.04503E-08
 -1       624-1.04078E-08 5.07887E-09-5.52572E-09 3.92103E-10-1.46707E-09-7.96262E-09
 -1       625-1.01435E-08 1.27129E-09 6.68508E-09-2.60500E-10 1.26924E-10-1.53169E-08
 -1       626-1.29396E-08 5.64056E-09-5.62580E-09-3.09055E-10 3.01417E-10-8.52062E-09
 -1       627-1.16165E-08 4.09596E-09-1.83449E-09-2.95805E-09-6.78714E-10-1.06071E-08
 -1       628 1.34706E-08-5.54758E-09-3.60873E-09-2.56948E-09 8.40181E-11-1.13329E-08
 -1       629 2.28682E-08-8.00045E-09-6.83137E-10-2.06664E-09 1.14312E-10-1.93938E-08
 -1       630 2.37006E-08-8.02884E-09-2.09091E-09 5.97605E-10-2.64519E-10-1.62638E-08
 -1       631 2.84579E-09-4.40409E-09 4.02661E-09-1.43505E-09 2.11778E-10-1.72290E-08
 -1       632 1.39123E-08-5.25406E-09-4.77999E-09 4.61636E-10 7.41313E-10-9.29747E-09
 -1       633 1.57507E-08-2.27003E-09-1.30910E-08-3.28805E-10-4.14921E-10-5.89118E-09
 -1       634 1.51849E-08-4.41032E-09-7.14342E-09 7.53810E-10-1.40793E-10-1.34839E-08
 -1       635 1.48548E-08-3.74250E-09-4.91165E-09-4.85041E-10 6.52410E-13-1.46153E-08
 -1       636 2.64049E-08-7.72047E-09-5.00491E-09 8.70867E-10-7.15663E-11-1.45503E-08
 -1       637 2.65645E-08-6.58654E-09-7.55263E-09-9.05781E-10-6.08639E-10-1.52989E-08
 -1       638 3.36651E-10 2.94142E-09-7.72847E-09 4.75468E-10 4.68804E-10-6.77099E-10
 -1       639 8.99642E-10 3.32432E-09-8.92391E-09 5.94120E-10-1.65390E-10-2.13670E-09
 -1       640 4.24208E-10 2.78202E-09-8.23759E-09-3.78444E-10-1.52922E-10-6.02920E-10
 -1       641 1.17237E-09 3.34269E-09-9.43913E-09-5.63902E-10 2.93961E-10-1.80961E-09
 -1       642-1.55115E-09 1.19008E-09-1.06411E-09 4.77682E-11-1.10810E-10 1.39074E-09
 -1       643-8.89315E-09 3.95135E-09-3.22021E-09-1.41420E-10-6.87915E-10 7.03072E-09
 -1       644-1.09059E-08 6.38938E-09-7.87269E-09 1.81122E-09-2.06919E-10 5.81928E-09
 -1       645-1.01336E-08 5.96248E-09-7.47206E-09-1.78479E-09-3.56058E-10 6.31021E-09
 -1       646-1.28027E-08 2.87574E-09 4.51534E-09 6.31572E-11 1.09166E-10 1.02606E-08
 -1       647-9.67177E-09 4.46820E-09-2.16753E-09 6.05494E-10 8.59757E-10 6.51816E-09
 -1       648 4.87292E-09 2.07933E-10-5.36000E-09 1.42415E-11 9.68703E-10-4.88682E-09
 -1       649 2.84437E-09 2.09857E-09-8.79689E-09 3.13139E-10 6.03900E-10-3.27130E-09
 -1       650 5.19922E-09-1.03188E-10-5.86783E-09 1.03469E-10-5.99612E-10-4.82565E-09
 -1       651 3.08629E-09 1.94016E-09-8.95833E-09-1.27516E-10-5.97809E-10-2.94916E-09
 -1       652 2.72896E-09 7.26963E-10-4.67296E-09 1.18070E-10-8.24590E-11-5.70957E-09
 -1       653 8.99742E-09-2.44482E-09-2.92952E-09 2.53732E-11 8.99247E-10-6.32577E-09
 -1       654-4.11103E-09-1.85783E-09 2.08931E-09-8.05735E-10 1.17417E-09-1.59733E-08
 -1       655 6.17640E-09-9.07972E-10-5.49012E-09 4.18165E-10 4.37453E-10-1.34494E-08
 -1       656-1.45425E-08 2.75672E-09 5.70580E-09-1.20708E-10 4.90077E-11-1.97127E-09
 -1       657 2.03365E-11 1.09847E-09-2.96275E-09-1.38357E-11-2.20519E-11-3.09332E-09
 -1       658 1.09255E-08-1.86948E-09-6.89019E-09-5.78936E-10 4.43679E-10-2.42088E-09
 -1       659 8.33028E-09-2.70175E-10-7.38981E-09-1.56758E-10-5.43911E-11-4.29830E-09
 -1       660 1.22456E-08-1.34400E-09-9.74618E-09 7.52226E-11 1.47076E-10 2.10478E-10
 -1       661 1.09314E-08-2.26003E-09-6.90323E-09 6.21000E-10-5.31758E-10-2.21958E-09
 -1       662 1.60831E-08-4.47599E-09-6.62247E-09 3.36999E-10-8.62847E-11-8.04320E-09
 -1       663 2.29794E-08-9.69757E-09 3.91088E-09 5.99186E-10-1.08856E-09-1.67324E-08
 -1       664 8.23218E-09-5.59489E-09 5.92958E-09-7.52635E-10-3.12703E-09-1.79180E-08
 -1       665 5.69415E-09 3.01993E-10-7.90261E-09 1.14924E-09 2.02393E-10 5.75979E-09
 -1       666 8.57563E-09 6.83223E-11-1.06670E-08-1.40953E-10 4.59690E-12 7.71278E-09
 -1       667 4.82312E-09 1.29785E-09-9.00040E-09-9.44101E-10-3.23329E-10 6.51515E-09
 -1       668 3.37533E-10 1.73405E-09-5.16591E-09 1.88340E-10-4.73037E-10 1.11773E-08
 -1       669 1.44256E-08-5.76912E-09-2.95495E-10 1.10418E-09-1.18212E-09-1.50606E-08
 -1       670 2.19772E-08-9.11546E-09 3.16417E-09-1.22988E-09-1.75661E-10-1.58048E-08
 -1       671 1.74482E-08-4.45679E-09-6.93006E-09-6.00594E-10 2.02620E-10-3.99783E-09
 -1       672 1.74889E-08-4.56353E-09-7.12771E-09 5.70319E-10-1.53903E-10-3.68306E-09
 -1       673 1.17394E-08-2.01186E-09-7.30083E-09-8.07330E-10-1.22589E-10 8.73145E-09
 -1       674 1.21695E-08-1.96129E-09-7.35583E-09 2.52349E-10 3.29120E-10 8.87496E-09
 -1       675 2.33271E-08-8.05849E-09-1.63092E-09 8.88811E-10 9.37828E-11 8.06032E-09
 -1       676 2.62939E-08-8.66511E-09-3.97988E-09-1.20220E-09 2.73167E-10 4.69392E-09
 -1       677 2.49496E-08-8.42886E-09-4.41549E-09 4.58590E-10-5.47927E-10 3.76194E-09
 -1       678 4.97788E-09 7.90866E-10-9.54304E-09 2.98576E-10 5.83350E-10 2.17826E-09
 -1       679 2.71849E-09 1.10823E-09-5.75422E-09-4.85852E-10 3.23344E-10-2.09261E-09
 -1       680 7.44297E-10 6.27186E-09-9.93986E-09-5.17280E-10-6.46656E-10-7.04049E-09
 -1       681 1.32560E-09 4.97182E-09-8.38153E-09 4.91911E-10 4.86435E-10-7.32629E-09
 -1       682 4.87502E-09 5.41327E-09-9.90426E-09 1.73975E-09 1.62636E-09 2.97742E-09
 -1       683 1.65938E-08-7.21686E-09-3.73127E-09-1.05512E-09-4.72259E-10 7.04294E-09
 -1       684 2.07604E-08-8.32489E-09-2.33296E-09 7.11097E-10-1.33567E-10 1.30747E-09
 -1       685 1.65859E-08-5.95377E-09-1.70903E-09 5.09100E-10 1.56862E-10 3.92590E-09
 -1       686 2.14509E-08-7.14672E-09-3.21350E-10-2.09904E-11-5.56125E-10 7.77450E-09
 -1       687 3.78862E-09-3.40473E-09 9.12022E-11-6.03815E-10 1.86575E-10-6.32658E-09
 -1       688 4.80782E-09-1.56533E-09-2.62372E-09 3.00753E-10 3.68586E-10 1.64695E-11
 -1       689 1.82302E-08-6.88815E-09-1.32168E-09-4.40160E-11 1.35689E-10-5.60555E-10
 -1       690 1.35462E-08-3.47971E-09-5.00798E-09 1.84634E-10 6.91086E-11 3.66632E-09
 -1       691 1.35187E-08-3.39496E-09-4.84744E-09-2.42472E-10 6.65279E-11 3.48587E-09
 -1       692 3.50847E-11 2.47236E-09-6.67012E-09-1.98782E-10 7.91710E-10-1.34940E-09
 -1       693-5.58744E-11 2.20686E-09-6.46851E-09 2.08818E-10-4.06676E-10-1.54326E-09
 -1       694 7.93164E-09 1.32526E-09-1.08931E-08 6.60332E-10-5.35115E-11-1.24719E-08
 -1       695 2.09010E-08-7.69427E-09-4.20756E-09-2.74441E-10-4.24554E-10 2.96945E-09
 -1       696 1.73587E-08-6.96158E-09-1.48259E-09-5.94807E-10-1.98822E-10 1.53642E-09
 -1       697 5.65102E-09 2.02962E-10-1.36678E-09-1.09514E-09 1.59771E-09-2.13011E-09
 -1       698 1.86774E-08-7.43429E-09-2.26908E-09-2.78594E-10 6.43325E-10 4.85374E-09
 -1       699 1.73016E-08-5.93349E-09-1.86366E-09-4.44563E-10-2.32819E-11 4.03405E-09
 -1       700 7.95846E-09-4.84197E-09 2.95852E-09 2.69271E-10-3.46548E-10-8.83702E-10
 -1       701-6.75891E-10-1.00147E-08 8.70614E-09 3.84549E-09-4.36664E-09-1.27881E-09
 -1       702-1.06895E-09-1.14247E-08 1.51215E-08-1.63697E-09 3.43062E-09-4.73677E-09
 -1       703-1.29319E-08-4.40103E-09 2.32812E-08-1.62140E-09-1.56413E-09 6.54462E-09
 -1       704-1.91655E-09-3.97313E-09 1.36792E-08 3.47747E-10-3.77222E-10-4.90273E-09
 -1       705-1.89859E-09-5.79006E-10 2.80184E-09 1.79222E-10-2.42103E-10-1.77658E-09
 -1       706 7.77319E-09-3.83395E-09 3.34029E-10-4.38574E-11 1.40266E-10-2.04309E-09
 -1       707 7.04472E-09-4.42801E-09 3.68425E-09-5.46591E-10 1.67061E-11 5.30434E-10
 -1       708-1.71843E-09-8.96018E-10 3.26107E-09-2.08069E-11 5.95317E-11 2.75923E-09
 -1       709 5.70958E-09-6.54863E-10-4.51401E-09 1.38281E-10 1.72579E-10-1.68768E-09
 -1       710 3.04345E-09-2.72116E-10-2.19404E-09 4.52143E-11-3.03387E-12-3.06442E-09
 -1       711 1.72258E-08-6.95080E-09-1.53514E-09 5.44716E-10 1.50548E-10 1.68288E-09
 -1       712 2.02393E-08-7.82869E-09-3.85118E-09 5.67837E-10 4.64588E-10 3.28785E-09
 -1       713 9.89977E-09-2.59762E-09-4.11548E-09-2.03822E-10 1.06844E-10 3.03390E-09
 -1       714 7.37179E-09-6.59175E-10-5.61126E-09-5.39197E-10 1.56977E-10 2.75182E-09
 -1       715 7.78943E-09-9.66643E-10-5.66623E-09 4.11788E-10-2.74674E-10 2.23974E-09
 -1       716 4.56429E-09-1.19647E-09-2.67724E-09 2.32544E-10-3.67649E-10-2.54620E-09
 -1       717 4.41888E-09-8.04913E-10-3.07942E-09-4.85570E-10 3.97841E-10-2.54948E-09
 -1       718 7.25887E-09 9.40862E-10-8.66094E-09-8.85074E-10 7.20616E-10 1.00198E-08
 -1       719 4.41051E-09 8.85207E-09-1.65306E-08-7.64264E-10-8.71842E-10-1.33453E-09
 -1       720-3.17841E-09-9.04846E-10 4.94687E-09-5.15111E-11-6.16724E-11-5.35739E-10
 -1       721-1.68336E-09-5.92838E-10 3.15295E-09 2.65280E-11-1.07352E-11-6.13812E-12
 -1       722-1.84121E-09-7.25526E-10 3.56387E-09 8.79534E-11 1.78982E-11-8.36274E-10
 -1       723-3.86757E-10-1.97758E-10 8.31718E-10-5.61135E-11-2.73502E-11 7.10090E-10
 -1       724-8.66965E-10-2.72047E-10 1.49663E-09-6.69155E-11-2.10459E-11 1.07589E-09
 -1       725-3.70961E-10-2.29374E-10 9.74315E-10-6.39775E-11-3.26240E-11 2.56886E-10
 -1       726-9.26635E-10-2.31373E-10 1.68556E-09-1.14515E-10-1.03446E-11 6.66746E-10
 -1       727-1.88469E-09-3.23625E-11 2.10292E-09-2.38785E-10 1.52958E-10 6.89646E-09
 -1       728-3.71960E-09-1.53833E-09 8.01256E-09-5.02853E-10-4.80062E-10 1.02936E-08
 -1       729-9.95100E-09-2.07563E-09 1.48075E-08 7.79011E-11-1.20186E-10 3.91019E-09
 -1       730 3.83749E-09-5.07827E-10-2.32832E-09-2.04847E-11 2.02578E-10 3.35267E-09
 -1       731 9.68378E-10 2.26986E-09-5.25975E-09 1.56421E-09 9.59979E-11-4.60031E-09
 -1       732 3.26338E-09 8.31596E-10-5.20819E-09 1.16905E-10-9.29008E-11 1.90086E-09
 -1       733-1.26127E-09-1.60341E-09 4.49960E-09 4.02968E-10 3.38675E-10-1.07941E-08
 -1       734 8.16234E-09-2.56124E-09-3.95431E-09 2.48227E-10 1.72818E-10-9.33571E-09
 -1       735-9.49860E-09-2.48909E-09 1.44227E-08 2.18805E-10 2.97453E-10-7.00608E-09
 -1       736 1.82455E-10-3.94712E-10 1.06953E-09-3.63879E-11-6.33669E-11 2.55434E-09
 -1       737-1.03677E-08-2.01551E-09 1.43822E-08-2.00028E-10 4.65777E-10 4.41498E-09
 -1       738-5.35782E-10-7.23732E-10 2.00277E-09 2.11780E-10 2.16345E-11-3.00600E-09
 -1       739-1.70126E-09-7.41399E-10 3.22411E-09-9.13801E-11-1.54255E-10 3.71558E-10
 -1       740 7.36842E-09-2.26468E-10-7.23325E-09 7.44371E-10 4.98290E-10 2.01420E-09
 -1       741 4.45630E-09-1.88095E-09-5.31759E-10-8.96601E-11 2.33818E-11 1.10510E-08
 -1       742-4.06376E-09-1.27930E-09 6.96627E-09-2.54648E-10-2.82443E-11 1.01887E-08
 -1       743-1.76466E-09-6.28123E-10 3.03288E-09-1.27154E-10-3.77628E-11 2.65012E-09
 -1       744 4.87042E-09-8.53057E-12-4.71663E-09 1.66128E-10 1.26413E-10 3.72252E-09
 -1       745 4.51687E-09 1.88157E-10-4.58816E-09-1.03426E-10-7.20737E-11 3.38294E-09
 -1       746 8.11083E-09-4.15662E-09 1.31467E-09 6.01446E-10 3.77339E-11 7.22429E-09
 -1       747-3.06014E-10-5.80084E-11 5.60064E-10-4.73035E-11-3.22429E-11 2.16032E-09
 -1       748-1.20410E-09-3.20910E-10 1.75974E-09-6.31598E-11-2.09365E-11 1.98686E-09
 -1       749-2.30252E-10-1.01281E-10 4.66598E-10-8.44305E-11-2.52061E-11 3.41055E-09
 -1       750 1.06880E-09 5.91688E-11-1.03254E-09-1.80247E-10 1.84353E-10 6.13934E-09
 -1       751-2.37028E-09-6.78015E-10 4.01074E-09-1.20334E-11-4.63648E-11 2.97522E-09
 -1       752-1.90700E-10-8.23686E-11 3.91253E-10-6.14961E-11-4.44426E-11 1.19503E-09
 -1       753-5.53605E-09-1.36027E-09 8.42463E-09 7.22270E-11 1.57373E-10 2.99889E-10
 -1       754-2.76525E-09-6.60782E-10 4.31440E-09-5.95640E-11-2.86139E-11 9.31205E-10
 -1       755-1.58581E-09-4.18090E-10 2.55871E-09-2.72496E-11 3.83339E-11 6.62031E-10
 -1       756-5.79792E-10-5.06772E-10 1.79695E-09-1.14249E-10 3.46601E-10 9.38379E-10
 -1       757-1.73000E-10-9.87979E-11 3.09976E-10 1.54698E-10 8.14893E-11-1.72480E-10
 -1       758-1.48136E-10-6.71524E-11 3.45437E-10 6.42352E-11 9.57309E-11 7.20773E-10
 -1       759 9.38371E-10 1.27909E-09-3.88028E-09 3.74409E-10 8.21486E-11-2.03343E-09
 -1       760-9.65776E-10-2.36339E-09 7.14334E-09 1.36118E-10-3.51364E-10-5.92283E-09
 -1       761-1.07985E-09-4.68653E-10 2.10627E-09-3.50973E-12 8.97667E-11 1.19715E-10
 -1       762-1.06311E-09-5.36737E-10 2.36844E-09 2.88424E-11 1.02429E-10-5.48330E-10
 -1       763-2.98570E-10-6.89024E-10 2.21396E-09 1.54578E-11 4.53887E-11-1.55667E-09
 -1       764 8.06845E-09-4.23302E-09 1.74367E-09-7.37401E-10-1.13147E-12 6.86086E-09
 -1       765 2.13629E-08-8.02485E-09-3.63381E-09 2.15514E-10-1.36001E-10 2.21278E-10
 -1       766 2.10134E-09-1.14043E-09 1.79945E-10-3.47348E-11 3.17013E-11 4.70551E-09
 -1       767 2.60767E-10 2.91243E-11-4.02368E-10-4.80296E-11 1.74278E-11 1.35837E-09
 -1       768-1.40695E-10-4.87188E-11 1.80306E-10 7.11454E-11-4.34395E-11 6.45415E-10
 -1       769 2.24751E-09 1.08191E-09-4.92305E-09 1.70113E-10 2.51987E-10-1.90256E-09
 -1       770 9.87206E-10-1.39727E-10-9.05268E-10 1.31958E-10 1.71455E-10 5.05427E-09
 -1       771 9.93162E-10-1.72346E-10-8.73113E-10-2.00889E-10-1.64019E-10 4.87036E-09
 -1       772-7.56804E-10-3.03717E-10 1.53834E-09-6.63591E-11 1.13090E-12 4.74948E-10
 -1       773-1.79524E-09-8.83914E-10 4.28749E-09 6.31253E-11-4.60831E-11-2.13659E-09
 -1       774 2.07161E-08-7.85435E-09-3.06771E-09-6.95578E-11 5.14762E-10-2.64452E-10
 -1       775 4.57935E-09 7.95826E-10-6.49532E-09-3.82369E-10 1.47813E-10 3.56154E-09
 -1       776 1.69591E-09 3.14918E-10-2.58662E-09-1.42898E-11-2.30451E-11 2.36487E-09
 -1       777 3.84387E-10 8.84888E-11-7.48332E-10-8.77217E-11-3.59896E-11 2.23831E-09
 -1       778 2.10218E-08-8.62213E-09-8.70901E-10-7.31476E-10 1.49314E-09 4.37260E-09
 -1       779 9.68655E-11 5.30526E-11-2.96802E-10-3.90484E-12 8.04184E-11 5.65402E-10
 -1       780 5.82649E-10 2.37810E-10-1.16757E-09-1.35929E-10 3.51312E-11 1.09240E-09
 -1       781 1.26366E-09 5.75341E-10-2.59753E-09-1.22412E-11-1.35966E-11-2.18734E-10
 -1       782 1.13457E-09 4.31620E-10-2.14255E-09-3.37736E-11 2.05100E-11 4.07408E-10
 -1       783 9.27522E-11 1.84077E-10-4.87297E-10 2.43822E-11 7.28817E-11 4.66090E-10
 -1       784 2.56513E-09 7.67149E-10-4.27743E-09-1.19180E-10-1.08084E-10 1.57629E-10
 -1       785 3.92311E-10 1.49704E-10-9.54516E-10-1.02830E-10 1.46853E-12 6.47853E-10
 -1       786 1.72302E-09 4.17291E-10-2.62339E-09-1.18628E-10-5.38336E-12 8.50301E-10
 -1       787 1.32368E-09 7.21264E-10-2.92258E-09-2.73290E-11-6.37067E-12-1.03890E-09
 -1       788 2.10301E-08-8.66909E-09-1.08437E-09 3.08126E-10-1.06816E-09 3.90214E-09
 -1       789-8.71649E-09-2.09537E-09 1.84726E-08 2.79263E-09-1.20050E-08-1.78183E-08
 -1       790 4.77054E-08 5.02322E-08-1.71486E-07 2.76120E-09 1.23095E-09-1.62204E-10
 -1       791-3.30171E-08-4.40106E-08 1.25010E-07 1.73313E-09-9.35972E-09 2.50091E-08
 -1       792 3.08490E-09 2.13354E-09-6.34505E-09 7.69644E-10-5.16255E-10-1.74287E-08
 -1       793 5.35046E-09 6.27387E-09-1.40019E-09-4.15623E-09-5.15774E-09-1.78134E-08
 -1       794 3.43453E-09 6.97040E-09-1.65616E-08 2.96629E-09-1.45397E-08-6.75186E-09
 -1       795 7.37969E-09-5.22502E-10-1.44600E-08 3.56752E-10 1.17336E-08-6.72865E-09
 -1       796-7.97666E-09-1.99825E-08 4.50871E-08 6.02925E-09-2.38836E-08-7.82229E-09
 -1       797-1.41249E-08-8.29672E-09 4.16100E-08-6.14098E-09 2.17675E-08-8.56817E-09
 -1       798-9.03993E-10-8.64841E-09 1.80990E-08 8.38207E-10 1.13987E-08-8.54406E-09
 -1       799-1.11305E-08-1.69932E-08 2.70216E-08 1.60342E-09 3.00728E-10-1.57840E-08
 -1       800 9.42047E-09 7.46446E-09-1.73678E-08-4.18033E-10 3.69051E-09-6.02279E-09
 -1       801 8.52448E-09 5.83143E-09-2.98086E-08 8.99693E-09 1.82180E-08-4.10862E-09
 -1       802 7.46618E-09 6.91619E-09-3.08397E-08-4.82134E-09-1.28475E-08 1.62048E-09
 -1       803-1.09672E-08-1.04840E-08 1.88142E-08-6.86737E-11 6.52531E-10-1.82967E-09
 -1       804-1.95782E-09 4.68457E-09-1.92089E-09 1.12332E-09-1.10947E-08-3.69899E-08
 -1       805 5.68897E-09 1.28922E-09-4.52475E-09-1.85722E-09 4.29667E-09-1.04608E-08
 -1       806-6.69367E-09-6.37131E-09 2.44021E-08 2.02291E-09 1.96616E-09 2.92742E-08
 -1       807 1.70567E-08 4.53886E-10-1.46210E-08 7.78867E-09 2.47364E-09 3.16148E-08
 -1       808-1.55693E-08-1.03779E-08 2.91818E-08 1.15714E-08-4.23609E-10 3.06579E-08
 -1       809 1.86098E-08-7.86689E-10-1.02754E-08-3.80318E-09-1.09641E-09 2.45396E-08
 -1       810 8.07266E-09 1.86926E-08-3.66436E-08-8.62624E-10-5.69902E-09-2.21528E-09
 -1       811 4.10091E-09 1.72625E-09-1.54720E-08-5.56305E-09 3.62732E-10 3.58651E-08
 -1       812-2.27188E-08-7.04640E-09 2.12091E-08-4.85802E-09-9.98159E-10 2.77738E-08
 -1       813-1.15080E-08-2.07001E-08 5.42788E-08-7.60957E-09 8.88604E-09-1.79054E-08
 -1       814-1.88699E-09 5.89086E-10 3.13297E-09-7.30078E-10-5.24637E-10 3.93372E-08
 -1       815-5.07454E-08-5.05968E-08 1.74730E-07-2.80787E-09 1.03899E-09 1.22147E-09
 -1       816 3.05444E-08 4.14645E-08-1.15216E-07-2.45245E-09-6.06573E-09 2.81915E-08
 -1       817 6.14687E-09 2.86786E-10-4.18043E-09 2.01577E-09 4.56430E-09-1.80866E-08
 -3
    1PSTEP                         4           1           1          
  100CL  101 1.000000000         817                     0    1           1
 -4  ERROR       1    1
 -5  STR(%)      1    1    0    0
 -1         1 3.01023E+01
 -1         2 3.09946E+01
 -1         3 3.34285E+01
 -1         4 3.34285E+01
 -1         5 3.02319E+01
 -1         6 3.34285E+01
 -1         7 2.48515E+01
 -1         8 2.62003E+01
 -1         9 3.08105E+01
 -1        10 3.08105E+01
 -1        11 2.48816E+01
 -1        12 3.08105E+01
 -1        13 2.39254E+01
 -1        14 3.12196E+01
 -1        15 2.32475E+01
 -1        16 2.33044E+01
 -1        17 3.05485E+01
 -1        18 2.50715E+01
 -1        19 2.49558E+01
 -1        20 2.77356E+01
 -1        21 2.97832E+01
 -1        22 2.77300E+01
 -1        23 2.57504E+01
 -1        24 2.85623E+01
 -1        25 2.63888E+01
 -1        26 1.71447E+01
 -1        27 1.71564E+01
 -1        28 3.09946E+01
 -1        29 2.80331E+01
 -1        30 2.50137E+01
 -1        31 2.63457E+01
 -1        32 2.87594E+01
 -1        33 2.87566E+01
 -1        34 2.67402E+01
 -1        35 2.71563E+01
 -1        36 2.74755E+01
 -1        37 2.17668E+01
 -1        38 1.71506E+01
 -1        39 2.40755E+01
 -1        40 3.09946E+01
 -1        41 2.50615E+01
 -1        42 2.49558E+01
 -1        43 2.77356E+01
 -1        44 2.21793E+01
 -1        45 2.77300E+01
 -1        46 2.67598E+01
 -1        47 2.71457E+01
 -1        48 2.63888E+01
 -1        49 1.68684E+01
 -1        50 1.71564E+01
 -1        51 3.01023E+01
 -1        52 2.75819E+01
 -1        53 2.50086E+01
 -1        54 2.63457E+01
 -1        55 2.49574E+01
 -1        56 2.49546E+01
 -1        57 2.72449E+01
 -1        58 2.69527E+01
 -1        59 2.67672E+01
 -1        60 2.16286E+01
 -1        61 1.70124E+01
 -1        62 2.36294E+01
 -1        63 3.01023E+01
 -1        64 3.34285E+01
 -1        65 3.18302E+01
 -1        66 3.18302E+01
 -1        67 3.34285E+01
 -1        68 1.94814E+01
 -1        69 1.85101E+01
 -1        70 2.71685E+01
 -1        71 2.71685E+01
 -1        72 2.33240E+01
 -1        73 2.33487E+01
 -1        74 2.33487E+01
 -1        75 2.65265E+01
 -1        76 1.98930E+01
 -1        77 2.08975E+01
 -1        78 2.48515E+01
 -1        79 2.21664E+01
 -1        80 1.89957E+01
 -1        81 2.28393E+01
 -1        82 2.71685E+01
 -1        83 2.52463E+01
 -1        84 2.33364E+01
 -1        85 2.33487E+01
 -1        86 2.49376E+01
 -1        87 2.32098E+01
 -1        88 2.03953E+01
 -1        89 2.28745E+01
 -1        90 2.48515E+01
 -1        91 1.86127E+01
 -1        92 1.83304E+01
 -1        93 2.62565E+01
 -1        94 2.62565E+01
 -1        95 2.20944E+01
 -1        96 2.28277E+01
 -1        97 2.51087E+01
 -1        98 2.98197E+01
 -1        99 2.06362E+01
 -1       100 2.07576E+01
 -1       101 2.57707E+01
 -1       102 2.24065E+01
 -1       103 1.84715E+01
 -1       104 2.22934E+01
 -1       105 2.62565E+01
 -1       106 2.41754E+01
 -1       107 2.24610E+01
 -1       108 2.39682E+01
 -1       109 2.74642E+01
 -1       110 2.52280E+01
 -1       111 2.06969E+01
 -1       112 2.32641E+01
 -1       113 2.59855E+01
 -1       114 3.12196E+01
 -1       115 3.10150E+01
 -1       116 3.23240E+01
 -1       117 3.12196E+01
 -1       118 3.10150E+01
 -1       119 3.23240E+01
 -1       120 3.08105E+01
 -1       121 3.04207E+01
 -1       122 2.76511E+01
 -1       123 3.03263E+01
 -1       124 3.08105E+01
 -1       125 2.78460E+01
 -1       126 3.34285E+01
 -1       127 2.86770E+01
 -1       128 3.34285E+01
 -1       129 2.44035E+01
 -1       130 3.10150E+01
 -1       131 2.75725E+01
 -1       132 2.01307E+01
 -1       133 2.62003E+01
 -1       134 2.24911E+01
 -1       135 2.31655E+01
 -1       136 2.62003E+01
 -1       137 2.70290E+01
 -1       138 2.72620E+01
 -1       139 2.26921E+01
 -1       140 1.89383E+01
 -1       141 1.55362E+01
 -1       142 2.14677E+01
 -1       143 2.40288E+01
 -1       144 2.64732E+01
 -1       145 2.64732E+01
 -1       146 2.53476E+01
 -1       147 1.58585E+01
 -1       148 1.67095E+01
 -1       149 2.33044E+01
 -1       150 2.29983E+01
 -1       151 2.08152E+01
 -1       152 1.72372E+01
 -1       153 1.85020E+01
 -1       154 2.27482E+01
 -1       155 2.52510E+01
 -1       156 2.64732E+01
 -1       157 2.59104E+01
 -1       158 2.06030E+01
 -1       159 1.62840E+01
 -1       160 2.00070E+01
 -1       161 2.33044E+01
 -1       162 2.48816E+01
 -1       163 2.14219E+01
 -1       164 1.55362E+01
 -1       165 1.55541E+01
 -1       166 2.14677E+01
 -1       167 2.64732E+01
 -1       168 2.53476E+01
 -1       169 1.63888E+01
 -1       170 1.58585E+01
 -1       171 1.99378E+01
 -1       172 2.62944E+01
 -1       173 2.40645E+01
 -1       174 2.31518E+01
 -1       175 1.84791E+01
 -1       176 1.55452E+01
 -1       177 1.85109E+01
 -1       178 2.39704E+01
 -1       179 2.59104E+01
 -1       180 2.08682E+01
 -1       181 1.61236E+01
 -1       182 1.78981E+01
 -1       183 2.31161E+01
 -1       184 2.47710E+01
 -1       185 3.09946E+01
 -1       186 2.59824E+01
 -1       187 3.05485E+01
 -1       188 3.09946E+01
 -1       189 2.80424E+01
 -1       190 2.84885E+01
 -1       191 2.55220E+01
 -1       192 3.05485E+01
 -1       193 2.55270E+01
 -1       194 3.09946E+01
 -1       195 3.09954E+01
 -1       196 3.09954E+01
 -1       197 2.95894E+01
 -1       198 2.95894E+01
 -1       199 3.00941E+01
 -1       200 2.84958E+01
 -1       201 2.78540E+01
 -1       202 3.02871E+01
 -1       203 2.89809E+01
 -1       204 3.05793E+01
 -1       205 2.89809E+01
 -1       206 2.77300E+01
 -1       207 2.54691E+01
 -1       208 2.77356E+01
 -1       209 2.63457E+01
 -1       210 2.49558E+01
 -1       211 2.54691E+01
 -1       212 2.59812E+01
 -1       213 2.49574E+01
 -1       214 2.87566E+01
 -1       215 2.67672E+01
 -1       216 2.17668E+01
 -1       217 2.63888E+01
 -1       218 1.70124E+01
 -1       219 1.70066E+01
 -1       220 2.40755E+01
 -1       221 1.71564E+01
 -1       222 2.40755E+01
 -1       223 2.50715E+01
 -1       224 2.40024E+01
 -1       225 3.09946E+01
 -1       226 2.22610E+01
 -1       227 2.41181E+01
 -1       228 2.08975E+01
 -1       229 2.65265E+01
 -1       230 2.51168E+01
 -1       231 2.97832E+01
 -1       232 2.85623E+01
 -1       233 2.50715E+01
 -1       234 2.77356E+01
 -1       235 2.80331E+01
 -1       236 2.50715E+01
 -1       237 3.09946E+01
 -1       238 3.09946E+01
 -1       239 2.80331E+01
 -1       240 2.22764E+01
 -1       241 2.49615E+01
 -1       242 2.79231E+01
 -1       243 2.79231E+01
 -1       244 2.50715E+01
 -1       245 2.50137E+01
 -1       246 2.50715E+01
 -1       247 2.63457E+01
 -1       248 2.77356E+01
 -1       249 2.64036E+01
 -1       250 2.87594E+01
 -1       251 2.97832E+01
 -1       252 2.87594E+01
 -1       253 2.68928E+01
 -1       254 2.58662E+01
 -1       255 2.68928E+01
 -1       256 2.64234E+01
 -1       257 2.54336E+01
 -1       258 2.45596E+01
 -1       259 2.71563E+01
 -1       260 2.85623E+01
 -1       261 2.68395E+01
 -1       262 2.75444E+01
 -1       263 2.64576E+01
 -1       264 2.75444E+01
 -1       265 2.52535E+01
 -1       266 2.06314E+01
 -1       267 2.53223E+01
 -1       268 1.90211E+01
 -1       269 1.90270E+01
 -1       270 2.25078E+01
 -1       271 1.97087E+01
 -1       272 2.66278E+01
 -1       273 2.15793E+01
 -1       274 2.66278E+01
 -1       275 2.17908E+01
 -1       276 2.22764E+01
 -1       277 2.74521E+01
 -1       278 2.31228E+01
 -1       279 2.84759E+01
 -1       280 2.84759E+01
 -1       281 2.36632E+01
 -1       282 2.55855E+01
 -1       283 2.42327E+01
 -1       284 2.42204E+01
 -1       285 2.59555E+01
 -1       286 2.59555E+01
 -1       287 2.65265E+01
 -1       288 2.49376E+01
 -1       289 2.20056E+01
 -1       290 2.53223E+01
 -1       291 2.08975E+01
 -1       292 2.03953E+01
 -1       293 2.35563E+01
 -1       294 2.15793E+01
 -1       295 2.50615E+01
 -1       296 2.97832E+01
 -1       297 3.01023E+01
 -1       298 2.28673E+01
 -1       299 2.98197E+01
 -1       300 2.07576E+01
 -1       301 2.51087E+01
 -1       302 2.77300E+01
 -1       303 2.97832E+01
 -1       304 2.85623E+01
 -1       305 2.50615E+01
 -1       306 2.67978E+01
 -1       307 2.50615E+01
 -1       308 2.75819E+01
 -1       309 3.01023E+01
 -1       310 3.01023E+01
 -1       311 2.75819E+01
 -1       312 2.56309E+01
 -1       313 2.18371E+01
 -1       314 2.79365E+01
 -1       315 2.81513E+01
 -1       316 2.50086E+01
 -1       317 2.50615E+01
 -1       318 2.50615E+01
 -1       319 2.72667E+01
 -1       320 2.58768E+01
 -1       321 2.59296E+01
 -1       322 2.59812E+01
 -1       323 2.87594E+01
 -1       324 2.82905E+01
 -1       325 2.87566E+01
 -1       326 2.59812E+01
 -1       327 2.97832E+01
 -1       328 2.72449E+01
 -1       329 2.77300E+01
 -1       330 2.87566E+01
 -1       331 2.78540E+01
 -1       332 2.76610E+01
 -1       333 2.81461E+01
 -1       334 2.57487E+01
 -1       335 2.61272E+01
 -1       336 2.68355E+01
 -1       337 2.33440E+01
 -1       338 2.81042E+01
 -1       339 2.74642E+01
 -1       340 1.89570E+01
 -1       341 1.88130E+01
 -1       342 2.52886E+01
 -1       343 2.64848E+01
 -1       344 2.00119E+01
 -1       345 2.18124E+01
 -1       346 2.64848E+01
 -1       347 2.18371E+01
 -1       348 2.16959E+01
 -1       349 2.25641E+01
 -1       350 2.65271E+01
 -1       351 2.80198E+01
 -1       352 2.80198E+01
 -1       353 2.80198E+01
 -1       354 2.59388E+01
 -1       355 2.49122E+01
 -1       356 2.52788E+01
 -1       357 2.56950E+01
 -1       358 2.68355E+01
 -1       359 2.51087E+01
 -1       360 2.74642E+01
 -1       361 2.98197E+01
 -1       362 2.52280E+01
 -1       363 2.06969E+01
 -1       364 2.07576E+01
 -1       365 2.18124E+01
 -1       366 2.43190E+01
 -1       367 3.23240E+01
 -1       368 3.12196E+01
 -1       369 3.10150E+01
 -1       370 3.19246E+01
 -1       371 3.08201E+01
 -1       372 3.10150E+01
 -1       373 3.06156E+01
 -1       374 3.18302E+01
 -1       375 3.19246E+01
 -1       376 2.91551E+01
 -1       377 3.34285E+01
 -1       378 3.23240E+01
 -1       379 3.12196E+01
 -1       380 3.23240E+01
 -1       381 2.06362E+01
 -1       382 2.28673E+01
 -1       383 1.85101E+01
 -1       384 2.33911E+01
 -1       385 2.98197E+01
 -1       386 2.98197E+01
 -1       387 2.62003E+01
 -1       388 2.89634E+01
 -1       389 2.00372E+01
 -1       390 2.00372E+01
 -1       391 2.01307E+01
 -1       392 2.48515E+01
 -1       393 2.33487E+01
 -1       394 2.33240E+01
 -1       395 2.33240E+01
 -1       396 2.71685E+01
 -1       397 2.24911E+01
 -1       398 1.98060E+01
 -1       399 2.48515E+01
 -1       400 2.48515E+01
 -1       401 2.01307E+01
 -1       402 2.24911E+01
 -1       403 2.31187E+01
 -1       404 1.93250E+01
 -1       405 2.62003E+01
 -1       406 2.59855E+01
 -1       407 2.62003E+01
 -1       408 2.31187E+01
 -1       409 1.85101E+01
 -1       410 1.89957E+01
 -1       411 1.92736E+01
 -1       412 1.97593E+01
 -1       413 2.00839E+01
 -1       414 2.52798E+01
 -1       415 2.09506E+01
 -1       416 2.09506E+01
 -1       417 2.71685E+01
 -1       418 2.71685E+01
 -1       419 2.52798E+01
 -1       420 2.33240E+01
 -1       421 2.52463E+01
 -1       422 2.52463E+01
 -1       423 2.33364E+01
 -1       424 2.33240E+01
 -1       425 2.33240E+01
 -1       426 2.33487E+01
 -1       427 2.33487E+01
 -1       428 2.33364E+01
 -1       429 2.65842E+01
 -1       430 2.81731E+01
 -1       431 2.65842E+01
 -1       432 2.81731E+01
 -1       433 2.48564E+01
 -1       434 2.98197E+01
 -1       435 2.02646E+01
 -1       436 2.07669E+01
 -1       437 2.52280E+01
 -1       438 2.18824E+01
 -1       439 2.38594E+01
 -1       440 2.17518E+01
 -1       441 2.59154E+01
 -1       442 2.69075E+01
 -1       443 2.69075E+01
 -1       444 1.85614E+01
 -1       445 1.84202E+01
 -1       446 1.93250E+01
 -1       447 2.00372E+01
 -1       448 2.08607E+01
 -1       449 2.48238E+01
 -1       450 2.67125E+01
 -1       451 2.67125E+01
 -1       452 2.47903E+01
 -1       453 2.27092E+01
 -1       454 2.27092E+01
 -1       455 2.30759E+01
 -1       456 2.42287E+01
 -1       457 2.30882E+01
 -1       458 2.98197E+01
 -1       459 2.74642E+01
 -1       460 2.52280E+01
 -1       461 2.98197E+01
 -1       462 2.06969E+01
 -1       463 2.06362E+01
 -1       464 2.43190E+01
 -1       465 2.18124E+01
 -1       466 2.73671E+01
 -1       467 2.75819E+01
 -1       468 2.31655E+01
 -1       469 2.55259E+01
 -1       470 2.75819E+01
 -1       471 2.31187E+01
 -1       472 2.48816E+01
 -1       473 2.62972E+01
 -1       474 2.85538E+01
 -1       475 2.85538E+01
 -1       476 2.70575E+01
 -1       477 2.70575E+01
 -1       478 2.48008E+01
 -1       479 2.70290E+01
 -1       480 2.85525E+01
 -1       481 2.62958E+01
 -1       482 2.40645E+01
 -1       483 2.44035E+01
 -1       484 2.48816E+01
 -1       485 2.48816E+01
 -1       486 2.48816E+01
 -1       487 2.36149E+01
 -1       488 2.33088E+01
 -1       489 2.37869E+01
 -1       490 2.01801E+01
 -1       491 2.20570E+01
 -1       492 2.37869E+01
 -1       493 1.55362E+01
 -1       494 1.72372E+01
 -1       495 1.85109E+01
 -1       496 1.55452E+01
 -1       497 2.27482E+01
 -1       498 2.14677E+01
 -1       499 2.64732E+01
 -1       500 2.52510E+01
 -1       501 2.64732E+01
 -1       502 2.53476E+01
 -1       503 2.59104E+01
 -1       504 1.61236E+01
 -1       505 2.08682E+01
 -1       506 1.62840E+01
 -1       507 1.58585E+01
 -1       508 2.16211E+01
 -1       509 1.83237E+01
 -1       510 2.47994E+01
 -1       511 1.78792E+01
 -1       512 2.76002E+01
 -1       513 1.61659E+01
 -1       514 2.40288E+01
 -1       515 1.55541E+01
 -1       516 1.88976E+01
 -1       517 2.64732E+01
 -1       518 2.39254E+01
 -1       519 2.07259E+01
 -1       520 1.37959E+01
 -1       521 2.10492E+01
 -1       522 2.36149E+01
 -1       523 2.33088E+01
 -1       524 2.54523E+01
 -1       525 2.54523E+01
 -1       526 2.57628E+01
 -1       527 2.07949E+01
 -1       528 1.89179E+01
 -1       529 2.14115E+01
 -1       530 1.63671E+01
 -1       531 1.46660E+01
 -1       532 1.63468E+01
 -1       533 1.55452E+01
 -1       534 1.85109E+01
 -1       535 1.46750E+01
 -1       536 2.12585E+01
 -1       537 2.25390E+01
 -1       538 1.83017E+01
 -1       539 2.40288E+01
 -1       540 2.52510E+01
 -1       541 2.25390E+01
 -1       542 2.64732E+01
 -1       543 2.64732E+01
 -1       544 2.52510E+01
 -1       545 2.59104E+01
 -1       546 2.07568E+01
 -1       547 1.60122E+01
 -1       548 2.13196E+01
 -1       549 1.64377E+01
 -1       550 1.87177E+01
 -1       551 2.20152E+01
 -1       552 1.84459E+01
 -1       553 2.41631E+01
 -1       554 2.27397E+01
 -1       555 2.18831E+01
 -1       556 1.70226E+01
 -1       557 1.83884E+01
 -1       558 2.32489E+01
 -1       559 2.21762E+01
 -1       560 2.09540E+01
 -1       561 1.97914E+01
 -1       562 1.67167E+01
 -1       563 1.72259E+01
 -1       564 1.73238E+01
 -1       565 3.08105E+01
 -1       566 1.63888E+01
 -1       567 2.35277E+01
 -1       568 1.58799E+01
 -1       569 2.14219E+01
 -1       570 1.78792E+01
 -1       571 2.48816E+01
 -1       572 2.07259E+01
 -1       573 1.30152E+01
 -1       574 2.14677E+01
 -1       575 2.48816E+01
 -1       576 2.40645E+01
 -1       577 2.70290E+01
 -1       578 2.85525E+01
 -1       579 2.78460E+01
 -1       580 2.14219E+01
 -1       581 2.31518E+01
 -1       582 2.31518E+01
 -1       583 1.42757E+01
 -1       584 1.72186E+01
 -1       585 1.72186E+01
 -1       586 1.57170E+01
 -1       587 1.57081E+01
 -1       588 1.44476E+01
 -1       589 2.14677E+01
 -1       590 1.85109E+01
 -1       591 1.86738E+01
 -1       592 2.50004E+01
 -1       593 2.24977E+01
 -1       594 2.24977E+01
 -1       595 2.16134E+01
 -1       596 2.21762E+01
 -1       597 2.07035E+01
 -1       598 1.71340E+01
 -1       599 1.61236E+01
 -1       600 1.63888E+01
 -1       601 1.71340E+01
 -1       602 1.81633E+01
 -1       603 2.35102E+01
 -1       604 2.03319E+01
 -1       605 1.85574E+01
 -1       606 2.57682E+01
 -1       607 1.68563E+01
 -1       608 2.35996E+01
 -1       609 2.40671E+01
 -1       610 2.61162E+01
 -1       611 1.93729E+01
 -1       612 1.76015E+01
 -1       613 1.66019E+01
 -1       614 1.97038E+01
 -1       615 2.04258E+01
 -1       616 1.86509E+01
 -1       617 2.59824E+01
 -1       618 2.36632E+01
 -1       619 2.36632E+01
 -1       620 2.65536E+01
 -1       621 2.65536E+01
 -1       622 2.68928E+01
 -1       623 2.98197E+01
 -1       624 2.52280E+01
 -1       625 2.69689E+01
 -1       626 2.23772E+01
 -1       627 2.69689E+01
 -1       628 2.42204E+01
 -1       629 2.42327E+01
 -1       630 2.55394E+01
 -1       631 2.64234E+01
 -1       632 2.55270E+01
 -1       633 2.58176E+01
 -1       634 2.74642E+01
 -1       635 2.81731E+01
 -1       636 2.49376E+01
 -1       637 2.42287E+01
 -1       638 2.65871E+01
 -1       639 2.84759E+01
 -1       640 2.65871E+01
 -1       641 2.84759E+01
 -1       642 2.97832E+01
 -1       643 2.18124E+01
 -1       644 2.06969E+01
 -1       645 2.07669E+01
 -1       646 2.08275E+01
 -1       647 2.18824E+01
 -1       648 2.31228E+01
 -1       649 2.55633E+01
 -1       650 2.26539E+01
 -1       651 2.50944E+01
 -1       652 2.72667E+01
 -1       653 2.58662E+01
 -1       654 2.98197E+01
 -1       655 2.81731E+01
 -1       656 2.24379E+01
 -1       657 2.87594E+01
 -1       658 2.17908E+01
 -1       659 2.59347E+01
 -1       660 2.50665E+01
 -1       661 2.17858E+01
 -1       662 2.75444E+01
 -1       663 2.59555E+01
 -1       664 2.68395E+01
 -1       665 2.28673E+01
 -1       666 2.25641E+01
 -1       667 2.25641E+01
 -1       668 2.15093E+01
 -1       669 2.85623E+01
 -1       670 2.59555E+01
 -1       671 2.25544E+01
 -1       672 2.25493E+01
 -1       673 2.59154E+01
 -1       674 2.56122E+01
 -1       675 2.54170E+01
 -1       676 2.60914E+01
 -1       677 2.30565E+01
 -1       678 2.57682E+01
 -1       679 2.07259E+01
 -1       680 2.35115E+01
 -1       681 2.35115E+01
 -1       682 2.85538E+01
 -1       683 2.81513E+01
 -1       684 2.81513E+01
 -1       685 2.95329E+01
 -1       686 2.74729E+01
 -1       687 2.77300E+01
 -1       688 2.87566E+01
 -1       689 2.30098E+01
 -1       690 2.55220E+01
 -1       691 2.55270E+01
 -1       692 2.65536E+01
 -1       693 2.65536E+01
 -1       694 2.81731E+01
 -1       695 2.26011E+01
 -1       696 2.25544E+01
 -1       697 2.85623E+01
 -1       698 2.79231E+01
 -1       699 2.99790E+01
 -1       700 2.84885E+01
 -1       701 2.48816E+01
 -1       702 2.44035E+01
 -1       703 2.44035E+01
 -1       704 2.37869E+01
 -1       705 3.05485E+01
 -1       706 3.05485E+01
 -1       707 2.80424E+01
 -1       708 2.80424E+01
 -1       709 2.50137E+01
 -1       710 2.63457E+01
 -1       711 2.25493E+01
 -1       712 2.25493E+01
 -1       713 2.99790E+01
 -1       714 2.69310E+01
 -1       715 2.66278E+01
 -1       716 3.09946E+01
 -1       717 3.05485E+01
 -1       718 2.92053E+01
 -1       719 2.69487E+01
 -1       720 1.59564E+01
 -1       721 1.42847E+01
 -1       722 1.34055E+01
 -1       723 2.22885E+01
 -1       724 1.95409E+01
 -1       725 2.12585E+01
 -1       726 1.85109E+01
 -1       727 2.45111E+01
 -1       728 2.62409E+01
 -1       729 2.26737E+01
 -1       730 2.97832E+01
 -1       731 2.35102E+01
 -1       732 2.97832E+01
 -1       733 2.52535E+01
 -1       734 2.64576E+01
 -1       735 2.04933E+01
 -1       736 2.97832E+01
 -1       737 1.89512E+01
 -1       738 2.77356E+01
 -1       739 2.87594E+01
 -1       740 2.68361E+01
 -1       741 2.00119E+01
 -1       742 1.89570E+01
 -1       743 2.84885E+01
 -1       744 2.55220E+01
 -1       745 2.55270E+01
 -1       746 2.55220E+01
 -1       747 2.07035E+01
 -1       748 1.64390E+01
 -1       749 1.76015E+01
 -1       750 2.24620E+01
 -1       751 1.81107E+01
 -1       752 2.37782E+01
 -1       753 2.01598E+01
 -1       754 1.73888E+01
 -1       755 1.57170E+01
 -1       756 2.14677E+01
 -1       757 2.27482E+01
 -1       758 2.37782E+01
 -1       759 2.03319E+01
 -1       760 2.20570E+01
 -1       761 1.55452E+01
 -1       762 1.46660E+01
 -1       763 1.59767E+01
 -1       764 2.55270E+01
 -1       765 2.30565E+01
 -1       766 2.59824E+01
 -1       767 2.09540E+01
 -1       768 2.52510E+01
 -1       769 1.85574E+01
 -1       770 2.55220E+01
 -1       771 2.55270E+01
 -1       772 1.55541E+01
 -1       773 2.01801E+01
 -1       774 2.30098E+01
 -1       775 2.19945E+01
 -1       776 1.71340E+01
 -1       777 1.78792E+01
 -1       778 2.60914E+01
 -1       779 2.64732E+01
 -1       780 2.21762E+01
 -1       781 1.60122E+01
 -1       782 1.62774E+01
 -1       783 2.59104E+01
 -1       784 1.62774E+01
 -1       785 2.14310E+01
 -1       786 2.14310E+01
 -1       787 1.80519E+01
 -1       788 2.54170E+01
 -1       789 2.92726E+01
 -1       790 3.12196E+01
 -1       791 2.80506E+01
 -1       792 3.23240E+01
 -1       793 3.05793E+01
 -1       794 3.09954E+01
 -1       795 3.09954E+01
 -1       796 2.48816E+01
 -1       797 2.39254E+01
 -1       798 2.89809E+01
 -1       799 3.05793E+01
 -1       800 3.09954E+01
 -1       801 3.08105E+01
 -1       802 2.92053E+01
 -1       803 3.34285E+01
 -1       804 3.34285E+01
 -1       805 3.05793E+01
 -1       806 2.80506E+01
 -1       807 2.94099E+01
 -1       808 2.75725E+01
 -1       809 3.10150E+01
 -1       810 3.08105E+01
 -1       811 3.08105E+01
 -1       812 2.78460E+01
 -1       813 2.44035E+01
 -1       814 3.10150E+01
 -1       815 3.21195E+01
 -1       816 3.08105E+01
 -1       817 2.92726E+01
 -3
 9999
