    1C
    1UUSER                                                              
    1UDATE              04.september.2026                               
    1UTIME              23:36:56                                        
    1UHOST                                                              
    1UPGM               CalculiX                                        
    1UVERSION           Version 2.18                             
    1UCOMPILETIME       Thu Oct 14 16:21:20 EEST 2021                    
    1UDIR                                                               
    1UDBN                                                               
    1UMAT    1FEMPART_MATERIAL                                          
    2C                           782                                     1
 -1         1-5.00000E-15 5.00000E+00 2.12000E+02
 -1         2-5.00000E-15-5.00000E+00 2.12000E+02
 -1         3-2.00000E-15 5.00000E+00 2.00000E+02
 -1         4-2.00000E-15-5.00000E+00 2.00000E+02
 -1         5-5.00000E+00-3.00000E+00 1.80000E+02
 -1         6-5.00000E+00-3.00000E+00 4.80000E+01
 -1         7-5.00000E+00 3.00000E+00 1.80000E+02
 -1         8-5.00000E+00 3.00000E+00 4.80000E+01
 -1         9 5.00000E+00-3.00000E+00 1.80000E+02
 -1        10 5.00000E+00-3.00000E+00 4.80000E+01
 -1        11 5.00000E+00 3.00000E+00 1.80000E+02
 -1        12 5.00000E+00 3.00000E+00 4.80000E+01
 -1        13-7.00000E-15 5.00000E+00 7.60000E+01
 -1        14-7.00000E-15-5.00000E+00 7.60000E+01
 -1        15 1.00000E+01 5.00000E+00 2.09321E+02
 -1        16 1.73205E+01 5.00000E+00 2.02000E+02
 -1        17 2.00000E+01 5.00000E+00 1.92000E+02
 -1        18 1.73205E+01 5.00000E+00 1.82000E+02
 -1        19 1.00000E+01 5.00000E+00 1.74679E+02
 -1        20-1.13014E-13 5.00000E+00 1.72000E+02
 -1        21-1.00000E+01 5.00000E+00 1.74679E+02
 -1        22-1.73205E+01 5.00000E+00 1.82000E+02
 -1        23-2.00000E+01 5.00000E+00 1.92000E+02
 -1        24-1.73205E+01 5.00000E+00 2.02000E+02
 -1        25-1.00000E+01 5.00000E+00 2.09321E+02
 -1        26 5.17638E+00 5.00000E+00 2.11319E+02
 -1        27 1.41421E+01 5.00000E+00 2.06142E+02
 -1        28 1.93185E+01 5.00000E+00 1.97176E+02
 -1        29 1.93185E+01 5.00000E+00 1.86824E+02
 -1        30 1.41421E+01 5.00000E+00 1.77858E+02
 -1        31 5.17638E+00 5.00000E+00 1.72681E+02
 -1        32-5.17638E+00 5.00000E+00 1.72681E+02
 -1        33-1.41421E+01 5.00000E+00 1.77858E+02
 -1        34-1.93185E+01 5.00000E+00 1.86824E+02
 -1        35-1.93185E+01 5.00000E+00 1.97176E+02
 -1        36-1.41421E+01 5.00000E+00 2.06142E+02
 -1        37-5.17638E+00 5.00000E+00 2.11319E+02
 -1        38-4.90000E-15 0.00000E+00 2.12000E+02
 -1        39 1.00000E+01-5.00000E+00 2.09321E+02
 -1        40 1.73205E+01-5.00000E+00 2.02000E+02
 -1        41 2.00000E+01-5.00000E+00 1.92000E+02
 -1        42 1.73205E+01-5.00000E+00 1.82000E+02
 -1        43 1.00000E+01-5.00000E+00 1.74679E+02
 -1        44-1.13014E-13-5.00000E+00 1.72000E+02
 -1        45-1.00000E+01-5.00000E+00 1.74679E+02
 -1        46-1.73205E+01-5.00000E+00 1.82000E+02
 -1        47-2.00000E+01-5.00000E+00 1.92000E+02
 -1        48-1.73205E+01-5.00000E+00 2.02000E+02
 -1        49-1.00000E+01-5.00000E+00 2.09321E+02
 -1        50 5.17638E+00-5.00000E+00 2.11319E+02
 -1        51 1.41421E+01-5.00000E+00 2.06142E+02
 -1        52 1.93185E+01-5.00000E+00 1.97176E+02
 -1        53 1.93185E+01-5.00000E+00 1.86824E+02
 -1        54 1.41421E+01-5.00000E+00 1.77858E+02
 -1        55 5.17638E+00-5.00000E+00 1.72681E+02
 -1        56-5.17638E+00-5.00000E+00 1.72681E+02
 -1        57-1.41421E+01-5.00000E+00 1.77858E+02
 -1        58-1.93185E+01-5.00000E+00 1.86824E+02
 -1        59-1.93185E+01-5.00000E+00 1.97176E+02
 -1        60-1.41421E+01-5.00000E+00 2.06142E+02
 -1        61-5.17638E+00-5.00000E+00 2.11319E+02
 -1        62 4.00000E+00 5.00000E+00 1.98928E+02
 -1        63 6.92820E+00 5.00000E+00 1.96000E+02
 -1        64 8.00000E+00 5.00000E+00 1.92000E+02
 -1        65 6.92820E+00 5.00000E+00 1.88000E+02
 -1        66 4.00000E+00 5.00000E+00 1.85072E+02
 -1        67-4.52056E-14 5.00000E+00 1.84000E+02
 -1        68-4.00000E+00 5.00000E+00 1.85072E+02
 -1        69-6.92820E+00 5.00000E+00 1.88000E+02
 -1        70-8.00000E+00 5.00000E+00 1.92000E+02
 -1        71-6.92820E+00 5.00000E+00 1.96000E+02
 -1        72-4.00000E+00 5.00000E+00 1.98928E+02
 -1        73 2.07055E+00 5.00000E+00 1.99727E+02
 -1        74 5.65685E+00 5.00000E+00 1.97657E+02
 -1        75 7.72741E+00 5.00000E+00 1.94071E+02
 -1        76 7.72741E+00 5.00000E+00 1.89929E+02
 -1        77 5.65685E+00 5.00000E+00 1.86343E+02
 -1        78 2.07055E+00 5.00000E+00 1.84273E+02
 -1        79-2.07055E+00 5.00000E+00 1.84273E+02
 -1        80-5.65685E+00 5.00000E+00 1.86343E+02
 -1        81-7.72741E+00 5.00000E+00 1.89929E+02
 -1        82-7.72741E+00 5.00000E+00 1.94071E+02
 -1        83-5.65685E+00 5.00000E+00 1.97657E+02
 -1        84-2.07055E+00 5.00000E+00 1.99727E+02
 -1        85 4.00000E+00-5.00000E+00 1.98928E+02
 -1        86 6.92820E+00-5.00000E+00 1.96000E+02
 -1        87 8.00000E+00-5.00000E+00 1.92000E+02
 -1        88 6.92820E+00-5.00000E+00 1.88000E+02
 -1        89 4.00000E+00-5.00000E+00 1.85072E+02
 -1        90-4.52056E-14-5.00000E+00 1.84000E+02
 -1        91-4.00000E+00-5.00000E+00 1.85072E+02
 -1        92-6.92820E+00-5.00000E+00 1.88000E+02
 -1        93-8.00000E+00-5.00000E+00 1.92000E+02
 -1        94-6.92820E+00-5.00000E+00 1.96000E+02
 -1        95-4.00000E+00-5.00000E+00 1.98928E+02
 -1        96 2.07055E+00-5.00000E+00 1.99727E+02
 -1        97 5.65685E+00-5.00000E+00 1.97657E+02
 -1        98 7.72741E+00-5.00000E+00 1.94071E+02
 -1        99 7.72741E+00-5.00000E+00 1.89929E+02
 -1       100 5.65685E+00-5.00000E+00 1.86343E+02
 -1       101 2.07055E+00-5.00000E+00 1.84273E+02
 -1       102-2.07055E+00-5.00000E+00 1.84273E+02
 -1       103-5.65685E+00-5.00000E+00 1.86343E+02
 -1       104-7.72741E+00-5.00000E+00 1.89929E+02
 -1       105-7.72741E+00-5.00000E+00 1.94071E+02
 -1       106-5.65685E+00-5.00000E+00 1.97657E+02
 -1       107-2.07055E+00-5.00000E+00 1.99727E+02
 -1       108-1.96000E-15-1.66667E+00 2.00000E+02
 -1       109-1.96000E-15 1.66667E+00 2.00000E+02
 -1       110-1.96000E-15-3.33333E+00 2.00000E+02
 -1       111-1.96000E-15 8.88178E-16 2.00000E+02
 -1       112-1.96000E-15 3.33333E+00 2.00000E+02
 -1       113-5.00000E+00-3.00000E+00 1.14000E+02
 -1       114-5.00000E+00 0.00000E+00 1.80000E+02
 -1       115-5.00000E+00 3.00000E+00 1.14000E+02
 -1       116-5.00000E+00 0.00000E+00 4.80000E+01
 -1       117 5.00000E+00-3.00000E+00 1.14000E+02
 -1       118 5.00000E+00 0.00000E+00 1.80000E+02
 -1       119 5.00000E+00 3.00000E+00 1.14000E+02
 -1       120 5.00000E+00 0.00000E+00 4.80000E+01
 -1       121 0.00000E+00-3.00000E+00 4.80000E+01
 -1       122 0.00000E+00-3.00000E+00 1.80000E+02
 -1       123 0.00000E+00 3.00000E+00 4.80000E+01
 -1       124 0.00000E+00 3.00000E+00 1.80000E+02
 -1       125 1.40000E+01 5.00000E+00 7.22487E+01
 -1       126 2.42487E+01 5.00000E+00 6.20000E+01
 -1       127 2.80000E+01 5.00000E+00 4.80000E+01
 -1       128 2.42487E+01 5.00000E+00 3.40000E+01
 -1       129 1.40000E+01 5.00000E+00 2.37513E+01
 -1       130-1.70654E-13 5.00000E+00 2.00000E+01
 -1       131-1.40000E+01 5.00000E+00 2.37513E+01
 -1       132-2.42487E+01 5.00000E+00 3.40000E+01
 -1       133-2.80000E+01 5.00000E+00 4.80000E+01
 -1       134-2.42487E+01 5.00000E+00 6.20000E+01
 -1       135-1.40000E+01 5.00000E+00 7.22487E+01
 -1       136 7.24693E+00 5.00000E+00 7.50459E+01
 -1       137 1.97990E+01 5.00000E+00 6.77990E+01
 -1       138 2.70459E+01 5.00000E+00 5.52469E+01
 -1       139 2.70459E+01 5.00000E+00 4.07531E+01
 -1       140 1.97990E+01 5.00000E+00 2.82010E+01
 -1       141 7.24693E+00 5.00000E+00 2.09541E+01
 -1       142-7.24693E+00 5.00000E+00 2.09541E+01
 -1       143-1.97990E+01 5.00000E+00 2.82010E+01
 -1       144-2.70459E+01 5.00000E+00 4.07531E+01
 -1       145-2.70459E+01 5.00000E+00 5.52469E+01
 -1       146-1.97990E+01 5.00000E+00 6.77990E+01
 -1       147-7.24693E+00 5.00000E+00 7.50459E+01
 -1       148-6.86000E-15 0.00000E+00 7.60000E+01
 -1       149 1.40000E+01-5.00000E+00 7.22487E+01
 -1       150 2.42487E+01-5.00000E+00 6.20000E+01
 -1       151 2.80000E+01-5.00000E+00 4.80000E+01
 -1       152 2.42487E+01-5.00000E+00 3.40000E+01
 -1       153 1.40000E+01-5.00000E+00 2.37513E+01
 -1       154-1.70654E-13-5.00000E+00 2.00000E+01
 -1       155-1.40000E+01-5.00000E+00 2.37513E+01
 -1       156-2.42487E+01-5.00000E+00 3.40000E+01
 -1       157-2.80000E+01-5.00000E+00 4.80000E+01
 -1       158-2.42487E+01-5.00000E+00 6.20000E+01
 -1       159-1.40000E+01-5.00000E+00 7.22487E+01
 -1       160 7.24693E+00-5.00000E+00 7.50459E+01
 -1       161 1.97990E+01-5.00000E+00 6.77990E+01
 -1       162 2.70459E+01-5.00000E+00 5.52469E+01
 -1       163 2.70459E+01-5.00000E+00 4.07531E+01
 -1       164 1.97990E+01-5.00000E+00 2.82010E+01
 -1       165 7.24693E+00-5.00000E+00 2.09541E+01
 -1       166-7.24693E+00-5.00000E+00 2.09541E+01
 -1       167-1.97990E+01-5.00000E+00 2.82010E+01
 -1       168-2.70459E+01-5.00000E+00 4.07531E+01
 -1       169-2.70459E+01-5.00000E+00 5.52469E+01
 -1       170-1.97990E+01-5.00000E+00 6.77990E+01
 -1       171-7.24693E+00-5.00000E+00 7.50459E+01
 -1       172 5.17638E+00 0.00000E+00 2.11319E+02
 -1       173-5.17638E+00 0.00000E+00 2.11319E+02
 -1       174 1.00000E+01 0.00000E+00 2.09321E+02
 -1       175-1.00000E+01 0.00000E+00 2.09321E+02
 -1       176 1.41421E+01 0.00000E+00 2.06142E+02
 -1       177 1.93185E+01 0.00000E+00 1.97176E+02
 -1       178 2.00000E+01 0.00000E+00 1.92000E+02
 -1       179 1.73205E+01 0.00000E+00 2.02000E+02
 -1       180 1.93185E+01 0.00000E+00 1.86824E+02
 -1       181 1.73205E+01 0.00000E+00 1.82000E+02
 -1       182 1.41421E+01 0.00000E+00 1.77858E+02
 -1       183 1.00000E+01 0.00000E+00 1.74679E+02
 -1       184 5.17638E+00 0.00000E+00 1.72681E+02
 -1       185-5.17638E+00 0.00000E+00 1.72681E+02
 -1       186-1.13014E-13 0.00000E+00 1.72000E+02
 -1       187-1.41421E+01 0.00000E+00 1.77858E+02
 -1       188-1.73205E+01 0.00000E+00 1.82000E+02
 -1       189-1.00000E+01 0.00000E+00 1.74679E+02
 -1       190-1.93185E+01 0.00000E+00 1.86824E+02
 -1       191-1.93185E+01 0.00000E+00 1.97176E+02
 -1       192-1.73205E+01 0.00000E+00 2.02000E+02
 -1       193-2.00000E+01 0.00000E+00 1.92000E+02
 -1       194-1.41421E+01 0.00000E+00 2.06142E+02
 -1       195 3.41624E+00 5.00000E+00 2.04750E+02
 -1       196 9.33333E+00 5.00000E+00 1.82667E+02
 -1       197-3.47208E+00 5.00000E+00 2.04541E+02
 -1       198-9.28680E+00 5.00000E+00 2.01090E+02
 -1       199-1.27496E+01 5.00000E+00 1.88584E+02
 -1       200-1.23808E+01 5.00000E+00 1.95279E+02
 -1       201-9.12493E+00 5.00000E+00 1.82723E+02
 -1       202 3.26367E+00 5.00000E+00 1.79403E+02
 -1       203 1.25970E+01 5.00000E+00 1.88736E+02
 -1       204-3.31021E+00 5.00000E+00 1.79646E+02
 -1       205 9.27749E+00 5.00000E+00 2.01125E+02
 -1       206 1.23539E+01 5.00000E+00 1.95310E+02
 -1       207 6.70812E+00 5.00000E+00 2.07035E+02
 -1       208 1.70812E+00 5.00000E+00 2.08375E+02
 -1       209-1.73604E+00 5.00000E+00 2.08271E+02
 -1       210-6.73604E+00 5.00000E+00 2.06931E+02
 -1       211-2.79210E-02 5.00000E+00 2.04645E+02
 -1       212 1.70812E+00 5.00000E+00 2.02375E+02
 -1       213 3.70812E+00 5.00000E+00 2.01839E+02
 -1       214-3.73604E+00 5.00000E+00 2.01735E+02
 -1       215-1.73604E+00 5.00000E+00 2.02271E+02
 -1       216 1.32990E+01 5.00000E+00 2.01562E+02
 -1       217 9.63875E+00 5.00000E+00 2.05223E+02
 -1       218 6.34686E+00 5.00000E+00 2.02937E+02
 -1       219 1.61769E+01 5.00000E+00 1.93655E+02
 -1       220 1.48372E+01 5.00000E+00 1.98655E+02
 -1       221 1.08157E+01 5.00000E+00 1.98218E+02
 -1       222 1.49588E+01 5.00000E+00 1.85368E+02
 -1       223 1.62985E+01 5.00000E+00 1.90368E+02
 -1       224 1.24754E+01 5.00000E+00 1.92023E+02
 -1       225 9.66667E+00 5.00000E+00 1.78673E+02
 -1       226 1.33269E+01 5.00000E+00 1.82333E+02
 -1       227 1.09652E+01 5.00000E+00 1.85701E+02
 -1       228 1.63184E+00 5.00000E+00 1.75701E+02
 -1       229 6.63184E+00 5.00000E+00 1.77041E+02
 -1       230 6.29850E+00 5.00000E+00 1.81035E+02
 -1       231-6.65510E+00 5.00000E+00 1.77163E+02
 -1       232-1.65510E+00 5.00000E+00 1.75823E+02
 -1       233-2.32675E-02 5.00000E+00 1.79525E+02
 -1       234-1.32227E+01 5.00000E+00 1.82361E+02
 -1       235-9.56246E+00 5.00000E+00 1.78701E+02
 -1       236-6.21757E+00 5.00000E+00 1.81184E+02
 -1       237-1.63748E+01 5.00000E+00 1.90292E+02
 -1       238-1.50350E+01 5.00000E+00 1.85292E+02
 -1       239-1.09372E+01 5.00000E+00 1.85653E+02
 -1       240-1.48507E+01 5.00000E+00 1.98639E+02
 -1       241-1.61904E+01 5.00000E+00 1.93639E+02
 -1       242-1.25652E+01 5.00000E+00 1.91931E+02
 -1       243-9.64340E+00 5.00000E+00 2.05205E+02
 -1       244-1.33037E+01 5.00000E+00 2.01545E+02
 -1       245-1.08338E+01 5.00000E+00 1.98185E+02
 -1       246-6.37944E+00 5.00000E+00 2.02816E+02
 -1       247 6.63875E+00 5.00000E+00 2.00027E+02
 -1       248 8.10285E+00 5.00000E+00 1.98562E+02
 -1       249 9.64104E+00 5.00000E+00 1.95655E+02
 -1       250 1.01769E+01 5.00000E+00 1.93655E+02
 -1       251 1.02985E+01 5.00000E+00 1.90368E+02
 -1       252 9.76261E+00 5.00000E+00 1.88368E+02
 -1       253 8.13077E+00 5.00000E+00 1.85333E+02
 -1       254 6.66667E+00 5.00000E+00 1.83869E+02
 -1       255 3.63184E+00 5.00000E+00 1.82237E+02
 -1       256 1.63184E+00 5.00000E+00 1.81701E+02
 -1       257-1.65510E+00 5.00000E+00 1.81823E+02
 -1       258-3.65510E+00 5.00000E+00 1.82359E+02
 -1       259-6.56246E+00 5.00000E+00 1.83897E+02
 -1       260-8.02657E+00 5.00000E+00 1.85361E+02
 -1       261-9.83889E+00 5.00000E+00 1.88292E+02
 -1       262-1.03748E+01 5.00000E+00 1.90292E+02
 -1       263-1.01904E+01 5.00000E+00 1.93639E+02
 -1       264-9.65452E+00 5.00000E+00 1.95639E+02
 -1       265-8.10750E+00 5.00000E+00 1.98545E+02
 -1       266-6.64340E+00 5.00000E+00 2.00009E+02
 -1       267 3.41624E+00-5.00000E+00 2.04750E+02
 -1       268 9.33333E+00-5.00000E+00 1.82667E+02
 -1       269-3.47208E+00-5.00000E+00 2.04541E+02
 -1       270-9.28680E+00-5.00000E+00 2.01090E+02
 -1       271-1.27496E+01-5.00000E+00 1.88584E+02
 -1       272-1.23808E+01-5.00000E+00 1.95279E+02
 -1       273-9.12493E+00-5.00000E+00 1.82723E+02
 -1       274 3.26367E+00-5.00000E+00 1.79403E+02
 -1       275 1.25970E+01-5.00000E+00 1.88736E+02
 -1       276-3.31021E+00-5.00000E+00 1.79646E+02
 -1       277 9.27749E+00-5.00000E+00 2.01125E+02
 -1       278 1.23539E+01-5.00000E+00 1.95310E+02
 -1       279 1.70812E+00-5.00000E+00 2.08375E+02
 -1       280 6.70812E+00-5.00000E+00 2.07035E+02
 -1       281-6.73604E+00-5.00000E+00 2.06931E+02
 -1       282-1.73604E+00-5.00000E+00 2.08271E+02
 -1       283-2.79210E-02-5.00000E+00 2.04645E+02
 -1       284 3.70812E+00-5.00000E+00 2.01839E+02
 -1       285 1.70812E+00-5.00000E+00 2.02375E+02
 -1       286-1.73604E+00-5.00000E+00 2.02271E+02
 -1       287-3.73604E+00-5.00000E+00 2.01735E+02
 -1       288 9.63875E+00-5.00000E+00 2.05223E+02
 -1       289 1.32990E+01-5.00000E+00 2.01562E+02
 -1       290 6.34686E+00-5.00000E+00 2.02937E+02
 -1       291 1.48372E+01-5.00000E+00 1.98655E+02
 -1       292 1.61769E+01-5.00000E+00 1.93655E+02
 -1       293 1.08157E+01-5.00000E+00 1.98218E+02
 -1       294 1.62985E+01-5.00000E+00 1.90368E+02
 -1       295 1.49588E+01-5.00000E+00 1.85368E+02
 -1       296 1.24754E+01-5.00000E+00 1.92023E+02
 -1       297 1.33269E+01-5.00000E+00 1.82333E+02
 -1       298 9.66667E+00-5.00000E+00 1.78673E+02
 -1       299 1.09652E+01-5.00000E+00 1.85701E+02
 -1       300 6.63184E+00-5.00000E+00 1.77041E+02
 -1       301 1.63184E+00-5.00000E+00 1.75701E+02
 -1       302 6.29850E+00-5.00000E+00 1.81035E+02
 -1       303-1.65510E+00-5.00000E+00 1.75823E+02
 -1       304-6.65510E+00-5.00000E+00 1.77163E+02
 -1       305-2.32675E-02-5.00000E+00 1.79525E+02
 -1       306-9.56246E+00-5.00000E+00 1.78701E+02
 -1       307-1.32227E+01-5.00000E+00 1.82361E+02
 -1       308-6.21757E+00-5.00000E+00 1.81184E+02
 -1       309-1.50350E+01-5.00000E+00 1.85292E+02
 -1       310-1.63748E+01-5.00000E+00 1.90292E+02
 -1       311-1.09372E+01-5.00000E+00 1.85653E+02
 -1       312-1.61904E+01-5.00000E+00 1.93639E+02
 -1       313-1.48507E+01-5.00000E+00 1.98639E+02
 -1       314-1.25652E+01-5.00000E+00 1.91931E+02
 -1       315-1.33037E+01-5.00000E+00 2.01545E+02
 -1       316-9.64340E+00-5.00000E+00 2.05205E+02
 -1       317-1.08338E+01-5.00000E+00 1.98185E+02
 -1       318-6.37944E+00-5.00000E+00 2.02816E+02
 -1       319 8.10285E+00-5.00000E+00 1.98562E+02
 -1       320 6.63875E+00-5.00000E+00 2.00027E+02
 -1       321 1.01769E+01-5.00000E+00 1.93655E+02
 -1       322 9.64104E+00-5.00000E+00 1.95655E+02
 -1       323 9.76261E+00-5.00000E+00 1.88368E+02
 -1       324 1.02985E+01-5.00000E+00 1.90368E+02
 -1       325 6.66667E+00-5.00000E+00 1.83869E+02
 -1       326 8.13077E+00-5.00000E+00 1.85333E+02
 -1       327 1.63184E+00-5.00000E+00 1.81701E+02
 -1       328 3.63184E+00-5.00000E+00 1.82237E+02
 -1       329-3.65510E+00-5.00000E+00 1.82359E+02
 -1       330-1.65510E+00-5.00000E+00 1.81823E+02
 -1       331-8.02657E+00-5.00000E+00 1.85361E+02
 -1       332-6.56246E+00-5.00000E+00 1.83897E+02
 -1       333-1.03748E+01-5.00000E+00 1.90292E+02
 -1       334-9.83889E+00-5.00000E+00 1.88292E+02
 -1       335-9.65452E+00-5.00000E+00 1.95639E+02
 -1       336-1.01904E+01-5.00000E+00 1.93639E+02
 -1       337-6.64340E+00-5.00000E+00 2.00009E+02
 -1       338-8.10750E+00-5.00000E+00 1.98545E+02
 -1       339-7.75117E+00 4.09069E-04 1.93980E+02
 -1       340-5.90063E+00 8.58439E-03 1.97402E+02
 -1       341 5.90063E+00 8.58439E-03 1.97402E+02
 -1       342 7.75117E+00 4.09069E-04 1.93980E+02
 -1       343-7.72741E+00 0.00000E+00 1.89929E+02
 -1       344-5.65685E+00 0.00000E+00 1.86343E+02
 -1       345-2.07055E+00 3.33333E+00 1.99727E+02
 -1       346-3.33039E+00 3.82036E-01 1.99274E+02
 -1       347 3.33039E+00 3.82036E-01 1.99274E+02
 -1       348 2.07055E+00 3.33333E+00 1.99727E+02
 -1       349 1.81662E+00-2.08377E+00 1.99791E+02
 -1       350-1.81662E+00-2.08377E+00 1.99791E+02
 -1       351-2.07055E+00 0.00000E+00 1.84273E+02
 -1       352 2.07055E+00 0.00000E+00 1.84273E+02
 -1       353 5.65685E+00-8.88178E-16 1.86343E+02
 -1       354 7.72741E+00 0.00000E+00 1.89929E+02
 -1       355 1.04421E+00 4.16667E+00 1.99932E+02
 -1       356 3.06147E+00 4.16667E+00 1.99391E+02
 -1       357-1.04421E+00 4.16667E+00 1.99932E+02
 -1       358-3.06147E+00 4.16667E+00 1.99391E+02
 -1       359-1.04421E+00 2.50000E+00 1.99932E+02
 -1       360 1.04421E+00 2.50000E+00 1.99932E+02
 -1       361 9.14302E-01-3.54188E+00 1.99948E+02
 -1       362 2.94013E+00-3.54188E+00 1.99440E+02
 -1       363-9.14302E-01-3.54188E+00 1.99948E+02
 -1       364-2.94013E+00-3.54188E+00 1.99440E+02
 -1       365 9.14302E-01-1.87522E+00 1.99948E+02
 -1       366-9.14302E-01-1.87522E+00 1.99948E+02
 -1       367 5.00878E+00 2.50429E+00 1.98238E+02
 -1       368 6.45261E+00 2.50429E+00 1.96729E+02
 -1       369 4.70943E+00 1.95310E-01 1.98467E+02
 -1       370 3.66927E+00 2.69102E+00 1.99109E+02
 -1       371 2.70998E+00 1.85768E+00 1.99527E+02
 -1       372 7.40887E+00 2.50020E+00 1.95018E+02
 -1       373 7.93755E+00 2.50020E+00 1.92998E+02
 -1       374 7.03712E+00 4.49673E-03 1.95805E+02
 -1       375 7.93156E+00 2.50000E+00 1.90956E+02
 -1       376 7.39104E+00 2.50000E+00 1.88939E+02
 -1       377 7.99986E+00 2.04534E-04 1.91953E+02
 -1       378 6.34683E+00 2.50000E+00 1.87130E+02
 -1       379 4.87009E+00 2.50000E+00 1.85653E+02
 -1       380 6.92820E+00 0.00000E+00 1.88000E+02
 -1       381 3.06147E+00 2.50000E+00 1.84609E+02
 -1       382 1.04421E+00 2.50000E+00 1.84068E+02
 -1       383 4.00000E+00 0.00000E+00 1.85072E+02
 -1       384-3.06147E+00 2.50000E+00 1.84609E+02
 -1       385-1.04421E+00 2.50000E+00 1.84068E+02
 -1       386-4.16528E-14 0.00000E+00 1.84000E+02
 -1       387-4.87009E+00 2.50000E+00 1.85653E+02
 -1       388-6.34683E+00 2.50000E+00 1.87130E+02
 -1       389-4.00000E+00 0.00000E+00 1.85072E+02
 -1       390-7.39104E+00 2.50000E+00 1.88939E+02
 -1       391-7.93156E+00 2.50000E+00 1.90956E+02
 -1       392-6.92820E+00 0.00000E+00 1.88000E+02
 -1       393-7.93755E+00 2.50020E+00 1.92998E+02
 -1       394-7.40887E+00 2.50020E+00 1.95018E+02
 -1       395-7.99986E+00 2.04534E-04 1.91953E+02
 -1       396-6.45261E+00 2.50429E+00 1.96729E+02
 -1       397-5.00878E+00 2.50429E+00 1.98238E+02
 -1       398-7.03712E+00 4.49673E-03 1.95805E+02
 -1       399-4.70943E+00 1.95310E-01 1.98467E+02
 -1       400-3.66927E+00 2.69102E+00 1.99109E+02
 -1       401-2.70998E+00 1.85768E+00 1.99527E+02
 -1       402 6.45261E+00-2.49571E+00 1.96729E+02
 -1       403 5.00878E+00-2.49571E+00 1.98238E+02
 -1       404 3.66927E+00-2.30898E+00 1.99109E+02
 -1       405 2.58646E+00-8.50865E-01 1.99570E+02
 -1       406 7.93755E+00-2.49980E+00 1.92998E+02
 -1       407 7.40887E+00-2.49980E+00 1.95018E+02
 -1       408 7.39104E+00-2.50000E+00 1.88939E+02
 -1       409 7.93156E+00-2.50000E+00 1.90956E+02
 -1       410 4.87009E+00-2.50000E+00 1.85653E+02
 -1       411 6.34683E+00-2.50000E+00 1.87130E+02
 -1       412 1.04421E+00-2.50000E+00 1.84068E+02
 -1       413 3.06147E+00-2.50000E+00 1.84609E+02
 -1       414-1.04421E+00-2.50000E+00 1.84068E+02
 -1       415-3.06147E+00-2.50000E+00 1.84609E+02
 -1       416-6.34683E+00-2.50000E+00 1.87130E+02
 -1       417-4.87009E+00-2.50000E+00 1.85653E+02
 -1       418-7.93156E+00-2.50000E+00 1.90956E+02
 -1       419-7.39104E+00-2.50000E+00 1.88939E+02
 -1       420-7.40887E+00-2.49980E+00 1.95018E+02
 -1       421-7.93755E+00-2.49980E+00 1.92998E+02
 -1       422-5.00878E+00-2.49571E+00 1.98238E+02
 -1       423-6.45261E+00-2.49571E+00 1.96729E+02
 -1       424-3.66927E+00-2.30898E+00 1.99109E+02
 -1       425-2.58646E+00-8.50865E-01 1.99570E+02
 -1       426 9.14302E-01-2.08549E-01 1.99948E+02
 -1       427-9.14302E-01-2.08549E-01 1.99948E+02
 -1       428-1.70432E+00 1.02435E+00 1.99816E+02
 -1       429 1.70432E+00 1.02435E+00 1.99816E+02
 -1       430-5.00000E+00 0.00000E+00 1.14000E+02
 -1       431 5.00000E+00 0.00000E+00 1.14000E+02
 -1       432 0.00000E+00-3.00000E+00 1.14000E+02
 -1       433 0.00000E+00 3.00000E+00 1.14000E+02
 -1       434 0.00000E+00 0.00000E+00 4.80000E+01
 -1       435-2.50000E+00 1.50000E+00 4.80000E+01
 -1       436-2.50000E+00-1.50000E+00 4.80000E+01
 -1       437 2.50000E+00-1.50000E+00 4.80000E+01
 -1       438 2.50000E+00 1.50000E+00 4.80000E+01
 -1       439 0.00000E+00 0.00000E+00 1.80000E+02
 -1       440-2.50000E+00-1.50000E+00 1.80000E+02
 -1       441-2.50000E+00 1.50000E+00 1.80000E+02
 -1       442 2.50000E+00-1.50000E+00 1.80000E+02
 -1       443 2.50000E+00 1.50000E+00 1.80000E+02
 -1       444 7.24693E+00 0.00000E+00 7.50459E+01
 -1       445-7.24693E+00 0.00000E+00 7.50459E+01
 -1       446 1.40000E+01 0.00000E+00 7.22487E+01
 -1       447-1.40000E+01 0.00000E+00 7.22487E+01
 -1       448 1.97990E+01 0.00000E+00 6.77990E+01
 -1       449 2.42487E+01 0.00000E+00 6.20000E+01
 -1       450 2.70459E+01 0.00000E+00 5.52469E+01
 -1       451 2.80000E+01 0.00000E+00 4.80000E+01
 -1       452 2.70459E+01 0.00000E+00 4.07531E+01
 -1       453 1.97990E+01 0.00000E+00 2.82010E+01
 -1       454 2.42487E+01 0.00000E+00 3.40000E+01
 -1       455 7.24693E+00 0.00000E+00 2.09541E+01
 -1       456-1.70654E-13 0.00000E+00 2.00000E+01
 -1       457 1.40000E+01 0.00000E+00 2.37513E+01
 -1       458-7.24693E+00 0.00000E+00 2.09541E+01
 -1       459-1.40000E+01 0.00000E+00 2.37513E+01
 -1       460-1.97990E+01 0.00000E+00 2.82010E+01
 -1       461-2.42487E+01 0.00000E+00 3.40000E+01
 -1       462-2.70459E+01 0.00000E+00 4.07531E+01
 -1       463-2.70459E+01 0.00000E+00 5.52469E+01
 -1       464-2.42487E+01 0.00000E+00 6.20000E+01
 -1       465-2.80000E+01 0.00000E+00 4.80000E+01
 -1       466-1.97990E+01 0.00000E+00 6.77990E+01
 -1       467-7.17433E-15 5.00000E+00 4.80000E+01
 -1       468-3.75129E+00 5.00000E+00 6.20000E+01
 -1       469-1.40000E+01 5.00000E+00 5.17513E+01
 -1       470 3.75129E+00 5.00000E+00 3.40000E+01
 -1       471 1.40000E+01 5.00000E+00 4.42487E+01
 -1       472 1.02487E+01 5.00000E+00 5.82487E+01
 -1       473-1.02487E+01 5.00000E+00 3.77513E+01
 -1       474 5.12436E+00 5.00000E+00 6.71244E+01
 -1       475-1.40000E+01 5.00000E+00 6.20000E+01
 -1       476 1.91244E+01 5.00000E+00 5.31244E+01
 -1       477 1.40000E+01 5.00000E+00 3.40000E+01
 -1       478 9.56218E+00 5.00000E+00 6.96865E+01
 -1       479 2.56218E+00 5.00000E+00 7.15622E+01
 -1       480-1.87564E+00 5.00000E+00 6.90000E+01
 -1       481-8.87564E+00 5.00000E+00 6.71244E+01
 -1       482 6.86533E-01 5.00000E+00 6.45622E+01
 -1       483 1.72487E+01 5.00000E+00 6.01244E+01
 -1       484 1.21244E+01 5.00000E+00 6.52487E+01
 -1       485 7.68653E+00 5.00000E+00 6.26865E+01
 -1       486 2.35622E+01 5.00000E+00 5.05622E+01
 -1       487 2.16865E+01 5.00000E+00 5.75622E+01
 -1       488 1.46865E+01 5.00000E+00 5.56865E+01
 -1       489 1.91244E+01 5.00000E+00 3.91244E+01
 -1       490 2.10000E+01 5.00000E+00 4.61244E+01
 -1       491 1.65622E+01 5.00000E+00 4.86865E+01
 -1       492 1.40000E+01 5.00000E+00 2.88756E+01
 -1       493 1.91244E+01 5.00000E+00 3.40000E+01
 -1       494 1.40000E+01 5.00000E+00 3.91244E+01
 -1       495 1.87564E+00 5.00000E+00 2.70000E+01
 -1       496 8.87564E+00 5.00000E+00 2.88756E+01
 -1       497 8.87564E+00 5.00000E+00 3.40000E+01
 -1       498-1.21244E+01 5.00000E+00 3.07513E+01
 -1       499-5.12436E+00 5.00000E+00 2.88756E+01
 -1       500-3.24871E+00 5.00000E+00 3.58756E+01
 -1       501-1.72487E+01 5.00000E+00 3.58756E+01
 -1       502-2.10000E+01 5.00000E+00 4.98756E+01
 -1       503-1.91244E+01 5.00000E+00 4.28756E+01
 -1       504-1.21244E+01 5.00000E+00 4.47513E+01
 -1       505-1.91244E+01 5.00000E+00 5.68756E+01
 -1       506-1.40000E+01 5.00000E+00 6.71244E+01
 -1       507-1.91244E+01 5.00000E+00 6.20000E+01
 -1       508-1.40000E+01 5.00000E+00 5.68756E+01
 -1       509-8.87564E+00 5.00000E+00 6.20000E+01
 -1       510-7.00000E+00 5.00000E+00 4.98756E+01
 -1       511-8.87564E+00 5.00000E+00 5.68756E+01
 -1       512-1.87564E+00 5.00000E+00 5.50000E+01
 -1       513 3.24871E+00 5.00000E+00 6.01244E+01
 -1       514 5.12436E+00 5.00000E+00 5.31244E+01
 -1       515-5.12436E+00 5.00000E+00 4.28756E+01
 -1       516 7.00000E+00 5.00000E+00 4.61244E+01
 -1       517 8.87564E+00 5.00000E+00 3.91244E+01
 -1       518 1.87564E+00 5.00000E+00 4.10000E+01
 -1       519 1.21244E+01 5.00000E+00 5.12487E+01
 -1       520-7.17433E-15-5.00000E+00 4.80000E+01
 -1       521-3.75129E+00-5.00000E+00 6.20000E+01
 -1       522-1.40000E+01-5.00000E+00 5.17513E+01
 -1       523 3.75129E+00-5.00000E+00 3.40000E+01
 -1       524 1.40000E+01-5.00000E+00 4.42487E+01
 -1       525 1.02487E+01-5.00000E+00 5.82487E+01
 -1       526-1.02487E+01-5.00000E+00 3.77513E+01
 -1       527 5.12436E+00-5.00000E+00 6.71244E+01
 -1       528-1.40000E+01-5.00000E+00 6.20000E+01
 -1       529 1.91244E+01-5.00000E+00 5.31244E+01
 -1       530 1.40000E+01-5.00000E+00 3.40000E+01
 -1       531 2.56218E+00-5.00000E+00 7.15622E+01
 -1       532 9.56218E+00-5.00000E+00 6.96865E+01
 -1       533-8.87564E+00-5.00000E+00 6.71244E+01
 -1       534-1.87564E+00-5.00000E+00 6.90000E+01
 -1       535 6.86533E-01-5.00000E+00 6.45622E+01
 -1       536 1.21244E+01-5.00000E+00 6.52487E+01
 -1       537 1.72487E+01-5.00000E+00 6.01244E+01
 -1       538 7.68653E+00-5.00000E+00 6.26865E+01
 -1       539 2.16865E+01-5.00000E+00 5.75622E+01
 -1       540 2.35622E+01-5.00000E+00 5.05622E+01
 -1       541 1.46865E+01-5.00000E+00 5.56865E+01
 -1       542 2.10000E+01-5.00000E+00 4.61244E+01
 -1       543 1.91244E+01-5.00000E+00 3.91244E+01
 -1       544 1.65622E+01-5.00000E+00 4.86865E+01
 -1       545 1.91244E+01-5.00000E+00 3.40000E+01
 -1       546 1.40000E+01-5.00000E+00 2.88756E+01
 -1       547 1.40000E+01-5.00000E+00 3.91244E+01
 -1       548 8.87564E+00-5.00000E+00 2.88756E+01
 -1       549 1.87564E+00-5.00000E+00 2.70000E+01
 -1       550 8.87564E+00-5.00000E+00 3.40000E+01
 -1       551-5.12436E+00-5.00000E+00 2.88756E+01
 -1       552-1.21244E+01-5.00000E+00 3.07513E+01
 -1       553-3.24871E+00-5.00000E+00 3.58756E+01
 -1       554-1.72487E+01-5.00000E+00 3.58756E+01
 -1       555-1.91244E+01-5.00000E+00 4.28756E+01
 -1       556-2.10000E+01-5.00000E+00 4.98756E+01
 -1       557-1.21244E+01-5.00000E+00 4.47513E+01
 -1       558-1.91244E+01-5.00000E+00 5.68756E+01
 -1       559-1.91244E+01-5.00000E+00 6.20000E+01
 -1       560-1.40000E+01-5.00000E+00 6.71244E+01
 -1       561-1.40000E+01-5.00000E+00 5.68756E+01
 -1       562-8.87564E+00-5.00000E+00 6.20000E+01
 -1       563-1.87564E+00-5.00000E+00 5.50000E+01
 -1       564-8.87564E+00-5.00000E+00 5.68756E+01
 -1       565-7.00000E+00-5.00000E+00 4.98756E+01
 -1       566 5.12436E+00-5.00000E+00 5.31244E+01
 -1       567 3.24871E+00-5.00000E+00 6.01244E+01
 -1       568-5.12436E+00-5.00000E+00 4.28756E+01
 -1       569 1.87564E+00-5.00000E+00 4.10000E+01
 -1       570 8.87564E+00-5.00000E+00 3.91244E+01
 -1       571 7.00000E+00-5.00000E+00 4.61244E+01
 -1       572 1.21244E+01-5.00000E+00 5.12487E+01
 -1       573 1.52876E+01-7.21677E-17 1.95835E+02
 -1       574 9.27495E+00 0.00000E+00 2.02785E+02
 -1       575 1.87907E+00 1.77636E-15 2.04591E+02
 -1       576 1.63041E+01-2.50000E+00 1.98918E+02
 -1       577 1.76438E+01-2.50000E+00 1.93918E+02
 -1       578 1.63041E+01 2.50000E+00 1.98918E+02
 -1       579 1.76438E+01 2.50000E+00 1.93918E+02
 -1       580 5.70194E+00 2.50000E+00 1.83470E+02
 -1       581 7.49509E+00 2.50000E+00 1.84505E+02
 -1       582 5.70194E+00-2.50000E+00 1.83470E+02
 -1       583 7.49509E+00-2.50000E+00 1.84505E+02
 -1       584 9.33333E+00 0.00000E+00 1.82667E+02
 -1       585 5.96561E-01 2.50000E+00 1.81838E+02
 -1       586 2.66711E+00 2.50000E+00 1.81838E+02
 -1       587 5.96561E-01-2.50000E+00 1.81838E+02
 -1       588 2.66711E+00-2.50000E+00 1.81838E+02
 -1       589 3.26367E+00 0.00000E+00 1.79403E+02
 -1       590-7.39089E+00-2.50000E+00 1.84533E+02
 -1       591-9.12493E+00 0.00000E+00 1.82723E+02
 -1       592-7.39089E+00 2.50000E+00 1.84533E+02
 -1       593-5.59774E+00 2.50000E+00 1.83498E+02
 -1       594-5.59774E+00-2.50000E+00 1.83498E+02
 -1       595 1.01622E+01 2.50000E+00 1.89333E+02
 -1       596 1.01741E+01 2.50020E+00 1.91358E+02
 -1       597 1.01741E+01-2.49980E+00 1.91358E+02
 -1       598 1.25970E+01 0.00000E+00 1.88736E+02
 -1       599 1.01622E+01-2.50000E+00 1.89333E+02
 -1       600-9.14074E+00 2.50429E+00 1.96341E+02
 -1       601-1.00660E+01 2.50020E+00 1.94629E+02
 -1       602-1.00660E+01-2.49980E+00 1.94629E+02
 -1       603-1.23808E+01 0.00000E+00 1.95279E+02
 -1       604-9.14074E+00-2.49571E+00 1.96341E+02
 -1       605-6.30859E+00 2.69102E+00 2.00182E+02
 -1       606-3.40123E+00 2.69102E+00 2.01908E+02
 -1       607-3.47208E+00 0.00000E+00 2.04541E+02
 -1       608-3.40123E+00-2.30898E+00 2.01908E+02
 -1       609-6.37944E+00 0.00000E+00 2.02816E+02
 -1       610 6.29850E+00 0.00000E+00 1.81035E+02
 -1       611-6.30859E+00-2.30898E+00 2.00182E+02
 -1       612-9.28680E+00 0.00000E+00 2.01090E+02
 -1       613 1.24754E+01 0.00000E+00 1.92023E+02
 -1       614 1.00525E+01-2.49980E+00 1.94645E+02
 -1       615-6.21757E+00 0.00000E+00 1.81184E+02
 -1       616-2.69038E+00 2.50000E+00 1.81959E+02
 -1       617-2.69038E+00-2.50000E+00 1.81959E+02
 -1       618-2.32675E-02 0.00000E+00 1.79525E+02
 -1       619-7.59371E+00 2.50429E+00 1.99246E+02
 -1       620-1.08338E+01 0.00000E+00 1.98185E+02
 -1       621-7.59371E+00-2.49571E+00 1.99246E+02
 -1       622 1.00525E+01 2.50020E+00 1.94645E+02
 -1       623 1.23539E+01 0.00000E+00 1.95310E+02
 -1       624-3.31021E+00 0.00000E+00 1.79646E+02
 -1       625 9.39533E-01 8.33333E-01 2.02296E+02
 -1       626 9.39533E-01-8.33333E-01 2.02296E+02
 -1       627 3.12217E-02-1.04188E+00 2.02191E+02
 -1       628-2.77132E+00 4.16667E+00 2.02134E+02
 -1       629-1.73604E+00 3.33333E+00 2.02271E+02
 -1       630-7.25661E-01 1.91018E-01 2.01933E+02
 -1       631-1.27496E+01 0.00000E+00 1.88584E+02
 -1       632-1.63748E+01 0.00000E+00 1.90292E+02
 -1       633-1.25652E+01 0.00000E+00 1.91931E+02
 -1       634-1.73604E+00 0.00000E+00 2.08271E+02
 -1       635-7.96507E-01 2.50000E+00 2.04566E+02
 -1       636-7.96507E-01-2.50000E+00 2.04566E+02
 -1       637 9.39533E-01 2.50000E+00 2.08296E+02
 -1       638 9.12693E+00 2.50000E+00 1.87540E+02
 -1       639 9.12693E+00-2.50000E+00 1.87540E+02
 -1       640-8.42617E+00-2.50000E+00 1.86326E+02
 -1       641-8.42617E+00 2.50000E+00 1.86326E+02
 -1       642-9.64340E+00 0.00000E+00 2.05205E+02
 -1       643-1.48507E+01 0.00000E+00 1.98639E+02
 -1       644-2.64435E+00-3.54188E+00 2.02166E+02
 -1       645-1.00541E+01 2.50000E+00 1.92604E+02
 -1       646-1.00541E+01-2.50000E+00 1.92604E+02
 -1       647 2.74339E+00 4.16667E+00 2.02238E+02
 -1       648 3.37331E+00 2.69102E+00 2.02012E+02
 -1       649 9.12725E+00 2.50429E+00 1.96356E+02
 -1       650 7.58779E+00 4.29219E-03 2.00093E+02
 -1       651 1.08144E+01 2.50000E+00 1.99047E+02
 -1       652 8.51306E+00 2.04534E-04 1.98382E+02
 -1       653 9.12725E+00-2.49571E+00 1.96356E+02
 -1       654 1.08144E+01-2.50000E+00 1.99047E+02
 -1       655-1.50350E+01 0.00000E+00 1.85292E+02
 -1       656-6.73604E+00 0.00000E+00 2.06931E+02
 -1       657-1.33037E+01 0.00000E+00 2.01545E+02
 -1       658-1.61904E+01 0.00000E+00 1.93639E+02
 -1       659 5.54579E+00-1.04188E+00 2.01288E+02
 -1       660 6.30267E+00 1.91018E-01 2.01029E+02
 -1       661 6.63748E+00-2.50000E+00 2.00856E+02
 -1       662 1.09652E+01 0.00000E+00 1.85701E+02
 -1       663 1.33269E+01 0.00000E+00 1.82333E+02
 -1       664 9.66667E+00 0.00000E+00 1.78673E+02
 -1       665-1.09372E+01 0.00000E+00 1.85653E+02
 -1       666-1.02385E+01-2.50000E+00 1.89257E+02
 -1       667-1.02385E+01 2.50000E+00 1.89257E+02
 -1       668 6.63184E+00 0.00000E+00 1.77041E+02
 -1       669-1.32227E+01 0.00000E+00 1.82361E+02
 -1       670 1.49588E+01 0.00000E+00 1.85368E+02
 -1       671 1.63184E+00 0.00000E+00 1.75701E+02
 -1       672-9.56246E+00 0.00000E+00 1.78701E+02
 -1       673-6.65510E+00 0.00000E+00 1.77163E+02
 -1       674-1.65510E+00 0.00000E+00 1.75823E+02
 -1       675 1.38207E+01-2.50000E+00 1.95573E+02
 -1       676 1.38207E+01 2.50000E+00 1.95573E+02
 -1       677 1.22813E+01-3.60838E-17 1.99310E+02
 -1       678 7.58906E+00-2.49571E+00 1.99264E+02
 -1       679 9.39533E-01-2.50000E+00 2.08296E+02
 -1       680 7.58906E+00 2.50429E+00 1.99264E+02
 -1       681 1.62985E+01 0.00000E+00 1.90368E+02
 -1       682 2.61643E+00-3.54188E+00 2.02270E+02
 -1       683 6.34559E+00-2.50000E+00 2.03767E+02
 -1       684 9.27622E+00-2.50000E+00 2.01955E+02
 -1       685 9.27622E+00 2.50000E+00 2.01955E+02
 -1       686 6.30394E+00 2.69102E+00 2.00199E+02
 -1       687 1.32977E+01 2.50000E+00 2.02392E+02
 -1       688 9.63748E+00-2.50000E+00 2.06053E+02
 -1       689 1.32977E+01-2.50000E+00 2.02392E+02
 -1       690 1.97481E+00 1.66667E+00 2.02159E+02
 -1       691 2.64765E+00 2.50000E+00 2.04670E+02
 -1       692 2.60473E+00 1.91018E-01 2.01933E+02
 -1       693 5.93953E+00 2.50000E+00 2.06956E+02
 -1       694 9.39533E-01 2.50000E+00 2.02296E+02
 -1       695 1.84784E+00-1.04188E+00 2.02191E+02
 -1       696 9.63748E+00 2.50000E+00 2.06053E+02
 -1       697 5.93953E+00-2.50000E+00 2.06956E+02
 -1       698 6.34559E+00 2.50000E+00 2.03767E+02
 -1       699 5.57701E+00 8.88178E-16 2.03688E+02
 -1       700 2.64765E+00-2.50000E+00 2.04670E+02
 -1       701 9.39533E-01-2.50000E+00 2.02296E+02
 -1       702 1.39423E+01-2.50000E+00 1.92286E+02
 -1       703 1.39423E+01 2.50000E+00 1.92286E+02
 -1       704-2.50000E+00-1.50000E+00 1.14000E+02
 -1       705-2.50000E+00 1.50000E+00 1.14000E+02
 -1       706 0.00000E+00 0.00000E+00 1.14000E+02
 -1       707 2.50000E+00 1.50000E+00 1.14000E+02
 -1       708 2.50000E+00-1.50000E+00 1.14000E+02
 -1       709 8.97538E+00-8.97666E-01 6.54932E+01
 -1       710 5.93538E+00-1.29602E-02 2.59214E+01
 -1       711-6.01192E+00-5.00000E-01 2.83632E+01
 -1       712-3.00596E+00-2.75000E+00 2.41816E+01
 -1       713-1.13032E+00-2.75000E+00 3.11816E+01
 -1       714-8.13032E+00-2.75000E+00 3.30572E+01
 -1       715-1.00060E+01-2.75000E+00 2.60572E+01
 -1       716 8.87564E+00 0.00000E+00 2.88756E+01
 -1       717 3.75129E+00 0.00000E+00 3.40000E+01
 -1       718 4.84333E+00 2.49352E+00 2.99607E+01
 -1       719 4.84333E+00-2.50648E+00 2.99607E+01
 -1       720 9.96769E+00-2.50648E+00 2.48364E+01
 -1       721 9.96769E+00 2.49352E+00 2.48364E+01
 -1       722 5.12436E+00 0.00000E+00 6.71244E+01
 -1       723 9.56218E+00 0.00000E+00 6.96865E+01
 -1       724 1.14877E+01-2.94883E+00 6.88709E+01
 -1       725 7.04987E+00 2.05117E+00 6.63088E+01
 -1       726 7.04987E+00-2.94883E+00 6.63088E+01
 -1       727 1.87564E+00 0.00000E+00 2.70000E+01
 -1       728 2.96769E+00 2.49352E+00 2.29607E+01
 -1       729-1.21244E+01 0.00000E+00 3.07513E+01
 -1       730-8.13032E+00 2.25000E+00 3.30572E+01
 -1       731-1.00060E+01 2.25000E+00 2.60572E+01
 -1       732 2.96769E+00-2.50648E+00 2.29607E+01
 -1       733 1.40000E+01 0.00000E+00 2.88756E+01
 -1       734 8.87564E+00 0.00000E+00 3.40000E+01
 -1       735 1.40000E+01 0.00000E+00 3.40000E+01
 -1       736 1.91244E+01 0.00000E+00 5.31244E+01
 -1       737 1.46865E+01 0.00000E+00 5.56865E+01
 -1       738 1.65622E+01 0.00000E+00 4.86865E+01
 -1       739 1.40000E+01 0.00000E+00 3.91244E+01
 -1       740-8.87564E+00 0.00000E+00 6.20000E+01
 -1       741-1.40000E+01 0.00000E+00 6.71244E+01
 -1       742-1.40000E+01 0.00000E+00 6.20000E+01
 -1       743 2.35622E+01 0.00000E+00 5.05622E+01
 -1       744-1.02487E+01 0.00000E+00 3.77513E+01
 -1       745 7.00000E+00 0.00000E+00 4.61244E+01
 -1       746 1.87564E+00 0.00000E+00 4.10000E+01
 -1       747 5.12436E+00 0.00000E+00 5.31244E+01
 -1       748 8.87564E+00 0.00000E+00 3.91244E+01
 -1       749 1.21244E+01 0.00000E+00 5.12487E+01
 -1       750 1.02487E+01 0.00000E+00 5.82487E+01
 -1       751-1.87564E+00 0.00000E+00 5.50000E+01
 -1       752 1.40000E+01 0.00000E+00 4.42487E+01
 -1       753 3.24871E+00 0.00000E+00 6.01244E+01
 -1       754-3.75129E+00 0.00000E+00 6.20000E+01
 -1       755 2.56218E+00 0.00000E+00 7.15622E+01
 -1       756 2.16865E+01 0.00000E+00 5.75622E+01
 -1       757 1.91244E+01 0.00000E+00 3.40000E+01
 -1       758-1.91244E+01 0.00000E+00 6.20000E+01
 -1       759 6.86533E-01 0.00000E+00 6.45622E+01
 -1       760-1.87564E+00 0.00000E+00 6.90000E+01
 -1       761 1.14877E+01 2.05117E+00 6.88709E+01
 -1       762-8.87564E+00 0.00000E+00 6.71244E+01
 -1       763 2.10000E+01 0.00000E+00 4.61244E+01
 -1       764-3.24871E+00 0.00000E+00 3.58756E+01
 -1       765 1.91244E+01 0.00000E+00 3.91244E+01
 -1       766 9.61204E+00-2.94883E+00 6.18709E+01
 -1       767-1.40000E+01 0.00000E+00 5.68756E+01
 -1       768-2.10000E+01 0.00000E+00 4.98756E+01
 -1       769 1.72487E+01 0.00000E+00 6.01244E+01
 -1       770-8.87564E+00 0.00000E+00 5.68756E+01
 -1       771-7.00000E+00 0.00000E+00 4.98756E+01
 -1       772-5.12436E+00 0.00000E+00 4.28756E+01
 -1       773-1.91244E+01 0.00000E+00 4.28756E+01
 -1       774-1.40000E+01 0.00000E+00 5.17513E+01
 -1       775-1.91244E+01 0.00000E+00 5.68756E+01
 -1       776-1.21244E+01 0.00000E+00 4.47513E+01
 -1       777-1.72487E+01 0.00000E+00 3.58756E+01
 -1       778 9.61204E+00 2.05117E+00 6.18709E+01
 -1       779 1.66120E+01-2.94883E+00 6.37466E+01
 -1       780 2.61204E+00 2.05117E+00 6.37466E+01
 -1       781 2.61204E+00-2.94883E+00 6.37466E+01
 -1       782-3.00596E+00 2.25000E+00 2.41816E+01
 -3
    3C                           339                                     1
 -1       388    6    0    1
 -2        41        40        16       573        52       179       177       577       576       578
 -1       389    6    0    1
 -2        41        16        17       573       177        28       178       577       578       579
 -1       390    6    0    1
 -2       353       352       196       268       383       580       581       583       582       584
 -1       391    6    0    1
 -2       352       351       202       274       386       585       586       588       587       589
 -1       392    6    0    1
 -2       201       344       273       351       592       590       591       593       389       594
 -1       393    6    0    1
 -2       203       342       354       275       596       377       595       598       597       599
 -1       394    6    0    1
 -2       200       339       340       272       601       398       600       603       602       604
 -1       395    6    0    1
 -2       346       197       198       269       606       246       605       608       607       609
 -1       396    6    0    1
 -2       274       196       352       268       610       580       588       302       584       582
 -1       397    6    0    1
 -2       198       270       346       269       612       611       605       609       318       608
 -1       398    6    0    1
 -2       196       352       202       274       580       586       230       610       588       589
 -1       399    6    0    1
 -2       342       203       278       275       596       613       614       597       598       296
 -1       400    6    0    1
 -2       204       201       273       351       236       591       615       616       593       594
 -1       401    6    0    1
 -2       276       202       351       274       618       585       617       305       589       587
 -1       402    6    0    1
 -2       272       340       198       270       604       619       620       317       621       612
 -1       403    6    0    1
 -2       278       342       206       203       614       622       623       613       596       224
 -1       404    6    0    1
 -2       276       204       273       351       624       615       308       617       616       594
 -1       405    6    0    1
 -2       351       276       204       202       617       624       616       585       618       233
 -1       406    6    0    1
 -2       200       340       198       272       600       619       245       603       604       620
 -1       407    6    0    1
 -2       198       340       346       270       619       399       605       612       621       611
 -1       408    6    0    1
 -2       108       109       350       575       111       427       366       626       625       627
 -1       409    6    0    1
 -2       345       346       109       197       401       428       359       628       606       629
 -1       410    6    0    1
 -2       109       346       350       575       428       425       427       625       630       627
 -1       411    6    0    1
 -2       199        47       271       272       632       310       631       633       312       314
 -1       412    6    0    1
 -2       269       197         1       575       607       209       634       636       635       637
 -1       413    6    0    1
 -2       353        65       354       203       378       376       380       638       252       595
 -1       414    6    0    1
 -2       354        88       353       275       408       411       380       599       323       639
 -1       415    6    0    1
 -2       344       273        92       343       590       331       416       392       640       419
 -1       416    6    0    1
 -2       343        69       344       201       390       388       392       641       260       592
 -1       417    6    0    1
 -2       269       198       270        49       609       612       318       281       642       316
 -1       418    6    0    1
 -2       198        24       200       272       244       240       245       620       643       603
 -1       419    6    0    1
 -2       269       350       346       575       644       425       608       636       627       630
 -1       420    6    0    1
 -2       346        95       350       269       424       364       425       608       287       644
 -1       421    6    0    1
 -2       342        87       354       275       406       409       377       597       324       599
 -1       422    6    0    1
 -2        64       342       354       203       373       377       375       251       596       595
 -1       423    6    0    1
 -2       343       339        70       200       395       393       391       645       601       263
 -1       424    6    0    1
 -2       272       343       339        93       646       395       602       336       418       421
 -1       425    6    0    1
 -2       195       348        62       347       647       356       213       648       371       370
 -1       426    6    0    1
 -2       206       341       342       574       649       374       622       651       650       652
 -1       427    6    0    1
 -2       342       341       278       574       374       653       614       652       650       654
 -1       428    6    0    1
 -2        72       346       345       197       400       401       358       214       606       628
 -1       429    6    0    1
 -2       278       206       342       574       623       622       614       654       651       652
 -1       430    6    0    1
 -2       272       339       340        94       602       398       604       335       420       423
 -1       431    6    0    1
 -2       199        46       271        47       655       309       631       632        58       310
 -1       432    6    0    1
 -2       340        71       339       200       396       394       398       600       264       601
 -1       433    6    0    1
 -2       341       278        86       342       653       322       402       374       614       407
 -1       434    6    0    1
 -2       206       341        63       342       649       368       249       622       374       372
 -1       435    6    0    1
 -2        25         1       269       197        37       634       656       210       209       607
 -1       436    6    0    1
 -2        48       270       198        49       315       612       657        60       316       642
 -1       437    6    0    1
 -2        24        23       200       272        35       241       240       643       658       603
 -1       438    6    0    1
 -2       347       349        85       574       405       362       404       660       659       661
 -1       439    6    0    1
 -2       196       275       268        42       662       299       584       663       295       297
 -1       440    6    0    1
 -2        43       196       274       268       664       610       300       298       584       302
 -1       441    6    0    1
 -2        46       273       199       271       307       665       655       309       311       631
 -1       442    6    0    1
 -2       197       346       109       575       606       428       629       635       630       625
 -1       443    6    0    1
 -2        65       353       196       203       378       581       253       252       638       227
 -1       444    6    0    1
 -2       268       353        88       275       583       411       326       299       639       323
 -1       445    6    0    1
 -2       271        92       273       343       334       331       311       666       419       640
 -1       446    6    0    1
 -2        69       343       199       201       390       667       261       260       641       239
 -1       447    6    0    1
 -2       196       202        43       274       230       668       664       610       589       300
 -1       448    6    0    1
 -2        46       199       273       201       655       665       307       669       239       591
 -1       449    6    0    1
 -2       275       196       203        42       662       227       598       295       663       670
 -1       450    6    0    1
 -2       198       197        25       269       246       210       243       609       607       656
 -1       451    6    0    1
 -2       199        23       272       200       237       658       633       242       241       603
 -1       452    6    0    1
 -2       202       276        44       274       618       303       671       589       305       301
 -1       453    6    0    1
 -2       273       204        21       201       615       231       672       591       236       235
 -1       454    6    0    1
 -2        48       272       198       270       313       620       657       315       317       612
 -1       455    6    0    1
 -2       273       276        21       204       308       673       672       615       624       231
 -1       456    6    0    1
 -2       204       276        44       202       624       303       674       233       618       671
 -1       457    6    0    1
 -2       343        70       199       200       391       262       667       645       263       242
 -1       458    6    0    1
 -2       343       272       271        93       646       314       666       418       336       333
 -1       459    6    0    1
 -2        95       346       340       270       424       399       422       337       611       621
 -1       460    6    0    1
 -2       346       197       269       575       606       607       608       630       635       636
 -1       461    6    0    1
 -2       206       278       573       574       623       675       676       651       654       677
 -1       462    6    0    1
 -2        87       342       278       275       406       614       321       324       597       296
 -1       463    6    0    1
 -2       342        64       206       203       373       250       622       596       251       224
 -1       464    6    0    1
 -2        18       203       196        42       222       227       226       181       670       663
 -1       465    6    0    1
 -2       199        46        22       201       655       188       238       239       669       234
 -1       466    6    0    1
 -2         3       345       109       197       357       359       112       215       628       629
 -1       467    6    0    1
 -2       199       272        23        47       633       658       237       632       312       193
 -1       468    6    0    1
 -2       272        94       340       270       335       423       604       317       338       621
 -1       469    6    0    1
 -2        71       340       198       200       396       619       265       264       600       245
 -1       470    6    0    1
 -2       198       269        25        49       609       656       243       642       281       175
 -1       471    6    0    1
 -2       277       278        86       341       293       322       319       678       653       402
 -1       472    6    0    1
 -2         2       269         1       575       282       634        38       679       636       637
 -1       473    6    0    1
 -2       206       205        63       341       221       248       249       649       680       368
 -1       474    6    0    1
 -2       346       270        95       269       611       337       424       608       318       287
 -1       475    6    0    1
 -2        21       276       273        45       673       308       672       189       304       306
 -1       476    6    0    1
 -2       198        48        24       272       657       192       244       620       313       643
 -1       477    6    0    1
 -2        42       196        43       268       663       664        54       297       584       298
 -1       478    6    0    1
 -2        43       202        44       274       668       671        55       300       589       301
 -1       479    6    0    1
 -2        17       275       203        42       681       598       223       180       295       670
 -1       480    6    0    1
 -2        46       273        21       201       307       672       187       669       591       235
 -1       481    6    0    1
 -2        44        21       276       204       185       673       303       674       231       624
 -1       482    6    0    1
 -2        85       349       267       574       362       682       284       661       659       683
 -1       483    6    0    1
 -2       277       278       341       574       293       653       678       684       654       650
 -1       484    6    0    1
 -2       206       205       341       574       221       680       649       651       685       650
 -1       485    6    0    1
 -2       341       347        85       574       369       404       403       650       660       661
 -1       486    6    0    1
 -2       195        62       205       347       213       247       218       648       370       686
 -1       487    6    0    1
 -2        72       340       346       198       397       399       400       266       619       605
 -1       488    6    0    1
 -2        39        16        40       574       176       179        51       688       687       689
 -1       489    6    0    1
 -2       205       347        62       341       686       370       247       680       369       367
 -1       490    6    0    1
 -2        72       198       346       197       266       605       400       214       246       606
 -1       491    6    0    1
 -2        21        44       276        45       185       303       673       189        56       304
 -1       492    6    0    1
 -2        22        23        46       199        34       190       188       238       237       655
 -1       493    6    0    1
 -2        46       199        23        47       655       237       190        58       632       193
 -1       494    6    0    1
 -2       196        19        18        42       225        30       226       663       182       181
 -1       495    6    0    1
 -2       272        23        48        24       658       191       313       643        35       192
 -1       496    6    0    1
 -2       272        48        23        47       313       191       658       312        59       193
 -1       497    6    0    1
 -2       195       348       347       575       647       371       648       691       690       692
 -1       498    6    0    1
 -2        21       273        46        45       672       307       187       189       306        57
 -1       499    6    0    1
 -2         2        25       269        49       173       656       282        61       175       281
 -1       500    6    0    1
 -2        21        22        46       201        33       188       187       235       234       669
 -1       501    6    0    1
 -2       203        18        17        42       222        29       223       670       181       180
 -1       502    6    0    1
 -2        25       269         1         2       656       634        37       173       282        38
 -1       503    6    0    1
 -2        48       198        25        49       657       243       194        60       642       175
 -1       504    6    0    1
 -2       198        25        24        48       243        36       244       657       194       192
 -1       505    6    0    1
 -2        15         2         1       575       172        38        26       693       679       637
 -1       506    6    0    1
 -2       277        40       278       574       289       291       293       684       689       654
 -1       507    6    0    1
 -2        15         1       195       575        26       208       207       693       637       691
 -1       508    6    0    1
 -2         3       197       109       575       215       629       112       694       635       625
 -1       509    6    0    1
 -2       278        40       573       574       291       576       675       654       689       677
 -1       510    6    0    1
 -2       196        43       202        19       664       668       230       225       183       229
 -1       511    6    0    1
 -2        20       204        44       202       232       674       186       228       233       671
 -1       512    6    0    1
 -2       353       196        66        65       581       254       379       378       253        77
 -1       513    6    0    1
 -2       343        69       199        70       390       261       667       391        81       262
 -1       514    6    0    1
 -2       343       271        92        93       666       334       419       418       333       104
 -1       515    6    0    1
 -2       353        88        89       268       411       100       410       583       326       325
 -1       516    6    0    1
 -2       108       349       109       575       365       426       111       626       695       625
 -1       517    6    0    1
 -2        94        95       340       270       106       422       423       338       337       621
 -1       518    6    0    1
 -2        89       352       274        90       413       588       328       101       412       327
 -1       519    6    0    1
 -2        67       202        66       352       256       255        78       382       586       381
 -1       520    6    0    1
 -2        64       354        65       203       375       376        76       251       595       252
 -1       521    6    0    1
 -2        91       273        92       344       332       331       103       417       590       416
 -1       522    6    0    1
 -2       344       201        69        68       592       260       388       387       259        80
 -1       523    6    0    1
 -2       354        87        88       275       409        99       408       599       324       323
 -1       524    6    0    1
 -2       347       348       109       575       371       360       429       692       690       625
 -1       525    6    0    1
 -2        16        39        15       574       176       174        27       687       688       696
 -1       526    6    0    1
 -2       340       198        72        71       619       266       397       396       265        83
 -1       527    6    0    1
 -2       277        86        85       341       319        97       320       678       402       403
 -1       528    6    0    1
 -2        62        63       205       341        74       248       247       367       368       680
 -1       529    6    0    1
 -2        85       277       341       574       320       678       403       661       684       650
 -1       530    6    0    1
 -2       351        91       276        90       415       329       617       414       102       330
 -1       531    6    0    1
 -2        68       204        67       351       258       257        79       384       616       385
 -1       532    6    0    1
 -2        21        44        20       204       185       186        32       231       674       232
 -1       533    6    0    1
 -2        42        43       196        19        54       664       663       182       183       225
 -1       534    6    0    1
 -2        86       342       278        87       407       614       322        98       406       321
 -1       535    6    0    1
 -2       206       342        63        64       622       372       249       250       373        75
 -1       536    6    0    1
 -2        17        41       275        42       178       294       681       180        53       295
 -1       537    6    0    1
 -2       202        20        19        43       228        31       229       668       184       183
 -1       538    6    0    1
 -2        43        44       202        20        55       671       668       184       186       228
 -1       539    6    0    1
 -2        39         2        15       575        50       172       174       697       679       693
 -1       540    6    0    1
 -2         3        62       195       348        73       213       212       355       356       647
 -1       541    6    0    1
 -2       339        94       272        93       420       335       602       421       105       336
 -1       542    6    0    1
 -2        71        70       339       200        82       393       394       264       263       601
 -1       543    6    0    1
 -2       205       195       347       574       218       648       686       685       698       660
 -1       544    6    0    1
 -2         1       197       195       575       209       211       208       637       635       691
 -1       545    6    0    1
 -2       195       347       574       575       648       660       698       691       692       699
 -1       546    6    0    1
 -2       267         2        39       575       279        50       280       700       679       697
 -1       547    6    0    1
 -2        15       195       574       575       207       698       696       693       691       699
 -1       548    6    0    1
 -2       267        39       574       575       280       688       683       700       697       699
 -1       549    6    0    1
 -2       205       347       341       574       686       369       680       685       660       650
 -1       550    6    0    1
 -2        85       267       277       574       284       290       320       661       683       684
 -1       551    6    0    1
 -2       205       206        16       574       221       220       216       685       651       687
 -1       552    6    0    1
 -2         3        72       345       197        84       358       357       215       214       628
 -1       553    6    0    1
 -2        16       206       573       574       220       676       578       687       651       677
 -1       554    6    0    1
 -2       573        40        16       574       576       179       578       677       689       687
 -1       555    6    0    1
 -2       109       349       347       575       426       405       429       625       695       692
 -1       556    6    0    1
 -2       267        85         4       349       284        96       285       682       362       361
 -1       557    6    0    1
 -2       195       197         3       575       211       215       212       691       635       694
 -1       558    6    0    1
 -2         4       269       267       575       286       283       285       701       636       700
 -1       559    6    0    1
 -2       574        39        15       575       688       174       696       699       697       693
 -1       560    6    0    1
 -2       278        40        41       573       291        52       292       675       576       577
 -1       561    6    0    1
 -2        39        40       277       574        51       289       288       688       689       684
 -1       562    6    0    1
 -2       350        95         4       269       364       107       363       644       287       286
 -1       563    6    0    1
 -2       267       269         2       575       283       282       279       700       636       679
 -1       564    6    0    1
 -2        17        16       206       573        28       220       219       579       578       676
 -1       565    6    0    1
 -2       205        16        15       574       216        27       217       685       687       696
 -1       566    6    0    1
 -2        15       195       205       574       207       218       217       696       698       685
 -1       567    6    0    1
 -2       267        39       277       574       280       288       290       683       688       684
 -1       568    6    0    1
 -2       275       573        41        17       702       577       294       681       579       178
 -1       569    6    0    1
 -2        41       573       275       278       577       702       294       292       675       296
 -1       570    6    0    1
 -2       275       203       573        17       598       703       702       681       223       579
 -1       571    6    0    1
 -2       573       203       275       278       703       598       702       675       613       296
 -1       572    6    0    1
 -2       203       206       573        17       224       676       703       223       219       579
 -1       573    6    0    1
 -2       573       206       203       278       676       224       703       675       623       613
 -1       574    6    0    1
 -2       343       272       199       271       646       633       667       666       314       631
 -1       575    6    0    1
 -2       272       343       200       339       646       645       603       602       395       601
 -1       576    6    0    1
 -2       343       272       200       199       646       603       645       667       633       242
 -1       577    6    0    1
 -2       273       343       199       271       640       667       665       311       666       631
 -1       578    6    0    1
 -2       273       343       201       199       640       641       591       665       667       239
 -1       579    6    0    1
 -2       343       273       201       344       640       591       641       392       590       592
 -1       580    6    0    1
 -2       196       275       353       268       662       639       581       584       299       583
 -1       581    6    0    1
 -2       275       353       203       196       639       638       598       662       581       227
 -1       582    6    0    1
 -2       353       275       203       354       639       598       638       380       599       595
 -1       583    6    0    1
 -2        89       352       268       274       413       582       325       328       588       302
 -1       584    6    0    1
 -2       352        89       268       353       413       325       582       383       410       583
 -1       585    6    0    1
 -2        66       196       352       202       254       580       381       255       230       586
 -1       586    6    0    1
 -2       196        66       352       353       254       381       580       581       379       383
 -1       587    6    0    1
 -2        90       274       351       352       327       587       414       412       588       386
 -1       588    6    0    1
 -2       351       274        90       276       587       327       414       617       305       330
 -1       589    6    0    1
 -2        67       202       351       204       256       585       385       257       233       616
 -1       590    6    0    1
 -2       202        67       351       352       256       385       585       586       382       386
 -1       591    6    0    1
 -2        68       351       201       204       384       593       259       258       616       236
 -1       592    6    0    1
 -2       201       351        68       344       593       384       259       592       389       387
 -1       593    6    0    1
 -2        91       351       273       344       415       594       332       417       389       590
 -1       594    6    0    1
 -2       273       351        91       276       594       415       332       308       617       329
 -1       595    6    0    1
 -2         4       575       350       269       701       627       363       286       636       644
 -1       596    6    0    1
 -2       350       575         4       108       627       701       363       366       626       110
 -1       597    6    0    1
 -2       575       574       349       347       699       659       695       692       660       405
 -1       598    6    0    1
 -2       349       574       575       267       659       699       695       682       683       700
 -1       599    6    0    1
 -2       349       575         4       267       695       701       361       682       700       285
 -1       600    6    0    1
 -2         4       575       349       108       701       695       361       110       626       365
 -1       601    6    0    1
 -2       348       575         3       109       690       694       355       360       625       112
 -1       602    6    0    1
 -2         3       575       348       195       694       690       355       212       691       647
 -1       603    6    0    1
 -2       434         7         5       439       705       114       704       706       441       440
 -1       604    6    0    1
 -2         6       434         5        10       436       704       113       121       437       432
 -1       605    6    0    1
 -2        12         7         8       434       433       115       123       438       705       435
 -1       606    6    0    1
 -2         6         8         5       434       116       430       113       436       435       704
 -1       607    6    0    1
 -2       434         8         5         7       435       430       704       705       115       114
 -1       608    6    0    1
 -2       439         9        12        11       442       431       707       443       118       119
 -1       609    6    0    1
 -2       439         7        12       434       441       433       707       706       705       438
 -1       610    6    0    1
 -2        12         7       439        11       433       441       707       119       124       443
 -1       611    6    0    1
 -2        10        12       439         9       120       707       708       117       431       442
 -1       612    6    0    1
 -2       439        12        10       434       707       120       708       706       438       437
 -1       613    6    0    1
 -2       439         5        10         9       440       432       708       442       122       117
 -1       614    6    0    1
 -2        10         5       439       434       432       440       708       437       704       706
 -1       615    6    0    1
 -2       523       154       526       711       549       551       553       713       712       714
 -1       616    6    0    1
 -2       154       155       526       711       166       552       551       712       715       714
 -1       617    6    0    1
 -2       523       470       153       710       717       716       548       719       718       720
 -1       618    6    0    1
 -2       153       470       129       710       716       496       457       720       718       721
 -1       619    6    0    1
 -2       474       149       527       709       723       532       722       725       724       726
 -1       620    6    0    1
 -2       523       130       470       710       727       495       717       719       728       718
 -1       621    6    0    1
 -2       473       155       131       711       729       459       498       730       715       731
 -1       622    6    0    1
 -2       153       129       154       710       457       455       165       720       721       732
 -1       623    6    0    1
 -2       477       523       153       530       734       548       733       735       550       546
 -1       624    6    0    1
 -2       529       472       476       471       737       488       736       738       519       491
 -1       625    6    0    1
 -2       524       523       477       530       570       734       739       547       550       735
 -1       626    6    0    1
 -2       159       475       521       528       741       740       533       560       742       562
 -1       627    6    0    1
 -2       127       471       529       476       490       738       743       486       491       736
 -1       628    6    0    1
 -2       473       526       155       711       744       552       729       730       714       715
 -1       629    6    0    1
 -2       130       523       154       710       727       549       456       728       719       732
 -1       630    6    0    1
 -2       471       467       470       520       516       518       517       745       434       746
 -1       631    6    0    1
 -2       471       472       467       520       519       514       516       745       747       434
 -1       632    6    0    1
 -2       470       520       523       524       746       569       717       748       571       570
 -1       633    6    0    1
 -2       472       471       525       520       519       749       750       747       745       566
 -1       634    6    0    1
 -2       468       467       472       520       512       514       513       751       434       747
 -1       635    6    0    1
 -2       525       520       471       524       566       745       749       572       571       752
 -1       636    6    0    1
 -2       468       472       521       520       513       753       754       751       747       563
 -1       637    6    0    1
 -2       471       520       470       524       745       746       517       752       571       748
 -1       638    6    0    1
 -2       521       472       525       520       753       750       567       563       747       566
 -1       639    6    0    1
 -2        14       149       527       474       160       532       531       755       723       722
 -1       640    6    0    1
 -2       126       529       476       127       756       736       487       138       743       486
 -1       641    6    0    1
 -2       524       477       152       530       739       757       543       547       735       545
 -1       642    6    0    1
 -2       477       530       153       152       735       546       733       757       545       164
 -1       643    6    0    1
 -2       475       159       158       528       741       170       758       742       560       559
 -1       644    6    0    1
 -2        14       527       468       474       531       759       760       755       722       482
 -1       645    6    0    1
 -2       529       126       476       472       756       487       736       737       483       488
 -1       646    6    0    1
 -2       129       130       154       710       141       456       455       721       728       732
 -1       647    6    0    1
 -2       474       125       149       709       478       446       723       725       761       724
 -1       648    6    0    1
 -2       525       472       529       471       750       737       541       749       519       738
 -1       649    6    0    1
 -2       153       477       470       523       733       497       716       548       734       717
 -1       650    6    0    1
 -2       159       521       475       468       533       740       741       762       754       509
 -1       651    6    0    1
 -2       525       471       529       524       749       738       541       572       752       544
 -1       652    6    0    1
 -2       524       477       523       470       739       734       570       748       497       717
 -1       653    6    0    1
 -2       477       470       524       471       497       748       739       494       517       752
 -1       654    6    0    1
 -2       127       529       471       524       743       738       490       763       544       752
 -1       655    6    0    1
 -2       473       130       470       523       499       495       500       764       727       717
 -1       656    6    0    1
 -2       153       154       523       710       165       549       548       720       732       719
 -1       657    6    0    1
 -2        14       468       521       159       760       754       534       171       762       533
 -1       658    6    0    1
 -2       127       471       128       524       490       489       139       763       752       765
 -1       659    6    0    1
 -2       527       149       525       709       532       536       538       726       724       766
 -1       660    6    0    1
 -2       521       475       522       528       740       767       564       562       742       561
 -1       661    6    0    1
 -2       522       133       156       157       768       462       555       556       465       168
 -1       662    6    0    1
 -2       159       468       475       135       762       509       741       447       481       506
 -1       663    6    0    1
 -2       470       129       477       153       496       492       497       716       457       733
 -1       664    6    0    1
 -2       477       128       471       524       493       489       494       739       765       752
 -1       665    6    0    1
 -2        14       468        13       474       760       480       148       755       482       479
 -1       666    6    0    1
 -2       468        14       521       527       760       534       754       759       531       535
 -1       667    6    0    1
 -2       529       525       150       472       541       537       539       737       750       769
 -1       668    6    0    1
 -2       529       524       127       151       544       763       743       540       542       451
 -1       669    6    0    1
 -2       468       521       469       520       754       770       511       751       563       771
 -1       670    6    0    1
 -2       473       523       470       520       764       717       500       772       569       746
 -1       671    6    0    1
 -2       469       467       468       520       510       512       511       771       434       751
 -1       672    6    0    1
 -2       473       470       467       520       500       518       515       772       746       434
 -1       673    6    0    1
 -2       130       129       470       710       141       496       495       728       721       718
 -1       674    6    0    1
 -2       524       151       128       127       542       452       765       763       451       139
 -1       675    6    0    1
 -2       468        14       135       159       760       445       481       762       171       447
 -1       676    6    0    1
 -2       468        13       135        14       480       147       481       760       148       445
 -1       677    6    0    1
 -2       522       475       158       528       767       758       558       561       742       559
 -1       678    6    0    1
 -2       469       468       475       521       511       509       508       770       754       740
 -1       679    6    0    1
 -2       474        14       125        13       755       444       478       479       148       136
 -1       680    6    0    1
 -2       149        14       125       474       160       444       446       723       755       478
 -1       681    6    0    1
 -2       529       127       126       151       743       138       756       540       451       450
 -1       682    6    0    1
 -2       475       135       158       159       506       466       758       741       447       170
 -1       683    6    0    1
 -2       477       153       129       152       733       457       492       757       164       453
 -1       684    6    0    1
 -2       524       152       477       128       543       757       739       765       454       493
 -1       685    6    0    1
 -2       475       158       135       134       758       466       506       507       464       146
 -1       686    6    0    1
 -2       150       126       529       472       449       756       539       769       483       737
 -1       687    6    0    1
 -2       152       151       128       524       163       452       454       543       542       765
 -1       688    6    0    1
 -2       125       126       150       472       137       449       448       484       483       769
 -1       689    6    0    1
 -2       133       132       469       522       144       503       502       768       773       774
 -1       690    6    0    1
 -2       522       156       133       132       555       462       768       773       461       144
 -1       691    6    0    1
 -2       134       475       158       522       507       758       464       775       767       558
 -1       692    6    0    1
 -2       126       150       529       151       449       539       756       450       162       540
 -1       693    6    0    1
 -2       477       129       128       152       492       140       493       757       453       454
 -1       694    6    0    1
 -2       469       521       522       520       770       564       774       771       563       565
 -1       695    6    0    1
 -2       523       473       526       520       764       744       553       569       772       568
 -1       696    6    0    1
 -2       467       469       473       520       510       504       515       434       771       772
 -1       697    6    0    1
 -2       522       132       469       473       773       503       774       776       501       504
 -1       698    6    0    1
 -2       132       156       526       522       461       554       777       773       555       557
 -1       699    6    0    1
 -2       526       473       132       522       744       501       777       557       776       773
 -1       700    6    0    1
 -2       522       158       133       157       558       463       768       556       169       465
 -1       701    6    0    1
 -2       522       133       158       134       768       463       558       775       145       464
 -1       702    6    0    1
 -2       472       125       474       709       484       478       485       778       761       725
 -1       703    6    0    1
 -2       475       134       469       522       507       505       508       767       775       774
 -1       704    6    0    1
 -2       521       522       475       469       564       767       740       770       774       508
 -1       705    6    0    1
 -2       134       133       469       522       145       502       505       775       768       774
 -1       706    6    0    1
 -2       523       526       473       711       553       744       764       713       714       730
 -1       707    6    0    1
 -2       522       473       469       520       776       504       774       565       772       771
 -1       708    6    0    1
 -2       473       522       526       520       776       557       744       772       565       568
 -1       709    6    0    1
 -2       132       155       131       473       460       459       143       501       729       498
 -1       710    6    0    1
 -2       154       131       155       711       458       459       166       712       731       715
 -1       711    6    0    1
 -2       155       156       526       132       167       554       552       460       461       777
 -1       712    6    0    1
 -2       155       132       526       473       460       777       552       729       501       744
 -1       713    6    0    1
 -2       150       149       709       525       161       724       779       537       536       766
 -1       714    6    0    1
 -2       709       149       150       125       724       161       779       761       446       448
 -1       715    6    0    1
 -2       709       472       150       525       778       769       779       766       750       537
 -1       716    6    0    1
 -2       150       472       709       125       769       778       779       448       484       761
 -1       717    6    0    1
 -2       468       709       474       527       780       725       482       759       726       722
 -1       718    6    0    1
 -2       474       709       468       472       725       780       482       485       778       513
 -1       719    6    0    1
 -2       468       521       709       527       754       781       780       759       535       726
 -1       720    6    0    1
 -2       709       521       468       472       781       754       780       778       753       513
 -1       721    6    0    1
 -2       521       525       709       527       567       766       781       535       538       726
 -1       722    6    0    1
 -2       709       525       521       472       766       567       781       778       750       753
 -1       723    6    0    1
 -2       130       711       473       131       782       730       499       142       731       498
 -1       724    6    0    1
 -2       711       130       473       523       782       499       730       713       727       764
 -1       725    6    0    1
 -2       711       130       154       131       782       456       712       731       142       458
 -1       726    6    0    1
 -2       130       711       154       523       782       712       456       727       713       549
 -3
    1PSTEP                         1           1           1          
  100CL  101 1.000000000         782                     0    1           1
 -4  DISP        4    1
 -5  D1          1    2    1    0
 -5  D2          1    2    2    0
 -5  D3          1    2    3    0
 -5  ALL         1    2    0    0    1ALL
 -1         1 9.93033E-01 5.93346E-01-5.32387E-01
 -1         2 8.29328E-01 5.93346E-01-2.12274E-01
 -1         3 4.54252E-01 2.09210E-01-5.32387E-01
 -1         4 2.90547E-01 2.09210E-01-2.12274E-01
 -1         5 5.54541E-15 7.14948E-15-1.98181E-14
 -1         6-1.50281E-14 3.87869E-14-9.82206E-15
 -1         7 2.82931E-14 7.14759E-15-1.83297E-14
 -1         8 7.74345E-15 3.90542E-14-8.33116E-15
 -1         9 5.54352E-15-3.07644E-14-2.12989E-14
 -1        10-1.45803E-14 8.21491E-16-1.12905E-14
 -1        11 2.82908E-14-3.07649E-14-1.98451E-14
 -1        12 8.19649E-15 1.09641E-15-9.85391E-15
 -1        13-7.31287E-15 4.76452E-14-1.38820E-14
 -1        14-1.23556E-14 4.75833E-14-3.99907E-15
 -1        15 8.72728E-01 3.43867E-01-9.81372E-01
 -1        16 5.44049E-01-1.03130E-02-1.31005E+00
 -1        17 9.50644E-02-3.74291E-01-1.43036E+00
 -1        18-3.53920E-01-6.50540E-01-1.31005E+00
 -1        19-6.82599E-01-7.65038E-01-9.81372E-01
 -1        20-8.02904E-01-6.87107E-01-5.32387E-01
 -1        21-6.82599E-01-4.37628E-01-8.34032E-02
 -1        22-3.53920E-01-8.34484E-02 2.45276E-01
 -1        23 9.50644E-02 2.80530E-01 3.65581E-01
 -1        24 5.44049E-01 5.56778E-01 2.45276E-01
 -1        25 8.72728E-01 6.71277E-01-8.34032E-02
 -1        26 9.62435E-01 4.86791E-01-7.64799E-01
 -1        27 7.30024E-01 1.74314E-01-1.16735E+00
 -1        28 3.27476E-01-1.97432E-01-1.39976E+00
 -1        29-1.37347E-01-5.28838E-01-1.39976E+00
 -1        30-5.39895E-01-7.31103E-01-1.16735E+00
 -1        31-7.72307E-01-7.50032E-01-7.64799E-01
 -1        32-7.72307E-01-5.80552E-01-2.99976E-01
 -1        33-5.39895E-01-2.68075E-01 1.02572E-01
 -1        34-1.37347E-01 1.03670E-01 3.34984E-01
 -1        35 3.27476E-01 4.35076E-01 3.34984E-01
 -1        36 7.30024E-01 6.37342E-01 1.02572E-01
 -1        37 9.62435E-01 6.56271E-01-2.99976E-01
 -1        38 9.11180E-01 5.93346E-01-3.72331E-01
 -1        39 7.09023E-01 3.43867E-01-6.61259E-01
 -1        40 3.80344E-01-1.03130E-02-9.89938E-01
 -1        41-6.86408E-02-3.74291E-01-1.11024E+00
 -1        42-5.17625E-01-6.50540E-01-9.89938E-01
 -1        43-8.46304E-01-7.65038E-01-6.61259E-01
 -1        44-9.66609E-01-6.87107E-01-2.12274E-01
 -1        45-8.46304E-01-4.37628E-01 2.36710E-01
 -1        46-5.17625E-01-8.34484E-02 5.65389E-01
 -1        47-6.86408E-02 2.80530E-01 6.85694E-01
 -1        48 3.80344E-01 5.56778E-01 5.65389E-01
 -1        49 7.09023E-01 6.71277E-01 2.36710E-01
 -1        50 7.98730E-01 4.86791E-01-4.44686E-01
 -1        51 5.66319E-01 1.74314E-01-8.47234E-01
 -1        52 1.63771E-01-1.97432E-01-1.07965E+00
 -1        53-3.01052E-01-5.28838E-01-1.07965E+00
 -1        54-7.03600E-01-7.31103E-01-8.47234E-01
 -1        55-9.36012E-01-7.50032E-01-4.44686E-01
 -1        56-9.36012E-01-5.80552E-01 2.01371E-02
 -1        57-7.03600E-01-2.68075E-01 4.22685E-01
 -1        58-3.01052E-01 1.03670E-01 6.55097E-01
 -1        59 1.63771E-01 4.35076E-01 6.55097E-01
 -1        60 5.66319E-01 6.37342E-01 4.22685E-01
 -1        61 7.98730E-01 6.56271E-01 2.01371E-02
 -1        62 4.06130E-01 1.09418E-01-7.11981E-01
 -1        63 2.74658E-01-3.22536E-02-8.43453E-01
 -1        64 9.50644E-02-1.77845E-01-8.91575E-01
 -1        65-8.45293E-02-2.88344E-01-8.43453E-01
 -1        66-2.16001E-01-3.34144E-01-7.11981E-01
 -1        67-2.64123E-01-3.02971E-01-5.32387E-01
 -1        68-2.16001E-01-2.03180E-01-3.52794E-01
 -1        69-8.45293E-02-6.15078E-02-2.21322E-01
 -1        70 9.50644E-02 8.40834E-02-1.73200E-01
 -1        71 2.74658E-01 1.94583E-01-2.21322E-01
 -1        72 4.06130E-01 2.40382E-01-3.52794E-01
 -1        73 4.42013E-01 1.66588E-01-6.25352E-01
 -1        74 3.49048E-01 4.15971E-02-7.86371E-01
 -1        75 1.88029E-01-1.07101E-01-8.79336E-01
 -1        76 2.09982E-03-2.39663E-01-8.79336E-01
 -1        77-1.58919E-01-3.20570E-01-7.86371E-01
 -1        78-2.51884E-01-3.28141E-01-6.25352E-01
 -1        79-2.51884E-01-2.60349E-01-4.39423E-01
 -1        80-1.58919E-01-1.35358E-01-2.78404E-01
 -1        81 2.09982E-03 1.33398E-02-1.85439E-01
 -1        82 1.88029E-01 1.45902E-01-1.85439E-01
 -1        83 3.49048E-01 2.26808E-01-2.78404E-01
 -1        84 4.42013E-01 2.34380E-01-4.39423E-01
 -1        85 2.42425E-01 1.09418E-01-3.91868E-01
 -1        86 1.10953E-01-3.22536E-02-5.23340E-01
 -1        87-6.86408E-02-1.77845E-01-5.71462E-01
 -1        88-2.48234E-01-2.88344E-01-5.23340E-01
 -1        89-3.79706E-01-3.34144E-01-3.91868E-01
 -1        90-4.27828E-01-3.02971E-01-2.12274E-01
 -1        91-3.79706E-01-2.03180E-01-3.26805E-02
 -1        92-2.48234E-01-6.15078E-02 9.87912E-02
 -1        93-6.86408E-02 8.40834E-02 1.46913E-01
 -1        94 1.10953E-01 1.94583E-01 9.87912E-02
 -1        95 2.42425E-01 2.40382E-01-3.26805E-02
 -1        96 2.78308E-01 1.66588E-01-3.05239E-01
 -1        97 1.85343E-01 4.15971E-02-4.66258E-01
 -1        98 2.43238E-02-1.07101E-01-5.59223E-01
 -1        99-1.61605E-01-2.39663E-01-5.59223E-01
 -1       100-3.22625E-01-3.20570E-01-4.66258E-01
 -1       101-4.15589E-01-3.28141E-01-3.05239E-01
 -1       102-4.15589E-01-2.60349E-01-1.19310E-01
 -1       103-3.22625E-01-1.35358E-01 4.17096E-02
 -1       104-1.61605E-01 1.33398E-02 1.34674E-01
 -1       105 2.43238E-02 1.45902E-01 1.34674E-01
 -1       106 1.85343E-01 2.26808E-01 4.17096E-02
 -1       107 2.78308E-01 2.34380E-01-1.19310E-01
 -1       108 3.45115E-01 2.09210E-01-3.18979E-01
 -1       109 3.99683E-01 2.09210E-01-4.25683E-01
 -1       110 3.17831E-01 2.09210E-01-2.65626E-01
 -1       111 3.72399E-01 2.09210E-01-3.72331E-01
 -1       112 4.26968E-01 2.09210E-01-4.79035E-01
 -1       113-4.71432E-15 2.30150E-14-1.72229E-14
 -1       114 1.69198E-14 7.14897E-15-1.90748E-14
 -1       115 1.80493E-14 2.31536E-14-1.58075E-14
 -1       116-3.64273E-15 3.89197E-14-9.05595E-15
 -1       117-4.48154E-15-1.49204E-14-1.87974E-14
 -1       118 1.69168E-14-3.07646E-14-2.05734E-14
 -1       119 1.82809E-14-1.47844E-14-1.73540E-14
 -1       120-3.19206E-15 9.58898E-16-1.05674E-14
 -1       121-1.48076E-14 1.98031E-14-1.04884E-14
 -1       122 5.54369E-15-1.18083E-14-2.05489E-14
 -1       123 7.96754E-15 2.00769E-14-9.03097E-15
 -1       124 2.82916E-14-1.18082E-14-1.90899E-14
 -1       125-6.72916E-15 3.68396E-14-1.02431E-14
 -1       126-4.37932E-15 2.22949E-14-7.11102E-15
 -1       127-1.07529E-15 8.75165E-15-5.25116E-15
 -1       128 1.63001E-15 1.58697E-15-3.33833E-15
 -1       129 3.45564E-15-1.77338E-15-6.27818E-15
 -1       130 2.46011E-15-8.15729E-15-1.36328E-14
 -1       131 1.31240E-15-6.05962E-15-1.76651E-14
 -1       132 9.16944E-16 1.10489E-14-2.00179E-14
 -1       133-1.36447E-15 3.12767E-14-2.02411E-14
 -1       134-4.12002E-15 4.54344E-14-1.92017E-14
 -1       135-6.27826E-15 5.10603E-14-1.70569E-14
 -1       136-7.25144E-15 4.29753E-14-1.20653E-14
 -1       137-5.73833E-15 2.97385E-14-8.54197E-15
 -1       138-2.76741E-15 1.50866E-14-5.99353E-15
 -1       139 3.79794E-16 4.19164E-15-4.36530E-15
 -1       140 2.55079E-15 7.52083E-16 0.00000E+00
 -1       141 3.14247E-15-5.64033E-15-1.05566E-14
 -1       142 1.89311E-15-8.55503E-15-1.58951E-14
 -1       143 1.13869E-15 5.57598E-16-1.89084E-14
 -1       144-7.28618E-17 2.16248E-14-2.03602E-14
 -1       145-2.81528E-15 3.93125E-14-1.99035E-14
 -1       146-5.29665E-15 4.93957E-14-1.82841E-14
 -1       147-6.97717E-15 5.04330E-14-1.55723E-14
 -1       148-9.84411E-15 4.76152E-14-8.94043E-15
 -1       149-1.16715E-14 3.67712E-14-7.55697E-16
 -1       150-9.08775E-15 2.22327E-14 1.78965E-15
 -1       151-5.38946E-15 8.70955E-15 2.62558E-15
 -1       152-1.49464E-15 9.32830E-16 8.93209E-16
 -1       153 3.12802E-15-2.22392E-15-1.34710E-15
 -1       154 3.36729E-15-7.82985E-15-3.49531E-15
 -1       155 1.02629E-15-6.56185E-15-2.71115E-15
 -1       156-2.20889E-15 1.03599E-14-4.28474E-15
 -1       157-5.71721E-15 3.12517E-14-8.22058E-15
 -1       158-8.90069E-15 4.53538E-14-8.36529E-15
 -1       159-1.12608E-14 5.10068E-14-6.79100E-15
 -1       160-1.22560E-14 4.29083E-14-2.37777E-15
 -1       161-1.05835E-14 2.96859E-14 6.74712E-16
 -1       162-7.29408E-15 1.50452E-14 2.45494E-15
 -1       163-3.45161E-15 3.83606E-15 1.99548E-15
 -1       164 1.15030E-15 0.00000E+00 0.00000E+00
 -1       165 3.69640E-15-5.42857E-15-2.59740E-15
 -1       166 2.39924E-15-8.48700E-15-3.73649E-15
 -1       167 0.00000E+00 0.00000E+00 0.00000E+00
 -1       168-3.96922E-15 2.13734E-14-6.83446E-15
 -1       169-7.43720E-15 3.92528E-14-8.54874E-15
 -1       170-1.01896E-14 4.93278E-14-7.76115E-15
 -1       171-1.20038E-14 5.03823E-14-5.50570E-15
 -1       172 8.80583E-01 4.86791E-01-6.04742E-01
 -1       173 8.80583E-01 6.56271E-01-1.39919E-01
 -1       174 7.90875E-01 3.43867E-01-8.21315E-01
 -1       175 7.90875E-01 6.71277E-01 7.66534E-02
 -1       176 6.48171E-01 1.74314E-01-1.00729E+00
 -1       177 2.45623E-01-1.97432E-01-1.23970E+00
 -1       178 1.32118E-02-3.74291E-01-1.27030E+00
 -1       179 4.62196E-01-1.03130E-02-1.14999E+00
 -1       180-2.19200E-01-5.28838E-01-1.23970E+00
 -1       181-4.35772E-01-6.50540E-01-1.14999E+00
 -1       182-6.21748E-01-7.31103E-01-1.00729E+00
 -1       183-7.64452E-01-7.65038E-01-8.21315E-01
 -1       184-8.54159E-01-7.50032E-01-6.04742E-01
 -1       185-8.54159E-01-5.80552E-01-1.39919E-01
 -1       186-8.84757E-01-6.87107E-01-3.72331E-01
 -1       187-6.21748E-01-2.68075E-01 2.62629E-01
 -1       188-4.35772E-01-8.34484E-02 4.05333E-01
 -1       189-7.64452E-01-4.37628E-01 7.66534E-02
 -1       190-2.19200E-01 1.03670E-01 4.95040E-01
 -1       191 2.45623E-01 4.35076E-01 4.95040E-01
 -1       192 4.62196E-01 5.56778E-01 4.05333E-01
 -1       193 1.32118E-02 2.80530E-01 5.25638E-01
 -1       194 6.48171E-01 6.37342E-01 2.62629E-01
 -1       195 6.67500E-01 3.05324E-01-6.85771E-01
 -1       196-3.23988E-01-4.98445E-01-9.51439E-01
 -1       197 6.58143E-01 4.11418E-01-3.76497E-01
 -1       198 5.03200E-01 3.96138E-01-1.15425E-01
 -1       199-5.83193E-02 5.24780E-02 4.00482E-02
 -1       200 2.42286E-01 2.60765E-01 2.34931E-02
 -1       201-3.21480E-01-1.94486E-01-1.22693E-01
 -1       202-4.70521E-01-5.03556E-01-6.78921E-01
 -1       203-5.14695E-02-3.57575E-01-1.09797E+00
 -1       204-4.59605E-01-3.88155E-01-3.83764E-01
 -1       205 5.04759E-01 9.33431E-02-9.48932E-01
 -1       206 2.43688E-01-1.43156E-01-1.08706E+00
 -1       207 7.70114E-01 3.24596E-01-8.33571E-01
 -1       208 8.30266E-01 4.49335E-01-6.09079E-01
 -1       209 8.25588E-01 5.02382E-01-4.54442E-01
 -1       210 7.65435E-01 5.41348E-01-2.29950E-01
 -1       211 6.62822E-01 3.58371E-01-5.31134E-01
 -1       212 5.60876E-01 2.57267E-01-6.09079E-01
 -1       213 5.36815E-01 2.07371E-01-6.98876E-01
 -1       214 5.32136E-01 3.25900E-01-3.64645E-01
 -1       215 5.56197E-01 3.10314E-01-4.54442E-01
 -1       216 5.24404E-01 4.15150E-02-1.12949E+00
 -1       217 6.88744E-01 2.18605E-01-9.65152E-01
 -1       218 5.86130E-01 1.99334E-01-8.17352E-01
 -1       219 1.69376E-01-2.58723E-01-1.25871E+00
 -1       220 3.93868E-01-7.67343E-02-1.19855E+00
 -1       221 3.74223E-01-2.49063E-02-1.01799E+00
 -1       222-2.02695E-01-5.04057E-01-1.20401E+00
 -1       223 2.17974E-02-3.65933E-01-1.26416E+00
 -1       224 9.61090E-02-2.50365E-01-1.09251E+00
 -1       225-5.03293E-01-6.31741E-01-9.66406E-01
 -1       226-3.38954E-01-5.74492E-01-1.13075E+00
 -1       227-1.87729E-01-4.28010E-01-1.02471E+00
 -1       228-6.36713E-01-5.95331E-01-6.05654E-01
 -1       229-5.76560E-01-6.34297E-01-8.30147E-01
 -1       230-3.97255E-01-5.01000E-01-8.15180E-01
 -1       231-5.71102E-01-4.12891E-01-2.33584E-01
 -1       232-6.31255E-01-5.37631E-01-4.58076E-01
 -1       233-4.65063E-01-4.45855E-01-5.31343E-01
 -1       234-3.37700E-01-1.38967E-01 6.12918E-02
 -1       235-5.02040E-01-3.16057E-01-1.03048E-01
 -1       236-3.90543E-01-2.91320E-01-2.53228E-01
 -1       237 1.83725E-02 1.66504E-01 2.02815E-01
 -1       238-2.06120E-01-1.54852E-02 1.42662E-01
 -1       239-1.89900E-01-7.10039E-02-4.13222E-02
 -1       240 3.93167E-01 4.08772E-01 1.34385E-01
 -1       241 1.68675E-01 2.70647E-01 1.94537E-01
 -1       242 9.19833E-02 1.56622E-01 3.17706E-02
 -1       243 6.87964E-01 5.33707E-01-9.94140E-02
 -1       244 5.23624E-01 4.76458E-01 6.49256E-02
 -1       245 3.72743E-01 3.28452E-01-4.59659E-02
 -1       246 5.80671E-01 4.03778E-01-2.45961E-01
 -1       247 4.55445E-01 1.01381E-01-8.30457E-01
 -1       248 3.89709E-01 3.05447E-02-8.96193E-01
 -1       249 2.59173E-01-8.77046E-02-9.65255E-01
 -1       250 1.69376E-01-1.60500E-01-9.89316E-01
 -1       251 2.17974E-02-2.67710E-01-9.94774E-01
 -1       252-6.79994E-02-3.22959E-01-9.70713E-01
 -1       253-2.04258E-01-3.93394E-01-8.97446E-01
 -1       254-2.69994E-01-4.16294E-01-8.31710E-01
 -1       255-3.43261E-01-4.18850E-01-6.95451E-01
 -1       256-3.67322E-01-4.03263E-01-6.05654E-01
 -1       257-3.61864E-01-3.45563E-01-4.58076E-01
 -1       258-3.37803E-01-2.95667E-01-3.68279E-01
 -1       259-2.68741E-01-1.98833E-01-2.37743E-01
 -1       260-2.03005E-01-1.27997E-01-1.72007E-01
 -1       261-7.14243E-02-4.51488E-03-9.06369E-02
 -1       262 1.83725E-02 6.82807E-02-6.65759E-02
 -1       263 1.68675E-01 1.72424E-01-7.48535E-02
 -1       264 2.58472E-01 2.27674E-01-9.89145E-02
 -1       265 3.88929E-01 2.95360E-01-1.68373E-01
 -1       266 4.54665E-01 3.18260E-01-2.34109E-01
 -1       267 5.03795E-01 3.05324E-01-3.65658E-01
 -1       268-4.87693E-01-4.98445E-01-6.31326E-01
 -1       269 4.94438E-01 4.11418E-01-5.63833E-02
 -1       270 3.39495E-01 3.96138E-01 2.04688E-01
 -1       271-2.22024E-01 5.24780E-02 3.60161E-01
 -1       272 7.85809E-02 2.60765E-01 3.43606E-01
 -1       273-4.85186E-01-1.94486E-01 1.97421E-01
 -1       274-6.34227E-01-5.03556E-01-3.58808E-01
 -1       275-2.15175E-01-3.57575E-01-7.77860E-01
 -1       276-6.23310E-01-3.88155E-01-6.36510E-02
 -1       277 3.41054E-01 9.33431E-02-6.28819E-01
 -1       278 7.99824E-02-1.43156E-01-7.66944E-01
 -1       279 6.66561E-01 4.49335E-01-2.88966E-01
 -1       280 6.06409E-01 3.24596E-01-5.13458E-01
 -1       281 6.01730E-01 5.41348E-01 9.01634E-02
 -1       282 6.61883E-01 5.02382E-01-1.34329E-01
 -1       283 4.99116E-01 3.58371E-01-2.11021E-01
 -1       284 3.73110E-01 2.07371E-01-3.78763E-01
 -1       285 3.97171E-01 2.57267E-01-2.88966E-01
 -1       286 3.92492E-01 3.10314E-01-1.34329E-01
 -1       287 3.68431E-01 3.25900E-01-4.45319E-02
 -1       288 5.25038E-01 2.18605E-01-6.45039E-01
 -1       289 3.60699E-01 4.15150E-02-8.09378E-01
 -1       290 4.22425E-01 1.99334E-01-4.97238E-01
 -1       291 2.30163E-01-7.67343E-02-8.78441E-01
 -1       292 5.67084E-03-2.58723E-01-9.38593E-01
 -1       293 2.10518E-01-2.49063E-02-6.97881E-01
 -1       294-1.41908E-01-3.65933E-01-9.44051E-01
 -1       295-3.66400E-01-5.04057E-01-8.83899E-01
 -1       296-6.75961E-02-2.50365E-01-7.72402E-01
 -1       297-5.02659E-01-5.74492E-01-8.10632E-01
 -1       298-6.66999E-01-6.31741E-01-6.46292E-01
 -1       299-3.51434E-01-4.28010E-01-7.04593E-01
 -1       300-7.40265E-01-6.34297E-01-5.10033E-01
 -1       301-8.00418E-01-5.95331E-01-2.85541E-01
 -1       302-5.60960E-01-5.01000E-01-4.95067E-01
 -1       303-7.94960E-01-5.37631E-01-1.37963E-01
 -1       304-7.34807E-01-4.12891E-01 8.65295E-02
 -1       305-6.28768E-01-4.45855E-01-2.11230E-01
 -1       306-6.65745E-01-3.16057E-01 2.17065E-01
 -1       307-5.01405E-01-1.38967E-01 3.81405E-01
 -1       308-5.54248E-01-2.91320E-01 6.68848E-02
 -1       309-3.69825E-01-1.54852E-02 4.62775E-01
 -1       310-1.45333E-01 1.66504E-01 5.22928E-01
 -1       311-3.53605E-01-7.10039E-02 2.78791E-01
 -1       312 4.97006E-03 2.70647E-01 5.14650E-01
 -1       313 2.29462E-01 4.08772E-01 4.54498E-01
 -1       314-7.17218E-02 1.56622E-01 3.51884E-01
 -1       315 3.59919E-01 4.76458E-01 3.85039E-01
 -1       316 5.24259E-01 5.33707E-01 2.20699E-01
 -1       317 2.09038E-01 3.28452E-01 2.74147E-01
 -1       318 4.16966E-01 4.03778E-01 7.41526E-02
 -1       319 2.26004E-01 3.05447E-02-5.76079E-01
 -1       320 2.91739E-01 1.01381E-01-5.10343E-01
 -1       321 5.67084E-03-1.60500E-01-6.69203E-01
 -1       322 9.54677E-02-8.77046E-02-6.45142E-01
 -1       323-2.31705E-01-3.22959E-01-6.50600E-01
 -1       324-1.41908E-01-2.67710E-01-6.74661E-01
 -1       325-4.33699E-01-4.16294E-01-5.11597E-01
 -1       326-3.67964E-01-3.93394E-01-5.77333E-01
 -1       327-5.31027E-01-4.03263E-01-2.85541E-01
 -1       328-5.06966E-01-4.18850E-01-3.75338E-01
 -1       329-5.01508E-01-2.95667E-01-4.81658E-02
 -1       330-5.25569E-01-3.45563E-01-1.37963E-01
 -1       331-3.66710E-01-1.27997E-01 1.48106E-01
 -1       332-4.32446E-01-1.98833E-01 8.23701E-02
 -1       333-1.45333E-01 6.82807E-02 2.53537E-01
 -1       334-2.35129E-01-4.51488E-03 2.29476E-01
 -1       335 9.47669E-02 2.27674E-01 2.21199E-01
 -1       336 4.97006E-03 1.72424E-01 2.45260E-01
 -1       337 2.90960E-01 3.18260E-01 8.60040E-02
 -1       338 2.25224E-01 2.95360E-01 1.51740E-01
 -1       339 1.02105E-01 1.43384E-01-2.43284E-02
 -1       340 2.55898E-01 2.22644E-01-1.07677E-01
 -1       341 2.55898E-01 2.94511E-02-6.37535E-01
 -1       342 1.02105E-01-1.10398E-01-7.20359E-01
 -1       343-7.97527E-02 1.33398E-02-2.53824E-02
 -1       344-2.40772E-01-1.35358E-01-1.18347E-01
 -1       345 4.14729E-01 2.34380E-01-3.86071E-01
 -1       346 3.46049E-01 2.40484E-01-2.35031E-01
 -1       347 3.46049E-01 1.31444E-01-5.34090E-01
 -1       348 4.14729E-01 1.66588E-01-5.72000E-01
 -1       349 3.28904E-01 1.72781E-01-3.87190E-01
 -1       350 3.28904E-01 2.32259E-01-2.24063E-01
 -1       351-3.33737E-01-2.60349E-01-2.79366E-01
 -1       352-3.33737E-01-3.28141E-01-4.65295E-01
 -1       353-2.40772E-01-3.20570E-01-6.26315E-01
 -1       354-7.97527E-02-2.39663E-01-7.19279E-01
 -1       355 4.37537E-01 1.89925E-01-5.52595E-01
 -1       356 4.13268E-01 1.39598E-01-6.43166E-01
 -1       357 4.37537E-01 2.24113E-01-4.58828E-01
 -1       358 4.13268E-01 2.39834E-01-3.68256E-01
 -1       359 4.10253E-01 2.24113E-01-4.05476E-01
 -1       360 4.10253E-01 1.89925E-01-4.99243E-01
 -1       361 3.12063E-01 1.92564E-01-3.00001E-01
 -1       362 2.89280E-01 1.43156E-01-3.90958E-01
 -1       363 3.12063E-01 2.22500E-01-2.17900E-01
 -1       364 2.89280E-01 2.39419E-01-1.26943E-01
 -1       365 3.39347E-01 1.92564E-01-3.53353E-01
 -1       366 3.39347E-01 2.22500E-01-2.71252E-01
 -1       367 3.34283E-01 7.08084E-02-6.77383E-01
 -1       368 2.66535E-01-1.13047E-03-7.42209E-01
 -1       369 3.06764E-01 8.30386E-02-5.90029E-01
 -1       370 3.76444E-01 1.20617E-01-6.23218E-01
 -1       371 3.81574E-01 1.49705E-01-5.53472E-01
 -1       372 1.89647E-01-7.15561E-02-7.85012E-01
 -1       373 9.89344E-02-1.44886E-01-8.08749E-01
 -1       374 1.84129E-01-4.02751E-02-6.88430E-01
 -1       375 7.25472E-03-2.10151E-01-8.08474E-01
 -1       376-8.33170E-02-2.65877E-01-7.84205E-01
 -1       377 1.11075E-02-1.79345E-01-7.31519E-01
 -1       378-1.64521E-01-3.06680E-01-7.37322E-01
 -1       379-2.30824E-01-3.29777E-01-6.71019E-01
 -1       380-1.66382E-01-2.88344E-01-6.83396E-01
 -1       381-2.77708E-01-3.33595E-01-5.89814E-01
 -1       382-3.01976E-01-3.17875E-01-4.99243E-01
 -1       383-2.97854E-01-3.34144E-01-5.51925E-01
 -1       384-2.77708E-01-2.33360E-01-3.14904E-01
 -1       385-3.01976E-01-2.83686E-01-4.05476E-01
 -1       386-3.45976E-01-3.02971E-01-3.72331E-01
 -1       387-2.30824E-01-1.70325E-01-2.33700E-01
 -1       388-1.64521E-01-9.88780E-02-1.67397E-01
 -1       389-2.97854E-01-2.03180E-01-1.92737E-01
 -1       390-8.33170E-02-2.38873E-02-1.20513E-01
 -1       391 7.25472E-03 4.95364E-02-9.62446E-02
 -1       392-1.66382E-01-6.15078E-02-6.12654E-02
 -1       393 9.89344E-02 1.14997E-01-9.59822E-02
 -1       394 1.89647E-01 1.71018E-01-1.19719E-01
 -1       395 1.11075E-02 8.25785E-02-1.31562E-02
 -1       396 2.66535E-01 2.10135E-01-1.62784E-01
 -1       397 3.34283E-01 2.34801E-01-2.27610E-01
 -1       398 1.84129E-01 1.90127E-01-5.65191E-02
 -1       399 3.06764E-01 2.37230E-01-1.67137E-01
 -1       400 3.76444E-01 2.40752E-01-2.93730E-01
 -1       401 3.81574E-01 2.38433E-01-3.10124E-01
 -1       402 1.84682E-01-1.13047E-03-5.82152E-01
 -1       403 2.52430E-01 7.08084E-02-5.17326E-01
 -1       404 2.94591E-01 1.20617E-01-4.63162E-01
 -1       405 3.39180E-01 1.53114E-01-4.61222E-01
 -1       406 1.70818E-02-1.44886E-01-6.48693E-01
 -1       407 1.07794E-01-7.15561E-02-6.24956E-01
 -1       408-1.65170E-01-2.65877E-01-6.24148E-01
 -1       409-7.45978E-02-2.10151E-01-6.48417E-01
 -1       410-3.12677E-01-3.29777E-01-5.10962E-01
 -1       411-2.46374E-01-3.06680E-01-5.77265E-01
 -1       412-3.83829E-01-3.17875E-01-3.39186E-01
 -1       413-3.59560E-01-3.33595E-01-4.29758E-01
 -1       414-3.83829E-01-2.83686E-01-2.45419E-01
 -1       415-3.59560E-01-2.33360E-01-1.54847E-01
 -1       416-2.46374E-01-9.88780E-02-7.33999E-03
 -1       417-3.12677E-01-1.70325E-01-7.36431E-02
 -1       418-7.45978E-02 4.95364E-02 6.38120E-02
 -1       419-1.65170E-01-2.38873E-02 3.95434E-02
 -1       420 1.07794E-01 1.71018E-01 4.03377E-02
 -1       421 1.70818E-02 1.14997E-01 6.40744E-02
 -1       422 2.52430E-01 2.34801E-01-6.75536E-02
 -1       423 1.84682E-01 2.10135E-01-2.72781E-03
 -1       424 2.94591E-01 2.40752E-01-1.33673E-01
 -1       425 3.39180E-01 2.37798E-01-2.28965E-01
 -1       426 3.66632E-01 1.92564E-01-4.06706E-01
 -1       427 3.66632E-01 2.22500E-01-3.24604E-01
 -1       428 3.80923E-01 2.31232E-01-3.28600E-01
 -1       429 3.80923E-01 1.75430E-01-4.81643E-01
 -1       430 6.66839E-15 2.30851E-14-1.65183E-14
 -1       431 6.89922E-15-1.48523E-14-1.80746E-14
 -1       432-4.59569E-15 4.04736E-15-1.80271E-14
 -1       433 1.81666E-14 4.18523E-15-1.65854E-14
 -1       434-3.42176E-15 1.99393E-14-9.52473E-15
 -1       435 2.16132E-15 2.94971E-14-8.97897E-15
 -1       436-9.22432E-15 2.93630E-14-9.73221E-15
 -1       437-9.00098E-15 1.03799E-14-1.04586E-14
 -1       438 2.38735E-15 1.05186E-14-9.73889E-15
 -1       439 1.69167E-14-1.18082E-14-1.98120E-14
 -1       440 1.12313E-14-2.32921E-15-1.98152E-14
 -1       441 2.26050E-14-2.33038E-15-1.90741E-14
 -1       442 1.12300E-14-2.12866E-14-2.05569E-14
 -1       443 2.26038E-14-2.12864E-14-1.98303E-14
 -1       444-9.75218E-15 4.29379E-14-7.21912E-15
 -1       445-9.48902E-15 5.04102E-14-1.05364E-14
 -1       446-9.19619E-15 3.67964E-14-5.49440E-15
 -1       447-8.76854E-15 5.10421E-14-1.19252E-14
 -1       448-8.17284E-15 2.96996E-14-3.92428E-15
 -1       449-6.74189E-15 2.22477E-14-2.65415E-15
 -1       450-5.04470E-15 1.50429E-14-1.78998E-15
 -1       451-3.22415E-15 8.66519E-15-1.42265E-15
 -1       452-1.50759E-15 3.90270E-15-1.32541E-15
 -1       453 1.83863E-15 1.80229E-16-1.98264E-15
 -1       454 1.55013E-16 1.06380E-15-1.49652E-15
 -1       455 3.44961E-15-5.51612E-15-6.61017E-15
 -1       456 2.98899E-15-7.98851E-15-8.52404E-15
 -1       457 3.19516E-15-2.11536E-15-4.06348E-15
 -1       458 2.15488E-15-8.45262E-15-9.86888E-15
 -1       459 1.18563E-15-6.27327E-15-1.04502E-14
 -1       460 3.51739E-16 3.51729E-16-1.09757E-14
 -1       461-6.57226E-16 1.09049E-14-1.25183E-14
 -1       462-1.99499E-15 2.16172E-14-1.36580E-14
 -1       463-5.11248E-15 3.92998E-14-1.41992E-14
 -1       464-6.51327E-15 4.54185E-14-1.37792E-14
 -1       465-3.52565E-15 3.13319E-14-1.42826E-14
 -1       466-7.74813E-15 4.93721E-14-1.30274E-14
 -1       467-1.51119E-15 1.99817E-14-1.43166E-14
 -1       468-4.20883E-15 3.55862E-14-1.48136E-14
 -1       469-2.11768E-15 2.96478E-14-1.70822E-14
 -1       470 4.97230E-16 5.49061E-15-1.23468E-14
 -1       471-8.76559E-16 1.13805E-14-8.96896E-15
 -1       472-3.57784E-15 2.53570E-14-1.10532E-14
 -1       473 1.81074E-16 1.23062E-14-1.65448E-14
 -1       474-5.42668E-15 3.63297E-14-1.26224E-14
 -1       475-4.12277E-15 4.05062E-14-1.70994E-14
 -1       476-2.44022E-15 1.68109E-14-8.13060E-15
 -1       477 5.29532E-16 3.69806E-15-7.51487E-15
 -1       478-6.06272E-15 3.66091E-14-1.14528E-14
 -1       479-6.35976E-15 4.19585E-14-1.32730E-14
 -1       480-5.72417E-15 4.16620E-14-1.43622E-14
 -1       481-5.23724E-15 4.32735E-14-1.59659E-14
 -1       482-4.80884E-15 3.59922E-14-1.37524E-14
 -1       483-3.97222E-15 2.38878E-14-9.07349E-15
 -1       484-5.09540E-15 3.11024E-14-1.06909E-14
 -1       485-4.50681E-15 3.07899E-14-1.18958E-14
 -1       486-1.76243E-15 1.27356E-14-6.62833E-15
 -1       487-3.36939E-15 1.95410E-14-7.66058E-15
 -1       488-3.04002E-15 2.10142E-14-9.61896E-15
 -1       489 2.07708E-16 5.87073E-15-6.15781E-15
 -1       490-9.32119E-16 1.02029E-14-6.87471E-15
 -1       491-1.62005E-15 1.40895E-14-8.55330E-15
 -1       492 1.61693E-15 5.56450E-16-6.99957E-15
 -1       493 6.85806E-16 2.69494E-15-4.59371E-15
 -1       494-1.31463E-16 7.37281E-15-8.29707E-15
 -1       495 1.43601E-15-9.26148E-16-1.30227E-14
 -1       496 1.36482E-15 7.71012E-16-9.89600E-15
 -1       497 4.97979E-16 4.64586E-15-1.01010E-14
 -1       498 7.30694E-16 3.67577E-15-1.73035E-14
 -1       499 9.70256E-16 1.00418E-15-1.53629E-14
 -1       500 3.00297E-16 8.59305E-15-1.48139E-14
 -1       501 6.18590E-16 1.18425E-14-1.82460E-14
 -1       502-1.77048E-15 3.05356E-14-1.86220E-14
 -1       503-5.02798E-16 2.14445E-14-1.84542E-14
 -1       504-8.75524E-16 2.11478E-14-1.67720E-14
 -1       505-3.12788E-15 3.74764E-14-1.81552E-14
 -1       506-5.19026E-15 4.58105E-14-1.70838E-14
 -1       507-4.11791E-15 4.29602E-14-1.81544E-14
 -1       508-3.10313E-15 3.51299E-14-1.71033E-14
 -1       509-4.14924E-15 3.80487E-14-1.59930E-14
 -1       510-1.72249E-15 2.46906E-14-1.55601E-14
 -1       511-3.09709E-15 3.27763E-14-1.60397E-14
 -1       512-2.77290E-15 2.76840E-14-1.44657E-14
 -1       513-3.92176E-15 3.04017E-14-1.30988E-14
 -1       514-2.61322E-15 2.28020E-14-1.24918E-14
 -1       515-6.88417E-16 1.65931E-14-1.53091E-14
 -1       516-1.19129E-15 1.55662E-14-1.15677E-14
 -1       517-1.66494E-16 8.75883E-15-1.05990E-14
 -1       518-3.97953E-16 1.25245E-14-1.32775E-14
 -1       519-2.21049E-15 1.81422E-14-1.01100E-14
 -1       520-5.31250E-15 1.98960E-14-4.30132E-15
 -1       521-8.94429E-15 3.55445E-14-4.78249E-15
 -1       522-6.33081E-15 2.95181E-14-6.16656E-15
 -1       523-8.89385E-16 5.41436E-15-3.28141E-15
 -1       524-4.35248E-15 1.12330E-14-8.50800E-16
 -1       525-8.15368E-15 2.53368E-14-1.69639E-15
 -1       526-2.12950E-15 1.22478E-14-4.66150E-15
 -1       527-1.03287E-14 3.62814E-14-2.90299E-15
 -1       528-8.88697E-15 4.04444E-14-6.62834E-15
 -1       529-6.75135E-15 1.67108E-14 4.99841E-16
 -1       530-1.04511E-15 3.66731E-15-1.21390E-15
 -1       531-1.13639E-14 4.18974E-14-3.46247E-15
 -1       532-1.10047E-14 3.65543E-14-1.84728E-15
 -1       533-1.01429E-14 4.32094E-14-5.80290E-15
 -1       534-1.06869E-14 4.16108E-14-4.41762E-15
 -1       535-9.64025E-15 3.59503E-14-3.88549E-15
 -1       536-9.91919E-15 3.10456E-14-1.23225E-15
 -1       537-8.61391E-15 2.38180E-14 3.52379E-17
 -1       538-9.25453E-15 3.07436E-14-2.31492E-15
 -1       539-7.91291E-15 1.94725E-14 1.13190E-15
 -1       540-6.06270E-15 1.26468E-14 1.57846E-15
 -1       541-7.46456E-15 2.09376E-14-6.05981E-16
 -1       542-4.82002E-15 1.01530E-14 9.04328E-16
 -1       543-2.87659E-15 5.51393E-15 2.47061E-16
 -1       544-5.55626E-15 1.39665E-14-1.71525E-16
 -1       545-1.25179E-15 2.47799E-15-1.35768E-17
 -1       546 1.03768E-15 5.77186E-16-1.34593E-15
 -1       547-2.81406E-15 7.14906E-15-9.71151E-16
 -1       548 1.05590E-15 7.98602E-16-2.48620E-15
 -1       549 1.55048E-15-7.99934E-16-3.50808E-15
 -1       550-9.50656E-16 4.57904E-15-2.39400E-15
 -1       551 7.24117E-16 1.05906E-15-4.09512E-15
 -1       552 1.41714E-17 3.72830E-15-3.86997E-15
 -1       553-1.56710E-15 8.49550E-15-4.17338E-15
 -1       554-1.78830E-15 1.15328E-14-4.11476E-15
 -1       555-4.03052E-15 2.12687E-14-5.64595E-15
 -1       556-6.00248E-15 3.04429E-14-7.06075E-15
 -1       557-4.33381E-15 2.10248E-14-5.38264E-15
 -1       558-7.67012E-15 3.73920E-14-7.28516E-15
 -1       559-8.89014E-15 4.28946E-14-7.50218E-15
 -1       560-1.00940E-14 4.57545E-14-6.73880E-15
 -1       561-7.62790E-15 3.50429E-14-6.43358E-15
 -1       562-8.90345E-15 3.79968E-14-5.73269E-15
 -1       563-7.14190E-15 2.76683E-14-4.50491E-15
 -1       564-7.60067E-15 3.27150E-14-5.59442E-15
 -1       565-5.75837E-15 2.45947E-14-5.12542E-15
 -1       566-6.79339E-15 2.27671E-14-2.95815E-15
 -1       567-8.58227E-15 3.03695E-14-3.34401E-15
 -1       568-3.79773E-15 1.65004E-14-4.55699E-15
 -1       569-3.19223E-15 1.23676E-14-3.70472E-15
 -1       570-2.69728E-15 8.71675E-15-2.14952E-15
 -1       571-4.83982E-15 1.54255E-14-2.56495E-15
 -1       572-6.27010E-15 1.80168E-14-1.26493E-15
 -1       573 1.85399E-01-1.74382E-01-1.05872E+00
 -1       574 4.97425E-01 1.46514E-01-7.88762E-01
 -1       575 5.78538E-01 3.25420E-01-4.56698E-01
 -1       576 2.82871E-01-9.23477E-02-1.02433E+00
 -1       577 5.83789E-02-2.74337E-01-1.08448E+00
 -1       578 3.64724E-01-9.23477E-02-1.18439E+00
 -1       579 1.40231E-01-2.74337E-01-1.24454E+00
 -1       580-3.28862E-01-4.13293E-01-7.08367E-01
 -1       581-2.82380E-01-4.09507E-01-7.88877E-01
 -1       582-4.10715E-01-4.13293E-01-5.48311E-01
 -1       583-3.64232E-01-4.09507E-01-6.28820E-01
 -1       584-4.05840E-01-4.98445E-01-7.91383E-01
 -1       585-4.02129E-01-3.81952E-01-4.79144E-01
 -1       586-4.02129E-01-4.15848E-01-5.72108E-01
 -1       587-4.83982E-01-3.81952E-01-3.19087E-01
 -1       588-4.83982E-01-4.15848E-01-4.12052E-01
 -1       589-5.52374E-01-5.03556E-01-5.18865E-01
 -1       590-3.62979E-01-1.64922E-01 3.95369E-02
 -1       591-4.03333E-01-1.94486E-01 3.73641E-02
 -1       592-2.81126E-01-1.64922E-01-1.20520E-01
 -1       593-3.27608E-01-2.27417E-01-2.01029E-01
 -1       594-4.09461E-01-2.27417E-01-4.09728E-02
 -1       595-6.56111E-02-2.98619E-01-9.08626E-01
 -1       596 2.53178E-02-2.33986E-01-9.09166E-01
 -1       597-5.65348E-02-2.33986E-01-7.49110E-01
 -1       598-1.33322E-01-3.57575E-01-9.37917E-01
 -1       599-1.47464E-01-2.98619E-01-7.48570E-01
 -1       600 2.49092E-01 2.41704E-01-4.20918E-02
 -1       601 1.72196E-01 2.02074E-01-4.17685E-04
 -1       602 9.03430E-02 2.02074E-01 1.59639E-01
 -1       603 1.60433E-01 2.60765E-01 1.83550E-01
 -1       604 1.67239E-01 2.41704E-01 1.17965E-01
 -1       605 4.24625E-01 3.18311E-01-1.75228E-01
 -1       606 5.02096E-01 3.25951E-01-3.05764E-01
 -1       607 5.76290E-01 4.11418E-01-2.16440E-01
 -1       608 4.20244E-01 3.25951E-01-1.45707E-01
 -1       609 4.98819E-01 4.03778E-01-8.59041E-02
 -1       610-4.79107E-01-5.01000E-01-6.55124E-01
 -1       611 3.42772E-01 3.18311E-01-1.51714E-02
 -1       612 4.21347E-01 3.96138E-01 4.46318E-02
 -1       613 1.42565E-02-2.50365E-01-9.32458E-01
 -1       614 9.10437E-02-1.26777E-01-7.43651E-01
 -1       615-4.72395E-01-2.91320E-01-9.31718E-02
 -1       616-3.96671E-01-3.24252E-01-3.31565E-01
 -1       617-4.78523E-01-3.24252E-01-1.71509E-01
 -1       618-5.46916E-01-4.45855E-01-3.71286E-01
 -1       619 3.79549E-01 3.09391E-01-1.11551E-01
 -1       620 2.90890E-01 3.28452E-01 1.14091E-01
 -1       621 2.97696E-01 3.09391E-01 4.85059E-02
 -1       622 1.72896E-01-1.26777E-01-9.03708E-01
 -1       623 1.61835E-01-1.43156E-01-9.27000E-01
 -1       624-5.41457E-01-3.88155E-01-2.23708E-01
 -1       625 4.89111E-01 2.67315E-01-4.41190E-01
 -1       626 4.61826E-01 2.67315E-01-3.87838E-01
 -1       627 4.53721E-01 2.78839E-01-3.40381E-01
 -1       628 5.36436E-01 3.22899E-01-3.81284E-01
 -1       629 5.28913E-01 3.10314E-01-4.01090E-01
 -1       630 4.62294E-01 2.82952E-01-3.45865E-01
 -1       631-1.40172E-01 5.24780E-02 2.00105E-01
 -1       632-6.34800E-02 1.66504E-01 3.62871E-01
 -1       633 1.01308E-02 1.56622E-01 1.91827E-01
 -1       634 7.43735E-01 5.02382E-01-2.94385E-01
 -1       635 6.18340E-01 3.68419E-01-4.16597E-01
 -1       636 5.36488E-01 3.68419E-01-2.56541E-01
 -1       637 7.85785E-01 4.59383E-01-4.94543E-01
 -1       638-1.46121E-01-3.39072E-01-8.62144E-01
 -1       639-2.27973E-01-3.39072E-01-7.02087E-01
 -1       640-2.82469E-01-9.05730E-02 8.60191E-02
 -1       641-2.00617E-01-9.05730E-02-7.40375E-02
 -1       642 6.06111E-01 5.33707E-01 6.06426E-02
 -1       643 3.11315E-01 4.08772E-01 2.94441E-01
 -1       644 4.11671E-01 3.21839E-01-1.40223E-01
 -1       645 8.12666E-02 1.37052E-01-9.44681E-04
 -1       646-5.85934E-04 1.37052E-01 1.59112E-01
 -1       647 5.41114E-01 2.35956E-01-6.28886E-01
 -1       648 5.06775E-01 2.18384E-01-6.09930E-01
 -1       649 2.49793E-01-5.68523E-02-8.62296E-01
 -1       650 3.76661E-01 8.79824E-02-7.13148E-01
 -1       651 3.70556E-01 1.67905E-03-9.37909E-01
 -1       652 2.99765E-01 1.80580E-02-7.54560E-01
 -1       653 1.67940E-01-5.68523E-02-7.02239E-01
 -1       654 2.88703E-01 1.67905E-03-7.77853E-01
 -1       655-2.87972E-01-1.54852E-02 3.02719E-01
 -1       656 6.83583E-01 5.41348E-01-6.98933E-02
 -1       657 4.41772E-01 4.76458E-01 2.24982E-01
 -1       658 8.68226E-02 2.70647E-01 3.54594E-01
 -1       659 4.13164E-01 1.59647E-01-5.87976E-01
 -1       660 4.21737E-01 1.38979E-01-6.61426E-01
 -1       661 3.69925E-01 1.27966E-01-5.90315E-01
 -1       662-2.69581E-01-4.28010E-01-8.64650E-01
 -1       663-4.20806E-01-5.74492E-01-9.70689E-01
 -1       664-5.85146E-01-6.31741E-01-8.06349E-01
 -1       665-2.71752E-01-7.10039E-02 1.18734E-01
 -1       666-1.50889E-01 3.29089E-02 1.67390E-01
 -1       667-6.90360E-02 3.29089E-02 7.33288E-03
 -1       668-6.58413E-01-6.34297E-01-6.70090E-01
 -1       669-4.19553E-01-1.38967E-01 2.21348E-01
 -1       670-2.84547E-01-5.04057E-01-1.04396E+00
 -1       671-7.18565E-01-5.95331E-01-4.45598E-01
 -1       672-5.83892E-01-3.16057E-01 5.70088E-02
 -1       673-6.52955E-01-4.12891E-01-7.35271E-02
 -1       674-7.13107E-01-5.37631E-01-2.98019E-01
 -1       675 1.32690E-01-1.58769E-01-9.12832E-01
 -1       676 2.14543E-01-1.58769E-01-1.07289E+00
 -1       677 3.41412E-01-1.39343E-02-9.23741E-01
 -1       678 2.98476E-01 6.13971E-02-6.33177E-01
 -1       679 7.03933E-01 4.59383E-01-3.34486E-01
 -1       680 3.80329E-01 6.13971E-02-7.93233E-01
 -1       681-6.00551E-02-3.65933E-01-1.10411E+00
 -1       682 4.16349E-01 2.39053E-01-3.76424E-01
 -1       683 5.00610E-01 2.25919E-01-5.77210E-01
 -1       684 4.19239E-01 1.19928E-01-7.08790E-01
 -1       685 5.01092E-01 1.19928E-01-8.68847E-01
 -1       686 4.25404E-01 1.12393E-01-7.41511E-01
 -1       687 5.20737E-01 6.81004E-02-1.04941E+00
 -1       688 6.03224E-01 2.45190E-01-7.25010E-01
 -1       689 4.38884E-01 6.81004E-02-8.89350E-01
 -1       690 4.96633E-01 2.46004E-01-5.14349E-01
 -1       691 6.23019E-01 3.15372E-01-5.71235E-01
 -1       692 4.62294E-01 2.28432E-01-4.95394E-01
 -1       693 7.25633E-01 3.34643E-01-7.19035E-01
 -1       694 5.16395E-01 2.67315E-01-4.94543E-01
 -1       695 4.53721E-01 2.49100E-01-4.21944E-01
 -1       696 6.85076E-01 2.45190E-01-8.85067E-01
 -1       697 6.43780E-01 3.34643E-01-5.58978E-01
 -1       698 5.82462E-01 2.25919E-01-7.37266E-01
 -1       699 5.37981E-01 2.35967E-01-6.22730E-01
 -1       700 5.41166E-01 3.15372E-01-4.11178E-01
 -1       701 4.34542E-01 2.67315E-01-3.34486E-01
 -1       702-1.48880E-02-2.65979E-01-9.18290E-01
 -1       703 6.69645E-02-2.65979E-01-1.07835E+00
 -1       704 1.03465E-15 1.35652E-14-1.72447E-14
 -1       705 1.24165E-14 1.36358E-14-1.65353E-14
 -1       706 6.78567E-15 4.11632E-15-1.72978E-14
 -1       707 1.25331E-14-5.33358E-15-1.73331E-14
 -1       708 1.15187E-15-5.40246E-15-1.80515E-14
 -1       709-7.97622E-15 3.28208E-14-5.92227E-15
 -1       710 1.96914E-15-1.63236E-15-7.13093E-15
 -1       711 9.08592E-16 4.83184E-16-9.29896E-15
 -1       712 1.96308E-15-4.04889E-15-6.27611E-15
 -1       713 2.36050E-16 3.33111E-15-6.17883E-15
 -1       714-3.24726E-16 6.19309E-15-7.02698E-15
 -1       715 1.04140E-15-2.49425E-15-6.72925E-15
 -1       716 1.23231E-15 7.41648E-16-6.19737E-15
 -1       717-1.77582E-16 5.43669E-15-7.83506E-15
 -1       718 9.80862E-16 1.75200E-15-9.64882E-15
 -1       719 7.00403E-16 1.79199E-15-5.27773E-15
 -1       720 2.50533E-15-2.08551E-15-4.02567E-15
 -1       721 2.54384E-15-2.02448E-15-7.41411E-15
 -1       722-7.87600E-15 3.63013E-14-7.75882E-15
 -1       723-8.53065E-15 3.65747E-14-6.64699E-15
 -1       724-9.80537E-15 3.48129E-14-3.33683E-15
 -1       725-6.71470E-15 3.45691E-14-9.25882E-15
 -1       726-9.14799E-15 3.45453E-14-4.43533E-15
 -1       727 1.51503E-15-8.69844E-16-8.22606E-15
 -1       728 2.42120E-15-4.60112E-15-1.02396E-14
 -1       729 3.11242E-16 3.73617E-15-1.06487E-14
 -1       730 2.57842E-16 6.17787E-15-1.28947E-14
 -1       731 1.15314E-15-2.48658E-15-1.32386E-14
 -1       732 2.70088E-15-4.47097E-15-5.60573E-15
 -1       733 1.36802E-15 6.01900E-16-4.31590E-15
 -1       734-2.03361E-16 4.56126E-15-6.27936E-15
 -1       735-1.61668E-16 3.65788E-15-4.44502E-15
 -1       736-4.59803E-15 1.67285E-14-3.81645E-15
 -1       737-5.24241E-15 2.09467E-14-5.12322E-15
 -1       738-3.59586E-15 1.39871E-14-4.36064E-15
 -1       739-1.46154E-15 7.16343E-15-4.70998E-15
 -1       740-6.53068E-15 3.80334E-14-1.08596E-14
 -1       741-7.63939E-15 4.57945E-14-1.19086E-14
 -1       742-6.50529E-15 4.04916E-14-1.18635E-14
 -1       743-3.90752E-15 1.26451E-14-2.58212E-15
 -1       744-1.01339E-15 1.23144E-14-1.06088E-14
 -1       745-3.01084E-15 1.54683E-14-7.06626E-15
 -1       746-1.79191E-15 1.24260E-14-8.51015E-15
 -1       747-4.69884E-15 2.27718E-14-7.75583E-15
 -1       748-1.42122E-15 8.69959E-15-6.36913E-15
 -1       749-4.23174E-15 1.80514E-14-5.70003E-15
 -1       750-5.85789E-15 2.53311E-14-6.39126E-15
 -1       751-4.96071E-15 2.76933E-14-9.49875E-15
 -1       752-2.61955E-15 1.12442E-14-4.88203E-15
 -1       753-6.24205E-15 3.03885E-14-8.22417E-15
 -1       754-6.57775E-15 3.55706E-14-9.79497E-15
 -1       755-8.85999E-15 4.19268E-14-8.36539E-15
 -1       756-5.65059E-15 1.94838E-14-3.26201E-15
 -1       757-2.00710E-16 2.44844E-15-2.24791E-15
 -1       758-6.50800E-15 4.29468E-14-1.28314E-14
 -1       759-7.22863E-15 3.59720E-14-8.81814E-15
 -1       760-8.20667E-15 4.16365E-14-9.38805E-15
 -1       761-7.35493E-15 3.48436E-14-8.10494E-15
 -1       762-7.69322E-15 4.32471E-14-1.08818E-14
 -1       763-2.90063E-15 1.00935E-14-3.02518E-15
 -1       764-5.96399E-16 8.54368E-15-9.47958E-15
 -1       765-1.26927E-15 5.60156E-15-2.94248E-15
 -1       766-8.08784E-15 2.90522E-14-3.79734E-15
 -1       767-5.36462E-15 3.51046E-14-1.17691E-14
 -1       768-3.92198E-15 3.05182E-14-1.28211E-14
 -1       769-6.29330E-15 2.38307E-14-4.51949E-15
 -1       770-5.34959E-15 3.27553E-14-1.08068E-14
 -1       771-3.74228E-15 2.46800E-14-1.03359E-14
 -1       772-2.25398E-15 1.65600E-14-9.96172E-15
 -1       773-2.27354E-15 2.14737E-14-1.21109E-14
 -1       774-4.22300E-15 2.96223E-14-1.16236E-14
 -1       775-5.39772E-15 3.74602E-14-1.27266E-14
 -1       776-2.59592E-15 2.11252E-14-1.10078E-14
 -1       777-5.74618E-16 1.17669E-14-1.10947E-14
 -1       778-5.73645E-15 2.90657E-14-8.52621E-15
 -1       779-8.56641E-15 2.74696E-14-2.02628E-15
 -1       780-6.08300E-15 3.42413E-14-1.03822E-14
 -1       781-8.48205E-15 3.42205E-14-5.48614E-15
 -1       782 1.79405E-15-4.14377E-15-1.16939E-14
 -3
    1PSTEP                         2           1           1          
  100CL  101 1.000000000         782                     0    1           1
 -4  STRESS      6    1
 -5  SXX         1    4    1    1
 -5  SYY         1    4    2    2
 -5  SZZ         1    4    3    3
 -5  SXY         1    4    1    2
 -5  SYZ         1    4    2    3
 -5  SZX         1    4    3    1
 -1         1-4.08253E-11 1.92370E-11 1.31811E-12 4.63213E-11 6.12341E-12-1.52397E-12
 -1         2 3.34959E-11-2.67872E-11-5.51973E-12-2.29090E-12 9.34870E-12-2.18665E-11
 -1         3 1.61250E-11-1.05964E-10-9.94791E-11-6.60364E-11-2.29514E-11-3.09928E-11
 -1         4 1.80496E-10 1.07246E-10 1.02644E-10 5.69942E-11-3.27262E-11-4.34740E-11
 -1         5 1.45067E-13 5.79824E-14-2.21640E-13-6.40817E-16-1.30630E-12-1.02616E-12
 -1         6-1.04195E-13 5.34354E-15-3.12228E-11-2.69524E-14 2.38214E-13 1.96833E-12
 -1         7 1.06208E-13-4.38260E-14 3.68686E-14-3.03086E-16 1.66914E-12-3.04896E-13
 -1         8-9.71992E-14 7.55755E-14-3.16476E-11 1.48729E-14-1.81532E-13 1.59992E-12
 -1         9 2.98620E-15-4.03995E-14-1.07818E-14-7.91509E-15 4.76956E-14-4.00874E-15
 -1        10 7.21147E-14 2.64732E-14-3.19047E-11 3.88013E-14 3.75580E-14-8.61061E-13
 -1        11-8.67814E-15-1.99124E-15 3.95090E-14 4.33069E-15-1.33577E-14 1.92764E-14
 -1        12 5.77070E-14 1.88516E-14-3.19109E-11-3.31787E-14-6.43874E-14-6.95157E-13
 -1        13-4.19839E-12 6.82454E-15 1.46891E-13-9.26090E-13-7.33385E-14 9.97010E-13
 -1        14-4.05537E-12 1.15165E-13 3.99463E-14-1.03799E-12-5.03517E-14-1.60609E-12
 -1        15-3.02172E-11-3.64324E-11-2.96278E-11 1.71856E-11-5.30256E-12 1.33954E-12
 -1        16-2.07637E-12-2.07460E-11 5.70566E-11 2.23046E-11-1.76635E-11-3.29760E-11
 -1        17-3.11620E-11-1.18417E-11 2.92015E-11-2.40799E-12-2.29730E-11-2.49901E-11
 -1        18 2.47069E-11 3.80161E-11 2.14397E-11 2.67902E-11-2.79182E-12-5.05563E-11
 -1        19-5.64922E-11-2.85115E-11-2.50954E-11 1.77064E-11-1.52321E-12-2.58609E-11
 -1        20-5.89257E-11-1.52300E-11 1.88771E-11-7.96294E-12-5.41513E-12-1.71931E-11
 -1        21 5.60722E-11-2.69926E-11-4.17368E-12-2.65830E-11 3.61175E-12-2.41568E-11
 -1        22-2.84810E-11-4.00987E-11-2.78398E-12-1.68602E-11-7.83119E-12-2.92310E-11
 -1        23 4.19926E-11 2.24671E-11 2.56560E-11 3.39706E-11 2.82875E-11 1.97419E-11
 -1        24 9.44982E-12-1.48512E-11 9.54153E-12 2.91001E-12 1.56339E-11 1.24141E-11
 -1        25 9.47053E-12 4.20576E-11 6.83974E-12 9.14617E-12-1.68977E-11 8.10688E-12
 -1        26 5.48376E-12 3.89496E-11 2.33441E-11 4.29740E-11-1.34797E-11-2.38100E-11
 -1        27-8.26114E-12-6.00333E-11 4.62690E-11 1.14448E-11-1.86805E-11-1.58188E-11
 -1        28-4.23647E-11-2.27943E-11 3.74415E-11 4.55222E-12-1.76588E-11-5.72896E-12
 -1        29 6.95825E-12 2.23916E-11-5.51351E-12 3.16716E-11-2.62903E-12-3.51403E-11
 -1        30-4.66628E-11-3.34860E-11 1.04169E-12-1.81889E-11-5.32802E-12-5.05369E-11
 -1        31-7.85391E-11-8.00838E-11 4.22535E-12-1.76567E-11-1.70409E-11-1.90939E-11
 -1        32 1.08815E-11-3.27240E-11-3.45901E-11-1.59035E-11 1.03534E-12-1.73405E-11
 -1        33-2.59035E-11-6.92278E-11-1.65951E-11-2.68562E-11-7.78385E-12-3.43152E-11
 -1        34-1.57425E-11-8.60668E-13-1.59329E-13 3.19137E-12 2.76134E-12-5.85348E-12
 -1        35 3.42523E-12 2.33568E-11-3.95372E-13 2.80307E-11 3.29054E-11 2.80298E-11
 -1        36-7.38214E-11-5.77081E-11-1.72920E-11-3.35339E-11-5.08487E-12-6.58331E-12
 -1        37-3.39079E-11 2.56901E-11-2.95016E-11 3.51360E-11-7.45791E-12 1.79789E-11
 -1        38-2.48263E-11-3.00548E-11 1.22632E-12 2.69774E-11 9.92506E-12-6.66778E-13
 -1        39 4.21166E-11 2.41146E-11-1.08310E-11 2.06977E-11 1.49275E-11-1.24731E-12
 -1        40-2.57479E-11-7.40250E-12-2.90253E-11-1.73041E-12-2.89822E-12 1.83210E-11
 -1        41-1.82248E-11-3.28314E-11-4.19336E-11-4.03394E-12-2.09520E-11 3.20176E-13
 -1        42 2.17664E-11-2.69137E-11 3.84032E-11 1.78759E-11-4.26948E-12 2.03689E-11
 -1        43-6.10472E-11 6.36426E-12 3.01525E-12 5.11876E-12-8.57421E-12-3.50351E-11
 -1        44 2.18459E-11 9.78990E-12 1.34024E-11-3.68928E-11 1.01967E-11-4.52259E-12
 -1        45-1.91949E-11 2.15225E-11 1.96171E-11 9.82554E-12 5.06015E-12 3.12781E-12
 -1        46 9.42196E-12 7.70616E-12 1.77788E-11 1.19546E-11-3.24650E-12-2.15851E-11
 -1        47-2.98244E-11 5.06850E-12 1.53691E-11-1.68745E-11 4.46834E-13 7.56675E-12
 -1        48-5.90704E-11-4.45710E-11-8.04853E-11 8.70151E-12-1.48416E-11-6.84106E-11
 -1        49 3.41375E-12 3.95015E-11-1.04351E-11-4.07403E-11-1.61193E-11-2.78387E-11
 -1        50 2.95694E-11 2.42167E-11 1.68195E-11-1.04421E-11 7.08434E-12-8.82974E-12
 -1        51 2.46341E-11-2.60937E-11-5.28675E-11 1.45576E-12 1.24931E-11 5.06443E-12
 -1        52-1.73022E-12-2.94821E-11-2.72637E-11 7.92848E-12-5.78057E-12 1.68230E-11
 -1        53 4.02000E-11 3.15003E-11 1.83427E-11 1.26060E-11-7.89089E-12-7.18045E-13
 -1        54 9.45284E-12 4.60225E-12 1.69937E-11 1.58782E-11-3.54365E-12 1.23395E-11
 -1        55-5.85076E-11-3.66242E-11-3.13861E-11-2.81184E-11 2.22913E-12-3.61571E-11
 -1        56 1.35221E-13-8.55546E-12-1.06240E-12-1.64931E-11 5.53828E-12 1.03020E-11
 -1        57-4.29726E-11 1.17306E-11 4.89853E-11 2.06964E-11-4.48355E-12-1.02924E-11
 -1        58 9.47862E-12 1.07701E-11 3.00541E-11-4.97099E-12 3.97367E-12-1.36295E-11
 -1        59-8.38524E-11-7.98109E-11-9.06909E-11-2.91010E-11-2.17870E-11-5.94863E-11
 -1        60-3.88578E-11 1.29835E-11-3.75474E-11-3.16771E-11-2.12238E-11-5.25043E-11
 -1        61-4.23536E-11-7.05001E-11-3.43939E-11-5.57151E-11-4.35123E-12 9.01767E-12
 -1        62-1.83889E-11 2.13221E-11 3.10689E-11-4.84038E-13 4.74524E-11 1.22222E-11
 -1        63-1.59190E-11-1.58601E-11 9.81493E-12 2.21502E-13 4.90495E-11 8.39463E-11
 -1        64-2.17336E-11-8.91831E-12-9.49660E-11-1.22842E-11-1.48036E-11-3.54607E-12
 -1        65 4.83091E-11-7.49154E-11 7.77555E-11-1.88665E-11 1.22435E-11 3.55700E-11
 -1        66 6.85426E-11 2.62649E-11 6.36333E-11-1.31983E-13 4.24425E-11 6.18251E-11
 -1        67-1.55462E-11 7.90055E-11 3.91642E-11-4.44215E-11 1.12993E-11 7.25183E-12
 -1        68-6.59840E-11-2.62624E-11-9.62461E-11-2.28859E-11 1.64181E-11 2.97253E-11
 -1        69-4.43481E-11-3.07599E-11-2.04583E-11-2.23537E-11-3.71510E-11-1.34731E-11
 -1        70 6.73170E-11 1.27931E-11 6.42777E-11 1.72341E-11-2.22721E-11 3.41100E-12
 -1        71-7.74726E-11-2.85329E-12 4.29379E-11-2.00610E-11 1.68079E-11 1.12226E-11
 -1        72 1.55257E-10 1.07908E-11 3.80506E-11-1.41727E-13 1.64287E-11 9.90843E-11
 -1        73-1.79866E-10-8.50824E-11-1.20811E-10-1.42902E-10-4.53218E-11-4.39363E-11
 -1        74 5.93601E-11-1.59649E-11 9.02368E-11-3.79478E-12 6.08406E-11 5.99494E-11
 -1        75-9.65382E-11-3.98000E-11-8.08264E-11-1.54695E-11 2.51281E-11 3.96453E-11
 -1        76-9.38974E-11-9.24011E-11-1.33888E-10-3.65346E-11 1.95785E-11 2.78625E-11
 -1        77 1.99728E-10 1.02303E-10 1.86245E-10 4.95822E-11 4.86415E-11 8.22057E-11
 -1        78-3.42282E-11-3.67088E-12 1.23797E-11-6.38379E-11 4.00928E-11 2.06799E-11
 -1        79-1.60014E-10-4.84927E-11-1.06824E-10-1.05303E-10 1.45168E-12-1.35535E-11
 -1        80-1.49508E-10-5.45005E-11-8.16179E-11-4.76382E-11-2.31805E-11-9.34428E-12
 -1        81-1.81300E-11 1.61764E-11 9.26544E-12 1.75897E-11-3.18905E-11 3.09120E-11
 -1        82 1.76392E-11 3.03600E-11 1.08968E-10 9.88492E-15 5.05701E-11 5.85778E-11
 -1        83 1.17971E-11-1.68521E-11 2.99992E-13 2.68545E-11 2.55390E-11 4.47049E-11
 -1        84 2.05186E-10-6.51061E-11 1.23397E-11-1.18102E-11-5.21660E-13 3.53020E-11
 -1        85-7.11053E-11-5.27011E-11-2.38913E-11 1.45392E-12 1.35498E-11 5.49719E-11
 -1        86-1.01850E-10-1.06140E-11-9.03128E-11-1.40272E-11-3.36190E-11 6.66415E-11
 -1        87-1.65415E-11 2.35799E-11-8.26543E-11-1.70606E-11-1.77530E-11 6.88720E-11
 -1        88-2.08096E-11-2.89367E-11-5.02090E-11-2.18504E-11-6.50294E-12 2.65005E-11
 -1        89 1.79350E-10 6.20849E-11 7.89212E-11 3.09403E-11 3.08781E-11 5.31486E-11
 -1        90-7.26010E-12 7.09324E-12-8.28868E-12 2.04423E-11 3.72858E-11 5.71341E-11
 -1        91-1.13677E-10-2.66970E-11-7.34582E-11-3.32264E-12-5.20212E-12 5.86893E-11
 -1        92-3.75173E-11 4.11237E-11-6.45370E-11 2.88574E-11 6.75270E-13 3.29688E-11
 -1        93 2.19990E-11-4.00425E-11-3.79334E-11-8.05238E-12 6.89124E-12-1.37842E-11
 -1        94 1.41647E-10 4.99213E-11 4.63398E-11 6.78266E-11-8.41668E-12 1.06893E-11
 -1        95-3.42243E-11-1.53223E-11-3.27978E-11 9.38435E-12 3.53466E-11-2.24177E-13
 -1        96-4.08836E-12 2.78801E-11 2.87860E-11 1.11747E-11-2.37350E-11-2.91545E-11
 -1        97-1.39318E-10 9.10461E-11-1.01819E-10 5.50234E-11-2.72220E-11 7.25269E-11
 -1        98-6.82118E-11-1.28228E-11-9.64953E-11-1.84721E-11-2.04149E-11 4.19009E-11
 -1        99 1.21145E-11-7.32659E-13-1.20858E-10-1.74117E-11-5.67485E-11-1.10568E-11
 -1       100 9.24485E-11-2.98504E-11 8.18088E-13-1.54440E-11 9.64218E-12 6.71226E-11
 -1       101 1.77503E-10 1.49761E-10 1.55023E-10 6.63642E-11 5.71901E-11 4.06612E-11
 -1       102-7.09590E-11 3.59361E-11-2.57158E-12 1.90540E-11-1.06716E-11 3.88012E-11
 -1       103-6.35048E-11 5.49309E-11-7.88672E-11 2.51702E-11-4.28407E-11 2.38812E-11
 -1       104 6.27597E-11-3.60361E-11-1.83400E-11 8.30913E-12-4.09411E-11-8.74284E-11
 -1       105-5.05281E-11-2.52428E-11-4.00073E-11 2.11666E-11 1.37776E-11 1.57742E-11
 -1       106 1.17662E-10 7.10907E-11 2.81349E-11 7.44577E-11 1.73776E-11 4.11282E-11
 -1       107 7.26278E-11 3.79763E-11 6.32690E-11 4.81628E-11 2.91292E-11 1.45694E-11
 -1       108-3.39770E-10 5.53043E-11-6.09323E-11-8.88800E-11-4.20835E-11 3.77840E-11
 -1       109 3.06558E-11-3.55867E-11-5.40299E-11 9.15948E-12 7.57825E-12 2.26310E-11
 -1       110 1.72274E-10 2.63671E-10 1.43496E-10 6.24924E-11-6.46655E-11-3.28372E-11
 -1       111 9.37289E-12-1.09021E-11-9.15844E-12-2.30038E-12 1.87213E-11 6.76761E-11
 -1       112-5.20170E-11-5.69026E-11-1.07961E-10-3.54647E-11-1.32669E-11-7.92320E-12
 -1       113 1.74080E-13 1.41443E-13-1.58079E-11 4.86905E-14-1.85373E-12-5.17875E-13
 -1       114 6.71780E-15-9.35161E-14-9.78297E-14-4.94293E-14 4.70041E-13-1.33832E-12
 -1       115 9.34612E-14 3.60751E-14-1.58678E-11-5.54969E-15 1.38348E-12-4.58390E-14
 -1       116-6.98714E-14-9.51342E-14-3.14383E-11-4.47783E-14 7.49268E-13 1.19638E-12
 -1       117 4.09177E-14 1.59900E-14-1.59052E-11 2.04837E-14 1.12430E-14-1.35467E-13
 -1       118-8.12507E-15-1.34940E-14 1.17168E-14 2.85805E-16 3.55725E-14-7.47719E-15
 -1       119 2.72992E-14 5.05038E-15-1.58853E-11-1.26275E-14 2.07401E-14-3.48418E-14
 -1       120 5.10961E-14 7.81556E-14-3.18640E-11 5.04929E-15 5.17635E-14-5.80657E-13
 -1       121-9.56939E-14-7.47192E-15-3.16627E-11 2.66899E-14-1.01984E-12 6.69530E-13
 -1       122-6.42571E-14-1.18015E-15-8.05576E-14-6.12928E-15 2.79771E-14 4.03076E-13
 -1       123-6.71591E-14 1.31155E-15-3.19377E-11-3.77840E-14 9.83924E-13 2.20204E-13
 -1       124-5.16141E-14 3.23896E-15-1.45469E-14 9.16260E-15 6.01833E-15 1.05331E-13
 -1       125-4.43658E-12 8.01659E-14-2.44653E-12-9.11649E-13 3.44682E-13 3.77290E-12
 -1       126-1.59173E-12-3.01807E-13-8.40636E-12-1.76094E-13 5.41412E-13 4.32583E-12
 -1       127 5.38694E-13 4.62201E-13-1.91470E-11-1.89975E-13 2.62204E-12 1.74733E-12
 -1       128 1.30708E-12-4.60531E-12-1.01680E-10 1.04069E-12 2.69987E-12-1.41920E-12
 -1       129 3.65363E-11 2.36975E-11-5.86037E-12 2.24161E-11 2.39258E-11 3.80630E-11
 -1       130 1.90665E-11-2.84454E-13 1.52543E-12 7.46148E-12 4.59898E-13 1.43979E-11
 -1       131 5.97131E-12 6.82731E-12-2.21322E-12 1.36741E-11 7.43523E-13 9.53241E-12
 -1       132 6.68876E-13-1.94642E-13-1.12660E-12-1.52571E-12 3.78117E-12 1.53754E-11
 -1       133 5.98424E-13-1.50037E-12 9.56354E-12 1.09631E-12 9.32952E-13 4.35332E-12
 -1       134 4.71115E-13-1.21159E-13 1.64515E-12-4.26113E-13-7.41302E-13 1.39401E-12
 -1       135-2.09638E-12-6.30161E-14 4.89709E-13-9.86933E-13-4.58082E-13-2.55281E-13
 -1       136-4.73365E-12-1.91014E-13-1.00709E-12-8.01731E-13 2.53465E-13 2.22803E-12
 -1       137-2.72357E-12 4.67273E-15-4.96732E-12-4.58614E-13 9.62887E-14 3.96079E-12
 -1       138-8.12679E-13 3.82783E-13-1.23821E-11-4.77731E-13 1.75408E-12 2.88038E-12
 -1       139-2.65224E-12 2.42545E-13-4.26830E-11 8.48183E-14 5.24981E-13 2.04712E-12
 -1       140-1.13135E-11-1.76951E-11-1.55183E-10 1.50361E-11 5.78236E-11 5.14136E-11
 -1       141 3.25604E-11 3.90068E-12 2.60251E-12 1.37715E-11 2.72894E-12 2.33364E-11
 -1       142 9.10671E-12 3.43147E-13-3.29626E-12 1.01885E-11 3.88296E-13 1.17943E-11
 -1       143-3.49165E-12 5.61286E-12-1.37528E-12 4.74495E-12 3.63699E-12 1.23612E-11
 -1       144 1.46985E-12-1.81357E-12 1.13497E-11-6.64701E-13 3.73380E-12 7.19560E-12
 -1       145-9.84081E-14-8.25055E-14 2.81924E-12 5.71026E-13-1.08777E-12 2.61634E-12
 -1       146-1.19512E-12-3.58199E-13 1.15437E-13-6.45578E-13-4.32332E-13 7.44327E-14
 -1       147-2.99427E-12 8.40103E-14 2.11294E-13-7.48408E-13-3.17820E-13 3.08597E-13
 -1       148-4.06040E-12 1.12233E-13 9.91507E-14-1.33178E-12-9.38612E-14-5.71698E-13
 -1       149-1.59016E-12 2.58919E-13 1.53704E-13-7.94243E-13 5.84075E-13 9.75800E-14
 -1       150 5.52586E-13 3.70436E-13 2.68609E-13-3.26277E-13 7.92297E-13-9.16643E-13
 -1       151-5.15606E-13-2.50354E-12 7.81593E-12 8.11259E-13-3.93110E-12-2.66649E-12
 -1       152-3.66563E-12-1.32547E-12 4.12685E-12-1.47360E-12-5.02281E-12-2.18581E-11
 -1       153 7.13870E-12 1.92762E-12 2.06418E-12 9.20089E-12-1.80963E-12-1.28241E-11
 -1       154 1.93470E-11-2.08975E-12 6.84529E-13 1.08465E-11-4.91760E-13-1.24476E-11
 -1       155 2.60162E-11 1.28422E-11-2.75298E-12 1.46084E-11-1.91208E-11-3.72546E-11
 -1       156-3.19813E-12-2.84646E-12-1.01189E-10 3.77028E-12-6.97198E-12-4.10896E-12
 -1       157-6.26357E-15 3.75291E-13-1.94505E-11 8.43812E-13-6.84726E-13-2.65233E-12
 -1       158-1.24551E-12 5.93143E-13-7.92833E-12-3.67744E-13-4.62107E-13-4.37911E-12
 -1       159-3.78758E-12 8.85589E-14-2.70888E-12-7.80693E-13-4.46778E-13-3.64592E-12
 -1       160-3.22684E-12-1.94123E-14-7.62983E-14-8.03616E-13 1.97765E-13-3.85434E-13
 -1       161-5.59982E-13 7.81686E-14 2.58036E-13-5.53258E-13 5.09593E-13-3.76815E-13
 -1       162 2.74183E-13-2.94555E-13 1.32096E-12-6.40296E-14-2.48089E-13-1.44931E-12
 -1       163-8.45445E-13-1.26463E-12 1.47535E-11 2.85456E-12-5.75469E-12-5.32732E-12
 -1       164-4.40041E-12 1.28136E-12 5.64006E-12 3.50097E-12-4.06295E-12-1.86495E-11
 -1       165 1.43126E-11-7.60724E-13 1.76452E-13 1.06523E-11-1.39296E-12-1.15754E-11
 -1       166 2.59319E-11 4.38449E-12-6.48309E-14 1.35086E-11-1.72048E-12-2.19061E-11
 -1       167-8.48231E-12-9.58868E-12-1.00785E-10 3.67472E-12-5.14341E-11-4.15311E-11
 -1       168-2.81276E-12-2.07050E-12-4.77054E-11 1.37476E-12 1.66674E-12-6.50267E-13
 -1       169 1.65971E-12 1.84895E-12-1.15551E-11 6.25931E-13-7.37091E-13-3.39380E-12
 -1       170-3.13443E-12-4.94787E-14-5.02898E-12-4.47594E-13-5.68997E-13-3.95158E-12
 -1       171-3.69475E-12 2.52233E-13-9.98096E-13-5.82118E-13-1.55396E-13-2.44298E-12
 -1       172-2.09564E-12-2.65813E-11-1.25470E-11 4.90008E-12-1.92875E-11-2.65080E-11
 -1       173 4.60322E-11 3.06263E-11-1.14402E-11 3.62884E-11-1.22012E-11-3.07511E-11
 -1       174-5.37902E-11-2.76324E-11-3.54300E-11-4.62873E-12-2.19292E-11-1.24069E-11
 -1       175 2.08832E-11 3.92098E-11-6.53866E-12-1.49306E-11-1.47064E-11-9.19928E-12
 -1       176 5.28825E-11 3.85719E-11 7.39782E-11 4.66300E-11-1.02749E-11-3.30724E-12
 -1       177 3.63338E-11 9.03241E-12 1.76025E-11 4.27010E-11-8.92917E-12 9.49151E-12
 -1       178-1.46703E-11 5.20994E-12 1.00919E-11-7.12902E-12-1.10006E-11-3.50791E-12
 -1       179-9.09533E-11-3.97087E-11-1.46250E-11-2.53901E-12-3.47597E-11-1.74301E-11
 -1       180 1.47425E-11-1.24855E-11 2.18325E-11 5.89435E-12-4.49001E-12-8.70449E-13
 -1       181 2.08690E-11 6.71212E-12 5.21693E-11 1.92710E-11-6.34257E-12-1.29602E-11
 -1       182 2.18697E-11 2.03228E-11-1.04029E-11 3.76604E-11 2.82750E-12-5.38258E-12
 -1       183-7.39615E-11-1.63168E-11-1.29110E-11 1.03513E-11-6.72672E-13-2.11863E-11
 -1       184-5.82979E-11-2.12475E-11 1.53338E-11-7.32222E-12-2.02771E-12-3.69676E-11
 -1       185 3.01489E-11-5.28837E-12 7.31992E-13-2.40944E-11 6.12274E-12 9.14681E-13
 -1       186-2.04410E-11 2.77948E-12 7.14623E-12-1.43396E-11 1.49606E-11 5.67604E-13
 -1       187 9.34423E-12-2.94835E-11 1.33030E-11-8.53596E-12 1.05283E-11 1.35283E-11
 -1       188-3.48286E-11-2.69042E-11-2.63060E-12-1.00720E-11 2.40330E-12-4.37582E-12
 -1       189 2.79960E-11-5.01666E-12 2.52915E-12-1.08523E-11-2.87680E-12-1.75500E-11
 -1       190 6.50357E-12-1.64615E-11-3.22394E-12-5.00702E-12 2.60080E-12-2.95982E-12
 -1       191-8.06165E-12-1.10724E-11-3.49046E-11 2.68710E-11 2.34841E-11-2.03741E-12
 -1       192-3.52224E-11-5.36020E-11-4.27626E-11-5.29171E-12-8.09259E-12-3.99196E-11
 -1       193 1.73929E-11 3.05541E-11 3.54502E-11 1.21308E-11 1.82539E-11 2.62972E-11
 -1       194-1.63921E-11-1.25385E-11-1.56187E-11-6.69994E-13-8.43973E-12-7.69155E-12
 -1       195-1.06071E-11 3.96596E-11 3.10208E-11 2.91053E-11 2.89137E-11 2.02814E-11
 -1       196-2.89176E-11-1.30397E-11-4.64118E-11-1.87430E-12-7.09214E-12-1.38238E-11
 -1       197 2.53078E-11-7.08367E-12 6.81700E-11 1.25119E-11-1.61679E-11 5.31078E-14
 -1       198 6.59189E-11 3.65893E-11 4.77052E-11 1.68401E-11-2.31618E-11-1.04637E-12
 -1       199-5.51285E-11-1.82729E-11-1.63518E-11-1.44367E-11-5.25285E-13 2.72344E-11
 -1       200-5.48786E-11-1.00138E-11-1.95196E-12-1.34811E-11-7.75481E-12 2.61907E-11
 -1       201-5.70304E-12 3.74303E-12-2.42414E-12 3.73947E-12 3.23628E-12 5.54546E-12
 -1       202 4.70246E-11-8.42790E-12-1.73010E-11 3.44529E-12-1.51712E-11 4.22272E-11
 -1       203-1.53788E-11 7.68495E-13-6.00417E-11 6.46018E-12-2.33597E-11 1.47304E-12
 -1       204 6.02654E-11-2.21380E-12-1.01509E-11-3.91575E-12-8.25401E-15 3.36354E-11
 -1       205-6.38509E-11 1.59803E-11-7.91573E-12 2.17048E-12-2.01509E-11-4.01128E-11
 -1       206-2.67399E-11 5.52941E-11 7.18642E-11 1.17602E-11-6.22085E-12 1.53987E-11
 -1       207-3.05397E-11-1.72122E-11 3.88963E-12 1.76008E-11 2.95645E-11 2.12007E-11
 -1       208-3.06657E-12 2.37289E-11 3.69594E-11 1.00160E-11-5.87876E-12-1.92633E-11
 -1       209-5.09283E-12 2.83968E-12 6.98086E-12 5.58060E-11 1.75708E-11-1.27967E-11
 -1       210 3.73549E-11 1.57237E-11 1.00046E-11 1.42343E-11-9.78923E-12 1.45947E-12
 -1       211 4.90415E-11 4.95404E-11 8.71532E-11 1.74155E-11 1.30377E-12 9.34846E-12
 -1       212 1.24763E-10 2.76994E-11 1.65369E-11-8.50995E-13-3.78148E-11-3.89823E-11
 -1       213-1.03486E-10 4.72166E-11-1.21287E-11 1.11094E-11 2.83210E-11 1.53841E-11
 -1       214 7.76072E-11-3.48384E-11 4.58511E-11-4.99993E-11-4.71536E-13 6.60822E-11
 -1       215 1.04223E-10-6.49024E-13 2.99337E-11-3.00049E-11 3.94397E-12 2.07277E-11
 -1       216-5.39978E-11 1.89537E-11 2.31251E-11 1.43258E-11 4.96187E-13-1.70059E-11
 -1       217-2.58724E-11-1.38020E-11-8.78805E-12 2.35964E-11-2.45099E-12 1.25567E-13
 -1       218-9.68938E-11-5.51739E-11-4.17343E-11-6.41392E-12 2.48928E-11-3.54935E-12
 -1       219-4.59763E-11-2.51565E-11 2.98040E-11 4.28949E-12-6.65455E-11-3.59314E-11
 -1       220 1.49402E-11 4.47095E-11 4.46822E-11 2.46935E-11 1.00956E-11-1.87897E-11
 -1       221-2.35737E-11 9.88470E-11 6.71729E-11 2.52112E-11 2.12201E-11 2.35134E-12
 -1       222 2.34463E-11 2.39056E-12-6.56172E-11 7.45411E-12-1.56223E-11-1.92359E-11
 -1       223-3.14733E-11-1.82380E-11-1.96093E-11-2.80027E-12-1.74297E-11 1.14132E-12
 -1       224-9.13763E-11-8.48156E-12-4.29048E-12-1.08651E-11-1.88537E-11 2.86802E-11
 -1       225-2.23092E-11-7.50659E-13-2.83995E-11 1.05917E-11-1.10264E-13-4.09687E-12
 -1       226 4.01618E-11 1.77909E-11-2.50795E-11 1.82401E-11 2.15642E-11 6.36297E-13
 -1       227 3.18030E-11-1.45787E-11-8.69894E-11-2.39210E-12-2.69561E-11-2.98205E-11
 -1       228 1.17446E-11 3.87658E-11 2.38033E-11 1.88081E-11-8.19189E-12 2.14965E-11
 -1       229-2.92166E-11-7.82797E-12-1.20860E-11 2.12501E-11 6.34482E-12 4.01318E-11
 -1       230 5.28322E-11 4.65828E-11 2.83261E-11 3.07427E-11-9.29157E-12 3.95851E-11
 -1       231 2.72511E-11-1.38407E-11-7.19590E-12-6.57331E-12 6.59301E-12 3.26784E-12
 -1       232-4.36000E-11-3.71648E-11-3.58031E-12-1.53396E-11-6.60945E-12-4.31121E-12
 -1       233 8.02981E-11 5.06905E-12 1.11621E-11 1.99485E-12-1.29903E-11 2.41988E-11
 -1       234 2.79245E-12 1.10662E-11 7.15070E-12 4.28750E-12-2.78853E-12-1.42892E-11
 -1       235 3.78646E-11 4.92741E-12 1.60631E-12-6.19789E-13 8.91906E-12-1.15415E-11
 -1       236 3.61242E-11-3.07090E-12-2.07464E-11-1.24189E-12 2.12239E-12 2.13507E-11
 -1       237-3.03543E-11-2.04017E-11-4.70336E-12-2.04083E-12 6.22714E-12 4.38821E-12
 -1       238 1.84273E-11 8.65226E-12 1.11194E-11 5.83936E-12 1.85747E-12 2.13474E-12
 -1       239-1.63682E-11 6.69266E-12-2.41565E-13 2.96471E-12 6.42509E-12 4.06514E-11
 -1       240-2.86015E-11-5.06702E-11 1.33284E-11-2.14436E-11 5.48181E-12 2.98211E-11
 -1       241 5.07200E-11 2.09858E-11-5.89396E-12 2.54139E-11 1.11164E-11 1.64640E-11
 -1       242-5.11527E-11 1.80051E-11-2.83437E-11 5.15334E-12 3.55074E-12 3.23921E-11
 -1       243-3.27406E-11 7.40562E-12 3.35568E-11-9.17289E-12-4.70298E-12 1.53186E-11
 -1       244 2.69398E-11 9.06900E-12 3.60101E-11 2.24564E-12-2.14640E-12-7.18647E-12
 -1       245 3.80759E-11-2.46052E-12 2.76792E-11 2.81844E-12-2.28198E-11 1.08021E-11
 -1       246 3.44610E-11-1.54346E-11 4.96268E-11 5.66384E-12-1.88778E-11 1.65117E-11
 -1       247-2.74629E-11 1.17158E-11 3.10130E-11 2.05614E-11 9.55536E-12-3.82129E-11
 -1       248-6.53646E-11-8.05344E-11-3.60134E-11-5.66818E-11-2.34881E-12-3.80923E-11
 -1       249-3.37204E-11 7.86785E-11 9.20177E-11 2.23426E-11 1.06560E-11 5.10073E-11
 -1       250-1.32471E-10 9.79101E-12-3.35626E-11-2.35774E-11-2.26367E-11 3.68245E-11
 -1       251 5.65644E-11 1.80009E-11-8.16016E-11 1.33195E-11-1.55822E-11-3.63235E-11
 -1       252 4.37151E-11 3.72265E-13 1.90935E-11 2.80602E-12-8.24386E-12 3.73306E-12
 -1       253 2.69928E-11-5.18624E-11-2.03321E-11 1.30914E-12 1.99977E-11-8.26445E-12
 -1       254-5.44132E-11 1.03789E-11 1.77615E-11 1.41063E-11 5.62959E-12-6.33585E-12
 -1       255 5.74329E-11-1.80980E-11 2.77026E-11-1.45531E-11 1.46482E-11 4.30800E-11
 -1       256 4.17086E-11 1.37350E-11 1.81755E-11-1.61906E-11-4.42512E-12 1.58579E-11
 -1       257 4.99563E-11 3.19333E-11 2.42311E-11-4.07156E-11 5.69588E-12 3.19803E-11
 -1       258 6.28248E-11-4.11285E-11-3.95006E-11-8.88060E-12 2.26948E-11 5.89056E-11
 -1       259-2.69892E-11-1.07740E-12-3.11939E-11-1.67178E-11 2.09891E-11 2.84866E-11
 -1       260 4.76575E-11 5.11707E-11 1.29402E-11 2.46944E-11-1.53025E-11 2.64417E-12
 -1       261-8.34924E-11-4.50131E-11-6.24412E-12-2.58394E-11-3.04087E-11-1.14002E-11
 -1       262-3.75120E-11 3.19806E-11 2.04793E-11 5.56556E-12-1.10599E-11 1.20419E-11
 -1       263 3.04657E-11-3.07025E-12 2.20104E-11 5.94112E-12-1.53063E-11-3.24961E-12
 -1       264-1.06006E-10-3.11920E-11 2.69163E-11-4.24876E-11 3.21221E-13 7.58101E-12
 -1       265 1.36965E-10 9.51142E-12 4.52516E-11 2.33726E-11-2.88646E-11-1.12369E-11
 -1       266 1.27726E-10 2.71795E-11 3.14147E-11 1.84217E-11-2.77955E-11 2.24437E-11
 -1       267-5.49961E-11 1.31151E-11-2.42595E-11 2.07385E-11 2.88835E-11 1.55025E-11
 -1       268-3.16222E-11-3.53528E-11 3.95791E-11-1.72272E-11-1.97949E-11 2.08474E-11
 -1       269-2.94497E-11-3.16970E-11-2.92179E-11-5.99583E-12-9.34953E-12 2.11855E-11
 -1       270-1.54626E-11-3.59223E-11-4.11291E-11-1.92259E-11 3.82889E-12-2.34209E-11
 -1       271-4.92667E-11 2.13329E-11-2.35637E-11-2.60668E-11-5.43652E-12 1.21972E-11
 -1       272 4.57934E-11-3.46816E-11-3.70124E-11-2.35603E-13-4.70647E-12-2.69549E-12
 -1       273-3.15845E-11 9.66311E-13-1.62392E-11 5.76581E-12-3.91875E-12 6.33300E-12
 -1       274-4.08176E-11 1.07834E-11 3.83677E-11-3.42529E-11-2.30184E-11 3.13974E-11
 -1       275 1.47447E-11 7.20429E-12-1.50463E-11-1.45383E-11-1.33033E-12 1.86532E-11
 -1       276-7.36016E-11 1.33244E-12-2.47802E-11 9.72430E-12 6.90284E-12 5.02925E-11
 -1       277 2.20942E-11 4.23516E-11-5.73861E-11 1.30152E-11 2.15497E-11 6.13634E-11
 -1       278-6.74232E-11-2.26219E-11-1.24831E-10-6.45042E-12 7.67011E-12 5.46645E-12
 -1       279-2.19136E-11 1.20660E-11 1.80902E-11-1.75259E-11 1.46114E-11 9.93143E-12
 -1       280-6.43452E-11-3.27202E-11-3.06826E-11-2.55501E-12 1.49756E-11-2.02366E-12
 -1       281 1.42021E-11 1.03444E-11-1.70763E-11-1.21104E-11 4.41080E-12 5.94099E-12
 -1       282 3.29139E-11-3.15697E-11-4.60916E-12 1.20606E-12 3.69925E-12 1.19581E-11
 -1       283 1.28818E-11 5.63478E-12 5.15670E-12 5.11221E-11 5.61603E-12 2.62863E-11
 -1       284 2.42246E-11 1.38704E-11 2.64737E-12 1.46057E-11 5.50190E-12 1.45606E-11
 -1       285-1.23852E-10-3.60705E-11-5.18344E-11-1.50656E-11 1.46019E-11 1.03546E-11
 -1       286-2.62602E-11 7.93836E-12 1.02984E-11 2.63277E-11-2.87050E-11-8.82103E-12
 -1       287-1.22485E-10-4.20415E-11-6.16896E-11-1.24651E-11 1.09934E-11 1.96413E-11
 -1       288 7.21526E-11 7.55066E-11-4.40748E-11 4.76452E-11-3.18652E-12 2.49543E-11
 -1       289-1.76238E-11 3.16963E-12-3.41295E-11 9.42787E-12-6.01317E-13 1.31597E-11
 -1       290 2.39157E-11 3.03721E-11-7.19346E-11 2.42548E-11 1.70185E-11 5.54458E-11
 -1       291 2.53009E-11 5.11319E-11-1.51979E-11 1.99994E-11 6.79459E-12 3.13976E-11
 -1       292-4.37571E-11-1.02910E-11-5.32190E-11-1.73955E-11-2.33254E-11 8.09145E-12
 -1       293-9.91090E-11-6.39478E-11-1.19859E-10-3.95514E-11 1.97802E-11 3.40112E-11
 -1       294-4.12611E-12-4.87207E-11-5.92908E-11-1.70642E-11-8.73111E-13 2.32070E-11
 -1       295 2.74343E-11 1.67840E-13 3.12584E-11 2.47675E-12-8.84485E-13 1.55440E-11
 -1       296 1.57291E-11 6.50728E-12-5.88764E-11 2.04694E-12 3.93513E-12 1.85131E-11
 -1       297 2.15151E-11 2.46494E-12 1.38796E-11 2.66623E-11-1.52866E-11 2.85601E-11
 -1       298 4.06720E-11 7.86737E-11 9.33869E-11 2.71682E-11-4.02544E-11-1.99120E-11
 -1       299 4.30619E-11 1.49245E-11 1.70813E-11-7.50202E-12-7.58158E-12 1.45371E-11
 -1       300 3.67624E-11 4.54044E-11 4.66052E-11 1.57776E-11-1.49002E-12-2.97851E-12
 -1       301 1.33287E-11 1.96688E-11 3.81264E-11-3.03183E-11-9.90472E-13-3.82662E-12
 -1       302 4.73294E-11 4.73640E-11 9.94507E-11 8.66109E-13-1.05927E-11 3.84318E-11
 -1       303 6.20226E-12 2.75027E-11 8.29536E-12-5.13985E-12 9.42483E-12 1.44786E-11
 -1       304-3.82250E-11 3.56022E-11-8.20606E-12 2.75744E-11 1.01453E-11 2.92625E-11
 -1       305-1.17851E-10-4.43164E-11-2.81224E-11-2.71211E-11-2.28490E-11 3.78488E-11
 -1       306 1.09941E-12 2.04657E-11 2.37300E-11 8.41635E-12-3.95134E-12-7.72606E-13
 -1       307-1.05278E-11 3.21595E-11 2.90081E-11 1.56329E-11-4.67128E-12-1.77920E-11
 -1       308-9.21640E-11-9.73595E-13-3.83719E-11 6.88145E-12-4.54286E-12 2.60203E-11
 -1       309 2.16937E-11 3.06075E-11-1.16387E-11 1.98318E-11-1.86628E-11-5.09376E-11
 -1       310-1.54828E-11 2.38841E-11 2.09871E-11-2.89166E-12-8.09231E-12-6.43037E-12
 -1       311-3.60537E-11 1.59553E-11 1.28269E-11-1.03263E-11 2.13064E-11 4.58439E-11
 -1       312 6.86722E-12-4.04468E-12-1.66536E-11-9.56281E-12 1.04188E-11 1.68937E-11
 -1       313 1.03447E-11-6.83066E-12-4.03181E-11 1.05477E-11 6.90146E-12-2.07012E-11
 -1       314 2.41318E-11-3.33689E-11-1.71165E-11-5.70846E-12-1.43846E-11-3.51690E-12
 -1       315-4.97872E-12-1.62259E-11-5.22489E-11 1.60001E-12 9.56737E-12-3.76391E-11
 -1       316 2.68286E-11 4.81031E-12-1.60056E-11-1.56981E-11-1.63588E-11-3.44934E-11
 -1       317 2.10858E-11-2.21161E-11-4.33847E-11-8.30960E-12-1.34220E-11-2.75082E-11
 -1       318 1.99680E-11-3.37911E-11-2.01166E-11-2.34285E-12-1.74495E-12-5.42871E-12
 -1       319-8.29721E-11-1.60025E-11-5.45300E-11-2.47434E-11 1.27958E-11 7.44766E-11
 -1       320 8.25488E-12 2.55705E-11-7.92893E-11 2.10864E-11 8.47997E-12 6.68288E-11
 -1       321 1.65989E-11 8.79198E-12-7.90276E-11 2.00868E-11-1.48408E-11 1.56886E-11
 -1       322-8.71249E-11-3.27036E-11-1.62368E-10-7.59374E-12-1.04783E-11 2.83368E-11
 -1       323-1.81987E-11 5.25656E-12-3.62534E-11-1.36469E-11-5.20090E-12 1.50485E-11
 -1       324-6.71274E-11-2.07152E-11-8.36792E-11-4.17586E-11-1.49859E-11 4.79943E-11
 -1       325 2.81517E-11-1.58000E-11 1.97501E-11 3.36288E-12-7.76066E-12 1.92972E-11
 -1       326-4.04921E-12-3.78870E-11 1.80139E-11-3.19703E-11-3.70229E-12 2.15752E-11
 -1       327-1.29060E-10-2.57128E-11-3.04508E-11-3.32960E-11-1.12684E-11 3.63011E-11
 -1       328-6.39811E-11 3.08104E-11 3.60653E-11-4.12839E-11 1.55989E-11 3.34125E-11
 -1       329-6.77104E-11 2.09158E-12-2.31998E-11 1.82314E-11 1.67967E-11 7.67349E-11
 -1       330-1.21973E-10-4.44301E-11-5.65238E-11-6.15846E-12 1.27023E-11 5.47298E-11
 -1       331 3.78948E-11 2.56887E-11-8.27010E-12 3.79000E-11 1.26676E-11 3.00746E-11
 -1       332-7.23542E-11-2.88778E-11-6.63412E-11 1.09407E-11-1.88351E-11 9.34224E-12
 -1       333-6.70504E-11-1.67718E-11-4.14707E-11-4.53665E-11-1.34456E-11-3.74939E-11
 -1       334-3.61632E-11 5.87397E-11-1.51045E-11-1.99946E-11-8.37338E-12 7.16524E-12
 -1       335 1.12692E-10-1.47499E-11-1.67074E-11 2.86467E-11-2.09832E-11-2.38945E-11
 -1       336 8.60128E-11-2.42182E-11-1.84802E-11 1.31244E-11-2.43759E-12-1.01228E-11
 -1       337-6.18951E-11-5.79672E-11-5.12577E-11-2.39483E-11 1.22979E-11-2.42266E-11
 -1       338 1.80269E-11 1.49160E-11-1.80444E-11 1.14837E-11 1.28736E-11 1.75303E-11
 -1       339 5.22513E-11 4.79100E-11 5.89789E-11 3.64872E-11 2.40100E-11 7.71736E-12
 -1       340-2.30214E-11 2.20914E-12 5.52707E-11 3.27197E-12 4.95770E-11 2.25308E-11
 -1       341-3.59805E-11-7.12790E-11-7.79872E-11-1.27008E-11-2.31560E-11 5.59625E-11
 -1       342-3.47909E-11 5.63195E-13-1.01714E-10-7.07256E-13-5.08116E-12 1.06577E-12
 -1       343-5.00432E-11-3.83922E-11-5.06732E-11 5.41693E-12 1.60950E-11 4.67085E-11
 -1       344-3.61922E-11 1.69310E-12-6.91021E-11 2.96799E-11-7.03715E-12 7.18388E-11
 -1       345 3.24443E-10 1.36825E-10 3.53934E-11 5.91559E-11-1.22037E-11 5.80485E-11
 -1       346 6.94670E-11 2.31714E-11 2.16037E-11 2.86523E-11-5.15458E-12 5.84399E-12
 -1       347-1.32526E-11-5.34950E-11-3.20773E-11-1.79363E-11-1.28497E-11 3.86388E-11
 -1       348 6.07237E-11 1.27635E-10 6.10172E-11 1.53985E-11-1.04495E-11 2.38737E-12
 -1       349-3.89642E-11 3.44057E-11 6.98750E-11 1.07132E-12-1.01326E-11 1.73229E-11
 -1       350 2.66277E-11 7.01842E-11 9.56269E-11 1.64363E-11 3.51728E-11 2.80315E-11
 -1       351-1.87447E-11 5.25909E-11 1.83234E-11 8.85187E-12-3.42310E-12 4.24239E-11
 -1       352 1.11202E-10 2.71197E-13-1.59785E-11-1.40897E-11-6.13359E-12 7.00279E-11
 -1       353 8.07330E-11-1.71600E-11 4.72255E-11-1.92613E-11-2.93044E-11 6.56245E-11
 -1       354-5.43187E-12-8.84453E-12 2.29668E-11 1.46514E-11 1.50479E-11 3.60992E-11
 -1       355-5.75264E-11-7.99535E-11-5.22849E-11-3.13670E-11-5.21280E-11-4.18883E-11
 -1       356 5.77911E-11 7.11047E-11 2.37773E-11-1.63871E-11 2.15866E-11-4.54885E-12
 -1       357 2.71584E-10 6.34990E-11 1.19503E-11 4.13683E-11 2.79986E-11 5.60627E-11
 -1       358 1.99999E-10 8.58373E-11 5.08242E-11 3.52999E-11 1.93332E-12 8.96647E-11
 -1       359 1.77491E-10-3.75294E-11-7.28527E-11-3.02463E-11 1.00022E-11 5.74491E-11
 -1       360 2.56203E-11 3.89032E-13 2.97459E-11-1.88162E-13-3.39366E-11-3.57911E-11
 -1       361 4.99616E-11 4.47290E-11 3.59236E-11 1.69712E-11-1.95103E-11-8.01870E-12
 -1       362-5.85546E-11-3.45383E-11 6.75770E-11-4.79054E-12 7.19673E-12 3.43140E-11
 -1       363-5.00461E-11 1.79342E-11 5.79498E-11-2.26057E-11-2.26833E-12-1.24209E-11
 -1       364 6.82874E-11 8.14535E-11 3.91753E-11 2.68000E-11 1.41521E-11-2.31211E-11
 -1       365-4.07407E-10 3.65689E-11-7.45267E-11-7.72169E-11-2.01115E-11 3.28386E-12
 -1       366-2.40746E-10-1.04190E-11 5.07821E-11-7.15628E-11 1.67762E-11 6.10054E-11
 -1       367-3.74794E-11-1.49845E-11-3.46569E-11-1.17649E-11 2.53949E-11 6.63800E-11
 -1       368 9.02199E-12-5.34654E-11-5.84000E-11-1.00043E-11 9.81930E-12 6.13260E-11
 -1       369-1.10011E-11 3.58957E-12-8.17526E-11-4.87657E-12-1.42709E-13 9.25980E-11
 -1       370 4.65588E-12-3.27279E-11-1.38545E-11 5.06563E-12-2.33455E-13-5.22745E-12
 -1       371-9.77699E-12-1.17971E-11 1.23359E-12-4.50893E-11 1.45197E-11 3.60108E-11
 -1       372-6.24081E-11-2.74687E-11-1.51200E-10 2.92379E-12-1.23405E-11 5.46605E-11
 -1       373-1.44659E-11-1.44205E-11-6.11176E-11-1.46441E-11-3.64988E-11-3.82442E-11
 -1       374-1.73453E-10-8.25806E-11-2.02625E-10-2.02509E-11-3.65085E-11 3.19427E-11
 -1       375 2.97079E-11-1.67098E-11-7.05874E-11 9.97454E-12-1.88760E-11 2.03100E-11
 -1       376-1.19863E-10-1.11147E-10-3.07133E-12-5.15741E-11-1.65019E-11 7.97178E-12
 -1       377 3.49731E-11 1.07437E-11 1.21528E-11 1.71178E-11 3.84516E-12 3.59032E-11
 -1       378 9.03330E-11-3.93755E-11 1.02927E-10-1.89298E-11-1.61010E-11 3.79303E-11
 -1       379 1.11139E-10-2.00727E-11 6.71372E-11-3.25494E-11-9.02841E-12 7.46174E-11
 -1       380 4.05414E-11-4.14615E-12 1.49855E-10-1.57284E-11-5.63295E-12 4.82844E-11
 -1       381-3.34380E-12-2.59335E-11-2.79528E-11-2.38049E-11-1.60617E-12 3.99931E-11
 -1       382 1.49388E-11-1.32236E-11 1.70533E-13-1.91471E-11 7.81693E-12 2.54456E-11
 -1       383 9.79434E-11-2.14192E-11-4.62333E-11-2.88196E-11-3.73642E-12 1.09455E-10
 -1       384-1.36743E-11 2.48568E-11-3.59246E-11 1.15777E-11-2.97007E-11-7.37962E-12
 -1       385-1.52716E-11 1.12204E-10 6.87703E-11-9.75234E-12-2.05819E-12 1.05039E-11
 -1       386 1.38907E-10 8.95513E-11 7.62088E-11 2.77419E-11 1.67347E-11 7.38668E-11
 -1       387-3.76259E-11 4.32495E-12-8.19824E-11 1.79365E-11 3.24869E-12 6.25786E-11
 -1       388-1.39883E-10-5.13260E-11-1.00846E-10-3.67292E-12-4.73069E-12 6.12127E-11
 -1       389-7.66137E-12 8.58639E-12-4.63959E-11 1.75403E-11-2.50110E-11 1.63930E-11
 -1       390 9.98857E-12-3.18611E-11-3.18825E-11 6.85672E-12-6.92703E-12 2.48354E-11
 -1       391-3.27093E-11-1.32103E-11-8.65858E-13 7.31042E-12-1.25074E-11 2.36625E-11
 -1       392-7.20154E-11-1.02133E-11-6.80831E-11 1.83405E-11 2.97934E-12 4.83531E-11
 -1       393 1.36170E-10 2.59177E-11 9.80066E-11 4.12780E-11 9.12470E-12 1.48313E-11
 -1       394-1.39872E-11 5.89026E-11 7.29001E-11 1.98435E-11 2.39444E-11 1.73904E-11
 -1       395-4.52981E-11-3.76512E-11-1.40178E-11-1.22884E-12 5.89562E-12 1.68282E-11
 -1       396-1.84962E-11-1.81482E-11 4.41256E-11-1.11906E-11 3.87638E-11 1.96661E-11
 -1       397 1.16829E-10-1.22836E-11 4.18241E-11 1.44909E-11 4.08391E-11 4.01853E-11
 -1       398-1.74873E-11 5.81033E-11 6.23336E-11 2.76603E-11 4.23211E-11 2.49183E-11
 -1       399-4.04380E-11-1.13114E-11 4.64608E-11 1.66521E-11 1.93203E-11 1.74905E-11
 -1       400 1.52310E-10 6.01597E-11 3.60463E-11 4.62348E-11 3.26184E-11 6.72478E-11
 -1       401 2.41996E-10 1.11343E-10 2.77023E-11 5.65790E-11-2.07626E-11-5.13230E-12
 -1       402-7.31025E-11-2.73075E-11-4.45652E-11 4.47715E-12-2.36085E-11 5.44194E-11
 -1       403-1.01175E-11-3.59262E-11-6.47980E-11 2.51190E-11 1.31399E-11 6.07185E-11
 -1       404-6.80982E-12-2.43813E-11-4.40129E-11 2.60897E-11 2.01865E-11 7.44288E-11
 -1       405-4.68597E-11-1.63065E-12 2.00550E-11-1.25871E-11-1.68494E-11 1.78078E-11
 -1       406 9.96976E-11 5.94609E-11-1.62467E-11 2.05481E-11 3.43037E-11 8.08942E-11
 -1       407 3.09109E-11 3.82331E-11-1.02186E-10 2.64526E-11 2.86817E-11 4.90940E-11
 -1       408 1.18503E-10 3.38328E-11-7.26343E-14 3.82411E-11 4.79495E-12 2.54732E-11
 -1       409-1.18689E-10-6.14406E-11-1.15543E-10-3.74464E-11 1.19181E-11 5.84553E-11
 -1       410 2.16969E-10 8.74948E-11 3.38668E-11 5.00601E-11-4.03138E-11 4.37477E-11
 -1       411-2.32599E-11-3.28945E-11 3.18365E-11-2.64629E-11 1.06633E-11 7.93310E-11
 -1       412 1.65299E-10 7.56606E-11 5.11329E-11 3.88973E-11 2.23933E-11 5.67186E-11
 -1       413 1.03250E-10 9.51601E-12 3.43519E-11-1.41697E-11 1.70700E-11 6.58266E-11
 -1       414-5.08963E-11-1.79647E-11-2.28808E-11-1.62739E-11 3.08598E-11 7.80812E-11
 -1       415-1.69965E-10-2.09934E-11-6.40284E-11-1.28203E-11 4.00219E-12 6.02664E-11
 -1       416-9.40564E-11 1.63948E-11-9.00461E-11 6.43350E-12-3.12141E-12 7.03646E-11
 -1       417-5.33071E-11-3.53070E-11-6.91142E-11 2.06721E-12-4.95654E-12 7.79266E-11
 -1       418 1.19564E-11 1.33994E-11-1.91000E-11 1.16582E-11 4.42806E-11 6.28341E-11
 -1       419-8.66751E-11-6.90513E-11-7.89272E-11-1.51332E-11 2.98013E-11 5.96000E-11
 -1       420 2.68599E-11 6.32061E-11 4.25370E-11 3.34689E-11 4.89316E-11 4.23843E-11
 -1       421-1.44873E-11-2.53842E-11-2.51929E-11-7.23786E-12 1.65759E-11 1.15311E-12
 -1       422-1.50221E-12-1.13124E-11 6.27126E-12 1.85043E-11 5.76983E-12-6.83806E-12
 -1       423 4.71637E-11 5.77461E-11 5.73244E-11 4.55750E-11-4.74482E-12 1.02475E-11
 -1       424 2.57547E-11-2.55667E-12 1.73008E-12 2.56263E-11 1.01988E-11 4.87137E-12
 -1       425 1.55651E-10 1.03847E-10 6.44741E-11 6.10232E-11-1.45189E-11-3.78882E-12
 -1       426 1.77561E-10 1.69246E-10 1.28338E-10 6.38380E-11 3.56689E-11 2.99789E-11
 -1       427 1.64152E-10 1.45197E-10 1.02903E-10 1.17930E-10 3.73003E-11 3.36302E-11
 -1       428 6.56269E-11-8.06043E-11-6.93366E-11-5.40397E-11-2.48987E-11 6.21222E-12
 -1       429-1.08390E-10-6.98390E-11-9.96541E-12-3.72695E-11 4.38351E-11 6.52767E-11
 -1       430 1.06476E-13 1.31899E-13-1.59854E-11 1.89519E-14-6.72616E-13-1.27403E-12
 -1       431-8.85668E-15-1.80841E-14-1.59296E-11-5.01097E-15-6.62972E-14-2.74269E-17
 -1       432 1.19588E-13-1.35656E-15-1.60646E-11 1.60367E-14-1.30975E-12-4.04583E-13
 -1       433 1.16337E-13-3.59159E-15-1.59554E-11-9.60531E-15 1.30395E-12-2.78765E-13
 -1       434-1.73113E-12-8.07720E-14-1.96956E-11-6.88161E-13-6.38060E-13-2.05619E-13
 -1       435-2.30574E-13-1.25308E-14-3.19370E-11 4.30593E-14-2.26324E-12 3.55714E-12
 -1       436-2.85551E-13-1.47282E-13-3.16781E-11-9.74262E-14 4.00883E-12 3.42023E-12
 -1       437-8.95149E-14-1.00369E-13-3.24028E-11 1.40866E-14 3.16738E-12-2.60330E-12
 -1       438-8.81121E-14-8.38958E-14-3.24621E-11-2.30022E-14-3.07845E-12-2.61151E-12
 -1       439-8.21971E-15 3.50648E-14 1.87120E-13-6.88414E-15 4.49041E-14 1.12200E-12
 -1       440-4.21500E-14-1.78867E-14 8.24491E-14-4.28971E-14-3.56672E-13 1.03442E-12
 -1       441-1.72457E-14-1.37211E-14 1.76609E-13 2.31909E-14 9.14254E-13 7.85505E-13
 -1       442-7.69960E-15-1.91761E-14-1.41680E-14-1.78582E-14 9.56879E-14 2.74039E-14
 -1       443-1.54997E-14-2.97730E-15 1.76684E-14 1.61390E-14-8.30490E-14 4.32547E-14
 -1       444-3.78841E-12 3.29133E-13-5.03051E-13-1.13100E-12 2.45563E-13 8.53306E-13
 -1       445-3.46260E-12-2.02928E-13-2.22888E-13-1.06809E-12-3.16657E-13-1.15211E-12
 -1       446-3.38596E-12 3.94343E-14-1.26638E-12-1.10277E-12 5.71830E-13 2.02461E-12
 -1       447-2.84474E-12-9.23944E-14-1.20806E-12-1.10320E-12-6.07821E-13-2.05096E-12
 -1       448-2.10504E-12 2.13987E-14-1.74210E-12-6.60012E-13 6.29365E-13 1.65905E-12
 -1       449-6.09432E-13-2.68405E-14-3.83513E-12-4.90152E-13 7.11003E-13 1.71237E-12
 -1       450-7.44641E-13-1.29407E-12-3.01781E-12 4.04003E-13-6.01963E-13 1.29001E-12
 -1       451 9.82266E-13-7.80361E-14-4.18919E-12-7.20543E-14-5.45801E-13-6.45409E-13
 -1       452-4.11857E-13 5.59714E-12-1.49694E-11 3.42887E-13 1.24858E-12-1.80412E-12
 -1       453 2.79556E-11 2.64062E-11 1.29766E-11 1.30410E-11 2.46545E-11 1.87679E-11
 -1       454-1.07826E-12-6.64190E-12-6.68512E-11 2.07542E-12-3.45587E-12-1.47431E-11
 -1       455 2.53354E-11 5.92920E-12 7.27213E-13 1.57207E-11 4.30535E-12 7.88202E-12
 -1       456 2.02375E-11-4.85194E-13 1.06632E-12 1.16067E-11 4.87496E-13 3.13505E-13
 -1       457 2.13090E-11 1.46572E-11-3.98952E-12 1.68499E-11 2.03762E-12 2.40654E-12
 -1       458 1.58748E-11 2.46427E-12-6.30506E-13 1.24038E-11 1.26459E-12-1.07678E-12
 -1       459 1.98467E-11 1.67868E-11 9.52974E-13 1.86359E-11-4.82919E-12-1.17121E-11
 -1       460 9.59149E-12 9.07381E-12-2.96690E-13 2.26296E-12-1.26856E-11-9.91024E-12
 -1       461 9.49592E-13-2.20277E-12-5.65215E-11 1.96573E-12 5.91616E-13 7.75046E-12
 -1       462 1.21028E-12 2.28446E-12-2.04878E-11 9.95084E-13-8.35036E-13 1.10751E-12
 -1       463-1.12921E-12-9.82466E-13-3.29393E-12 2.99450E-13 3.01184E-14 1.01302E-13
 -1       464-5.57671E-13 4.96529E-13-3.43069E-12-6.44742E-13-8.55117E-13-1.69063E-12
 -1       465 2.77930E-13-2.37621E-13-2.82297E-12 5.80611E-13-8.17600E-14 9.55601E-13
 -1       466-1.61413E-12 4.64212E-13-2.68914E-12-6.76473E-13-5.08612E-13-2.20291E-12
 -1       467-3.92045E-12 2.37336E-15-1.93113E-12-8.90788E-13 5.12442E-12 8.58288E-12
 -1       468-3.34528E-12-8.48606E-13-1.97355E-13-1.69185E-13 2.27512E-13 1.52018E-12
 -1       469 1.93989E-12-5.57097E-14-8.88071E-13-1.07673E-12-1.44496E-12 2.10659E-12
 -1       470-2.28617E-12-2.20046E-13-4.12986E-12-4.54140E-12-1.52868E-14 2.21253E-11
 -1       471-2.30765E-12 5.46222E-13-2.11854E-11-1.51805E-12 7.07984E-13 1.49289E-11
 -1       472-2.15486E-12-1.06618E-12-7.99881E-12-3.60845E-13 7.72559E-13 7.80710E-12
 -1       473-5.59434E-12-2.83231E-12 5.43479E-12-4.57797E-12 2.03854E-12 8.73277E-12
 -1       474-3.64970E-12-9.92264E-14-1.31247E-12-2.49116E-13 9.35440E-14 3.42402E-12
 -1       475-2.67773E-13-5.94094E-14 4.49307E-13-3.76077E-14-5.34692E-13 4.08753E-13
 -1       476 2.68195E-13-2.48228E-15-1.63426E-11-1.69952E-14 1.90486E-14 7.30407E-12
 -1       477-9.45179E-12-7.47397E-12-2.60964E-11-6.55545E-12 4.81924E-12 3.54116E-11
 -1       478-3.97768E-12 9.83798E-15-1.75349E-12-4.49224E-13 2.48058E-13 3.50141E-12
 -1       479-4.06531E-12-1.06320E-13-5.97127E-13-4.42648E-13-1.77340E-15 2.25109E-12
 -1       480-3.11069E-12 4.38368E-14-1.78728E-13-2.12159E-13 8.26313E-14 1.42591E-12
 -1       481-2.38729E-12 6.97782E-15-5.76703E-14-3.56353E-13-2.38576E-13 6.50149E-13
 -1       482-3.27352E-12-1.75750E-13-5.44430E-13-1.33857E-13 6.49699E-14 2.67331E-12
 -1       483-2.16791E-12-7.90753E-14-8.41338E-12 6.86328E-14 4.25510E-13 5.68128E-12
 -1       484-3.12181E-12-5.59591E-14-4.98505E-12-3.42792E-13 1.55879E-13 5.09343E-12
 -1       485-2.97060E-12-5.56262E-14-3.93597E-12-1.61424E-13 1.04207E-13 5.49668E-12
 -1       486-2.95983E-14-4.86046E-13-1.87793E-11-3.28092E-13 1.09048E-12 4.48251E-12
 -1       487-9.20967E-13-2.03565E-13-1.23035E-11 1.15919E-14 1.61978E-13 5.62909E-12
 -1       488-1.70852E-12-1.43046E-13-1.27481E-11-9.64180E-14 2.44331E-13 7.39579E-12
 -1       489 5.11385E-12-8.58629E-13-5.44183E-11-1.46858E-12-4.33415E-13 1.14103E-11
 -1       490 2.09081E-13-6.15966E-13-2.49795E-11-5.41476E-13 1.78772E-12 8.53655E-12
 -1       491 1.79667E-12 6.65024E-13-1.84489E-11-6.70399E-13 5.42186E-13 1.01830E-11
 -1       492 1.20799E-11 7.91137E-12-1.52856E-11 5.44065E-12 2.63368E-11 4.54871E-11
 -1       493-7.25323E-12-1.09667E-11-8.95006E-11-1.96257E-12 5.36871E-12 2.09296E-11
 -1       494-1.07204E-11-1.86593E-12-3.35706E-11-1.18678E-12 2.14950E-12 3.18243E-11
 -1       495 7.73907E-12-1.66094E-13 3.39686E-13-6.13285E-13-2.12411E-14 1.78611E-11
 -1       496 9.75944E-12 4.08207E-12-6.63169E-12 3.58984E-12 9.77657E-13 2.43404E-11
 -1       497-6.85781E-12-6.12057E-12-1.89450E-11-4.31286E-12 1.42753E-12 2.68245E-11
 -1       498-3.93986E-12-2.94336E-12 9.49146E-13 1.08039E-12 3.20744E-12 1.33945E-11
 -1       499 5.70736E-12-6.58959E-13 2.03104E-12 1.37263E-13 1.59328E-12 1.41743E-11
 -1       500-9.78398E-13 3.13981E-12 1.22456E-12-1.13718E-12 1.20764E-12 1.41875E-11
 -1       501-3.61203E-12-8.51464E-13 4.29617E-12-2.80113E-12 8.63605E-14 9.89904E-12
 -1       502 1.98398E-12 1.44817E-12 5.90055E-12 8.43691E-13-1.91071E-12 1.85014E-12
 -1       503 1.73626E-12-2.75219E-13 6.93769E-12-7.41446E-13-9.79694E-13 5.02129E-12
 -1       504 3.00096E-13 1.10577E-12 4.91253E-12-2.00250E-12 7.59100E-14 4.59865E-12
 -1       505 1.03678E-12-4.34648E-13 7.40487E-13-5.83181E-13-5.42122E-13 1.50681E-12
 -1       506-1.18108E-12-3.29348E-14 5.46037E-13-5.06459E-13-2.83543E-13-5.43821E-14
 -1       507-2.22961E-14-4.73465E-13 5.61513E-13-1.07343E-14-4.50324E-13 7.18544E-13
 -1       508 8.08401E-13 3.81942E-14-9.84755E-14-5.90617E-13-6.90786E-13 6.20911E-13
 -1       509-1.36003E-12 3.82120E-13 9.62036E-13-1.17918E-13-3.37485E-13 9.07075E-13
 -1       510 1.58198E-15 8.29543E-13 1.35345E-12-7.90900E-13 1.90082E-12 2.07294E-12
 -1       511-1.11226E-12-1.19160E-12-2.39462E-12-5.66091E-13-2.40621E-13 2.06695E-12
 -1       512-4.58528E-12-4.33570E-13 4.50521E-12-1.67835E-13 3.71839E-12 3.16911E-12
 -1       513-3.92463E-12-2.17826E-12-4.37753E-12-1.84722E-13 5.90053E-13 5.03594E-12
 -1       514-2.82078E-12-3.77404E-13-2.59623E-12-8.17266E-13 4.01183E-12 1.08021E-11
 -1       515-3.16661E-12 3.66105E-13-1.70557E-13-1.82773E-12 4.87357E-12 5.20701E-12
 -1       516-4.35004E-12-6.35627E-13-1.14024E-11-5.44406E-13 3.63873E-12 1.51060E-11
 -1       517-2.51732E-12 1.50425E-12-1.09996E-11-1.88804E-12 1.44415E-13 1.97802E-11
 -1       518-2.56904E-12 2.82227E-13-1.02032E-11-6.97905E-13 3.81363E-12 1.72040E-11
 -1       519-2.29601E-12-6.39835E-13-1.44757E-11-1.06611E-12 1.40368E-12 1.00086E-11
 -1       520-3.46735E-12 9.66427E-14-3.15551E-12-1.19277E-12-2.51548E-12-8.82312E-12
 -1       521-3.30362E-12-1.22580E-13-1.38356E-12-5.00713E-13-3.19032E-14-5.21957E-12
 -1       522-1.18664E-12-5.34207E-13-1.81436E-11-1.22264E-12-7.50614E-13-9.97552E-12
 -1       523-2.73981E-13 7.70796E-13 1.27318E-12-2.74736E-12-1.94972E-12-1.71919E-11
 -1       524 3.87815E-13-1.09699E-12 5.86500E-12-2.50462E-12 2.05664E-12-3.58168E-12
 -1       525 4.98562E-13-2.88308E-13 6.40280E-13-2.53181E-15-3.52449E-14-1.03058E-12
 -1       526-9.10430E-12-1.92360E-12-1.80312E-11-5.13750E-12-1.23229E-13-3.06697E-11
 -1       527-2.36401E-12 2.12123E-13 3.20346E-13-3.74987E-13 2.19697E-13-1.33310E-12
 -1       528-2.18508E-12-1.95994E-14-6.77284E-12-8.65490E-14-3.87482E-13-5.66293E-12
 -1       529 1.27624E-12-3.12116E-14 6.39668E-13 1.32604E-13 2.83744E-13-1.60050E-12
 -1       530-3.17154E-12 4.46424E-13 9.45118E-12 5.86653E-13-3.08978E-12-1.01109E-11
 -1       531-3.38121E-12 5.65879E-14-1.74382E-14-4.93931E-13 3.64056E-14-1.27215E-12
 -1       532-1.66870E-12 3.56524E-13 4.19299E-13-4.64251E-13 3.94616E-13-5.17194E-13
 -1       533-3.25839E-12 7.34849E-14-2.63709E-12-5.74620E-13-1.86527E-13-4.02122E-12
 -1       534-3.43508E-12 1.04234E-14-8.53148E-13-4.00908E-13 7.83852E-14-2.72510E-12
 -1       535-2.95227E-12 2.13850E-13-3.19504E-13-4.11917E-13 1.78897E-13-2.88355E-12
 -1       536-6.80907E-13 2.46850E-14 2.59252E-14-2.45674E-14 1.04773E-13-2.79484E-13
 -1       537 6.36196E-13 2.60906E-14 1.78964E-13-9.98689E-14 2.12798E-13-8.16648E-13
 -1       538-1.49085E-12-1.15234E-13-3.73586E-15 6.85717E-14-2.08885E-14-7.79559E-13
 -1       539 1.60249E-12 7.79427E-13 8.97829E-13-1.61415E-13 4.65332E-13-1.30143E-12
 -1       540-2.92228E-13-1.87825E-12 1.31794E-12 4.92539E-13-1.83157E-12-1.75074E-12
 -1       541 1.02977E-12 2.15697E-13 1.17602E-12 2.90426E-13 3.76607E-13-1.53136E-12
 -1       542 1.09371E-12-3.43005E-12 7.19979E-12-5.05294E-13-7.30710E-13-2.93564E-12
 -1       543-4.22141E-12-5.67029E-12-3.12988E-12-1.38491E-12 4.34954E-13-9.42037E-12
 -1       544 1.07386E-12-1.61032E-12 1.30894E-12-5.31811E-13 1.10578E-12-1.77907E-12
 -1       545-7.63557E-12-2.28299E-12 7.63392E-12-2.75611E-12 1.48333E-12-1.38886E-11
 -1       546-2.68087E-12-2.38512E-13 1.89821E-12 4.51921E-12-2.81882E-12-1.24303E-11
 -1       547-8.64794E-13 1.60091E-12 7.66100E-12-7.38936E-13-2.07464E-12-4.86789E-12
 -1       548 2.85719E-12-2.02869E-13 4.84185E-13 1.50933E-12-1.51345E-12-1.53796E-11
 -1       549 7.57960E-12-1.93788E-12-1.50908E-12 2.79022E-12-8.71601E-13-1.63392E-11
 -1       550 1.49598E-13 1.22836E-12 9.90670E-12-1.43962E-13-2.89779E-12-1.41633E-11
 -1       551 3.75660E-12 1.67147E-12-6.52951E-12 4.35122E-13-2.46986E-13-1.97570E-11
 -1       552 5.28652E-12 1.04315E-12-1.24076E-11 1.09974E-12-1.35344E-11-3.82408E-11
 -1       553-1.88198E-12 2.53696E-12-4.54267E-12-2.08481E-12-1.86763E-13-2.10649E-11
 -1       554-7.46377E-12-8.84376E-12-8.28552E-11 2.62468E-13-5.18113E-12-2.07711E-11
 -1       555 3.09728E-12 4.98148E-12-3.86376E-11 1.63372E-13-5.33484E-12-8.83763E-12
 -1       556-8.48401E-14 2.85984E-13-1.89703E-11-5.74870E-13-2.17662E-12-7.18266E-12
 -1       557-7.44632E-12-4.10894E-12-2.35260E-11-3.59622E-12 1.06333E-12-2.05393E-11
 -1       558-8.39392E-13 4.11294E-14-1.22454E-11-8.80707E-13-2.20623E-13-6.26293E-12
 -1       559-2.00489E-12 4.18626E-14-7.44878E-12-2.08673E-13-4.63448E-13-5.00654E-12
 -1       560-3.04927E-12 1.85166E-13-4.22038E-12-3.84191E-13-2.42931E-13-4.46448E-12
 -1       561-1.41904E-12-1.27665E-13-9.92594E-12-2.50932E-13-7.47720E-14-6.99282E-12
 -1       562-2.68203E-12-7.05519E-14-4.95444E-12-2.93109E-13-3.66116E-13-5.49730E-12
 -1       563-3.51770E-12 9.18281E-13 1.86280E-12-6.56817E-13 1.73491E-13-7.24783E-12
 -1       564-1.20131E-12 6.73505E-13-7.12445E-12-3.32859E-13-5.17052E-14-7.29183E-12
 -1       565-3.08198E-12 9.63769E-13-1.14467E-11-2.09713E-14-2.17272E-13-1.21882E-11
 -1       566 1.35435E-13 6.59753E-13 2.92650E-12-1.10023E-12-2.11385E-14-2.53399E-12
 -1       567-2.58871E-12-7.02376E-13-5.53267E-13 8.83213E-14-5.22641E-13-2.34865E-12
 -1       568-5.92360E-12-1.47386E-12-1.25761E-11-3.36462E-12 5.44934E-13-1.76058E-11
 -1       569-7.69664E-13 2.02179E-13-6.20907E-12-6.05238E-13-3.26374E-13-1.21200E-11
 -1       570-1.80731E-13 1.62181E-12 9.53991E-12-2.41089E-12-4.81067E-13-1.02825E-11
 -1       571-3.52120E-12-2.00678E-12-1.47494E-12-1.60009E-13 4.03300E-13-4.29955E-12
 -1       572 6.48232E-13-6.52232E-13 1.09024E-12-8.15397E-13 1.15452E-12-2.10363E-12
 -1       573 4.95801E-12-1.47865E-12-3.29622E-11 6.35410E-12 3.63673E-12 1.39843E-11
 -1       574 4.61856E-11 8.55347E-12-2.85730E-11 3.43984E-13-3.23953E-11-1.77791E-11
 -1       575-2.29781E-11 2.65894E-11 1.85058E-11 3.73601E-11 2.34344E-11 2.08775E-11
 -1       576-8.75772E-12-1.90616E-11-1.36049E-11-4.77727E-12-7.17788E-12 2.37014E-11
 -1       577-2.40690E-11-4.13851E-12-4.22737E-11 8.99238E-12-1.52930E-11-6.61544E-12
 -1       578 1.97805E-11 8.60181E-12-1.34476E-11 3.19949E-11-1.09645E-11-1.03771E-11
 -1       579-2.01174E-11-1.87922E-11 1.13514E-11-6.57481E-12-1.41368E-11-7.75587E-12
 -1       580-8.79165E-12 1.47727E-11-1.94511E-12-1.17088E-11-2.02136E-11 1.41966E-11
 -1       581 5.38650E-12-1.14966E-11-2.15980E-11-1.15353E-11-1.88354E-11 5.14012E-12
 -1       582 3.17972E-11-4.67177E-11 2.10550E-11-3.14212E-11-3.21338E-12 5.64787E-11
 -1       583 2.65317E-12-5.28774E-11-2.10973E-11-2.15149E-11-3.41374E-11 3.22757E-11
 -1       584-2.82276E-11-1.07047E-11 3.31611E-11-1.66191E-11-7.88968E-12 1.91712E-11
 -1       585 2.48962E-11 1.27850E-11 7.41113E-12-3.89179E-12-6.23256E-12 2.68368E-11
 -1       586 4.88511E-11-3.12793E-11-3.01430E-11-2.06630E-11-2.56884E-11 4.04223E-11
 -1       587 2.45088E-11 2.50144E-11 5.17527E-11-1.55990E-11-1.68692E-11 6.21868E-11
 -1       588-6.12449E-12-2.63816E-12 9.28283E-12-3.94931E-11-2.49905E-11 4.22266E-11
 -1       589 2.40024E-12-5.61454E-12 1.56727E-12-1.55302E-11-3.04515E-12 4.53751E-11
 -1       590 5.92668E-11 1.38862E-11-1.88468E-11 2.70539E-11-1.22950E-11 3.19760E-11
 -1       591-3.61488E-11-3.98261E-12-2.08323E-11-5.04424E-12 1.61018E-12 1.17758E-11
 -1       592-4.36903E-11-1.14486E-11-4.15170E-11 1.51597E-11 1.82570E-12 3.52125E-11
 -1       593-4.12102E-11-2.12575E-11-1.24078E-11-1.65777E-11-9.59855E-12-1.16789E-12
 -1       594-6.34681E-11 6.15143E-12-4.26507E-11 8.71819E-12-9.05113E-12 2.91533E-11
 -1       595-2.61807E-12 1.12394E-11-6.64165E-11 2.97303E-11 5.41509E-12 2.31038E-11
 -1       596-1.81394E-11-2.70763E-12-4.49023E-11 1.04176E-11-2.97999E-11-3.86217E-11
 -1       597-1.80424E-11-1.05223E-11-5.20704E-11-1.29445E-11-1.14141E-11 9.31262E-12
 -1       598 1.30774E-11 2.63661E-12-4.46408E-11 5.23985E-15-1.05628E-11 3.04212E-11
 -1       599-1.24114E-11-4.08335E-13 1.14904E-11-4.19435E-12 7.30440E-12 2.70797E-11
 -1       600-5.67712E-11-1.42859E-11 5.63192E-11-2.01169E-11 2.05178E-11 1.89173E-11
 -1       601 5.22618E-11 4.65460E-11 6.61337E-11 2.87482E-11-4.45922E-13 8.48924E-12
 -1       602-1.17993E-12-2.92033E-11-3.11755E-11 6.23714E-12 1.50004E-11 1.52498E-12
 -1       603-1.77991E-11-2.72260E-11-2.50739E-11-6.77497E-12-1.70632E-12 2.05278E-11
 -1       604-2.98828E-11-5.60888E-11-4.26125E-11-1.16316E-11 1.06048E-11-1.38434E-12
 -1       605 5.18955E-11 3.35758E-11 2.57348E-11 3.01023E-11-1.03572E-11-3.43871E-13
 -1       606 6.15646E-11 1.68657E-11 3.93241E-11 2.50515E-11-3.76965E-12 9.12812E-12
 -1       607-2.04608E-11-4.71242E-11-9.19795E-12-5.96318E-13-3.94721E-12 2.32900E-12
 -1       608-1.60371E-11-9.42087E-12-2.14387E-11 1.08306E-11 5.74027E-12 2.39199E-11
 -1       609-2.96343E-11-6.98924E-12 3.81269E-12-5.79875E-12-2.02284E-11-1.89678E-11
 -1       610-8.01960E-12-3.14892E-12 1.84781E-11-1.63472E-11-1.04587E-11 2.37917E-11
 -1       611 1.13281E-11-1.75567E-11 1.32947E-11 1.64065E-11 2.16929E-12 7.57958E-12
 -1       612 4.41928E-11-5.39353E-12 1.41349E-12 4.22988E-12-8.89048E-12-5.54572E-12
 -1       613-1.24767E-10-4.94638E-11-8.93411E-11-1.62045E-11-2.68739E-11-3.63591E-14
 -1       614-4.96187E-11-1.33565E-11-1.31204E-10 1.54409E-11 1.70939E-11-1.81811E-11
 -1       615-3.10144E-11-6.23730E-12-4.68499E-11-2.10428E-13-1.08317E-11 2.06338E-11
 -1       616 1.43646E-11 3.49250E-11-3.72818E-12 7.38052E-12-5.77300E-14 4.67522E-11
 -1       617-5.34355E-11 2.02453E-11-1.79992E-13 4.02719E-12 8.25187E-12 7.14729E-11
 -1       618-2.48994E-11-9.91102E-12-1.03994E-11-1.26352E-12-9.40050E-12 3.92101E-11
 -1       619 1.18629E-10 2.95401E-11 5.21402E-11 2.58309E-11 2.46515E-11 2.45099E-11
 -1       620 6.81603E-11 1.36321E-11 5.58480E-12 1.36739E-11-4.80499E-12 1.61488E-11
 -1       621-4.38933E-11-2.72297E-11-7.68742E-13-1.66323E-11 1.56553E-11 9.21309E-13
 -1       622-3.61564E-11 3.99878E-12-4.53814E-11-1.06059E-11-2.62315E-11 1.64081E-12
 -1       623 2.84087E-11 3.94240E-11-8.63026E-12 1.48988E-11 9.49076E-13 2.07022E-11
 -1       624 2.04853E-12 1.19276E-11-8.74544E-12 4.22823E-13 6.46609E-12 3.96781E-11
 -1       625-2.04808E-11 2.62101E-11 3.50987E-12 4.95186E-11 2.42038E-11 1.18117E-11
 -1       626-1.45938E-10 2.44420E-11-4.66612E-11-1.30612E-11-5.11395E-12 2.08658E-11
 -1       627-4.90173E-11 8.78121E-12 4.31227E-11 1.48600E-11 4.28292E-11 3.77149E-11
 -1       628 1.47037E-10 4.44011E-11 5.27033E-11-2.64267E-12-2.53623E-11 2.12356E-11
 -1       629 3.13736E-11-2.53492E-11-6.93831E-12-6.64115E-12-1.73323E-11 6.95212E-12
 -1       630 3.46800E-11-2.35495E-11 2.58076E-11-3.10390E-12-8.47177E-12-1.46667E-11
 -1       631-2.48069E-12 8.54761E-13-1.78881E-11 1.13786E-12 6.12747E-12 3.59670E-11
 -1       632-4.24565E-11-6.81568E-12-1.62361E-11-1.24080E-11-1.67059E-12 1.55576E-11
 -1       633-6.70087E-11-2.63964E-11-2.35895E-11-1.46239E-11-1.27344E-11-8.86843E-12
 -1       634-1.11463E-11-4.70441E-12-6.82315E-13 6.57388E-12-7.89573E-13 1.59614E-11
 -1       635 1.79397E-11 1.52632E-11 5.01282E-11 3.87864E-11-1.58174E-12 1.21597E-12
 -1       636-8.86134E-12-6.95634E-12 1.17121E-11 6.53284E-12-1.12833E-11 2.76709E-11
 -1       637-8.40788E-12-2.71218E-13 9.58015E-13 2.64832E-11 4.16203E-12 2.20436E-12
 -1       638 8.44488E-11 5.20186E-11 5.51590E-11 2.22995E-11-2.91147E-11 1.59950E-11
 -1       639 3.66690E-11-2.22502E-12 6.01610E-11-2.05042E-11-1.58129E-12 3.77221E-11
 -1       640-6.44807E-11-5.42405E-11-4.03144E-11-7.80859E-12 2.71777E-12 2.74169E-12
 -1       641-2.94662E-11-4.37297E-11-4.71491E-11 6.44047E-12-1.24313E-11 2.23954E-12
 -1       642-9.43333E-12 3.79962E-11 1.89461E-11-1.30291E-11-1.01322E-11-1.79415E-11
 -1       643 5.19289E-11 2.09634E-11 1.27394E-11 1.37442E-11 1.92471E-11 2.93822E-11
 -1       644 6.55985E-12 1.28386E-11 1.13314E-13 4.19874E-12-8.67414E-12 8.43531E-12
 -1       645-5.27833E-11-1.12892E-11-4.56514E-11 2.71225E-12-9.19988E-13 3.70684E-11
 -1       646 4.69376E-11 2.40528E-12 6.12771E-12 1.88119E-11 8.36924E-12 2.76294E-11
 -1       647 6.68105E-11 1.81007E-10 8.39860E-11 6.64274E-11 1.24163E-11 8.78792E-12
 -1       648-7.86950E-11-6.39220E-11-2.28057E-11-5.15600E-12 1.27516E-11 2.68762E-11
 -1       649-1.15858E-11-3.36844E-11 3.91956E-12-2.85899E-12-4.04316E-11-3.53134E-12
 -1       650 2.46688E-11-1.51272E-11-2.62187E-11-3.47424E-12-3.17158E-11 2.14821E-12
 -1       651 5.66494E-13-1.15198E-11 2.29456E-11-1.39544E-11-1.74701E-11-2.93142E-11
 -1       652-1.16384E-11 1.85233E-11-6.86172E-11 3.95751E-12-1.70670E-11-1.30751E-11
 -1       653-8.20623E-11-4.70064E-11-1.10705E-10 3.18688E-12 8.57248E-12 2.93020E-11
 -1       654 1.08335E-11 2.02057E-11-3.47982E-11 1.28476E-11-2.25772E-11-1.75328E-11
 -1       655 5.93081E-12-1.22523E-11-1.89889E-11-2.86416E-12-9.43768E-13-5.61863E-12
 -1       656-6.66195E-12 1.82971E-11-8.10098E-12-5.72542E-12-8.12483E-12 4.90190E-12
 -1       657-2.59158E-11-5.62982E-12-3.65489E-12 6.94783E-12-1.03712E-11-2.89160E-11
 -1       658 4.55884E-11 1.83354E-11 1.20494E-11 1.67278E-11 1.57539E-11 9.02196E-12
 -1       659 2.69077E-12-4.55009E-11-3.59474E-11 5.28624E-13-2.09873E-11 2.32652E-11
 -1       660 4.01499E-11-1.74260E-11-6.76905E-11-5.64595E-13-4.19454E-11 7.84190E-14
 -1       661-4.67199E-11-8.22034E-11-9.35821E-11-8.25911E-12 8.73391E-12 2.95623E-11
 -1       662 3.76273E-11 7.99276E-12-1.64751E-12-8.55135E-12-7.47307E-12-1.34120E-11
 -1       663 2.00965E-11-3.01338E-11-2.07351E-11 7.99278E-12 6.70188E-12 1.92921E-11
 -1       664-4.05170E-11-5.30991E-12-1.91955E-11-5.60432E-12-7.81857E-12 7.71667E-12
 -1       665-5.34395E-11-1.94903E-11-9.33820E-12-1.72994E-11 8.15457E-12 3.18249E-11
 -1       666-7.26560E-11-1.56518E-11-3.77307E-11-2.38313E-11 1.08749E-11 2.93796E-11
 -1       667 2.73624E-12 2.07444E-11 1.13813E-11 1.92702E-11 5.71027E-12 3.41844E-11
 -1       668-4.55336E-11-1.02488E-11-3.11919E-11 1.49179E-12 5.62383E-13 1.12513E-11
 -1       669 7.53634E-12 2.56050E-11 1.56974E-11 1.72094E-11 6.54676E-12 1.11889E-11
 -1       670-3.66133E-12-4.12662E-11-4.52687E-12-1.78063E-11-1.70691E-11 1.98524E-11
 -1       671 1.49180E-11 9.22024E-12-3.56184E-12-1.38058E-11-2.52276E-12 1.85323E-11
 -1       672 1.43998E-11-1.56223E-11-9.58498E-12-2.08156E-11-8.79182E-13-1.13520E-11
 -1       673 1.60751E-11 1.20268E-11-9.05424E-12 6.10958E-12 3.55239E-12-1.03567E-12
 -1       674 2.73838E-11 1.53817E-12 1.40083E-11-2.26730E-11 8.42509E-12 8.07586E-12
 -1       675-5.53558E-11-1.06634E-11-6.25552E-11-1.22024E-11 7.33003E-12 1.95140E-11
 -1       676-3.55169E-12 1.30259E-11 4.26745E-12 8.03394E-12-6.56780E-12 2.05627E-11
 -1       677-4.79878E-12 3.02154E-12-1.70453E-11 3.19185E-12-2.92418E-11-1.49466E-11
 -1       678 7.76530E-11 2.37030E-11 1.85434E-12 2.16429E-11 2.56484E-11 4.69118E-11
 -1       679 3.05338E-11 2.08450E-11 3.24780E-12 4.27108E-12 6.43921E-12 1.01351E-11
 -1       680-7.19699E-11-5.13117E-11-9.17474E-11-3.13775E-11-3.33797E-11 1.12926E-11
 -1       681 2.26074E-11 2.75692E-11-4.82758E-12 6.38422E-12-2.77451E-12-5.72549E-12
 -1       682 3.47370E-11 4.35112E-11 2.63821E-11 3.58907E-11 4.90726E-12 1.86528E-11
 -1       683 5.19090E-11 4.12993E-11-3.25275E-11 3.16482E-11 1.10793E-11 3.14958E-12
 -1       684 1.22900E-11 4.13645E-11-5.84010E-11 3.28074E-11 4.52084E-12 2.29470E-11
 -1       685-2.68207E-11 1.87053E-11-1.67038E-11-1.42490E-11-3.77785E-11-4.12824E-13
 -1       686 2.58914E-11 4.39428E-11 3.69280E-11 1.63191E-11-2.71726E-11-1.71526E-11
 -1       687 1.68365E-11-2.39654E-11 3.32717E-11-3.67534E-12-3.67433E-11-3.73235E-11
 -1       688 3.50448E-11 2.58105E-12-3.77494E-11 1.21751E-11 8.35174E-12 2.42894E-12
 -1       689-1.04466E-11 2.95765E-11-1.34060E-11 2.17885E-11-2.40523E-11-6.51978E-12
 -1       690-1.28187E-11 1.18875E-10 6.14534E-11 4.49982E-11 2.30340E-11 1.50979E-11
 -1       691-3.05261E-12 1.23835E-11 2.52998E-11 3.16797E-11 1.42008E-11 2.67821E-12
 -1       692-8.54110E-11-1.69305E-11 1.52645E-11 1.92115E-11 3.49287E-11 4.35241E-11
 -1       693-2.15355E-11-6.27095E-12-3.30603E-11 3.28761E-11 7.87321E-13 4.96570E-12
 -1       694-5.87126E-11-1.26217E-11-4.35564E-11-2.21971E-11 1.05841E-11-3.76836E-12
 -1       695-6.59225E-11 4.03363E-13 3.19207E-11 5.41211E-12 1.86944E-11 2.05240E-11
 -1       696 1.10681E-11 9.17046E-12-3.50229E-12 8.32775E-13-9.38663E-12 1.11881E-11
 -1       697 4.82167E-11 6.47874E-11 2.03972E-11 2.96607E-11 1.52813E-11 2.20849E-11
 -1       698-8.02415E-11-2.89596E-11-4.76876E-11-9.84771E-12 2.16877E-12 2.41024E-11
 -1       699 6.22005E-11 4.38879E-11 1.27667E-11 2.38270E-11 1.14722E-12 9.91029E-12
 -1       700-1.03799E-10-4.55442E-12-1.30927E-11-3.59889E-12 2.47817E-11 3.88329E-11
 -1       701 1.33589E-10 9.26870E-11 8.25846E-11 4.89384E-11-5.66512E-12-1.08261E-11
 -1       702 7.23366E-11 2.77077E-11-4.61744E-11 1.94390E-11-5.09466E-12 1.72010E-11
 -1       703 7.24120E-12-4.45378E-12 1.55730E-11-8.05607E-12-1.74939E-11 2.16485E-11
 -1       704 2.50365E-14 9.24246E-15-1.63650E-11 9.60138E-15 9.63117E-13 3.14844E-13
 -1       705 5.88386E-14 2.66098E-15-1.62842E-11 2.19583E-14-1.54767E-12-3.11437E-14
 -1       706-7.14794E-15 5.21559E-15-1.63665E-11 1.09633E-14-2.27829E-13-1.29985E-12
 -1       707 3.84526E-14 4.89914E-14-1.58454E-11-7.97097E-15 7.42728E-14 3.49475E-13
 -1       708 4.25865E-14 6.35322E-14-1.58318E-11 6.28539E-15-2.07042E-13 4.55889E-13
 -1       709-1.99440E-12-7.68539E-14-1.32647E-12-4.41646E-13 2.84553E-13 1.74023E-12
 -1       710 7.48914E-12-1.50616E-12 2.36747E-12 2.64247E-12-1.94841E-12 6.87745E-13
 -1       711 6.87431E-12-2.22925E-12-2.65977E-12-1.31187E-12 1.64409E-12-2.28809E-12
 -1       712 1.49246E-11-1.00447E-12-1.11126E-12 4.44601E-12 1.22821E-12-6.92287E-12
 -1       713 9.79961E-13-7.47430E-13-3.15902E-12-1.70373E-12-6.70876E-13-1.09212E-11
 -1       714-3.53024E-12-3.59974E-13-8.51459E-12-4.54789E-12 4.19887E-13-1.54430E-11
 -1       715 1.91293E-11 3.38030E-12-3.46086E-12 7.97213E-12-1.43152E-12-1.68669E-11
 -1       716 4.46920E-12-7.07800E-13 2.16666E-12 1.20883E-13-1.33904E-12 6.16994E-12
 -1       717 3.73354E-14 9.28821E-13-2.27824E-12-2.56931E-12-7.78875E-13 2.54377E-12
 -1       718 2.10058E-12-1.64721E-12 4.38162E-13-2.99846E-12-1.66798E-12 1.21154E-11
 -1       719 3.19995E-12-1.17579E-12 1.22858E-13-1.33510E-12-1.50957E-12-8.94733E-12
 -1       720 8.12592E-12 2.70817E-13 1.68708E-12 6.53740E-12-1.10380E-12-5.79619E-12
 -1       721 2.11471E-11 7.19583E-12-1.89885E-12 1.25579E-11 3.55112E-12 1.43560E-11
 -1       722-3.07626E-12-6.11904E-14-5.04749E-13-3.91691E-13 1.56561E-13 1.01117E-12
 -1       723-2.69187E-12 2.11406E-15-8.01143E-13-5.63256E-13 3.60521E-13 1.70922E-12
 -1       724-1.62889E-12 1.38393E-13-6.96683E-13-5.90234E-13 4.57668E-13 7.32648E-13
 -1       725-3.02996E-12-1.59026E-13-1.57701E-12-3.98071E-13 1.84482E-13 2.63169E-12
 -1       726-2.17375E-12 1.44617E-13-2.12161E-13-4.87026E-13 2.70709E-13 2.08885E-13
 -1       727 8.29253E-12 5.03535E-14-5.76016E-13 1.59481E-12-7.34618E-13-7.83040E-13
 -1       728 1.49785E-11-5.99661E-13 2.99687E-12 5.03841E-12-6.43468E-13 6.96685E-12
 -1       729 5.22436E-12-4.11360E-13-2.92363E-12 3.10474E-12-5.31260E-13-6.27822E-12
 -1       730-1.25524E-12-4.81159E-12 6.26270E-13-4.81868E-12 2.41642E-12 6.52122E-12
 -1       731 7.92535E-12 1.05061E-12-3.20273E-12 6.49498E-12 1.93347E-12 3.98241E-12
 -1       732 1.11031E-11-2.95084E-12 1.42821E-12 7.14734E-12-2.05505E-12-6.42595E-12
 -1       733 7.52245E-13-3.72053E-12-6.55258E-12 1.60386E-13 1.19232E-14 9.60254E-12
 -1       734-1.37199E-12-9.02269E-13-6.94324E-12-3.05004E-12-6.79840E-13 4.50277E-12
 -1       735-2.24678E-12-1.91740E-12-6.29769E-12-2.61343E-12-5.64188E-13 1.07367E-11
 -1       736 7.05961E-13-7.19413E-14-7.94927E-12-7.11826E-14 3.82239E-13 2.77622E-12
 -1       737-8.34990E-13-5.18712E-13-5.29767E-12-9.11853E-14 5.81142E-13 3.08185E-12
 -1       738 1.21780E-12 7.22037E-13-9.90702E-12-7.86637E-13 6.72725E-13 4.84202E-12
 -1       739-6.76130E-12-2.84323E-12-1.22439E-11-4.48464E-12 2.93900E-12 1.55846E-11
 -1       740-1.87998E-12-4.59281E-13-1.95700E-12-3.55630E-13-3.64819E-13-2.33187E-12
 -1       741-2.34448E-12-1.36772E-13-1.72021E-12-4.70746E-13-4.66488E-13-1.85915E-12
 -1       742-1.23428E-12 5.94968E-15-3.07382E-12-1.96861E-13-5.69007E-13-2.57403E-12
 -1       743 8.44083E-13 3.62274E-13-8.03605E-12-1.91487E-13 1.60767E-12-1.48480E-13
 -1       744-5.78650E-12-1.94192E-12-4.77165E-12-3.89364E-12 7.83322E-13-1.09618E-11
 -1       745-3.96545E-12 4.38018E-13-8.37587E-12-1.11654E-12-8.57516E-13 6.16397E-12
 -1       746-3.01056E-12-6.12647E-13-9.52348E-12-1.58349E-12-6.13629E-13 5.50245E-12
 -1       747-6.47129E-13 1.36741E-12 1.85571E-12-1.25502E-12-8.64432E-13 4.14266E-12
 -1       748-1.81502E-12-5.51264E-13 3.05401E-13-2.99431E-12 6.11554E-13 6.21234E-12
 -1       749-9.57392E-13 8.66138E-13-8.20883E-12-9.77180E-13 6.36127E-13 4.70799E-12
 -1       750-4.39065E-13-5.92368E-13-2.94804E-12-4.79411E-13 5.31775E-13 3.46553E-12
 -1       751-2.71862E-12 1.13097E-12 5.72246E-12-6.81947E-13-1.38288E-12-3.22084E-12
 -1       752-9.79780E-13 2.94998E-13-8.36207E-12-2.22751E-12 1.48360E-12 6.43894E-12
 -1       753-2.62562E-12-2.53341E-13-1.94406E-12-4.95247E-13-1.95718E-13 1.65878E-12
 -1       754-3.16988E-12-1.51935E-13-2.53810E-13-6.15722E-13-2.59824E-14-1.92607E-12
 -1       755-3.64009E-12 1.51541E-13-4.00115E-13-7.05549E-13-1.15739E-14 7.40901E-13
 -1       756 6.18837E-14-2.36288E-13-4.36794E-12-7.65104E-14 4.66823E-13 1.55256E-12
 -1       757-7.27889E-12-5.35146E-12-1.05820E-11-6.08631E-12 8.01045E-13 7.77842E-12
 -1       758-9.52135E-13 1.88240E-13-3.48172E-12-1.96425E-13-5.44413E-13-2.11610E-12
 -1       759-2.82823E-12-2.92342E-13-4.23591E-13-3.40368E-13 2.10657E-15-3.16848E-14
 -1       760-3.41230E-12-1.74702E-13-5.93563E-13-5.36694E-13 1.59245E-14-1.88019E-13
 -1       761-3.20300E-12 2.23605E-14-2.27131E-12-6.04442E-13 2.36964E-13 2.76898E-12
 -1       762-3.17173E-12 2.46880E-14-1.47482E-12-5.27592E-13-2.53730E-13-1.27267E-12
 -1       763 2.75420E-12 3.30311E-14-6.33563E-12-6.30428E-13 3.50556E-12 5.39885E-14
 -1       764-2.08750E-12-2.99720E-13-1.73563E-12-1.84076E-12-6.27578E-13-3.56977E-12
 -1       765 7.91126E-12 4.87613E-12-2.49491E-11-1.45184E-12 4.71046E-12-3.71224E-13
 -1       766-1.10607E-12-4.62202E-13-7.49129E-13-8.36992E-14 2.04066E-14 7.30500E-13
 -1       767-5.78780E-14 6.37792E-13-5.12882E-12-2.74102E-13-4.39938E-13-3.43114E-12
 -1       768-5.44824E-14-1.69088E-12-6.44874E-12 1.47598E-14-5.91327E-13-2.58553E-12
 -1       769-1.05723E-12-1.29650E-13-4.04898E-12-1.38638E-13 8.08670E-13 2.78388E-12
 -1       770-1.46707E-12-1.09712E-12-4.09654E-12-8.83462E-13-4.21731E-13-2.44915E-12
 -1       771-1.05075E-12-1.16568E-13-3.23898E-12-9.49928E-13-2.40320E-12-6.14084E-12
 -1       772-4.68297E-12-1.83500E-12-6.66831E-12-2.17538E-12-7.91035E-13-6.00453E-12
 -1       773-8.47690E-13-2.80640E-12-1.34369E-11-1.36148E-12-8.41609E-13-3.04459E-13
 -1       774 6.71097E-13 2.35904E-13-8.96361E-12-1.11689E-12-1.65216E-12-4.13145E-12
 -1       775 6.97709E-13 5.07525E-13-5.95892E-12-6.64600E-13-5.76045E-13-2.80943E-12
 -1       776-1.77866E-12 9.30163E-14-6.65131E-12-1.64448E-12 6.79843E-14-4.55287E-12
 -1       777-2.38036E-12-2.39825E-12-1.58836E-11-2.91420E-12 1.66230E-12-8.20379E-12
 -1       778-2.26202E-12-5.08107E-13-3.90977E-12-3.46843E-13 3.19113E-13 4.31078E-12
 -1       779-7.54308E-13-4.43349E-14-1.15445E-12-2.33698E-13 5.21689E-13 4.76476E-13
 -1       780-2.87049E-12-2.50115E-13-1.82964E-13-4.20287E-13 1.16745E-13 1.85502E-12
 -1       781-2.41731E-12 4.58100E-13 3.56022E-13-4.49751E-13 9.28746E-14-1.17854E-12
 -1       782 1.27361E-11-1.98183E-13-1.58466E-12 4.47530E-12 1.01076E-12 5.63120E-12
 -3
    1PSTEP                         3           1           1          
  100CL  101 1.000000000         782                     0    1           1
 -4  TOSTRAIN    6    1
 -5  EXX         1    4    1    1
 -5  EYY         1    4    2    2
 -5  EZZ         1    4    3    3
 -5  EXY         1    4    1    2
 -5  EYZ         1    4    2    3
 -5  EZX         1    4    3    1
 -1         1-2.23771E-16 1.48044E-16 3.71171E-17 2.86751E-16 3.79068E-17-9.43412E-18
 -1         2 2.05657E-16-1.67524E-16-3.58684E-17-1.41818E-17 5.78729E-17-1.35364E-16
 -1         3 3.70276E-16-3.85515E-16-3.45368E-16-4.08797E-16-1.42080E-16-1.91860E-16
 -1         4 5.59661E-16 1.06212E-16 7.77199E-17 3.52821E-16-2.02591E-16-2.69125E-16
 -1         5 9.24590E-19 3.85497E-19-1.34550E-18-3.96696E-21-8.08662E-18-6.35245E-18
 -1         6 4.41002E-17 4.47783E-17-1.48539E-16-1.66848E-19 1.47466E-18 1.21849E-17
 -1         7 5.15691E-19-4.13090E-19 8.64477E-20-1.87625E-21 1.03328E-17-1.88745E-18
 -1         8 4.46400E-17 4.57096E-17-1.50672E-16 9.20702E-20-1.12377E-18 9.90427E-18
 -1         9 8.73361E-20-1.81242E-19 2.10571E-21-4.89982E-20 2.95259E-19-2.48160E-20
 -1        10 4.58837E-17 4.56011E-17-1.52068E-16 2.40199E-19 2.32502E-19-5.33038E-18
 -1        11-9.49213E-20-5.35263E-20 2.03380E-19 2.68090E-20-8.26906E-20 1.19330E-19
 -1        12 4.58349E-17 4.55944E-17-1.52066E-16-2.05392E-19-3.98589E-19-4.30335E-18
 -1        13-2.02119E-17 5.82035E-18 6.68743E-18-5.73294E-18-4.54000E-19 6.17197E-18
 -1        14-1.95329E-17 6.28473E-18 5.81909E-18-6.42565E-18-3.11701E-19-9.94247E-18
 -1        15-4.95198E-17-8.79946E-17-4.58709E-17 1.06387E-16-3.28254E-17 8.29237E-18
 -1        16-6.17598E-17-1.77334E-16 3.04301E-16 1.38076E-16-1.09345E-16-2.04137E-16
 -1        17-1.73190E-16-5.35882E-17 2.00488E-16-1.49066E-17-1.42214E-16-1.54701E-16
 -1        18 3.27150E-17 1.15105E-16 1.24895E-17 1.65844E-16-1.72827E-17-3.12967E-16
 -1        19-1.92429E-16-1.92155E-17 1.93198E-18 1.09611E-16-9.42938E-18-1.60091E-16
 -1        20-2.85809E-16-1.53115E-17 1.95828E-16-4.92944E-17-3.35223E-17-1.06433E-16
 -1        21 3.11534E-16-2.02677E-16-6.14170E-17-1.64562E-16 2.23584E-17-1.49542E-16
 -1        22-7.43625E-17-1.46282E-16 8.47139E-17-1.04372E-16-4.84788E-17-1.80954E-16
 -1        23 1.31218E-16 1.03455E-17 3.00860E-17 2.10294E-16 1.75113E-16 1.22212E-16
 -1        24 5.25844E-17-9.78504E-17 5.31521E-17 1.80143E-17 9.67815E-17 7.68494E-17
 -1        25-2.47555E-17 1.76974E-16-4.10413E-17 5.66191E-17-1.04605E-16 5.01854E-17
 -1        26-6.28779E-17 1.44292E-16 4.76862E-17 2.66030E-16-8.34460E-17-1.47395E-16
 -1        27-1.96755E-17-3.40170E-16 3.17892E-16 7.08490E-17-1.15641E-16-9.79262E-17
 -1        28-2.22661E-16-1.01511E-16 2.71377E-16 2.81804E-17-1.09316E-16-3.54650E-17
 -1        29 9.02306E-18 1.04563E-16-6.81831E-17 1.96062E-16-1.62749E-17-2.17535E-16
 -1        30-1.75855E-16-9.42841E-17 1.19459E-16-1.12598E-16-3.29830E-17-3.12847E-16
 -1        31-2.65627E-16-2.75189E-16 2.46725E-16-1.09304E-16-1.05491E-16-1.18200E-16
 -1        32 1.47980E-16-1.21959E-16-1.33511E-16-9.84505E-17 6.40923E-18-1.07346E-16
 -1        33-7.46139E-19-2.68944E-16 5.68775E-17-1.66253E-16-4.81858E-17-2.12427E-16
 -1        34-7.35073E-17 1.86185E-17 2.29601E-17 1.97561E-17 1.70940E-17-3.62358E-17
 -1        35-1.64915E-17 1.06895E-16-4.01428E-17 1.73524E-16 2.03700E-16 1.73518E-16
 -1        36-2.44388E-16-1.44638E-16 1.05556E-16-2.07591E-16-3.14777E-17-4.07538E-17
 -1        37-1.56021E-16 2.12919E-16-1.28744E-16 2.17509E-16-4.61680E-17 1.11298E-16
 -1        38-7.70367E-17-1.09404E-16 8.42411E-17 1.67003E-16 6.14408E-17-4.12768E-18
 -1        39 1.81579E-16 7.01375E-17-1.46192E-16 1.28128E-16 9.24084E-17-7.72144E-18
 -1        40-7.05693E-17 4.29974E-17-9.08579E-17-1.07120E-17-1.79414E-17 1.13416E-16
 -1        41 2.00223E-17-7.03993E-17-1.26746E-16-2.49720E-17-1.29703E-16 1.98204E-18
 -1        42 8.72362E-17-2.14117E-16 1.90225E-16 1.10660E-16-2.64301E-17 1.26093E-16
 -1        43-3.04100E-16 1.13209E-16 9.24767E-17 3.16876E-17-5.30784E-17-2.16884E-16
 -1        44 7.08964E-17-3.73624E-18 1.86270E-17-2.28384E-16 6.31222E-17-2.79970E-17
 -1        45-1.50175E-16 1.01885E-16 9.00896E-17 6.08248E-17 3.13247E-17 1.93626E-17
 -1        46 8.45939E-18-2.16222E-18 6.01922E-17 7.40048E-17-2.00974E-17-1.33622E-16
 -1        47-1.71218E-16 4.47861E-17 1.08552E-16-1.04461E-16 2.76611E-18 4.68418E-17
 -1        48-1.02636E-16-1.28777E-17-2.35204E-16 5.38665E-17-9.18766E-17-4.23494E-16
 -1        49-2.52675E-17 1.98133E-16-1.10999E-16-2.52202E-16-9.97861E-17-1.72335E-16
 -1        50 8.21835E-17 4.90478E-17 3.25552E-18-6.46413E-17 4.38555E-17-5.46603E-17
 -1        51 2.30107E-16-8.39224E-17-2.49665E-16 9.01188E-18 7.73380E-17 3.13512E-17
 -1        52 7.28263E-17-9.89713E-17-8.52380E-17 4.90811E-17-3.57845E-17 1.04142E-16
 -1        53 1.20224E-16 6.63690E-17-1.50828E-17 7.80371E-17-4.88483E-17-4.44504E-18
 -1        54 1.41621E-17-1.58654E-17 6.08439E-17 9.82933E-17-2.19369E-17 7.63871E-17
 -1        55-1.81450E-16-4.59815E-17-1.35552E-17-1.74066E-16 1.37994E-17-2.23829E-16
 -1        56 1.43837E-17-3.94157E-17 6.96987E-18-1.02100E-16 3.42846E-17 6.37746E-17
 -1        57-2.91368E-16 4.72702E-17 2.77895E-16 1.28121E-16-2.77553E-17-6.37146E-17
 -1        58-1.31840E-17-5.18919E-18 1.14188E-16-3.07728E-17 2.45989E-17-8.43733E-17
 -1        59-1.55723E-16-1.30705E-16-1.98057E-16-1.80149E-16-1.34872E-16-3.68248E-16
 -1        60-1.49946E-16 1.70976E-16-1.41834E-16-1.96096E-16-1.31385E-16-3.25027E-16
 -1        61-5.18352E-17-2.26076E-16-2.56086E-18-3.44903E-16-2.69362E-17 5.58236E-17
 -1        62-1.62411E-16 8.34196E-17 1.43757E-16-2.99643E-18 2.93753E-16 7.56614E-17
 -1        63-6.71690E-17-6.68042E-17 9.21366E-17 1.37120E-18 3.03640E-16 5.19667E-16
 -1        64 4.49128E-17 1.24246E-16-4.08431E-16-7.60451E-17-9.16414E-17-2.19519E-17
 -1        65 2.25986E-16-5.36832E-16 4.08273E-16-1.16792E-16 7.57931E-17 2.20195E-16
 -1        66 1.97967E-16-6.37516E-17 1.67576E-16-8.17037E-19 2.62739E-16 3.82727E-16
 -1        67-2.42844E-16 3.42477E-16 9.58403E-17-2.74990E-16 6.99478E-17 4.48923E-17
 -1        68-1.39197E-16 1.06698E-16-3.26534E-16-1.41674E-16 1.01636E-16 1.84014E-16
 -1        69-1.38013E-16-5.38951E-17 9.87652E-18-1.38380E-16-2.29982E-16-8.34051E-17
 -1        70 2.10456E-16-1.27073E-16 1.91641E-16 1.06687E-16-1.37875E-16 2.11157E-17
 -1        71-4.26181E-16 3.57482E-17 3.19217E-16-1.24187E-16 1.04049E-16 6.94730E-17
 -1        72 6.69545E-16-2.24769E-16-5.60175E-17-8.77361E-19 1.01701E-16 6.13379E-16
 -1        73-5.62374E-16 2.43847E-17-1.96791E-16-8.84633E-16-2.80563E-16-2.71986E-16
 -1        74 1.76565E-16-2.89733E-16 3.67706E-16-2.34915E-17 3.76632E-16 3.71115E-16
 -1        75-2.87382E-16 6.38540E-17-1.90119E-16-9.57637E-17 1.55555E-16 2.45423E-16
 -1        76-1.23861E-16-1.14598E-16-3.71420E-16-2.26167E-16 1.21200E-16 1.72482E-16
 -1        77 5.38876E-16-6.42335E-17 4.55406E-16 3.06938E-16 3.01114E-16 5.08893E-16
 -1        78-1.75432E-16 1.37317E-17 1.13092E-16-3.95187E-16 2.48194E-16 1.28019E-16
 -1        79-5.40092E-16 1.50280E-16-2.10820E-16-6.51878E-16 8.98658E-18-8.39026E-17
 -1        80-5.17487E-16 7.06534E-17-9.72165E-17-2.94903E-16-1.43498E-16-5.78455E-17
 -1        81-1.22679E-16 8.96941E-17 4.69121E-17 1.08889E-16-1.97418E-16 1.91360E-16
 -1        82-1.15044E-16-3.62958E-17 4.50324E-16 6.11924E-20 3.13053E-16 3.62624E-16
 -1        83 7.98224E-17-9.75296E-17 8.64999E-18 1.66242E-16 1.58098E-16 2.76744E-16
 -1        84 1.05246E-15-6.20780E-16-1.41354E-16-7.31107E-17-3.22933E-18 2.18536E-16
 -1        85-2.29179E-16-1.15248E-16 6.30983E-17 9.00044E-18 8.38797E-17 3.40303E-16
 -1        86-3.40817E-16 2.23975E-16-2.69398E-16-8.68349E-17-2.08117E-16 4.12543E-16
 -1        87 5.62279E-18 2.53993E-16-4.03647E-16-1.05613E-16-1.09900E-16 4.26351E-16
 -1        88 1.39718E-17-3.63388E-17-1.68024E-16-1.35264E-16-4.02563E-17 1.64051E-16
 -1        89 6.52609E-16-7.33161E-17 3.09084E-17 1.91535E-16 1.91150E-16 3.29015E-16
 -1        90-3.28641E-17 5.59899E-17-3.92316E-17 1.26548E-16 2.30817E-16 3.53687E-16
 -1        91-3.98239E-16 1.40207E-16-1.49267E-16-2.05687E-17-3.22036E-17 3.63315E-16
 -1        92-1.45206E-16 3.41619E-16-3.12471E-16 1.78641E-16 4.18024E-18 2.04093E-16
 -1        93 2.16151E-16-1.67915E-16-1.54859E-16-4.98481E-17 4.26601E-17-8.53307E-17
 -1        94 5.36994E-16-3.08320E-17-5.30035E-17 4.19879E-16-5.21033E-17 6.61719E-17
 -1        95-9.42299E-17 2.27823E-17-8.53990E-17 5.80936E-17 2.18812E-16-1.38776E-18
 -1        96-1.00420E-16 9.74801E-17 1.03088E-16 6.91770E-17-1.46931E-16-1.80480E-16
 -1        97-6.48029E-16 7.78035E-16-4.15894E-16 3.40621E-16-1.68517E-16 4.48976E-16
 -1        98-1.68650E-16 1.74235E-16-3.43738E-16-1.14351E-16-1.26378E-16 2.59387E-16
 -1        99 2.31389E-16 1.51859E-16-5.91773E-16-1.07787E-16-3.51300E-16-6.84468E-17
 -1       100 4.81706E-16-2.75383E-16-8.55302E-17-9.56060E-17 5.96897E-17 4.15521E-16
 -1       101 4.09845E-16 2.38111E-16 2.70685E-16 4.10826E-16 3.54034E-16 2.51712E-16
 -1       102-3.85564E-16 2.76168E-16 3.77872E-17 1.17954E-16-6.60624E-17 2.40198E-16
 -1       103-2.68209E-16 4.64964E-16-3.63309E-16 1.55816E-16-2.65204E-16 1.47836E-16
 -1       104 3.76536E-16-2.35057E-16-1.25510E-16 5.14375E-17-2.53445E-16-5.41224E-16
 -1       105-1.47396E-16 9.13250E-18-8.22667E-17 1.31032E-16 8.52901E-17 9.76496E-17
 -1       106 4.18542E-16 1.30247E-16-1.35670E-16 4.60929E-16 1.07575E-16 2.54603E-16
 -1       107 2.01211E-16-1.32986E-17 1.43275E-16 2.98151E-16 1.80324E-16 9.01918E-17
 -1       108-1.60991E-15 8.35785E-16 1.16225E-16-5.50210E-16-2.60517E-16 2.33901E-16
 -1       109 2.74004E-16-1.36069E-16-2.50241E-16 5.67015E-17 4.69130E-17 1.40096E-16
 -1       110 2.38684E-16 8.04477E-16 6.05347E-17 3.86857E-16-4.00311E-16-2.03278E-16
 -1       111 7.32907E-17-5.22212E-17-4.14270E-17-1.42404E-17 1.15894E-16 4.18947E-16
 -1       112-1.21806E-17-4.24245E-17-3.58501E-16-2.19543E-16-8.21287E-17-4.90484E-17
 -1       113 2.32096E-17 2.30075E-17-7.57263E-17 3.01417E-19-1.14755E-17-3.20589E-18
 -1       114 3.05341E-19-3.15155E-19-3.41858E-19-3.05991E-19 2.90978E-18-8.28485E-18
 -1       115 2.30617E-17 2.27065E-17-7.57458E-17-3.43552E-20 8.56442E-18-2.83765E-19
 -1       116 4.47150E-17 4.45586E-17-1.49470E-16-2.77199E-19 4.63833E-18 7.40615E-18
 -1       117 2.28937E-17 2.27394E-17-7.58203E-17 1.26804E-19 6.95994E-20-8.38605E-19
 -1       118-3.61521E-20-6.93882E-20 8.66789E-20 1.76927E-21 2.20211E-19-4.62873E-20
 -1       119 2.28161E-17 2.26784E-17-7.56907E-17-7.81705E-20 1.28391E-19-2.15687E-19
 -1       120 4.56517E-17 4.58192E-17-1.51918E-16 3.12575E-20 3.20441E-19-3.59455E-18
 -1       121 4.47874E-17 4.53336E-17-1.50627E-16 1.65223E-19-6.31327E-18 4.14471E-18
 -1       122-1.89218E-19 2.01258E-19-2.90126E-19-3.79431E-20 1.73191E-19 2.49523E-18
 -1       123 4.53036E-17 4.57274E-17-1.51990E-16-2.33901E-19 6.09096E-18 1.36317E-18
 -1       124-2.29627E-19 1.09939E-19-1.63520E-22 5.67209E-20 3.72563E-20 6.52050E-19
 -1       125-1.77461E-17 1.02148E-17-5.42668E-18-5.64354E-18 2.13375E-18 2.33561E-17
 -1       126 4.86057E-18 1.28458E-17-3.73252E-17-1.09010E-18 3.35160E-18 2.67790E-17
 -1       127 2.92578E-17 2.87843E-17-9.26062E-17-1.17604E-18 1.62317E-17 1.08168E-17
 -1       128 1.58060E-16 1.21459E-16-4.79477E-16 6.44239E-18 1.67135E-17-8.78552E-18
 -1       129 1.48501E-16 6.90224E-17-1.13955E-16 1.38766E-16 1.48112E-16 2.35628E-16
 -1       130 8.90202E-17-3.07716E-17-1.95676E-17 4.61901E-17 2.84699E-18 8.91298E-17
 -1       131 2.18433E-17 2.71423E-17-2.88229E-17 8.46491E-17 4.60276E-18 5.90102E-17
 -1       132 5.07261E-18-2.72977E-19-6.04223E-18-9.44486E-18 2.34073E-17 9.51810E-17
 -1       133-8.66918E-18-2.16617E-17 4.68292E-17 6.78667E-18 5.77542E-18 2.69491E-17
 -1       134 6.62734E-20-3.60019E-18 7.33412E-18-2.63785E-18-4.58901E-18 8.62960E-18
 -1       135-1.05923E-17 1.99517E-18 5.41681E-18-6.10959E-18-2.83575E-18-1.58031E-18
 -1       136-2.08296E-17 7.29146E-18 2.23958E-18-4.96309E-18 1.56907E-18 1.37926E-17
 -1       137-5.87990E-18 1.10092E-17-1.97698E-17-2.83904E-18 5.96073E-19 2.45192E-17
 -1       138 1.32720E-17 2.06724E-17-5.83482E-17-2.95738E-18 1.08586E-17 1.78309E-17
 -1       139 4.79996E-17 6.59197E-17-1.99810E-16 5.25066E-19 3.24988E-18 1.26727E-17
 -1       140 1.93094E-16 1.53590E-16-6.97525E-16 9.30809E-17 3.57955E-16 3.18275E-16
 -1       141 1.45759E-16-3.16581E-17-3.96944E-17 8.52522E-17 1.68934E-17 1.44463E-16
 -1       142 4.75840E-17-6.66660E-18-2.91963E-17 6.30714E-17 2.40374E-18 7.30125E-17
 -1       143-2.26806E-17 3.36807E-17-9.57927E-18 2.93735E-17 2.25147E-17 7.65214E-17
 -1       144-6.62380E-18-2.69498E-17 5.45374E-17-4.11481E-18 2.31140E-17 4.45442E-17
 -1       145-4.37823E-18-4.27978E-18 1.36834E-17 3.53493E-18-6.73379E-18 1.61964E-17
 -1       146-5.34426E-18-1.63301E-19 2.76873E-18-3.99644E-18-2.67634E-18 4.60774E-19
 -1       147-1.46803E-17 4.37573E-18 5.16368E-18-4.63300E-18-1.96745E-18 1.91037E-18
 -1       148-1.96372E-17 6.19337E-18 6.11238E-18-8.24435E-18-5.81045E-19-3.53908E-18
 -1       149-8.16164E-18 3.28502E-18 2.63369E-18-4.91674E-18 3.61570E-18 6.04067E-19
 -1       150 1.71844E-18 5.90845E-19-3.95122E-20-2.01981E-18 4.90470E-18-5.67446E-18
 -1       151-1.00444E-17-2.23507E-17 4.15318E-17 5.02208E-18-2.43354E-17-1.65068E-17
 -1       152-2.14573E-17-6.97067E-18 2.67818E-17-9.12231E-18-3.10936E-17-1.35312E-16
 -1       153 2.82912E-17-3.96782E-18-3.12246E-18 5.69579E-17-1.12025E-17-7.93875E-17
 -1       154 9.41362E-17-3.85677E-17-2.13936E-17 6.71452E-17-3.04423E-18-7.70569E-17
 -1       155 1.09473E-16 2.79201E-17-6.86214E-17 9.04331E-17-1.18367E-16-2.30624E-16
 -1       156 1.33393E-16 1.35570E-16-4.73218E-16 2.33399E-17-4.31598E-17-2.54364E-17
 -1       157 2.72204E-17 2.95824E-17-9.31485E-17 5.22360E-18-4.23878E-18-1.64192E-17
 -1       158 4.54783E-18 1.59300E-17-3.68220E-17-2.27651E-18-2.86066E-18-2.71088E-17
 -1       159-1.42928E-17 9.70236E-18-7.61510E-18-4.83286E-18-2.76577E-18-2.25700E-17
 -1       160-1.52292E-17 4.62633E-18 4.27417E-18-4.97477E-18 1.22426E-18-2.38602E-18
 -1       161-3.14687E-18 8.03583E-19 1.91705E-18-3.42493E-18 3.15462E-18-2.33266E-18
 -1       162-1.60652E-19-3.68141E-18 6.31936E-18-3.96374E-19-1.53579E-18-8.97192E-18
 -1       163-2.32957E-17-2.58906E-17 7.32690E-17 1.76711E-17-3.56243E-17-3.29786E-17
 -1       164-3.08421E-17 4.33078E-18 3.13132E-17 2.16727E-17-2.51516E-17-1.15449E-16
 -1       165 6.89901E-17-2.43212E-17-1.85196E-17 6.59428E-17-8.62310E-18-7.16571E-17
 -1       166 1.17314E-16-1.60745E-17-4.36179E-17 8.36247E-17-1.06506E-17-1.35609E-16
 -1       167 1.17285E-16 1.10436E-16-4.54115E-16 2.27482E-17-3.18401E-16-2.57097E-16
 -1       168 5.77143E-17 6.23093E-17-2.20192E-16 8.51042E-18 1.03179E-17-4.02546E-18
 -1       169 2.17692E-17 2.29408E-17-6.00365E-17 3.87481E-18-4.56294E-18-2.10093E-17
 -1       170-7.67093E-18 1.14264E-17-1.93991E-17-2.77082E-18-3.52237E-18-2.44622E-17
 -1       171-1.65285E-17 7.90517E-18 1.65041E-19-3.60358E-18-9.61976E-19-1.51232E-17
 -1       172 4.59182E-17-1.05659E-16-1.87805E-17 3.03338E-17-1.19399E-16-1.64097E-16
 -1       173 1.91792E-16 9.64223E-17-1.63989E-16 2.24643E-16-7.55315E-17-1.90364E-16
 -1       174-1.66055E-16-4.12552E-18-5.23964E-17-2.86540E-17-1.35752E-16-7.68045E-17
 -1       175 5.27708E-17 1.66221E-16-1.16984E-16-9.24272E-17-9.10395E-17-5.69480E-17
 -1       176 9.10356E-17 2.44620E-18 2.21628E-16 2.88662E-16-6.36063E-17-2.04734E-17
 -1       177 1.34968E-16-3.40404E-17 1.90126E-17 2.64339E-16-5.52758E-17 5.87570E-17
 -1       178-9.17184E-17 3.13499E-17 6.15713E-17-4.41320E-17-6.80988E-17-2.17156E-17
 -1       179-3.55491E-16-3.82630E-17 1.17017E-16-1.57177E-17-2.15179E-16-1.07901E-16
 -1       180 5.68497E-17-1.11705E-16 1.00740E-16 3.64888E-17-2.77953E-17-5.38850E-18
 -1       181 1.52597E-17-7.23779E-17 2.09024E-16 1.19297E-16-3.92635E-17-8.02296E-17
 -1       182 8.99702E-17 8.03942E-17-1.09813E-16 2.33136E-16 1.75036E-17-3.33207E-17
 -1       183-3.10444E-16 4.64044E-17 6.74884E-17 6.40798E-17-4.16416E-18-1.31154E-16
 -1       184-2.69161E-16-3.98013E-17 1.86654E-16-4.53280E-17-1.25525E-17-2.28847E-16
 -1       185 1.50075E-16-6.92982E-17-3.20293E-17-1.49156E-16 3.79027E-17 5.66231E-18
 -1       186-1.11518E-16 3.22282E-17 5.92605E-17-8.87687E-17 9.26134E-17 3.51374E-18
 -1       187 6.76113E-17-1.72751E-16 9.21179E-17-5.28417E-17 6.51754E-17 8.37468E-17
 -1       188-1.23658E-16-7.46022E-17 7.56630E-17-6.23504E-17 1.48776E-17-2.70884E-17
 -1       189 1.36868E-16-6.74962E-17-2.07841E-17-6.71810E-17-1.78088E-17-1.08643E-16
 -1       190 5.90914E-17-8.30730E-17-1.12656E-18-3.09958E-17 1.61002E-17-1.83227E-17
 -1       191 2.72926E-17 8.65484E-18-1.38878E-16 1.66344E-16 1.45378E-16-1.26125E-17
 -1       192-3.00618E-17-1.43841E-16-7.67396E-17-3.27582E-17-5.00970E-17-2.47121E-16
 -1       193-1.14684E-17 7.00055E-17 1.00315E-16 7.50955E-17 1.13000E-16 1.62792E-16
 -1       194-3.78328E-17-1.39773E-17-3.30456E-17-4.14758E-18-5.22460E-17-4.76144E-17
 -1       195-1.51482E-16 1.59693E-16 1.06215E-16 1.80175E-16 1.78989E-16 1.25551E-16
 -1       196-5.27722E-17 4.55198E-17-1.61069E-16-1.16028E-17-4.39037E-17-8.55758E-17
 -1       197 3.32470E-17-1.67271E-16 2.98584E-16 7.74548E-17-1.00087E-16 3.28762E-19
 -1       198 1.93479E-16 1.19145E-17 8.07272E-17 1.04248E-16-1.43383E-16-6.47756E-18
 -1       199-2.13053E-16 1.51011E-17 2.69935E-17-8.93702E-17-3.25177E-18 1.68594E-16
 -1       200-2.44233E-16 3.35019E-17 8.34084E-17-8.34547E-17-4.80060E-17 1.62133E-16
 -1       201-2.90415E-17 2.94342E-17-8.74351E-18 2.31491E-17 2.00341E-17 3.43290E-17
 -1       202 2.60682E-16-8.25952E-17-1.37524E-16 2.13280E-17-9.39166E-17 2.61407E-16
 -1       203 1.14435E-17 1.11403E-16-2.65041E-16 3.99916E-17-1.44608E-16 9.11884E-18
 -1       204 3.04642E-16-8.21341E-17-1.31268E-16-2.42403E-17-5.10963E-20 2.08219E-16
 -1       205-3.15573E-16 1.78621E-16 3.06926E-17 1.34363E-17-1.24744E-16-2.48317E-16
 -1       206-3.08987E-16 1.98842E-16 3.01419E-16 7.28014E-17-3.85100E-17 9.53255E-17
 -1       207-1.26395E-16-4.38915E-17 8.67392E-17 1.08957E-16 1.83018E-16 1.31242E-16
 -1       208-1.01300E-16 6.45765E-17 1.46480E-16 6.20040E-17-3.63923E-17-1.19249E-16
 -1       209-3.82809E-17 1.08251E-17 3.64610E-17 3.45465E-16 1.08772E-16-7.92175E-17
 -1       210 1.41126E-16 7.21823E-18-2.81857E-17 8.81172E-17-6.06000E-17 9.03483E-18
 -1       211 3.82542E-17 4.13429E-17 2.74184E-16 1.07810E-16 8.07097E-18 5.78714E-17
 -1       212 5.30916E-16-6.99554E-17-1.39057E-16-5.26806E-18-2.34092E-16-2.41319E-16
 -1       213-5.42914E-16 3.90004E-16 2.26286E-17 6.87727E-17 1.75320E-16 9.52351E-17
 -1       214 3.53826E-16-3.42266E-16 1.57240E-16-3.09520E-16-2.91903E-18 4.09080E-16
 -1       215 4.54467E-16-1.94744E-16-5.42183E-18-1.85745E-16 2.44150E-17 1.28314E-16
 -1       216-3.17245E-16 1.34359E-16 1.60183E-16 8.86833E-17 3.07163E-18-1.05275E-16
 -1       217-9.09303E-17-1.62087E-17 1.48297E-17 1.46073E-16-1.51728E-17 7.77321E-19
 -1       218-3.22959E-16-6.46926E-17 1.85046E-17-3.97052E-17 1.54099E-16-2.19722E-17
 -1       219-2.25574E-16-9.66897E-17 2.43542E-16 2.65540E-17-4.11949E-16-2.22433E-16
 -1       220-5.65584E-17 1.27727E-16 1.27558E-16 1.52864E-16 6.24965E-17-1.16318E-16
 -1       221-3.49427E-16 4.08416E-16 2.12338E-16 1.56069E-16 1.31362E-16 1.45559E-17
 -1       222 2.01973E-16 7.16278E-17-3.49373E-16 4.61445E-17-9.67093E-17-1.19079E-16
 -1       223-9.58051E-17-1.38725E-17-2.23617E-17-1.73350E-17-1.07898E-16 7.06534E-18
 -1       224-4.16879E-16 9.62784E-17 1.22223E-16-6.72600E-17-1.16713E-16 1.77544E-16
 -1       225-6.45910E-17 6.88663E-17-1.02293E-16 6.55675E-17-6.82585E-19-2.53615E-17
 -1       226 2.01659E-16 6.31725E-17-2.02216E-16 1.12915E-16 1.33493E-16 3.93898E-18
 -1       227 2.96540E-16 9.41540E-18-4.38841E-16-1.48083E-17-1.66871E-16-1.84603E-16
 -1       228-3.34577E-17 1.33817E-16 4.11912E-17 1.16431E-16-5.07117E-17 1.33073E-16
 -1       229-1.10678E-16 2.17277E-17-4.63157E-18 1.31548E-16 3.92774E-17 2.48435E-16
 -1       230 1.44569E-16 1.05882E-16-7.13520E-18 1.90312E-16-5.75192E-17 2.45051E-16
 -1       231 1.59820E-16-9.45585E-17-5.34240E-17-4.06919E-17 4.08138E-17 2.02295E-17
 -1       232-1.49412E-16-1.09575E-16 9.83292E-17-9.49596E-17-4.09156E-17-2.66885E-17
 -1       233 3.59185E-16-1.06519E-16-6.88001E-17 1.23490E-17-8.04161E-17 1.49802E-16
 -1       234-1.27267E-17 3.84916E-17 1.42529E-17 2.65417E-17-1.72623E-17-8.84571E-17
 -1       235 1.70974E-16-3.29231E-17-5.34823E-17-3.83679E-18 5.52132E-17-7.14474E-17
 -1       236 2.06045E-16-3.65916E-17-1.46012E-16-7.68790E-18 1.31386E-17 1.32171E-16
 -1       237-1.08680E-16-4.70685E-17 5.01116E-17-1.26337E-17 3.85490E-17 2.71651E-17
 -1       238 5.95036E-17-1.00836E-18 1.42647E-17 3.61484E-17 1.14986E-17 1.32151E-17
 -1       239-8.71596E-17 5.55980E-17 1.26719E-17 1.83530E-17 3.97744E-17 2.51651E-16
 -1       240-8.28521E-17-2.19468E-16 1.76714E-16-1.32746E-16 3.39350E-17 1.84607E-16
 -1       241 2.19964E-16 3.58953E-17-1.30503E-16 1.57324E-16 6.88157E-17 1.01920E-16
 -1       242-2.28815E-16 1.99305E-16-8.76163E-17 3.19016E-17 2.19808E-17 2.00523E-16
 -1       243-2.14425E-16 3.40988E-17 1.95987E-16-5.67846E-17-2.91137E-17 9.48292E-17
 -1       244 6.38859E-17-4.67428E-17 1.20036E-16 1.39016E-17-1.32873E-17-4.44876E-17
 -1       245 1.45287E-16-1.05653E-16 8.09266E-17 1.74475E-17-1.41265E-16 6.68701E-17
 -1       246 1.15254E-16-1.93624E-16 2.09138E-16 3.50619E-17-1.16863E-16 1.02215E-16
 -1       247-1.91817E-16 5.07177E-17 1.70177E-16 1.27285E-16 5.91522E-17-2.36556E-16
 -1       248-1.44763E-16-2.38671E-16 3.69349E-17-3.50888E-16-1.45402E-17-2.35809E-16
 -1       249-4.04425E-16 2.91378E-16 3.73954E-16 1.38311E-16 6.59659E-17 3.15759E-16
 -1       250-5.96855E-16 2.83815E-16 1.54351E-17-1.45955E-16-1.40132E-16 2.27961E-16
 -1       251 3.60212E-16 1.21486E-16-4.95101E-16 8.24539E-17-9.64610E-17-2.24860E-16
 -1       252 1.80359E-16-8.79540E-17 2.79397E-17 1.73706E-17-5.10334E-17 2.31094E-17
 -1       253 2.31672E-16-2.56479E-16-6.12914E-17 8.10422E-18 1.23796E-16-5.11609E-17
 -1       254-2.99311E-16 1.01783E-16 1.47485E-16 8.73245E-17 3.48499E-17-3.92219E-17
 -1       255 2.59769E-16-2.07803E-16 7.57245E-17-9.00906E-17 9.06796E-17 2.66686E-16
 -1       256 1.53026E-16-2.01439E-17 7.34484E-18-1.00228E-16-2.73936E-17 9.81678E-17
 -1       257 1.57652E-16 4.60812E-17-1.59907E-18-2.52049E-16 3.52602E-17 1.97973E-16
 -1       258 4.14350E-16-2.29170E-16-2.19093E-16-5.49751E-17 1.40492E-16 3.64654E-16
 -1       259-8.24179E-17 7.79882E-17-1.08447E-16-1.03491E-16 1.29933E-16 1.76345E-16
 -1       260 1.35353E-16 1.57102E-16-7.95631E-17 1.52870E-16-9.47298E-17 1.63687E-17
 -1       261-3.24358E-16-8.61529E-17 1.53845E-16-1.59958E-16-1.88244E-16-7.05728E-17
 -1       262-2.53571E-16 1.76621E-16 1.05422E-16 3.44535E-17-6.84662E-17 7.45453E-17
 -1       263 1.18017E-16-8.95860E-17 6.56752E-17 3.67784E-17-9.47533E-17-2.01166E-17
 -1       264-4.98682E-16-3.55483E-17 3.24170E-16-2.63019E-16 1.98851E-18 4.69300E-17
 -1       265 5.73981E-16-2.15017E-16 6.23196E-18 1.44688E-16-1.78685E-16-6.95618E-17
 -1       266 5.24515E-16-9.79183E-17-7.17004E-17 1.14039E-16-1.72067E-16 1.38937E-16
 -1       267-2.45965E-16 1.75675E-16-5.56916E-17 1.28382E-16 1.78802E-16 9.59681E-17
 -1       268-1.56620E-16-1.79714E-16 2.84151E-16-1.06645E-16-1.22540E-16 1.29055E-16
 -1       269-5.32153E-17-6.71270E-17-5.17806E-17-3.71171E-17-5.78781E-17 1.31148E-16
 -1       270 3.64422E-17-9.02131E-17-1.22446E-16-1.19018E-16 2.37026E-17-1.44987E-16
 -1       271-2.31417E-16 2.05629E-16-7.23026E-17-1.61366E-16-3.36547E-17 7.55063E-17
 -1       272 3.20484E-16-1.77695E-16-1.92123E-16-1.45850E-18-2.91353E-17-1.66864E-17
 -1       273-1.28584E-16 7.29211E-17-3.35895E-17 3.56931E-17-2.42589E-17 3.92043E-17
 -1       274-2.64585E-16 5.48493E-17 2.25609E-16-2.12042E-16-1.42495E-16 1.94365E-16
 -1       275 8.14158E-17 3.47370E-17-1.03005E-16-8.99989E-17-8.23541E-18 1.15472E-16
 -1       276-3.16987E-16 1.46890E-16-1.47593E-17 6.01981E-17 4.27319E-17 3.11335E-16
 -1       277 1.26688E-16 2.52091E-16-3.65333E-16 8.05706E-17 1.33403E-16 3.79869E-16
 -1       278-1.10416E-16 1.66926E-16-4.65799E-16-3.99312E-17 4.74816E-17 3.38399E-17
 -1       279-1.47431E-16 6.29190E-17 1.00212E-16-1.08494E-16 9.04513E-17 6.14803E-17
 -1       280-2.15830E-16-2.00566E-17-7.44259E-18-1.58167E-17 9.27064E-17-1.25274E-17
 -1       281 7.72462E-17 5.33650E-17-1.16382E-16-7.49694E-17 2.73050E-17 3.67776E-17
 -1       282 2.08417E-16-1.90767E-16-2.38687E-17 7.46606E-18 2.29001E-17 7.40263E-17
 -1       283 4.59255E-17 1.06301E-18-1.89653E-18 3.16470E-16 3.47659E-17 1.62725E-16
 -1       284 9.17586E-17 2.76610E-17-4.18150E-17 9.04160E-17 3.40594E-17 9.01369E-17
 -1       285-4.64192E-16 7.92161E-17-1.83702E-17-9.32634E-17 9.03926E-17 6.40998E-17
 -1       286-1.51101E-16 6.06043E-17 7.52140E-17 1.62981E-16-1.77698E-16-5.46064E-17
 -1       287-4.35074E-16 6.29090E-17-5.87224E-17-7.71650E-17 6.80545E-17 1.21589E-16
 -1       288 2.98681E-16 3.19444E-16-4.20822E-16 2.94947E-16-1.97261E-17 1.54479E-16
 -1       289-3.96944E-17 8.90268E-17-1.41873E-16 5.83630E-17-3.72244E-18 8.14647E-17
 -1       290 1.73259E-16 2.13227E-16-4.20100E-16 1.50149E-16 1.05353E-16 3.43236E-16
 -1       291 6.91461E-17 2.29052E-16-1.81561E-16 1.23806E-16 4.20617E-17 1.94366E-16
 -1       292-1.17638E-16 8.95324E-17-1.76212E-16-1.07686E-16-1.44395E-16 5.00899E-17
 -1       293-2.09366E-16 8.29895E-18-3.37821E-16-2.44842E-16 1.22449E-16 2.10546E-16
 -1       294 1.34654E-16-1.41408E-16-2.06842E-16-1.05635E-16-5.40497E-18 1.43662E-16
 -1       295 8.57452E-17-8.30475E-17 1.09418E-16 1.53323E-17-5.47539E-18 9.62247E-17
 -1       296 1.49713E-16 9.26260E-17-3.12130E-16 1.26715E-17 2.43603E-17 1.14605E-16
 -1       297 7.91034E-17-3.88261E-17 3.18364E-17 1.65052E-16-9.46315E-17 1.76801E-16
 -1       298-5.21247E-17 1.83124E-16 2.74206E-16 1.68184E-16-2.49194E-16-1.23265E-16
 -1       299 1.59334E-16-1.48497E-17-1.49815E-18-4.64410E-17-4.69336E-17 8.99917E-17
 -1       300 4.36169E-17 9.71149E-17 1.04548E-16 9.76706E-17-9.22391E-18-1.84384E-17
 -1       301-1.90947E-17 2.01539E-17 1.34415E-16-1.87685E-16-6.13149E-18-2.36886E-17
 -1       302 1.56429E-17 1.58571E-17 3.38298E-16 5.36163E-18-6.55736E-17 2.37911E-16
 -1       303-2.16056E-17 1.10255E-16-8.64827E-18-3.18181E-17 5.83442E-17 8.96295E-17
 -1       304-2.21161E-16 2.35864E-16-3.53296E-17 1.70698E-16 6.28043E-17 1.81149E-16
 -1       305-4.57711E-16-2.49732E-18 9.77514E-17-1.67892E-16-1.41446E-16 2.34302E-16
 -1       306-5.79014E-17 6.19851E-17 8.21927E-17 5.21012E-17-2.44607E-17-4.78280E-18
 -1       307-1.37515E-16 1.26740E-16 1.07231E-16 9.67752E-17-2.89175E-17-1.10141E-16
 -1       308-3.82669E-16 1.81844E-16-4.96696E-17 4.25995E-17-2.81225E-17 1.61078E-16
 -1       309 7.62047E-17 1.31386E-16-1.30138E-16 1.22768E-16-1.15532E-16-3.15328E-16
 -1       310-1.37829E-16 1.05871E-16 8.79365E-17-1.79008E-17-5.00952E-17-3.98070E-17
 -1       311-2.12802E-16 1.09159E-16 8.97926E-17-6.39250E-17 1.31897E-16 2.83796E-16
 -1       312 6.22701E-17-5.27979E-18-8.33352E-17-5.91983E-17 6.44972E-17 1.04580E-16
 -1       313 1.16616E-16 1.02922E-17-1.97011E-16 6.52951E-17 4.27233E-17-1.28151E-16
 -1       314 1.87035E-16-1.68921E-16-6.83115E-17-3.53381E-17-8.90475E-17-2.17713E-17
 -1       315 7.41131E-17 4.48743E-18-2.18512E-16 9.90483E-18 5.92266E-17-2.33004E-16
 -1       316 1.43748E-16 7.44488E-18-1.21416E-16-9.71789E-17-1.01269E-16-2.13531E-16
 -1       317 1.93981E-16-7.34591E-17-2.05122E-16-5.14404E-17-8.30886E-17-1.70289E-16
 -1       318 1.72097E-16-1.60698E-16-7.60462E-17-1.45034E-17-1.08021E-17-3.36063E-17
 -1       319-2.94345E-16 1.20229E-16-1.18274E-16-1.53173E-16 7.92122E-17 4.61046E-16
 -1       320 1.16050E-16 2.23242E-16-4.25890E-16 1.30535E-16 5.24951E-17 4.13702E-16
 -1       321 1.79379E-16 1.31050E-16-4.12595E-16 1.24347E-16-9.18718E-17 9.71200E-17
 -1       322-1.36207E-16 2.00687E-16-6.01998E-16-4.70089E-17-6.48659E-17 1.75418E-16
 -1       323-4.23794E-17 1.02820E-16-1.54146E-16-8.44806E-17-3.21960E-17 9.31575E-17
 -1       324-1.70519E-16 1.16794E-16-2.72983E-16-2.58506E-16-9.27699E-17 2.97108E-16
 -1       325 1.28413E-16-1.43669E-16 7.64028E-17 2.08178E-17-4.80422E-17 1.19459E-16
 -1       326 9.10815E-18-2.00364E-16 1.45689E-16-1.97911E-16-2.29189E-17 1.33561E-16
 -1       327-5.34338E-16 1.05431E-16 7.61002E-17-2.06118E-16-6.97570E-17 2.24721E-16
 -1       328-4.00209E-16 1.86596E-16 2.19126E-16-2.55567E-16 9.65645E-17 2.06840E-16
 -1       329-2.92276E-16 1.39832E-16-1.67342E-17 1.12861E-16 1.03979E-16 4.75025E-16
 -1       330-4.36603E-16 4.34235E-17-3.14426E-17-3.81238E-17 7.86332E-17 3.38804E-16
 -1       331 1.55568E-16 8.00059E-17-1.30215E-16 2.34619E-16 7.84184E-17 1.86176E-16
 -1       332-2.08516E-16 6.06229E-17-1.71294E-16 6.77279E-17-1.16598E-16 5.78329E-17
 -1       333-2.36084E-16 7.51644E-17-7.77336E-17-2.80840E-16-8.32347E-17-2.32105E-16
 -1       334-2.34542E-16 3.52952E-16-1.04178E-16-1.23776E-16-5.18352E-17 4.43562E-17
 -1       335 5.81569E-16-2.07359E-16-2.19477E-16 1.77337E-16-1.29896E-16-1.47918E-16
 -1       336 4.70583E-16-2.11800E-16-1.76279E-16 8.12460E-17-1.50898E-17-6.26652E-17
 -1       337-1.38703E-16-1.14388E-16-7.28526E-17-1.48251E-16 7.61298E-17-1.49974E-16
 -1       338 9.03114E-17 7.10537E-17-1.32987E-16 7.10897E-17 7.96935E-17 1.08521E-16
 -1       339 9.61171E-17 6.92426E-17 1.37764E-16 2.25873E-16 1.48633E-16 4.77741E-17
 -1       340-1.91740E-16-3.55508E-17 2.92926E-16 2.02551E-17 3.06905E-16 1.39477E-16
 -1       341 4.19019E-17-1.76613E-16-2.18140E-16-7.86238E-17-1.43346E-16 3.46434E-16
 -1       342-2.11698E-17 1.97689E-16-4.35455E-16-4.37825E-18-3.14548E-17 6.59761E-18
 -1       343-1.11065E-16-3.89395E-17-1.14965E-16 3.35334E-17 9.96356E-17 2.89148E-16
 -1       344-7.60454E-17 1.58483E-16-2.79773E-16 1.83732E-16-4.35633E-17 4.44717E-16
 -1       345 1.29894E-15 1.37494E-16-4.90414E-16 3.66203E-16-7.55465E-17 3.59348E-16
 -1       346 2.66831E-16-1.97609E-17-2.94660E-17 1.77371E-16-3.19093E-17 3.61771E-17
 -1       347 5.91386E-17-1.89981E-16-5.73952E-17-1.11034E-16-7.95455E-17 2.39193E-16
 -1       348 1.96578E-17 4.33868E-16 2.14748E-17 9.53241E-17-6.46872E-17 1.47789E-17
 -1       349-3.34516E-16 1.19678E-16 3.39250E-16 6.63199E-18-6.27257E-17 1.07237E-16
 -1       350-1.10075E-16 1.59561E-16 3.17063E-16 1.01749E-16 2.17737E-16 1.73528E-16
 -1       351-1.90567E-16 2.51035E-16 3.89027E-17 5.47973E-17-2.11906E-17 2.62624E-16
 -1       352 5.51974E-16-1.34742E-16-2.35336E-16-8.72219E-17-3.79698E-17 4.33506E-16
 -1       353 3.41492E-16-2.64512E-16 1.34065E-16-1.19237E-16-1.81408E-16 4.06247E-16
 -1       354-4.60408E-17-6.71668E-17 1.29761E-16 9.06992E-17 9.31535E-17 2.23471E-16
 -1       355-8.50232E-17-2.23858E-16-5.25758E-17-1.94177E-16-3.22697E-16-2.59309E-16
 -1       356 1.39650E-16 2.22068E-16-7.09117E-17-1.01444E-16 1.33631E-16-2.81596E-17
 -1       357 1.18547E-15-1.02674E-16-4.21784E-16 2.56089E-16 1.73325E-16 3.47055E-16
 -1       358 7.57144E-16 5.04306E-17-1.66317E-16 2.18523E-16 1.19682E-17 5.55067E-16
 -1       359 1.00288E-15-3.28195E-16-5.46863E-16-1.87239E-16 6.19187E-17 3.55637E-16
 -1       360 7.89515E-17-7.72420E-17 1.04491E-16-1.16481E-18-2.10084E-16-2.21564E-16
 -1       361 1.22694E-16 9.03020E-17 3.57925E-17 1.05060E-16-1.20778E-16-4.96396E-17
 -1       362-3.26029E-16-1.77357E-16 4.54785E-16-2.96558E-17 4.45512E-17 2.12420E-16
 -1       363-3.46720E-16 7.41099E-17 3.21826E-16-1.39940E-16-1.40420E-17-7.68916E-17
 -1       364 1.52851E-16 2.34356E-16-2.73666E-17 1.65905E-16 8.76080E-17-1.43130E-16
 -1       365-1.88581E-15 8.62614E-16 1.74879E-16-4.78009E-16-1.24500E-16 2.03287E-17
 -1       366-1.20407E-15 2.21762E-16 6.00626E-16-4.43008E-16 1.03853E-16 3.77652E-16
 -1       367-1.07557E-16 3.16973E-17-9.00847E-17-7.28303E-17 1.57206E-16 4.10924E-16
 -1       368 2.02770E-16-1.84057E-16-2.14605E-16-6.19316E-17 6.07861E-17 3.79637E-16
 -1       369 5.92756E-17 1.49598E-16-3.78710E-16-3.01883E-17-8.83437E-19 5.73225E-16
 -1       370 8.87172E-17-1.42706E-16-2.58710E-17 3.13587E-17-1.44520E-18-3.23604E-17
 -1       371-3.14664E-17-4.39719E-17 3.66944E-17-2.79124E-16 8.98838E-17 2.22924E-16
 -1       372-4.19407E-17 1.74351E-16-5.91604E-16 1.80997E-17-7.63936E-17 3.38375E-16
 -1       373 3.90264E-17 3.93072E-17-2.49770E-16-9.06539E-17-2.25945E-16-2.36750E-16
 -1       374-4.18531E-16 1.44013E-16-5.99116E-16-1.25363E-16-2.26005E-16 1.97740E-16
 -1       375 2.66177E-16-2.11713E-17-3.54699E-16 6.17471E-17-1.16851E-16 1.25729E-16
 -1       376-4.07607E-16-3.53649E-16 3.15388E-16-3.19268E-16-1.02155E-16 4.93491E-17
 -1       377 1.33829E-16-1.61620E-17-7.43937E-18 1.05967E-16 2.38034E-17 2.22258E-16
 -1       378 3.39369E-16-4.63588E-16 4.17331E-16-1.17184E-16-9.96730E-17 2.34806E-16
 -1       379 4.61998E-16-3.50265E-16 1.89606E-16-2.01496E-16-5.58901E-17 4.61917E-16
 -1       380-1.51013E-17-2.91739E-16 6.61603E-16-9.73662E-17-3.48707E-17 2.98903E-16
 -1       381 6.10575E-17-7.87835E-17-9.12837E-17-1.47364E-16-9.94298E-18 2.47576E-16
 -1       382 8.97846E-17-8.45546E-17-1.63820E-18-1.18530E-16 4.83905E-17 1.57520E-16
 -1       383 5.63043E-16-1.75868E-16-3.29479E-16-1.78407E-16-2.31302E-17 6.77580E-16
 -1       384-4.93045E-17 1.89221E-16-1.87044E-16 7.16718E-17-1.83862E-16-4.56833E-17
 -1       385-3.31256E-16 4.57877E-16 1.89003E-16-6.03717E-17-1.27412E-17 6.50240E-17
 -1       386 4.24662E-16 1.19126E-16 3.65301E-17 1.71736E-16 1.03596E-16 4.57270E-16
 -1       387-6.82316E-17 1.91464E-16-3.42820E-16 1.11036E-16 2.01109E-17 3.87391E-16
 -1       388-4.48720E-16 9.94893E-17-2.07065E-16-2.27371E-17-2.92852E-17 3.78936E-16
 -1       389 1.75309E-17 1.18112E-16-2.22254E-16 1.08583E-16-1.54830E-16 1.01481E-16
 -1       390 1.38627E-16-1.20443E-16-1.20575E-16 4.24464E-17-4.28816E-17 1.53743E-16
 -1       391-1.35650E-16-1.49414E-17 6.14763E-17 4.52550E-17-7.74271E-17 1.46482E-16
 -1       392-2.31079E-16 1.51506E-16-2.06736E-16 1.13536E-16 1.84435E-17 2.99329E-16
 -1       393 4.71395E-16-2.11120E-16 2.35144E-16 2.55530E-16 5.64862E-17 9.18129E-17
 -1       394-2.54895E-16 1.96327E-16 2.82978E-16 1.22841E-16 1.48227E-16 1.07655E-16
 -1       395-1.41893E-16-9.45543E-17 5.17477E-17-7.60709E-18 3.64967E-17 1.04175E-16
 -1       396-1.25188E-16-1.23033E-16 2.62471E-16-6.92753E-17 2.39966E-16 1.21742E-16
 -1       397 5.14126E-16-2.85140E-16 4.98122E-17 8.97057E-17 2.52813E-16 2.48766E-16
 -1       398-2.55325E-16 2.12616E-16 2.38804E-16 1.71230E-16 2.61988E-16 1.54256E-16
 -1       399-2.42775E-16-6.24677E-17 2.95169E-16 1.03085E-16 1.19602E-16 1.08274E-16
 -1       400 5.87849E-16 1.73941E-17-1.31879E-16 2.86215E-16 2.01923E-16 4.16296E-16
 -1       401 9.53724E-16 1.44924E-16-3.72854E-16 3.50251E-16-1.28530E-16-3.17714E-17
 -1       402-2.45432E-16 3.80609E-17-6.87723E-17 2.77157E-17-1.46148E-16 3.36882E-16
 -1       403 9.57129E-17-6.40551E-17-2.42785E-16 1.55498E-16 8.13425E-17 3.75877E-16
 -1       404 6.52782E-17-4.34974E-17-1.65027E-16 1.61508E-16 1.24964E-16 4.60750E-16
 -1       405-2.49462E-16 3.05275E-17 1.64772E-16-7.79202E-17-1.04306E-16 1.10239E-16
 -1       406 4.13016E-16 1.63932E-16-3.04734E-16 1.27202E-16 2.12356E-16 5.00774E-16
 -1       407 2.38557E-16 2.83884E-16-5.85379E-16 1.63754E-16 1.77553E-16 3.03915E-16
 -1       408 5.16070E-16-8.07745E-18-2.17968E-16 2.36730E-16 2.96830E-17 1.57691E-16
 -1       409-3.12352E-16 4.20425E-17-2.92876E-16-2.31811E-16 7.37786E-17 3.61866E-16
 -1       410 8.59813E-16 5.83045E-17-2.73678E-16 3.09896E-16-2.49562E-16 2.70819E-16
 -1       411-1.09250E-16-1.68893E-16 2.31823E-16-1.63818E-16 6.60110E-17 4.91097E-16
 -1       412 6.06003E-16 5.11009E-17-1.00738E-16 2.40793E-16 1.38625E-16 3.51115E-16
 -1       413 4.28999E-16-1.51260E-16 2.48594E-18-8.77174E-17 1.05671E-16 4.07498E-16
 -1       414-1.84013E-16 1.98495E-17-1.05832E-17-1.00743E-16 1.91037E-16 4.83360E-16
 -1       415-6.87897E-16 2.34308E-16-3.20994E-17-7.93636E-17 2.47755E-17 3.73078E-16
 -1       416-3.42671E-16 3.41074E-16-3.17846E-16 3.98265E-17-1.93230E-17 4.35590E-16
 -1       417-1.04670E-16 6.75876E-18-2.02524E-16 1.27970E-17-3.06833E-17 4.82402E-16
 -1       418 6.50791E-17 7.40119E-17-1.27175E-16 7.21700E-17 2.74118E-16 3.88973E-16
 -1       419-2.01341E-16-9.22410E-17-1.53377E-16-9.36820E-17 1.84484E-16 3.68953E-16
 -1       420-2.31572E-17 2.01843E-16 7.38914E-17 2.07189E-16 3.02910E-16 2.62379E-16
 -1       421 3.26588E-18-6.41910E-17-6.30070E-17-4.48058E-17 1.02612E-16 7.13830E-18
 -1       422 4.82513E-20-6.06815E-17 4.81697E-17 1.14551E-16 3.57180E-17-4.23308E-17
 -1       423 6.02029E-17 1.25713E-16 1.23102E-16 2.82131E-16-2.93727E-17 6.34372E-17
 -1       424 1.23822E-16-5.14386E-17-2.49016E-17 1.58639E-16 6.31355E-17 3.01561E-17
 -1       425 5.00736E-16 1.80045E-16-6.36916E-17 3.77763E-16-8.98787E-17-2.34546E-17
 -1       426 4.20406E-16 3.68937E-16 1.15696E-16 3.95188E-16 2.20807E-16 1.85584E-16
 -1       427 4.27248E-16 3.09907E-16 4.80866E-17 7.30046E-16 2.30907E-16 2.08187E-16
 -1       428 5.26710E-16-3.78530E-16-3.08778E-16-3.34532E-16-1.54135E-16 3.84566E-17
 -1       429-4.02139E-16-1.63487E-16 2.07159E-16-2.30716E-16 2.71360E-16 4.04094E-16
 -1       430 2.31549E-17 2.33123E-17-7.64614E-17 1.17321E-19-4.16381E-18-7.88683E-18
 -1       431 2.27402E-17 2.26830E-17-7.58165E-17-3.10203E-20-4.10411E-19-1.69785E-22
 -1       432 2.35208E-17 2.27721E-17-7.66670E-17 9.92746E-20-8.10800E-18-2.50456E-18
 -1       433 2.33526E-17 2.26102E-17-7.61393E-17-5.94615E-20 8.07210E-18-1.72569E-18
 -1       434 2.00085E-17 3.02250E-17-9.12003E-17-4.26005E-18-3.94989E-18-1.27288E-18
 -1       435 4.45442E-17 4.58940E-17-1.51734E-16 2.66558E-19-1.40105E-17 2.20204E-17
 -1       436 4.41051E-17 4.49611E-17-1.50230E-16-6.03115E-19 2.48165E-17 2.11729E-17
 -1       437 4.60069E-17 4.59397E-17-1.54028E-16 8.72026E-20 1.96076E-17-1.61157E-17
 -1       438 4.60747E-17 4.61008E-17-1.54336E-16-1.42395E-19-1.90571E-17-1.61665E-17
 -1       439-3.56548E-19-8.85969E-20 8.52698E-19-4.26161E-20 2.77978E-19 6.94573E-18
 -1       440-2.92946E-19-1.42745E-19 4.78381E-19-2.65553E-19-2.20797E-18 6.40357E-18
 -1       441-3.14820E-19-2.93000E-19 8.85234E-19 1.43563E-19 5.65967E-18 4.86265E-18
 -1       442 1.09697E-20-6.00756E-20-2.90726E-20-1.10551E-19 5.92354E-19 1.69643E-19
 -1       443-9.47953E-20-1.72757E-20 1.10531E-19 9.99082E-20-5.14113E-19 2.67767E-19
 -1       444-1.77916E-17 7.69796E-18 2.54634E-18-7.00146E-18 1.52015E-18 5.28237E-18
 -1       445-1.58803E-17 4.29866E-18 4.17510E-18-6.61197E-18-1.96026E-18-7.13211E-18
 -1       446-1.43708E-17 6.83399E-18-1.24965E-18-6.82667E-18 3.53990E-18 1.25333E-17
 -1       447-1.16886E-17 5.34974E-18-1.55676E-18-6.82933E-18-3.76270E-18-1.26964E-17
 -1       448-7.56586E-18 5.59781E-18-5.31907E-18-4.08579E-18 3.89607E-18 1.02703E-17
 -1       449 2.61505E-18 6.22157E-18-1.73536E-17-3.03427E-18 4.40145E-18 1.06004E-17
 -1       450 2.61392E-18-7.87308E-19-1.14581E-17 2.50097E-18-3.72644E-18 7.98576E-18
 -1       451 1.07735E-17 4.20972E-18-2.12403E-17-4.46050E-19-3.37877E-18-3.99539E-18
 -1       452 1.14277E-17 4.86262E-17-7.86903E-17 2.12263E-18 7.72929E-18-1.11684E-17
 -1       453 7.68609E-17 6.72693E-17-1.58664E-17 8.07298E-17 1.52623E-16 1.16182E-16
 -1       454 9.98556E-17 6.54140E-17-3.07310E-16 1.28478E-17-2.13934E-17-9.12667E-17
 -1       455 1.11136E-16-8.99801E-18-4.12008E-17 9.73189E-17 2.66522E-17 4.87934E-17
 -1       456 9.55387E-17-3.27444E-17-2.31398E-17 7.18510E-17 3.01783E-18 1.94074E-18
 -1       457 8.62319E-17 4.50543E-17-7.03781E-17 1.04309E-16 1.26138E-17 1.48976E-17
 -1       458 7.29747E-17-1.00430E-17-2.92011E-17 7.67853E-17 7.82844E-18-6.66575E-18
 -1       459 6.91657E-17 5.02231E-17-4.77956E-17 1.15365E-16-2.98950E-17-7.25034E-17
 -1       460 3.31350E-17 2.99303E-17-2.80775E-17 1.40088E-17-7.85300E-17-6.13491E-17
 -1       461 8.84137E-17 6.88990E-17-2.67360E-16 1.21688E-17 3.66238E-18 4.79790E-17
 -1       462 3.17680E-17 3.84177E-17-1.02553E-16 6.16004E-18-5.16927E-18 6.85601E-18
 -1       463 7.31964E-19 1.64035E-18-1.26687E-17 1.85374E-18 1.86447E-19 6.27110E-19
 -1       464 1.53609E-18 8.06209E-18-1.62493E-17-3.99126E-18-5.29358E-18-1.04658E-17
 -1       465 5.69574E-18 2.50424E-18-1.35003E-17 3.59426E-18-5.06133E-19 5.91562E-18
 -1       466-4.50785E-18 8.35805E-18-1.11627E-17-4.18769E-18-3.14855E-18-1.36370E-17
 -1       467-1.59135E-17 8.37071E-18-3.59860E-18-5.51440E-18 3.17226E-17 5.31321E-17
 -1       468-1.44357E-17 1.01993E-18 5.05149E-18-1.04734E-18 1.40841E-18 9.41065E-18
 -1       469 1.05858E-17-1.76788E-18-6.92059E-18-6.66544E-18-8.94502E-18 1.30408E-17
 -1       470-4.67237E-18 8.11791E-18-1.60857E-17-2.81135E-17-9.46324E-20 1.36966E-16
 -1       471 1.84957E-17 3.61626E-17-9.83666E-17-9.39745E-18 4.38276E-18 9.24171E-17
 -1       472 2.68875E-18 9.42821E-18-3.34881E-17-2.23380E-18 4.78251E-18 4.83297E-17
 -1       473-3.03575E-17-1.32593E-17 3.79180E-17-2.83398E-17 1.26195E-17 5.40600E-17
 -1       474-1.53628E-17 6.61631E-18-8.94242E-19-1.54214E-18 5.79082E-19 2.11963E-17
 -1       475-1.83211E-18-5.42236E-19 2.60696E-18-2.32810E-19-3.31000E-18 2.53038E-18
 -1       476 2.46272E-17 2.29516E-17-7.82014E-17-1.05209E-19 1.17920E-19 4.52157E-17
 -1       477 2.94915E-18 1.51928E-17-1.00089E-16-4.05813E-17 2.98334E-17 2.19215E-16
 -1       478-1.64504E-17 8.23423E-18-2.68163E-18-2.78091E-18 1.53560E-18 2.16754E-17
 -1       479-1.83537E-17 6.15434E-18 3.11601E-18-2.74020E-18-1.09782E-20 1.39353E-17
 -1       480-1.46201E-17 4.90791E-18 3.53013E-18-1.31337E-18 5.11527E-19 8.82706E-18
 -1       481-1.12957E-17 3.52603E-18 3.12583E-18-2.20600E-18-1.47690E-18 4.02473E-18
 -1       482-1.45594E-17 4.61731E-18 2.33501E-18-8.28638E-19 4.02195E-19 1.65490E-17
 -1       483 1.80868E-18 1.47396E-17-3.68537E-17 4.24870E-19 2.63411E-18 3.51698E-17
 -1       484-7.66435E-18 1.13148E-17-1.91986E-17-2.12205E-18 9.64963E-19 3.15308E-17
 -1       485-8.44341E-18 9.60163E-18-1.44195E-17-9.99289E-19 6.45089E-19 3.40271E-17
 -1       486 2.73809E-17 2.45553E-17-8.86884E-17-2.03105E-18 6.75057E-18 2.77489E-17
 -1       487 1.34817E-17 1.79228E-17-5.69818E-17 7.17592E-20 1.00272E-18 3.48468E-17
 -1       488 1.02801E-17 1.99711E-17-5.80600E-17-5.96873E-19 1.51252E-18 4.57835E-17
 -1       489 1.03319E-16 6.63463E-17-2.65214E-16-9.09124E-18-2.68305E-18 7.06355E-17
 -1       490 3.75606E-17 3.24531E-17-1.18369E-16-3.35200E-18 1.10669E-17 5.28453E-17
 -1       491 3.39611E-17 2.69556E-17-9.13685E-17-4.15009E-18 3.35639E-18 6.30378E-17
 -1       492 6.80579E-17 4.22529E-17-1.01348E-16 3.36802E-17 1.63037E-16 2.81587E-16
 -1       493 1.08985E-16 8.59975E-17-4.00165E-16-1.21493E-17 3.32348E-17 1.29564E-16
 -1       494-4.25876E-19 5.43874E-17-1.41879E-16-7.34673E-18 1.33064E-17 1.97007E-16
 -1       495 3.66047E-17-1.23320E-17-9.20098E-18-3.79653E-18-1.31492E-19 1.10569E-16
 -1       496 5.01158E-17 1.49702E-17-5.13531E-17 2.22228E-17 6.05216E-18 1.50679E-16
 -1       497 3.15169E-18 7.71550E-18-7.16736E-17-2.66987E-17 8.83709E-18 1.66056E-16
 -1       498-1.59124E-17-9.74356E-18 1.43529E-17 6.68812E-18 1.98556E-17 8.29181E-17
 -1       499 2.52178E-17-1.41928E-17 2.45962E-18 8.49724E-19 9.86317E-18 8.77455E-17
 -1       500-1.08938E-17 1.45998E-17 2.74348E-18-7.03968E-18 7.47589E-18 8.78272E-17
 -1       501-2.21211E-17-5.03194E-18 2.68344E-17-1.73403E-17 5.34613E-19 6.12798E-17
 -1       502-1.05067E-18-4.36757E-18 2.31948E-17 5.22285E-18-1.18282E-17 1.14533E-17
 -1       503-1.24992E-18-1.37019E-17 3.09494E-17-4.58991E-18-6.06477E-18 3.10842E-17
 -1       504-7.16855E-18-2.18102E-18 2.13846E-17-1.23965E-17 4.69919E-19 2.84678E-17
 -1       505 4.50014E-18-4.60871E-18 2.66594E-18-3.61017E-18-3.35599E-18 9.32788E-18
 -1       506-6.35720E-18 7.50373E-19 4.33449E-18-3.13522E-18-1.75527E-18-3.36651E-19
 -1       507-2.31954E-19-3.02491E-18 3.38210E-18-6.64502E-20-2.78772E-18 4.44813E-18
 -1       508 3.93564E-18-8.32301E-19-1.67835E-18-3.65620E-18-4.27629E-18 3.84373E-18
 -1       509-8.39655E-18 2.38818E-18 5.97814E-18-7.29966E-19-2.08919E-18 5.61523E-18
 -1       510-3.11102E-18 2.01445E-18 5.25767E-18-4.89605E-18 1.17670E-17 1.28325E-17
 -1       511-1.73291E-19-6.64476E-19-8.11172E-18-3.50437E-18-1.48956E-18 1.27954E-17
 -1       512-2.76513E-17-1.95023E-18 2.86231E-17-1.03898E-18 2.30186E-17 1.96183E-17
 -1       513-9.32329E-18 1.48753E-18-1.21269E-17-1.14352E-18 3.65271E-18 3.11749E-17
 -1       514-9.18424E-18 5.94142E-18-7.79415E-18-5.05927E-18 2.48351E-17 6.68703E-17
 -1       515-1.53585E-17 6.51074E-18 3.18855E-18-1.13145E-17 3.01697E-17 3.22339E-17
 -1       516-3.51728E-18 1.94767E-17-4.71748E-17-3.37013E-18 2.25255E-17 9.35134E-17
 -1       517 1.57761E-18 2.64731E-17-5.09320E-17-1.16879E-17 8.93997E-19 1.22449E-16
 -1       518 1.93936E-18 1.95901E-17-4.53200E-17-4.32037E-18 2.36082E-17 1.06501E-16
 -1       519 1.06602E-17 2.09127E-17-6.47377E-17-6.59972E-18 8.68942E-18 6.19581E-17
 -1       520-1.21414E-17 9.92144E-18-1.02109E-17-7.38381E-18-1.55720E-17-5.46193E-17
 -1       521-1.35799E-17 6.11226E-18-1.69381E-18-3.09965E-18-1.97496E-19-3.23116E-17
 -1       522 2.10319E-17 2.50708E-17-8.39398E-17-7.56874E-18-4.64666E-18-6.17532E-17
 -1       523-4.22463E-18 2.24303E-18 5.35302E-18-1.70075E-17-1.20697E-17-1.06426E-16
 -1       524-4.96470E-18-1.41563E-17 2.89417E-17-1.55048E-17 1.27316E-17-2.21723E-17
 -1       525 1.87129E-18-2.99981E-18 2.74859E-18-1.56731E-20-2.18183E-19-6.37980E-18
 -1       526-1.48469E-17 2.96050E-17-7.01088E-17-3.18036E-17-7.62843E-19-1.89860E-16
 -1       527-1.20178E-17 3.92962E-18 4.59958E-18-2.32135E-18 1.36003E-18-8.25253E-18
 -1       528-7.01660E-19 1.27037E-17-2.91021E-17-5.35780E-19-2.39870E-18-3.50563E-17
 -1       529 5.20810E-18-2.88563E-18 1.26743E-18 8.20883E-19 1.75651E-18-9.90789E-18
 -1       530-2.92420E-17-6.84508E-18 4.88986E-17 3.63166E-18-1.91272E-17-6.25916E-17
 -1       531-1.61569E-17 5.12468E-18 4.66642E-18-3.05767E-18 2.25368E-19-7.87520E-18
 -1       532-9.05451E-18 3.48259E-18 3.87120E-18-2.87393E-18 2.44286E-18-3.20168E-18
 -1       533-1.18539E-17 8.77204E-18-8.00770E-18-3.55717E-18-1.15469E-18-2.48933E-17
 -1       534-1.51537E-17 6.17568E-18 8.29763E-19-2.48181E-18 4.85242E-19-1.68697E-17
 -1       535-1.39075E-17 5.69230E-18 2.39059E-18-2.54996E-18 1.10746E-18-1.78505E-17
 -1       536-3.31472E-18 1.05324E-18 1.06091E-18-1.52084E-19 6.48597E-19-1.73014E-18
 -1       537 2.73657E-18-1.04027E-18-9.39137E-20-6.18236E-19 1.31732E-18-5.05544E-18
 -1       538-6.92931E-18 1.58638E-18 2.27661E-18 4.24492E-19-1.29310E-19-4.82584E-18
 -1       539 5.23480E-18 1.39680E-19 8.72643E-19-9.99236E-19 2.88063E-18-8.05648E-18
 -1       540-5.91118E-19-1.04094E-17 9.37659E-18 3.04905E-18-1.13383E-17-1.08379E-17
 -1       541 2.91551E-18-2.12400E-18 3.82085E-18 1.79788E-18 2.33138E-18-9.47987E-18
 -1       542-1.77227E-19-2.81814E-17 3.76224E-17-3.12801E-18-4.52345E-18-1.81730E-17
 -1       543-7.53026E-18-1.64995E-17-7.73206E-19-8.57327E-18 2.69257E-18-5.83166E-17
 -1       544 5.54416E-18-1.10722E-17 6.99943E-18-3.29217E-18 6.84533E-18-1.10133E-17
 -1       545-4.40040E-17-1.08690E-17 5.05214E-17-1.70616E-17 9.18251E-18-8.59772E-17
 -1       546-1.51370E-17-1.76963E-20 1.32097E-17 2.79761E-17-1.74499E-17-7.69496E-17
 -1       547-1.73494E-17-2.08548E-18 3.54293E-17-4.57437E-18-1.28430E-17-3.01346E-17
 -1       548 1.32038E-17-5.73943E-18-1.48624E-18 9.34345E-18-9.36896E-18-9.52069E-17
 -1       549 4.10176E-17-1.79002E-17-1.52457E-17 1.72728E-17-5.39563E-18-1.01147E-16
 -1       550-1.51948E-17-8.51680E-18 4.52062E-17-8.91196E-19-1.79387E-17-8.76773E-17
 -1       551 2.48286E-17 1.19207E-17-3.88473E-17 2.69361E-18-1.52896E-18-1.22305E-16
 -1       552 4.14088E-17 1.51403E-17-6.81261E-17 6.80789E-18-8.37843E-17-2.36729E-16
 -1       553-6.09653E-18 2.12588E-17-2.25674E-17-1.29060E-17-1.15615E-18-1.30402E-16
 -1       554 9.54568E-17 8.69140E-17-3.71252E-16 1.62480E-18-3.20737E-17-1.28583E-16
 -1       555 6.28291E-17 7.44932E-17-1.95530E-16 1.01135E-18-3.30252E-17-5.47092E-17
 -1       556 2.62878E-17 2.85834E-17-9.06220E-17-3.55872E-18-1.34743E-17-4.44641E-17
 -1       557 4.01983E-18 2.46798E-17-9.55211E-17-2.22623E-17 6.58255E-18-1.27148E-16
 -1       558 1.34376E-17 1.88884E-17-5.71711E-17-5.45199E-18-1.36576E-18-3.87705E-17
 -1       559 1.03421E-18 1.37046E-17-3.26661E-17-1.29179E-18-2.86896E-18-3.09928E-17
 -1       560-8.75575E-18 1.12670E-17-1.60055E-17-2.37833E-18-1.50386E-18-2.76373E-17
 -1       561 7.60495E-18 1.55992E-17-4.50568E-17-1.55339E-18-4.62874E-19-4.32889E-17
 -1       562-5.59299E-18 1.05733E-17-1.96603E-17-1.81448E-18-2.26643E-18-3.40309E-17
 -1       563-2.07239E-17 6.73691E-18 1.25839E-17-4.06601E-18 1.07399E-18-4.48675E-17
 -1       564 3.49511E-18 1.51011E-17-3.31719E-17-2.06056E-18-3.20080E-19-4.51399E-17
 -1       565 2.99472E-19 2.53446E-17-5.14818E-17-1.29822E-19-1.34501E-18-7.54507E-17
 -1       566-4.47830E-18-1.23252E-18 1.27997E-17-6.81097E-18-1.30858E-19-1.56866E-17
 -1       567-1.05334E-17 1.14389E-18 2.06695E-18 5.46751E-19-3.23540E-18-1.45393E-17
 -1       568-8.13631E-18 1.94097E-17-4.93182E-17-2.08286E-17 3.37340E-18-1.08988E-16
 -1       569 4.91620E-18 1.09324E-17-2.87563E-17-3.74671E-18-2.02041E-18-7.50286E-17
 -1       570-1.68059E-17-5.64733E-18 4.33695E-17-1.49246E-17-2.97803E-18-6.36533E-17
 -1       571-1.17937E-17-2.41876E-18 8.73576E-19-9.90535E-19 2.49662E-18-2.66163E-17
 -1       572 2.46109E-18-5.58940E-18 5.19734E-18-5.04770E-18 7.14706E-18-1.30225E-17
 -1       573 7.28109E-17 3.29649E-17-1.61934E-16 3.93349E-17 2.25131E-17 8.65695E-17
 -1       574 2.48531E-16 1.55699E-17-2.14260E-16 2.12943E-18-2.00542E-16-1.10061E-16
 -1       575-1.73841E-16 1.33005E-16 8.29639E-17 2.31277E-16 1.45070E-16 1.29241E-16
 -1       576 4.96305E-18-5.88228E-17-2.50436E-17-2.95736E-17-4.44345E-17 1.46723E-16
 -1       577-4.83112E-17 7.50681E-17-1.61007E-16 5.56671E-17-9.46712E-17-4.09527E-17
 -1       578 1.01115E-16 3.19140E-17-1.04582E-16 1.98064E-16-6.78757E-17-6.42394E-17
 -1       579-8.51677E-17-7.69639E-17 1.09640E-16-4.07012E-17-8.75137E-17-4.80125E-17
 -1       580-6.01902E-17 8.56846E-17-1.78068E-17-7.24831E-17-1.25132E-16 8.78835E-17
 -1       581 7.29280E-17-3.15862E-17-9.41191E-17-7.14090E-17-1.16600E-16 3.18198E-17
 -1       582 1.88076E-16-2.97969E-16 1.21577E-16-1.94512E-16-1.98923E-17 3.49630E-16
 -1       583 1.18312E-16-2.25449E-16-2.87142E-17-1.33187E-16-2.11327E-16 1.99802E-16
 -1       584-1.66497E-16-5.80228E-17 2.13527E-16-1.02880E-16-4.88409E-17 1.18679E-16
 -1       585 8.97016E-17 1.47279E-17-1.85392E-17-2.40921E-17-3.85825E-17 1.66133E-16
 -1       586 3.20370E-16-1.75675E-16-1.68641E-16-1.27914E-16-1.59023E-16 2.50233E-16
 -1       587 7.04100E-18 1.01713E-17 1.75694E-16-9.65651E-17-1.04428E-16 3.84966E-16
 -1       588-3.86566E-17-1.70746E-17 5.67220E-17-2.44481E-16-1.54703E-16 2.61403E-16
 -1       589 1.72115E-17-3.24038E-17 1.20551E-17-9.61393E-17-1.88509E-17 2.80893E-16
 -1       590 2.89309E-16 8.38208E-18-1.94251E-16 1.67476E-16-7.61122E-17 1.97947E-16
 -1       591-1.36687E-16 6.24368E-17-4.18711E-17-3.12262E-17 9.96775E-18 7.28975E-17
 -1       592-1.32384E-16 6.72077E-17-1.18930E-16 9.38458E-17 1.13020E-17 2.17982E-16
 -1       593-1.48146E-16-2.46291E-17 3.01549E-17-1.02624E-16-5.94196E-17-7.22981E-18
 -1       594-2.50087E-16 1.80891E-16-1.21218E-16 5.39697E-17-5.60308E-17 1.80473E-16
 -1       595 6.63574E-17 1.52142E-16-3.28585E-16 1.84045E-16 3.35220E-17 1.43023E-16
 -1       596-1.83642E-17 7.71662E-17-1.84039E-16 6.44899E-17-1.84476E-16-2.39087E-16
 -1       597 3.50207E-18 5.00548E-17-2.07147E-16-8.01328E-17-7.06587E-17 5.76496E-17
 -1       598 1.22279E-16 5.76459E-17-2.35024E-16 3.24372E-20-6.53889E-17 1.88322E-16
 -1       599-7.49334E-17-6.28685E-19 7.30300E-17-2.59650E-17 4.52177E-17 1.67636E-16
 -1       600-3.30387E-16-6.73825E-17 3.69697E-16-1.24533E-16 1.27015E-16 1.17107E-16
 -1       601 8.78947E-17 5.25113E-17 1.73768E-16 1.77965E-16-2.76047E-18 5.25524E-17
 -1       602 8.06367E-17-9.28416E-17-1.05050E-16 3.86109E-17 9.28597E-17 9.44038E-18
 -1       603-1.00436E-17-6.84005E-17-5.50780E-17-4.19403E-17-1.05629E-17 1.27077E-16
 -1       604-1.29712E-18-1.63525E-16-8.01003E-17-7.20050E-17 6.56486E-17-8.56973E-18
 -1       605 1.62392E-16 4.89844E-17 4.44863E-19 1.86348E-16-6.41159E-17-2.12873E-18
 -1       606 2.12894E-16-6.38141E-17 7.52141E-17 1.55081E-16-2.33360E-17 5.65074E-17
 -1       607-1.69724E-17-1.82031E-16 5.27502E-17-3.69149E-18-2.44351E-17 1.44176E-17
 -1       608-3.22821E-17 8.67551E-18-6.57203E-17 6.70464E-17 3.55350E-17 1.48075E-16
 -1       609-1.36578E-16 3.60587E-18 7.04750E-17-3.58970E-17-1.25223E-16-1.17420E-16
 -1       610-6.00874E-17-2.99356E-17 1.03946E-16-1.01197E-16-6.47443E-17 1.47282E-16
 -1       611 6.00319E-17-1.18779E-16 7.22060E-17 1.01564E-16 1.34290E-17 4.69212E-17
 -1       612 2.16127E-16-9.08353E-17-4.86966E-17 2.61850E-17-5.50363E-17-3.43307E-17
 -1       613-3.95834E-16 7.03264E-17-1.76534E-16-1.00314E-16-1.66362E-16-2.25080E-19
 -1       614-2.97653E-17 1.94715E-16-5.34814E-16 9.55866E-17 1.05819E-16-1.12550E-16
 -1       615-7.18488E-17 8.15334E-17-1.69878E-16-1.30265E-18-6.70536E-17 1.27733E-16
 -1       616 2.38360E-17 1.51115E-16-8.81670E-17 4.56889E-17-3.57376E-19 2.89418E-16
 -1       617-2.83119E-16 1.72999E-16 4.65575E-17 2.49302E-17 5.10830E-17 4.42451E-16
 -1       618-8.95535E-17 3.23153E-18 2.08011E-19-7.82177E-18-5.81936E-17 2.42729E-16
 -1       619 4.48214E-16-1.03289E-16 3.66162E-17 1.59905E-16 1.52605E-16 1.51728E-16
 -1       620 2.97120E-16-4.04354E-17-9.02521E-17 8.46483E-17-2.97452E-17 9.99687E-17
 -1       621-1.69018E-16-6.58625E-17 9.79437E-17-1.02962E-16 9.69141E-17 5.70334E-18
 -1       622-1.13055E-16 1.35524E-16-1.70162E-16-6.56554E-17-1.62385E-16 1.01574E-17
 -1       623 9.12886E-17 1.59478E-16-1.38000E-16 9.22307E-17 5.87523E-18 1.28156E-16
 -1       624 5.20891E-18 6.63652E-17-6.16109E-17 2.61748E-18 4.00282E-17 2.45627E-16
 -1       625-1.39985E-16 1.49054E-16 8.52903E-18 3.06544E-16 1.49833E-16 7.31198E-17
 -1       626-6.63201E-16 3.91532E-16-4.86306E-17-8.08551E-17-3.16578E-17 1.29169E-16
 -1       627-3.07564E-16 5.02361E-17 2.62827E-16 9.19903E-17 2.65133E-16 2.33473E-16
 -1       628 5.61455E-16-7.39095E-17-2.25145E-17-1.63594E-17-1.57005E-16 1.31459E-16
 -1       629 1.95523E-16-1.55618E-16-4.16459E-17-4.11119E-17-1.07295E-16 4.30369E-17
 -1       630 1.61917E-16-1.98551E-16 1.06992E-16-1.92146E-17-5.24443E-17-9.07937E-17
 -1       631 1.25205E-17 3.31685E-17-8.28585E-17 7.04392E-18 3.79319E-17 2.22653E-16
 -1       632-1.69243E-16 5.13909E-17-6.92577E-18-7.68114E-17-1.03417E-17 9.63089E-17
 -1       633-2.47681E-16 3.72898E-18 2.11049E-17-9.05288E-17-7.88319E-17-5.48998E-17
 -1       634-4.53825E-17-5.50385E-18 1.93948E-17 4.06954E-17-4.88784E-18 9.88085E-17
 -1       635-7.98919E-18-2.45578E-17 1.91273E-16 2.40107E-16-9.79175E-18 7.52745E-18
 -1       636-4.89908E-17-3.71980E-17 7.83686E-17 4.04414E-17-6.98489E-17 1.71296E-16
 -1       637-4.10187E-17 9.35115E-18 1.69607E-17 1.63944E-16 2.57650E-17 1.36460E-17
 -1       638 2.49026E-16 4.82680E-17 6.77083E-17 1.38045E-16-1.80234E-16 9.90165E-17
 -1       639 9.18489E-17-1.48924E-16 2.37275E-16-1.26930E-16-9.78897E-18 2.33518E-16
 -1       640-1.71972E-16-1.08581E-16-2.23715E-17-4.83389E-17 1.68243E-17 1.69723E-17
 -1       641-1.04884E-17-9.87864E-17-1.19954E-16 3.98696E-17-7.69558E-17 1.38638E-17
 -1       642-1.26267E-16 1.67344E-16 4.94157E-17-8.06560E-17-6.27233E-17-1.11066E-16
 -1       643 1.99134E-16 7.44232E-18-4.34679E-17 8.50828E-17 1.19149E-16 1.81890E-16
 -1       644 1.27346E-17 5.16032E-17-2.71725E-17 2.59922E-17-5.36970E-17 5.22186E-17
 -1       645-1.70005E-16 8.68629E-17-1.25856E-16 1.67901E-17-5.69517E-18 2.29471E-16
 -1       646 2.11322E-16-6.43539E-17-4.13103E-17 1.16455E-16 5.18096E-17 1.71039E-16
 -1       647-6.04156E-17 6.46513E-16 4.59091E-17 4.11217E-16 7.68625E-17 5.44014E-17
 -1       648-2.50841E-16-1.59390E-16 9.51402E-17-3.19181E-17 7.89383E-17 1.66376E-16
 -1       649-1.26495E-17-1.49450E-16 8.33363E-17-1.76985E-17-2.50291E-16-2.18607E-17
 -1       650 1.76536E-16-6.98199E-17-1.38482E-16-2.15072E-17-1.96336E-16 1.32985E-17
 -1       651-1.36249E-17-8.84449E-17 1.24912E-16-8.63845E-17-1.08148E-16-1.81469E-16
 -1       652 1.61419E-17 2.02857E-16-3.36584E-16 2.44989E-17-1.05653E-16-8.09408E-17
 -1       653-1.65470E-16 5.15423E-17-3.42785E-16 1.97283E-17 5.30677E-17 1.81394E-16
 -1       654 7.24345E-17 1.30453E-16-2.10047E-16 7.95331E-17-1.39763E-16-1.08537E-16
 -1       655 7.28721E-17-3.96898E-17-8.13925E-17-1.77305E-17-5.84238E-18-3.47820E-17
 -1       656-4.62894E-17 1.08219E-16-5.51977E-17-3.54431E-17-5.02966E-17 3.03451E-17
 -1       657-1.10145E-16 1.54351E-17 2.76609E-17 4.30104E-17-6.42030E-17-1.79004E-16
 -1       658 1.73681E-16 4.97152E-18-3.39415E-17 1.03553E-16 9.75239E-17 5.58502E-17
 -1       659 1.29168E-16-1.69162E-16-1.10021E-16 3.27243E-18-1.29921E-16 1.44023E-16
 -1       660 3.12785E-16-4.36370E-17-3.54798E-16-3.49511E-18-2.59662E-16 4.85451E-19
 -1       661 2.86465E-17-1.91013E-16-2.61453E-16-5.11278E-17 5.40670E-17 1.83004E-16
 -1       662 1.70113E-16-1.33389E-17-7.30168E-17-5.29369E-17-4.62619E-17-8.30267E-17
 -1       663 1.68368E-16-1.42582E-16-8.43998E-17 4.94791E-17 4.14878E-17 1.19427E-16
 -1       664-1.57930E-16 6.00182E-17-2.59401E-17-3.46934E-17-4.84007E-17 4.77698E-17
 -1       665-2.13290E-16-3.12868E-18 5.97179E-17-1.07091E-16 5.04807E-17 1.97011E-16
 -1       666-2.69720E-16 8.31627E-17-5.35161E-17-1.47527E-16 6.73207E-17 1.81873E-16
 -1       667-3.28642E-17 7.86148E-17 2.06531E-17 1.19292E-16 3.53493E-17 2.11618E-16
 -1       668-1.57626E-16 6.08043E-17-6.88438E-17 9.23490E-18 3.48142E-18 6.96507E-17
 -1       669-2.31160E-17 8.87375E-17 2.74047E-17 1.06535E-16 4.05276E-17 6.92644E-17
 -1       670 4.79838E-17-1.84808E-16 4.26256E-17-1.10230E-16-1.05666E-16 1.22896E-16
 -1       671 6.29545E-17 2.76829E-17-5.14443E-17-8.54642E-17-1.56171E-17 1.14724E-16
 -1       672 1.04581E-16-8.12704E-17-4.38962E-17-1.28859E-16-5.44255E-18-7.02742E-17
 -1       673 7.23018E-17 4.72408E-17-8.32611E-17 3.78212E-17 2.19910E-17-6.41129E-18
 -1       674 1.08190E-16-5.18070E-17 2.53893E-17-1.40357E-16 5.21553E-17 4.99934E-17
 -1       675-1.59001E-16 1.17666E-16-2.03569E-16-7.55385E-17 4.53764E-17 1.20801E-16
 -1       676-4.16176E-17 6.10057E-17 6.78656E-18 4.97339E-17-4.06578E-17 1.27293E-16
 -1       677-2.81746E-18 4.55941E-17-7.86290E-17 1.97591E-17-1.81021E-16-9.25264E-17
 -1       678 3.33266E-16-7.10297E-19-1.35964E-16 1.33980E-16 1.58776E-16 2.90406E-16
 -1       679 1.10981E-16 5.10025E-17-5.79325E-17 2.64400E-17 3.98618E-17 6.27410E-17
 -1       680-1.38344E-16-1.04594E-17-2.60776E-16-1.94242E-16-2.06636E-16 6.99063E-17
 -1       681 7.51665E-17 1.05882E-16-9.46693E-17 3.95213E-17-1.71755E-17-3.54435E-17
 -1       682 6.55666E-17 1.19883E-16 1.38459E-17 2.22181E-16 3.03782E-17 1.15469E-16
 -1       683 2.34655E-16 1.68975E-16-2.88048E-16 1.95917E-16 6.85859E-17 1.94974E-17
 -1       684 8.28615E-17 2.62847E-16-3.54749E-16 2.03093E-16 2.79862E-17 1.42053E-16
 -1       685-1.30577E-16 1.51251E-16-6.79488E-17-8.82084E-17-2.33867E-16-2.55557E-18
 -1       686 7.76280E-18 1.19510E-16 7.60843E-17 1.01023E-16-1.68211E-16-1.06183E-16
 -1       687 6.68790E-17-1.85704E-16 1.68621E-16-2.27521E-17-2.27458E-16-2.31050E-16
 -1       688 2.17120E-16 1.61545E-17-2.33510E-16 7.53695E-17 5.17013E-17 1.50363E-17
 -1       689-7.28463E-17 1.74916E-16-9.11664E-17 1.34881E-16-1.48895E-16-4.03605E-17
 -1       690-3.18654E-16 4.96595E-16 1.41126E-16 2.78560E-16 1.42592E-16 9.34629E-17
 -1       691-6.83695E-17 2.71872E-17 1.07146E-16 1.96112E-16 8.79100E-17 1.65794E-17
 -1       692-4.04339E-16 1.95881E-17 2.18890E-16 1.18928E-16 2.16225E-16 2.69435E-16
 -1       693-4.63625E-17 4.81323E-17-1.17706E-16 2.03519E-16 4.87389E-18 3.07401E-17
 -1       694-1.99329E-16 8.59954E-17-1.05505E-16-1.37411E-16 6.55205E-17-2.33279E-17
 -1       695-3.60094E-16 5.04947E-17 2.45602E-16 3.35035E-17 1.15727E-16 1.27053E-16
 -1       696 4.46078E-17 3.28606E-17-4.55898E-17 5.15528E-18-5.81077E-17 6.92600E-17
 -1       697 1.07911E-16 2.10492E-16-6.43051E-17 1.83614E-16 9.45983E-17 1.36716E-16
 -1       698-2.72607E-16 4.48531E-17-7.10823E-17-6.09620E-17 1.34257E-17 1.49205E-16
 -1       699 2.15258E-16 1.01894E-16-9.07610E-17 1.47500E-16 7.10182E-18 6.13494E-17
 -1       700-4.69071E-16 1.45300E-16 9.24447E-17-2.22788E-17 1.53410E-16 2.40394E-16
 -1       701 3.85750E-16 1.32547E-16 7.00085E-17 3.02952E-16-3.50698E-17-6.70187E-17
 -1       702 3.70841E-16 9.45668E-17-3.62799E-16 1.20337E-16-3.15383E-17 1.06482E-16
 -1       703 1.85973E-17-5.38002E-17 7.01751E-17-4.98709E-17-1.08296E-16 1.34015E-16
 -1       704 2.34846E-17 2.33868E-17-7.79775E-17 5.94371E-20 5.96215E-18 1.94904E-18
 -1       705 2.35396E-17 2.31918E-17-7.76318E-17 1.35932E-19-9.58081E-18-1.92794E-19
 -1       706 2.33393E-17 2.34158E-17-7.79331E-17 6.78678E-20-1.41037E-18-8.04672E-18
 -1       707 2.27495E-17 2.28147E-17-7.55794E-17-4.93441E-20 4.59784E-19 2.16342E-18
 -1       708 2.27289E-17 2.28585E-17-7.55411E-17 3.89096E-20-1.28169E-18 2.82217E-18
 -1       709-7.49239E-18 4.37812E-18-3.35757E-18-2.73400E-18 1.76152E-18 1.07729E-17
 -1       710 3.44321E-17-2.12530E-17 2.72656E-18 1.63581E-17-1.20616E-17 4.25747E-18
 -1       711 3.97191E-17-1.66362E-17-1.93014E-17-8.12107E-18 1.01777E-17-1.41644E-17
 -1       712 7.40920E-17-2.45165E-17-2.51776E-17 2.75229E-17 7.60322E-18-4.28559E-17
 -1       713 1.02471E-17-4.46246E-19-1.53752E-17-1.05469E-17-4.15304E-18-6.76072E-17
 -1       714-4.13271E-18 1.54927E-17-3.49882E-17-2.81536E-17 2.59930E-18-9.55994E-17
 -1       715 9.12072E-17-6.28685E-18-4.86369E-17 4.93513E-17-8.86178E-18-1.04414E-16
 -1       716 1.91978E-17-1.28503E-17 4.94401E-18 7.48325E-19-8.28929E-18 3.81949E-17
 -1       717 2.10553E-18 7.62426E-18-1.22290E-17-1.59053E-17-4.82160E-18 1.57472E-17
 -1       718 1.17300E-17-1.14706E-17 1.43881E-18-1.85619E-17-1.03256E-17 7.50003E-17
 -1       719 1.67421E-17-1.03459E-17-2.30662E-18-8.26493E-18-9.34496E-18-5.53883E-17
 -1       720 3.58979E-17-1.27290E-17-3.96162E-18 4.04696E-17-6.83304E-18-3.58812E-17
 -1       721 9.31336E-17 6.76828E-18-4.95321E-17 7.77397E-17 2.19831E-17 8.88705E-17
 -1       722-1.38404E-17 4.82434E-18 2.07850E-18-2.42476E-18 9.69190E-19 6.25961E-18
 -1       723-1.16770E-17 5.00009E-18 2.75473E-20-3.48682E-18 2.23180E-18 1.05809E-17
 -1       724-6.95904E-18 3.98125E-18-1.18826E-18-3.65383E-18 2.83318E-18 4.53544E-18
 -1       725-1.19483E-17 5.82412E-18-2.95390E-18-2.46425E-18 1.14203E-18 1.62914E-17
 -1       726-1.02547E-17 4.09710E-18 1.88847E-18-3.01492E-18 1.67582E-18 1.29310E-18
 -1       727 4.02392E-17-1.07838E-17-1.46613E-17 9.87263E-18-4.54764E-18-4.84739E-18
 -1       728 6.79016E-17-2.85347E-17-6.27038E-18 3.11901E-17-3.98338E-18 4.31281E-17
 -1       729 2.96422E-17-5.24562E-18-2.07977E-17 1.92198E-17-3.28875E-18-3.88652E-17
 -1       730 1.68043E-21-2.20138E-17 1.16491E-17-2.98299E-17 1.49588E-17 4.03695E-17
 -1       731 4.08142E-17-1.74367E-18-2.80739E-17 4.02070E-17 1.19691E-17 2.46530E-17
 -1       732 5.50473E-17-3.19536E-17-4.84513E-18 4.42455E-17-1.27217E-17-3.97797E-17
 -1       733 1.82580E-17-9.43063E-18-2.69623E-17 9.92864E-19 7.38103E-20 5.94443E-17
 -1       734 4.67461E-18 7.58238E-18-2.98141E-17-1.88812E-17-4.20853E-18 2.78743E-17
 -1       735 1.03687E-18 3.07589E-18-2.40401E-17-1.61784E-17-3.49259E-18 6.64655E-17
 -1       736 1.48206E-17 1.00050E-17-3.87594E-17-4.40654E-19 2.36624E-18 1.71861E-17
 -1       737 4.33298E-18 6.29089E-18-2.32932E-17-5.64481E-19 3.59754E-18 1.90781E-17
 -1       738 1.89205E-17 1.58514E-17-4.99475E-17-4.86966E-18 4.16449E-18 2.99744E-17
 -1       739-1.06436E-17 1.36111E-17-4.45836E-17-2.77621E-17 1.81938E-17 9.64760E-17
 -1       740-5.50044E-18 3.29434E-18-5.97724E-18-2.20152E-18-2.25841E-18-1.44354E-17
 -1       741-8.51135E-18 5.15540E-18-4.64683E-18-2.91414E-18-2.88778E-18-1.15091E-17
 -1       742-1.49485E-18 6.18276E-18-1.28825E-17-1.21866E-18-3.52242E-18-1.59345E-17
 -1       743 1.49820E-17 1.19993E-17-3.99903E-17-1.18540E-18 9.95226E-18-9.19162E-19
 -1       744-1.79639E-17 5.83583E-18-1.16815E-17-2.41035E-17 4.84913E-18-6.78591E-17
 -1       745-7.54331E-18 1.97163E-17-3.48459E-17-6.91193E-18-5.30843E-18 3.81579E-17
 -1       746 1.44163E-19 1.49884E-17-4.01739E-17-9.80255E-18-3.79865E-18 3.40628E-17
 -1       747-7.68602E-18 4.78493E-18 7.80773E-18-7.76915E-18-5.35124E-18 2.56450E-17
 -1       748-8.29173E-18-4.68465E-19 4.83470E-18-1.85362E-17 3.78581E-18 3.84573E-17
 -1       749 5.93055E-18 1.72191E-17-3.89593E-17-6.04921E-18 3.93793E-18 2.91447E-17
 -1       750 2.96694E-18 2.01792E-18-1.25648E-17-2.96778E-18 3.29194E-18 2.14533E-17
 -1       751-2.27364E-17 1.09440E-18 2.95179E-17-4.22158E-18-8.56070E-18-1.99385E-17
 -1       752 6.85878E-18 1.47503E-17-3.88411E-17-1.37893E-17 9.18421E-18 3.98601E-17
 -1       753-9.36382E-18 5.32173E-18-5.14462E-18-3.06581E-18-1.21159E-18 1.02686E-17
 -1       754-1.45151E-17 4.16749E-18 3.53684E-18-3.81161E-18-1.60844E-19-1.19233E-17
 -1       755-1.69787E-17 6.49335E-18 3.07834E-18-4.36769E-18-7.16479E-20 4.58653E-18
 -1       756 6.87216E-18 5.02634E-18-2.05506E-17-4.73636E-19 2.88986E-18 9.61108E-18
 -1       757-1.18993E-17 3.23543E-20-3.23470E-17-3.76771E-17 4.95885E-18 4.81521E-17
 -1       758 1.71004E-19 7.23047E-18-1.54884E-17-1.21596E-18-3.37018E-18-1.30997E-17
 -1       759-1.24450E-17 3.25335E-18 2.44086E-18-2.10704E-18 1.30407E-20-1.96144E-19
 -1       760-1.51515E-17 4.89075E-18 2.29780E-18-3.32239E-18 9.85805E-20-1.16392E-18
 -1       761-1.20396E-17 7.92692E-18-6.27201E-18-3.74178E-18 1.46692E-18 1.71413E-17
 -1       762-1.30319E-17 6.75549E-18-2.52719E-18-3.26604E-18-1.57071E-18-7.87843E-18
 -1       763 2.21190E-17 5.27362E-18-3.41514E-17-3.90265E-18 2.17011E-17 3.34215E-19
 -1       764-7.03283E-18 4.03437E-18-4.85458E-18-1.13952E-17-3.88501E-18-2.20986E-17
 -1       765 6.63483E-17 4.75594E-17-1.37073E-16-8.98755E-18 2.91600E-17-2.29805E-18
 -1       766-3.53653E-18 4.49323E-19-1.32689E-18-5.18138E-19 1.26327E-19 4.52214E-18
 -1       767 6.14014E-18 1.04467E-17-2.52514E-17-1.69682E-18-2.72343E-18-2.12404E-17
 -1       768 1.13686E-17 1.23852E-18-2.82149E-17 9.13705E-20-3.66060E-18-1.60056E-17
 -1       769 9.35024E-19 6.67721E-18-1.75853E-17-8.58234E-19 5.00605E-18 1.72335E-17
 -1       770 4.33483E-19 2.72362E-18-1.58442E-17-5.46905E-18-2.61072E-18-1.51614E-17
 -1       771-2.09908E-19 5.57310E-18-1.37561E-17-5.88051E-18-1.48770E-17-3.80147E-17
 -1       772-1.01523E-17 7.47804E-18-2.24425E-17-1.34667E-17-4.89688E-18-3.71709E-17
 -1       773 1.91681E-17 7.04275E-18-5.87651E-17-8.42822E-18-5.20996E-18-1.88475E-18
 -1       774 1.56639E-17 1.29698E-17-4.39796E-17-6.91406E-18-1.02277E-17-2.55756E-17
 -1       775 1.11101E-17 9.93281E-18-3.00976E-17-4.11419E-18-3.56599E-18-1.73917E-17
 -1       776 8.99205E-19 1.24857E-17-2.92649E-17-1.01801E-17 4.20855E-19-2.81844E-17
 -1       777 1.47819E-17 1.46711E-17-6.88095E-17-1.80403E-17 1.02904E-17-5.07854E-17
 -1       778-4.46026E-18 6.39728E-18-1.46606E-17-2.14712E-18 1.97546E-18 2.66858E-17
 -1       779-1.87940E-18 2.51568E-18-4.35645E-18-1.44670E-18 3.22950E-18 2.94961E-18
 -1       780-1.30503E-17 3.17105E-18 3.58675E-18-2.60178E-18 7.22709E-19 1.14834E-17
 -1       781-1.26740E-17 5.12612E-18 4.49421E-18-2.78417E-18 5.74938E-19-7.29572E-18
 -1       782 6.31952E-17-1.68744E-17-2.54574E-17 2.77042E-17 6.25706E-18 3.48598E-17
 -3
    1PSTEP                         4           1           1          
  100CL  101 1.000000000         782                     0    1           1
 -4  ERROR       1    1
 -5  STR(%)      1    1    0    0
 -1         1 5.82476E+01
 -1         2 5.63214E+01
 -1         3 5.60294E+01
 -1         4 5.85714E+01
 -1         5 2.31343E+01
 -1         6 1.61842E+01
 -1         7 2.31343E+01
 -1         8 1.86080E+01
 -1         9 2.30474E+01
 -1        10 2.28416E+01
 -1        11 2.30474E+01
 -1        12 2.30474E+01
 -1        13 1.30515E+01
 -1        14 1.30515E+01
 -1        15 5.81818E+01
 -1        16 5.99401E+01
 -1        17 5.91237E+01
 -1        18 4.23529E+01
 -1        19 5.54651E+01
 -1        20 5.59459E+01
 -1        21 5.70359E+01
 -1        22 4.58242E+01
 -1        23 5.76923E+01
 -1        24 5.63029E+01
 -1        25 5.63029E+01
 -1        26 5.82147E+01
 -1        27 5.90610E+01
 -1        28 5.95319E+01
 -1        29 5.07383E+01
 -1        30 4.89090E+01
 -1        31 5.57055E+01
 -1        32 5.64909E+01
 -1        33 5.14301E+01
 -1        34 5.17582E+01
 -1        35 5.69976E+01
 -1        36 5.63029E+01
 -1        37 5.72752E+01
 -1        38 5.72845E+01
 -1        39 5.81818E+01
 -1        40 5.53091E+01
 -1        41 5.91237E+01
 -1        42 5.90909E+01
 -1        43 5.90909E+01
 -1        44 5.59459E+01
 -1        45 5.47826E+01
 -1        46 5.76761E+01
 -1        47 5.90909E+01
 -1        48 5.92308E+01
 -1        49 5.92308E+01
 -1        50 5.72516E+01
 -1        51 5.67455E+01
 -1        52 5.72164E+01
 -1        53 5.91073E+01
 -1        54 5.90909E+01
 -1        55 5.75184E+01
 -1        56 5.53643E+01
 -1        57 5.62293E+01
 -1        58 5.83835E+01
 -1        59 5.91608E+01
 -1        60 5.92308E+01
 -1        61 5.77761E+01
 -1        62 5.75847E+01
 -1        63 5.36842E+01
 -1        64 5.40482E+01
 -1        65 5.44201E+01
 -1        66 5.60870E+01
 -1        67 5.98269E+01
 -1        68 5.70922E+01
 -1        69 5.70922E+01
 -1        70 5.63728E+01
 -1        71 5.98912E+01
 -1        72 2.52632E+01
 -1        73 5.68071E+01
 -1        74 5.56345E+01
 -1        75 5.38662E+01
 -1        76 5.42342E+01
 -1        77 5.52535E+01
 -1        78 5.79569E+01
 -1        79 5.84595E+01
 -1        80 5.70922E+01
 -1        81 5.67325E+01
 -1        82 5.81320E+01
 -1        83 4.25772E+01
 -1        84 4.06463E+01
 -1        85 5.95196E+01
 -1        86 3.97422E+01
 -1        87 4.85191E+01
 -1        88 4.68966E+01
 -1        89 5.52941E+01
 -1        90 5.52941E+01
 -1        91 3.32849E+01
 -1        92 5.47590E+01
 -1        93 4.85072E+01
 -1        94 5.85951E+01
 -1        95 5.85951E+01
 -1        96 5.90455E+01
 -1        97 4.96309E+01
 -1        98 4.41307E+01
 -1        99 4.77078E+01
 -1       100 5.10953E+01
 -1       101 5.52941E+01
 -1       102 4.42895E+01
 -1       103 4.40220E+01
 -1       104 5.16331E+01
 -1       105 5.35512E+01
 -1       106 5.85951E+01
 -1       107 5.85833E+01
 -1       108 5.71253E+01
 -1       109 5.60294E+01
 -1       110 5.78484E+01
 -1       111 5.65774E+01
 -1       112 5.60294E+01
 -1       113 1.96593E+01
 -1       114 2.31343E+01
 -1       115 2.08712E+01
 -1       116 1.73961E+01
 -1       117 2.29445E+01
 -1       118 2.30474E+01
 -1       119 2.30474E+01
 -1       120 2.29445E+01
 -1       121 1.95129E+01
 -1       122 2.30908E+01
 -1       123 2.08277E+01
 -1       124 2.30908E+01
 -1       125 2.36855E+01
 -1       126 3.07037E+01
 -1       127 3.94708E+01
 -1       128 3.94708E+01
 -1       129 4.59507E+01
 -1       130 4.96581E+01
 -1       131 4.64469E+01
 -1       132 4.54470E+01
 -1       133 4.44063E+01
 -1       134 3.40065E+01
 -1       135 2.31047E+01
 -1       136 1.83685E+01
 -1       137 2.71946E+01
 -1       138 3.50872E+01
 -1       139 3.94708E+01
 -1       140 4.27107E+01
 -1       141 4.78044E+01
 -1       142 4.80525E+01
 -1       143 4.59470E+01
 -1       144 4.49267E+01
 -1       145 3.92064E+01
 -1       146 2.85556E+01
 -1       147 1.80781E+01
 -1       148 1.30515E+01
 -1       149 2.51258E+01
 -1       150 3.52800E+01
 -1       151 3.94708E+01
 -1       152 4.59507E+01
 -1       153 4.87095E+01
 -1       154 5.89982E+01
 -1       155 5.89982E+01
 -1       156 3.25464E+01
 -1       157 3.23047E+01
 -1       158 2.69620E+01
 -1       159 2.31047E+01
 -1       160 1.90887E+01
 -1       161 3.02029E+01
 -1       162 3.73754E+01
 -1       163 4.27107E+01
 -1       164 4.73301E+01
 -1       165 5.38539E+01
 -1       166 5.89982E+01
 -1       167 4.57723E+01
 -1       168 3.24256E+01
 -1       169 2.96333E+01
 -1       170 2.50333E+01
 -1       171 1.80781E+01
 -1       172 5.72516E+01
 -1       173 5.63121E+01
 -1       174 5.81818E+01
 -1       175 5.77668E+01
 -1       176 5.90610E+01
 -1       177 5.95319E+01
 -1       178 5.91237E+01
 -1       179 5.76246E+01
 -1       180 5.91073E+01
 -1       181 5.07219E+01
 -1       182 5.72780E+01
 -1       183 5.72780E+01
 -1       184 5.75184E+01
 -1       185 5.64909E+01
 -1       186 5.59459E+01
 -1       187 5.73560E+01
 -1       188 5.17501E+01
 -1       189 5.59093E+01
 -1       190 5.76842E+01
 -1       191 5.84615E+01
 -1       192 5.77668E+01
 -1       193 5.83916E+01
 -1       194 5.77668E+01
 -1       195 5.75847E+01
 -1       196 5.93483E+01
 -1       197 5.82476E+01
 -1       198 5.92308E+01
 -1       199 5.90909E+01
 -1       200 5.98912E+01
 -1       201 5.70922E+01
 -1       202 5.98269E+01
 -1       203 5.83364E+01
 -1       204 5.70359E+01
 -1       205 5.99401E+01
 -1       206 5.99401E+01
 -1       207 5.78833E+01
 -1       208 5.79162E+01
 -1       209 5.82476E+01
 -1       210 5.72752E+01
 -1       211 5.79162E+01
 -1       212 5.68071E+01
 -1       213 5.75847E+01
 -1       214 4.17554E+01
 -1       215 5.71385E+01
 -1       216 5.99401E+01
 -1       217 5.90610E+01
 -1       218 5.87624E+01
 -1       219 5.95319E+01
 -1       220 5.99401E+01
 -1       221 5.99401E+01
 -1       222 5.03447E+01
 -1       223 5.87300E+01
 -1       224 5.91382E+01
 -1       225 5.74067E+01
 -1       226 5.08506E+01
 -1       227 5.88424E+01
 -1       228 5.78864E+01
 -1       229 5.76460E+01
 -1       230 5.95876E+01
 -1       231 5.70359E+01
 -1       232 5.64909E+01
 -1       233 5.84314E+01
 -1       234 5.14582E+01
 -1       235 5.70641E+01
 -1       236 5.70641E+01
 -1       237 5.83916E+01
 -1       238 5.24575E+01
 -1       239 5.80916E+01
 -1       240 5.80970E+01
 -1       241 5.87918E+01
 -1       242 5.94911E+01
 -1       243 5.77668E+01
 -1       244 5.77668E+01
 -1       245 5.95610E+01
 -1       246 5.87392E+01
 -1       247 5.87624E+01
 -1       248 5.68122E+01
 -1       249 5.68122E+01
 -1       250 5.69942E+01
 -1       251 5.61923E+01
 -1       252 5.63783E+01
 -1       253 5.68842E+01
 -1       254 5.77176E+01
 -1       255 5.79569E+01
 -1       256 5.98269E+01
 -1       257 5.84314E+01
 -1       258 5.70641E+01
 -1       259 5.70922E+01
 -1       260 5.70922E+01
 -1       261 5.80916E+01
 -1       262 5.77319E+01
 -1       263 5.81320E+01
 -1       264 5.98912E+01
 -1       265 5.95610E+01
 -1       266 4.22470E+01
 -1       267 5.95196E+01
 -1       268 5.93483E+01
 -1       269 5.85714E+01
 -1       270 5.92308E+01
 -1       271 5.90909E+01
 -1       272 5.90909E+01
 -1       273 5.70359E+01
 -1       274 5.93483E+01
 -1       275 5.91237E+01
 -1       276 5.51636E+01
 -1       277 5.53091E+01
 -1       278 5.83364E+01
 -1       279 5.79205E+01
 -1       280 5.88507E+01
 -1       281 5.89011E+01
 -1       282 5.74464E+01
 -1       283 5.90455E+01
 -1       284 5.95196E+01
 -1       285 5.90455E+01
 -1       286 5.85714E+01
 -1       287 5.85833E+01
 -1       288 5.67455E+01
 -1       289 5.53091E+01
 -1       290 5.74144E+01
 -1       291 5.68227E+01
 -1       292 5.87300E+01
 -1       293 5.68227E+01
 -1       294 5.91237E+01
 -1       295 5.91073E+01
 -1       296 5.87300E+01
 -1       297 5.92196E+01
 -1       298 5.92196E+01
 -1       299 5.92360E+01
 -1       300 5.92196E+01
 -1       301 5.76471E+01
 -1       302 5.93483E+01
 -1       303 5.55547E+01
 -1       304 5.49731E+01
 -1       305 5.72559E+01
 -1       306 5.59093E+01
 -1       307 5.73560E+01
 -1       308 5.60997E+01
 -1       309 5.83835E+01
 -1       310 5.90909E+01
 -1       311 5.80634E+01
 -1       312 5.90909E+01
 -1       313 5.91608E+01
 -1       314 5.90909E+01
 -1       315 5.92308E+01
 -1       316 5.92308E+01
 -1       317 5.91608E+01
 -1       318 5.89011E+01
 -1       319 4.75257E+01
 -1       320 5.74144E+01
 -1       321 5.34277E+01
 -1       322 4.90393E+01
 -1       323 5.30101E+01
 -1       324 5.38214E+01
 -1       325 5.73212E+01
 -1       326 5.31224E+01
 -1       327 5.73212E+01
 -1       328 5.73212E+01
 -1       329 4.42242E+01
 -1       330 5.52288E+01
 -1       331 5.58975E+01
 -1       332 4.51604E+01
 -1       333 5.37991E+01
 -1       334 5.69250E+01
 -1       335 5.88430E+01
 -1       336 5.37991E+01
 -1       337 5.89129E+01
 -1       338 5.89129E+01
 -1       339 5.98912E+01
 -1       340 5.98912E+01
 -1       341 5.33533E+01
 -1       342 5.63386E+01
 -1       343 5.86178E+01
 -1       344 5.70922E+01
 -1       345 4.30570E+01
 -1       346 5.41128E+01
 -1       347 5.75847E+01
 -1       348 5.75847E+01
 -1       349 5.95196E+01
 -1       350 5.85714E+01
 -1       351 5.98269E+01
 -1       352 5.98269E+01
 -1       353 5.60870E+01
 -1       354 5.63386E+01
 -1       355 5.68071E+01
 -1       356 5.75847E+01
 -1       357 4.95432E+01
 -1       358 3.41601E+01
 -1       359 4.95432E+01
 -1       360 5.68071E+01
 -1       361 5.90455E+01
 -1       362 5.95196E+01
 -1       363 5.85714E+01
 -1       364 5.85833E+01
 -1       365 5.83225E+01
 -1       366 5.78484E+01
 -1       367 5.54690E+01
 -1       368 5.35188E+01
 -1       369 5.54690E+01
 -1       370 5.75847E+01
 -1       371 5.75847E+01
 -1       372 5.50114E+01
 -1       373 5.51934E+01
 -1       374 5.48460E+01
 -1       375 5.51934E+01
 -1       376 5.53794E+01
 -1       377 5.63386E+01
 -1       378 5.52535E+01
 -1       379 5.60870E+01
 -1       380 5.62128E+01
 -1       381 5.79569E+01
 -1       382 5.98269E+01
 -1       383 5.79569E+01
 -1       384 5.84595E+01
 -1       385 5.98269E+01
 -1       386 5.98269E+01
 -1       387 5.70922E+01
 -1       388 5.70922E+01
 -1       389 5.84595E+01
 -1       390 5.78550E+01
 -1       391 5.74953E+01
 -1       392 5.78550E+01
 -1       393 5.81320E+01
 -1       394 5.98912E+01
 -1       395 5.92545E+01
 -1       396 5.98912E+01
 -1       397 4.25772E+01
 -1       398 5.98912E+01
 -1       399 5.70020E+01
 -1       400 3.96880E+01
 -1       401 4.85849E+01
 -1       402 4.65478E+01
 -1       403 5.64365E+01
 -1       404 5.85522E+01
 -1       405 5.85522E+01
 -1       406 5.24288E+01
 -1       407 4.80404E+01
 -1       408 5.16176E+01
 -1       409 5.24288E+01
 -1       410 5.56905E+01
 -1       411 5.14918E+01
 -1       412 5.75605E+01
 -1       413 5.75605E+01
 -1       414 5.75605E+01
 -1       415 4.65559E+01
 -1       416 5.59256E+01
 -1       417 4.51885E+01
 -1       418 5.35625E+01
 -1       419 5.66884E+01
 -1       420 5.92432E+01
 -1       421 5.41992E+01
 -1       422 5.92432E+01
 -1       423 5.92432E+01
 -1       424 5.63540E+01
 -1       425 5.63421E+01
 -1       426 5.77745E+01
 -1       427 5.73004E+01
 -1       428 5.50711E+01
 -1       429 5.68071E+01
 -1       430 2.08712E+01
 -1       431 2.30474E+01
 -1       432 2.29879E+01
 -1       433 2.30908E+01
 -1       434 4.37355E+01
 -1       435 2.08712E+01
 -1       436 1.96593E+01
 -1       437 2.29879E+01
 -1       438 2.30908E+01
 -1       439 2.31343E+01
 -1       440 2.31343E+01
 -1       441 2.31343E+01
 -1       442 2.30908E+01
 -1       443 2.30908E+01
 -1       444 1.83685E+01
 -1       445 1.80781E+01
 -1       446 2.44057E+01
 -1       447 2.31047E+01
 -1       448 2.94827E+01
 -1       449 3.29918E+01
 -1       450 3.50872E+01
 -1       451 3.94708E+01
 -1       452 3.94708E+01
 -1       453 4.59507E+01
 -1       454 4.27107E+01
 -1       455 5.24744E+01
 -1       456 5.43281E+01
 -1       457 4.73301E+01
 -1       458 5.27225E+01
 -1       459 5.27225E+01
 -1       460 5.22226E+01
 -1       461 3.89967E+01
 -1       462 3.84763E+01
 -1       463 3.56841E+01
 -1       464 3.04842E+01
 -1       465 3.83555E+01
 -1       466 2.50333E+01
 -1       467 4.37355E+01
 -1       468 4.37355E+01
 -1       469 4.54470E+01
 -1       470 4.87095E+01
 -1       471 4.04380E+01
 -1       472 4.28786E+01
 -1       473 4.96581E+01
 -1       474 2.42052E+01
 -1       475 3.90851E+01
 -1       476 2.13305E+01
 -1       477 4.87095E+01
 -1       478 2.39454E+01
 -1       479 1.86284E+01
 -1       480 2.83935E+01
 -1       481 3.34201E+01
 -1       482 3.39704E+01
 -1       483 3.67912E+01
 -1       484 3.32821E+01
 -1       485 3.35419E+01
 -1       486 3.04006E+01
 -1       487 2.60171E+01
 -1       488 3.21046E+01
 -1       489 3.99544E+01
 -1       490 3.99544E+01
 -1       491 3.08842E+01
 -1       492 4.73301E+01
 -1       493 4.40902E+01
 -1       494 4.45737E+01
 -1       495 4.91838E+01
 -1       496 4.73301E+01
 -1       497 4.87095E+01
 -1       498 4.80525E+01
 -1       499 4.96581E+01
 -1       500 4.91838E+01
 -1       501 4.75525E+01
 -1       502 4.49267E+01
 -1       503 4.54470E+01
 -1       504 4.75525E+01
 -1       505 3.97268E+01
 -1       506 3.10949E+01
 -1       507 3.65458E+01
 -1       508 4.22661E+01
 -1       509 4.14103E+01
 -1       510 4.45913E+01
 -1       511 4.45913E+01
 -1       512 4.37355E+01
 -1       513 4.33071E+01
 -1       514 4.33071E+01
 -1       515 4.66968E+01
 -1       516 4.20868E+01
 -1       517 4.45737E+01
 -1       518 4.62225E+01
 -1       519 4.16583E+01
 -1       520 4.37355E+01
 -1       521 3.90851E+01
 -1       522 4.54470E+01
 -1       523 4.96581E+01
 -1       524 3.94708E+01
 -1       525 3.52806E+01
 -1       526 5.89982E+01
 -1       527 2.42052E+01
 -1       528 2.28024E+01
 -1       529 3.52800E+01
 -1       530 4.40885E+01
 -1       531 1.86284E+01
 -1       532 2.46655E+01
 -1       533 3.10949E+01
 -1       534 2.60683E+01
 -1       535 3.16452E+01
 -1       536 3.02032E+01
 -1       537 3.52803E+01
 -1       538 2.97429E+01
 -1       539 3.52800E+01
 -1       540 3.73754E+01
 -1       541 3.52803E+01
 -1       542 3.94708E+01
 -1       543 4.27107E+01
 -1       544 3.73754E+01
 -1       545 4.50196E+01
 -1       546 4.63990E+01
 -1       547 4.17796E+01
 -1       548 4.91838E+01
 -1       549 5.43281E+01
 -1       550 4.68733E+01
 -1       551 5.89982E+01
 -1       552 5.89982E+01
 -1       553 5.43281E+01
 -1       554 4.57723E+01
 -1       555 3.89967E+01
 -1       556 3.88759E+01
 -1       557 5.22226E+01
 -1       558 3.62045E+01
 -1       559 2.48822E+01
 -1       560 2.29535E+01
 -1       561 3.41247E+01
 -1       562 3.09438E+01
 -1       563 4.14103E+01
 -1       564 4.22661E+01
 -1       565 4.45913E+01
 -1       566 3.95081E+01
 -1       567 3.71828E+01
 -1       568 5.13669E+01
 -1       569 4.66968E+01
 -1       570 4.45644E+01
 -1       571 4.16032E+01
 -1       572 3.73757E+01
 -1       573 5.91237E+01
 -1       574 5.99401E+01
 -1       575 5.82476E+01
 -1       576 5.72164E+01
 -1       577 5.91237E+01
 -1       578 5.95319E+01
 -1       579 5.91237E+01
 -1       580 5.95876E+01
 -1       581 5.77176E+01
 -1       582 5.95876E+01
 -1       583 5.77176E+01
 -1       584 5.93483E+01
 -1       585 5.98269E+01
 -1       586 5.98269E+01
 -1       587 5.95876E+01
 -1       588 5.95876E+01
 -1       589 5.95876E+01
 -1       590 5.70641E+01
 -1       591 5.70641E+01
 -1       592 5.70922E+01
 -1       593 5.84595E+01
 -1       594 5.84314E+01
 -1       595 5.73375E+01
 -1       596 5.73375E+01
 -1       597 5.77311E+01
 -1       598 5.87300E+01
 -1       599 5.77311E+01
 -1       600 5.98912E+01
 -1       601 5.98912E+01
 -1       602 5.94911E+01
 -1       603 5.94911E+01
 -1       604 5.94911E+01
 -1       605 5.66718E+01
 -1       606 5.61802E+01
 -1       607 5.84095E+01
 -1       608 5.63421E+01
 -1       609 5.89011E+01
 -1       610 5.93483E+01
 -1       611 5.66718E+01
 -1       612 5.92308E+01
 -1       613 5.83364E+01
 -1       614 5.73375E+01
 -1       615 5.70359E+01
 -1       616 5.84314E+01
 -1       617 5.74952E+01
 -1       618 5.74952E+01
 -1       619 5.95610E+01
 -1       620 5.91608E+01
 -1       621 5.95610E+01
 -1       622 5.81394E+01
 -1       623 5.91382E+01
 -1       624 5.60997E+01
 -1       625 5.71385E+01
 -1       626 5.76864E+01
 -1       627 5.84095E+01
 -1       628 5.06523E+01
 -1       629 5.71385E+01
 -1       630 5.61802E+01
 -1       631 5.90909E+01
 -1       632 5.90909E+01
 -1       633 5.90909E+01
 -1       634 5.84095E+01
 -1       635 5.82476E+01
 -1       636 5.84095E+01
 -1       637 5.82476E+01
 -1       638 5.72117E+01
 -1       639 5.76053E+01
 -1       640 5.78269E+01
 -1       641 5.78550E+01
 -1       642 5.92308E+01
 -1       643 5.76969E+01
 -1       644 5.85714E+01
 -1       645 5.92545E+01
 -1       646 5.88544E+01
 -1       647 5.75847E+01
 -1       648 5.75847E+01
 -1       649 5.66467E+01
 -1       650 5.66467E+01
 -1       651 5.99401E+01
 -1       652 5.81394E+01
 -1       653 5.58449E+01
 -1       654 5.91382E+01
 -1       655 5.83835E+01
 -1       656 5.74372E+01
 -1       657 5.92308E+01
 -1       658 5.83916E+01
 -1       659 5.97299E+01
 -1       660 5.87624E+01
 -1       661 5.97299E+01
 -1       662 5.92360E+01
 -1       663 5.92196E+01
 -1       664 5.92196E+01
 -1       665 5.80634E+01
 -1       666 5.88544E+01
 -1       667 5.88544E+01
 -1       668 5.94589E+01
 -1       669 5.73841E+01
 -1       670 5.87136E+01
 -1       671 5.78864E+01
 -1       672 5.70359E+01
 -1       673 5.60997E+01
 -1       674 5.64909E+01
 -1       675 5.87300E+01
 -1       676 5.95319E+01
 -1       677 5.95319E+01
 -1       678 5.43312E+01
 -1       679 5.72845E+01
 -1       680 5.66467E+01
 -1       681 5.91237E+01
 -1       682 5.95196E+01
 -1       683 5.97299E+01
 -1       684 5.76246E+01
 -1       685 5.99401E+01
 -1       686 5.87624E+01
 -1       687 5.99401E+01
 -1       688 5.90610E+01
 -1       689 5.76246E+01
 -1       690 5.79162E+01
 -1       691 5.79162E+01
 -1       692 5.79162E+01
 -1       693 5.82147E+01
 -1       694 5.71385E+01
 -1       695 5.88836E+01
 -1       696 5.90610E+01
 -1       697 5.82147E+01
 -1       698 5.87624E+01
 -1       699 5.90938E+01
 -1       700 5.88836E+01
 -1       701 5.84095E+01
 -1       702 5.91237E+01
 -1       703 5.87300E+01
 -1       704 2.31343E+01
 -1       705 2.31343E+01
 -1       706 2.31343E+01
 -1       707 2.30908E+01
 -1       708 2.29879E+01
 -1       709 3.13343E+01
 -1       710 3.96919E+01
 -1       711 5.89982E+01
 -1       712 5.89982E+01
 -1       713 5.43281E+01
 -1       714 5.89982E+01
 -1       715 5.89982E+01
 -1       716 4.87095E+01
 -1       717 4.91838E+01
 -1       718 4.42007E+01
 -1       719 4.46750E+01
 -1       720 4.42007E+01
 -1       721 4.28213E+01
 -1       722 2.42052E+01
 -1       723 2.46655E+01
 -1       724 2.82300E+01
 -1       725 2.77697E+01
 -1       726 2.77697E+01
 -1       727 4.96581E+01
 -1       728 4.46750E+01
 -1       729 5.43281E+01
 -1       730 5.43281E+01
 -1       731 5.27225E+01
 -1       732 4.93451E+01
 -1       733 4.87095E+01
 -1       734 4.91838E+01
 -1       735 4.63990E+01
 -1       736 2.83052E+01
 -1       737 3.90793E+01
 -1       738 3.78590E+01
 -1       739 4.40902E+01
 -1       740 3.90851E+01
 -1       741 3.10949E+01
 -1       742 3.09438E+01
 -1       743 3.73754E+01
 -1       744 5.43281E+01
 -1       745 4.20868E+01
 -1       746 4.62225E+01
 -1       747 4.33071E+01
 -1       748 4.40902E+01
 -1       749 3.78593E+01
 -1       750 3.90796E+01
 -1       751 4.37355E+01
 -1       752 3.99544E+01
 -1       753 4.09819E+01
 -1       754 4.14103E+01
 -1       755 1.86284E+01
 -1       756 3.29918E+01
 -1       757 4.73301E+01
 -1       758 3.30235E+01
 -1       759 3.39704E+01
 -1       760 2.83935E+01
 -1       761 2.75099E+01
 -1       762 3.34201E+01
 -1       763 3.94708E+01
 -1       764 4.96581E+01
 -1       765 3.94708E+01
 -1       766 3.33074E+01
 -1       767 4.22661E+01
 -1       768 4.49267E+01
 -1       769 3.90793E+01
 -1       770 4.22661E+01
 -1       771 4.45913E+01
 -1       772 4.66968E+01
 -1       773 4.54470E+01
 -1       774 4.54470E+01
 -1       775 3.97268E+01
 -1       776 4.75525E+01
 -1       777 5.22226E+01
 -1       778 3.71064E+01
 -1       779 3.33071E+01
 -1       780 3.75349E+01
 -1       781 3.52097E+01
 -1       782 5.43281E+01
 -3
 9999
