    1C
    1UUSER                                                              
    1UDATE              05.september.2026                               
    1UTIME              11:50:20                                        
    1UHOST                                                              
    1UPGM               CalculiX                                        
    1UVERSION           Version 2.18                             
    1UCOMPILETIME       Thu Oct 14 16:21:20 EEST 2021                    
    1UDIR                                                               
    1UDBN                                                               
    1UMAT    1FEMPART002_MATERIAL                                       
    2C                           782                                     1
 -1         1-5.00000E-15 5.00000E+00 2.12000E+02
 -1         2-5.00000E-15-5.00000E+00 2.12000E+02
 -1         3-2.00000E-15 5.00000E+00 2.00000E+02
 -1         4-2.00000E-15-5.00000E+00 2.00000E+02
 -1         5-5.00000E+00-3.00000E+00 1.80000E+02
 -1         6-5.00000E+00-3.00000E+00 4.80000E+01
 -1         7-5.00000E+00 3.00000E+00 1.80000E+02
 -1         8-5.00000E+00 3.00000E+00 4.80000E+01
 -1         9 5.00000E+00-3.00000E+00 1.80000E+02
 -1        10 5.00000E+00-3.00000E+00 4.80000E+01
 -1        11 5.00000E+00 3.00000E+00 1.80000E+02
 -1        12 5.00000E+00 3.00000E+00 4.80000E+01
 -1        13-7.00000E-15 5.00000E+00 7.60000E+01
 -1        14-7.00000E-15-5.00000E+00 7.60000E+01
 -1        15 1.00000E+01 5.00000E+00 2.09321E+02
 -1        16 1.73205E+01 5.00000E+00 2.02000E+02
 -1        17 2.00000E+01 5.00000E+00 1.92000E+02
 -1        18 1.73205E+01 5.00000E+00 1.82000E+02
 -1        19 1.00000E+01 5.00000E+00 1.74679E+02
 -1        20-1.13014E-13 5.00000E+00 1.72000E+02
 -1        21-1.00000E+01 5.00000E+00 1.74679E+02
 -1        22-1.73205E+01 5.00000E+00 1.82000E+02
 -1        23-2.00000E+01 5.00000E+00 1.92000E+02
 -1        24-1.73205E+01 5.00000E+00 2.02000E+02
 -1        25-1.00000E+01 5.00000E+00 2.09321E+02
 -1        26 5.17638E+00 5.00000E+00 2.11319E+02
 -1        27 1.41421E+01 5.00000E+00 2.06142E+02
 -1        28 1.93185E+01 5.00000E+00 1.97176E+02
 -1        29 1.93185E+01 5.00000E+00 1.86824E+02
 -1        30 1.41421E+01 5.00000E+00 1.77858E+02
 -1        31 5.17638E+00 5.00000E+00 1.72681E+02
 -1        32-5.17638E+00 5.00000E+00 1.72681E+02
 -1        33-1.41421E+01 5.00000E+00 1.77858E+02
 -1        34-1.93185E+01 5.00000E+00 1.86824E+02
 -1        35-1.93185E+01 5.00000E+00 1.97176E+02
 -1        36-1.41421E+01 5.00000E+00 2.06142E+02
 -1        37-5.17638E+00 5.00000E+00 2.11319E+02
 -1        38-4.90000E-15 0.00000E+00 2.12000E+02
 -1        39 1.00000E+01-5.00000E+00 2.09321E+02
 -1        40 1.73205E+01-5.00000E+00 2.02000E+02
 -1        41 2.00000E+01-5.00000E+00 1.92000E+02
 -1        42 1.73205E+01-5.00000E+00 1.82000E+02
 -1        43 1.00000E+01-5.00000E+00 1.74679E+02
 -1        44-1.13014E-13-5.00000E+00 1.72000E+02
 -1        45-1.00000E+01-5.00000E+00 1.74679E+02
 -1        46-1.73205E+01-5.00000E+00 1.82000E+02
 -1        47-2.00000E+01-5.00000E+00 1.92000E+02
 -1        48-1.73205E+01-5.00000E+00 2.02000E+02
 -1        49-1.00000E+01-5.00000E+00 2.09321E+02
 -1        50 5.17638E+00-5.00000E+00 2.11319E+02
 -1        51 1.41421E+01-5.00000E+00 2.06142E+02
 -1        52 1.93185E+01-5.00000E+00 1.97176E+02
 -1        53 1.93185E+01-5.00000E+00 1.86824E+02
 -1        54 1.41421E+01-5.00000E+00 1.77858E+02
 -1        55 5.17638E+00-5.00000E+00 1.72681E+02
 -1        56-5.17638E+00-5.00000E+00 1.72681E+02
 -1        57-1.41421E+01-5.00000E+00 1.77858E+02
 -1        58-1.93185E+01-5.00000E+00 1.86824E+02
 -1        59-1.93185E+01-5.00000E+00 1.97176E+02
 -1        60-1.41421E+01-5.00000E+00 2.06142E+02
 -1        61-5.17638E+00-5.00000E+00 2.11319E+02
 -1        62 4.00000E+00 5.00000E+00 1.98928E+02
 -1        63 6.92820E+00 5.00000E+00 1.96000E+02
 -1        64 8.00000E+00 5.00000E+00 1.92000E+02
 -1        65 6.92820E+00 5.00000E+00 1.88000E+02
 -1        66 4.00000E+00 5.00000E+00 1.85072E+02
 -1        67-4.52056E-14 5.00000E+00 1.84000E+02
 -1        68-4.00000E+00 5.00000E+00 1.85072E+02
 -1        69-6.92820E+00 5.00000E+00 1.88000E+02
 -1        70-8.00000E+00 5.00000E+00 1.92000E+02
 -1        71-6.92820E+00 5.00000E+00 1.96000E+02
 -1        72-4.00000E+00 5.00000E+00 1.98928E+02
 -1        73 2.07055E+00 5.00000E+00 1.99727E+02
 -1        74 5.65685E+00 5.00000E+00 1.97657E+02
 -1        75 7.72741E+00 5.00000E+00 1.94071E+02
 -1        76 7.72741E+00 5.00000E+00 1.89929E+02
 -1        77 5.65685E+00 5.00000E+00 1.86343E+02
 -1        78 2.07055E+00 5.00000E+00 1.84273E+02
 -1        79-2.07055E+00 5.00000E+00 1.84273E+02
 -1        80-5.65685E+00 5.00000E+00 1.86343E+02
 -1        81-7.72741E+00 5.00000E+00 1.89929E+02
 -1        82-7.72741E+00 5.00000E+00 1.94071E+02
 -1        83-5.65685E+00 5.00000E+00 1.97657E+02
 -1        84-2.07055E+00 5.00000E+00 1.99727E+02
 -1        85 4.00000E+00-5.00000E+00 1.98928E+02
 -1        86 6.92820E+00-5.00000E+00 1.96000E+02
 -1        87 8.00000E+00-5.00000E+00 1.92000E+02
 -1        88 6.92820E+00-5.00000E+00 1.88000E+02
 -1        89 4.00000E+00-5.00000E+00 1.85072E+02
 -1        90-4.52056E-14-5.00000E+00 1.84000E+02
 -1        91-4.00000E+00-5.00000E+00 1.85072E+02
 -1        92-6.92820E+00-5.00000E+00 1.88000E+02
 -1        93-8.00000E+00-5.00000E+00 1.92000E+02
 -1        94-6.92820E+00-5.00000E+00 1.96000E+02
 -1        95-4.00000E+00-5.00000E+00 1.98928E+02
 -1        96 2.07055E+00-5.00000E+00 1.99727E+02
 -1        97 5.65685E+00-5.00000E+00 1.97657E+02
 -1        98 7.72741E+00-5.00000E+00 1.94071E+02
 -1        99 7.72741E+00-5.00000E+00 1.89929E+02
 -1       100 5.65685E+00-5.00000E+00 1.86343E+02
 -1       101 2.07055E+00-5.00000E+00 1.84273E+02
 -1       102-2.07055E+00-5.00000E+00 1.84273E+02
 -1       103-5.65685E+00-5.00000E+00 1.86343E+02
 -1       104-7.72741E+00-5.00000E+00 1.89929E+02
 -1       105-7.72741E+00-5.00000E+00 1.94071E+02
 -1       106-5.65685E+00-5.00000E+00 1.97657E+02
 -1       107-2.07055E+00-5.00000E+00 1.99727E+02
 -1       108-1.96000E-15-1.66667E+00 2.00000E+02
 -1       109-1.96000E-15 1.66667E+00 2.00000E+02
 -1       110-1.96000E-15-3.33333E+00 2.00000E+02
 -1       111-1.96000E-15 8.88178E-16 2.00000E+02
 -1       112-1.96000E-15 3.33333E+00 2.00000E+02
 -1       113-5.00000E+00-3.00000E+00 1.14000E+02
 -1       114-5.00000E+00 0.00000E+00 1.80000E+02
 -1       115-5.00000E+00 3.00000E+00 1.14000E+02
 -1       116-5.00000E+00 0.00000E+00 4.80000E+01
 -1       117 5.00000E+00-3.00000E+00 1.14000E+02
 -1       118 5.00000E+00 0.00000E+00 1.80000E+02
 -1       119 5.00000E+00 3.00000E+00 1.14000E+02
 -1       120 5.00000E+00 0.00000E+00 4.80000E+01
 -1       121 0.00000E+00-3.00000E+00 4.80000E+01
 -1       122 0.00000E+00-3.00000E+00 1.80000E+02
 -1       123 0.00000E+00 3.00000E+00 4.80000E+01
 -1       124 0.00000E+00 3.00000E+00 1.80000E+02
 -1       125 1.40000E+01 5.00000E+00 7.22487E+01
 -1       126 2.42487E+01 5.00000E+00 6.20000E+01
 -1       127 2.80000E+01 5.00000E+00 4.80000E+01
 -1       128 2.42487E+01 5.00000E+00 3.40000E+01
 -1       129 1.40000E+01 5.00000E+00 2.37513E+01
 -1       130-1.70654E-13 5.00000E+00 2.00000E+01
 -1       131-1.40000E+01 5.00000E+00 2.37513E+01
 -1       132-2.42487E+01 5.00000E+00 3.40000E+01
 -1       133-2.80000E+01 5.00000E+00 4.80000E+01
 -1       134-2.42487E+01 5.00000E+00 6.20000E+01
 -1       135-1.40000E+01 5.00000E+00 7.22487E+01
 -1       136 7.24693E+00 5.00000E+00 7.50459E+01
 -1       137 1.97990E+01 5.00000E+00 6.77990E+01
 -1       138 2.70459E+01 5.00000E+00 5.52469E+01
 -1       139 2.70459E+01 5.00000E+00 4.07531E+01
 -1       140 1.97990E+01 5.00000E+00 2.82010E+01
 -1       141 7.24693E+00 5.00000E+00 2.09541E+01
 -1       142-7.24693E+00 5.00000E+00 2.09541E+01
 -1       143-1.97990E+01 5.00000E+00 2.82010E+01
 -1       144-2.70459E+01 5.00000E+00 4.07531E+01
 -1       145-2.70459E+01 5.00000E+00 5.52469E+01
 -1       146-1.97990E+01 5.00000E+00 6.77990E+01
 -1       147-7.24693E+00 5.00000E+00 7.50459E+01
 -1       148-6.86000E-15 0.00000E+00 7.60000E+01
 -1       149 1.40000E+01-5.00000E+00 7.22487E+01
 -1       150 2.42487E+01-5.00000E+00 6.20000E+01
 -1       151 2.80000E+01-5.00000E+00 4.80000E+01
 -1       152 2.42487E+01-5.00000E+00 3.40000E+01
 -1       153 1.40000E+01-5.00000E+00 2.37513E+01
 -1       154-1.70654E-13-5.00000E+00 2.00000E+01
 -1       155-1.40000E+01-5.00000E+00 2.37513E+01
 -1       156-2.42487E+01-5.00000E+00 3.40000E+01
 -1       157-2.80000E+01-5.00000E+00 4.80000E+01
 -1       158-2.42487E+01-5.00000E+00 6.20000E+01
 -1       159-1.40000E+01-5.00000E+00 7.22487E+01
 -1       160 7.24693E+00-5.00000E+00 7.50459E+01
 -1       161 1.97990E+01-5.00000E+00 6.77990E+01
 -1       162 2.70459E+01-5.00000E+00 5.52469E+01
 -1       163 2.70459E+01-5.00000E+00 4.07531E+01
 -1       164 1.97990E+01-5.00000E+00 2.82010E+01
 -1       165 7.24693E+00-5.00000E+00 2.09541E+01
 -1       166-7.24693E+00-5.00000E+00 2.09541E+01
 -1       167-1.97990E+01-5.00000E+00 2.82010E+01
 -1       168-2.70459E+01-5.00000E+00 4.07531E+01
 -1       169-2.70459E+01-5.00000E+00 5.52469E+01
 -1       170-1.97990E+01-5.00000E+00 6.77990E+01
 -1       171-7.24693E+00-5.00000E+00 7.50459E+01
 -1       172 5.17638E+00 0.00000E+00 2.11319E+02
 -1       173-5.17638E+00 0.00000E+00 2.11319E+02
 -1       174 1.00000E+01 0.00000E+00 2.09321E+02
 -1       175-1.00000E+01 0.00000E+00 2.09321E+02
 -1       176 1.41421E+01 0.00000E+00 2.06142E+02
 -1       177 1.93185E+01 0.00000E+00 1.97176E+02
 -1       178 2.00000E+01 0.00000E+00 1.92000E+02
 -1       179 1.73205E+01 0.00000E+00 2.02000E+02
 -1       180 1.93185E+01 0.00000E+00 1.86824E+02
 -1       181 1.73205E+01 0.00000E+00 1.82000E+02
 -1       182 1.41421E+01 0.00000E+00 1.77858E+02
 -1       183 1.00000E+01 0.00000E+00 1.74679E+02
 -1       184 5.17638E+00 0.00000E+00 1.72681E+02
 -1       185-5.17638E+00 0.00000E+00 1.72681E+02
 -1       186-1.13014E-13 0.00000E+00 1.72000E+02
 -1       187-1.41421E+01 0.00000E+00 1.77858E+02
 -1       188-1.73205E+01 0.00000E+00 1.82000E+02
 -1       189-1.00000E+01 0.00000E+00 1.74679E+02
 -1       190-1.93185E+01 0.00000E+00 1.86824E+02
 -1       191-1.93185E+01 0.00000E+00 1.97176E+02
 -1       192-1.73205E+01 0.00000E+00 2.02000E+02
 -1       193-2.00000E+01 0.00000E+00 1.92000E+02
 -1       194-1.41421E+01 0.00000E+00 2.06142E+02
 -1       195 3.41624E+00 5.00000E+00 2.04750E+02
 -1       196 9.33333E+00 5.00000E+00 1.82667E+02
 -1       197-3.47208E+00 5.00000E+00 2.04541E+02
 -1       198-9.28680E+00 5.00000E+00 2.01090E+02
 -1       199-1.27496E+01 5.00000E+00 1.88584E+02
 -1       200-1.23808E+01 5.00000E+00 1.95279E+02
 -1       201-9.12493E+00 5.00000E+00 1.82723E+02
 -1       202 3.26367E+00 5.00000E+00 1.79403E+02
 -1       203 1.25970E+01 5.00000E+00 1.88736E+02
 -1       204-3.31021E+00 5.00000E+00 1.79646E+02
 -1       205 9.27749E+00 5.00000E+00 2.01125E+02
 -1       206 1.23539E+01 5.00000E+00 1.95310E+02
 -1       207 6.70812E+00 5.00000E+00 2.07035E+02
 -1       208 1.70812E+00 5.00000E+00 2.08375E+02
 -1       209-1.73604E+00 5.00000E+00 2.08271E+02
 -1       210-6.73604E+00 5.00000E+00 2.06931E+02
 -1       211-2.79210E-02 5.00000E+00 2.04645E+02
 -1       212 1.70812E+00 5.00000E+00 2.02375E+02
 -1       213 3.70812E+00 5.00000E+00 2.01839E+02
 -1       214-3.73604E+00 5.00000E+00 2.01735E+02
 -1       215-1.73604E+00 5.00000E+00 2.02271E+02
 -1       216 1.32990E+01 5.00000E+00 2.01562E+02
 -1       217 9.63875E+00 5.00000E+00 2.05223E+02
 -1       218 6.34686E+00 5.00000E+00 2.02937E+02
 -1       219 1.61769E+01 5.00000E+00 1.93655E+02
 -1       220 1.48372E+01 5.00000E+00 1.98655E+02
 -1       221 1.08157E+01 5.00000E+00 1.98218E+02
 -1       222 1.49588E+01 5.00000E+00 1.85368E+02
 -1       223 1.62985E+01 5.00000E+00 1.90368E+02
 -1       224 1.24754E+01 5.00000E+00 1.92023E+02
 -1       225 9.66667E+00 5.00000E+00 1.78673E+02
 -1       226 1.33269E+01 5.00000E+00 1.82333E+02
 -1       227 1.09652E+01 5.00000E+00 1.85701E+02
 -1       228 1.63184E+00 5.00000E+00 1.75701E+02
 -1       229 6.63184E+00 5.00000E+00 1.77041E+02
 -1       230 6.29850E+00 5.00000E+00 1.81035E+02
 -1       231-6.65510E+00 5.00000E+00 1.77163E+02
 -1       232-1.65510E+00 5.00000E+00 1.75823E+02
 -1       233-2.32675E-02 5.00000E+00 1.79525E+02
 -1       234-1.32227E+01 5.00000E+00 1.82361E+02
 -1       235-9.56246E+00 5.00000E+00 1.78701E+02
 -1       236-6.21757E+00 5.00000E+00 1.81184E+02
 -1       237-1.63748E+01 5.00000E+00 1.90292E+02
 -1       238-1.50350E+01 5.00000E+00 1.85292E+02
 -1       239-1.09372E+01 5.00000E+00 1.85653E+02
 -1       240-1.48507E+01 5.00000E+00 1.98639E+02
 -1       241-1.61904E+01 5.00000E+00 1.93639E+02
 -1       242-1.25652E+01 5.00000E+00 1.91931E+02
 -1       243-9.64340E+00 5.00000E+00 2.05205E+02
 -1       244-1.33037E+01 5.00000E+00 2.01545E+02
 -1       245-1.08338E+01 5.00000E+00 1.98185E+02
 -1       246-6.37944E+00 5.00000E+00 2.02816E+02
 -1       247 6.63875E+00 5.00000E+00 2.00027E+02
 -1       248 8.10285E+00 5.00000E+00 1.98562E+02
 -1       249 9.64104E+00 5.00000E+00 1.95655E+02
 -1       250 1.01769E+01 5.00000E+00 1.93655E+02
 -1       251 1.02985E+01 5.00000E+00 1.90368E+02
 -1       252 9.76261E+00 5.00000E+00 1.88368E+02
 -1       253 8.13077E+00 5.00000E+00 1.85333E+02
 -1       254 6.66667E+00 5.00000E+00 1.83869E+02
 -1       255 3.63184E+00 5.00000E+00 1.82237E+02
 -1       256 1.63184E+00 5.00000E+00 1.81701E+02
 -1       257-1.65510E+00 5.00000E+00 1.81823E+02
 -1       258-3.65510E+00 5.00000E+00 1.82359E+02
 -1       259-6.56246E+00 5.00000E+00 1.83897E+02
 -1       260-8.02657E+00 5.00000E+00 1.85361E+02
 -1       261-9.83889E+00 5.00000E+00 1.88292E+02
 -1       262-1.03748E+01 5.00000E+00 1.90292E+02
 -1       263-1.01904E+01 5.00000E+00 1.93639E+02
 -1       264-9.65452E+00 5.00000E+00 1.95639E+02
 -1       265-8.10750E+00 5.00000E+00 1.98545E+02
 -1       266-6.64340E+00 5.00000E+00 2.00009E+02
 -1       267 3.41624E+00-5.00000E+00 2.04750E+02
 -1       268 9.33333E+00-5.00000E+00 1.82667E+02
 -1       269-3.47208E+00-5.00000E+00 2.04541E+02
 -1       270-9.28680E+00-5.00000E+00 2.01090E+02
 -1       271-1.27496E+01-5.00000E+00 1.88584E+02
 -1       272-1.23808E+01-5.00000E+00 1.95279E+02
 -1       273-9.12493E+00-5.00000E+00 1.82723E+02
 -1       274 3.26367E+00-5.00000E+00 1.79403E+02
 -1       275 1.25970E+01-5.00000E+00 1.88736E+02
 -1       276-3.31021E+00-5.00000E+00 1.79646E+02
 -1       277 9.27749E+00-5.00000E+00 2.01125E+02
 -1       278 1.23539E+01-5.00000E+00 1.95310E+02
 -1       279 1.70812E+00-5.00000E+00 2.08375E+02
 -1       280 6.70812E+00-5.00000E+00 2.07035E+02
 -1       281-6.73604E+00-5.00000E+00 2.06931E+02
 -1       282-1.73604E+00-5.00000E+00 2.08271E+02
 -1       283-2.79210E-02-5.00000E+00 2.04645E+02
 -1       284 3.70812E+00-5.00000E+00 2.01839E+02
 -1       285 1.70812E+00-5.00000E+00 2.02375E+02
 -1       286-1.73604E+00-5.00000E+00 2.02271E+02
 -1       287-3.73604E+00-5.00000E+00 2.01735E+02
 -1       288 9.63875E+00-5.00000E+00 2.05223E+02
 -1       289 1.32990E+01-5.00000E+00 2.01562E+02
 -1       290 6.34686E+00-5.00000E+00 2.02937E+02
 -1       291 1.48372E+01-5.00000E+00 1.98655E+02
 -1       292 1.61769E+01-5.00000E+00 1.93655E+02
 -1       293 1.08157E+01-5.00000E+00 1.98218E+02
 -1       294 1.62985E+01-5.00000E+00 1.90368E+02
 -1       295 1.49588E+01-5.00000E+00 1.85368E+02
 -1       296 1.24754E+01-5.00000E+00 1.92023E+02
 -1       297 1.33269E+01-5.00000E+00 1.82333E+02
 -1       298 9.66667E+00-5.00000E+00 1.78673E+02
 -1       299 1.09652E+01-5.00000E+00 1.85701E+02
 -1       300 6.63184E+00-5.00000E+00 1.77041E+02
 -1       301 1.63184E+00-5.00000E+00 1.75701E+02
 -1       302 6.29850E+00-5.00000E+00 1.81035E+02
 -1       303-1.65510E+00-5.00000E+00 1.75823E+02
 -1       304-6.65510E+00-5.00000E+00 1.77163E+02
 -1       305-2.32675E-02-5.00000E+00 1.79525E+02
 -1       306-9.56246E+00-5.00000E+00 1.78701E+02
 -1       307-1.32227E+01-5.00000E+00 1.82361E+02
 -1       308-6.21757E+00-5.00000E+00 1.81184E+02
 -1       309-1.50350E+01-5.00000E+00 1.85292E+02
 -1       310-1.63748E+01-5.00000E+00 1.90292E+02
 -1       311-1.09372E+01-5.00000E+00 1.85653E+02
 -1       312-1.61904E+01-5.00000E+00 1.93639E+02
 -1       313-1.48507E+01-5.00000E+00 1.98639E+02
 -1       314-1.25652E+01-5.00000E+00 1.91931E+02
 -1       315-1.33037E+01-5.00000E+00 2.01545E+02
 -1       316-9.64340E+00-5.00000E+00 2.05205E+02
 -1       317-1.08338E+01-5.00000E+00 1.98185E+02
 -1       318-6.37944E+00-5.00000E+00 2.02816E+02
 -1       319 8.10285E+00-5.00000E+00 1.98562E+02
 -1       320 6.63875E+00-5.00000E+00 2.00027E+02
 -1       321 1.01769E+01-5.00000E+00 1.93655E+02
 -1       322 9.64104E+00-5.00000E+00 1.95655E+02
 -1       323 9.76261E+00-5.00000E+00 1.88368E+02
 -1       324 1.02985E+01-5.00000E+00 1.90368E+02
 -1       325 6.66667E+00-5.00000E+00 1.83869E+02
 -1       326 8.13077E+00-5.00000E+00 1.85333E+02
 -1       327 1.63184E+00-5.00000E+00 1.81701E+02
 -1       328 3.63184E+00-5.00000E+00 1.82237E+02
 -1       329-3.65510E+00-5.00000E+00 1.82359E+02
 -1       330-1.65510E+00-5.00000E+00 1.81823E+02
 -1       331-8.02657E+00-5.00000E+00 1.85361E+02
 -1       332-6.56246E+00-5.00000E+00 1.83897E+02
 -1       333-1.03748E+01-5.00000E+00 1.90292E+02
 -1       334-9.83889E+00-5.00000E+00 1.88292E+02
 -1       335-9.65452E+00-5.00000E+00 1.95639E+02
 -1       336-1.01904E+01-5.00000E+00 1.93639E+02
 -1       337-6.64340E+00-5.00000E+00 2.00009E+02
 -1       338-8.10750E+00-5.00000E+00 1.98545E+02
 -1       339-7.75117E+00 4.09069E-04 1.93980E+02
 -1       340-5.90063E+00 8.58439E-03 1.97402E+02
 -1       341 5.90063E+00 8.58439E-03 1.97402E+02
 -1       342 7.75117E+00 4.09069E-04 1.93980E+02
 -1       343-7.72741E+00 0.00000E+00 1.89929E+02
 -1       344-5.65685E+00 0.00000E+00 1.86343E+02
 -1       345-2.07055E+00 3.33333E+00 1.99727E+02
 -1       346-3.33039E+00 3.82036E-01 1.99274E+02
 -1       347 3.33039E+00 3.82036E-01 1.99274E+02
 -1       348 2.07055E+00 3.33333E+00 1.99727E+02
 -1       349 1.81662E+00-2.08377E+00 1.99791E+02
 -1       350-1.81662E+00-2.08377E+00 1.99791E+02
 -1       351-2.07055E+00 0.00000E+00 1.84273E+02
 -1       352 2.07055E+00 0.00000E+00 1.84273E+02
 -1       353 5.65685E+00-8.88178E-16 1.86343E+02
 -1       354 7.72741E+00 0.00000E+00 1.89929E+02
 -1       355 1.04421E+00 4.16667E+00 1.99932E+02
 -1       356 3.06147E+00 4.16667E+00 1.99391E+02
 -1       357-1.04421E+00 4.16667E+00 1.99932E+02
 -1       358-3.06147E+00 4.16667E+00 1.99391E+02
 -1       359-1.04421E+00 2.50000E+00 1.99932E+02
 -1       360 1.04421E+00 2.50000E+00 1.99932E+02
 -1       361 9.14302E-01-3.54188E+00 1.99948E+02
 -1       362 2.94013E+00-3.54188E+00 1.99440E+02
 -1       363-9.14302E-01-3.54188E+00 1.99948E+02
 -1       364-2.94013E+00-3.54188E+00 1.99440E+02
 -1       365 9.14302E-01-1.87522E+00 1.99948E+02
 -1       366-9.14302E-01-1.87522E+00 1.99948E+02
 -1       367 5.00878E+00 2.50429E+00 1.98238E+02
 -1       368 6.45261E+00 2.50429E+00 1.96729E+02
 -1       369 4.70943E+00 1.95310E-01 1.98467E+02
 -1       370 3.66927E+00 2.69102E+00 1.99109E+02
 -1       371 2.70998E+00 1.85768E+00 1.99527E+02
 -1       372 7.40887E+00 2.50020E+00 1.95018E+02
 -1       373 7.93755E+00 2.50020E+00 1.92998E+02
 -1       374 7.03712E+00 4.49673E-03 1.95805E+02
 -1       375 7.93156E+00 2.50000E+00 1.90956E+02
 -1       376 7.39104E+00 2.50000E+00 1.88939E+02
 -1       377 7.99986E+00 2.04534E-04 1.91953E+02
 -1       378 6.34683E+00 2.50000E+00 1.87130E+02
 -1       379 4.87009E+00 2.50000E+00 1.85653E+02
 -1       380 6.92820E+00 0.00000E+00 1.88000E+02
 -1       381 3.06147E+00 2.50000E+00 1.84609E+02
 -1       382 1.04421E+00 2.50000E+00 1.84068E+02
 -1       383 4.00000E+00 0.00000E+00 1.85072E+02
 -1       384-3.06147E+00 2.50000E+00 1.84609E+02
 -1       385-1.04421E+00 2.50000E+00 1.84068E+02
 -1       386-4.16528E-14 0.00000E+00 1.84000E+02
 -1       387-4.87009E+00 2.50000E+00 1.85653E+02
 -1       388-6.34683E+00 2.50000E+00 1.87130E+02
 -1       389-4.00000E+00 0.00000E+00 1.85072E+02
 -1       390-7.39104E+00 2.50000E+00 1.88939E+02
 -1       391-7.93156E+00 2.50000E+00 1.90956E+02
 -1       392-6.92820E+00 0.00000E+00 1.88000E+02
 -1       393-7.93755E+00 2.50020E+00 1.92998E+02
 -1       394-7.40887E+00 2.50020E+00 1.95018E+02
 -1       395-7.99986E+00 2.04534E-04 1.91953E+02
 -1       396-6.45261E+00 2.50429E+00 1.96729E+02
 -1       397-5.00878E+00 2.50429E+00 1.98238E+02
 -1       398-7.03712E+00 4.49673E-03 1.95805E+02
 -1       399-4.70943E+00 1.95310E-01 1.98467E+02
 -1       400-3.66927E+00 2.69102E+00 1.99109E+02
 -1       401-2.70998E+00 1.85768E+00 1.99527E+02
 -1       402 6.45261E+00-2.49571E+00 1.96729E+02
 -1       403 5.00878E+00-2.49571E+00 1.98238E+02
 -1       404 3.66927E+00-2.30898E+00 1.99109E+02
 -1       405 2.58646E+00-8.50865E-01 1.99570E+02
 -1       406 7.93755E+00-2.49980E+00 1.92998E+02
 -1       407 7.40887E+00-2.49980E+00 1.95018E+02
 -1       408 7.39104E+00-2.50000E+00 1.88939E+02
 -1       409 7.93156E+00-2.50000E+00 1.90956E+02
 -1       410 4.87009E+00-2.50000E+00 1.85653E+02
 -1       411 6.34683E+00-2.50000E+00 1.87130E+02
 -1       412 1.04421E+00-2.50000E+00 1.84068E+02
 -1       413 3.06147E+00-2.50000E+00 1.84609E+02
 -1       414-1.04421E+00-2.50000E+00 1.84068E+02
 -1       415-3.06147E+00-2.50000E+00 1.84609E+02
 -1       416-6.34683E+00-2.50000E+00 1.87130E+02
 -1       417-4.87009E+00-2.50000E+00 1.85653E+02
 -1       418-7.93156E+00-2.50000E+00 1.90956E+02
 -1       419-7.39104E+00-2.50000E+00 1.88939E+02
 -1       420-7.40887E+00-2.49980E+00 1.95018E+02
 -1       421-7.93755E+00-2.49980E+00 1.92998E+02
 -1       422-5.00878E+00-2.49571E+00 1.98238E+02
 -1       423-6.45261E+00-2.49571E+00 1.96729E+02
 -1       424-3.66927E+00-2.30898E+00 1.99109E+02
 -1       425-2.58646E+00-8.50865E-01 1.99570E+02
 -1       426 9.14302E-01-2.08549E-01 1.99948E+02
 -1       427-9.14302E-01-2.08549E-01 1.99948E+02
 -1       428-1.70432E+00 1.02435E+00 1.99816E+02
 -1       429 1.70432E+00 1.02435E+00 1.99816E+02
 -1       430-5.00000E+00 0.00000E+00 1.14000E+02
 -1       431 5.00000E+00 0.00000E+00 1.14000E+02
 -1       432 0.00000E+00-3.00000E+00 1.14000E+02
 -1       433 0.00000E+00 3.00000E+00 1.14000E+02
 -1       434 0.00000E+00 0.00000E+00 4.80000E+01
 -1       435-2.50000E+00 1.50000E+00 4.80000E+01
 -1       436-2.50000E+00-1.50000E+00 4.80000E+01
 -1       437 2.50000E+00-1.50000E+00 4.80000E+01
 -1       438 2.50000E+00 1.50000E+00 4.80000E+01
 -1       439 0.00000E+00 0.00000E+00 1.80000E+02
 -1       440-2.50000E+00-1.50000E+00 1.80000E+02
 -1       441-2.50000E+00 1.50000E+00 1.80000E+02
 -1       442 2.50000E+00-1.50000E+00 1.80000E+02
 -1       443 2.50000E+00 1.50000E+00 1.80000E+02
 -1       444 7.24693E+00 0.00000E+00 7.50459E+01
 -1       445-7.24693E+00 0.00000E+00 7.50459E+01
 -1       446 1.40000E+01 0.00000E+00 7.22487E+01
 -1       447-1.40000E+01 0.00000E+00 7.22487E+01
 -1       448 1.97990E+01 0.00000E+00 6.77990E+01
 -1       449 2.42487E+01 0.00000E+00 6.20000E+01
 -1       450 2.70459E+01 0.00000E+00 5.52469E+01
 -1       451 2.80000E+01 0.00000E+00 4.80000E+01
 -1       452 2.70459E+01 0.00000E+00 4.07531E+01
 -1       453 1.97990E+01 0.00000E+00 2.82010E+01
 -1       454 2.42487E+01 0.00000E+00 3.40000E+01
 -1       455 7.24693E+00 0.00000E+00 2.09541E+01
 -1       456-1.70654E-13 0.00000E+00 2.00000E+01
 -1       457 1.40000E+01 0.00000E+00 2.37513E+01
 -1       458-7.24693E+00 0.00000E+00 2.09541E+01
 -1       459-1.40000E+01 0.00000E+00 2.37513E+01
 -1       460-1.97990E+01 0.00000E+00 2.82010E+01
 -1       461-2.42487E+01 0.00000E+00 3.40000E+01
 -1       462-2.70459E+01 0.00000E+00 4.07531E+01
 -1       463-2.70459E+01 0.00000E+00 5.52469E+01
 -1       464-2.42487E+01 0.00000E+00 6.20000E+01
 -1       465-2.80000E+01 0.00000E+00 4.80000E+01
 -1       466-1.97990E+01 0.00000E+00 6.77990E+01
 -1       467-7.17433E-15 5.00000E+00 4.80000E+01
 -1       468-3.75129E+00 5.00000E+00 6.20000E+01
 -1       469-1.40000E+01 5.00000E+00 5.17513E+01
 -1       470 3.75129E+00 5.00000E+00 3.40000E+01
 -1       471 1.40000E+01 5.00000E+00 4.42487E+01
 -1       472 1.02487E+01 5.00000E+00 5.82487E+01
 -1       473-1.02487E+01 5.00000E+00 3.77513E+01
 -1       474 5.12436E+00 5.00000E+00 6.71244E+01
 -1       475-1.40000E+01 5.00000E+00 6.20000E+01
 -1       476 1.91244E+01 5.00000E+00 5.31244E+01
 -1       477 1.40000E+01 5.00000E+00 3.40000E+01
 -1       478 9.56218E+00 5.00000E+00 6.96865E+01
 -1       479 2.56218E+00 5.00000E+00 7.15622E+01
 -1       480-1.87564E+00 5.00000E+00 6.90000E+01
 -1       481-8.87564E+00 5.00000E+00 6.71244E+01
 -1       482 6.86533E-01 5.00000E+00 6.45622E+01
 -1       483 1.72487E+01 5.00000E+00 6.01244E+01
 -1       484 1.21244E+01 5.00000E+00 6.52487E+01
 -1       485 7.68653E+00 5.00000E+00 6.26865E+01
 -1       486 2.35622E+01 5.00000E+00 5.05622E+01
 -1       487 2.16865E+01 5.00000E+00 5.75622E+01
 -1       488 1.46865E+01 5.00000E+00 5.56865E+01
 -1       489 1.91244E+01 5.00000E+00 3.91244E+01
 -1       490 2.10000E+01 5.00000E+00 4.61244E+01
 -1       491 1.65622E+01 5.00000E+00 4.86865E+01
 -1       492 1.40000E+01 5.00000E+00 2.88756E+01
 -1       493 1.91244E+01 5.00000E+00 3.40000E+01
 -1       494 1.40000E+01 5.00000E+00 3.91244E+01
 -1       495 1.87564E+00 5.00000E+00 2.70000E+01
 -1       496 8.87564E+00 5.00000E+00 2.88756E+01
 -1       497 8.87564E+00 5.00000E+00 3.40000E+01
 -1       498-1.21244E+01 5.00000E+00 3.07513E+01
 -1       499-5.12436E+00 5.00000E+00 2.88756E+01
 -1       500-3.24871E+00 5.00000E+00 3.58756E+01
 -1       501-1.72487E+01 5.00000E+00 3.58756E+01
 -1       502-2.10000E+01 5.00000E+00 4.98756E+01
 -1       503-1.91244E+01 5.00000E+00 4.28756E+01
 -1       504-1.21244E+01 5.00000E+00 4.47513E+01
 -1       505-1.91244E+01 5.00000E+00 5.68756E+01
 -1       506-1.40000E+01 5.00000E+00 6.71244E+01
 -1       507-1.91244E+01 5.00000E+00 6.20000E+01
 -1       508-1.40000E+01 5.00000E+00 5.68756E+01
 -1       509-8.87564E+00 5.00000E+00 6.20000E+01
 -1       510-7.00000E+00 5.00000E+00 4.98756E+01
 -1       511-8.87564E+00 5.00000E+00 5.68756E+01
 -1       512-1.87564E+00 5.00000E+00 5.50000E+01
 -1       513 3.24871E+00 5.00000E+00 6.01244E+01
 -1       514 5.12436E+00 5.00000E+00 5.31244E+01
 -1       515-5.12436E+00 5.00000E+00 4.28756E+01
 -1       516 7.00000E+00 5.00000E+00 4.61244E+01
 -1       517 8.87564E+00 5.00000E+00 3.91244E+01
 -1       518 1.87564E+00 5.00000E+00 4.10000E+01
 -1       519 1.21244E+01 5.00000E+00 5.12487E+01
 -1       520-7.17433E-15-5.00000E+00 4.80000E+01
 -1       521-3.75129E+00-5.00000E+00 6.20000E+01
 -1       522-1.40000E+01-5.00000E+00 5.17513E+01
 -1       523 3.75129E+00-5.00000E+00 3.40000E+01
 -1       524 1.40000E+01-5.00000E+00 4.42487E+01
 -1       525 1.02487E+01-5.00000E+00 5.82487E+01
 -1       526-1.02487E+01-5.00000E+00 3.77513E+01
 -1       527 5.12436E+00-5.00000E+00 6.71244E+01
 -1       528-1.40000E+01-5.00000E+00 6.20000E+01
 -1       529 1.91244E+01-5.00000E+00 5.31244E+01
 -1       530 1.40000E+01-5.00000E+00 3.40000E+01
 -1       531 2.56218E+00-5.00000E+00 7.15622E+01
 -1       532 9.56218E+00-5.00000E+00 6.96865E+01
 -1       533-8.87564E+00-5.00000E+00 6.71244E+01
 -1       534-1.87564E+00-5.00000E+00 6.90000E+01
 -1       535 6.86533E-01-5.00000E+00 6.45622E+01
 -1       536 1.21244E+01-5.00000E+00 6.52487E+01
 -1       537 1.72487E+01-5.00000E+00 6.01244E+01
 -1       538 7.68653E+00-5.00000E+00 6.26865E+01
 -1       539 2.16865E+01-5.00000E+00 5.75622E+01
 -1       540 2.35622E+01-5.00000E+00 5.05622E+01
 -1       541 1.46865E+01-5.00000E+00 5.56865E+01
 -1       542 2.10000E+01-5.00000E+00 4.61244E+01
 -1       543 1.91244E+01-5.00000E+00 3.91244E+01
 -1       544 1.65622E+01-5.00000E+00 4.86865E+01
 -1       545 1.91244E+01-5.00000E+00 3.40000E+01
 -1       546 1.40000E+01-5.00000E+00 2.88756E+01
 -1       547 1.40000E+01-5.00000E+00 3.91244E+01
 -1       548 8.87564E+00-5.00000E+00 2.88756E+01
 -1       549 1.87564E+00-5.00000E+00 2.70000E+01
 -1       550 8.87564E+00-5.00000E+00 3.40000E+01
 -1       551-5.12436E+00-5.00000E+00 2.88756E+01
 -1       552-1.21244E+01-5.00000E+00 3.07513E+01
 -1       553-3.24871E+00-5.00000E+00 3.58756E+01
 -1       554-1.72487E+01-5.00000E+00 3.58756E+01
 -1       555-1.91244E+01-5.00000E+00 4.28756E+01
 -1       556-2.10000E+01-5.00000E+00 4.98756E+01
 -1       557-1.21244E+01-5.00000E+00 4.47513E+01
 -1       558-1.91244E+01-5.00000E+00 5.68756E+01
 -1       559-1.91244E+01-5.00000E+00 6.20000E+01
 -1       560-1.40000E+01-5.00000E+00 6.71244E+01
 -1       561-1.40000E+01-5.00000E+00 5.68756E+01
 -1       562-8.87564E+00-5.00000E+00 6.20000E+01
 -1       563-1.87564E+00-5.00000E+00 5.50000E+01
 -1       564-8.87564E+00-5.00000E+00 5.68756E+01
 -1       565-7.00000E+00-5.00000E+00 4.98756E+01
 -1       566 5.12436E+00-5.00000E+00 5.31244E+01
 -1       567 3.24871E+00-5.00000E+00 6.01244E+01
 -1       568-5.12436E+00-5.00000E+00 4.28756E+01
 -1       569 1.87564E+00-5.00000E+00 4.10000E+01
 -1       570 8.87564E+00-5.00000E+00 3.91244E+01
 -1       571 7.00000E+00-5.00000E+00 4.61244E+01
 -1       572 1.21244E+01-5.00000E+00 5.12487E+01
 -1       573 1.52876E+01-7.21677E-17 1.95835E+02
 -1       574 9.27495E+00 0.00000E+00 2.02785E+02
 -1       575 1.87907E+00 1.77636E-15 2.04591E+02
 -1       576 1.63041E+01-2.50000E+00 1.98918E+02
 -1       577 1.76438E+01-2.50000E+00 1.93918E+02
 -1       578 1.63041E+01 2.50000E+00 1.98918E+02
 -1       579 1.76438E+01 2.50000E+00 1.93918E+02
 -1       580 5.70194E+00 2.50000E+00 1.83470E+02
 -1       581 7.49509E+00 2.50000E+00 1.84505E+02
 -1       582 5.70194E+00-2.50000E+00 1.83470E+02
 -1       583 7.49509E+00-2.50000E+00 1.84505E+02
 -1       584 9.33333E+00 0.00000E+00 1.82667E+02
 -1       585 5.96561E-01 2.50000E+00 1.81838E+02
 -1       586 2.66711E+00 2.50000E+00 1.81838E+02
 -1       587 5.96561E-01-2.50000E+00 1.81838E+02
 -1       588 2.66711E+00-2.50000E+00 1.81838E+02
 -1       589 3.26367E+00 0.00000E+00 1.79403E+02
 -1       590-7.39089E+00-2.50000E+00 1.84533E+02
 -1       591-9.12493E+00 0.00000E+00 1.82723E+02
 -1       592-7.39089E+00 2.50000E+00 1.84533E+02
 -1       593-5.59774E+00 2.50000E+00 1.83498E+02
 -1       594-5.59774E+00-2.50000E+00 1.83498E+02
 -1       595 1.01622E+01 2.50000E+00 1.89333E+02
 -1       596 1.01741E+01 2.50020E+00 1.91358E+02
 -1       597 1.01741E+01-2.49980E+00 1.91358E+02
 -1       598 1.25970E+01 0.00000E+00 1.88736E+02
 -1       599 1.01622E+01-2.50000E+00 1.89333E+02
 -1       600-9.14074E+00 2.50429E+00 1.96341E+02
 -1       601-1.00660E+01 2.50020E+00 1.94629E+02
 -1       602-1.00660E+01-2.49980E+00 1.94629E+02
 -1       603-1.23808E+01 0.00000E+00 1.95279E+02
 -1       604-9.14074E+00-2.49571E+00 1.96341E+02
 -1       605-6.30859E+00 2.69102E+00 2.00182E+02
 -1       606-3.40123E+00 2.69102E+00 2.01908E+02
 -1       607-3.47208E+00 0.00000E+00 2.04541E+02
 -1       608-3.40123E+00-2.30898E+00 2.01908E+02
 -1       609-6.37944E+00 0.00000E+00 2.02816E+02
 -1       610 6.29850E+00 0.00000E+00 1.81035E+02
 -1       611-6.30859E+00-2.30898E+00 2.00182E+02
 -1       612-9.28680E+00 0.00000E+00 2.01090E+02
 -1       613 1.24754E+01 0.00000E+00 1.92023E+02
 -1       614 1.00525E+01-2.49980E+00 1.94645E+02
 -1       615-6.21757E+00 0.00000E+00 1.81184E+02
 -1       616-2.69038E+00 2.50000E+00 1.81959E+02
 -1       617-2.69038E+00-2.50000E+00 1.81959E+02
 -1       618-2.32675E-02 0.00000E+00 1.79525E+02
 -1       619-7.59371E+00 2.50429E+00 1.99246E+02
 -1       620-1.08338E+01 0.00000E+00 1.98185E+02
 -1       621-7.59371E+00-2.49571E+00 1.99246E+02
 -1       622 1.00525E+01 2.50020E+00 1.94645E+02
 -1       623 1.23539E+01 0.00000E+00 1.95310E+02
 -1       624-3.31021E+00 0.00000E+00 1.79646E+02
 -1       625 9.39533E-01 8.33333E-01 2.02296E+02
 -1       626 9.39533E-01-8.33333E-01 2.02296E+02
 -1       627 3.12217E-02-1.04188E+00 2.02191E+02
 -1       628-2.77132E+00 4.16667E+00 2.02134E+02
 -1       629-1.73604E+00 3.33333E+00 2.02271E+02
 -1       630-7.25661E-01 1.91018E-01 2.01933E+02
 -1       631-1.27496E+01 0.00000E+00 1.88584E+02
 -1       632-1.63748E+01 0.00000E+00 1.90292E+02
 -1       633-1.25652E+01 0.00000E+00 1.91931E+02
 -1       634-1.73604E+00 0.00000E+00 2.08271E+02
 -1       635-7.96507E-01 2.50000E+00 2.04566E+02
 -1       636-7.96507E-01-2.50000E+00 2.04566E+02
 -1       637 9.39533E-01 2.50000E+00 2.08296E+02
 -1       638 9.12693E+00 2.50000E+00 1.87540E+02
 -1       639 9.12693E+00-2.50000E+00 1.87540E+02
 -1       640-8.42617E+00-2.50000E+00 1.86326E+02
 -1       641-8.42617E+00 2.50000E+00 1.86326E+02
 -1       642-9.64340E+00 0.00000E+00 2.05205E+02
 -1       643-1.48507E+01 0.00000E+00 1.98639E+02
 -1       644-2.64435E+00-3.54188E+00 2.02166E+02
 -1       645-1.00541E+01 2.50000E+00 1.92604E+02
 -1       646-1.00541E+01-2.50000E+00 1.92604E+02
 -1       647 2.74339E+00 4.16667E+00 2.02238E+02
 -1       648 3.37331E+00 2.69102E+00 2.02012E+02
 -1       649 9.12725E+00 2.50429E+00 1.96356E+02
 -1       650 7.58779E+00 4.29219E-03 2.00093E+02
 -1       651 1.08144E+01 2.50000E+00 1.99047E+02
 -1       652 8.51306E+00 2.04534E-04 1.98382E+02
 -1       653 9.12725E+00-2.49571E+00 1.96356E+02
 -1       654 1.08144E+01-2.50000E+00 1.99047E+02
 -1       655-1.50350E+01 0.00000E+00 1.85292E+02
 -1       656-6.73604E+00 0.00000E+00 2.06931E+02
 -1       657-1.33037E+01 0.00000E+00 2.01545E+02
 -1       658-1.61904E+01 0.00000E+00 1.93639E+02
 -1       659 5.54579E+00-1.04188E+00 2.01288E+02
 -1       660 6.30267E+00 1.91018E-01 2.01029E+02
 -1       661 6.63748E+00-2.50000E+00 2.00856E+02
 -1       662 1.09652E+01 0.00000E+00 1.85701E+02
 -1       663 1.33269E+01 0.00000E+00 1.82333E+02
 -1       664 9.66667E+00 0.00000E+00 1.78673E+02
 -1       665-1.09372E+01 0.00000E+00 1.85653E+02
 -1       666-1.02385E+01-2.50000E+00 1.89257E+02
 -1       667-1.02385E+01 2.50000E+00 1.89257E+02
 -1       668 6.63184E+00 0.00000E+00 1.77041E+02
 -1       669-1.32227E+01 0.00000E+00 1.82361E+02
 -1       670 1.49588E+01 0.00000E+00 1.85368E+02
 -1       671 1.63184E+00 0.00000E+00 1.75701E+02
 -1       672-9.56246E+00 0.00000E+00 1.78701E+02
 -1       673-6.65510E+00 0.00000E+00 1.77163E+02
 -1       674-1.65510E+00 0.00000E+00 1.75823E+02
 -1       675 1.38207E+01-2.50000E+00 1.95573E+02
 -1       676 1.38207E+01 2.50000E+00 1.95573E+02
 -1       677 1.22813E+01-3.60838E-17 1.99310E+02
 -1       678 7.58906E+00-2.49571E+00 1.99264E+02
 -1       679 9.39533E-01-2.50000E+00 2.08296E+02
 -1       680 7.58906E+00 2.50429E+00 1.99264E+02
 -1       681 1.62985E+01 0.00000E+00 1.90368E+02
 -1       682 2.61643E+00-3.54188E+00 2.02270E+02
 -1       683 6.34559E+00-2.50000E+00 2.03767E+02
 -1       684 9.27622E+00-2.50000E+00 2.01955E+02
 -1       685 9.27622E+00 2.50000E+00 2.01955E+02
 -1       686 6.30394E+00 2.69102E+00 2.00199E+02
 -1       687 1.32977E+01 2.50000E+00 2.02392E+02
 -1       688 9.63748E+00-2.50000E+00 2.06053E+02
 -1       689 1.32977E+01-2.50000E+00 2.02392E+02
 -1       690 1.97481E+00 1.66667E+00 2.02159E+02
 -1       691 2.64765E+00 2.50000E+00 2.04670E+02
 -1       692 2.60473E+00 1.91018E-01 2.01933E+02
 -1       693 5.93953E+00 2.50000E+00 2.06956E+02
 -1       694 9.39533E-01 2.50000E+00 2.02296E+02
 -1       695 1.84784E+00-1.04188E+00 2.02191E+02
 -1       696 9.63748E+00 2.50000E+00 2.06053E+02
 -1       697 5.93953E+00-2.50000E+00 2.06956E+02
 -1       698 6.34559E+00 2.50000E+00 2.03767E+02
 -1       699 5.57701E+00 8.88178E-16 2.03688E+02
 -1       700 2.64765E+00-2.50000E+00 2.04670E+02
 -1       701 9.39533E-01-2.50000E+00 2.02296E+02
 -1       702 1.39423E+01-2.50000E+00 1.92286E+02
 -1       703 1.39423E+01 2.50000E+00 1.92286E+02
 -1       704-2.50000E+00-1.50000E+00 1.14000E+02
 -1       705-2.50000E+00 1.50000E+00 1.14000E+02
 -1       706 0.00000E+00 0.00000E+00 1.14000E+02
 -1       707 2.50000E+00 1.50000E+00 1.14000E+02
 -1       708 2.50000E+00-1.50000E+00 1.14000E+02
 -1       709 8.97538E+00-8.97666E-01 6.54932E+01
 -1       710 5.93538E+00-1.29602E-02 2.59214E+01
 -1       711-6.01192E+00-5.00000E-01 2.83632E+01
 -1       712-3.00596E+00-2.75000E+00 2.41816E+01
 -1       713-1.13032E+00-2.75000E+00 3.11816E+01
 -1       714-8.13032E+00-2.75000E+00 3.30572E+01
 -1       715-1.00060E+01-2.75000E+00 2.60572E+01
 -1       716 8.87564E+00 0.00000E+00 2.88756E+01
 -1       717 3.75129E+00 0.00000E+00 3.40000E+01
 -1       718 4.84333E+00 2.49352E+00 2.99607E+01
 -1       719 4.84333E+00-2.50648E+00 2.99607E+01
 -1       720 9.96769E+00-2.50648E+00 2.48364E+01
 -1       721 9.96769E+00 2.49352E+00 2.48364E+01
 -1       722 5.12436E+00 0.00000E+00 6.71244E+01
 -1       723 9.56218E+00 0.00000E+00 6.96865E+01
 -1       724 1.14877E+01-2.94883E+00 6.88709E+01
 -1       725 7.04987E+00 2.05117E+00 6.63088E+01
 -1       726 7.04987E+00-2.94883E+00 6.63088E+01
 -1       727 1.87564E+00 0.00000E+00 2.70000E+01
 -1       728 2.96769E+00 2.49352E+00 2.29607E+01
 -1       729-1.21244E+01 0.00000E+00 3.07513E+01
 -1       730-8.13032E+00 2.25000E+00 3.30572E+01
 -1       731-1.00060E+01 2.25000E+00 2.60572E+01
 -1       732 2.96769E+00-2.50648E+00 2.29607E+01
 -1       733 1.40000E+01 0.00000E+00 2.88756E+01
 -1       734 8.87564E+00 0.00000E+00 3.40000E+01
 -1       735 1.40000E+01 0.00000E+00 3.40000E+01
 -1       736 1.91244E+01 0.00000E+00 5.31244E+01
 -1       737 1.46865E+01 0.00000E+00 5.56865E+01
 -1       738 1.65622E+01 0.00000E+00 4.86865E+01
 -1       739 1.40000E+01 0.00000E+00 3.91244E+01
 -1       740-8.87564E+00 0.00000E+00 6.20000E+01
 -1       741-1.40000E+01 0.00000E+00 6.71244E+01
 -1       742-1.40000E+01 0.00000E+00 6.20000E+01
 -1       743 2.35622E+01 0.00000E+00 5.05622E+01
 -1       744-1.02487E+01 0.00000E+00 3.77513E+01
 -1       745 7.00000E+00 0.00000E+00 4.61244E+01
 -1       746 1.87564E+00 0.00000E+00 4.10000E+01
 -1       747 5.12436E+00 0.00000E+00 5.31244E+01
 -1       748 8.87564E+00 0.00000E+00 3.91244E+01
 -1       749 1.21244E+01 0.00000E+00 5.12487E+01
 -1       750 1.02487E+01 0.00000E+00 5.82487E+01
 -1       751-1.87564E+00 0.00000E+00 5.50000E+01
 -1       752 1.40000E+01 0.00000E+00 4.42487E+01
 -1       753 3.24871E+00 0.00000E+00 6.01244E+01
 -1       754-3.75129E+00 0.00000E+00 6.20000E+01
 -1       755 2.56218E+00 0.00000E+00 7.15622E+01
 -1       756 2.16865E+01 0.00000E+00 5.75622E+01
 -1       757 1.91244E+01 0.00000E+00 3.40000E+01
 -1       758-1.91244E+01 0.00000E+00 6.20000E+01
 -1       759 6.86533E-01 0.00000E+00 6.45622E+01
 -1       760-1.87564E+00 0.00000E+00 6.90000E+01
 -1       761 1.14877E+01 2.05117E+00 6.88709E+01
 -1       762-8.87564E+00 0.00000E+00 6.71244E+01
 -1       763 2.10000E+01 0.00000E+00 4.61244E+01
 -1       764-3.24871E+00 0.00000E+00 3.58756E+01
 -1       765 1.91244E+01 0.00000E+00 3.91244E+01
 -1       766 9.61204E+00-2.94883E+00 6.18709E+01
 -1       767-1.40000E+01 0.00000E+00 5.68756E+01
 -1       768-2.10000E+01 0.00000E+00 4.98756E+01
 -1       769 1.72487E+01 0.00000E+00 6.01244E+01
 -1       770-8.87564E+00 0.00000E+00 5.68756E+01
 -1       771-7.00000E+00 0.00000E+00 4.98756E+01
 -1       772-5.12436E+00 0.00000E+00 4.28756E+01
 -1       773-1.91244E+01 0.00000E+00 4.28756E+01
 -1       774-1.40000E+01 0.00000E+00 5.17513E+01
 -1       775-1.91244E+01 0.00000E+00 5.68756E+01
 -1       776-1.21244E+01 0.00000E+00 4.47513E+01
 -1       777-1.72487E+01 0.00000E+00 3.58756E+01
 -1       778 9.61204E+00 2.05117E+00 6.18709E+01
 -1       779 1.66120E+01-2.94883E+00 6.37466E+01
 -1       780 2.61204E+00 2.05117E+00 6.37466E+01
 -1       781 2.61204E+00-2.94883E+00 6.37466E+01
 -1       782-3.00596E+00 2.25000E+00 2.41816E+01
 -3
    3C                           339                                     1
 -1       388    6    0    1
 -2        41        40        16       573        52       179       177       577       576       578
 -1       389    6    0    1
 -2        41        16        17       573       177        28       178       577       578       579
 -1       390    6    0    1
 -2       353       352       196       268       383       580       581       583       582       584
 -1       391    6    0    1
 -2       352       351       202       274       386       585       586       588       587       589
 -1       392    6    0    1
 -2       201       344       273       351       592       590       591       593       389       594
 -1       393    6    0    1
 -2       203       342       354       275       596       377       595       598       597       599
 -1       394    6    0    1
 -2       200       339       340       272       601       398       600       603       602       604
 -1       395    6    0    1
 -2       346       197       198       269       606       246       605       608       607       609
 -1       396    6    0    1
 -2       274       196       352       268       610       580       588       302       584       582
 -1       397    6    0    1
 -2       198       270       346       269       612       611       605       609       318       608
 -1       398    6    0    1
 -2       196       352       202       274       580       586       230       610       588       589
 -1       399    6    0    1
 -2       342       203       278       275       596       613       614       597       598       296
 -1       400    6    0    1
 -2       204       201       273       351       236       591       615       616       593       594
 -1       401    6    0    1
 -2       276       202       351       274       618       585       617       305       589       587
 -1       402    6    0    1
 -2       272       340       198       270       604       619       620       317       621       612
 -1       403    6    0    1
 -2       278       342       206       203       614       622       623       613       596       224
 -1       404    6    0    1
 -2       276       204       273       351       624       615       308       617       616       594
 -1       405    6    0    1
 -2       351       276       204       202       617       624       616       585       618       233
 -1       406    6    0    1
 -2       200       340       198       272       600       619       245       603       604       620
 -1       407    6    0    1
 -2       198       340       346       270       619       399       605       612       621       611
 -1       408    6    0    1
 -2       108       109       350       575       111       427       366       626       625       627
 -1       409    6    0    1
 -2       345       346       109       197       401       428       359       628       606       629
 -1       410    6    0    1
 -2       109       346       350       575       428       425       427       625       630       627
 -1       411    6    0    1
 -2       199        47       271       272       632       310       631       633       312       314
 -1       412    6    0    1
 -2       269       197         1       575       607       209       634       636       635       637
 -1       413    6    0    1
 -2       353        65       354       203       378       376       380       638       252       595
 -1       414    6    0    1
 -2       354        88       353       275       408       411       380       599       323       639
 -1       415    6    0    1
 -2       344       273        92       343       590       331       416       392       640       419
 -1       416    6    0    1
 -2       343        69       344       201       390       388       392       641       260       592
 -1       417    6    0    1
 -2       269       198       270        49       609       612       318       281       642       316
 -1       418    6    0    1
 -2       198        24       200       272       244       240       245       620       643       603
 -1       419    6    0    1
 -2       269       350       346       575       644       425       608       636       627       630
 -1       420    6    0    1
 -2       346        95       350       269       424       364       425       608       287       644
 -1       421    6    0    1
 -2       342        87       354       275       406       409       377       597       324       599
 -1       422    6    0    1
 -2        64       342       354       203       373       377       375       251       596       595
 -1       423    6    0    1
 -2       343       339        70       200       395       393       391       645       601       263
 -1       424    6    0    1
 -2       272       343       339        93       646       395       602       336       418       421
 -1       425    6    0    1
 -2       195       348        62       347       647       356       213       648       371       370
 -1       426    6    0    1
 -2       206       341       342       574       649       374       622       651       650       652
 -1       427    6    0    1
 -2       342       341       278       574       374       653       614       652       650       654
 -1       428    6    0    1
 -2        72       346       345       197       400       401       358       214       606       628
 -1       429    6    0    1
 -2       278       206       342       574       623       622       614       654       651       652
 -1       430    6    0    1
 -2       272       339       340        94       602       398       604       335       420       423
 -1       431    6    0    1
 -2       199        46       271        47       655       309       631       632        58       310
 -1       432    6    0    1
 -2       340        71       339       200       396       394       398       600       264       601
 -1       433    6    0    1
 -2       341       278        86       342       653       322       402       374       614       407
 -1       434    6    0    1
 -2       206       341        63       342       649       368       249       622       374       372
 -1       435    6    0    1
 -2        25         1       269       197        37       634       656       210       209       607
 -1       436    6    0    1
 -2        48       270       198        49       315       612       657        60       316       642
 -1       437    6    0    1
 -2        24        23       200       272        35       241       240       643       658       603
 -1       438    6    0    1
 -2       347       349        85       574       405       362       404       660       659       661
 -1       439    6    0    1
 -2       196       275       268        42       662       299       584       663       295       297
 -1       440    6    0    1
 -2        43       196       274       268       664       610       300       298       584       302
 -1       441    6    0    1
 -2        46       273       199       271       307       665       655       309       311       631
 -1       442    6    0    1
 -2       197       346       109       575       606       428       629       635       630       625
 -1       443    6    0    1
 -2        65       353       196       203       378       581       253       252       638       227
 -1       444    6    0    1
 -2       268       353        88       275       583       411       326       299       639       323
 -1       445    6    0    1
 -2       271        92       273       343       334       331       311       666       419       640
 -1       446    6    0    1
 -2        69       343       199       201       390       667       261       260       641       239
 -1       447    6    0    1
 -2       196       202        43       274       230       668       664       610       589       300
 -1       448    6    0    1
 -2        46       199       273       201       655       665       307       669       239       591
 -1       449    6    0    1
 -2       275       196       203        42       662       227       598       295       663       670
 -1       450    6    0    1
 -2       198       197        25       269       246       210       243       609       607       656
 -1       451    6    0    1
 -2       199        23       272       200       237       658       633       242       241       603
 -1       452    6    0    1
 -2       202       276        44       274       618       303       671       589       305       301
 -1       453    6    0    1
 -2       273       204        21       201       615       231       672       591       236       235
 -1       454    6    0    1
 -2        48       272       198       270       313       620       657       315       317       612
 -1       455    6    0    1
 -2       273       276        21       204       308       673       672       615       624       231
 -1       456    6    0    1
 -2       204       276        44       202       624       303       674       233       618       671
 -1       457    6    0    1
 -2       343        70       199       200       391       262       667       645       263       242
 -1       458    6    0    1
 -2       343       272       271        93       646       314       666       418       336       333
 -1       459    6    0    1
 -2        95       346       340       270       424       399       422       337       611       621
 -1       460    6    0    1
 -2       346       197       269       575       606       607       608       630       635       636
 -1       461    6    0    1
 -2       206       278       573       574       623       675       676       651       654       677
 -1       462    6    0    1
 -2        87       342       278       275       406       614       321       324       597       296
 -1       463    6    0    1
 -2       342        64       206       203       373       250       622       596       251       224
 -1       464    6    0    1
 -2        18       203       196        42       222       227       226       181       670       663
 -1       465    6    0    1
 -2       199        46        22       201       655       188       238       239       669       234
 -1       466    6    0    1
 -2         3       345       109       197       357       359       112       215       628       629
 -1       467    6    0    1
 -2       199       272        23        47       633       658       237       632       312       193
 -1       468    6    0    1
 -2       272        94       340       270       335       423       604       317       338       621
 -1       469    6    0    1
 -2        71       340       198       200       396       619       265       264       600       245
 -1       470    6    0    1
 -2       198       269        25        49       609       656       243       642       281       175
 -1       471    6    0    1
 -2       277       278        86       341       293       322       319       678       653       402
 -1       472    6    0    1
 -2         2       269         1       575       282       634        38       679       636       637
 -1       473    6    0    1
 -2       206       205        63       341       221       248       249       649       680       368
 -1       474    6    0    1
 -2       346       270        95       269       611       337       424       608       318       287
 -1       475    6    0    1
 -2        21       276       273        45       673       308       672       189       304       306
 -1       476    6    0    1
 -2       198        48        24       272       657       192       244       620       313       643
 -1       477    6    0    1
 -2        42       196        43       268       663       664        54       297       584       298
 -1       478    6    0    1
 -2        43       202        44       274       668       671        55       300       589       301
 -1       479    6    0    1
 -2        17       275       203        42       681       598       223       180       295       670
 -1       480    6    0    1
 -2        46       273        21       201       307       672       187       669       591       235
 -1       481    6    0    1
 -2        44        21       276       204       185       673       303       674       231       624
 -1       482    6    0    1
 -2        85       349       267       574       362       682       284       661       659       683
 -1       483    6    0    1
 -2       277       278       341       574       293       653       678       684       654       650
 -1       484    6    0    1
 -2       206       205       341       574       221       680       649       651       685       650
 -1       485    6    0    1
 -2       341       347        85       574       369       404       403       650       660       661
 -1       486    6    0    1
 -2       195        62       205       347       213       247       218       648       370       686
 -1       487    6    0    1
 -2        72       340       346       198       397       399       400       266       619       605
 -1       488    6    0    1
 -2        39        16        40       574       176       179        51       688       687       689
 -1       489    6    0    1
 -2       205       347        62       341       686       370       247       680       369       367
 -1       490    6    0    1
 -2        72       198       346       197       266       605       400       214       246       606
 -1       491    6    0    1
 -2        21        44       276        45       185       303       673       189        56       304
 -1       492    6    0    1
 -2        22        23        46       199        34       190       188       238       237       655
 -1       493    6    0    1
 -2        46       199        23        47       655       237       190        58       632       193
 -1       494    6    0    1
 -2       196        19        18        42       225        30       226       663       182       181
 -1       495    6    0    1
 -2       272        23        48        24       658       191       313       643        35       192
 -1       496    6    0    1
 -2       272        48        23        47       313       191       658       312        59       193
 -1       497    6    0    1
 -2       195       348       347       575       647       371       648       691       690       692
 -1       498    6    0    1
 -2        21       273        46        45       672       307       187       189       306        57
 -1       499    6    0    1
 -2         2        25       269        49       173       656       282        61       175       281
 -1       500    6    0    1
 -2        21        22        46       201        33       188       187       235       234       669
 -1       501    6    0    1
 -2       203        18        17        42       222        29       223       670       181       180
 -1       502    6    0    1
 -2        25       269         1         2       656       634        37       173       282        38
 -1       503    6    0    1
 -2        48       198        25        49       657       243       194        60       642       175
 -1       504    6    0    1
 -2       198        25        24        48       243        36       244       657       194       192
 -1       505    6    0    1
 -2        15         2         1       575       172        38        26       693       679       637
 -1       506    6    0    1
 -2       277        40       278       574       289       291       293       684       689       654
 -1       507    6    0    1
 -2        15         1       195       575        26       208       207       693       637       691
 -1       508    6    0    1
 -2         3       197       109       575       215       629       112       694       635       625
 -1       509    6    0    1
 -2       278        40       573       574       291       576       675       654       689       677
 -1       510    6    0    1
 -2       196        43       202        19       664       668       230       225       183       229
 -1       511    6    0    1
 -2        20       204        44       202       232       674       186       228       233       671
 -1       512    6    0    1
 -2       353       196        66        65       581       254       379       378       253        77
 -1       513    6    0    1
 -2       343        69       199        70       390       261       667       391        81       262
 -1       514    6    0    1
 -2       343       271        92        93       666       334       419       418       333       104
 -1       515    6    0    1
 -2       353        88        89       268       411       100       410       583       326       325
 -1       516    6    0    1
 -2       108       349       109       575       365       426       111       626       695       625
 -1       517    6    0    1
 -2        94        95       340       270       106       422       423       338       337       621
 -1       518    6    0    1
 -2        89       352       274        90       413       588       328       101       412       327
 -1       519    6    0    1
 -2        67       202        66       352       256       255        78       382       586       381
 -1       520    6    0    1
 -2        64       354        65       203       375       376        76       251       595       252
 -1       521    6    0    1
 -2        91       273        92       344       332       331       103       417       590       416
 -1       522    6    0    1
 -2       344       201        69        68       592       260       388       387       259        80
 -1       523    6    0    1
 -2       354        87        88       275       409        99       408       599       324       323
 -1       524    6    0    1
 -2       347       348       109       575       371       360       429       692       690       625
 -1       525    6    0    1
 -2        16        39        15       574       176       174        27       687       688       696
 -1       526    6    0    1
 -2       340       198        72        71       619       266       397       396       265        83
 -1       527    6    0    1
 -2       277        86        85       341       319        97       320       678       402       403
 -1       528    6    0    1
 -2        62        63       205       341        74       248       247       367       368       680
 -1       529    6    0    1
 -2        85       277       341       574       320       678       403       661       684       650
 -1       530    6    0    1
 -2       351        91       276        90       415       329       617       414       102       330
 -1       531    6    0    1
 -2        68       204        67       351       258       257        79       384       616       385
 -1       532    6    0    1
 -2        21        44        20       204       185       186        32       231       674       232
 -1       533    6    0    1
 -2        42        43       196        19        54       664       663       182       183       225
 -1       534    6    0    1
 -2        86       342       278        87       407       614       322        98       406       321
 -1       535    6    0    1
 -2       206       342        63        64       622       372       249       250       373        75
 -1       536    6    0    1
 -2        17        41       275        42       178       294       681       180        53       295
 -1       537    6    0    1
 -2       202        20        19        43       228        31       229       668       184       183
 -1       538    6    0    1
 -2        43        44       202        20        55       671       668       184       186       228
 -1       539    6    0    1
 -2        39         2        15       575        50       172       174       697       679       693
 -1       540    6    0    1
 -2         3        62       195       348        73       213       212       355       356       647
 -1       541    6    0    1
 -2       339        94       272        93       420       335       602       421       105       336
 -1       542    6    0    1
 -2        71        70       339       200        82       393       394       264       263       601
 -1       543    6    0    1
 -2       205       195       347       574       218       648       686       685       698       660
 -1       544    6    0    1
 -2         1       197       195       575       209       211       208       637       635       691
 -1       545    6    0    1
 -2       195       347       574       575       648       660       698       691       692       699
 -1       546    6    0    1
 -2       267         2        39       575       279        50       280       700       679       697
 -1       547    6    0    1
 -2        15       195       574       575       207       698       696       693       691       699
 -1       548    6    0    1
 -2       267        39       574       575       280       688       683       700       697       699
 -1       549    6    0    1
 -2       205       347       341       574       686       369       680       685       660       650
 -1       550    6    0    1
 -2        85       267       277       574       284       290       320       661       683       684
 -1       551    6    0    1
 -2       205       206        16       574       221       220       216       685       651       687
 -1       552    6    0    1
 -2         3        72       345       197        84       358       357       215       214       628
 -1       553    6    0    1
 -2        16       206       573       574       220       676       578       687       651       677
 -1       554    6    0    1
 -2       573        40        16       574       576       179       578       677       689       687
 -1       555    6    0    1
 -2       109       349       347       575       426       405       429       625       695       692
 -1       556    6    0    1
 -2       267        85         4       349       284        96       285       682       362       361
 -1       557    6    0    1
 -2       195       197         3       575       211       215       212       691       635       694
 -1       558    6    0    1
 -2         4       269       267       575       286       283       285       701       636       700
 -1       559    6    0    1
 -2       574        39        15       575       688       174       696       699       697       693
 -1       560    6    0    1
 -2       278        40        41       573       291        52       292       675       576       577
 -1       561    6    0    1
 -2        39        40       277       574        51       289       288       688       689       684
 -1       562    6    0    1
 -2       350        95         4       269       364       107       363       644       287       286
 -1       563    6    0    1
 -2       267       269         2       575       283       282       279       700       636       679
 -1       564    6    0    1
 -2        17        16       206       573        28       220       219       579       578       676
 -1       565    6    0    1
 -2       205        16        15       574       216        27       217       685       687       696
 -1       566    6    0    1
 -2        15       195       205       574       207       218       217       696       698       685
 -1       567    6    0    1
 -2       267        39       277       574       280       288       290       683       688       684
 -1       568    6    0    1
 -2       275       573        41        17       702       577       294       681       579       178
 -1       569    6    0    1
 -2        41       573       275       278       577       702       294       292       675       296
 -1       570    6    0    1
 -2       275       203       573        17       598       703       702       681       223       579
 -1       571    6    0    1
 -2       573       203       275       278       703       598       702       675       613       296
 -1       572    6    0    1
 -2       203       206       573        17       224       676       703       223       219       579
 -1       573    6    0    1
 -2       573       206       203       278       676       224       703       675       623       613
 -1       574    6    0    1
 -2       343       272       199       271       646       633       667       666       314       631
 -1       575    6    0    1
 -2       272       343       200       339       646       645       603       602       395       601
 -1       576    6    0    1
 -2       343       272       200       199       646       603       645       667       633       242
 -1       577    6    0    1
 -2       273       343       199       271       640       667       665       311       666       631
 -1       578    6    0    1
 -2       273       343       201       199       640       641       591       665       667       239
 -1       579    6    0    1
 -2       343       273       201       344       640       591       641       392       590       592
 -1       580    6    0    1
 -2       196       275       353       268       662       639       581       584       299       583
 -1       581    6    0    1
 -2       275       353       203       196       639       638       598       662       581       227
 -1       582    6    0    1
 -2       353       275       203       354       639       598       638       380       599       595
 -1       583    6    0    1
 -2        89       352       268       274       413       582       325       328       588       302
 -1       584    6    0    1
 -2       352        89       268       353       413       325       582       383       410       583
 -1       585    6    0    1
 -2        66       196       352       202       254       580       381       255       230       586
 -1       586    6    0    1
 -2       196        66       352       353       254       381       580       581       379       383
 -1       587    6    0    1
 -2        90       274       351       352       327       587       414       412       588       386
 -1       588    6    0    1
 -2       351       274        90       276       587       327       414       617       305       330
 -1       589    6    0    1
 -2        67       202       351       204       256       585       385       257       233       616
 -1       590    6    0    1
 -2       202        67       351       352       256       385       585       586       382       386
 -1       591    6    0    1
 -2        68       351       201       204       384       593       259       258       616       236
 -1       592    6    0    1
 -2       201       351        68       344       593       384       259       592       389       387
 -1       593    6    0    1
 -2        91       351       273       344       415       594       332       417       389       590
 -1       594    6    0    1
 -2       273       351        91       276       594       415       332       308       617       329
 -1       595    6    0    1
 -2         4       575       350       269       701       627       363       286       636       644
 -1       596    6    0    1
 -2       350       575         4       108       627       701       363       366       626       110
 -1       597    6    0    1
 -2       575       574       349       347       699       659       695       692       660       405
 -1       598    6    0    1
 -2       349       574       575       267       659       699       695       682       683       700
 -1       599    6    0    1
 -2       349       575         4       267       695       701       361       682       700       285
 -1       600    6    0    1
 -2         4       575       349       108       701       695       361       110       626       365
 -1       601    6    0    1
 -2       348       575         3       109       690       694       355       360       625       112
 -1       602    6    0    1
 -2         3       575       348       195       694       690       355       212       691       647
 -1       603    6    0    1
 -2       434         7         5       439       705       114       704       706       441       440
 -1       604    6    0    1
 -2         6       434         5        10       436       704       113       121       437       432
 -1       605    6    0    1
 -2        12         7         8       434       433       115       123       438       705       435
 -1       606    6    0    1
 -2         6         8         5       434       116       430       113       436       435       704
 -1       607    6    0    1
 -2       434         8         5         7       435       430       704       705       115       114
 -1       608    6    0    1
 -2       439         9        12        11       442       431       707       443       118       119
 -1       609    6    0    1
 -2       439         7        12       434       441       433       707       706       705       438
 -1       610    6    0    1
 -2        12         7       439        11       433       441       707       119       124       443
 -1       611    6    0    1
 -2        10        12       439         9       120       707       708       117       431       442
 -1       612    6    0    1
 -2       439        12        10       434       707       120       708       706       438       437
 -1       613    6    0    1
 -2       439         5        10         9       440       432       708       442       122       117
 -1       614    6    0    1
 -2        10         5       439       434       432       440       708       437       704       706
 -1       615    6    0    1
 -2       523       154       526       711       549       551       553       713       712       714
 -1       616    6    0    1
 -2       154       155       526       711       166       552       551       712       715       714
 -1       617    6    0    1
 -2       523       470       153       710       717       716       548       719       718       720
 -1       618    6    0    1
 -2       153       470       129       710       716       496       457       720       718       721
 -1       619    6    0    1
 -2       474       149       527       709       723       532       722       725       724       726
 -1       620    6    0    1
 -2       523       130       470       710       727       495       717       719       728       718
 -1       621    6    0    1
 -2       473       155       131       711       729       459       498       730       715       731
 -1       622    6    0    1
 -2       153       129       154       710       457       455       165       720       721       732
 -1       623    6    0    1
 -2       477       523       153       530       734       548       733       735       550       546
 -1       624    6    0    1
 -2       529       472       476       471       737       488       736       738       519       491
 -1       625    6    0    1
 -2       524       523       477       530       570       734       739       547       550       735
 -1       626    6    0    1
 -2       159       475       521       528       741       740       533       560       742       562
 -1       627    6    0    1
 -2       127       471       529       476       490       738       743       486       491       736
 -1       628    6    0    1
 -2       473       526       155       711       744       552       729       730       714       715
 -1       629    6    0    1
 -2       130       523       154       710       727       549       456       728       719       732
 -1       630    6    0    1
 -2       471       467       470       520       516       518       517       745       434       746
 -1       631    6    0    1
 -2       471       472       467       520       519       514       516       745       747       434
 -1       632    6    0    1
 -2       470       520       523       524       746       569       717       748       571       570
 -1       633    6    0    1
 -2       472       471       525       520       519       749       750       747       745       566
 -1       634    6    0    1
 -2       468       467       472       520       512       514       513       751       434       747
 -1       635    6    0    1
 -2       525       520       471       524       566       745       749       572       571       752
 -1       636    6    0    1
 -2       468       472       521       520       513       753       754       751       747       563
 -1       637    6    0    1
 -2       471       520       470       524       745       746       517       752       571       748
 -1       638    6    0    1
 -2       521       472       525       520       753       750       567       563       747       566
 -1       639    6    0    1
 -2        14       149       527       474       160       532       531       755       723       722
 -1       640    6    0    1
 -2       126       529       476       127       756       736       487       138       743       486
 -1       641    6    0    1
 -2       524       477       152       530       739       757       543       547       735       545
 -1       642    6    0    1
 -2       477       530       153       152       735       546       733       757       545       164
 -1       643    6    0    1
 -2       475       159       158       528       741       170       758       742       560       559
 -1       644    6    0    1
 -2        14       527       468       474       531       759       760       755       722       482
 -1       645    6    0    1
 -2       529       126       476       472       756       487       736       737       483       488
 -1       646    6    0    1
 -2       129       130       154       710       141       456       455       721       728       732
 -1       647    6    0    1
 -2       474       125       149       709       478       446       723       725       761       724
 -1       648    6    0    1
 -2       525       472       529       471       750       737       541       749       519       738
 -1       649    6    0    1
 -2       153       477       470       523       733       497       716       548       734       717
 -1       650    6    0    1
 -2       159       521       475       468       533       740       741       762       754       509
 -1       651    6    0    1
 -2       525       471       529       524       749       738       541       572       752       544
 -1       652    6    0    1
 -2       524       477       523       470       739       734       570       748       497       717
 -1       653    6    0    1
 -2       477       470       524       471       497       748       739       494       517       752
 -1       654    6    0    1
 -2       127       529       471       524       743       738       490       763       544       752
 -1       655    6    0    1
 -2       473       130       470       523       499       495       500       764       727       717
 -1       656    6    0    1
 -2       153       154       523       710       165       549       548       720       732       719
 -1       657    6    0    1
 -2        14       468       521       159       760       754       534       171       762       533
 -1       658    6    0    1
 -2       127       471       128       524       490       489       139       763       752       765
 -1       659    6    0    1
 -2       527       149       525       709       532       536       538       726       724       766
 -1       660    6    0    1
 -2       521       475       522       528       740       767       564       562       742       561
 -1       661    6    0    1
 -2       522       133       156       157       768       462       555       556       465       168
 -1       662    6    0    1
 -2       159       468       475       135       762       509       741       447       481       506
 -1       663    6    0    1
 -2       470       129       477       153       496       492       497       716       457       733
 -1       664    6    0    1
 -2       477       128       471       524       493       489       494       739       765       752
 -1       665    6    0    1
 -2        14       468        13       474       760       480       148       755       482       479
 -1       666    6    0    1
 -2       468        14       521       527       760       534       754       759       531       535
 -1       667    6    0    1
 -2       529       525       150       472       541       537       539       737       750       769
 -1       668    6    0    1
 -2       529       524       127       151       544       763       743       540       542       451
 -1       669    6    0    1
 -2       468       521       469       520       754       770       511       751       563       771
 -1       670    6    0    1
 -2       473       523       470       520       764       717       500       772       569       746
 -1       671    6    0    1
 -2       469       467       468       520       510       512       511       771       434       751
 -1       672    6    0    1
 -2       473       470       467       520       500       518       515       772       746       434
 -1       673    6    0    1
 -2       130       129       470       710       141       496       495       728       721       718
 -1       674    6    0    1
 -2       524       151       128       127       542       452       765       763       451       139
 -1       675    6    0    1
 -2       468        14       135       159       760       445       481       762       171       447
 -1       676    6    0    1
 -2       468        13       135        14       480       147       481       760       148       445
 -1       677    6    0    1
 -2       522       475       158       528       767       758       558       561       742       559
 -1       678    6    0    1
 -2       469       468       475       521       511       509       508       770       754       740
 -1       679    6    0    1
 -2       474        14       125        13       755       444       478       479       148       136
 -1       680    6    0    1
 -2       149        14       125       474       160       444       446       723       755       478
 -1       681    6    0    1
 -2       529       127       126       151       743       138       756       540       451       450
 -1       682    6    0    1
 -2       475       135       158       159       506       466       758       741       447       170
 -1       683    6    0    1
 -2       477       153       129       152       733       457       492       757       164       453
 -1       684    6    0    1
 -2       524       152       477       128       543       757       739       765       454       493
 -1       685    6    0    1
 -2       475       158       135       134       758       466       506       507       464       146
 -1       686    6    0    1
 -2       150       126       529       472       449       756       539       769       483       737
 -1       687    6    0    1
 -2       152       151       128       524       163       452       454       543       542       765
 -1       688    6    0    1
 -2       125       126       150       472       137       449       448       484       483       769
 -1       689    6    0    1
 -2       133       132       469       522       144       503       502       768       773       774
 -1       690    6    0    1
 -2       522       156       133       132       555       462       768       773       461       144
 -1       691    6    0    1
 -2       134       475       158       522       507       758       464       775       767       558
 -1       692    6    0    1
 -2       126       150       529       151       449       539       756       450       162       540
 -1       693    6    0    1
 -2       477       129       128       152       492       140       493       757       453       454
 -1       694    6    0    1
 -2       469       521       522       520       770       564       774       771       563       565
 -1       695    6    0    1
 -2       523       473       526       520       764       744       553       569       772       568
 -1       696    6    0    1
 -2       467       469       473       520       510       504       515       434       771       772
 -1       697    6    0    1
 -2       522       132       469       473       773       503       774       776       501       504
 -1       698    6    0    1
 -2       132       156       526       522       461       554       777       773       555       557
 -1       699    6    0    1
 -2       526       473       132       522       744       501       777       557       776       773
 -1       700    6    0    1
 -2       522       158       133       157       558       463       768       556       169       465
 -1       701    6    0    1
 -2       522       133       158       134       768       463       558       775       145       464
 -1       702    6    0    1
 -2       472       125       474       709       484       478       485       778       761       725
 -1       703    6    0    1
 -2       475       134       469       522       507       505       508       767       775       774
 -1       704    6    0    1
 -2       521       522       475       469       564       767       740       770       774       508
 -1       705    6    0    1
 -2       134       133       469       522       145       502       505       775       768       774
 -1       706    6    0    1
 -2       523       526       473       711       553       744       764       713       714       730
 -1       707    6    0    1
 -2       522       473       469       520       776       504       774       565       772       771
 -1       708    6    0    1
 -2       473       522       526       520       776       557       744       772       565       568
 -1       709    6    0    1
 -2       132       155       131       473       460       459       143       501       729       498
 -1       710    6    0    1
 -2       154       131       155       711       458       459       166       712       731       715
 -1       711    6    0    1
 -2       155       156       526       132       167       554       552       460       461       777
 -1       712    6    0    1
 -2       155       132       526       473       460       777       552       729       501       744
 -1       713    6    0    1
 -2       150       149       709       525       161       724       779       537       536       766
 -1       714    6    0    1
 -2       709       149       150       125       724       161       779       761       446       448
 -1       715    6    0    1
 -2       709       472       150       525       778       769       779       766       750       537
 -1       716    6    0    1
 -2       150       472       709       125       769       778       779       448       484       761
 -1       717    6    0    1
 -2       468       709       474       527       780       725       482       759       726       722
 -1       718    6    0    1
 -2       474       709       468       472       725       780       482       485       778       513
 -1       719    6    0    1
 -2       468       521       709       527       754       781       780       759       535       726
 -1       720    6    0    1
 -2       709       521       468       472       781       754       780       778       753       513
 -1       721    6    0    1
 -2       521       525       709       527       567       766       781       535       538       726
 -1       722    6    0    1
 -2       709       525       521       472       766       567       781       778       750       753
 -1       723    6    0    1
 -2       130       711       473       131       782       730       499       142       731       498
 -1       724    6    0    1
 -2       711       130       473       523       782       499       730       713       727       764
 -1       725    6    0    1
 -2       711       130       154       131       782       456       712       731       142       458
 -1       726    6    0    1
 -2       130       711       154       523       782       712       456       727       713       549
 -3
    1PSTEP                         1           1           1          
  100CL  101 1.000000000         782                     0    1           1
 -4  DISP        4    1
 -5  D1          1    2    1    0
 -5  D2          1    2    2    0
 -5  D3          1    2    3    0
 -5  ALL         1    2    0    0    1ALL
 -1         1 3.78472E+11 2.73632E+11-2.48844E+11
 -1         2 3.36781E+11 2.73632E+11-8.34642E+10
 -1         3 1.43239E+11 7.51761E+10-2.48844E+11
 -1         4 1.01548E+11 7.51761E+10-8.34642E+10
 -1         5 1.03326E+10-3.24064E+09 3.17734E+08
 -1         6 1.05041E+09-1.75068E+09 3.17734E+08
 -1         7 8.23175E+09-3.24064E+09 3.85460E+08
 -1         8-1.05041E+09-1.75068E+09 3.85460E+08
 -1         9 1.03326E+10 2.60722E+08-3.85460E+08
 -1        10 1.05041E+09 1.75068E+09-3.85460E+08
 -1        11 8.23175E+09 2.60722E+08-3.17734E+08
 -1        12-1.05041E+09 1.75068E+09-3.17734E+08
 -1        13 5.55833E-05 7.87781E-03-2.13366E-03
 -1        14-6.12950E-04 7.86445E-03-4.61534E-04
 -1        15 3.25947E+11 1.87627E+11-4.44872E+11
 -1        16 1.82444E+11 3.60412E+10-5.88374E+11
 -1        17-1.35835E+10-1.40510E+11-6.40900E+11
 -1        18-2.09611E+11-2.94718E+11-5.88374E+11
 -1        19-3.53114E+11-3.85265E+11-4.44872E+11
 -1        20-4.05639E+11-3.87887E+11-2.48844E+11
 -1        21-3.53114E+11-3.01883E+11-5.28159E+10
 -1        22-2.09611E+11-1.50297E+11 9.06865E+10
 -1        23-1.35835E+10 2.62541E+10 1.43212E+11
 -1        24 1.82444E+11 1.80463E+11 9.06865E+10
 -1        25 3.25947E+11 2.71009E+11-5.28159E+10
 -1        26 3.65113E+11 2.40781E+11-3.50315E+11
 -1        27 2.63642E+11 1.17795E+11-5.26069E+11
 -1        28 8.78880E+10-5.20616E+10-6.27541E+11
 -1        29-1.15055E+11-2.23275E+11-6.27541E+11
 -1        30-2.90809E+11-3.49970E+11-5.26069E+11
 -1        31-3.92280E+11-3.98198E+11-3.50315E+11
 -1        32-3.92280E+11-3.55036E+11-1.47372E+11
 -1        33-2.90809E+11-2.32050E+11 2.83815E+10
 -1        34-1.15055E+11-6.21939E+10 1.29853E+11
 -1        35 8.78880E+10 1.09020E+11 1.29853E+11
 -1        36 2.63642E+11 2.35714E+11 2.83815E+10
 -1        37 3.65113E+11 2.83942E+11-1.47372E+11
 -1        38 3.57627E+11 2.73632E+11-1.66154E+11
 -1        39 2.84256E+11 1.87627E+11-2.79492E+11
 -1        40 1.40754E+11 3.60412E+10-4.22995E+11
 -1        41-5.52745E+10-1.40510E+11-4.75520E+11
 -1        42-2.51302E+11-2.94718E+11-4.22995E+11
 -1        43-3.94805E+11-3.85265E+11-2.79492E+11
 -1        44-4.47330E+11-3.87887E+11-8.34642E+10
 -1        45-3.94805E+11-3.01883E+11 1.12564E+11
 -1        46-2.51302E+11-1.50297E+11 2.56066E+11
 -1        47-5.52745E+10 2.62541E+10 3.08592E+11
 -1        48 1.40754E+11 1.80463E+11 2.56066E+11
 -1        49 2.84256E+11 2.71009E+11 1.12564E+11
 -1        50 3.23422E+11 2.40781E+11-1.84936E+11
 -1        51 2.21951E+11 1.17795E+11-3.60690E+11
 -1        52 4.61971E+10-5.20616E+10-4.62161E+11
 -1        53-1.56746E+11-2.23275E+11-4.62161E+11
 -1        54-3.32500E+11-3.49970E+11-3.60690E+11
 -1        55-4.33971E+11-3.98198E+11-1.84936E+11
 -1        56-4.33971E+11-3.55036E+11 1.80073E+10
 -1        57-3.32500E+11-2.32050E+11 1.93761E+11
 -1        58-1.56746E+11-6.21939E+10 2.95233E+11
 -1        59 4.61971E+10 1.09020E+11 2.95233E+11
 -1        60 2.21951E+11 2.35714E+11 1.93761E+11
 -1        61 3.23422E+11 2.83942E+11 1.80073E+10
 -1        62 1.22229E+11 4.07743E+10-3.27255E+11
 -1        63 6.48277E+10-1.98602E+10-3.84656E+11
 -1        64-1.35835E+10-9.04805E+10-4.05666E+11
 -1        65-9.19947E+10-1.52164E+11-3.84656E+11
 -1        66-1.49396E+11-1.88383E+11-3.27255E+11
 -1        67-1.70406E+11-1.89431E+11-2.48844E+11
 -1        68-1.49396E+11-1.55030E+11-1.70433E+11
 -1        69-9.19947E+10-9.43953E+10-1.13032E+11
 -1        70-1.35835E+10-2.37750E+10-9.20215E+10
 -1        71 6.48277E+10 3.79085E+10-1.13032E+11
 -1        72 1.22229E+11 7.41271E+10-1.70433E+11
 -1        73 1.37895E+11 6.20356E+10-2.89433E+11
 -1        74 9.73066E+10 1.28412E+10-3.59734E+11
 -1        75 2.70051E+10-5.51013E+10-4.00323E+11
 -1        76-5.41721E+10-1.23587E+11-4.00323E+11
 -1        77-1.24474E+11-1.74265E+11-3.59734E+11
 -1        78-1.65062E+11-1.93556E+11-2.89433E+11
 -1        79-1.65062E+11-1.76291E+11-2.08255E+11
 -1        80-1.24474E+11-1.27097E+11-1.37954E+11
 -1        81-5.41721E+10-5.91542E+10-9.73651E+10
 -1        82 2.70051E+10 9.33128E+09-9.73651E+10
 -1        83 9.73066E+10 6.00091E+10-1.37954E+11
 -1        84 1.37895E+11 7.93002E+10-2.08255E+11
 -1        85 8.05377E+10 4.07743E+10-1.61875E+11
 -1        86 2.31367E+10-1.98602E+10-2.19276E+11
 -1        87-5.52745E+10-9.04805E+10-2.40287E+11
 -1        88-1.33686E+11-1.52164E+11-2.19276E+11
 -1        89-1.91087E+11-1.88383E+11-1.61875E+11
 -1        90-2.12097E+11-1.89431E+11-8.34642E+10
 -1        91-1.91087E+11-1.55030E+11-5.05301E+09
 -1        92-1.33686E+11-9.43953E+10 5.23480E+10
 -1        93-5.52745E+10-2.37750E+10 7.33582E+10
 -1        94 2.31367E+10 3.79085E+10 5.23480E+10
 -1        95 8.05377E+10 7.41271E+10-5.05301E+09
 -1        96 9.62043E+10 6.20356E+10-1.24053E+11
 -1        97 5.56157E+10 1.28412E+10-1.94354E+11
 -1        98-1.46858E+10-5.51013E+10-2.34943E+11
 -1        99-9.58631E+10-1.23587E+11-2.34943E+11
 -1       100-1.66165E+11-1.74265E+11-1.94354E+11
 -1       101-2.06753E+11-1.93556E+11-1.24053E+11
 -1       102-2.06753E+11-1.76291E+11-4.28756E+10
 -1       103-1.66165E+11-1.27097E+11 2.74260E+10
 -1       104-9.58631E+10-5.91542E+10 6.80146E+10
 -1       105-1.46858E+10 9.33128E+09 6.80146E+10
 -1       106 5.56157E+10 6.00091E+10 2.74260E+10
 -1       107 9.62043E+10 7.93002E+10-4.28756E+10
 -1       108 1.15445E+11 7.51761E+10-1.38591E+11
 -1       109 1.29342E+11 7.51761E+10-1.93717E+11
 -1       110 1.08496E+11 7.51761E+10-1.11027E+11
 -1       111 1.22393E+11 7.51761E+10-1.66154E+11
 -1       112 1.36290E+11 7.51761E+10-2.21281E+11
 -1       113 5.69149E+09-2.49566E+09 3.17734E+08
 -1       114 9.28216E+09-3.24064E+09 3.51597E+08
 -1       115 3.59067E+09-2.49566E+09 3.85460E+08
 -1       116 2.19232E-04-1.75068E+09 3.51597E+08
 -1       117 5.69149E+09 1.00570E+09-3.85460E+08
 -1       118 9.28216E+09 2.60722E+08-3.51597E+08
 -1       119 3.59067E+09 1.00570E+09-3.17734E+08
 -1       120 3.39836E-04 1.75068E+09-3.51597E+08
 -1       121 1.05041E+09 3.18198E-03-3.38627E+07
 -1       122 1.03326E+10-1.48996E+09-3.38627E+07
 -1       123-1.05041E+09 3.25257E-03 3.38627E+07
 -1       124 8.23175E+09-1.48996E+09 3.38627E+07
 -1       125 9.04893E-05 6.29474E-03-1.74779E-03
 -1       126 3.17275E-04 3.96774E-03-1.38914E-03
 -1       127 6.31098E-04 1.66914E-03-1.13736E-03
 -1       128 8.37132E-04 3.51782E-04-7.10258E-04
 -1       129 9.86065E-04-3.53093E-04-1.01687E-03
 -1       130 7.79283E-04-1.52736E-03-2.04784E-03
 -1       131 6.51971E-04-1.12769E-03-2.51959E-03
 -1       132 7.10451E-04 1.62316E-03-2.64095E-03
 -1       133 5.84017E-04 4.69042E-03-2.65432E-03
 -1       134 3.77943E-04 7.04529E-03-2.59899E-03
 -1       135 1.76594E-04 8.18232E-03-2.43416E-03
 -1       136 4.89488E-05 7.22048E-03-1.94592E-03
 -1       137 1.84528E-04 5.17732E-03-1.55630E-03
 -1       138 4.73228E-04 2.76161E-03-1.24818E-03
 -1       139 7.45873E-04 8.53044E-04-9.56740E-04
 -1       140 8.94240E-04 1.49471E-04 0.00000E+00
 -1       141 8.92564E-04-1.07366E-03-1.64458E-03
 -1       142 7.09174E-04-1.58450E-03-2.32082E-03
 -1       143 6.54508E-04-1.79540E-05-2.61270E-03
 -1       144 6.70570E-04 3.21043E-03-2.65785E-03
 -1       145 4.81681E-04 5.99438E-03-2.64169E-03
 -1       146 2.73733E-04 7.78873E-03-2.53443E-03
 -1       147 1.00268E-04 8.20945E-03-2.29893E-03
 -1       148-2.79947E-04 7.87176E-03-1.29739E-03
 -1       149-5.82141E-04 6.28037E-03-1.29650E-04
 -1       150-3.36837E-04 3.95434E-03 1.45564E-04
 -1       151 2.66922E-05 1.66002E-03 2.37539E-04
 -1       152 4.16989E-04 2.26527E-04 4.03781E-05
 -1       153 1.02060E-03-4.37758E-04-1.70661E-04
 -1       154 9.70993E-04-1.47784E-03-3.65792E-04
 -1       155 4.39452E-04-1.14415E-03-2.47133E-04
 -1       156 1.01403E-04 1.55202E-03-3.06680E-04
 -1       157-1.13151E-05 4.68130E-03-7.32147E-04
 -1       158-2.43006E-04 7.02955E-03-8.03083E-04
 -1       159-4.69477E-04 8.17001E-03-7.08090E-04
 -1       160-6.23547E-04 7.20631E-03-3.00470E-04
 -1       161-4.82385E-04 5.16595E-03 2.35387E-05
 -1       162-1.58663E-04 2.75243E-03 2.17624E-04
 -1       163 2.15057E-04 7.86420E-04 1.57922E-04
 -1       164 7.61957E-04 0.00000E+00 0.00000E+00
 -1       165 1.05953E-03-1.03555E-03-3.00406E-04
 -1       166 7.63544E-04-1.54954E-03-3.75328E-04
 -1       167 0.00000E+00 0.00000E+00 0.00000E+00
 -1       168 6.74097E-05 3.17572E-03-5.70597E-04
 -1       169-1.30219E-04 5.97871E-03-7.89356E-04
 -1       170-3.59804E-04 7.77545E-03-7.76052E-04
 -1       171-5.57980E-04 8.19760E-03-6.01418E-04
 -1       172 3.44268E+11 2.40781E+11-2.67626E+11
 -1       173 3.44268E+11 2.83942E+11-6.46825E+10
 -1       174 3.05101E+11 1.87627E+11-3.62182E+11
 -1       175 3.05101E+11 2.71009E+11 2.98739E+10
 -1       176 2.42796E+11 1.17795E+11-4.43379E+11
 -1       177 6.70426E+10-5.20616E+10-5.44851E+11
 -1       178-3.44290E+10-1.40510E+11-5.58210E+11
 -1       179 1.61599E+11 3.60412E+10-5.05684E+11
 -1       180-1.35901E+11-2.23275E+11-5.44851E+11
 -1       181-2.30457E+11-2.94718E+11-5.05684E+11
 -1       182-3.11654E+11-3.49970E+11-4.43379E+11
 -1       183-3.73959E+11-3.85265E+11-3.62182E+11
 -1       184-4.13126E+11-3.98198E+11-2.67626E+11
 -1       185-4.13126E+11-3.55036E+11-6.46825E+10
 -1       186-4.26485E+11-3.87887E+11-1.66154E+11
 -1       187-3.11654E+11-2.32050E+11 1.11071E+11
 -1       188-2.30457E+11-1.50297E+11 1.73376E+11
 -1       189-3.73959E+11-3.01883E+11 2.98739E+10
 -1       190-1.35901E+11-6.21939E+10 2.12543E+11
 -1       191 6.70426E+10 1.09020E+11 2.12543E+11
 -1       192 1.61599E+11 1.80463E+11 1.73376E+11
 -1       193-3.44290E+10 2.62541E+10 2.25902E+11
 -1       194 2.42796E+11 2.35714E+11 1.11071E+11
 -1       195 2.36344E+11 1.39482E+11-3.15812E+11
 -1       196-1.96543E+11-2.50394E+11-4.31803E+11
 -1       197 2.32258E+11 1.64753E+11-1.80781E+11
 -1       198 1.64610E+11 1.31923E+11-6.67967E+10
 -1       199-8.05513E+10-6.04712E+10 1.08332E+09
 -1       200 5.06939E+10 4.87171E+10-6.14470E+09
 -1       201-1.95448E+11-1.72516E+11-6.99698E+10
 -1       202-2.60520E+11-2.79063E+11-3.12821E+11
 -1       203-7.75607E+10-1.63620E+11-4.95780E+11
 -1       204-2.55754E+11-2.47635E+11-1.83955E+11
 -1       205 1.65291E+11 5.51014E+10-4.30709E+11
 -1       206 5.13058E+10-5.38880E+10-4.91014E+11
 -1       207 2.81145E+11 1.63555E+11-3.80342E+11
 -1       208 3.07408E+11 2.06557E+11-2.82328E+11
 -1       209 3.05365E+11 2.19192E+11-2.14813E+11
 -1       210 2.79103E+11 2.17881E+11-1.16799E+11
 -1       211 2.34301E+11 1.52117E+11-2.48297E+11
 -1       212 1.89791E+11 1.07329E+11-2.82328E+11
 -1       213 1.79286E+11 9.01280E+10-3.21533E+11
 -1       214 1.77244E+11 1.19440E+11-1.75607E+11
 -1       215 1.87749E+11 1.19965E+11-2.14813E+11
 -1       216 1.73868E+11 4.55713E+10-5.09542E+11
 -1       217 2.45619E+11 1.21364E+11-4.37790E+11
 -1       218 2.00817E+11 9.72915E+10-3.73260E+11
 -1       219 1.88612E+10-9.71988E+10-5.65957E+11
 -1       220 1.16875E+11-8.92341E+09-5.39694E+11
 -1       221 1.08298E+11 6.06680E+08-4.60862E+11
 -1       222-1.43586E+11-2.29169E+11-5.42077E+11
 -1       223-4.55721E+10-1.52065E+11-5.68340E+11
 -1       224-1.31274E+10-1.08754E+11-4.93397E+11
 -1       225-2.74828E+11-3.17829E+11-4.38338E+11
 -1       226-2.03077E+11-2.72556E+11-5.10089E+11
 -1       227-1.37052E+11-2.07007E+11-4.63792E+11
 -1       228-3.33080E+11-3.33475E+11-2.80832E+11
 -1       229-3.06817E+11-3.32164E+11-3.78846E+11
 -1       230-2.28532E+11-2.64728E+11-3.72312E+11
 -1       231-3.04434E+11-2.74759E+11-1.18385E+11
 -1       232-3.30697E+11-3.17761E+11-2.16399E+11
 -1       233-2.58137E+11-2.63349E+11-2.48388E+11
 -1       234-2.02530E+11-1.61406E+11 1.03583E+10
 -1       235-2.74281E+11-2.37199E+11-6.13929E+10
 -1       236-2.25601E+11-2.10076E+11-1.26962E+11
 -1       237-4.70674E+10-1.71085E+10 7.21477E+10
 -1       238-1.45081E+11-1.05384E+11 4.58849E+10
 -1       239-1.38000E+11-1.16494E+11-3.44432E+10
 -1       240 1.16569E+11 1.14590E+11 4.22709E+10
 -1       241 1.85552E+10 3.74856E+10 6.85337E+10
 -1       242-1.49287E+10-5.87708E+09-2.53069E+09
 -1       243 2.45278E+11 2.01466E+11-5.98063E+10
 -1       244 1.73527E+11 1.56193E+11 1.19449E+10
 -1       245 1.07652E+11 9.03201E+10-3.64707E+10
 -1       246 1.98434E+11 1.48338E+11-1.23789E+11
 -1       247 1.43760E+11 4.79378E+10-3.78982E+11
 -1       248 1.15059E+11 1.76206E+10-4.07682E+11
 -1       249 5.80667E+10-3.68741E+10-4.37835E+11
 -1       250 1.88612E+10-7.21842E+10-4.48340E+11
 -1       251-4.55721E+10-1.27050E+11-4.50723E+11
 -1       252-8.47777E+10-1.57892E+11-4.40218E+11
 -1       253-1.44269E+11-2.01279E+11-4.08230E+11
 -1       254-1.72969E+11-2.19388E+11-3.79529E+11
 -1       255-2.04958E+11-2.33723E+11-3.20038E+11
 -1       256-2.15463E+11-2.34247E+11-2.80832E+11
 -1       257-2.13080E+11-2.18533E+11-2.16399E+11
 -1       258-2.02575E+11-2.01332E+11-1.77194E+11
 -1       259-1.72422E+11-1.63773E+11-1.20201E+11
 -1       260-1.43722E+11-1.33456E+11-9.15008E+10
 -1       261-8.62730E+10-7.74333E+10-5.59742E+10
 -1       262-4.70674E+10-4.21231E+10-4.54691E+10
 -1       263 1.85552E+10 1.24710E+10-4.90831E+10
 -1       264 5.77608E+10 4.33128E+10-5.95882E+10
 -1       265 1.14719E+11 8.49158E+10-8.99142E+10
 -1       266 1.43419E+11 1.03025E+11-1.18615E+11
 -1       267 1.94653E+11 1.39482E+11-1.50432E+11
 -1       268-2.38234E+11-2.50394E+11-2.66424E+11
 -1       269 1.90567E+11 1.64753E+11-1.54017E+10
 -1       270 1.22919E+11 1.31923E+11 9.85830E+10
 -1       271-1.22242E+11-6.04712E+10 1.66463E+11
 -1       272 9.00298E+09 4.87171E+10 1.59235E+11
 -1       273-2.37139E+11-1.72516E+11 9.54099E+10
 -1       274-3.02211E+11-2.79063E+11-1.47441E+11
 -1       275-1.19252E+11-1.63620E+11-3.30401E+11
 -1       276-2.97445E+11-2.47635E+11-1.85748E+10
 -1       277 1.23600E+11 5.51014E+10-2.65329E+11
 -1       278 9.61490E+09-5.38880E+10-3.25635E+11
 -1       279 2.65717E+11 2.06557E+11-1.16948E+11
 -1       280 2.39454E+11 1.63555E+11-2.14962E+11
 -1       281 2.37412E+11 2.17881E+11 4.85810E+10
 -1       282 2.63674E+11 2.19192E+11-4.94330E+10
 -1       283 1.92610E+11 1.52117E+11-8.29169E+10
 -1       284 1.37595E+11 9.01280E+10-1.56154E+11
 -1       285 1.48100E+11 1.07329E+11-1.16948E+11
 -1       286 1.46058E+11 1.19965E+11-4.94330E+10
 -1       287 1.35553E+11 1.19440E+11-1.02274E+10
 -1       288 2.03928E+11 1.21364E+11-2.72411E+11
 -1       289 1.32177E+11 4.55713E+10-3.44162E+11
 -1       290 1.59126E+11 9.72915E+10-2.07880E+11
 -1       291 7.51842E+10-8.92341E+09-3.74315E+11
 -1       292-2.28298E+10-9.71988E+10-4.00577E+11
 -1       293 6.66073E+10 6.06680E+08-2.95482E+11
 -1       294-8.72630E+10-1.52065E+11-4.02960E+11
 -1       295-1.85277E+11-2.29169E+11-3.76698E+11
 -1       296-5.48183E+10-1.08754E+11-3.28018E+11
 -1       297-2.44768E+11-2.72556E+11-3.44709E+11
 -1       298-3.16519E+11-3.17829E+11-2.72958E+11
 -1       299-1.78743E+11-2.07007E+11-2.98412E+11
 -1       300-3.48508E+11-3.32164E+11-2.13467E+11
 -1       301-3.74771E+11-3.33475E+11-1.15453E+11
 -1       302-2.70222E+11-2.64728E+11-2.06932E+11
 -1       303-3.72388E+11-3.17761E+11-5.10195E+10
 -1       304-3.46125E+11-2.74759E+11 4.69945E+10
 -1       305-2.99828E+11-2.63349E+11-8.30081E+10
 -1       306-3.15972E+11-2.37199E+11 1.03987E+11
 -1       307-2.44221E+11-1.61406E+11 1.75738E+11
 -1       308-2.67292E+11-2.10076E+11 3.84175E+10
 -1       309-1.86772E+11-1.05384E+11 2.11265E+11
 -1       310-8.87584E+10-1.71085E+10 2.37527E+11
 -1       311-1.79691E+11-1.16494E+11 1.30936E+11
 -1       312-2.31357E+10 3.74856E+10 2.33913E+11
 -1       313 7.48782E+10 1.14590E+11 2.07651E+11
 -1       314-5.66196E+10-5.87708E+09 1.62849E+11
 -1       315 1.31836E+11 1.56193E+11 1.77325E+11
 -1       316 2.03587E+11 2.01466E+11 1.05573E+11
 -1       317 6.59609E+10 9.03201E+10 1.28909E+11
 -1       318 1.56743E+11 1.48338E+11 4.15906E+10
 -1       319 7.33682E+10 1.76206E+10-2.42303E+11
 -1       320 1.02069E+11 4.79378E+10-2.13602E+11
 -1       321-2.28298E+10-7.21842E+10-2.82961E+11
 -1       322 1.63758E+10-3.68741E+10-2.72455E+11
 -1       323-1.26469E+11-1.57892E+11-2.74839E+11
 -1       324-8.72630E+10-1.27050E+11-2.85344E+11
 -1       325-2.14660E+11-2.19388E+11-2.14150E+11
 -1       326-1.85960E+11-2.01279E+11-2.42850E+11
 -1       327-2.57154E+11-2.34247E+11-1.15453E+11
 -1       328-2.46649E+11-2.33723E+11-1.54658E+11
 -1       329-2.44266E+11-2.01332E+11-1.18139E+10
 -1       330-2.54771E+11-2.18533E+11-5.10195E+10
 -1       331-1.85412E+11-1.33456E+11 7.38789E+10
 -1       332-2.14113E+11-1.63773E+11 4.51785E+10
 -1       333-8.87584E+10-4.21231E+10 1.19911E+11
 -1       334-1.27964E+11-7.74333E+10 1.09405E+11
 -1       335 1.60699E+10 4.33128E+10 1.05791E+11
 -1       336-2.31357E+10 1.24710E+10 1.16297E+11
 -1       337 1.01728E+11 1.03025E+11 4.67650E+10
 -1       338 7.30278E+10 8.49158E+10 7.54655E+10
 -1       339 4.38087E+09 7.92828E+09-1.42161E+10
 -1       340 7.15029E+10 5.68122E+10-5.06272E+10
 -1       341 7.15029E+10 7.61162E+09-2.81965E+11
 -1       342 4.38087E+09-5.67024E+10-3.18105E+11
 -1       343-7.50176E+10-5.91542E+10-1.46753E+10
 -1       344-1.45319E+11-1.27097E+11-5.52639E+10
 -1       345 1.30947E+11 7.93002E+10-1.80692E+11
 -1       346 1.09751E+11 7.70513E+10-1.07187E+11
 -1       347 1.09751E+11 4.92819E+10-2.37757E+11
 -1       348 1.30947E+11 6.20356E+10-2.61869E+11
 -1       349 1.09609E+11 6.41462E+10-1.67304E+11
 -1       350 1.09609E+11 7.92935E+10-9.60819E+10
 -1       351-1.85908E+11-1.76291E+11-1.25565E+11
 -1       352-1.85908E+11-1.93556E+11-2.06743E+11
 -1       353-1.45319E+11-1.74265E+11-2.77044E+11
 -1       354-7.50176E+10-1.23587E+11-3.17633E+11
 -1       355 1.38423E+11 6.96908E+10-2.55532E+11
 -1       356 1.27827E+11 5.23415E+10-2.95076E+11
 -1       357 1.38423E+11 7.83976E+10-2.14593E+11
 -1       358 1.27827E+11 7.78686E+10-1.75049E+11
 -1       359 1.31474E+11 7.83976E+10-1.87030E+11
 -1       360 1.31474E+11 6.96908E+10-2.27968E+11
 -1       361 1.06599E+11 7.04973E+10-1.25501E+11
 -1       362 9.66520E+10 5.36593E+10-1.65213E+11
 -1       363 1.06599E+11 7.81210E+10-8.96556E+10
 -1       364 9.66520E+10 7.81747E+10-4.99437E+10
 -1       365 1.13548E+11 7.04973E+10-1.53065E+11
 -1       366 1.13548E+11 7.81210E+10-1.17219E+11
 -1       367 9.82931E+10 2.51534E+10-3.05756E+11
 -1       368 6.87140E+10-5.82056E+09-3.34059E+11
 -1       369 9.31553E+10 3.01882E+10-2.61702E+11
 -1       370 1.16144E+11 4.51416E+10-2.82586E+11
 -1       371 1.20867E+11 5.60558E+10-2.50000E+11
 -1       372 3.51567E+10-3.81037E+10-3.52737E+11
 -1       373-4.44866E+09-7.37210E+10-3.63101E+11
 -1       374 4.01807E+10-2.35372E+10-3.04176E+11
 -1       375-4.44757E+10-1.07464E+11-3.62980E+11
 -1       376-8.40196E+10-1.38572E+11-3.52384E+11
 -1       377-3.53483E+10-9.12562E+10-3.22977E+11
 -1       378-1.19474E+11-1.64130E+11-3.31915E+11
 -1       379-1.48422E+11-1.82395E+11-3.02966E+11
 -1       380-1.12840E+11-1.52164E+11-3.01966E+11
 -1       381-1.68891E+11-1.92124E+11-2.67512E+11
 -1       382-1.79487E+11-1.92653E+11-2.27968E+11
 -1       383-1.70241E+11-1.88383E+11-2.44565E+11
 -1       384-1.68891E+11-1.66597E+11-1.47486E+11
 -1       385-1.79487E+11-1.83946E+11-1.87030E+11
 -1       386-1.91251E+11-1.89431E+11-1.66154E+11
 -1       387-1.48422E+11-1.41787E+11-1.12032E+11
 -1       388-1.19474E+11-1.11209E+11-8.30834E+10
 -1       389-1.70241E+11-1.55030E+11-8.77429E+10
 -1       390-8.40196E+10-7.69443E+10-6.26140E+10
 -1       391-4.44757E+10-4.13294E+10-5.20182E+10
 -1       392-1.12840E+11-9.43953E+10-3.03419E+10
 -1       393-4.44866E+09-7.53623E+09-5.19042E+10
 -1       394 3.51567E+10 2.36729E+10-6.22677E+10
 -1       395-3.53483E+10-2.45519E+10-9.33777E+09
 -1       396 6.87140E+10 4.79825E+10-8.10807E+10
 -1       397 9.82931E+10 6.69175E+10-1.09384E+11
 -1       398 4.01807E+10 3.51396E+10-2.82812E+10
 -1       399 9.31553E+10 6.94563E+10-7.70660E+10
 -1       400 1.16144E+11 7.57366E+10-1.38730E+11
 -1       401 1.20867E+11 7.86521E+10-1.43753E+11
 -1       402 4.78685E+10-5.82056E+09-2.51369E+11
 -1       403 7.74476E+10 2.51534E+10-2.23066E+11
 -1       404 9.52990E+10 4.51416E+10-1.99896E+11
 -1       405 1.10424E+11 5.72873E+10-2.02784E+11
 -1       406-2.52941E+10-7.37210E+10-2.80411E+11
 -1       407 1.43113E+10-3.81037E+10-2.70047E+11
 -1       408-1.04865E+11-1.38572E+11-2.69694E+11
 -1       409-6.53211E+10-1.07464E+11-2.80290E+11
 -1       410-1.69267E+11-1.82395E+11-2.20277E+11
 -1       411-1.40319E+11-1.64130E+11-2.49225E+11
 -1       412-2.00332E+11-1.92653E+11-1.45279E+11
 -1       413-1.89737E+11-1.92124E+11-1.84822E+11
 -1       414-2.00332E+11-1.83946E+11-1.04340E+11
 -1       415-1.89737E+11-1.66597E+11-6.47958E+10
 -1       416-1.40319E+11-1.11209E+11-3.93575E+08
 -1       417-1.69267E+11-1.41787E+11-2.93417E+10
 -1       418-6.53211E+10-4.13294E+10 3.06716E+10
 -1       419-1.04865E+11-7.69443E+10 2.00759E+10
 -1       420 1.43113E+10 2.36729E+10 2.04221E+10
 -1       421-2.52941E+10-7.53623E+09 3.07857E+10
 -1       422 7.74476E+10 6.69175E+10-2.66940E+10
 -1       423 4.78685E+10 4.79825E+10 1.60912E+09
 -1       424 9.52990E+10 7.57366E+10-5.60403E+10
 -1       425 1.10424E+11 7.88537E+10-1.01381E+11
 -1       426 1.20496E+11 7.04973E+10-1.80628E+11
 -1       427 1.20496E+11 7.81210E+10-1.44782E+11
 -1       428 1.23064E+11 7.92443E+10-1.49685E+11
 -1       429 1.23064E+11 6.50334E+10-2.16504E+11
 -1       430 4.64108E+09-2.49566E+09 3.51597E+08
 -1       431 4.64108E+09 1.00570E+09-3.51597E+08
 -1       432 5.69149E+09-7.44978E+08-3.38627E+07
 -1       433 3.59067E+09-7.44978E+08 3.38627E+07
 -1       434 3.10969E-04 3.24043E-03-1.46749E-03
 -1       435-5.25204E+08-8.75339E+08 1.92730E+08
 -1       436 5.25204E+08-8.75339E+08 1.58867E+08
 -1       437 5.25204E+08 8.75339E+08-1.92730E+08
 -1       438-5.25204E+08 8.75339E+08-1.58867E+08
 -1       439 9.28216E+09-1.48996E+09-4.25092E-03
 -1       440 9.80736E+09-2.36530E+09 1.58867E+08
 -1       441 8.75696E+09-2.36530E+09 1.92730E+08
 -1       442 9.80736E+09-6.14617E+08-1.92730E+08
 -1       443 8.75696E+09-6.14617E+08-1.58867E+08
 -1       444-2.87186E-04 7.21323E-03-1.12268E-03
 -1       445-2.28556E-04 8.20420E-03-1.44952E-03
 -1       446-2.44977E-04 6.28679E-03-9.38074E-04
 -1       447-1.46234E-04 8.17754E-03-1.57094E-03
 -1       448-1.50509E-04 5.17010E-03-7.65116E-04
 -1       449-1.11654E-05 3.95894E-03-6.21106E-04
 -1       450 1.54758E-04 2.75359E-03-5.19216E-04
 -1       451 3.30055E-04 1.65341E-03-4.69411E-04
 -1       452 4.84690E-04 8.00532E-04-4.25642E-04
 -1       453 8.26102E-04 3.83660E-05-3.75722E-04
 -1       454 6.42354E-04 2.55293E-04-3.89527E-04
 -1       455 9.78290E-04-1.05506E-03-9.80129E-04
 -1       456 8.81457E-04-1.50561E-03-1.20448E-03
 -1       457 9.87840E-04-4.19084E-04-6.43292E-04
 -1       458 7.42802E-04-1.57185E-03-1.35610E-03
 -1       459 5.76236E-04-1.14152E-03-1.40679E-03
 -1       460 4.32488E-04-2.87883E-05-1.42918E-03
 -1       461 4.31000E-04 1.59934E-03-1.50478E-03
 -1       462 3.73433E-04 3.20684E-03-1.61839E-03
 -1       463 1.76067E-04 5.98795E-03-1.71261E-03
 -1       464 6.58668E-05 7.03979E-03-1.70085E-03
 -1       465 2.88975E-04 4.69253E-03-1.69834E-03
 -1       466-4.38810E-05 7.78344E-03-1.65563E-03
 -1       467 5.48937E-04 3.24015E-03-2.27063E-03
 -1       468 3.43291E-04 5.77123E-03-2.23555E-03
 -1       469 5.12245E-04 4.58571E-03-2.45232E-03
 -1       470 6.17552E-04 7.72732E-04-1.92854E-03
 -1       471 5.88209E-04 1.92773E-03-1.52528E-03
 -1       472 3.85485E-04 4.27799E-03-1.82491E-03
 -1       473 6.07479E-04 1.74571E-03-2.43657E-03
 -1       474 2.24821E-04 6.05688E-03-2.00762E-03
 -1       475 3.69228E-04 6.40865E-03-2.44237E-03
 -1       476 4.89105E-04 2.94277E-03-1.47162E-03
 -1       477 6.36153E-04 5.88073E-04-1.25165E-03
 -1       478 1.60567E-04 6.17991E-03-1.88048E-03
 -1       479 1.43280E-04 6.96317E-03-2.07390E-03
 -1       480 2.09064E-04 6.83120E-03-2.18587E-03
 -1       481 2.64631E-04 6.97027E-03-2.33947E-03
 -1       482 2.85452E-04 5.92155E-03-2.12784E-03
 -1       483 3.52623E-04 4.13317E-03-1.60215E-03
 -1       484 2.49389E-04 5.28598E-03-1.79338E-03
 -1       485 3.03504E-04 5.16104E-03-1.92743E-03
 -1       486 5.59553E-04 2.29985E-03-1.29138E-03
 -1       487 4.11170E-04 3.45247E-03-1.43734E-03
 -1       488 4.31724E-04 3.60223E-03-1.65178E-03
 -1       489 6.81389E-04 1.03648E-03-1.11449E-03
 -1       490 6.18271E-04 1.82026E-03-1.28356E-03
 -1       491 5.46418E-04 2.43452E-03-1.49859E-03
 -1       492 7.40477E-04 4.29419E-05-1.15102E-03
 -1       493 6.66044E-04 4.77809E-04-8.26224E-04
 -1       494 6.19478E-04 1.23060E-03-1.40050E-03
 -1       495 6.77506E-04-3.26279E-04-1.98921E-03
 -1       496 6.95106E-04 2.67236E-05-1.57115E-03
 -1       497 6.26171E-04 6.89862E-04-1.61936E-03
 -1       498 6.05116E-04 3.61729E-04-2.49279E-03
 -1       499 6.16076E-04-5.79739E-05-2.28032E-03
 -1       500 6.00200E-04 1.21439E-03-2.24965E-03
 -1       501 6.68687E-04 1.65203E-03-2.56391E-03
 -1       502 5.53466E-04 4.63397E-03-2.55195E-03
 -1       503 6.35294E-04 3.18406E-03-2.55078E-03
 -1       504 5.78864E-04 3.19249E-03-2.44213E-03
 -1       505 4.52315E-04 5.80975E-03-2.52075E-03
 -1       506 2.76833E-04 7.29885E-03-2.43819E-03
 -1       507 3.75024E-04 6.72452E-03-2.52213E-03
 -1       508 4.48733E-04 5.50625E-03-2.44792E-03
 -1       509 3.59462E-04 6.09173E-03-2.34793E-03
 -1       510 5.34749E-04 3.88099E-03-2.32648E-03
 -1       511 4.44627E-04 5.20610E-03-2.36466E-03
 -1       512 4.55041E-04 4.47895E-03-2.22792E-03
 -1       513 3.55595E-04 5.02390E-03-2.06459E-03
 -1       514 4.48146E-04 3.77163E-03-1.99288E-03
 -1       515 5.55501E-04 2.54698E-03-2.32137E-03
 -1       516 5.70639E-04 2.56360E-03-1.86920E-03
 -1       517 6.10502E-04 1.40633E-03-1.72110E-03
 -1       518 5.89126E-04 1.96357E-03-2.09403E-03
 -1       519 4.91288E-04 3.07448E-03-1.69426E-03
 -1       520 5.76343E-05 3.22923E-03-5.60056E-04
 -1       521-2.72834E-04 5.76636E-03-5.51597E-04
 -1       522-2.90529E-05 4.57260E-03-6.32237E-04
 -1       523 4.88472E-04 7.64378E-04-3.91371E-04
 -1       524 1.20177E-04 1.89877E-03-1.14283E-04
 -1       525-2.45117E-04 4.27267E-03-2.30670E-04
 -1       526 2.82536E-04 1.75786E-03-5.02963E-04
 -1       527-4.32984E-04 6.04628E-03-3.60942E-04
 -1       528-2.46207E-04 6.39738E-03-6.88892E-04
 -1       529-1.09195E-04 2.92216E-03 2.11395E-05
 -1       530 4.81564E-04 5.79922E-04-1.59171E-04
 -1       531-5.23813E-04 6.95038E-03-4.13408E-04
 -1       532-5.08559E-04 6.16789E-03-2.47471E-04
 -1       533-3.72661E-04 6.95816E-03-6.30930E-04
 -1       534-4.44788E-04 6.82080E-03-5.08031E-04
 -1       535-3.53790E-04 5.91367E-03-4.63198E-04
 -1       536-4.10090E-04 5.27357E-03-1.81334E-04
 -1       537-2.90126E-04 4.11875E-03-3.93074E-05
 -1       538-3.40540E-04 5.15155E-03-3.01207E-04
 -1       539-2.20746E-04 3.43762E-03 8.11010E-05
 -1       540-4.01879E-05 2.28130E-03 1.36329E-04
 -1       541-1.80113E-04 3.58622E-03-1.04447E-04
 -1       542 8.37201E-05 1.80862E-03 7.34031E-05
 -1       543 2.75242E-04 9.68277E-04 8.33242E-06
 -1       544 5.72177E-06 2.40987E-03-4.54092E-05
 -1       545 4.51022E-04 4.32512E-04-2.14191E-05
 -1       546 7.44048E-04 4.50874E-05-1.75290E-04
 -1       547 2.80867E-04 1.18626E-03-1.26389E-04
 -1       548 7.39061E-04 3.17229E-05-3.08459E-04
 -1       549 7.62230E-04-3.02231E-04-4.00278E-04
 -1       550 4.90540E-04 6.79241E-04-2.99438E-04
 -1       551 5.96228E-04-3.47157E-05-4.47370E-04
 -1       552 3.92924E-04 3.67151E-04-4.18235E-04
 -1       553 3.78896E-04 1.20469E-03-4.76542E-04
 -1       554 2.52175E-04 1.62861E-03-4.15926E-04
 -1       555 1.03328E-04 3.15747E-03-5.43243E-04
 -1       556-1.52069E-05 4.62389E-03-6.74116E-04
 -1       557 1.24784E-04 3.18492E-03-5.58997E-04
 -1       558-1.38796E-04 5.79698E-03-7.17370E-04
 -1       559-2.42706E-04 6.71230E-03-7.47176E-04
 -1       560-3.58036E-04 7.28739E-03-7.01910E-04
 -1       561-1.34926E-04 5.49441E-03-6.65009E-04
 -1       562-2.56054E-04 6.08246E-03-6.25947E-04
 -1       563-1.07864E-04 4.48492E-03-5.50653E-04
 -1       564-1.36112E-04 5.19774E-03-6.12178E-04
 -1       565 2.46823E-05 3.87395E-03-5.77479E-04
 -1       566-1.09704E-04 3.76772E-03-3.78782E-04
 -1       567-2.67904E-04 5.01768E-03-4.13960E-04
 -1       568 1.72441E-04 2.52849E-03-5.19143E-04
 -1       569 2.45374E-04 1.93429E-03-4.57801E-04
 -1       570 2.95900E-04 1.39331E-03-2.64544E-04
 -1       571 8.21758E-05 2.53598E-03-3.24428E-04
 -1       572-6.43557E-05 3.04809E-03-1.72269E-04
 -1       573 4.07483E+10-5.74396E+10-4.65834E+11
 -1       574 1.76980E+11 8.25600E+10-3.47969E+11
 -1       575 2.12394E+11 1.43272E+11-2.02989E+11
 -1       576 9.07509E+10-1.06992E+10-4.44414E+11
 -1       577-7.26308E+09-9.89746E+10-4.70677E+11
 -1       578 1.11596E+11-1.06992E+10-5.27104E+11
 -1       579 1.35824E+10-9.89746E+10-5.53367E+11
 -1       580-1.91225E+11-2.21975E+11-3.19273E+11
 -1       581-1.70931E+11-2.12329E+11-3.54424E+11
 -1       582-2.12071E+11-2.21975E+11-2.36583E+11
 -1       583-1.91777E+11-2.12329E+11-2.71734E+11
 -1       584-2.17388E+11-2.50394E+11-3.49113E+11
 -1       585-2.23214E+11-2.27677E+11-2.19193E+11
 -1       586-2.23214E+11-2.36309E+11-2.59782E+11
 -1       587-2.44059E+11-2.27677E+11-1.36503E+11
 -1       588-2.44059E+11-2.36309E+11-1.77092E+11
 -1       589-2.81366E+11-2.79063E+11-2.30131E+11
 -1       590-1.91229E+11-1.49806E+11 2.00730E+10
 -1       591-2.16294E+11-1.72516E+11 1.27201E+10
 -1       592-1.70384E+11-1.49806E+11-6.26168E+10
 -1       593-1.90678E+11-1.74403E+11-9.77676E+10
 -1       594-2.11524E+11-1.74403E+11-1.50778E+10
 -1       595-7.62891E+10-1.43604E+11-4.06707E+11
 -1       596-3.65899E+10-1.10161E+11-4.06943E+11
 -1       597-5.74354E+10-1.10161E+11-3.24253E+11
 -1       598-9.84061E+10-1.63620E+11-4.13091E+11
 -1       599-9.71346E+10-1.43604E+11-3.24017E+11
 -1       600 6.10984E+10 5.27646E+10-2.83859E+10
 -1       601 2.75374E+10 2.83227E+10-1.01804E+10
 -1       602 6.69192E+09 2.83227E+10 7.25094E+10
 -1       603 2.98484E+10 4.87171E+10 7.65452E+10
 -1       604 4.02529E+10 5.27646E+10 5.43039E+10
 -1       605 1.37180E+11 1.04487E+11-8.69920E+10
 -1       606 1.71005E+11 1.20902E+11-1.43984E+11
 -1       607 2.11413E+11 1.64753E+11-9.80916E+10
 -1       608 1.50159E+11 1.20902E+11-6.12945E+10
 -1       609 1.77589E+11 1.48338E+11-4.10992E+10
 -1       610-2.49377E+11-2.64728E+11-2.89622E+11
 -1       611 1.16335E+11 1.04487E+11-4.30211E+09
 -1       612 1.43764E+11 1.31923E+11 1.58932E+10
 -1       613-3.39729E+10-1.08754E+11-4.10708E+11
 -1       614 6.99789E+09-5.52952E+10-3.21870E+11
 -1       615-2.46447E+11-2.10076E+11-4.42723E+10
 -1       616-2.20831E+11-2.11963E+11-1.54760E+11
 -1       617-2.41676E+11-2.11963E+11-7.20701E+10
 -1       618-2.78982E+11-2.63349E+11-1.65698E+11
 -1       619 1.18056E+11 9.43677E+10-5.87119E+10
 -1       620 8.68063E+10 9.03201E+10 4.62192E+10
 -1       621 9.72108E+10 9.43677E+10 2.39779E+10
 -1       622 2.78434E+10-5.52952E+10-4.04560E+11
 -1       623 3.04604E+10-5.38880E+10-4.08324E+11
 -1       624-2.76599E+11-2.47635E+11-1.01265E+11
 -1       625 1.70868E+11 1.09224E+11-1.98353E+11
 -1       626 1.63920E+11 1.09224E+11-1.70790E+11
 -1       627 1.61002E+11 1.11283E+11-1.49535E+11
 -1       628 1.81603E+11 1.22027E+11-1.80737E+11
 -1       629 1.80800E+11 1.19965E+11-1.87249E+11
 -1       630 1.61073E+11 1.10161E+11-1.55088E+11
 -1       631-1.01397E+11-6.04712E+10 8.37732E+10
 -1       632-6.79129E+10-1.71085E+10 1.54838E+11
 -1       633-3.57742E+10-5.87708E+09 8.01592E+10
 -1       634 2.84520E+11 2.19192E+11-1.32123E+11
 -1       635 2.22326E+11 1.54012E+11-1.91885E+11
 -1       636 2.01481E+11 1.54012E+11-1.09195E+11
 -1       637 2.95433E+11 2.08452E+11-2.25916E+11
 -1       638-1.11440E+11-1.68942E+11-3.86412E+11
 -1       639-1.32285E+11-1.68942E+11-3.03722E+11
 -1       640-1.56078E+11-1.15835E+11 4.03673E+10
 -1       641-1.35233E+11-1.15835E+11-4.23225E+10
 -1       642 2.24433E+11 2.01466E+11 2.28835E+10
 -1       643 9.57237E+10 1.14590E+11 1.24961E+11
 -1       644 1.50088E+11 1.22023E+11-5.57418E+10
 -1       645-1.21619E+10-5.21856E+09-1.04100E+10
 -1       646-3.30073E+10-5.21856E+09 7.22799E+10
 -1       647 1.83645E+11 1.00759E+11-2.88840E+11
 -1       648 1.73047E+11 9.43818E+10-2.76784E+11
 -1       649 6.14044E+10-2.31382E+10-3.86490E+11
 -1       650 1.24241E+11 4.50858E+10-3.14967E+11
 -1       651 1.14143E+11 1.43360E+10-4.19492E+11
 -1       652 9.06803E+10 1.29288E+10-3.33037E+11
 -1       653 4.05589E+10-2.31382E+10-3.03800E+11
 -1       654 9.32974E+10 1.43360E+10-3.36802E+11
 -1       655-1.65927E+11-1.05384E+11 1.28575E+11
 -1       656 2.58257E+11 2.17881E+11-3.41088E+10
 -1       657 1.52682E+11 1.56193E+11 9.46348E+10
 -1       658-2.29027E+09 3.74856E+10 1.51224E+11
 -1       659 1.43295E+11 7.33531E+10-2.57636E+11
 -1       660 1.43365E+11 6.59209E+10-2.92863E+11
 -1       661 1.28759E+11 6.16672E+10-2.54922E+11
 -1       662-1.57897E+11-2.07007E+11-3.81102E+11
 -1       663-2.23923E+11-2.72556E+11-4.27399E+11
 -1       664-2.95674E+11-3.17829E+11-3.55648E+11
 -1       665-1.58845E+11-1.16494E+11 4.82466E+10
 -1       666-9.86299E+10-5.98127E+10 7.58939E+10
 -1       667-7.77845E+10-5.98127E+10-6.79598E+09
 -1       668-3.27662E+11-3.32164E+11-2.96157E+11
 -1       669-2.23375E+11-1.61406E+11 9.30482E+10
 -1       670-1.64432E+11-2.29169E+11-4.59388E+11
 -1       671-3.53925E+11-3.33475E+11-1.98143E+11
 -1       672-2.95127E+11-2.37199E+11 2.12970E+10
 -1       673-3.25279E+11-2.74759E+11-3.56954E+10
 -1       674-3.51542E+11-3.17761E+11-1.33709E+11
 -1       675 2.51816E+10-5.56638E+10-3.95734E+11
 -1       676 4.60271E+10-5.56638E+10-4.78424E+11
 -1       677 1.08864E+11 1.25602E+10-4.06902E+11
 -1       678 9.75513E+10 3.13565E+10-2.73647E+11
 -1       679 2.74588E+11 2.08452E+11-1.43227E+11
 -1       680 1.18397E+11 3.13565E+10-3.56337E+11
 -1       681-6.64176E+10-1.52065E+11-4.85650E+11
 -1       682 1.52131E+11 1.01814E+11-1.58868E+11
 -1       683 1.85816E+11 1.11021E+11-2.49201E+11
 -1       684 1.50290E+11 6.88307E+10-3.06649E+11
 -1       685 1.71135E+11 6.88307E+10-3.89339E+11
 -1       686 1.37521E+11 5.21916E+10-3.34233E+11
 -1       687 1.79712E+11 5.93006E+10-4.68172E+11
 -1       688 2.30618E+11 1.35094E+11-3.13731E+11
 -1       689 1.58867E+11 5.93006E+10-3.85482E+11
 -1       690 1.71670E+11 1.02654E+11-2.32429E+11
 -1       691 2.24369E+11 1.41377E+11-2.59400E+11
 -1       692 1.61073E+11 9.62767E+10-2.20373E+11
 -1       693 2.69171E+11 1.65449E+11-3.23930E+11
 -1       694 1.77817E+11 1.09224E+11-2.25916E+11
 -1       695 1.61002E+11 1.03709E+11-1.85146E+11
 -1       696 2.51463E+11 1.35094E+11-3.96420E+11
 -1       697 2.48325E+11 1.65449E+11-2.41241E+11
 -1       698 2.06662E+11 1.11021E+11-3.31890E+11
 -1       699 1.94687E+11 1.12916E+11-2.75479E+11
 -1       700 2.03523E+11 1.41377E+11-1.76711E+11
 -1       701 1.56971E+11 1.09224E+11-1.43227E+11
 -1       702-3.92516E+10-1.10530E+11-3.98117E+11
 -1       703-1.84062E+10-1.10530E+11-4.80807E+11
 -1       704 5.16628E+09-1.62032E+09 1.58867E+08
 -1       705 4.11588E+09-1.62032E+09 1.92730E+08
 -1       706 4.64108E+09-7.44978E+08-3.51984E-03
 -1       707 4.11588E+09 1.30361E+08-1.58867E+08
 -1       708 5.16628E+09 1.30361E+08-1.92730E+08
 -1       709-1.39103E-04 5.52633E-03-9.31948E-04
 -1       710 7.94901E-04-4.12543E-04-1.05661E-03
 -1       711 6.08191E-04-1.47852E-04-1.28328E-03
 -1       712 7.51573E-04-8.66514E-04-8.09167E-04
 -1       713 5.75768E-04 3.59812E-04-8.24526E-04
 -1       714 4.64334E-04 7.71019E-04-9.07236E-04
 -1       715 5.60135E-04-6.13938E-04-8.50059E-04
 -1       716 7.20902E-04 1.95562E-05-9.42012E-04
 -1       717 5.56529E-04 7.63617E-04-1.16330E-03
 -1       718 6.63786E-04 1.48279E-04-1.47529E-03
 -1       719 6.61455E-04 1.57218E-04-7.35886E-04
 -1       720 9.00375E-04-4.51024E-04-5.80753E-04
 -1       721 8.64517E-04-4.39813E-04-1.15695E-03
 -1       722-1.03640E-04 6.05170E-03-1.18365E-03
 -1       723-1.73300E-04 6.17348E-03-1.06360E-03
 -1       724-3.56610E-04 5.90530E-03-5.30433E-04
 -1       725 4.18440E-05 5.79157E-03-1.46857E-03
 -1       726-2.86349E-04 5.78616E-03-6.49996E-04
 -1       727 7.22923E-04-3.18932E-04-1.19062E-03
 -1       728 8.11445E-04-9.31427E-04-1.53274E-03
 -1       729 5.10975E-04 3.63053E-04-1.45627E-03
 -1       730 5.57033E-04 7.60653E-04-1.85511E-03
 -1       731 6.20139E-04-6.17555E-04-1.86834E-03
 -1       732 8.87738E-04-9.08200E-04-7.57865E-04
 -1       733 7.52158E-04 4.97268E-05-6.91900E-04
 -1       734 5.63370E-04 6.75268E-04-9.64972E-04
 -1       735 5.76889E-04 5.79814E-04-7.20326E-04
 -1       736 1.89307E-04 2.92769E-03-7.25538E-04
 -1       737 1.27254E-04 3.59016E-03-8.79761E-04
 -1       738 2.74513E-04 2.41568E-03-7.71814E-04
 -1       739 4.51837E-04 1.19079E-03-7.76885E-04
 -1       740 5.02470E-05 6.08928E-03-1.48663E-03
 -1       741-4.04404E-05 7.29482E-03-1.56923E-03
 -1       742 6.09446E-05 6.40520E-03-1.56505E-03
 -1       743 2.60264E-04 2.28305E-03-5.87502E-04
 -1       744 4.41968E-04 1.74855E-03-1.46870E-03
 -1       745 3.27762E-04 2.54558E-03-1.09775E-03
 -1       746 4.18375E-04 1.94308E-03-1.27903E-03
 -1       747 1.70566E-04 3.76966E-03-1.19249E-03
 -1       748 4.55151E-04 1.39254E-03-9.90557E-04
 -1       749 2.14344E-04 3.05782E-03-9.35021E-04
 -1       750 7.13765E-05 4.27400E-03-1.03017E-03
 -1       751 1.73564E-04 4.48664E-03-1.39327E-03
 -1       752 3.53229E-04 1.90275E-03-8.14939E-04
 -1       753 4.54106E-05 5.02276E-03-1.23906E-03
 -1       754 3.42859E-05 5.77059E-03-1.39305E-03
 -1       755-1.89851E-04 6.95738E-03-1.24329E-03
 -1       756 9.35379E-05 3.44194E-03-6.78039E-04
 -1       757 5.75312E-04 4.32967E-04-4.20060E-04
 -1       758 6.50870E-05 6.72070E-03-1.63497E-03
 -1       759-3.50391E-05 5.91856E-03-1.29522E-03
 -1       760-1.17928E-04 6.82624E-03-1.34603E-03
 -1       761-2.35107E-05 5.91223E-03-1.34237E-03
 -1       762-5.50094E-05 6.96519E-03-1.48443E-03
 -1       763 3.46314E-04 1.80000E-03-6.12630E-04
 -1       764 4.95664E-04 1.20295E-03-1.35944E-03
 -1       765 4.90449E-04 9.86775E-04-5.52775E-04
 -1       766-1.93526E-04 4.89590E-03-5.80316E-04
 -1       767 1.57390E-04 5.50280E-03-1.55491E-03
 -1       768 2.64516E-04 4.63082E-03-1.60896E-03
 -1       769 3.14187E-05 4.12300E-03-8.20913E-04
 -1       770 1.53312E-04 5.20424E-03-1.48566E-03
 -1       771 2.80546E-04 3.88236E-03-1.45302E-03
 -1       772 3.64503E-04 2.53885E-03-1.42522E-03
 -1       773 3.73249E-04 3.18264E-03-1.55112E-03
 -1       774 2.42492E-04 4.58249E-03-1.54092E-03
 -1       775 1.56104E-04 5.80554E-03-1.61992E-03
 -1       776 3.50106E-04 3.18849E-03-1.49236E-03
 -1       777 4.43070E-04 1.64420E-03-1.48169E-03
 -1       778 1.27656E-04 4.89943E-03-1.38467E-03
 -1       779-2.43820E-04 4.73568E-03-3.85377E-04
 -1       780 1.05802E-04 5.66110E-03-1.59074E-03
 -1       781-2.13656E-04 5.65679E-03-7.63142E-04
 -1       782 7.14963E-04-8.85977E-04-1.69749E-03
 -3
    1PSTEP                         2           1           1          
  100CL  101 1.000000000         782                     0    1           1
 -4  STRESS      6    1
 -5  SXX         1    4    1    1
 -5  SYY         1    4    2    2
 -5  SZZ         1    4    3    3
 -5  SXY         1    4    1    2
 -5  SYZ         1    4    2    3
 -5  SZX         1    4    3    1
 -1         1-1.67661E+01-1.09307E+00-8.30859E+00 1.40542E+01 1.53564E+00-3.72965E+00
 -1         2 1.97119E+01-4.22049E+00 3.26429E+00 7.10530E-01 5.63017E+00-5.11518E+00
 -1         3-9.99423E-01-6.01497E+01-3.87927E+01-3.44908E+01-4.87000E+00-1.76110E+01
 -1         4 7.31617E+01 3.56454E+01 3.59845E+01 2.68787E+01-1.47873E+01-1.68541E+01
 -1         5 1.70506E-02-1.21636E-01-2.40576E+01 8.30241E-02 7.25972E-01-3.84651E+00
 -1         6 8.26920E-02-6.49054E-02-3.15541E+01-5.96505E-02 1.87329E+00-7.69554E-01
 -1         7-3.77714E-01-2.52002E-01 2.52753E+00 1.70705E-01 1.16097E+00 2.14453E+00
 -1         8-1.30303E-01 8.76714E-02-5.37720E+00-1.12229E-01 2.84487E+00 3.03819E+00
 -1         9-7.75643E-01-3.60967E-01-3.54131E+00 2.45314E-01-2.89574E+00-2.62487E+00
 -1        10 5.42719E-01 2.58588E-02-1.12084E+01 4.36143E-02-7.27777E-01-2.44903E+00
 -1        11-2.24391E-01-3.85994E-01 2.29486E+01 3.16438E-01-1.83286E+00 1.31447E+00
 -1        12 7.59673E-02-7.66316E-02 1.52824E+01-1.19944E-01-1.08972E+00 3.33518E+00
 -1        13-7.77299E-01 2.89697E-03 2.75886E-02-1.26143E-01-1.59535E-02 1.34390E-01
 -1        14-1.03823E+00 2.38922E-02 6.49675E-04-1.31513E-01-1.26144E-02-2.32520E-01
 -1        15-1.55562E+01-9.49149E+00-1.11829E+01 7.47670E+00-5.74937E+00-6.73057E-01
 -1        16-2.56100E+00-1.80840E+01 6.71243E+00 1.12302E+01-9.74826E+00-2.06923E+01
 -1        17-1.07024E+01-5.98360E+00 8.41358E+00 6.55253E-02-7.52846E+00-1.08405E+01
 -1        18 1.40621E+01 1.99164E+01 9.18340E+00 1.20532E+01 7.43836E+00-1.51200E+01
 -1        19-2.15155E+01-1.75824E+00-1.35089E+01 1.15822E+01-9.00618E+00-1.23827E+01
 -1        20-1.58503E+01-3.85251E+00 1.68803E+01-9.26886E+00-6.16771E+00 1.17683E-01
 -1        21 3.17748E+01-4.19451E+00 1.22844E+00-5.16094E+00 1.39325E+00-1.00142E+01
 -1        22-9.15092E+00-2.45524E+01-3.46579E+00-1.06908E+01-3.16162E+00-1.00690E+01
 -1        23 1.64561E+01 8.82944E+00 1.30596E+01 1.22168E+01 1.21423E+01 7.34195E+00
 -1        24 1.46713E+01 2.67112E+00 8.54882E+00 2.13475E+00 4.16519E+00 4.76450E+00
 -1        25 5.81492E+00 1.15160E+01 1.30164E+00 2.49502E+00-6.14437E+00-1.42851E+00
 -1        26 9.09454E+00 1.75764E+01 4.29148E+00 1.58992E+01-9.38303E+00-1.40151E+01
 -1        27-6.90266E+00-2.83210E+01 1.60203E+01 4.50152E+00-5.84575E+00-6.35361E+00
 -1        28-1.12986E+01-8.55177E+00 1.38892E+01 4.95567E+00-1.04759E+01-1.02830E+01
 -1        29 5.77669E+00 1.56135E+01-8.63358E+00 1.58756E+01 7.43512E-01-1.83803E+01
 -1        30-2.67449E+01-1.86597E+01-3.03358E+00-2.93151E+00-1.90424E+00-1.51688E+01
 -1        31-3.43433E+01-2.83257E+01 3.62554E-01-7.93368E+00-1.16914E+01-2.66061E+00
 -1        32 1.04525E+01-1.48443E+01-1.75525E+01-7.33249E+00-6.52010E-01-1.25699E+00
 -1        33-9.15491E+00-3.49416E+01-1.18653E+01-1.23116E+01-7.26079E+00-1.33897E+01
 -1        34-9.71561E+00-8.64582E-01 1.34256E+00 3.30695E-01 4.67454E+00-5.85174E-01
 -1        35 8.45328E+00 1.54022E+01 7.85651E+00 1.13793E+01 1.32263E+01 9.18913E+00
 -1        36-2.85744E+01-2.67258E+01-7.42636E+00-1.36997E+01-3.89037E+00-3.63311E+00
 -1        37-1.12845E+01 9.25768E+00-1.27170E+01 1.12895E+01-2.38031E+00 1.95242E+00
 -1        38-9.12821E+00-1.13916E+01-1.22432E+00 7.77266E+00 4.20613E+00 2.59073E+00
 -1        39 1.30988E+01 2.60783E-01-1.20863E+01 9.22570E+00 4.24680E+00 1.96329E-01
 -1        40-1.15059E+01-7.87832E+00-1.60768E+01-2.17458E+00-3.28458E+00 9.94462E+00
 -1        41-6.69576E+00-1.24497E+01-1.48429E+01-5.62292E+00-9.31554E+00 1.28683E+00
 -1        42 7.37648E+00-9.16355E+00 1.18483E+01 1.19069E+01 2.62983E+00 6.67942E+00
 -1        43-2.11638E+01-9.41471E+00 6.05402E+00 2.82250E+00-1.56320E+00-1.62031E+01
 -1        44-1.00505E+01-2.13280E+00-3.21766E+00-1.73608E+01 3.78131E+00-5.82961E+00
 -1        45-2.14719E+01-2.54698E+00 9.56683E+00 2.54046E+00 2.87331E+00-5.01705E+00
 -1        46 3.68380E+00 2.05985E+00 1.14634E+01 5.72015E+00-1.47947E+00-4.55440E+00
 -1        47-1.36397E+01 2.76643E+00 1.03414E+00-9.63914E+00 4.75627E+00 5.60366E+00
 -1        48-2.14289E+01-8.16436E+00-2.45653E+01-1.16279E+00-7.95738E+00-2.81260E+01
 -1        49-1.01377E+01 6.95605E+00-6.46964E+00-1.93238E+01-8.16362E+00-8.63530E+00
 -1        50 1.24535E+01 8.88135E+00 9.76363E+00-2.76718E+00 5.69274E+00-1.83255E+00
 -1        51 1.09642E+01-1.57394E+01-2.53417E+01 1.61770E+00 3.51457E+00 6.00751E+00
 -1        52 3.68909E+00-1.30637E+01-7.51104E+00-1.37651E-01-7.78689E+00 9.34908E+00
 -1        53 2.43470E+01 2.30138E+01 1.93665E+01 1.01879E+01 2.68204E+00 1.51273E+00
 -1        54 5.18982E-01-8.82499E+00 1.89875E+00 7.61899E+00 2.78953E+00 6.10597E+00
 -1        55-3.52587E+01-2.69562E+01-1.16302E+01-1.42802E+01 1.84864E+00-2.02151E+01
 -1        56-6.50381E+00-2.67495E+00-2.56122E+00-7.80369E+00 2.86389E+00 1.93664E-01
 -1        57-2.15142E+01 6.48639E-02 2.31027E+01 7.23566E+00-5.35226E+00-5.64971E+00
 -1        58 1.22138E+00 3.74685E+00 8.71329E+00-3.00758E+00 4.21452E+00-3.93474E+00
 -1        59-3.19672E+01-3.01688E+01-3.42826E+01-1.49560E+01-8.75581E+00-2.26264E+01
 -1        60-1.70227E+01 1.13990E+01-1.18289E+01-1.73489E+01-1.06644E+01-1.85885E+01
 -1        61-2.61555E+01-3.88007E+01-1.43205E+01-2.42456E+01-4.75852E+00 3.43945E+00
 -1        62 2.79140E-01 7.73968E+00 2.84453E+01-1.92996E+00 1.59059E+01 5.30088E+00
 -1        63-1.05550E+01-1.08021E+01 6.43906E-01 1.57946E+00 2.46729E+01 3.88763E+01
 -1        64-6.86958E+00 5.41659E+00-2.45785E+01-7.56487E+00-3.05318E+00 2.91254E+00
 -1        65 1.01112E+01-4.92532E+01 2.70798E+00-1.38636E+01-2.12414E+00 1.28316E+01
 -1        66 4.91620E+01 3.75652E+01 5.95976E+01-4.79789E+00 1.25285E+01 2.81590E+01
 -1        67-3.27412E+00 3.52214E+01 2.61366E+01-1.76723E+01 3.13520E+00 1.16393E+01
 -1        68-3.99700E+00-2.18371E+00-3.93409E+01-1.65060E+01 8.54115E+00 1.55655E+01
 -1        69-3.45510E+01-2.42500E+01-7.99820E+00-3.26166E+00-1.86232E+01-9.27138E+00
 -1        70 2.53345E+01-2.45266E+00 3.66162E+01 8.32460E+00-1.17213E+01-2.30375E+00
 -1        71-4.77515E+01-9.30965E+00 5.70508E+00-1.13513E+01 6.70252E+00 7.98003E+00
 -1        72 6.02126E+01-5.56905E+00 6.93332E+00-3.89014E-01 1.08700E+01 4.35224E+01
 -1        73-6.95972E+01-4.90771E+01-3.39501E+01-5.25483E+01-8.07705E+00-2.07875E+01
 -1        74 2.48166E+01-1.15092E+01 3.21577E+01 3.18704E+00 2.59160E+01 2.58187E+01
 -1        75-4.80072E+01-2.35105E+01-3.08069E+01-8.15824E+00 1.43412E+01 2.14700E+01
 -1        76-4.99818E+01-4.65445E+01-7.57987E+01-2.21045E+01 5.49451E+00 1.52555E+01
 -1        77 8.82269E+01 4.67941E+01 8.34417E+01 2.04076E+01 9.66461E+00 3.45282E+01
 -1        78-6.08078E+00 9.01626E+00 2.03734E+01-2.78425E+01 1.71875E+01 1.46874E+01
 -1        79-4.57342E+01-9.28695E+00-2.50303E+01-5.06277E+01-2.46381E+00-4.54448E+00
 -1        80-6.42321E+01-2.56911E+01-2.89339E+01-2.29896E+01-1.10410E+01-3.79344E+00
 -1        81-4.30540E+00 9.98040E+00 1.68186E+01 1.01378E+01-1.81621E+01 1.23864E+01
 -1        82-4.60808E+00 1.74475E-01 4.40287E+01 6.74990E-01 2.47453E+01 3.01280E+01
 -1        83 3.40832E-01-1.14588E+01-4.00428E+00 1.24211E+01 1.14983E+01 1.73481E+01
 -1        84 5.44479E+01-7.73932E+01-1.79011E+01-1.26009E+01 1.61016E+01 1.72871E+01
 -1        85-2.28533E+01-2.38597E+01 2.02982E+00-3.27339E+00 4.42840E+00 2.05046E+01
 -1        86-3.82067E+01-2.44784E+00-3.09467E+01-6.71251E+00-2.08176E+01 2.71155E+01
 -1        87-4.16029E+00 9.10863E+00-4.19385E+01-5.21665E+00-1.50265E+01 2.45343E+01
 -1        88 7.37544E+00-2.32965E+00-9.39498E-01-1.47485E+01 2.74459E+00 8.80039E+00
 -1        89 8.08478E+01 3.09150E+01 3.43182E+01 9.76400E+00 2.22245E+01 2.57047E+01
 -1        90-1.98252E+01-5.56117E+00-7.78232E+00 1.11612E+01 1.07231E+01 2.39283E+01
 -1        91-3.60612E+01-6.55144E+00-2.26271E+01-5.82177E+00-6.18285E+00 3.40802E+01
 -1        92-1.01837E+01 3.13092E+01-1.62082E+01 1.13647E+01 3.71866E+00 1.55939E+01
 -1        93 1.20936E+01-1.28302E+01-1.38389E+01-2.61105E+00 3.82887E+00-9.98824E+00
 -1        94 6.25687E+01 1.95869E+01 1.41946E+01 2.98933E+01-4.16391E+00 5.79386E+00
 -1        95-2.00481E+00 2.43179E+00-6.35958E+00 5.37971E+00 1.45874E+01 5.61951E+00
 -1        96 9.03572E-01 1.62291E+01 1.92245E+01 2.61943E+00-4.56256E-01-1.17197E+01
 -1        97-4.63190E+01 5.21721E+01-3.65956E+01 2.26718E+01-2.16416E+01 3.50429E+01
 -1        98-3.27944E+01-1.40530E+01-5.32486E+01-6.43235E+00-2.04841E+01 1.30957E+01
 -1        99 7.53928E+00-6.06274E+00-5.46086E+01-8.56321E+00-3.02173E+01-6.79320E+00
 -1       100 3.77245E+01-1.26658E+01-1.99235E+00-1.34902E+01 1.11077E+01 3.35086E+01
 -1       101 9.59925E+01 7.64087E+01 7.87347E+01 3.70629E+01 2.56556E+01 1.07196E+01
 -1       102-5.13051E+01 1.14225E+01-7.10160E+00 5.63952E+00-9.10991E+00 2.15793E+01
 -1       103-1.75989E+01 3.05282E+01-2.37651E+01 6.29934E+00-2.05382E+01 1.39547E+01
 -1       104 3.37405E+01-1.34551E+01-7.01358E+00 4.33091E+00-2.10179E+01-4.15588E+01
 -1       105-2.05216E+01-1.07238E+01-2.12271E+01 1.02140E+01 6.60507E+00 6.27982E+00
 -1       106 5.26549E+01 3.20210E+01 1.34997E+01 3.40975E+01 7.94975E+00 2.03756E+01
 -1       107 3.77168E+01 1.87086E+01 3.14735E+01 2.57075E+01 1.56780E+01 8.77457E+00
 -1       108-1.59245E+02 2.35029E+01-2.51425E+01-4.30725E+01-1.28411E+01 7.32478E+00
 -1       109 1.42033E+01-2.02549E+01-3.03178E+01-5.40932E+00 2.55339E+00 2.74433E+00
 -1       110 6.87941E+01 1.11092E+02 6.03520E+01 2.94248E+01-2.62440E+01-1.61268E+01
 -1       111-1.28686E+01-1.80872E+01-2.57125E+01-7.14529E+00 1.17572E+01 2.44035E+01
 -1       112-2.75548E+01-2.58283E+01-4.50555E+01-2.49412E+01-7.87307E+00-1.07177E+01
 -1       113 2.25504E-02 9.10042E-02-2.78288E+01-4.43366E-04 4.89999E-01-2.66822E+00
 -1       114 1.24124E-01-8.39294E-02-1.05925E+01 2.01667E-01 1.00635E+00-8.72316E-01
 -1       115-3.58366E-01-1.10492E-01-1.53257E+00 1.08988E-02 1.86787E+00 2.16965E+00
 -1       116-6.21669E-03 2.10139E-02-1.83867E+01-4.09205E-02 3.29163E+00 1.17574E+00
 -1       117-2.58884E-02-1.96428E-02-7.24980E+00 1.57094E-01-1.51815E+00-2.22953E+00
 -1       118-2.50237E-01-6.55689E-01 9.62794E+00 1.36484E-01-3.12284E+00-8.49446E-01
 -1       119 6.16368E-02-1.55137E-01 1.92163E+01 1.23286E-02-9.89999E-01 2.48448E+00
 -1       120-9.60406E-02-1.83069E-01 1.84071E+00 1.15668E-02-8.82638E-01 3.69691E-01
 -1       121 3.14406E-01-2.51416E-02-2.14203E+01-4.07033E-02-1.31564E-01-1.60606E+00
 -1       122-5.25771E-01-1.03514E-01-1.37927E+01 3.61679E-01-4.76260E-02-3.14193E+00
 -1       123-1.63509E-01-1.74080E-01 4.84090E+00-4.49312E-02 3.08892E-01 3.26658E+00
 -1       124-4.01585E-01-1.74014E-01 1.27694E+01 3.18771E-01-1.15479E-01 1.83538E+00
 -1       125-7.49264E-01 1.39657E-02-4.15816E-01-1.60186E-01 5.75008E-02 6.47112E-01
 -1       126-2.51610E-01-4.54810E-02-1.43223E+00-5.05466E-02 1.22700E-01 7.04452E-01
 -1       127 9.99542E-02 8.33594E-02-3.41050E+00-3.77347E-02 5.15947E-01 2.04664E-01
 -1       128 1.82655E-01-8.73188E-01-1.85252E+01 2.34367E-01 6.29335E-01-4.51014E-01
 -1       129 6.40720E+00 4.44609E+00-1.22898E+00 3.93167E+00 4.37440E+00 6.59018E+00
 -1       130 2.71129E+00 1.14181E-02-1.45483E-01 1.16245E+00-2.05714E-02 1.84619E+00
 -1       131 1.51220E-01 6.12049E-01-5.10634E-01 1.28175E+00-2.08014E-01 8.81343E-01
 -1       132-1.52782E+00-1.34765E-01-4.21572E-01-6.27780E-01 3.61810E-01 1.20856E+00
 -1       133-9.90420E-02-1.96887E-01 4.09870E-01-3.83694E-02-1.09419E-01 1.90876E-01
 -1       134-1.21876E-01 3.07225E-02-1.43435E-01 1.05425E-03-3.91528E-02-5.30675E-02
 -1       135-4.98566E-01-9.22112E-03-6.57418E-04-1.20143E-01-6.17465E-02-1.77167E-01
 -1       136-8.39381E-01-3.03208E-02-1.88139E-01-1.17370E-01 4.36037E-02 3.71921E-01
 -1       137-4.45943E-01-2.73233E-03-8.66576E-01-9.02627E-02 3.80610E-02 6.59969E-01
 -1       138-1.26118E-01 7.80461E-02-2.14955E+00-9.39929E-02 3.43850E-01 4.38058E-01
 -1       139-4.91821E-01 3.97033E-02-7.71804E+00 3.19070E-02 1.59156E-01 2.36635E-01
 -1       140-2.23099E+00-3.09064E+00-2.83663E+01 2.73598E+00 1.05979E+01 9.09879E+00
 -1       141 5.32679E+00 7.43576E-01 1.84786E-01 2.36495E+00 4.44804E-01 3.73359E+00
 -1       142 8.38848E-01-4.48604E-03-7.38170E-01 1.25598E+00-1.53757E-01 1.35013E+00
 -1       143-8.71599E-01 4.46322E-01 5.84728E-02 3.96305E-01 3.34960E-01 9.39728E-01
 -1       144-2.32316E-01-1.28752E-01 5.12141E-01-3.01700E-01-3.32131E-02 3.92468E-01
 -1       145-1.29714E-01 3.39047E-02-9.84513E-02 3.80036E-02-1.22584E-01 1.05778E-01
 -1       146-3.55441E-01-3.49270E-02-1.70511E-01-6.12081E-02-3.32930E-02-1.63761E-01
 -1       147-6.10193E-01 1.41543E-02 1.08986E-02-9.94671E-02-4.39796E-02-1.88977E-02
 -1       148-9.01492E-01 1.43039E-02 1.38624E-02-1.77522E-01-2.00127E-02-8.73212E-02
 -1       149-5.65652E-01 3.89942E-02-8.72275E-02-1.27043E-01 9.68685E-02 1.96941E-01
 -1       150-1.98496E-02 7.13017E-02-2.14206E-01-6.51200E-02 1.42472E-01 1.75583E-02
 -1       151-9.49890E-02-4.68584E-01 1.11383E+00 1.35137E-01-6.32917E-01-4.32842E-01
 -1       152-5.90935E-01-1.27138E-01-1.31025E-01-2.28826E-01-1.09024E+00-3.97293E+00
 -1       153 1.68692E+00 4.03610E-01 4.72233E-01 1.58653E+00-4.25390E-01-1.82921E+00
 -1       154 4.10689E+00-4.12134E-01 4.70818E-02 1.58517E+00-2.67554E-01-2.14090E+00
 -1       155 1.06253E+01 2.37237E+00 7.37891E-01 3.50158E+00-1.92636E+00-4.69589E+00
 -1       156 5.17104E-01-3.75853E-01-9.99030E+00 1.06534E+00-1.13886E+00 1.24920E+00
 -1       157 1.18503E-01 1.06513E-02-2.59003E+00 7.00288E-02-2.54879E-01-1.98735E-01
 -1       158-1.91974E-01 7.82534E-02-1.22473E+00-5.07451E-02-4.18392E-02-6.63712E-01
 -1       159-8.27315E-01 2.75154E-02-4.48682E-01-9.31106E-02-5.25440E-02-6.71560E-01
 -1       160-8.76603E-01 9.18758E-04-6.19299E-02-1.13819E-01 3.08887E-02 4.53139E-02
 -1       161-2.89805E-01 2.42945E-02-1.32266E-01-8.37639E-02 8.00554E-02 1.08281E-01
 -1       162 2.09718E-02-3.89485E-02-1.92940E-02-4.35567E-03-1.83576E-02-1.55932E-01
 -1       163-1.40133E-01-2.30111E-01 2.13805E+00 5.04123E-01-1.03474E+00-9.23265E-01
 -1       164-6.05289E-01 2.74636E-01 4.19884E-01 5.80978E-01-9.81873E-01-3.00684E+00
 -1       165 3.02079E+00-1.55842E-01 1.07340E-01 1.75766E+00-3.76963E-01-1.86074E+00
 -1       166 6.62335E+00 4.42113E-01 1.20485E-01 1.92411E+00-4.48924E-01-3.30786E+00
 -1       167 9.38855E+00 6.36135E-02-6.79080E+00 4.75777E+00-4.89098E+00-1.87220E+00
 -1       168-4.69752E-01-3.50154E-01-5.98793E+00 2.56864E-01-1.96494E-01 4.64133E-01
 -1       169 2.93132E-01 2.92062E-01-1.54796E+00 4.39426E-02-1.23499E-01-4.31981E-01
 -1       170-5.82354E-01-8.10997E-03-8.13173E-01-5.14490E-02-4.79277E-02-6.59435E-01
 -1       171-8.98218E-01 5.90995E-02-1.65415E-01-6.43618E-02-2.24351E-02-4.25513E-01
 -1       172-8.02410E+00-1.01365E+01-1.25501E+01 5.41168E+00-7.67025E+00-8.19739E+00
 -1       173 2.52966E+01 1.63488E+01-3.18789E+00 1.55579E+01-5.67132E+00-1.48248E+01
 -1       174-3.32693E+01-1.63297E+01-2.42119E+01-1.69097E+00-1.45118E+01-1.19405E+01
 -1       175 7.54619E+00 1.08156E+01-2.75255E+00-8.05531E+00-4.87852E+00-3.83705E+00
 -1       176 2.29585E+01 1.12624E+01 1.71842E+01 1.81474E+01-4.60504E+00-7.07789E+00
 -1       177 2.02771E+01-8.52782E-01-1.68259E+01 1.50209E+01-5.89226E+00-1.61124E+01
 -1       178-1.08056E+01-6.13353E-01-2.69849E+00-3.53636E+00-3.83204E+00 1.10548E+00
 -1       179-4.13843E+01-2.85084E+01-3.11060E+01-3.25934E+00-1.42412E+01-1.26922E+01
 -1       180 6.85724E+00-5.16283E+00 6.44354E+00 6.64085E+00-8.45135E-01 1.97490E+00
 -1       181 7.67495E+00 6.46745E+00 2.39816E+01 8.66587E+00-1.40153E-01-2.83358E+00
 -1       182 6.49805E+00 1.80151E+01-1.25825E+00 2.07269E+01-3.18775E+00-7.01581E+00
 -1       183-2.43635E+01-7.62167E+00-7.87009E+00 6.32978E+00-6.37256E-01-1.07651E+01
 -1       184-2.15003E+01-6.66721E+00 2.02980E+01-3.98485E+00-2.00327E-01-9.64434E+00
 -1       185 2.06155E+01 8.64461E+00 4.72579E+00-4.87953E+00 5.46521E-01-5.33439E-01
 -1       186-1.24463E+01-1.06979E-01 2.17228E+00-1.14794E+01 4.45771E+00 2.76617E+00
 -1       187 7.20478E+00-1.20664E+01 7.84684E+00-1.90834E+00 5.00509E+00 1.00961E+01
 -1       188-1.18744E+01-1.57215E+01 8.30526E-02-5.85375E+00 3.84277E+00 9.54282E-01
 -1       189 8.66995E+00-3.86747E+00 5.37568E+00-2.85637E+00 2.66515E-03-1.09880E+01
 -1       190 3.64349E+00-8.43308E+00 3.49965E-01-2.60948E+00 3.57317E+00 3.29235E+00
 -1       191-2.38397E+00-2.57017E+00-8.03115E+00 6.52752E+00 7.78341E+00-5.73578E+00
 -1       192-1.02768E+01-1.67302E+01-1.21000E+01-3.31861E+00-6.95481E+00-1.83016E+01
 -1       193 5.46369E+00 1.49118E+01 1.24693E+01 3.58173E+00 1.05820E+01 1.15079E+01
 -1       194-7.09187E+00-9.72944E+00-6.31118E+00-1.20785E+00-2.23806E+00-4.73234E+00
 -1       195 2.48769E+01 2.98249E+01 2.66963E+01 1.73521E+01 1.39999E+01 1.02791E+01
 -1       196-1.40196E+01-9.26004E+00-1.81435E+01-1.80275E+00-4.16015E+00 6.06889E-01
 -1       197-2.93455E+00-9.74442E+00 2.21678E+01 7.30832E+00-2.11473E+00 2.72441E+00
 -1       198 3.26830E+01 1.78387E+01 2.00058E+01 9.86887E+00-1.03102E+01-7.84633E-01
 -1       199-2.22442E+01-4.91858E+00-1.42647E+00-1.01832E+01-3.33207E-01 1.17068E+01
 -1       200-1.81689E+01-5.80814E-02 6.82279E+00-9.51257E+00-2.61692E+00 1.09941E+01
 -1       201-1.77543E+00 3.63820E+00-5.44297E+00 2.05561E+00 2.98734E-01-2.04243E+00
 -1       202 3.24232E+01 9.01434E-01-1.35071E+01 1.14493E+00-9.80416E+00 1.94141E+01
 -1       203-6.28657E+00 7.71926E+00-1.99506E+01 2.55868E+00-1.27580E+01-3.60679E+00
 -1       204 2.83334E+01 8.39425E-01-8.94458E+00-3.91412E+00-8.66125E+00 1.53754E+01
 -1       205-1.88999E+01 6.11204E+00 2.40641E+00-3.30432E+00-9.50447E+00-1.98040E+01
 -1       206-9.65828E+00 2.23424E+01 1.53383E+01 4.21805E+00-2.18431E+00 3.29394E+00
 -1       207-9.24675E+00-4.12412E-01 9.91974E+00 7.67209E+00 6.60053E+00 8.96747E+00
 -1       208 3.81555E+00 7.13103E+00 1.56165E+01 7.53804E+00-5.88850E+00-1.10463E+01
 -1       209-7.35054E+00-1.10709E+01-9.21536E+00 1.97602E+01 9.92160E+00-7.42801E+00
 -1       210 7.95376E+00 3.91114E+00-1.80866E+00 3.19259E+00-2.74968E+00-3.79088E+00
 -1       211 1.99648E+01 1.65800E+01 3.26766E+01 1.40067E+01 2.35679E+00 5.04416E+00
 -1       212 5.87272E+01 3.50705E+00 1.27772E+01 5.91815E+00-8.16851E+00-2.01762E+01
 -1       213-1.55682E+01 2.54336E+01 6.65392E+00 4.96864E+00 1.88607E+01 9.35543E+00
 -1       214 1.24746E+01-1.57509E+01 1.55116E+01-2.40910E+01 4.24377E+00 3.19129E+01
 -1       215 4.07190E+01-5.29597E+00 1.35100E+01-4.02493E+00 5.51446E+00 1.04649E+01
 -1       216-1.77012E+01 1.39706E+01 2.63580E+01 3.27134E+00 1.15328E+01-9.33461E+00
 -1       217-4.88855E+00-2.61566E+00 3.89595E+00 4.32076E+00 6.35651E+00 2.86389E+00
 -1       218-3.55088E+01-2.81772E+01-1.16110E+01-5.25058E+00 1.02646E+01-2.05081E+00
 -1       219-2.72207E+01-1.70484E+01-5.06469E+00 2.09346E+00-1.91162E+01-1.68281E+01
 -1       220-7.82688E-01 1.55978E+01 1.42798E+01 1.21273E+01-4.94168E+00-5.34693E+00
 -1       221-1.69662E+00 4.11411E+01 2.85845E+01 6.24282E+00 9.92153E+00-5.40616E-01
 -1       222 1.31697E+01 7.77137E+00-2.42614E+01 2.32172E+00-2.78901E+00-1.13063E+01
 -1       223-1.23253E+01-3.65774E+00-1.29967E+01-2.52221E+00-4.50673E+00-1.49050E+00
 -1       224-3.79811E+01 1.63366E+00-3.52258E-01-5.52476E+00-7.26806E+00 6.29981E+00
 -1       225-5.13103E+00 8.02238E+00-2.57934E+00 7.71010E+00-4.26443E+00 1.14115E+00
 -1       226 2.55071E+01 1.47058E+01 2.40017E+00 8.13981E+00 1.17331E+01 2.87293E+00
 -1       227 1.11690E+01-4.89299E+00-4.56957E+01 5.60195E-02-1.17028E+01-1.38206E+01
 -1       228 1.51473E+01 1.97398E+01 1.85756E+01 9.95059E+00-5.82458E+00 7.23581E+00
 -1       229-6.70811E+00 4.75203E+00-6.70748E+00 4.43974E+00-1.90667E+00 1.44590E+01
 -1       230 2.74649E+01 2.37245E+01 1.13813E+01 9.86098E+00-6.23929E+00 2.16570E+01
 -1       231 1.50034E+01 7.20740E-01-6.66490E-01 3.17889E+00 2.36985E-01 9.24086E-01
 -1       232-3.80314E+00-1.72389E+01 3.35620E+00-9.81629E+00-4.29821E+00-1.31583E+00
 -1       233 4.57452E+01 5.46923E+00 1.15522E+00-2.60795E-01-1.19599E+01 1.30512E+01
 -1       234-1.38156E+00-2.81507E+00-1.80620E+00 2.89545E+00-3.89328E+00-7.23242E+00
 -1       235 1.46927E+01 2.66318E+00-1.32012E+00 1.94171E+00 3.83134E+00-6.95373E+00
 -1       236 1.96668E+01 1.21092E+00-1.11080E+01-4.19341E+00-5.01759E+00 9.98422E+00
 -1       237-1.55650E+01-9.08776E+00-1.53992E+00-3.46832E+00 1.32324E+00 1.59538E+00
 -1       238 8.65090E+00 4.87949E+00 8.86689E+00-2.99622E-01 2.07439E+00 2.61463E+00
 -1       239-7.50185E+00 2.31381E+00 1.46744E-01-1.88782E-01 3.14724E+00 1.80078E+01
 -1       240-1.24566E+01-2.62435E+01 5.38312E+00-1.08060E+01 3.36295E+00 1.43890E+01
 -1       241 2.15207E+01 8.43904E+00 3.67211E+00 1.13522E+01 6.61463E+00 8.48951E+00
 -1       242-1.40677E+01 1.67054E+01 8.64835E-01 5.34889E-01 2.76509E+00 1.31163E+01
 -1       243-1.01620E+01-3.59667E+00 1.00759E+01-3.71057E+00-1.95697E+00 4.44822E+00
 -1       244 2.04522E+01 5.84664E+00 1.45393E+01 3.29189E+00-3.19605E+00-4.04138E+00
 -1       245 2.32487E+01 4.54726E+00 2.02534E+01 2.27398E+00-1.11679E+01 3.13775E+00
 -1       246 5.38120E+00-1.39399E+01 1.76541E+01-1.23417E+00-5.54319E+00 8.79889E+00
 -1       247-2.81531E+00 8.46605E+00 2.27215E+01 7.51835E+00-8.76959E+00-1.58485E+01
 -1       248-3.17603E+01-4.47233E+01-2.24638E+01-2.46205E+01-4.67402E+00-1.48334E+01
 -1       249-1.54344E+01 3.08213E+01 2.10490E+01 1.08756E+01 9.50342E+00 1.85413E+01
 -1       250-4.66427E+01 1.57100E+01 2.15469E+00-1.28688E+01-3.65145E-01 9.62025E+00
 -1       251 2.55973E+01 8.86016E+00-2.31393E+01 7.08665E+00-1.24109E+01-9.01457E+00
 -1       252 6.88352E+00-1.10206E+01-1.89751E+01-1.69056E+00-9.09661E+00-6.01234E-01
 -1       253 9.36281E+00-2.97073E+01-1.63072E+01-1.20249E+00 2.63143E+00 5.83083E-01
 -1       254-1.52173E+01 1.40703E+01 2.20421E+01 1.82149E+00-5.10021E+00 1.99102E+00
 -1       255 4.05792E+01 2.22517E+01 2.10883E+01-1.39647E+01 8.90851E-01 1.52898E+01
 -1       256 2.29923E+01 1.53715E+01 7.01335E+00-2.58212E+00-3.49559E+00 9.68506E+00
 -1       257 3.02962E+01 1.54940E+01 1.26134E+01-2.16189E+01-8.66198E+00 2.09924E+01
 -1       258 4.93483E+01-1.50630E+01-1.45428E+01-7.59327E+00 4.89567E+00 2.38204E+01
 -1       259-4.02698E+00 9.71639E+00-2.12518E+01-1.11892E+01 8.93694E+00 1.19345E+01
 -1       260 1.76010E+01 2.05813E+01 7.18093E+00 1.85383E+01-8.95932E+00-2.02255E+00
 -1       261-3.49682E+01-2.01715E+01 5.28403E+00-1.15238E+01-1.41883E+01-2.20263E+00
 -1       262-6.64463E+00 2.26950E+01 2.53610E+01 6.02717E-02-6.80987E+00 2.96882E+00
 -1       263 1.44384E+01-7.09562E+00 1.47641E+01 2.02196E+00-7.33531E+00-3.52602E+00
 -1       264-4.39142E+01-1.52410E+01 9.48831E+00-2.05672E+01-8.67031E-01 5.66114E+00
 -1       265 5.54631E+01 9.29636E+00 2.05471E+01 1.35353E+01-1.34782E+01-7.28269E+00
 -1       266 5.72107E+01 1.50571E+01 1.29353E+01 9.66802E+00-1.38055E+01 1.02499E+01
 -1       267-2.56902E+01 9.19956E+00-1.42895E+01 1.47460E+01 1.46189E+01 1.01166E+01
 -1       268-9.57431E+00-1.56889E+01 7.83687E+00-4.88763E+00-8.29623E+00 3.55497E+00
 -1       269 4.02072E+00-5.76244E+00-4.48132E+00 1.61881E+00-2.29846E+00 9.73842E+00
 -1       270 2.27605E+00-1.09010E+01-1.15189E+01-9.97651E+00 3.25793E+00-3.46820E+00
 -1       271-2.06979E+01 1.28267E+01-1.78148E+01-1.08945E+01-1.89929E+00 1.54135E+00
 -1       272 1.54245E+01-1.48263E+01-2.09543E+01 1.38542E+00-3.68828E+00-1.51622E+00
 -1       273-1.66636E+01 4.28100E+00-5.92991E+00 5.93881E+00-1.63330E+00 2.70044E+00
 -1       274-2.24733E+01 4.16220E+00 1.28350E+01-1.68946E+01-1.16964E+01 1.84979E+01
 -1       275 9.66926E+00 3.93733E+00 2.28764E+00-9.63218E+00 3.56509E-02 7.63618E+00
 -1       276-2.85675E+01 1.00691E+00-5.98239E+00 4.07142E+00 2.73853E+00 2.02419E+01
 -1       277-2.84629E+00 1.53076E+01-3.00909E+01 4.51781E-01-1.24290E+00 2.58402E+01
 -1       278-3.09727E+01-1.30112E+01-5.11272E+01-7.63557E+00 6.13449E+00 1.28856E+00
 -1       279-9.25919E+00 6.97628E+00 7.35475E+00-3.21477E+00 8.34988E+00 4.89068E+00
 -1       280-3.35089E+01-2.46345E+01-1.84451E+01 2.43575E+00 9.25514E+00 2.83257E+00
 -1       281-3.95335E+00-3.67736E+00-9.62728E+00-7.80868E+00 3.32119E+00 5.57868E+00
 -1       282 2.38530E+01-8.63126E+00 4.55005E+00 3.58521E+00 4.22012E+00 4.94361E+00
 -1       283 1.27272E+01 8.72798E+00 6.23566E+00 2.80231E+01 3.81277E+00 1.19118E+01
 -1       284 8.11487E+00 4.36941E+00 5.74040E-01 8.89232E+00 6.80168E+00 5.93395E+00
 -1       285-5.84097E+01-1.73258E+01-2.73172E+01-6.60854E+00 6.24643E+00 1.01722E+01
 -1       286-3.15362E-01 7.15205E+00 7.39998E+00 1.77589E+01-1.20475E+01-3.72432E+00
 -1       287-3.69540E+01-7.79771E+00-1.80085E+01-1.03178E+00 6.95107E+00 1.08086E+01
 -1       288 3.35684E+01 3.89818E+01-1.69681E+01 2.01742E+01-1.08077E+01 1.31207E+01
 -1       289-1.25404E+01-6.82240E+00-1.98590E+01 9.48248E-01-6.97863E+00 3.04737E+00
 -1       290 3.70566E+00 1.34823E+01-3.72283E+01 1.11566E+01 5.81471E+00 2.27303E+01
 -1       291 1.33955E+01 2.09594E+01-1.82735E+00 6.92732E+00-2.91651E+00 1.15400E+01
 -1       292-1.88162E+01-5.01231E+00-1.43090E+01-1.15503E+01-1.02242E+01 9.59464E+00
 -1       293-5.13264E+01-3.51036E+01-5.19673E+01-2.20660E+01 2.30385E+00 1.45966E+01
 -1       294-8.95057E-01-1.93111E+01-2.10736E+01-8.60383E+00 2.54258E+00 1.26034E+01
 -1       295 7.53494E+00 5.06099E-01 1.06189E+01 5.29691E+00 3.89544E+00 5.14446E+00
 -1       296 4.65447E+00-2.10563E+00-2.05450E+01-3.04291E+00 4.96789E+00 4.84626E+00
 -1       297 1.61527E+01 1.47294E+01 1.00211E+01 1.48073E+01 4.03638E+00 9.67804E+00
 -1       298 2.51965E+01 3.99308E+01 4.96017E+01 1.46160E+01-1.64015E+01-9.20883E+00
 -1       299 2.80104E+01 1.39902E+01 9.58312E+00-2.83153E+00-3.00119E+00 7.66592E+00
 -1       300 2.02792E+01 1.62450E+01 2.31464E+01 3.76244E+00-1.97559E+00-4.84252E-02
 -1       301-9.31606E+00 1.70839E+00 1.03146E+01-1.42879E+01-1.37496E+00-2.94510E+00
 -1       302 2.10927E+01 1.84325E+01 3.94038E+01 1.39382E+00-2.66725E+00 1.52809E+01
 -1       303-8.24188E+00 7.96758E+00-1.89144E+00-2.89817E+00 4.48143E+00 7.37372E+00
 -1       304-1.12644E+01 1.35675E+01-7.26561E-02 1.15606E+01 3.62744E+00 1.04563E+01
 -1       305-6.42278E+01-2.26425E+01-1.31294E+01-1.15784E+01-1.31253E+01 2.07206E+01
 -1       306-7.60903E+00 4.05133E+00 1.08405E+01 3.75103E+00-1.42795E+00-3.31644E+00
 -1       307-7.55575E+00 1.35115E+01 1.39526E+01 6.09411E+00-4.09829E+00-6.84276E+00
 -1       308-3.21766E+01 7.51207E+00-9.96111E+00 5.12630E+00-2.82058E-02 9.26383E+00
 -1       309 9.19715E+00 1.96621E+01-4.44416E+00 1.06299E+01-8.93448E+00-2.32774E+01
 -1       310-7.73249E+00 1.28615E+01 1.17656E+00-3.93601E+00-1.48488E+00-4.97512E+00
 -1       311-1.44331E+01 8.45421E+00 3.42666E+00-3.83115E+00 1.09750E+01 1.65364E+01
 -1       312-1.91519E+00-5.87131E+00-1.67936E+01-4.84539E+00 4.19883E+00 8.17334E+00
 -1       313 1.41961E+00 1.86178E+00-1.47250E+01 3.31485E+00 1.16357E+00-8.35950E+00
 -1       314 1.04543E+01-1.30836E+01-1.08308E+01-2.06579E+00-6.59875E+00-4.23891E+00
 -1       315 9.16652E+00 1.05518E+01-8.73982E+00-7.62428E-02 3.95935E+00-1.37000E+01
 -1       316 5.11511E+00-7.56358E+00-8.28831E+00-9.78794E+00-7.32125E+00-1.08377E+01
 -1       317 1.01484E+01-6.05795E+00-1.80770E+01-2.31850E+00-6.14106E+00-9.66322E+00
 -1       318 1.53083E+01-6.68607E+00-1.14773E+00-2.10958E+00 2.00247E+00-1.30555E+00
 -1       319-4.10691E+01-1.07458E+01-2.13288E+01-1.41164E+01 2.32700E-01 3.36714E+01
 -1       320 5.26022E+00 1.10036E+01-3.14098E+01 5.08474E+00-8.05848E+00 2.75359E+01
 -1       321 1.03923E+01 3.41280E+00-2.66866E+01 8.75736E+00-5.99837E+00 9.05498E+00
 -1       322-3.10545E+01-9.18008E+00-5.35447E+01-4.62279E+00-3.89320E+00 1.57463E+01
 -1       323 5.74185E+00 1.40193E+01 2.84188E+00-1.08619E+01 5.98523E+00 9.17625E+00
 -1       324-3.27952E+01-1.65278E+01-4.22017E+01-2.30687E+01-6.03068E+00 1.98501E+01
 -1       325 5.53331E+00-1.50445E+01-2.29701E+00-1.15849E+00-3.60674E+00 5.20831E+00
 -1       326 6.32449E+00-1.00017E+01 1.25095E+01-1.71637E+01-4.10622E+00 6.52271E+00
 -1       327-6.22844E+01-1.42505E+01-1.39131E+01-1.17289E+01-9.01847E+00 1.51807E+01
 -1       328-1.16254E+01 1.85487E+01 2.49701E+01-2.42922E+01 7.45388E+00 1.65169E+01
 -1       329-2.03624E+01 1.98524E+00-1.11398E+00 9.42825E+00 9.88961E+00 3.33386E+01
 -1       330-7.35862E+01-3.02741E+01-2.91639E+01-5.52874E+00 7.13282E-01 2.22928E+01
 -1       331 1.13072E+01 1.96823E+01 1.64205E+00 2.01396E+01 6.56736E+00 1.40909E+01
 -1       332-3.02856E+01-3.86801E+00-2.37134E+01 6.37602E+00-1.24986E+01 8.39240E+00
 -1       333-2.70378E+01-3.12890E+00-2.11578E+01-2.07621E+01-8.63546E+00-1.99043E+01
 -1       334-6.06208E+00 3.33749E+01-3.88051E+00-9.37843E+00-1.88815E+00 1.97385E+00
 -1       335 4.84098E+01-6.52451E+00-1.24422E+01 1.35502E+01-1.04409E+01-1.06642E+01
 -1       336 3.57474E+01-8.22360E+00-1.32586E+01 6.72980E+00-1.20869E+00-7.73219E+00
 -1       337-1.81121E+01-2.34297E+01-1.65414E+01-1.20466E+01 3.87555E+00-4.01389E+00
 -1       338 7.85780E+00-1.44573E+00-1.09989E+01 4.08368E+00 7.67720E+00 1.08516E+01
 -1       339 2.25490E+01 2.65258E+01 2.87932E+01 1.59274E+01 5.24610E+00 3.36233E+00
 -1       340-8.70958E+00-6.48649E-01 2.39403E+01-3.74765E+00 1.74661E+01 1.02687E+01
 -1       341-2.16900E+01-3.12433E+01-3.38288E+01-6.20260E+00-9.01874E+00 2.09189E+01
 -1       342-1.97249E+01 3.35799E+00-5.35390E+01-9.39925E-01-2.11196E+00 8.69987E+00
 -1       343-2.78169E+01-1.81616E+01-2.10817E+01-3.56581E-01 6.98738E+00 1.77758E+01
 -1       344-1.75331E+01 3.84547E+00-3.32531E+01 1.36033E+01-6.42797E+00 2.54865E+01
 -1       345 1.49453E+02 8.17654E+01 2.49000E+01 2.87033E+01-1.66918E+01 1.87926E+01
 -1       346 3.08255E+01 1.64614E+00 9.25426E+00 9.50062E+00-1.72288E+00 3.43491E+00
 -1       347-7.84560E+00-2.63276E+01-1.68839E+01-9.39118E+00-6.51096E+00 9.93429E+00
 -1       348 1.39762E+01 5.19844E+01-2.98941E+00 7.83276E+00-4.51188E+00-1.01795E+00
 -1       349-2.58625E+01 9.67545E+00 1.99489E+01-3.65715E+00-8.79951E-02 1.43067E+01
 -1       350 1.44674E+01 2.31601E+01 3.07529E+01 1.15158E+00 1.34831E+01 1.80737E+01
 -1       351-1.02560E+01 2.15165E+01 1.49790E+01 3.30563E+00 6.43631E+00 1.55077E+01
 -1       352 4.00179E+01-5.07893E+00-9.37415E+00-7.59632E+00-1.43829E+00 2.77209E+01
 -1       353 3.28961E+01-1.38369E+01 1.14921E+01-6.68922E+00-1.10654E+01 2.98714E+01
 -1       354 1.46139E+01 1.35897E+01 4.66270E+01 9.62402E+00 3.15069E+00 1.45837E+01
 -1       355-1.11439E+01-3.45790E+01-2.79918E+01-1.87180E+01-2.25626E+01-2.12867E+01
 -1       356 1.27224E+01 2.19400E+01 9.86809E+00-7.81343E+00 7.87863E+00-5.69037E+00
 -1       357 1.13423E+02 1.65568E+01 5.02754E+00 1.65862E+01 1.00468E+01 2.09368E+01
 -1       358 7.44900E+01 3.75115E+01 1.65752E+01 1.64758E+01 1.98156E+00 3.88315E+01
 -1       359 7.71957E+01-5.01140E+00-2.04706E+01-1.89222E+01-2.55364E+00 1.68389E+01
 -1       360 2.49212E+01-5.18739E+00-4.77852E+00 8.53199E-01-1.79853E+01-1.68778E+01
 -1       361 1.53204E+01 1.38256E+01 1.12995E+01 6.06520E+00-8.03782E+00 3.05898E+00
 -1       362-3.48041E+01-2.54892E+01 1.52270E+01-8.57234E+00 6.63562E+00 1.62490E+01
 -1       363-2.23081E+01-2.14336E+00 1.52695E+01-1.71528E+01 1.31107E+00-1.04904E+00
 -1       364 3.74101E+01 4.52393E+01 2.47699E+01 1.23576E+01 4.56086E+00-3.01042E+00
 -1       365-1.72614E+02 2.86486E+01-2.00965E+01-3.72921E+01-1.96813E+00 6.53871E+00
 -1       366-9.92158E+01-1.04743E+01 1.08738E+01-4.23508E+01 1.52119E+01 2.46458E+01
 -1       367-1.76240E+01-5.19068E+00-1.00376E+01-8.05802E+00 1.18181E+01 2.72940E+01
 -1       368 6.10234E+00-1.94874E+01-1.03055E+01-2.92539E+00 2.56803E+00 2.67656E+01
 -1       369-5.22910E+00 1.05322E+01-2.99087E+01-4.34992E+00 7.79855E+00 3.93969E+01
 -1       370 1.01009E+01-9.60355E+00 5.39673E+00-1.53236E+00-3.37772E+00-5.01381E+00
 -1       371-3.08112E+01-2.03212E+01-2.52738E+01-2.03598E+01 8.88839E+00 6.04585E+00
 -1       372-2.73659E+01-4.55527E+00-6.22331E+01-2.16865E+00-6.09154E+00 2.45516E+01
 -1       373-1.00008E+01 1.75439E-01-2.75477E+01-8.60314E+00-1.67535E+01-1.17658E+01
 -1       374-7.38323E+01-2.86691E+01-7.97478E+01-1.33774E+01-1.99836E+01 1.54344E+01
 -1       375 2.04942E+01 3.14530E-01-2.42568E+01 3.46602E+00-1.10806E+01 5.16126E+00
 -1       376-5.41068E+01-5.19951E+01-7.50366E+00-2.75796E+01-9.63553E+00-1.10027E+00
 -1       377 1.32726E+01 5.55442E+00 2.09125E+00 1.16411E+01 2.82907E+00 1.76077E+01
 -1       378 3.86752E+01-2.19018E+01 3.75247E+01-1.05138E+01-6.44349E+00 1.16791E+01
 -1       379 5.85630E+01 2.88647E+00 5.37984E+01-1.34578E+01-5.97577E+00 3.36220E+01
 -1       380 1.51182E+01-8.81566E+00 6.32666E+01-4.31739E+00-2.72123E+00 2.28249E+01
 -1       381 1.35125E+01-3.84140E+00 2.61173E+00-1.18505E+01-3.16670E+00 1.86871E+01
 -1       382 2.31836E+00-1.92215E+01-1.23779E+01-1.03670E+01 6.49267E+00 1.05537E+01
 -1       383 4.79833E+01-3.65725E+00-9.42922E+00-1.09333E+01 3.28348E-01 4.86757E+01
 -1       384 3.07553E+00 1.05950E+01-1.11198E+01 1.05617E+00-1.28916E+01-3.93220E+00
 -1       385-4.09684E+00 5.35373E+01 4.94368E+01-6.71806E+00 1.72363E+00 9.81950E+00
 -1       386 5.04850E+01 3.59838E+01 3.35727E+01 9.62428E+00 1.75743E+01 2.89124E+01
 -1       387 3.04093E+00 9.23421E+00-4.05289E+01 4.27089E+00-8.17403E-01 3.15963E+01
 -1       388-7.05543E+01-2.66303E+01-4.69790E+01-2.31290E-01-2.82005E+00 2.00023E+01
 -1       389-5.79611E+00 1.98112E+00-2.05759E+01 8.71846E+00-1.49185E+01 3.35713E+00
 -1       390-2.66639E+00-1.85217E+01-9.71592E+00 5.28071E+00-4.04157E+00 8.30823E+00
 -1       391-2.10875E+01-1.18050E+01 2.08589E+00-4.50242E-01-7.51419E+00 6.86538E+00
 -1       392-3.34734E+01-1.78421E+00-2.58033E+01 4.85879E+00-1.93438E-01 1.73563E+01
 -1       393 5.81033E+01 8.18564E+00 4.92118E+01 2.25742E+01 2.65795E+00 4.82489E+00
 -1       394-1.36472E+01 2.43495E+01 2.42626E+01 6.54193E+00 4.57834E+00 1.08415E+01
 -1       395-1.88392E+01-1.33448E+01-3.80712E+00-1.45128E+00-7.74744E-01 6.59790E+00
 -1       396-1.93434E+01-1.54040E+01 1.27313E+01-8.31263E+00 1.68787E+01 9.32414E+00
 -1       397 5.41210E+01-9.85342E+00 1.29180E+01 3.36438E+00 1.21113E+01 1.94272E+01
 -1       398-1.02043E+01 2.70570E+01 2.62571E+01 9.03329E+00 1.29836E+01 1.20493E+01
 -1       399-1.18519E+01-6.65711E+00 2.32156E+01 1.61341E+00 5.76361E+00 5.18114E+00
 -1       400 7.02859E+01 2.26249E+01 1.54054E+01 1.96784E+01 1.41413E+01 2.72335E+01
 -1       401 1.13994E+02 5.44279E+01 1.97440E+01 2.67829E+01-1.74224E+01-2.47008E+00
 -1       402-2.99169E+01-8.02030E+00-1.37633E+01 9.30505E-01-1.24317E+01 2.01914E+01
 -1       403-4.25714E+00-1.89480E+01-3.33926E+01 9.93253E+00 4.99639E+00 2.48311E+01
 -1       404 1.12180E+01 1.01908E+00 9.17977E+00 1.04887E+01 8.37421E+00 2.48180E+01
 -1       405-2.90094E+01-1.11006E+01-4.99204E+00-6.29309E+00-5.20478E+00 5.15296E+00
 -1       406 4.49679E+01 3.01624E+01-7.93931E+00 1.38691E+01 1.50118E+01 3.62399E+01
 -1       407 1.62860E+01 2.30205E+01-3.87329E+01 1.24466E+01 9.45924E+00 2.76215E+01
 -1       408 7.08630E+01 3.31590E+01 4.09003E+01 1.90357E+01-2.71969E+00 6.77208E+00
 -1       409-5.23183E+01-3.07608E+01-6.06217E+01-1.32699E+01-2.00803E+00 2.38232E+01
 -1       410 9.57059E+01 4.27861E+01 2.12969E+01 1.85226E+01-1.58822E+01 2.23190E+01
 -1       411-7.25490E+00-1.39099E+01 1.44025E+01-1.45425E+01 7.87577E+00 3.30594E+01
 -1       412 5.43087E+01 2.86364E+01 1.81243E+01 1.96051E+01 6.78154E+00 2.48748E+01
 -1       413 3.50032E+01 4.14046E+00 1.98467E+01-1.03873E+01 1.35863E+01 2.88446E+01
 -1       414-2.36924E+01-7.35671E+00-1.16441E+01-5.89809E+00 1.64244E+01 2.87905E+01
 -1       415-6.78330E+01-2.44522E+00-2.13559E+01-7.10632E+00 1.87482E+00 2.64354E+01
 -1       416-5.06407E+01 1.43305E+01-3.29546E+01 2.54741E+00-8.36634E-01 2.80082E+01
 -1       417-2.56025E+01-1.36470E+01-2.96681E+01-1.39350E+00-6.32320E+00 3.34439E+01
 -1       418 6.15503E+00 1.31440E+01-5.02037E+00 5.31419E+00 2.07589E+01 2.39744E+01
 -1       419-4.13199E+01-2.99267E+01-3.10681E+01-8.89290E+00 1.66270E+01 2.54412E+01
 -1       420 1.19453E+01 3.21160E+01 1.50572E+01 1.23418E+01 1.97346E+01 2.07158E+01
 -1       421-6.83561E+00-6.27116E+00-6.77303E+00-3.57850E+00 7.42289E+00 4.44550E-01
 -1       422 1.13477E+01-3.59774E+00 7.11460E+00 5.86827E+00-3.49719E+00-6.14020E-01
 -1       423 2.46002E+01 2.76676E+01 2.50590E+01 1.77508E+01-4.42362E+00 4.94292E+00
 -1       424 1.52407E+01-3.10564E+00 2.36796E+00 8.33631E+00 4.20737E+00 3.89767E+00
 -1       425 6.50492E+01 4.05551E+01 2.45292E+01 2.68839E+01-8.47627E+00 1.10478E+00
 -1       426 8.96233E+01 7.61847E+01 5.31995E+01 2.70508E+01 2.20315E+01 1.35161E+01
 -1       427 8.62179E+01 6.88393E+01 3.48327E+01 4.68758E+01 1.30112E+01 1.66767E+01
 -1       428 2.00178E+01-5.57473E+01-3.80954E+01-2.63000E+01-9.58835E+00 3.31003E+00
 -1       429-3.50868E+01-3.26259E+01-5.34854E+00-1.95566E+01 1.80732E+01 1.81702E+01
 -1       430 1.76722E-01 1.08854E-01-1.45995E+01 3.98165E-02 1.66864E+00-4.79748E-01
 -1       431-5.88380E-01-4.08029E-01 5.71702E+00 9.51077E-03-1.89592E+00 1.25072E-01
 -1       432 1.72983E-01-5.63666E-02-1.76870E+01 9.18917E-02-1.33946E-01-3.23778E+00
 -1       433 4.55881E-03-1.44424E-01 8.97260E+00-6.16469E-02 1.36869E-01 3.01109E+00
 -1       434-3.29999E-02 6.90551E-02-4.84113E+00-9.43882E-02 2.20178E-01 7.57386E-01
 -1       435-2.98141E-01 6.96366E-02-6.92892E+00-1.15818E-01 1.21202E+00 2.65917E+00
 -1       436-1.36172E-01-2.60141E-01-2.00299E+01-1.13475E-01 2.35763E+00 7.92034E-01
 -1       437 2.67786E-01-1.16289E-01-9.91221E+00 3.79331E-02 6.72333E-01-1.31433E+00
 -1       438 2.95608E-01 1.56132E-01 3.49220E+00-8.00675E-03-1.25030E+00 1.67235E+00
 -1       439-5.66307E-01 1.02010E-01-4.22651E-01-1.67556E-01-5.77700E-01-6.77340E-01
 -1       440-7.65230E-01-2.70023E-01-1.24220E+01-2.48819E-01 4.11465E-01-2.10754E+00
 -1       441-9.50628E-01-1.32163E-01 9.18148E-01 2.44947E-01 3.34236E-01 8.55723E-01
 -1       442-2.56532E-01-9.12430E-02-1.87074E+00-9.19870E-02-1.76408E+00-1.76816E+00
 -1       443-1.85715E-01-1.09141E-02 1.13203E+01 2.43775E-01-1.38056E+00 9.87034E-02
 -1       444-8.38637E-01 4.37760E-02-1.05124E-01-1.66160E-01 3.92152E-02 1.86001E-01
 -1       445-7.83919E-01-1.71018E-02-5.01531E-02-1.37654E-01-4.31441E-02-2.31407E-01
 -1       446-7.21493E-01 2.40169E-03-2.76493E-01-1.85634E-01 9.58272E-02 4.33386E-01
 -1       447-6.57000E-01-1.02192E-02-2.38905E-01-1.27782E-01-7.71373E-02-4.36219E-01
 -1       448-4.17974E-01 1.11089E-03-4.07472E-01-1.23666E-01 1.16457E-01 3.73147E-01
 -1       449-1.45584E-01 3.34040E-03-7.81199E-01-1.03441E-01 1.45037E-01 3.58145E-01
 -1       450-1.31894E-01-2.34490E-01-6.56966E-01 6.46342E-02-6.52021E-02 2.31109E-01
 -1       451 1.75699E-01-2.21149E-02-8.87629E-01-1.58148E-02-2.47443E-02-1.56003E-01
 -1       452-5.50957E-02 1.01768E+00-2.80429E+00 7.39522E-02 3.36336E-01-3.86675E-01
 -1       453 5.02758E+00 5.06286E+00 2.09996E+00 2.32301E+00 4.32884E+00 3.22555E+00
 -1       454-1.83882E-01-1.15838E+00-1.24452E+01 3.94033E-01-5.35211E-01-2.70393E+00
 -1       455 4.70951E+00 1.06338E+00 5.66812E-02 2.60576E+00 7.22620E-01 1.39442E+00
 -1       456 3.67244E+00 8.58328E-02 7.98060E-02 1.78737E+00-5.02818E-02-1.64035E-01
 -1       457 3.93958E+00 2.74788E+00-7.06599E-01 2.90254E+00 3.34756E-01 5.29449E-01
 -1       458 2.45417E+00 5.00205E-03-1.72113E-01 1.37483E+00-1.00396E-01-4.84081E-01
 -1       459 4.53446E+00 1.80098E+00 3.16617E-01 2.46306E+00-8.11928E-01-1.77445E+00
 -1       460 5.33202E+00 1.42713E+00 6.14732E-01 1.73194E+00-9.82175E-01-1.50030E+00
 -1       461-6.28270E-01-4.15243E-01-5.73571E+00 1.67812E-01-2.98437E-01 1.50854E+00
 -1       462 2.47116E-01-1.09290E-02-3.06860E+00 2.74711E-01-4.35473E-01 2.67568E-01
 -1       463-2.29712E-01-6.27651E-02-7.75174E-01-5.44703E-02-2.98828E-02-1.38832E-01
 -1       464-1.76146E-01 6.64153E-02-7.03970E-01-6.73320E-02-8.00048E-02-3.70015E-01
 -1       465 1.70208E-02-6.37267E-02-8.67784E-01-3.11385E-02-2.08215E-01-2.44633E-02
 -1       466-3.58567E-01 3.92324E-02-5.09369E-01-8.23317E-02-4.99891E-02-4.26923E-01
 -1       467-1.15841E-01-2.59979E-01 9.19144E-02-2.91881E-01 1.31665E+00 1.87566E+00
 -1       468-7.32501E-01-2.33097E-01 2.53066E-01 9.91575E-03 7.46821E-02 3.68376E-01
 -1       469-1.20940E-01-1.08219E-01-5.34923E-02-1.43575E-01-5.11345E-02 3.66651E-01
 -1       470-7.80437E-02-1.96856E-02-1.44083E+00-6.46350E-01 9.29705E-02 3.94758E+00
 -1       471-3.42953E-01 1.41966E-01-3.76838E+00-2.67058E-01 1.73497E-01 2.82587E+00
 -1       472-2.00733E-01-2.13193E-01-1.38484E+00-5.59776E-02 1.25634E-01 1.53096E+00
 -1       473-1.31017E+00-2.13261E-01 2.17159E-01-3.59385E-01 5.35921E-01 1.65543E+00
 -1       474-6.28951E-01-5.10628E-03-1.01052E-01-4.35381E-02-1.25548E-02 6.82103E-01
 -1       475-2.48706E-01 8.91266E-03 1.13770E-01 4.21831E-02-8.81266E-02-5.57359E-02
 -1       476 9.75437E-02-1.36529E-03-2.88076E+00-2.30540E-02 9.53117E-03 1.33645E+00
 -1       477-1.73656E+00-1.42593E+00-5.02752E+00-1.15105E+00 9.44002E-01 6.36653E+00
 -1       478-6.79103E-01 7.23194E-03-2.43662E-01-8.08116E-02 2.61887E-02 6.50548E-01
 -1       479-7.18850E-01-9.74458E-03-3.63704E-02-6.85424E-02-1.25157E-02 4.08780E-01
 -1       480-6.29145E-01 5.02430E-03 3.92937E-02-1.21535E-02 1.02417E-02 2.76507E-01
 -1       481-5.55408E-01-1.68843E-04 4.47892E-02-4.18176E-02-2.24567E-02 1.02653E-01
 -1       482-5.93396E-01-2.60932E-02 9.58853E-02 1.60943E-02-1.19871E-02 5.53615E-01
 -1       483-3.36337E-01-1.48839E-02-1.43234E+00 1.48845E-02 6.99162E-02 1.03114E+00
 -1       484-4.85429E-01-1.30644E-02-8.38366E-01-5.50993E-02 1.70885E-02 9.44875E-01
 -1       485-3.78209E-01-1.05315E-02-5.44425E-01-3.54784E-02 6.15177E-04 1.08569E+00
 -1       486 5.15687E-03-9.76880E-02-3.35088E+00-6.51658E-02 2.10943E-01 7.76984E-01
 -1       487-1.17394E-01-3.37913E-02-2.13702E+00-1.69155E-02 4.42429E-02 9.84870E-01
 -1       488-2.41008E-01-2.00832E-02-2.18446E+00-2.05353E-02 6.75812E-03 1.39409E+00
 -1       489 8.89529E-01-1.95942E-01-9.97214E+00-2.43509E-01-4.50029E-02 2.03641E+00
 -1       490 5.93383E-02-1.17667E-01-4.50602E+00-9.87285E-02 3.47628E-01 1.57094E+00
 -1       491 3.82267E-01 1.24347E-01-3.27384E+00-1.43692E-01 1.26397E-01 1.93145E+00
 -1       492 2.02747E+00 1.48401E+00-3.01050E+00 9.48468E-01 4.86581E+00 8.07509E+00
 -1       493-1.40881E+00-2.12108E+00-1.65086E+01-3.24105E-01 1.09772E+00 3.68379E+00
 -1       494-1.98871E+00-3.78405E-01-6.31691E+00-2.03599E-01 4.05721E-01 5.85282E+00
 -1       495 1.18459E+00-6.91547E-02-5.80560E-01-1.04253E-01-5.78506E-03 2.72689E+00
 -1       496 1.74512E+00 7.56378E-01-1.68240E+00 6.95888E-01 2.83610E-01 4.10549E+00
 -1       497-1.08167E+00-1.08222E+00-3.79385E+00-6.98751E-01 3.61281E-01 4.85165E+00
 -1       498-1.17717E+00-1.88260E-01-5.68235E-01-1.00283E-01 3.88612E-01 1.81323E+00
 -1       499 6.39964E-01-7.98051E-02-5.10074E-01 1.91508E-01 2.58390E-01 2.01573E+00
 -1       500-4.70580E-02 6.31891E-01-4.56894E-01-3.36998E-02 2.71074E-01 2.50603E+00
 -1       501-1.57483E+00-1.49070E-01 2.97913E-01-3.83915E-01 3.14352E-01 1.19084E+00
 -1       502-1.49577E-01 5.17453E-02 3.46960E-01 2.75596E-02-2.30270E-01-1.70665E-02
 -1       503-5.67447E-01-6.14648E-02 6.30213E-01-3.52000E-01-5.60523E-02 2.04087E-01
 -1       504-6.55482E-01 5.13963E-02 7.03185E-01-1.54068E-01 2.31739E-01 9.68239E-01
 -1       505-2.33355E-01-4.95662E-02-5.47175E-02-5.29342E-02-1.07753E-02 2.75056E-02
 -1       506-3.81397E-01-5.83204E-03 5.54969E-02-3.71988E-02-4.77180E-02-1.33809E-01
 -1       507-1.99770E-01-2.17550E-02-6.08603E-02 4.43136E-02-4.03269E-02-8.76539E-02
 -1       508-2.79551E-02 8.78045E-02 2.21843E-01-2.33624E-02-1.02333E-01 6.45068E-02
 -1       509-4.16743E-01 3.81016E-02 3.44229E-01 6.83613E-03-5.70089E-02 1.65669E-01
 -1       510 1.84130E-01-9.89203E-02 4.81943E-01-4.16037E-02 6.86656E-01 4.04610E-01
 -1       511-5.40887E-01-4.34355E-01-2.34833E-01-1.21997E-01 1.10216E-01 4.85460E-01
 -1       512-6.46891E-01-2.78750E-01 1.59874E+00-8.36264E-02 7.54490E-01 6.44252E-01
 -1       513-5.83062E-01-4.54591E-01-6.17129E-01-6.14489E-03 1.65846E-01 1.05364E+00
 -1       514-2.11356E-01-2.17349E-01 1.44405E-02-3.91414E-01 8.43424E-01 2.22737E+00
 -1       515-5.13987E-01-1.85097E-01-4.38301E-01-2.00177E-01 1.30509E+00 1.06009E+00
 -1       516-7.05144E-01-2.50983E-01-1.85079E+00-3.94667E-01 9.86200E-01 3.18622E+00
 -1       517-1.20006E-01 4.32229E-01-2.24943E+00-2.33985E-01 6.76958E-02 3.68445E+00
 -1       518 1.64532E-02-1.40887E-01-2.55134E+00-1.93977E-01 1.15427E+00 3.44600E+00
 -1       519-2.19224E-01-6.42070E-02-2.48428E+00-1.64527E-01 2.75461E-01 1.89409E+00
 -1       520-7.64282E-01 9.10167E-02-6.15741E-01-4.09081E-02-5.08348E-01-6.50853E-01
 -1       521-1.03516E+00-1.39268E-02 6.06081E-02-5.62919E-02-3.89739E-02-6.33370E-01
 -1       522 3.82211E-02-2.71095E-02-1.84007E+00-9.93566E-02 1.12664E-01-9.91183E-01
 -1       523 9.12537E-01 8.23746E-02 2.01340E-01-3.68328E-01-2.82329E-01-2.09726E+00
 -1       524 6.36444E-02-1.84962E-01 6.45844E-01-4.46181E-01 3.68383E-01-9.41802E-02
 -1       525-1.34933E-01-2.10788E-02-1.44383E-01-1.54210E-02-1.70553E-02 3.43731E-01
 -1       526 1.20852E+00-2.29746E-01-7.87016E-01-5.66419E-01 4.08628E-01-2.22897E+00
 -1       527-8.32587E-01 4.21068E-02 8.56293E-02-5.92219E-02 4.65723E-05 6.45511E-02
 -1       528-5.13459E-01-1.07111E-03-8.90850E-01 1.42033E-03-5.63196E-02-8.59997E-01
 -1       529 1.43489E-01-1.14700E-02-2.92474E-01-1.31226E-02 5.16622E-02 4.32734E-02
 -1       530-4.64157E-01 7.35909E-02 1.31016E+00 9.83569E-02-5.50563E-01-1.06280E+00
 -1       531-9.58801E-01 2.95646E-02 2.39067E-02-6.87454E-02-1.51466E-02-6.58885E-02
 -1       532-6.39189E-01 5.79570E-02 2.99345E-02-7.08944E-02 5.05193E-02 1.52366E-01
 -1       533-8.25406E-01 3.64783E-02-2.77582E-01-7.90594E-02-2.08476E-02-6.19855E-01
 -1       534-9.61959E-01 1.36707E-02-4.60757E-03-4.93100E-02 4.02056E-03-3.26805E-01
 -1       535-1.00598E+00 6.61066E-03 6.38095E-02-5.10845E-02-3.17552E-03-1.85799E-01
 -1       536-3.82053E-01-4.33248E-03-1.44417E-01-9.02985E-03 2.34235E-02 3.01913E-01
 -1       537-4.43732E-02 2.76379E-02-2.18095E-01-1.66146E-02 3.40303E-02 1.96334E-01
 -1       538-6.24512E-01-1.01590E-02-7.01327E-02-3.04328E-04-1.23700E-02 2.90517E-01
 -1       539 1.84202E-01 1.44694E-01-1.67988E-01-5.10270E-02 8.42240E-02 2.00119E-02
 -1       540-8.78693E-02-3.46111E-01-1.28791E-01 7.48874E-02-3.02608E-01-1.28363E-01
 -1       541 2.02682E-02 4.31063E-02-1.69050E-01 2.53733E-02 5.64892E-02 1.46020E-01
 -1       542 2.03328E-01-6.47252E-01 8.87786E-01-1.06686E-01-1.21401E-01-2.61958E-01
 -1       543-6.84786E-01-9.75608E-01-1.17531E+00-2.14700E-01-1.45069E-02-1.39368E+00
 -1       544 1.38085E-01-3.18517E-01-2.27977E-01-1.22691E-01 1.99375E-01 9.59488E-02
 -1       545-1.31010E+00-4.17361E-01 4.40840E-01-4.41529E-01 2.07575E-01-2.08383E+00
 -1       546-2.23098E-01 1.03559E-02 1.93712E-01 7.87511E-01-5.60005E-01-1.53952E+00
 -1       547-1.35133E-01 2.60957E-01 9.57513E-01-1.21596E-01-3.55219E-01-2.07800E-01
 -1       548 1.06350E+00-5.10981E-02 2.55437E-03 3.33066E-01-2.42540E-01-2.14454E+00
 -1       549 2.55597E+00-2.13277E-01-2.06124E-01 4.53607E-01-1.80014E-01-2.32123E+00
 -1       550 3.75815E-01 2.21215E-01 1.50333E+00 1.40687E-02-4.74861E-01-1.76479E+00
 -1       551 3.09559E+00 1.28119E-01-3.32597E-01 2.16782E-01 6.40469E-02-2.17018E+00
 -1       552 7.01606E+00 1.11952E+00 1.21672E-01 1.39268E+00-8.99213E-01-3.61364E+00
 -1       553 1.10388E+00-7.27039E-03-2.87793E-01-3.33068E-01-3.58075E-02-2.14219E+00
 -1       554 1.08520E-01-9.64719E-01-7.15068E+00 6.75663E-02-4.15413E-01-1.22564E-01
 -1       555 1.19580E+00 7.00411E-01-3.86914E+00 2.69754E-01-3.82547E-01-6.50777E-01
 -1       556 2.05348E-01 3.19136E-02-2.00340E+00-9.36289E-02-1.33767E-01-7.15657E-01
 -1       557 1.36978E-01-4.51758E-01-1.91574E+00-3.71684E-01 3.51101E-01-1.54122E+00
 -1       558-1.06728E-01-2.58615E-02-1.54073E+00-8.30121E-02 2.29312E-02-7.59706E-01
 -1       559-3.98218E-01-8.85866E-04-1.08666E+00-1.81670E-02-5.51406E-02-7.63120E-01
 -1       560-6.53546E-01 3.25001E-02-5.83167E-01-4.34087E-02-2.77429E-02-7.29808E-01
 -1       561-2.96437E-01-2.20389E-02-1.25641E+00 4.19718E-03 1.50318E-02-9.17927E-01
 -1       562-7.25897E-01-1.54035E-02-5.85626E-01-3.41827E-02-6.52327E-02-8.05046E-01
 -1       563-1.05793E+00 9.15777E-02 6.71912E-01-2.06838E-02-1.62482E-01-8.40720E-01
 -1       564-4.23855E-01 3.11384E-02-8.36813E-01-1.06966E-02 1.40572E-02-9.39095E-01
 -1       565-3.59862E-01 3.17713E-02-1.56299E+00 1.78331E-01 3.44309E-02-1.45814E+00
 -1       566-4.71217E-01 3.75168E-02 3.13207E-01-3.61013E-01-8.25282E-02 2.61106E-01
 -1       567-9.13045E-01-1.27916E-01-8.85102E-02 1.86708E-02-1.08943E-01 6.03802E-02
 -1       568-3.83749E-01-3.47227E-01-1.77075E+00-3.20606E-01 3.50464E-01-1.72244E+00
 -1       569 1.17677E-01-1.37469E-01-1.62046E+00-6.52769E-02 1.75190E-01-1.10466E+00
 -1       570 2.36047E-01 2.97465E-01 1.45214E+00-3.66405E-01-4.37693E-02-1.10467E+00
 -1       571-1.03834E+00-4.85997E-01-6.77022E-01-1.96792E-01 2.31570E-01 2.12879E-01
 -1       572-4.44172E-02-1.14299E-01-2.27779E-01-1.49543E-01 2.10204E-01 1.45820E-01
 -1       573 1.93231E+00 5.06773E+00 5.25945E+00-4.81501E-02 7.05781E+00 9.86690E+00
 -1       574 2.13042E+01 1.16310E+01-4.33359E+00 3.69900E+00-1.11831E+01-6.66169E+00
 -1       575-2.88708E+00 1.50937E+01 1.10288E+01 9.97263E+00 7.83923E+00 1.13081E+01
 -1       576-8.17458E+00-1.05780E+01-4.17368E+00-5.33672E+00 2.37223E+00 1.05603E+01
 -1       577-1.25124E+01 2.07977E-01-1.20092E+01 5.58878E-01-4.58436E+00-1.36265E-01
 -1       578 1.17122E+01 6.26260E+00 2.37970E+00 1.26889E+01-3.85191E+00-5.46526E+00
 -1       579-6.42138E+00-5.50153E+00 1.76133E+01-2.52759E+00-2.09976E+00-2.75263E+00
 -1       580-2.58032E+00 5.70515E+00 3.67372E+00-4.85888E+00-1.37702E+01 9.44099E+00
 -1       581 6.81373E+00-1.81218E+00-3.75858E+00-5.37372E+00-8.83995E+00 7.49943E+00
 -1       582 9.15142E+00-2.33946E+01 2.15585E+00-1.22869E+01-1.90999E-01 1.59863E+01
 -1       583 6.08354E+00-2.29572E+01-1.21756E+01-7.41442E+00-1.78812E+01 1.28787E+01
 -1       584-1.21912E+01-8.35967E+00 2.48201E+00-7.07223E+00-1.59831E+00 1.00039E+01
 -1       585 1.75998E+01 7.05870E+00 8.16386E+00-2.11230E+00 3.48857E-01 1.57824E+01
 -1       586 2.87546E+01-1.32606E+01-2.26973E+01-1.17912E+01-1.17817E+01 1.54081E+01
 -1       587 4.14747E-01 5.03079E+00 1.78646E+01-3.84346E+00-1.12960E+00 2.43383E+01
 -1       588-1.38474E+01-4.36621E+00-1.05331E+00-2.13698E+01-1.33162E+01 1.88516E+01
 -1       589 3.23556E+00-1.15564E+00-5.45642E+00-1.00701E+01-3.36893E+00 2.70470E+01
 -1       590 1.42921E+01 6.58996E+00-1.11070E+01 1.81092E+01-8.72998E+00 1.13884E+01
 -1       591-1.35852E+01-3.43609E-01-9.59246E+00-2.18412E+00 9.78728E-01 2.98466E+00
 -1       592-1.42495E+01-4.78672E-01-2.38126E+01 6.73477E+00-1.84864E+00 1.01010E+01
 -1       593-1.53192E+01-8.77690E+00-6.08313E+00-1.07218E+01-2.82219E+00-5.30403E+00
 -1       594-3.44716E+01 5.40180E+00-1.74300E+01 6.60459E+00-5.43054E-01 1.12800E+01
 -1       595 9.05184E+00 1.77051E+01-1.91353E+00 1.38597E+01 2.64556E+00 1.20108E+01
 -1       596-8.14499E+00 3.47874E+00-1.42871E+01 4.59671E+00-1.83003E+01-1.19677E+01
 -1       597-1.45792E+01-1.30481E+01-3.07211E+01-8.34351E+00-1.98448E+00 6.10897E+00
 -1       598 9.05146E+00 6.95822E+00-7.94501E+00-1.32721E+00-4.63116E+00 8.68005E+00
 -1       599 6.42917E+00 1.03972E+01 3.25241E+01-2.70680E+00 2.67977E+00 1.32551E+01
 -1       600-2.30681E+01-5.22606E+00 3.03826E+01-1.32767E+01 8.10111E+00 8.92596E+00
 -1       601 2.82274E+01 2.56455E+01 3.34674E+01 1.12153E+01-3.49065E+00 2.23639E+00
 -1       602-3.86014E+00-1.07787E+01-1.63063E+01 1.88119E+00 4.41995E+00 1.78280E-01
 -1       603-8.99650E+00-9.49955E+00-8.05279E+00-4.49207E+00-7.82182E-01 9.14582E+00
 -1       604-1.35743E+01-2.46300E+01-1.57257E+01-6.24823E+00 2.28532E+00-1.01694E+00
 -1       605 2.27133E+01 1.42886E+01 1.41554E+01 1.10384E+01-3.15312E+00 8.82892E-01
 -1       606 1.06959E+01-7.81286E+00 9.26984E+00 5.73212E+00 1.71519E+00 8.16970E+00
 -1       607-9.14878E+00-2.30596E+01-5.33831E+00-2.82857E+00 1.19349E+00 2.97302E+00
 -1       608 3.54313E+00-5.99276E-01-5.93445E+00 3.31321E+00 3.44897E+00 1.11330E+01
 -1       609-3.21492E+00 2.39778E+00 3.69888E+00-2.33052E+00-9.01272E+00-9.11456E+00
 -1       610-3.30735E+00 1.19624E+00 1.51537E+01-9.41146E+00-4.35977E+00 1.91163E+01
 -1       611 1.22925E+01-6.24057E+00 1.16754E+01 5.39743E+00 1.89344E+00 6.99710E+00
 -1       612 2.61080E+01 1.14029E+00 3.79427E+00 1.95626E+00-2.70822E+00 7.13203E-01
 -1       613-5.32316E+01-1.62193E+01-2.98653E+01-1.07694E+01-9.39307E+00-1.52033E+01
 -1       614-2.42756E+01-6.21004E+00-5.89175E+01 3.62648E+00 1.21533E+01 1.43450E+00
 -1       615-1.21818E+01-4.28604E-01-2.24961E+01 7.73397E-01-7.85506E+00 1.09343E+01
 -1       616 3.14682E+00 1.23226E+01-6.30006E+00-1.71586E+00-3.65902E+00 2.10846E+01
 -1       617-1.99611E+01 9.19669E+00 3.23983E+00 1.60694E+00 7.95446E+00 2.73024E+01
 -1       618-7.91233E+00-6.55363E+00-7.73026E+00-2.08950E+00-9.04845E+00 2.15413E+01
 -1       619 4.87093E+01 1.32860E+01 2.21534E+01 9.96018E+00 1.02869E+01 1.01327E+01
 -1       620 2.82343E+01 6.47759E+00 1.13300E+00 8.53704E+00-2.47929E+00 6.52710E+00
 -1       621-1.17651E+01-1.25980E+01 3.73648E-01-1.04237E+01 5.28080E+00 4.49410E+00
 -1       622-1.37706E+01 3.14288E+00-3.40861E+01-5.70007E+00-1.30793E+01 1.54714E+00
 -1       623 1.20931E+01 1.56584E+01-1.59722E+01 4.31576E+00 1.42775E+00 4.51763E-02
 -1       624 1.29730E+00 1.02562E+01-1.87903E+00-1.94255E+00 1.42788E+00 1.71147E+01
 -1       625 4.21881E+00 1.65641E+01-1.57846E+00 1.40625E+01 7.16727E+00 4.04338E+00
 -1       626-4.31949E+01 1.86464E+01-1.93255E+01-4.96460E+00-4.40142E+00 6.11911E+00
 -1       627-1.42533E+01 3.69687E+00 1.02783E+01 2.86976E+00 1.64319E+01 2.30625E+01
 -1       628 5.78008E+01 2.67566E+01 2.35006E+01 4.29917E+00-1.31609E+01 1.09558E+01
 -1       629 6.29943E+00-1.83801E+01-6.61250E+00-1.97576E+00-3.52314E+00 2.01184E+00
 -1       630 5.02371E+00-8.27306E+00 8.76079E+00-5.41050E+00-1.14040E+00-5.01145E-01
 -1       631-1.26030E+00 2.22940E+00-1.09163E+01-1.68396E-01 4.16658E+00 1.17987E+01
 -1       632-1.88936E+01-1.84363E+00-1.05921E+01-7.94391E+00 5.55779E-01 5.51327E+00
 -1       633-3.00126E+01-1.07512E+01-1.28348E+01-8.88190E+00-8.54658E+00-5.50883E+00
 -1       634 2.08431E+00-2.53981E+00 2.42876E+00 1.85807E+00 4.33955E-01 8.61652E+00
 -1       635 6.77375E+00 5.97064E+00 2.34732E+01 1.42750E+01 1.28361E+00 1.23370E+00
 -1       636 6.92391E+00 2.77054E+00 1.31967E+01 2.84137E+00-4.46278E+00 1.17470E+01
 -1       637-8.39172E+00-7.95157E+00-3.60844E+00 6.02278E+00 2.48196E+00-2.15257E-01
 -1       638 2.49897E+01 1.21868E+01-5.52899E+00 1.13875E+01-1.18982E+01 6.32153E+00
 -1       639 1.77238E+01-5.35886E+00 2.01488E+01-8.34193E+00-1.34687E-01 1.87868E+01
 -1       640-3.15538E+01-2.51314E+01-1.47444E+01-3.83200E+00 3.57866E-01-1.01667E+00
 -1       641-1.20317E+01-2.06295E+01-1.97172E+01 1.45265E+00-6.78525E+00-6.85664E-01
 -1       642-4.22102E+00 1.34540E+01 5.40906E+00-4.64799E+00-5.61317E+00-6.14234E+00
 -1       643 2.54825E+01 1.69455E+01 9.65210E+00 8.12794E+00 7.38476E+00 1.30645E+01
 -1       644 6.19788E+00 2.86075E+00 6.35089E-01 3.53379E+00-6.84569E+00 6.55689E+00
 -1       645-2.45304E+01-4.43008E+00-1.89111E+01-3.46296E+00-1.06007E+00 1.36083E+01
 -1       646 1.85172E+01 3.32626E+00-1.01095E+00 9.00621E+00 2.53373E+00 1.03926E+01
 -1       647 4.69668E+01 9.03340E+01 3.12657E+01 3.07748E+01 9.97558E+00 2.69212E+00
 -1       648-9.04103E+00-2.09743E+01-8.40331E+00-5.95745E+00 6.21473E+00 1.03457E+01
 -1       649 1.46968E-01-1.93371E+01-4.80052E+00-3.56039E-01-2.09566E+01-5.43943E-01
 -1       650 4.55683E+00-4.73891E+00-1.69998E+01 1.48015E+00-1.14422E+01 1.90509E+00
 -1       651-1.17755E+00-7.85670E+00 4.10531E+00-5.00878E+00-1.44111E+01-8.93808E+00
 -1       652-2.25197E+00 1.31189E+01-3.01436E+01 2.86500E+00-8.20553E+00 2.84532E+00
 -1       653-3.54338E+01-1.59091E+01-3.88596E+01-8.79371E-01 3.87778E+00 1.21028E+01
 -1       654 5.37800E+00 9.22259E+00-1.81088E+01 6.76494E+00-9.00656E+00-5.28234E+00
 -1       655 6.59219E-01-5.54164E+00-5.38474E+00-2.31421E+00 7.22364E-02-7.98957E-01
 -1       656 1.66194E+00 8.18704E+00-2.56646E-02-3.09424E+00-2.36749E+00 1.68430E+00
 -1       657-7.08015E+00 2.68829E+00 1.11349E+00 2.52146E+00-5.15948E+00-1.08329E+01
 -1       658 1.47876E+01 4.51320E+00 6.36718E-01 6.89144E+00 3.34092E+00 2.89899E+00
 -1       659 5.63683E+00-1.33318E+01-1.11022E+01-1.70499E+00-6.86468E+00 8.41144E+00
 -1       660 2.85271E+01 5.64676E+00-1.12459E+01 1.33475E+00-1.99883E+01-5.12054E+00
 -1       661-1.00517E+01-2.82279E+01-2.02308E+01-5.61921E+00 5.72776E+00 6.54238E+00
 -1       662 9.09000E+00-4.80901E+00-1.46661E+01-4.92516E+00-4.89265E+00-8.97218E+00
 -1       663 6.23288E+00-1.46750E+01-1.53509E+01 5.00223E+00 6.40547E+00 6.33327E+00
 -1       664-1.42419E+01-9.61777E+00 4.80365E+00-2.09348E+00-5.57812E-01 6.94441E+00
 -1       665-2.23553E+01-9.03012E+00-4.94104E-01-1.02267E+01 5.27495E+00 1.23047E+01
 -1       666-3.43556E+01-5.76895E+00-1.96229E+01-1.02809E+01 4.80057E+00 9.58807E+00
 -1       667-8.75271E-01 1.14707E+01 1.03577E+01 5.97066E+00 3.22629E+00 1.39503E+01
 -1       668-1.49536E+01-1.11740E+01-1.42762E+01-1.34578E+00 1.99123E+00 3.78031E+00
 -1       669 3.60847E-01 7.69721E+00 8.40193E+00 9.32261E+00 3.27349E+00 4.68844E+00
 -1       670-1.42123E+00-1.44541E+01-5.41095E+00-6.05392E+00-8.18176E+00 4.27684E+00
 -1       671-8.86986E-01-4.56882E+00-7.46208E+00-5.85160E+00-3.06184E-01 7.04537E+00
 -1       672 9.03591E+00-3.33821E+00-4.52196E+00-6.59520E+00 6.00694E-01-3.10864E+00
 -1       673 2.13004E+01 1.37049E+01 4.58006E+00 7.32307E+00 5.13647E-01-1.03581E+00
 -1       674 3.22851E+00-9.91336E-02 2.64890E+00-1.10635E+01 2.12785E+00 2.27553E+00
 -1       675-2.51063E+01-5.50808E+00-2.49646E+01-9.31800E+00 5.07548E+00 5.83207E+00
 -1       676-2.79125E+00 1.00042E+01 9.44828E+00 9.79411E-01 4.56956E-01 8.31089E+00
 -1       677-2.89136E-01 9.42103E+00 9.87560E+00-4.42662E-01-8.15389E+00-1.70825E+00
 -1       678 1.90850E+01 4.55665E+00-1.06121E+01 8.70562E+00 9.50699E+00 2.07065E+01
 -1       679 1.42863E+01 1.38260E+01 7.01541E+00 8.51600E-01 4.94915E+00 3.31579E+00
 -1       680-2.72386E+01-2.09238E+01-3.22675E+01-1.59193E+01-1.66907E+01 2.07761E+00
 -1       681 7.31377E+00 9.83867E+00-9.16978E+00 3.75620E+00-1.53477E+00 1.28594E+00
 -1       682 1.28656E+01 2.09750E+01 6.80313E+00 1.80330E+01 3.83684E-01 1.51523E+01
 -1       683 2.07729E+01 2.56795E+01-7.81494E+00 1.71575E+01 1.25047E+01 1.56374E+00
 -1       684-1.63995E+00 1.92263E+01-2.72732E+01 1.46303E+01 3.89171E+00 1.03119E+01
 -1       685-7.72116E+00 1.27542E+01-1.13142E+00-6.93709E+00-1.67742E+01-2.28544E+00
 -1       686 1.63395E+01 2.18968E+01 1.86014E+01 7.37375E+00-1.43778E+01-9.02269E+00
 -1       687-2.00404E+00-1.79621E+01 5.74892E+00 6.43812E-01-1.67269E+01-1.45826E+01
 -1       688 1.29912E+01 1.50441E-01-1.24796E+01 6.78589E+00 6.77900E+00 2.07829E+00
 -1       689-2.06522E+00 1.55190E+01-3.61405E+00 9.94580E+00-6.44414E+00-1.87389E+00
 -1       690-3.99535E+00 5.31419E+01 1.48493E+01 1.89284E+01 8.54057E+00 8.98289E+00
 -1       691 1.14155E+01 1.41578E+01 2.44588E+01 1.27238E+01 4.75170E+00 3.93567E+00
 -1       692-4.48486E+01-1.75355E+01-4.14496E+00 9.49454E-01 9.22040E+00 1.84251E+01
 -1       693-5.43042E+00 3.83493E+00-8.04913E+00 1.28206E+01-1.65094E+00 1.97036E+00
 -1       694-2.33952E+01-5.07782E+00-6.62408E+00-1.92155E+01 5.09440E+00-6.46568E+00
 -1       695-2.25619E+01 2.46302E-01 1.28291E+01-4.55822E+00 1.02145E+01 1.37949E+01
 -1       696 3.97333E+00 1.09167E+01 1.47674E+00 1.07000E+00-5.93586E+00 3.62557E+00
 -1       697 1.99111E+01 2.20495E+01 8.62309E+00 1.12827E+01 5.00445E+00 8.39453E+00
 -1       698-1.85213E+01-2.89201E+00 5.02548E-01-4.25447E+00-6.89505E-01 8.67056E+00
 -1       699 2.79129E+01 1.90754E+01 7.39310E+00 7.38467E+00 1.31179E+00 5.75901E+00
 -1       700-4.22645E+01-7.24809E-02-7.24634E+00-4.48592E+00 9.79306E+00 1.81390E+01
 -1       701 6.44195E+01 3.23931E+01 2.70677E+01 2.10276E+01-3.56010E+00-1.51136E+00
 -1       702 2.98363E+01 1.19363E+01-1.96390E+01 1.00226E+01-3.84546E+00 7.78313E+00
 -1       703-1.40466E+00 7.31491E-02 8.87596E+00-4.43820E+00-6.22701E+00 1.54077E+00
 -1       704 3.04268E-02-1.43558E-01-1.62616E+01-3.51435E-02 9.21700E-01-1.20334E+00
 -1       705-9.61084E-02-4.22260E-02-2.94666E+00 1.93110E-02 1.92367E-01 1.46827E+00
 -1       706-2.04713E-01 8.63345E-02-4.46367E+00-6.99639E-02-6.26731E-02-3.52172E-01
 -1       707-9.96240E-04 8.97187E-02 7.51356E+00-6.17445E-02-6.90915E-01 1.30867E+00
 -1       708 2.40786E-01 8.39677E-02-5.71663E+00-2.31342E-01-6.27386E-01-1.40196E+00
 -1       709-5.33385E-01-6.84083E-03-2.55253E-01-1.02625E-01 2.09966E-02 5.66123E-01
 -1       710 1.80722E+00-2.74000E-01 2.54909E-01 5.75031E-01-3.68002E-01 2.01170E-01
 -1       711 2.35008E+00-5.69895E-02-5.06575E-01 5.44545E-01 2.72083E-01-2.33123E-01
 -1       712 3.56603E+00-6.49433E-02-2.99067E-01 9.87733E-01 1.07709E-01-1.12430E+00
 -1       713 1.62092E+00-3.01554E-02-4.33410E-01 1.10758E-01-6.41435E-02-1.21827E+00
 -1       714 2.03960E+00 7.32162E-02-3.98160E-01 2.56286E-02 3.34451E-01-1.19707E+00
 -1       715 5.64219E+00 9.53149E-01-1.64174E-01 1.69301E+00-2.10400E-01-2.26246E+00
 -1       716 1.07163E+00-1.43779E-01 1.09499E-01 1.03944E-01-2.32419E-01 1.20960E+00
 -1       717 5.89551E-01 1.28580E-01-7.45746E-01-3.17823E-01-4.49962E-02 9.13310E-01
 -1       718 6.20775E-01-3.56674E-01-4.19183E-01-3.79368E-01-2.40885E-01 2.10602E+00
 -1       719 1.35836E+00-2.18938E-01-4.15486E-02-7.42773E-02-2.23101E-01-1.06219E+00
 -1       720 1.95895E+00 1.27774E-01 3.49528E-01 1.17869E+00-2.69361E-01-8.11792E-01
 -1       721 3.94597E+00 1.33476E+00-5.54733E-01 2.24528E+00 6.50927E-01 2.47190E+00
 -1       722-7.45417E-01-5.92663E-03-1.60857E-02-6.46670E-02-1.21250E-02 3.70839E-01
 -1       723-6.21745E-01 5.79878E-03-1.38376E-01-9.27061E-02 4.26071E-02 4.35225E-01
 -1       724-5.24970E-01 1.39643E-02-2.01244E-01-1.07723E-01 6.96559E-02 3.47557E-01
 -1       725-6.06568E-01-1.48171E-02-2.02192E-01-7.91496E-02-6.97208E-05 6.25563E-01
 -1       726-6.80468E-01 3.54283E-02-2.44214E-02-9.25309E-02 9.43404E-03 3.16362E-01
 -1       727 1.86656E+00 4.12006E-02-2.80381E-01 3.30129E-01-1.15869E-01 1.18789E-02
 -1       728 2.56405E+00-7.63351E-02 2.42171E-01 9.00867E-01-1.61469E-01 9.50236E-01
 -1       729 2.36695E+00 3.58733E-01-6.25782E-01 8.13718E-01 7.07345E-02-5.42455E-01
 -1       730 2.95521E-01-4.09608E-01-4.60301E-01-1.00338E-01 4.99196E-01 1.16660E+00
 -1       731 1.33027E+00 2.42855E-01-5.97041E-01 9.15205E-01 5.75115E-02 3.66557E-01
 -1       732 2.51460E+00-5.55241E-01 1.80417E-01 1.17236E+00-4.70384E-01-1.05339E+00
 -1       733 2.91630E-01-6.85089E-01-1.31550E+00 1.30824E-02 6.72025E-03 1.97599E+00
 -1       734 3.35187E-02-2.25786E-01-1.47682E+00-4.88949E-01-5.13354E-02 1.21998E+00
 -1       735-3.55959E-01-3.74603E-01-1.46325E+00-4.49993E-01-6.88567E-02 2.28860E+00
 -1       736 1.08326E-01-1.56667E-02-1.60276E+00-4.39642E-02 7.51500E-02 6.73180E-01
 -1       737-1.93505E-01-1.10310E-01-1.09633E+00-3.37360E-02 6.92372E-02 7.85576E-01
 -1       738 2.33109E-01 1.40239E-01-1.96952E+00-1.73353E-01 1.50603E-01 1.12084E+00
 -1       739-1.22288E+00-5.35976E-01-2.57923E+00-7.83575E-01 5.61316E-01 3.12646E+00
 -1       740-5.88397E-01-4.34046E-02-1.48681E-01-1.84652E-02-7.32040E-02-3.62053E-01
 -1       741-5.74786E-01-1.32754E-02-2.63069E-01-3.31434E-02-6.83974E-02-3.79740E-01
 -1       742-3.87796E-01 3.96973E-03-3.87967E-01 7.23310E-03-8.27101E-02-4.48932E-01
 -1       743 1.34470E-01 6.88933E-02-1.62654E+00-5.28762E-02 3.07574E-01 7.52745E-02
 -1       744 2.25692E-01-1.80629E-01 2.23943E-02-1.77021E-01 4.53452E-01-3.39710E-01
 -1       745-1.08857E+00 4.31181E-02-1.67086E+00-3.36914E-01-1.02708E-01 1.83534E+00
 -1       746-3.74296E-01-1.33983E-01-2.55947E+00-1.60105E-01 1.20094E-01 1.78575E+00
 -1       747-2.69784E-01 2.69005E-01 5.39444E-01-2.91975E-01-3.71168E-01 1.24781E+00
 -1       748-6.63399E-02 3.30731E-02-3.45455E-01-4.44204E-01 1.83684E-01 1.52630E+00
 -1       749-1.68293E-01 2.17883E-01-1.59502E+00-1.74154E-01 1.28507E-01 1.17597E+00
 -1       750-1.00811E-01-1.05378E-01-6.22969E-01-8.22045E-02 6.24391E-02 9.56488E-01
 -1       751-4.75597E-01 3.53124E-01 1.79427E+00 7.03033E-02-5.13606E-01-3.08643E-01
 -1       752-1.57137E-01 5.42847E-02-1.68919E+00-4.02574E-01 2.87606E-01 1.50502E+00
 -1       753-6.04783E-01-4.37252E-02-1.95264E-01-7.34557E-02-6.54919E-02 5.99145E-01
 -1       754-8.17596E-01-4.72601E-02 3.19137E-01-5.56842E-02-1.50105E-02-1.44911E-01
 -1       755-8.25065E-01 2.13703E-02-2.14425E-02-9.97001E-02-1.55216E-02 2.01810E-01
 -1       756-1.72586E-02-3.81040E-02-9.37486E-01-4.26743E-02 9.30926E-02 4.05794E-01
 -1       757-1.29086E+00-9.68532E-01-2.51112E+00-1.05794E+00 9.06867E-02 1.37389E+00
 -1       758-2.64543E-01 1.30147E-02-5.51230E-01-2.62047E-03-6.54390E-02-3.93250E-01
 -1       759-7.37923E-01-7.03089E-02 6.89140E-02-1.32737E-02-2.61064E-02 1.95697E-01
 -1       760-8.22953E-01-5.27036E-02-2.20658E-02-4.68955E-02 4.41373E-03 4.31669E-02
 -1       761-6.34220E-01 1.25503E-02-4.06176E-01-1.14465E-01 2.66658E-02 6.01775E-01
 -1       762-7.51119E-01-2.38108E-02-1.46534E-01-6.02327E-02-2.59669E-02-1.84149E-01
 -1       763 5.12356E-01 4.45972E-03-1.35928E+00-1.24425E-01 6.47855E-01 1.85158E-01
 -1       764 3.06036E-01 9.87890E-02-4.89931E-01-2.36337E-02-2.75659E-02-2.98857E-02
 -1       765 1.46596E+00 8.79928E-01-4.76125E+00-2.30046E-01 8.92493E-01 8.76949E-02
 -1       766-4.11003E-01-6.81621E-02-2.27893E-01-4.41103E-02-5.07867E-03 5.23737E-01
 -1       767-1.44284E-01 3.22751E-02-6.01773E-01 1.53571E-02-2.27159E-02-4.62663E-01
 -1       768-4.15301E-02-1.55751E-01-7.99652E-01-1.15295E-01 1.18088E-02-3.66753E-01
 -1       769-2.36161E-01-4.36398E-02-8.33567E-01-2.53466E-02 1.29034E-01 6.48217E-01
 -1       770-4.51299E-01-8.86441E-02-3.21640E-01-7.43650E-02-5.29325E-02-2.75510E-01
 -1       771 2.53660E-02 1.30206E-01-1.52236E-01 1.81708E-01-4.32083E-01-8.00903E-01
 -1       772-6.74070E-01-9.13233E-02-1.42315E+00 4.36969E-02 1.26087E-01-4.40083E-01
 -1       773-6.17400E-01-1.54121E-01-1.40330E+00-3.87460E-01 1.86605E-02-1.00004E-01
 -1       774-3.70751E-02 3.41223E-03-8.69203E-01-8.52089E-02-6.66278E-02-3.97996E-01
 -1       775-3.04441E-02 2.27772E-02-8.54927E-01-2.58411E-02 5.21599E-03-4.09550E-01
 -1       776-2.65311E-01 4.85279E-02-5.62430E-01 1.68120E-02 1.96229E-01-6.51052E-02
 -1       777-6.62810E-01-4.20547E-01-1.32982E+00-7.31685E-01 5.32926E-01-3.35347E-01
 -1       778-3.92754E-01-8.80454E-02-6.59729E-01-7.81050E-02 2.79719E-02 9.70002E-01
 -1       779-2.89743E-01-1.17230E-02-3.65312E-01-5.72644E-02 8.54099E-02 3.10427E-01
 -1       780-6.07239E-01-3.06329E-02 1.56461E-01-3.64265E-02-2.31524E-02 5.06798E-01
 -1       781-8.04266E-01 6.05603E-02 1.47539E-01-7.08390E-02-3.25036E-02 1.20792E-01
 -1       782 2.33103E+00-8.01771E-02-5.72511E-01 9.18314E-01 6.64195E-02 7.45311E-01
 -3
    1PSTEP                         3           1           1          
  100CL  101 1.000000000         782                     0    1           1
 -4  TOSTRAIN    6    1
 -5  EXX         1    4    1    1
 -5  EYY         1    4    2    2
 -5  EZZ         1    4    3    3
 -5  EXY         1    4    1    2
 -5  EYZ         1    4    2    3
 -5  EZX         1    4    3    1
 -1         1-6.64075E-05 3.06158E-05-1.40517E-05 8.70020E-05 9.50633E-06-2.30883E-05
 -1         2 9.52320E-05-5.29207E-05-6.58631E-06 4.39852E-06 3.48535E-05-3.16654E-05
 -1         3 1.36587E-04-2.29581E-04-9.73711E-05-2.13514E-04-3.01476E-05-1.09020E-04
 -1         4 2.46061E-04 1.38167E-05 1.59160E-05 1.66392E-04-9.15401E-05-1.04335E-04
 -1         5 3.46229E-05 3.37644E-05-1.14410E-04 5.13959E-07 4.49411E-06-2.38117E-05
 -1         6 4.55638E-05 4.46501E-05-1.50283E-04-3.69265E-07 1.15966E-05-4.76391E-06
 -1         7-5.04939E-06-4.27118E-06 1.29355E-05 1.05674E-06 7.18695E-06 1.32757E-05
 -1         8 6.93598E-06 8.28534E-06-2.55448E-05-6.94754E-07 1.76111E-05 1.88078E-05
 -1         9 1.88114E-06 4.44818E-06-1.52396E-05 1.51861E-06-1.79260E-05-1.62492E-05
 -1        10 1.85595E-05 1.53599E-05-5.41857E-05 2.69993E-07-4.50528E-06-1.51607E-05
 -1        11-3.33009E-05-3.43013E-05 1.10151E-04 1.95890E-06-1.13463E-05 8.13718E-06
 -1        12-2.13608E-05-2.23054E-05 7.27743E-05-7.42508E-07-6.74589E-06 2.06464E-05
 -1        13-3.74497E-06 1.08481E-06 1.23766E-06-7.80886E-07-9.87598E-08 8.31939E-07
 -1        14-4.97902E-06 1.59603E-06 1.45215E-06-8.14131E-07-7.80888E-08-1.43941E-06
 -1        15-4.45421E-05-6.99889E-06-1.74696E-05 4.62843E-05-3.55913E-05-4.16654E-06
 -1        16 4.04982E-06-9.20448E-05 6.14568E-05 6.95202E-05-6.03464E-05-1.28095E-04
 -1        17-5.44353E-05-2.52236E-05 6.39019E-05 4.05633E-07-4.66047E-05-6.71078E-05
 -1        18 2.53914E-05 6.16323E-05-4.81038E-06 7.46153E-05 4.60470E-05-9.35998E-05
 -1        19-8.06447E-05 4.16623E-05-3.10798E-05 7.16994E-05-5.57525E-05-7.66550E-05
 -1        20-9.40888E-05-1.98166E-05 1.08529E-04-5.73786E-05-3.81810E-05 7.28512E-07
 -1        21 1.55546E-04-6.71214E-05-3.35507E-05-3.19487E-05 8.62489E-06-6.19927E-05
 -1        22-3.54982E-06-9.88923E-05 3.16438E-05-6.61811E-05-1.95719E-05-6.23320E-05
 -1        23 4.70922E-05-1.20404E-07 2.60666E-05 7.56276E-05 7.51664E-05 4.54502E-05
 -1        24 5.38346E-05-2.04519E-05 1.59339E-05 1.32151E-05 2.57845E-05 2.94945E-05
 -1        25 9.37918E-06 4.46716E-05-1.85602E-05 1.54454E-05-3.80366E-05-8.84317E-06
 -1        26 1.20674E-05 6.45745E-05-1.76658E-05 9.84234E-05-5.80854E-05-8.67599E-05
 -1        27-1.52973E-05-1.47887E-04 1.26607E-04 2.78666E-05-3.61880E-05-3.93319E-05
 -1        28-6.14277E-05-4.44236E-05 9.44968E-05 3.06780E-05-6.48507E-05-6.36568E-05
 -1        29 1.75367E-05 7.84315E-05-7.16698E-05 9.82772E-05 4.60269E-06-1.13783E-04
 -1        30-9.63661E-05-4.63152E-05 5.04181E-05-1.81475E-05-1.17882E-05-9.39023E-05
 -1        31-1.23592E-04-8.63403E-05 9.12536E-05-4.91133E-05-7.23753E-05-1.64705E-05
 -1        32 9.60549E-05-6.05441E-05-7.73093E-05-4.53916E-05-4.03625E-06-7.78136E-06
 -1        33 2.32723E-05-1.36360E-04 6.49353E-06-7.62144E-05-4.49478E-05-8.28886E-05
 -1        34-4.69476E-05 7.84444E-06 2.15077E-05 2.04716E-06 2.89376E-05-3.62250E-06
 -1        35 7.02701E-06 5.00441E-05 3.33271E-06 7.04432E-05 8.18772E-05 5.68851E-05
 -1        36-8.72797E-05-7.58360E-05 4.36366E-05-8.48076E-05-2.40833E-05-2.24907E-05
 -1        37-4.87936E-05 7.83719E-05-5.76616E-05 6.98871E-05-1.47352E-05 1.20864E-05
 -1        38-2.54450E-05-3.94562E-05 2.34838E-05 4.81165E-05 2.60379E-05 1.60378E-05
 -1        39 7.92690E-05-2.04693E-07-7.66389E-05 5.71115E-05 2.62897E-05 1.21537E-06
 -1        40-2.05686E-05 1.88807E-06-4.88644E-05-1.34617E-05-2.03331E-05 6.15619E-05
 -1        41 7.10481E-06-2.85145E-05-4.33300E-05-3.48085E-05-5.76676E-05 7.96608E-06
 -1        42 3.12908E-05-7.10999E-05 5.89734E-05 7.37095E-05 1.62799E-05 4.13488E-05
 -1        43-9.59789E-05-2.32466E-05 7.25122E-05 1.74726E-05-9.67692E-06-1.00305E-04
 -1        44-4.02161E-05 8.79836E-06 2.08253E-06-1.07472E-04 2.34081E-05-3.60880E-05
 -1        45-1.12275E-04 4.87874E-06 7.98690E-05 1.57266E-05 1.77872E-05-3.10579E-05
 -1        46-1.77703E-06-1.18300E-05 4.63824E-05 3.54105E-05-9.15863E-06-2.81939E-05
 -1        47-7.03801E-05 3.11814E-05 2.04577E-05-5.96709E-05 2.94436E-05 3.46893E-05
 -1        48-5.52857E-05 2.68280E-05-7.47014E-05-7.19825E-06-4.92600E-05-1.74114E-04
 -1        49-4.89698E-05 5.68488E-05-2.62626E-05-1.19624E-04-5.05367E-05-5.34566E-05
 -1        50 3.26667E-05 1.05534E-05 1.60151E-05-1.71301E-05 3.52408E-05-1.13443E-05
 -1        51 1.10898E-04-5.44102E-05-1.13853E-04 1.00143E-05 2.17569E-05 3.71894E-05
 -1        52 4.69596E-05-5.67482E-05-2.23746E-05-8.52128E-07-4.82046E-05 5.78753E-05
 -1        53 5.53950E-05 4.71416E-05 2.45630E-05 6.30681E-05 1.66031E-05 9.36455E-06
 -1        54 1.23660E-05-4.54776E-05 2.09074E-05 4.71652E-05 1.72685E-05 3.77988E-05
 -1        55-1.12775E-04-6.13787E-05 3.34966E-05-8.84012E-05 1.14440E-05-1.25141E-04
 -1        56-2.34903E-05 2.12212E-07 9.16221E-07-4.83086E-05 1.77288E-05 1.19887E-06
 -1        57-1.35545E-04-1.96038E-06 1.40655E-04 4.47922E-05-3.31331E-05-3.49744E-05
 -1        58-1.19841E-05 3.64975E-06 3.43944E-05-1.86183E-05 2.60899E-05-2.43579E-05
 -1        59-6.01512E-05-4.90185E-05-7.44848E-05-9.25850E-05-5.42026E-05-1.40068E-04
 -1        60-8.04463E-05 9.54975E-05-4.82943E-05-1.07398E-04-6.60177E-05-1.15072E-04
 -1        61-4.86628E-05-1.26942E-04 2.46019E-05-1.50092E-04-2.94575E-05 2.12918E-05
 -1        62-5.03636E-05-4.17935E-06 1.23998E-04-1.19474E-05 9.84651E-05 3.28150E-05
 -1        63-3.57501E-05-3.72798E-05 3.35762E-05 9.77761E-06 1.52737E-04 2.40663E-04
 -1        64-5.33806E-06 7.07191E-05-1.14965E-04-4.68301E-05-1.89006E-05 1.80300E-05
 -1        65 1.14642E-04-2.52852E-04 6.88124E-05-8.58221E-05-1.31494E-05 7.94335E-05
 -1        66 9.53006E-05 2.35112E-05 1.59902E-04-2.97013E-05 7.75571E-05 1.74318E-04
 -1        67-1.03245E-04 1.35060E-04 7.88208E-05-1.09400E-04 1.94084E-05 7.20530E-05
 -1        68 4.02876E-05 5.15127E-05-1.78508E-04-1.02180E-04 5.28738E-05 9.63578E-05
 -1        69-1.18460E-04-5.46915E-05 4.59148E-05-2.01912E-05-1.15287E-04-5.73943E-05
 -1        70 7.18356E-05-1.00180E-04 1.41675E-04 5.15332E-05-7.25607E-05-1.42613E-05
 -1        71-2.22239E-04 1.57347E-05 1.08683E-04-7.02700E-05 4.14918E-05 4.94002E-05
 -1        72 2.84778E-04-1.22442E-04-4.50464E-05-2.40818E-06 6.72905E-05 2.69425E-04
 -1        73-2.12805E-04-8.57755E-05 7.86741E-06-3.25299E-04-5.00008E-05-1.28685E-04
 -1        74 8.86766E-05-1.36198E-04 1.34121E-04 1.97293E-05 1.60432E-04 1.59830E-04
 -1        75-1.51010E-04 6.36635E-07-4.45311E-05-5.05034E-05 8.87791E-05 1.32909E-04
 -1        76-6.32324E-05-4.19541E-05-2.23051E-04-1.36838E-04 3.40136E-05 9.44387E-05
 -1        77 2.34077E-04-2.24118E-05 2.04454E-04 1.26333E-04 5.98286E-05 2.13746E-04
 -1        78-7.09413E-05 2.25166E-05 9.28225E-05-1.72358E-04 1.06399E-04 9.09223E-05
 -1        79-1.68757E-04 5.68686E-05-4.05903E-05-3.13410E-04-1.52522E-05-2.81325E-05
 -1        80-2.27831E-04 1.07556E-05-9.31861E-06-1.42316E-04-6.83491E-05-2.34832E-05
 -1        81-5.87863E-05 2.96497E-05 7.19816E-05 6.27578E-05-1.12432E-04 7.66775E-05
 -1        82-8.50906E-05-5.54843E-05 2.15994E-04 4.17851E-06 1.53185E-04 1.86507E-04
 -1        83 2.37132E-05-4.93324E-05-3.18514E-06 7.68923E-05 7.11800E-05 1.07393E-04
 -1        84 3.95410E-04-4.20749E-04-5.24645E-05-7.80054E-05 9.96767E-05 1.07016E-04
 -1        85-7.76397E-05-8.38697E-05 7.63986E-05-2.02638E-05 2.74139E-05 1.26934E-04
 -1        86-1.34230E-04 8.71342E-05-8.92874E-05-4.15536E-05-1.28871E-04 1.67858E-04
 -1        87 2.70889E-05 1.09230E-04-2.06776E-04-3.22935E-05-9.30211E-05 1.51879E-04
 -1        88 3.97914E-05-2.02878E-05-1.16821E-05-9.13002E-05 1.69903E-05 5.44786E-05
 -1        89 2.91799E-04-1.73087E-05 3.75898E-06 6.04438E-05 1.37580E-04 1.59124E-04
 -1        90-7.53438E-05 1.29576E-05-7.92379E-07 6.90930E-05 6.63810E-05 1.48127E-04
 -1        91-1.30036E-04 5.26432E-05-4.68729E-05-3.60395E-05-3.82748E-05 2.10973E-04
 -1        92-7.00667E-05 1.86794E-04-1.07361E-04 7.03532E-05 2.30203E-05 9.65335E-05
 -1        93 9.56875E-05-5.86032E-05-6.48473E-05-1.61637E-05 2.37025E-05-6.18320E-05
 -1        94 2.49687E-04-1.63907E-05-4.97720E-05 1.85054E-04-2.57766E-05 3.58668E-05
 -1        95-3.93558E-06 2.35291E-05-3.08937E-05 3.33029E-05 9.03027E-05 3.47874E-05
 -1        96-4.63453E-05 4.85272E-05 6.70698E-05 1.62155E-05-2.82444E-06-7.25503E-05
 -1        97-2.42819E-04 3.66888E-04-1.82626E-04 1.40349E-04-1.33972E-04 2.16932E-04
 -1        98-6.00185E-05 5.59995E-05-1.86640E-04-3.98193E-05-1.26806E-04 8.10686E-05
 -1        99 1.22575E-04 3.83717E-05-2.62150E-04-5.30103E-05-1.87060E-04-4.20531E-05
 -1       100 2.00581E-04-1.11359E-04-4.52855E-05-8.35110E-05 6.87622E-05 2.07434E-04
 -1       101 2.35474E-04 1.14241E-04 1.28640E-04 2.29437E-04 1.58820E-04 6.63593E-05
 -1       102-2.50483E-04 1.37831E-04 2.31579E-05 3.49113E-05-5.63947E-05 1.33586E-04
 -1       103-9.34656E-05 2.04464E-04-1.31638E-04 3.89959E-05-1.27142E-04 8.63862E-05
 -1       104 1.89910E-04-1.02253E-04-6.23772E-05 2.68104E-05-1.30111E-04-2.57269E-04
 -1       105-5.20776E-05 8.57546E-06-5.64454E-05 6.32295E-05 4.08885E-05 3.88751E-05
 -1       106 1.85708E-04 5.79743E-05-5.66813E-05 2.11080E-04 4.92127E-05 1.26135E-04
 -1       107 1.07915E-04-9.75469E-06 6.92662E-05 1.59142E-04 9.70545E-05 5.43188E-05
 -1       108-7.55967E-04 3.75329E-04 7.41907E-05-2.66639E-04-7.94927E-05 4.53439E-05
 -1       109 1.39881E-04-7.34311E-05-1.35725E-04-3.34863E-05 1.58067E-05 1.69887E-05
 -1       110 8.26715E-05 3.44513E-04 3.04112E-05 1.82153E-04-1.62463E-04-9.98323E-05
 -1       111 1.29204E-06-3.10135E-05-7.82181E-05-4.42328E-05 7.27829E-05 1.51069E-04
 -1       112-2.99505E-05-1.92631E-05-1.38288E-04-1.54398E-04-4.87381E-05-6.63474E-05
 -1       113 3.97328E-05 4.01566E-05-1.32680E-04-2.74464E-09 3.03333E-06-1.65176E-05
 -1       114 1.58431E-05 1.45551E-05-5.04977E-05 1.24841E-06 6.22979E-06-5.40005E-06
 -1       115 6.40729E-07 2.17519E-06-6.62816E-06 6.74690E-08 1.15630E-05 1.34312E-05
 -1       116 2.62071E-05 2.63757E-05-8.75770E-05-2.53317E-07 2.03768E-05 7.27837E-06
 -1       117 1.02616E-05 1.03003E-05-3.44578E-05 9.72488E-07-9.39808E-06-1.38019E-05
 -1       118-1.40091E-05-1.65190E-05 4.71415E-05 8.44900E-07-1.93319E-05-5.25848E-06
 -1       119-2.69367E-05-2.82787E-05 9.16398E-05 7.63197E-08-6.12857E-06 1.53801E-05
 -1       120-2.82540E-06-3.36415E-06 9.16403E-06 7.16037E-08-5.46395E-06 2.28856E-06
 -1       121 3.21336E-05 3.00316E-05-1.02415E-04-2.51973E-07-8.14442E-07-9.94226E-06
 -1       122 1.73481E-05 1.99620E-05-6.47805E-05 2.23896E-06-2.94828E-07-1.94500E-05
 -1       123-7.44549E-06-7.51093E-06 2.35342E-05-2.78146E-07 1.91219E-06 2.02217E-05
 -1       124-1.99057E-05-1.84969E-05 6.16287E-05 1.97334E-06-7.14872E-07 1.13619E-05
 -1       125-2.99385E-06 1.73090E-06-9.29651E-07-9.91629E-07 3.55957E-07 4.00593E-06
 -1       126 9.12867E-07 2.18891E-06-6.39571E-06-3.12908E-07 7.59573E-07 4.36089E-06
 -1       127 5.22904E-06 5.12631E-06-1.65024E-05-2.33596E-07 3.19396E-06 1.26697E-06
 -1       128 2.85818E-05 2.20456E-05-8.72289E-05 1.45084E-06 3.89589E-06-2.79199E-06
 -1       129 2.59146E-05 1.37744E-05-2.13570E-05 2.43389E-05 2.70796E-05 4.07963E-05
 -1       130 1.31024E-05-3.61107E-06-4.58237E-06 7.19613E-06-1.27347E-07 1.14288E-05
 -1       131 5.75218E-07 3.42797E-06-3.52198E-06 7.93464E-06-1.28771E-06 5.45593E-06
 -1       132-6.48055E-06 2.14310E-06 3.67628E-07-3.88626E-06 2.23977E-06 7.48154E-06
 -1       133-7.75890E-07-1.38160E-06 2.37452E-06-2.37525E-07-6.77353E-07 1.18161E-06
 -1       134-4.19343E-07 5.25313E-07-5.52805E-07 6.52629E-09-2.42374E-07-3.28513E-07
 -1       135-2.36001E-06 6.69267E-07 7.22280E-07-7.43741E-07-3.82240E-07-1.09675E-06
 -1       136-3.68497E-06 1.32350E-06 3.46533E-07-7.26576E-07 2.69927E-07 2.30237E-06
 -1       137-8.81671E-07 1.86202E-06-3.48559E-06-5.58769E-07 2.35616E-07 4.08553E-06
 -1       138 2.35873E-06 3.62261E-06-1.01673E-05-5.81861E-07 2.12860E-06 2.71179E-06
 -1       139 8.62704E-06 1.19174E-05-3.61067E-05 1.97519E-07 9.85250E-07 1.46488E-06
 -1       140 3.43148E-05 2.89931E-05-1.27475E-04 1.69370E-05 6.56063E-05 5.63258E-05
 -1       141 2.40394E-05-4.33284E-06-7.79201E-06 1.46402E-05 2.75355E-06 2.31127E-05
 -1       142 5.05545E-06-1.65189E-07-4.70704E-06 7.77514E-06-9.51831E-07 8.35794E-06
 -1       143-4.87161E-06 3.28695E-06 8.85982E-07 2.45332E-06 2.07356E-06 5.81736E-06
 -1       144-1.65397E-06-1.01285E-06 2.95458E-06-1.86766E-06-2.05605E-07 2.42956E-06
 -1       145-5.25476E-07 4.87401E-07-3.31945E-07 2.35260E-07-7.58850E-07 6.54817E-07
 -1       146-1.39909E-06 5.85041E-07-2.54289E-07-3.78907E-07-2.06099E-07-1.01376E-06
 -1       147-2.94147E-06 9.23537E-07 9.03382E-07-6.15748E-07-2.72255E-07-1.16986E-07
 -1       148-4.33306E-06 1.33616E-06 1.33342E-06-1.09895E-06-1.23888E-07-5.40560E-07
 -1       149-2.62468E-06 1.11837E-06 3.37000E-07-7.86457E-07 5.99662E-07 1.21916E-06
 -1       150 1.09627E-07 6.73897E-07-1.09353E-06-4.03124E-07 8.81967E-07 1.08694E-07
 -1       151-1.37411E-06-3.68683E-06 6.10905E-06 8.36561E-07-3.91806E-06-2.67950E-06
 -1       152-2.44517E-06 4.25953E-07 4.01891E-07-1.41654E-06-6.74910E-06-2.45943E-05
 -1       153 6.78177E-06-1.16255E-06-7.37750E-07 9.82136E-06-2.63337E-06-1.13237E-05
 -1       154 2.00781E-05-7.89679E-06-5.05403E-06 9.81294E-06-1.65628E-06-1.32532E-05
 -1       155 4.61535E-05-4.93616E-06-1.50544E-05 2.16765E-05-1.19251E-05-2.90698E-05
 -1       156 1.72712E-05 1.17434E-05-4.77747E-05 6.59498E-06-7.05008E-06 7.73316E-06
 -1       157 4.24912E-06 3.58147E-06-1.25180E-05 4.33512E-07-1.57782E-06-1.23026E-06
 -1       158 7.23664E-07 2.39650E-06-5.66960E-06-3.14137E-07-2.59005E-07-4.10869E-06
 -1       159-3.33793E-06 1.95388E-06-9.94012E-07-5.76399E-07-3.25272E-07-4.15728E-06
 -1       160-4.08714E-06 1.34514E-06 9.56073E-07-7.04593E-07 1.91216E-07 2.80515E-07
 -1       161-1.22578E-06 7.18646E-07-2.50538E-07-5.18539E-07 4.95581E-07 6.70309E-07
 -1       162 1.83069E-07-1.87866E-07-6.61950E-08-2.69637E-08-1.13642E-07-9.65295E-07
 -1       163-3.39293E-06-3.94994E-06 1.07101E-05 3.12076E-06-6.40555E-06-5.71545E-06
 -1       164-3.87450E-06 1.57266E-06 2.47181E-06 3.59653E-06-6.07826E-06-1.86137E-05
 -1       165 1.44540E-05-5.21087E-06-3.58164E-06 1.08808E-05-2.33358E-06-1.15189E-05
 -1       166 3.07360E-05-7.52874E-06-9.51977E-06 1.19112E-05-2.77905E-06-2.04773E-05
 -1       167 5.43177E-05-3.40815E-06-4.58403E-05 2.94528E-05-3.02775E-05-1.15898E-05
 -1       168 6.81749E-06 7.55786E-06-2.73427E-05 1.59011E-06-1.21639E-06 2.87321E-06
 -1       169 3.19001E-06 3.18338E-06-8.20723E-06 2.72026E-07-7.64520E-07-2.67417E-06
 -1       170-1.59985E-06 1.95499E-06-3.02873E-06-3.18494E-07-2.96696E-07-4.08222E-06
 -1       171-4.12535E-06 1.80090E-06 4.11049E-07-3.98430E-07-1.38884E-07-2.63413E-06
 -1       172-5.80052E-06-1.88776E-05-3.38185E-05 3.35009E-05-4.74825E-05-5.07458E-05
 -1       173 1.01659E-04 4.62673E-05-7.46739E-05 9.63111E-05-3.51082E-05-9.17728E-05
 -1       174-1.00509E-04 4.35576E-06-4.44391E-05-1.04679E-05-8.98350E-05-7.39174E-05
 -1       175 2.44157E-05 4.46546E-05-3.93385E-05-4.98662E-05-3.02004E-05-2.37532E-05
 -1       176 6.86883E-05-3.71607E-06 3.29424E-05 1.12341E-04-2.85074E-05-4.38155E-05
 -1       177 1.21813E-04-8.99107E-06-1.07872E-04 9.29867E-05-3.64759E-05-9.97434E-05
 -1       178-4.67242E-05 1.63709E-05 3.46286E-06-2.18918E-05-2.37221E-05 6.84344E-06
 -1       179-1.11904E-04-3.21970E-05-4.82770E-05-2.01769E-05-8.81595E-05-7.85710E-05
 -1       180 3.08239E-05-4.35860E-05 2.82629E-05 4.11100E-05-5.23179E-06 1.22255E-05
 -1       181-6.95127E-06-1.44262E-05 9.39946E-05 5.36459E-05-8.67615E-07-1.75412E-05
 -1       182 7.00467E-06 7.83010E-05-4.10105E-05 1.28310E-04-1.97337E-05-4.34312E-05
 -1       183-9.38858E-05 9.75437E-06 8.21657E-06 3.91843E-05-3.94492E-06-6.66409E-05
 -1       184-1.21855E-04-3.00311E-05 1.36897E-04-2.46681E-05-1.24012E-06-5.97030E-05
 -1       185 7.90687E-05 4.96294E-06-1.92965E-05-3.02066E-05 3.38322E-06-3.30224E-06
 -1       186-6.22187E-05 1.41678E-05 2.82775E-05-7.10627E-05 2.75954E-05 1.71239E-05
 -1       187 4.03365E-05-7.89616E-05 4.43111E-05-1.18135E-05 3.09839E-05 6.24998E-05
 -1       188-3.42043E-05-5.80197E-05 3.98183E-05-3.62375E-05 2.37886E-05 5.90746E-06
 -1       189 3.91309E-05-3.84817E-05 1.87378E-05-1.76823E-05 1.64986E-08-6.80210E-05
 -1       190 2.88972E-05-4.58625E-05 8.50878E-06-1.61540E-05 2.21197E-05 2.03812E-05
 -1       191 3.79250E-06 2.63982E-06-3.11662E-05 4.04084E-05 4.81830E-05-3.55072E-05
 -1       192-7.75111E-06-4.77006E-05-1.90378E-05-2.05438E-05-4.30536E-05-1.13295E-04
 -1       193-1.30984E-05 4.53900E-05 3.02700E-05 2.21726E-05 6.55077E-05 7.12395E-05
 -1       194-1.08556E-05-2.71835E-05-6.02280E-06-7.47719E-06-1.38547E-05-2.92954E-05
 -1       195 3.77171E-05 6.83472E-05 4.89796E-05 1.07417E-04 8.66663E-05 6.36328E-05
 -1       196-2.76123E-05 1.85199E-06-5.31411E-05-1.11599E-05-2.57533E-05 3.75693E-06
 -1       197-3.17218E-05-7.38781E-05 1.23674E-04 4.52420E-05-1.30912E-05 1.68654E-05
 -1       198 1.01570E-04 9.67649E-06 2.30920E-05 6.10930E-05-6.38248E-05-4.85725E-06
 -1       199-9.68603E-05 1.03934E-05 3.20113E-05-6.30388E-05-2.06271E-06 7.24707E-05
 -1       200-9.61825E-05 1.59322E-05 5.85281E-05-5.88874E-05-1.62000E-05 6.80587E-05
 -1       201-5.87618E-06 2.76368E-05-2.85800E-05 1.27252E-05 1.84931E-06-1.26436E-05
 -1       202 1.72404E-04-2.27304E-05-1.11926E-04 7.08766E-06-6.06924E-05 1.20183E-04
 -1       203-1.24627E-05 7.42401E-05-9.70496E-05 1.58394E-05-7.89781E-05-2.23277E-05
 -1       204 1.46500E-04-2.37010E-05-8.42687E-05-2.42303E-05-5.36173E-05 9.51808E-05
 -1       205-1.02169E-04 5.26670E-05 2.97274E-05-2.04553E-05-5.88372E-05-1.22596E-04
 -1       206-9.98214E-05 9.82779E-05 5.49195E-05 2.61117E-05-1.35219E-05 2.03910E-05
 -1       207-5.76140E-05-2.92528E-06 6.10356E-05 4.74939E-05 4.08604E-05 5.55129E-05
 -1       208-1.43272E-05 6.19719E-06 5.87264E-05 4.66641E-05-3.64526E-05-6.83821E-05
 -1       209-6.02219E-06-2.90530E-05-1.75663E-05 1.22325E-04 6.14194E-05-4.59829E-05
 -1       210 3.48715E-05 9.84575E-06-2.55625E-05 1.97636E-05-1.70218E-05-2.34673E-05
 -1       211 2.47040E-05 3.75037E-06 1.03396E-04 8.67083E-05 1.45896E-05 3.12257E-05
 -1       212 2.56390E-04-8.54490E-05-2.80622E-05 3.66362E-05-5.05670E-05-1.24901E-04
 -1       213-1.19973E-04 1.33847E-04 1.75918E-05 3.07583E-05 1.16757E-04 5.79145E-05
 -1       214 5.97448E-05-1.14985E-04 7.85453E-05-1.49135E-04 2.62710E-05 1.97556E-04
 -1       215 1.82166E-04-1.02689E-04 1.37292E-05-2.49162E-05 3.41371E-05 6.47829E-05
 -1       216-1.41904E-04 5.41599E-05 1.30844E-04 2.02511E-05 7.13934E-05-5.77857E-05
 -1       217-2.51078E-05-1.10375E-05 2.92725E-05 2.67475E-05 3.93498E-05 1.77288E-05
 -1       218-1.12249E-04-6.68631E-05 3.56893E-05-3.25036E-05 6.35428E-05-1.26955E-05
 -1       219-9.80321E-05-3.50610E-05 3.91240E-05 1.29595E-05-1.18338E-04-1.04174E-04
 -1       220-4.64094E-05 5.49939E-05 4.68345E-05 7.50737E-05-3.05914E-05-3.31001E-05
 -1       221-1.07687E-04 1.57499E-04 7.97673E-05 3.86460E-05 6.14190E-05-3.34667E-06
 -1       222 8.62701E-05 5.28517E-05-1.45446E-04 1.43725E-05-1.72653E-05-6.99912E-05
 -1       223-3.49000E-05 1.87565E-05-3.90560E-05-1.56137E-05-2.78988E-05-9.22690E-06
 -1       224-1.82693E-04 6.25413E-05 5.02475E-05-3.42009E-05-4.49927E-05 3.89988E-05
 -1       225-3.22092E-05 4.92166E-05-1.64131E-05 4.77292E-05-2.63989E-05 7.06428E-06
 -1       226 9.70250E-05 3.01602E-05-4.60176E-05 5.03893E-05 7.26335E-05 1.77848E-05
 -1       227 1.25455E-04 2.60239E-05-2.26564E-04 3.46788E-07-7.24458E-05-8.55560E-05
 -1       228 1.73935E-05 4.58233E-05 3.86167E-05 6.15989E-05-3.60569E-05 4.47931E-05
 -1       229-2.91499E-05 4.17938E-05-2.91460E-05 2.74841E-05-1.18032E-05 8.95083E-05
 -1       230 8.06343E-05 5.74793E-05-1.89312E-05 6.10442E-05-3.86242E-05 1.34067E-04
 -1       231 7.13672E-05-1.70492E-05-2.56368E-05 1.96788E-05 1.46705E-06 5.72053E-06
 -1       232 1.72229E-06-8.14516E-05 4.60420E-05-6.07675E-05-2.66080E-05-8.14562E-06
 -1       233 2.08371E-04-4.09566E-05-6.76624E-05-1.61444E-06-7.40376E-05 8.07933E-05
 -1       234 2.29692E-08-8.85116E-06-2.60576E-06 1.79242E-05-2.41012E-05-4.47721E-05
 -1       235 6.80464E-05-6.42182E-06-3.10803E-05 1.20201E-05 2.37178E-05-4.30469E-05
 -1       236 1.07790E-04-6.46060E-06-8.27204E-05-2.59592E-05-3.10613E-05 6.18071E-05
 -1       237-5.89367E-05-1.88394E-05 2.78853E-05-2.14706E-05 8.19147E-06 9.87616E-06
 -1       238 2.15571E-05-1.78974E-06 2.28941E-05-1.85480E-06 1.28415E-05 1.61858E-05
 -1       239-3.92381E-05 2.15254E-05 8.11026E-06-1.16865E-06 1.94829E-05 1.11477E-04
 -1       240-2.95166E-05-1.14864E-04 8.09197E-05-6.68943E-05 2.08182E-05 8.90745E-05
 -1       241 8.51780E-05 4.19616E-06-2.53135E-05 7.02756E-05 4.09477E-05 5.25541E-05
 -1       242-9.20895E-05 9.84108E-05 3.50131E-07 3.31122E-06 1.71172E-05 8.11959E-05
 -1       243-5.76465E-05-1.70041E-05 6.76358E-05-2.29702E-05-1.21146E-05 2.75366E-05
 -1       244 6.82686E-05-2.21467E-05 3.16650E-05 2.03784E-05-1.97851E-05-2.50181E-05
 -1       245 7.52784E-05-4.04921E-05 5.67363E-05 1.40770E-05-6.91348E-05 1.94242E-05
 -1       246 2.03188E-05-9.92878E-05 9.62936E-05-7.64010E-06-3.43150E-05 5.44693E-05
 -1       247-5.79599E-05 1.18771E-05 1.00125E-04 4.65421E-05-5.42879E-05-9.81095E-05
 -1       248-5.52577E-05-1.35505E-04 2.29164E-06-1.52412E-04-2.89344E-05-9.18258E-05
 -1       249-1.47598E-04 1.38747E-04 7.82523E-05 6.73250E-05 5.88307E-05 1.14779E-04
 -1       250-2.47629E-04 1.38364E-04 5.44499E-05-7.96640E-05-2.26042E-06 5.95539E-05
 -1       251 1.42291E-04 3.86799E-05-1.59412E-04 4.38697E-05-7.68295E-05-5.58045E-05
 -1       252 7.56297E-05-3.52055E-05-8.44474E-05-1.04654E-05-5.63124E-05-3.72192E-06
 -1       253 1.10320E-04-1.31543E-04-4.85897E-05-7.44395E-06 1.62898E-05 3.60956E-06
 -1       254-1.24052E-04 5.72516E-05 1.06601E-04 1.12759E-05-3.15727E-05 1.23254E-05
 -1       255 1.31320E-04 1.78638E-05 1.06624E-05-8.64481E-05 5.51479E-06 9.46509E-05
 -1       256 7.75089E-05 3.03322E-05-2.14085E-05-1.59845E-05-2.16394E-05 5.99551E-05
 -1       257 1.04114E-04 1.24813E-05-5.35094E-06-1.33832E-04-5.36218E-05 1.29953E-04
 -1       258 2.77286E-04-1.21451E-04-1.18230E-04-4.70060E-05 3.03065E-05 1.47460E-04
 -1       259-2.69693E-06 8.23811E-05-1.09327E-04-6.92666E-05 5.53239E-05 7.38801E-05
 -1       260 4.41538E-05 6.26034E-05-2.03512E-05 1.14761E-04-5.54624E-05-1.25206E-05
 -1       261-1.45248E-04-5.36486E-05 1.03933E-04-7.13377E-05-8.78326E-05-1.36353E-05
 -1       262-1.00292E-04 8.13337E-05 9.78374E-05 3.73111E-07-4.21563E-05 1.83784E-05
 -1       263 5.77992E-05-7.55065E-05 5.98155E-05 1.25169E-05-4.54091E-05-2.18278E-05
 -1       264-2.00897E-04-2.33965E-05 1.29690E-04-1.27321E-04-5.36733E-06 3.50451E-05
 -1       265 2.21476E-04-6.43176E-05 5.33007E-06 8.37900E-05-8.34368E-05-4.50833E-05
 -1       266 2.32443E-04-2.85084E-05-4.16429E-05 5.98496E-05-8.54626E-05 6.34519E-05
 -1       267-1.15063E-04 1.00921E-04-4.44871E-05 9.12850E-05 9.04983E-05 6.26267E-05
 -1       268-3.43748E-05-7.22270E-05 7.34087E-05-3.02567E-05-5.13576E-05 2.20069E-05
 -1       269 3.37802E-05-2.67822E-05-1.88514E-05 1.00212E-05-1.42285E-05 6.02854E-05
 -1       270 4.28667E-05-3.87054E-05-4.25305E-05-6.17593E-05 2.01682E-05-2.14698E-05
 -1       271-9.14358E-05 1.16098E-04-7.35877E-05-6.74422E-05-1.17575E-05 9.54166E-06
 -1       272 1.24565E-04-6.27017E-05-1.00637E-04 8.57643E-06-2.28322E-05-9.38609E-06
 -1       273-7.69950E-05 5.26622E-05-1.05482E-05 3.67641E-05-1.01109E-05 1.67170E-05
 -1       274-1.31298E-04 3.35890E-05 8.72778E-05-1.04586E-04-7.24063E-05 1.14511E-04
 -1       275 3.71513E-05 1.66793E-06-8.54446E-06-5.96278E-05 2.20696E-07 4.72716E-05
 -1       276-1.28928E-04 5.41519E-05 1.08847E-05 2.52040E-05 1.69528E-05 1.25307E-04
 -1       277 7.56523E-06 1.19946E-04-1.61092E-04 2.79674E-06-7.69414E-06 1.59963E-04
 -1       278-5.58626E-05 5.53272E-05-1.80629E-04-4.72678E-05 3.79754E-05 7.97679E-06
 -1       279-6.45643E-05 3.59410E-05 3.82839E-05-1.99010E-05 5.16897E-05 3.02756E-05
 -1       280-9.80238E-05-4.30873E-05-4.77185E-06 1.50785E-05 5.72938E-05 1.75350E-05
 -1       281 1.81157E-07 1.88967E-06-3.49432E-05-4.83395E-05 2.05598E-05 3.45347E-05
 -1       282 1.19416E-04-8.16770E-05-7.84275E-08 2.21941E-05 2.61245E-05 3.06033E-05
 -1       283 3.92289E-05 1.44721E-05-9.56578E-07 1.73476E-04 2.36029E-05 7.37398E-05
 -1       284 3.15802E-05 8.39400E-06-1.51012E-05 5.50477E-05 4.21056E-05 3.67340E-05
 -1       285-2.14366E-04 3.99633E-05-2.18883E-05-4.09100E-05 3.86684E-05 6.29706E-05
 -1       286-2.22903E-05 2.39365E-05 2.54713E-05 1.09936E-04-7.45795E-05-2.30553E-05
 -1       287-1.39106E-04 4.13860E-05-2.18236E-05-6.38721E-06 4.30304E-05 6.69105E-05
 -1       288 1.28401E-04 1.61913E-04-1.84444E-04 1.24888E-04-6.69050E-05 8.12236E-05
 -1       289-2.15997E-05 1.37972E-05-6.69057E-05 5.87011E-06-4.32010E-05 1.88646E-05
 -1       290 5.15689E-05 1.12091E-04-2.01832E-04 6.90646E-05 3.59958E-05 1.40711E-04
 -1       291 3.64565E-05 8.32806E-05-5.77800E-05 4.28834E-05-1.80546E-05 7.14384E-05
 -1       292-6.19991E-05 2.34535E-05-3.40973E-05-7.15020E-05-6.32925E-05 5.93954E-05
 -1       293-1.20024E-04-1.95975E-05-1.23992E-04-1.36599E-04 1.42619E-05 9.03596E-05
 -1       294 5.34304E-05-6.05739E-05-7.14847E-05-5.32618E-05 1.57398E-05 7.80213E-05
 -1       295 1.99879E-05-2.35240E-05 3.90788E-05 3.27904E-05 2.41146E-05 3.18467E-05
 -1       296 5.45221E-05 1.26739E-05-1.01474E-04-1.88370E-05 3.07536E-05 3.00007E-05
 -1       297 4.15599E-05 3.27487E-05 3.60232E-06 9.16644E-05 2.49871E-05 5.99117E-05
 -1       298-7.92047E-06 8.32923E-05 1.43160E-04 9.04799E-05-1.01533E-04-5.70070E-05
 -1       299 9.97068E-05 1.29151E-05-1.43671E-05-1.75285E-05-1.85788E-05 4.74557E-05
 -1       300 4.02944E-05 1.53203E-05 5.80437E-05 2.32913E-05-1.22299E-05-2.99775E-07
 -1       301-6.15379E-05 6.70865E-06 5.99854E-05-8.84489E-05-8.51165E-06-1.82316E-05
 -1       302 1.78182E-05 1.35011E-06 1.31173E-04 8.62841E-06-1.65115E-05 9.45959E-05
 -1       303-4.79272E-05 5.24170E-05-8.61499E-06-1.79410E-05 2.77422E-05 4.56468E-05
 -1       304-7.29182E-05 8.08027E-05-3.63611E-06 7.15658E-05 2.24556E-05 6.47295E-05
 -1       305-2.54744E-04 2.68889E-06 6.15794E-05-7.16757E-05-8.12520E-05 1.28270E-04
 -1       306-5.75075E-05 1.46757E-05 5.67037E-05 2.32207E-05-8.83968E-06-2.05303E-05
 -1       307-7.52141E-05 5.52020E-05 5.79325E-05 3.77255E-05-2.53704E-05-4.23600E-05
 -1       308-1.49723E-04 9.59684E-05-1.21988E-05 3.17342E-05-1.74607E-07 5.73475E-05
 -1       309 2.20561E-05 8.68390E-05-6.23902E-05 6.58043E-05-5.53087E-05-1.44098E-04
 -1       310-5.68758E-05 7.06109E-05-1.72449E-06-2.43658E-05-9.19213E-06-3.07984E-05
 -1       311-8.57017E-05 5.59816E-05 2.48587E-05-2.37166E-05 6.79404E-05 1.02368E-04
 -1       312 2.32585E-05-1.23178E-06-6.88460E-05-2.99953E-05 2.59928E-05 5.05969E-05
 -1       313 2.51360E-05 2.78733E-05-7.48066E-05 2.05205E-05 7.20303E-06-5.17493E-05
 -1       314 8.39460E-05-6.17650E-05-4.78193E-05-1.27882E-05-4.08494E-05-2.62409E-05
 -1       315 4.10616E-05 4.96370E-05-6.97872E-05-4.71979E-07 2.45103E-05-8.48095E-05
 -1       316 4.70032E-05-3.14839E-05-3.59703E-05-6.05920E-05-4.53220E-05-6.70907E-05
 -1       317 8.28041E-05-1.75208E-05-9.19243E-05-1.43526E-05-3.80161E-05-5.98199E-05
 -1       318 8.40879E-05-5.20678E-05-1.77829E-05-1.30593E-05 1.23962E-05-8.08200E-06
 -1       319-1.49746E-04 3.79694E-05-2.75443E-05-8.73870E-05 1.44053E-06 2.08442E-04
 -1       320 5.42005E-05 8.97546E-05-1.72805E-04 3.14769E-05-4.98858E-05 1.70460E-04
 -1       321 8.27354E-05 3.95290E-05-1.46801E-04 5.42122E-05-3.71328E-05 5.60547E-05
 -1       322-5.82720E-05 7.71414E-05-1.97497E-04-2.86173E-05-2.41007E-05 9.74770E-05
 -1       323 3.25474E-06 5.44962E-05-1.46975E-05-6.72406E-05 3.70515E-05 5.68054E-05
 -1       324-7.22685E-05 2.84348E-05-1.30499E-04-1.42807E-04-3.73328E-05 1.22881E-04
 -1       325 5.11226E-05-7.62636E-05 2.64921E-06-7.17162E-06-2.23274E-05 3.22419E-05
 -1       326 2.65341E-05-7.45329E-05 6.48220E-05-1.06252E-04-2.54195E-05 4.03787E-05
 -1       327-2.56359E-04 4.09942E-05 4.30829E-05-7.26076E-05-5.58286E-05 9.39759E-05
 -1       328-1.17529E-04 6.92634E-05 1.09015E-04-1.50381E-04 4.61431E-05 1.02247E-04
 -1       329-9.82087E-05 4.01341E-05 2.09485E-05 5.83654E-05 6.12214E-05 2.06382E-04
 -1       330-2.65499E-04 2.62354E-06 9.49613E-06-3.42255E-05 4.41555E-06 1.38003E-04
 -1       331 2.33803E-05 7.52265E-05-3.64514E-05 1.24674E-04 4.06551E-05 8.72295E-05
 -1       332-1.04815E-04 5.87223E-05-6.41300E-05 3.94706E-05-7.73724E-05 5.19529E-05
 -1       333-9.40562E-05 5.39513E-05-5.76560E-05-1.28527E-04-5.34576E-05-1.23217E-04
 -1       334-7.10018E-05 1.73132E-04-5.74969E-05-5.80569E-05-1.16885E-05 1.22191E-05
 -1       335 2.57618E-04-8.24514E-05-1.19085E-04 8.38824E-05-6.46342E-05-6.60162E-05
 -1       336 2.00914E-04-7.12868E-05-1.02456E-04 4.16606E-05-7.48234E-06-4.78659E-05
 -1       337-2.91468E-05-6.20647E-05-1.94231E-05-7.45745E-05 2.39915E-05-2.48479E-05
 -1       338 5.51961E-05-2.39714E-06-6.15358E-05 2.52799E-05 4.75255E-05 6.71768E-05
 -1       339 2.83489E-05 5.29674E-05 6.70038E-05 9.85982E-05 3.24759E-05 2.08144E-05
 -1       340-7.47480E-05-2.48470E-05 1.27370E-04-2.31998E-05 1.08123E-04 6.35680E-05
 -1       341-1.03257E-05-6.94649E-05-8.54707E-05-3.83971E-05-5.58303E-05 1.29498E-04
 -1       342-2.22412E-05 1.20653E-04-2.31566E-04-5.81858E-06-1.30740E-05 5.38564E-05
 -1       343-7.63996E-05-1.66286E-05-3.47056E-05-2.20741E-06 4.32552E-05 1.10041E-04
 -1       344-4.14799E-05 9.08635E-05-1.38795E-04 8.42107E-05-3.97922E-05 1.57774E-04
 -1       345 5.59304E-04 1.40283E-04-2.11741E-04 1.77687E-04-1.03330E-04 1.16335E-04
 -1       346 1.31216E-04-4.94180E-05-2.32011E-06 5.88134E-05-1.06654E-05 2.12637E-05
 -1       347 2.43707E-05-9.00416E-05-3.15807E-05-5.81359E-05-4.03060E-05 6.14980E-05
 -1       348-3.43940E-06 2.31849E-04-1.08465E-04 4.84885E-05-2.79307E-05-6.30158E-06
 -1       349-1.65475E-04 5.45215E-05 1.18119E-04-2.26395E-05-5.44731E-07 8.85655E-05
 -1       350-8.12611E-06 4.56856E-05 9.26888E-05 7.12885E-06 8.34667E-05 1.11885E-04
 -1       351-1.00975E-04 9.57122E-05 5.52424E-05 2.04634E-05 3.98438E-05 9.60002E-05
 -1       352 2.11209E-04-6.79622E-05-9.45517E-05-4.70249E-05-8.90373E-06 1.71606E-04
 -1       353 1.59998E-04-1.29302E-04 2.74970E-05-4.14094E-05-6.84999E-05 1.84918E-04
 -1       354-1.64340E-05-2.27740E-05 1.81743E-04 5.95773E-05 1.95043E-05 9.02802E-05
 -1       355 3.63206E-05-1.08754E-04-6.79757E-05-1.15873E-04-1.39673E-04-1.31775E-04
 -1       356 1.51425E-05 7.22043E-05-2.52682E-06-4.83688E-05 4.87725E-05-3.52261E-05
 -1       357 5.09274E-04-9.03730E-05-1.61745E-04 1.02677E-04 6.21948E-05 1.29609E-04
 -1       358 2.77447E-04 4.85331E-05-8.10727E-05 1.01993E-04 1.22668E-05 2.40385E-04
 -1       359 4.04001E-04-1.04900E-04-2.00600E-04-1.17138E-04-1.58083E-05 1.04241E-04
 -1       360 1.32909E-04-5.34771E-05-5.09460E-05 5.28171E-06-1.11338E-04-1.04482E-04
 -1       361 3.70611E-05 2.78080E-05 1.21699E-05 3.75465E-05-4.97579E-05 1.89366E-05
 -1       362-1.51074E-04-9.34098E-05 1.58643E-04-5.30669E-05 4.10777E-05 1.00589E-04
 -1       363-1.24981E-04-1.51241E-07 1.07642E-04-1.06184E-04 8.11618E-06-6.49407E-06
 -1       364 7.81303E-05 1.26597E-04-1.18763E-07 7.64997E-05 2.82339E-05-1.86359E-05
 -1       365-8.34188E-04 4.11722E-04 1.09967E-04-2.30856E-04-1.21837E-05 4.04777E-05
 -1       366-4.73027E-04 7.63253E-05 2.08480E-04-2.62172E-04 9.41687E-05 1.52569E-04
 -1       367-6.21691E-05 1.47990E-05-1.52056E-05-4.98830E-05 7.31598E-05 1.68963E-04
 -1       368 7.16201E-05-8.67927E-05-2.99522E-05-1.81096E-05 1.58973E-05 1.65692E-04
 -1       369 2.78035E-06 1.00350E-04-1.49998E-04-2.69281E-05 4.82767E-05 2.43885E-04
 -1       370 5.41093E-05-6.78707E-05 2.49882E-05-9.48602E-06-2.09097E-05-3.10379E-05
 -1       371-8.15841E-05-1.66462E-05-4.73053E-05-1.26037E-04 5.50234E-05 3.74267E-05
 -1       372-3.49016E-05 1.06307E-04-2.50747E-04-1.34250E-05-3.77095E-05 1.51986E-04
 -1       373-8.51987E-06 5.44761E-05-1.17143E-04-5.32576E-05-1.03712E-04-7.28357E-05
 -1       374-1.96701E-04 8.28805E-05-2.33321E-04-8.28127E-05-1.23708E-04 9.55465E-05
 -1       375 1.31795E-04 6.87282E-06-1.45235E-04 2.14563E-05-6.85943E-05 3.19507E-05
 -1       376-1.72653E-04-1.59581E-04 1.15842E-04-1.70731E-04-5.96485E-05-6.81120E-06
 -1       377 5.22802E-05 4.50133E-06-1.69374E-05 7.20636E-05 1.75133E-05 1.09000E-04
 -1       378 1.61849E-04-2.13151E-04 1.54727E-04-6.50851E-05-3.98883E-05 7.22993E-05
 -1       379 1.97893E-04-1.46771E-04 1.68398E-04-8.33104E-05-3.69928E-05 2.08136E-04
 -1       380-5.79572E-06-1.53958E-04 2.92266E-04-2.67267E-05-1.68457E-05 1.41297E-04
 -1       381 6.61017E-05-4.13269E-05-1.37899E-06-7.33604E-05-1.96034E-05 1.15682E-04
 -1       382 5.61819E-05-7.71602E-05-3.47952E-05-6.41764E-05 4.01927E-05 6.53325E-05
 -1       383 2.47187E-04-7.24927E-05-1.08224E-04-6.76824E-05 2.03263E-06 3.01326E-04
 -1       384 1.53951E-05 6.19441E-05-7.24807E-05 6.53822E-06-7.98051E-05-2.43422E-05
 -1       385-1.66615E-04 1.90168E-04 1.64784E-04-4.15880E-05 1.06701E-05 6.07874E-05
 -1       386 1.41039E-04 5.12692E-05 3.63429E-05 5.95789E-05 1.08793E-04 1.78982E-04
 -1       387 5.91873E-05 9.75266E-05-2.10531E-04 2.64388E-05-5.06011E-06 1.95596E-04
 -1       388-2.30817E-04 4.10936E-05-8.48744E-05-1.43179E-06-1.74574E-05 1.23824E-04
 -1       389-1.03659E-06 4.71082E-05-9.25304E-05 5.39714E-05-9.23528E-05 2.07822E-05
 -1       390 2.76424E-05-7.05096E-05-1.59976E-05 3.26901E-05-2.50193E-05 5.14319E-05
 -1       391-8.65321E-05-2.90690E-05 5.69220E-05-2.78721E-06-4.65164E-05 4.25000E-05
 -1       392-1.19986E-04 7.61847E-05-7.25048E-05 3.00782E-05-1.19747E-06 1.07444E-04
 -1       393 1.94686E-04-1.14328E-04 1.39644E-04 1.39745E-04 1.64540E-05 2.98683E-05
 -1       394-1.34432E-04 1.00785E-04 1.00247E-04 4.04976E-05 2.83421E-05 6.71143E-05
 -1       395-6.52078E-05-3.11949E-05 2.78481E-05-8.98412E-06-4.79604E-06 4.08441E-05
 -1       396-8.82931E-05-6.39067E-05 1.10264E-04-5.14592E-05 1.04487E-04 5.77209E-05
 -1       397 2.53341E-04-1.42691E-04-1.72520E-06 2.08271E-05 7.49746E-05 1.20264E-04
 -1       398-1.24755E-04 1.05910E-04 1.00959E-04 5.59204E-05 8.03746E-05 7.45909E-05
 -1       399-8.00926E-05-4.79343E-05 1.36992E-04 9.98776E-06 3.56795E-05 3.20737E-05
 -1       400 2.80366E-04-1.46783E-05-5.93708E-05 1.21818E-04 8.75412E-05 1.68588E-04
 -1       401 4.36869E-04 6.81262E-05-1.46584E-04 1.65799E-04-1.07853E-04-1.52910E-05
 -1       402-1.11342E-04 2.42083E-05-1.13435E-05 5.76027E-06-7.69582E-05 1.24994E-04
 -1       403 5.45001E-05-3.64434E-05-1.25862E-04 6.14871E-05 3.09301E-05 1.53716E-04
 -1       404 3.88493E-05-2.42869E-05 2.62316E-05 6.49300E-05 5.18403E-05 1.53635E-04
 -1       405-1.15151E-04-4.28628E-06 3.35284E-05-3.89572E-05-3.22200E-05 3.18992E-05
 -1       406 1.82386E-04 9.07327E-05-1.45135E-04 8.58566E-05 9.29300E-05 2.24342E-04
 -1       407 9.99986E-05 1.41688E-04-2.40595E-04 7.70507E-05 5.85572E-05 1.70990E-04
 -1       408 2.31644E-04-1.76176E-06 4.61602E-05 1.17840E-04-1.68362E-05 4.19224E-05
 -1       409-1.18588E-04 1.48628E-05-1.69990E-04-8.21472E-05-1.24306E-05 1.47477E-04
 -1       410 3.64195E-04 3.65964E-05-9.64321E-05 1.14664E-04-9.83182E-05 1.38165E-04
 -1       411-3.52508E-05-7.64486E-05 9.88188E-05-9.00247E-05 4.87548E-05 2.04653E-04
 -1       412 1.91812E-04 3.28878E-05-3.21868E-05 1.21365E-04 4.19810E-05 1.53987E-04
 -1       413 1.32415E-04-5.86406E-05 3.85886E-05-6.43023E-05 8.41059E-05 1.78562E-04
 -1       414-8.56770E-05 1.54488E-05-1.10924E-05-3.65120E-05 1.01675E-04 1.78227E-04
 -1       415-2.89013E-04 1.15769E-04-1.29712E-06-4.39915E-05 1.16060E-05 1.63648E-04
 -1       416-2.14540E-04 1.87662E-04-1.05055E-04 1.57697E-05-5.17916E-06 1.73384E-04
 -1       417-6.00382E-05 1.39726E-05-8.52061E-05-8.62641E-06-3.91436E-05 2.07034E-04
 -1       418 1.77045E-05 6.09695E-05-5.14766E-05 3.28974E-05 1.28508E-04 1.48413E-04
 -1       419-1.09626E-04-3.90965E-05-4.61626E-05-5.50513E-05 1.02929E-04 1.57493E-04
 -1       420-1.05078E-05 1.14358E-04 8.75640E-06 7.64019E-05 1.22166E-04 1.28241E-04
 -1       421-1.39160E-05-1.04218E-05-1.35285E-05-2.21526E-05 4.59512E-05 2.75197E-06
 -1       422 4.90126E-05-4.35068E-05 2.28076E-05 3.63274E-05-2.16493E-05-3.80107E-06
 -1       423 4.18202E-05 6.08087E-05 4.46601E-05 1.09886E-04-2.73843E-05 3.05990E-05
 -1       424 7.36287E-05-3.99440E-05-6.05984E-06 5.16057E-05 2.60456E-05 2.41285E-05
 -1       425 2.16780E-04 6.51504E-05-3.40576E-05 1.66424E-04-5.24722E-05 6.83913E-06
 -1       426 2.41943E-04 1.58752E-04 1.64625E-05 1.67457E-04 1.36385E-04 8.36708E-05
 -1       427 2.62459E-04 1.54877E-04-5.56403E-05 2.90183E-04 8.05457E-05 1.03237E-04
 -1       428 2.29384E-04-2.39638E-04-1.30364E-04-1.62810E-04-5.93565E-05 2.04906E-05
 -1       429-1.12831E-04-9.75967E-05 7.12632E-05-1.21065E-04 1.11881E-04 1.12482E-04
 -1       430 2.15425E-05 2.11224E-05-6.99295E-05 2.46483E-07 1.03297E-05-2.96987E-06
 -1       431-1.03861E-05-9.26962E-06 2.86473E-05 5.88762E-08-1.17366E-05 7.74252E-07
 -1       432 2.61714E-05 2.47516E-05-8.43904E-05 5.68853E-07-8.29190E-07-2.00434E-05
 -1       433-1.25900E-05-1.35122E-05 4.29265E-05-3.81624E-07 8.47285E-07 1.86401E-05
 -1       434 6.66010E-06 7.29187E-06-2.31045E-05-5.84308E-07 1.36301E-06 4.68858E-06
 -1       435 8.37926E-06 1.06560E-05-3.26684E-05-7.16967E-07 7.50301E-06 1.64615E-05
 -1       436 2.83374E-05 2.75699E-05-9.48144E-05-7.02465E-07 1.45949E-05 4.90307E-06
 -1       437 1.56016E-05 1.32240E-05-4.74174E-05 2.34824E-07 4.16206E-06-8.13633E-06
 -1       438-3.80425E-06-4.66768E-06 1.59842E-05-4.95656E-08-7.73993E-06 1.03526E-05
 -1       439-2.23864E-06 1.89856E-06-1.34934E-06-1.03725E-06-3.57624E-06-4.19306E-06
 -1       440 1.44875E-05 1.75531E-05-5.76735E-05-1.54031E-06 2.54716E-06-1.30467E-05
 -1       441-5.64964E-06-5.82946E-07 5.91898E-06 1.51634E-06 2.06908E-06 5.29733E-06
 -1       442 1.58126E-06 2.60447E-06-8.41148E-06-5.69443E-07-1.09205E-05-1.09458E-05
 -1       443-1.70407E-05-1.59586E-05 5.41873E-05 1.50908E-06-8.54635E-06 6.11021E-07
 -1       444-3.90587E-06 1.55669E-06 6.34926E-07-1.02861E-06 2.42761E-07 1.15143E-06
 -1       445-3.63687E-06 1.11009E-06 9.05491E-07-8.52145E-07-2.67082E-07-1.43252E-06
 -1       446-3.04412E-06 1.43713E-06-2.89360E-07-1.14916E-06 5.93216E-07 2.68286E-06
 -1       447-2.77268E-06 1.23120E-06-1.84471E-07-7.91034E-07-4.77516E-07-2.70041E-06
 -1       448-1.40984E-06 1.18450E-06-1.34482E-06-7.65550E-07 7.20927E-07 2.30996E-06
 -1       449 4.17971E-07 1.33988E-06-3.51679E-06-6.40349E-07 8.97848E-07 2.21709E-06
 -1       450 6.45442E-07 1.03230E-08-2.60500E-06 4.00117E-07-4.03632E-07 1.43067E-06
 -1       451 2.13630E-06 9.11734E-07-4.44621E-06-9.79011E-08-1.53179E-07-9.65731E-07
 -1       452 2.28993E-06 8.93092E-06-1.47289E-05 4.57799E-07 2.08208E-06-2.39370E-06
 -1       453 1.37082E-05 1.39266E-05-4.41508E-06 1.43805E-05 2.67976E-05 1.99677E-05
 -1       454 1.85580E-05 1.25254E-05-5.73453E-05 2.43926E-06-3.31321E-06-1.67386E-05
 -1       455 2.08261E-05-1.74514E-06-7.97707E-06 1.61309E-05 4.47336E-06 8.63210E-06
 -1       456 1.72512E-05-4.95163E-06-4.98894E-06 1.10647E-05-3.11268E-07-1.01546E-06
 -1       457 1.58438E-05 8.46658E-06-1.29183E-05 1.79681E-05 2.07230E-06 3.27754E-06
 -1       458 1.19253E-05-3.23627E-06-4.33270E-06 8.51084E-06-6.21498E-07-2.99669E-06
 -1       459 1.85675E-05 1.64598E-06-7.54293E-06 1.52475E-05-5.02622E-06-1.09847E-05
 -1       460 2.24736E-05-1.69952E-06-6.72863E-06 1.07216E-05-6.08013E-06-9.28756E-06
 -1       461 5.79531E-06 7.11405E-06-2.58222E-05 1.03884E-06-1.84746E-06 9.33860E-06
 -1       462 5.57607E-06 3.97865E-06-1.49498E-05 1.70059E-06-2.69579E-06 1.65637E-06
 -1       463 1.03188E-07 1.13667E-06-3.27348E-06-3.37197E-07-1.84989E-07-8.59435E-07
 -1       464 7.20022E-08 1.57357E-06-3.19548E-06-4.16817E-07-4.95268E-07-2.29057E-06
 -1       465 1.41178E-06 9.11915E-07-4.06558E-06-1.92762E-07-1.28895E-06-1.51439E-07
 -1       466-1.03584E-06 1.42673E-06-1.96938E-06-5.09673E-07-3.09456E-07-2.64285E-06
 -1       467-3.11531E-07-1.20381E-06 9.74573E-07-1.80688E-06 8.15067E-06 1.16113E-05
 -1       468-3.51663E-06-4.25078E-07 2.58450E-06 6.13832E-08 4.62318E-07 2.28042E-06
 -1       469-3.44889E-07-2.66139E-07 7.26446E-08-8.88800E-07-3.16547E-07 2.26975E-06
 -1       470 1.71481E-06 2.07607E-06-6.72147E-06-4.00121E-06 5.75532E-07 2.44374E-05
 -1       471 3.54748E-06 6.54936E-06-1.76575E-05-1.65322E-06 1.07403E-06 1.74935E-05
 -1       472 1.32703E-06 1.24990E-06-6.00315E-06-3.46528E-07 7.77733E-07 9.47738E-06
 -1       473-6.24446E-06 5.45911E-07 3.21042E-06-2.22476E-06 3.31761E-06 1.02479E-05
 -1       474-2.84335E-06 1.01855E-06 4.24594E-07-2.69522E-07-7.77204E-08 4.22254E-06
 -1       475-1.35958E-06 2.35207E-07 8.84325E-07 2.61134E-07-5.45545E-07-3.45032E-07
 -1       476 4.58182E-06 3.96953E-06-1.38553E-05-1.42715E-07 5.90025E-08 8.27325E-06
 -1       477 9.49880E-07 2.87283E-06-1.94227E-05-7.12553E-06 5.84382E-06 3.94119E-05
 -1       478-2.89607E-06 1.35267E-06-2.00477E-07-5.00262E-07 1.62121E-07 4.02720E-06
 -1       479-3.35722E-06 1.03248E-06 8.67657E-07-4.24310E-07-7.74780E-08 2.53055E-06
 -1       480-3.05924E-06 8.66570E-07 1.07871E-06-7.52360E-08 6.34007E-08 1.71171E-06
 -1       481-2.70854E-06 7.28651E-07 1.00696E-06-2.58871E-07-1.39018E-07 6.35469E-07
 -1       482-2.92540E-06 5.86476E-07 1.34158E-06 9.96313E-08-7.42057E-08 3.42714E-06
 -1       483 4.65852E-07 2.45580E-06-6.31891E-06 9.21419E-08 4.32815E-07 6.38325E-06
 -1       484-1.09524E-06 1.82892E-06-3.28008E-06-3.41091E-07 1.05786E-07 5.84922E-06
 -1       485-1.00820E-06 1.26790E-06-2.03715E-06-2.19628E-07 3.80824E-09 6.72091E-06
 -1       486 4.95108E-06 4.31442E-06-1.58244E-05-4.03407E-07 1.30584E-06 4.80990E-06
 -1       487 2.54214E-06 3.05968E-06-9.96030E-06-1.04715E-07 2.73885E-07 6.09682E-06
 -1       488 2.00168E-06 3.36931E-06-1.00292E-05-1.27124E-07 4.18360E-08 8.63008E-06
 -1       489 1.87617E-05 1.20421E-05-4.84772E-05-1.50744E-06-2.78590E-07 1.26064E-05
 -1       490 6.88783E-06 5.79208E-06-2.13739E-05-6.11176E-07 2.15198E-06 9.72489E-06
 -1       491 6.31959E-06 4.72295E-06-1.63134E-05-8.89523E-07 7.82456E-07 1.19566E-05
 -1       492 1.18353E-05 8.47104E-06-1.93521E-05 5.87147E-06 3.01217E-05 4.99887E-05
 -1       493 1.99052E-05 1.54959E-05-7.35697E-05-2.00636E-06 6.79541E-06 2.28044E-05
 -1       494 9.47033E-08 1.00632E-05-2.66989E-05-1.26037E-06 2.51161E-06 3.62317E-05
 -1       495 6.56908E-06-1.19221E-06-4.35805E-06-6.45376E-07-3.58123E-08 1.68808E-05
 -1       496 9.63298E-06 3.51220E-06-1.15850E-05 4.30788E-06 1.75568E-06 2.54149E-05
 -1       497 1.81499E-06 1.81162E-06-1.49747E-05-4.32560E-06 2.23650E-06 3.00340E-05
 -1       498-4.52487E-06 1.59696E-06-7.55262E-07-6.20798E-07 2.40569E-06 1.12247E-05
 -1       499 3.89013E-06-5.65580E-07-3.22915E-06 1.18553E-06 1.59956E-06 1.24783E-05
 -1       500-4.74082E-07 3.72894E-06-3.01116E-06-2.08618E-07 1.67808E-06 1.55135E-05
 -1       501-7.71180E-06 1.11430E-06 3.88134E-06-2.37662E-06 1.94599E-06 7.37188E-06
 -1       502-1.28185E-06-3.55699E-08 1.79195E-06 1.70607E-07-1.42548E-06-1.05650E-07
 -1       503-3.51463E-06-3.82354E-07 3.89946E-06-2.17905E-06-3.46990E-07 1.26340E-06
 -1       504-4.19932E-06 1.76598E-07 4.21148E-06-9.53752E-07 1.43457E-06 5.99386E-06
 -1       505-9.62239E-07 1.75503E-07 1.43614E-07-3.27688E-07-6.67041E-08 1.70273E-07
 -1       506-1.88712E-06 4.37800E-07 8.17455E-07-2.30278E-07-2.95397E-07-8.28341E-07
 -1       507-8.33265E-07 2.68734E-07 2.66536E-08 2.74322E-07-2.49643E-07-5.42619E-07
 -1       508-5.75473E-07 1.41134E-07 9.70896E-07-1.44624E-07-6.33493E-07 3.99328E-07
 -1       509-2.53068E-06 2.85027E-07 2.18010E-06 4.23189E-08-3.52912E-07 1.02557E-06
 -1       510 3.29636E-07-1.42258E-06 2.17324E-06-2.57547E-07 4.25073E-06 2.50473E-06
 -1       511-1.61967E-06-9.60186E-07 2.74950E-07-7.55218E-07 6.82289E-07 3.00523E-06
 -1       512-4.96614E-06-2.68717E-06 8.93541E-06-5.17687E-07 4.67065E-06 3.98823E-06
 -1       513-1.24546E-06-4.50162E-07-1.45635E-06-3.80398E-08 1.02667E-06 6.52253E-06
 -1       514-7.16586E-07-7.53688E-07 6.81199E-07-2.42304E-06 5.22120E-06 1.37885E-05
 -1       515-1.55699E-06 4.78996E-07-1.08846E-06-1.23919E-06 8.07910E-06 6.56245E-06
 -1       516-3.55302E-07 2.45618E-06-7.44738E-06-2.44318E-06 6.10505E-06 1.97242E-05
 -1       517 2.02454E-06 5.44314E-06-1.11576E-05-1.44848E-06 4.19069E-07 2.28085E-05
 -1       518 3.92439E-06 2.95037E-06-1.19715E-05-1.20081E-06 7.14549E-06 2.13324E-05
 -1       519 2.59677E-06 3.55640E-06-1.14250E-05-1.01850E-06 1.70523E-06 1.17253E-05
 -1       520-2.88983E-06 2.40487E-06-1.97029E-06-2.53241E-07-3.14692E-06-4.02909E-06
 -1       521-4.99600E-06 1.32589E-06 1.78730E-06-3.48473E-07-2.41267E-07-3.92086E-06
 -1       522 2.84941E-06 2.44498E-06-8.77813E-06-6.15064E-07 6.97444E-07-6.13590E-06
 -1       523 3.94011E-06-1.19899E-06-4.62538E-07-2.28012E-06-1.74775E-06-1.29830E-05
 -1       524-3.55334E-07-1.89433E-06 3.24876E-06-2.76207E-06 2.28047E-06-5.83020E-07
 -1       525-4.06161E-07 2.98647E-07-4.64666E-07-9.54632E-08-1.05580E-07 2.12786E-06
 -1       526 7.20735E-06-1.69617E-06-5.14594E-06-3.50640E-06 2.52960E-06-1.37984E-05
 -1       527-4.14718E-06 1.26759E-06 1.53702E-06-3.66612E-07 2.88305E-10 3.99602E-07
 -1       528-1.17087E-06 2.00105E-06-3.50710E-06 8.79252E-09-3.48645E-07-5.32379E-06
 -1       529 1.11749E-06 1.58216E-07-1.58133E-06-8.12352E-08 3.19813E-07 2.67883E-07
 -1       530-4.18706E-06-8.58142E-07 6.79680E-06 6.08876E-07-3.40825E-06-6.57923E-06
 -1       531-4.64211E-06 1.47635E-06 1.44132E-06-4.25567E-07-9.37645E-08-4.07881E-07
 -1       532-3.16932E-06 1.14635E-06 9.72877E-07-4.38870E-07 3.12738E-07 9.43215E-07
 -1       533-3.58607E-06 1.74940E-06-1.94781E-07-4.89415E-07-1.29057E-07-3.83720E-06
 -1       534-4.59370E-06 1.44591E-06 1.33276E-06-3.05252E-07 2.48892E-08-2.02308E-06
 -1       535-4.89096E-06 1.37743E-06 1.73152E-06-3.16238E-07-1.96580E-08-1.15018E-06
 -1       536-1.60680E-06 7.31470E-07-1.35722E-07-5.58991E-08 1.45003E-07 1.86899E-06
 -1       537 6.07811E-08 5.06564E-07-1.01464E-06-1.02852E-07 2.10664E-07 1.21540E-06
 -1       538-2.85916E-06 9.43974E-07 5.72708E-07-1.88394E-09-7.65763E-08 1.79844E-06
 -1       539 9.10428E-07 6.65859E-07-1.26980E-06-3.15882E-07 5.21387E-07 1.23883E-07
 -1       540 2.60005E-07-1.33863E-06 6.68246E-09 4.63589E-07-1.87329E-06-7.94629E-07
 -1       541 2.76435E-07 4.17814E-07-8.95536E-07 1.57073E-07 3.49695E-07 9.03932E-07
 -1       542 6.24607E-07-4.64088E-06 4.86173E-06-6.60437E-07-7.51532E-07-1.62164E-06
 -1       543-1.88148E-07-1.98847E-06-3.22472E-06-1.32910E-06-8.98044E-08-8.62756E-06
 -1       544 1.43826E-06-1.38833E-06-8.27846E-07-7.59513E-07 1.23423E-06 5.93969E-07
 -1       545-6.27213E-06-7.45630E-07 4.56704E-06-2.73328E-06 1.28499E-06-1.28999E-05
 -1       546-1.35390E-06 9.12941E-08 1.22635E-06 4.87507E-06-3.46670E-06-9.53038E-06
 -1       547-2.38416E-06 6.78222E-08 4.37984E-06-7.52738E-07-2.19897E-06-1.28638E-06
 -1       548 5.13364E-06-1.76626E-06-1.43413E-06 2.06184E-06-1.50144E-06-1.32757E-05
 -1       549 1.27704E-05-4.37253E-06-4.32825E-06 2.80804E-06-1.11437E-06-1.43695E-05
 -1       550-6.74047E-07-1.63110E-06 6.30584E-06 8.70920E-08-2.93961E-06-1.09249E-05
 -1       551 1.50330E-05-3.33704E-06-6.18910E-06 1.34198E-06 3.96481E-07-1.34345E-05
 -1       552 3.16367E-05-4.86572E-06-1.10429E-05 8.62136E-06-5.56656E-06-2.23701E-05
 -1       553 5.67808E-06-1.20046E-06-2.93703E-06-2.06185E-06-2.21666E-07-1.32612E-05
 -1       554 1.21102E-05 5.46633E-06-3.28277E-05 4.18268E-07-2.57160E-06-7.58728E-07
 -1       555 1.02210E-05 7.15434E-06-2.11333E-05 1.66991E-06-2.36815E-06-4.02862E-06
 -1       556 3.79426E-06 2.72061E-06-9.87894E-06-5.79608E-07-8.28078E-07-4.43026E-06
 -1       557 4.03441E-06 3.89859E-07-8.67288E-06-2.30090E-06 2.17348E-06-9.54089E-06
 -1       558 1.72976E-06 2.23036E-06-7.14739E-06-5.13885E-07 1.41955E-07-4.70294E-06
 -1       559-3.42641E-07 2.11703E-06-4.60441E-06-1.12462E-07-3.41347E-07-4.72408E-06
 -1       560-2.32546E-06 1.92149E-06-1.88978E-06-2.68721E-07-1.71742E-07-4.51786E-06
 -1       561 4.14755E-07 2.11341E-06-5.52795E-06 2.59825E-08 9.30539E-08-5.68240E-06
 -1       562-2.59804E-06 1.80026E-06-1.72970E-06-2.11607E-07-4.03822E-07-4.98362E-06
 -1       563-6.12847E-06 9.87542E-07 4.58009E-06-1.28043E-07-1.00584E-06-5.20446E-06
 -1       564-8.67393E-07 1.94923E-06-3.42380E-06-6.62172E-08 8.70206E-08-5.81345E-06
 -1       565 4.73825E-07 2.89822E-06-6.97410E-06 1.10395E-06 2.13143E-07-9.02660E-06
 -1       566-2.74492E-06 4.04381E-07 2.11103E-06-2.23484E-06-5.10889E-07 1.61637E-06
 -1       567-4.03865E-06 8.21669E-07 1.06561E-06 1.15581E-07-6.74408E-07 3.73782E-07
 -1       568 1.19831E-06 1.42440E-06-7.38790E-06-1.98471E-06 2.16954E-06-1.06627E-05
 -1       569 3.07169E-06 1.49222E-06-7.68820E-06-4.04095E-07 1.08451E-06-6.83838E-06
 -1       570-1.37540E-06-9.95192E-07 6.15278E-06-2.26822E-06-2.70953E-07-6.83841E-06
 -1       571-3.28302E-06 1.36243E-07-1.04629E-06-1.21823E-06 1.43353E-06 1.31782E-06
 -1       572 2.77171E-07-1.55428E-07-8.57923E-07-9.25744E-07 1.30126E-06 9.02694E-07
 -1       573-5.55165E-06 1.38581E-05 1.50449E-05-2.98072E-07 4.36912E-05 6.10808E-05
 -1       574 9.10239E-05 3.11418E-05-6.76864E-05 2.28986E-05-6.92289E-05-4.12391E-05
 -1       575-5.10659E-05 6.02438E-05 3.50800E-05 6.17353E-05 4.85286E-05 7.00028E-05
 -1       576-1.78527E-05-3.27311E-05 6.91473E-06-3.30369E-05 1.46852E-05 6.53734E-05
 -1       577-4.27239E-05 3.60211E-05-3.96088E-05 3.45972E-06-2.83794E-05-8.43548E-07
 -1       578 4.34265E-05 9.69054E-06-1.43464E-05 7.85501E-05-2.38452E-05-3.38326E-05
 -1       579-4.78805E-05-4.21862E-05 1.00906E-04-1.56470E-05-1.29985E-05-1.70401E-05
 -1       580-2.56856E-05 2.56054E-05 1.30299E-05-3.00788E-05-8.52440E-05 5.84442E-05
 -1       581 4.04046E-05-1.29939E-05-2.50431E-05-3.32659E-05-5.47235E-05 4.64251E-05
 -1       582 7.39192E-05-1.27556E-04 3.06134E-05-7.60620E-05-1.18237E-06 9.89628E-05
 -1       583 7.91590E-05-1.00617E-04-3.38736E-05-4.58988E-05-1.10693E-04 7.97252E-05
 -1       584-4.96568E-05-2.59377E-05 4.11775E-05-4.37805E-05-9.89433E-06 6.19287E-05
 -1       585 6.20618E-05-3.19228E-06 3.64916E-06-1.30761E-05 2.15959E-06 9.77006E-05
 -1       586 1.88295E-04-7.17991E-05-1.30217E-04-7.29930E-05-7.29343E-05 9.53837E-05
 -1       587-3.07327E-05-2.15723E-06 7.72902E-05-2.37929E-05-6.99276E-06 1.50666E-04
 -1       588-5.81980E-05 4.95327E-07 2.10037E-05-1.32289E-04-8.24334E-05 1.16700E-04
 -1       589 2.48532E-05-2.33040E-06-2.89543E-05-6.23390E-05-2.08553E-05 1.67434E-04
 -1       590 7.45106E-05 2.68307E-05-8.27222E-05 1.12105E-04-5.40427E-05 7.04998E-05
 -1       591-5.04972E-05 3.14748E-05-2.57801E-05-1.35207E-05 6.05879E-06 1.84765E-05
 -1       592-3.31532E-05 5.20951E-05-9.23529E-05 4.16915E-05-1.14440E-05 6.25300E-05
 -1       593-5.17199E-05-1.12200E-05 5.45567E-06-6.63731E-05-1.74707E-05-3.28345E-05
 -1       594-1.46967E-04 9.98681E-05-4.14718E-05 4.08856E-05-3.36176E-06 6.98283E-05
 -1       595 2.05446E-05 7.41123E-05-4.73362E-05 8.57982E-05 1.63773E-05 7.43523E-05
 -1       596-2.33451E-05 4.86113E-05-6.13678E-05 2.84558E-05-1.13288E-04-7.40859E-05
 -1       597-6.89745E-06 2.58093E-06-1.06823E-04-5.16503E-05-1.22849E-05 3.78174E-05
 -1       598 4.45119E-05 3.15537E-05-6.07044E-05-8.21605E-06-2.86691E-05 5.37337E-05
 -1       599-3.07010E-05-6.13716E-06 1.30839E-04-1.67564E-05 1.65890E-05 8.20553E-05
 -1       600-1.45786E-04-3.53353E-05 1.85099E-04-8.21890E-05 5.01497E-05 5.52559E-05
 -1       601 4.99691E-05 3.39861E-05 8.24074E-05 6.94282E-05-2.16088E-05 1.38443E-05
 -1       602 2.03113E-05-2.25180E-05-5.67366E-05 1.16454E-05 2.73616E-05 1.10364E-06
 -1       603-1.77657E-05-2.08798E-05-1.19237E-05-2.78080E-05-4.84208E-06 5.66170E-05
 -1       604-6.98864E-06-7.54286E-05-2.03066E-05-3.86795E-05 1.41472E-05-6.29535E-06
 -1       605 6.75241E-05 1.53716E-05 1.45468E-05 6.83331E-05-1.95193E-05 5.46552E-06
 -1       606 4.88516E-05-6.57266E-05 4.00234E-05 3.54845E-05 1.06178E-05 5.05743E-05
 -1       607-2.99712E-06-8.91119E-05 2.05915E-05-1.75102E-05 7.38825E-06 1.84044E-05
 -1       608 2.62059E-05 5.62477E-07-3.24648E-05 2.05103E-05 2.13508E-05 6.89185E-05
 -1       609-2.40186E-05 1.07266E-05 1.87810E-05-1.44270E-05-5.57930E-05-5.64234E-05
 -1       610-3.91064E-05-1.12270E-05 7.51766E-05-5.82614E-05-2.69891E-05 1.18339E-04
 -1       611 5.07715E-05-6.39568E-05 4.69516E-05 3.34127E-05 1.17213E-05 4.33154E-05
 -1       612 1.17274E-04-3.72875E-05-2.08581E-05 1.21102E-05-1.67652E-05 4.41507E-06
 -1       613-1.87649E-04 4.14753E-05-4.30000E-05-6.66680E-05-5.81476E-05-9.41157E-05
 -1       614-2.25585E-05 8.92757E-05-2.37009E-04 2.24496E-05 7.52347E-05 8.88023E-06
 -1       615-2.52588E-05 4.74989E-05-8.91097E-05 4.78769E-06-4.86266E-05 6.76887E-05
 -1       616 6.38129E-06 6.31834E-05-5.20994E-05-1.06220E-05-2.26511E-05 1.30524E-04
 -1       617-1.12819E-04 6.76813E-05 3.08054E-05 9.94773E-06 4.92419E-05 1.69015E-04
 -1       618-1.72722E-05-8.86119E-06-1.61451E-05-1.29350E-05-5.60142E-05 1.33351E-04
 -1       619 1.81321E-04-3.79659E-05 1.69278E-05 6.16583E-05 6.36808E-05 6.27263E-05
 -1       620 1.23577E-04-1.11077E-05-4.41932E-05 5.28483E-05-1.53480E-05 4.04059E-05
 -1       621-3.85611E-05-4.37171E-05 3.65838E-05-6.45279E-05 3.26906E-05 2.78206E-05
 -1       622-2.13695E-05 8.33328E-05-1.47132E-04-3.52861E-05-8.09670E-05 9.57752E-06
 -1       623 5.80346E-05 8.01056E-05-1.15703E-04 2.67166E-05 8.83846E-06 2.79663E-07
 -1       624-5.78985E-06 4.96703E-05-2.54528E-05-1.20253E-05 8.83926E-06 1.05948E-04
 -1       625-1.31849E-06 7.51048E-05-3.72064E-05 8.70535E-05 4.43688E-05 2.50305E-05
 -1       626-2.04720E-04 1.78107E-04-5.69570E-05-3.07332E-05-2.72469E-05 3.78802E-05
 -1       627-8.78373E-05 2.32828E-05 6.40248E-05 1.77652E-05 1.01721E-04 1.42768E-04
 -1       628 2.03446E-04 1.12677E-05-8.88877E-06 2.66139E-05-8.14723E-05 6.78213E-05
 -1       629 6.57010E-05-8.70770E-05-1.42300E-05-1.22309E-05-2.18099E-05 1.24543E-05
 -1       630 2.32257E-05-5.90877E-05 4.63600E-05-3.34936E-05-7.05964E-06-3.10232E-06
 -1       631 6.40845E-06 2.80114E-05-5.33669E-05-1.04245E-06 2.57931E-05 7.30396E-05
 -1       632-7.22043E-05 3.33434E-05-2.08141E-05-4.91766E-05 3.44054E-06 3.41297E-05
 -1       633-1.09223E-04 1.00144E-05-2.88410E-06-5.49832E-05-5.29074E-05-3.41023E-05
 -1       634 1.00839E-05-1.85416E-05 1.22162E-05 1.15023E-05 2.68639E-06 5.33404E-05
 -1       635-9.80669E-06-1.47784E-05 9.35710E-05 8.83690E-05 7.94613E-06 7.63719E-06
 -1       636 1.01606E-05-1.55508E-05 4.89924E-05 1.75894E-05-2.76267E-05 7.27195E-05
 -1       637-2.34463E-05-2.07215E-05 6.16453E-06 3.72839E-05 1.53645E-05-1.33254E-06
 -1       638 1.09487E-04 3.02315E-05-7.94379E-05 7.04940E-05-7.36554E-05 3.91333E-05
 -1       639 6.32706E-05-7.96220E-05 7.82823E-05-5.16405E-05-8.33777E-07 1.16299E-04
 -1       640-9.32908E-05-5.35329E-05 1.07673E-05-2.37219E-05 2.21536E-06-6.29367E-06
 -1       641 3.44252E-07-5.28804E-05-4.72323E-05 8.99259E-06-4.20040E-05-4.24459E-06
 -1       642-4.70473E-05 6.23695E-05 1.25674E-05-2.87732E-05-3.47482E-05-3.80240E-05
 -1       643 8.33489E-05 3.05004E-05-1.46491E-05 5.03158E-05 4.57152E-05 8.08755E-05
 -1       644 2.45197E-05 3.86124E-06-9.91668E-06 2.18759E-05-4.23781E-05 4.05903E-05
 -1       645-8.34671E-05 4.09637E-05-4.86807E-05-2.14374E-05-6.56235E-06 8.42416E-05
 -1       646 8.48697E-05-9.16964E-06-3.60190E-05 5.57527E-05 1.56850E-05 6.43350E-05
 -1       647 4.99377E-05 3.18401E-04-4.72599E-05 1.90511E-04 6.17536E-05 1.66655E-05
 -1       648-1.08453E-06-7.49571E-05 2.86324E-06-3.68794E-05 3.84722E-05 6.40447E-05
 -1       649 3.51821E-05-8.54334E-05 4.55480E-06-2.20405E-06-1.29731E-04-3.36727E-06
 -1       650 5.27546E-05-4.79050E-06-8.06915E-05 9.16285E-06-7.08329E-05 1.17934E-05
 -1       651-2.48252E-07-4.15954E-05 3.24552E-05-3.10067E-05-8.92117E-05-5.53310E-05
 -1       652 1.35973E-05 1.08750E-04-1.59065E-04 1.77357E-05-5.07961E-05 1.76139E-05
 -1       653-9.04913E-05 3.03757E-05-1.11699E-04-5.44372E-06 2.40053E-05 7.49222E-05
 -1       654 3.83042E-05 6.21040E-05-1.07091E-04 4.18782E-05-5.57549E-05-3.27002E-05
 -1       655 1.87483E-05-1.96380E-05-1.86667E-05-1.43261E-05 4.47178E-07-4.94592E-06
 -1       656-3.74511E-06 3.66484E-05-1.41922E-05-1.91548E-05-1.46559E-05 1.04266E-05
 -1       657-3.91461E-05 2.13252E-05 1.15764E-05 1.56090E-05-3.19396E-05-6.70609E-05
 -1       658 6.30600E-05-5.43268E-07-2.45406E-05 4.26613E-05 2.06819E-05 1.79461E-05
 -1       659 6.17479E-05-5.56772E-05-4.18749E-05-1.05547E-05-4.24957E-05 5.20708E-05
 -1       660 1.43842E-04 2.20200E-06-1.02372E-04 8.26276E-06-1.23737E-04-3.16986E-05
 -1       661 2.13614E-05-9.11576E-05-4.16521E-05-3.47856E-05 3.54576E-05 4.05005E-05
 -1       662 7.11073E-05-1.49342E-05-7.59544E-05-3.04891E-05-3.02878E-05-5.55421E-05
 -1       663 7.25745E-05-5.68550E-05-6.10396E-05 3.09662E-05 3.96529E-05 3.92059E-05
 -1       664-6.09414E-05-3.23156E-05 5.69598E-05-1.29597E-05-3.45312E-06 4.29892E-05
 -1       665-9.28479E-05-1.03585E-05 4.24835E-05-6.33079E-05 3.26544E-05 7.61717E-05
 -1       666-1.27324E-04 4.96409E-05-3.61219E-05-6.36438E-05 2.97178E-05 5.93547E-05
 -1       667-3.53513E-05 4.10761E-05 3.41858E-05 3.69613E-05 1.99723E-05 8.63593E-05
 -1       668-3.48503E-05-1.14525E-05-3.06569E-05-8.33101E-06 1.23267E-05 2.34019E-05
 -1       669-2.12805E-05 2.41351E-05 2.84977E-05 5.77114E-05 2.02645E-05 2.90237E-05
 -1       670 2.16109E-05-5.90688E-05-3.08736E-06-3.74767E-05-5.06490E-05 2.64757E-05
 -1       671 1.29633E-05-9.82906E-06-2.77397E-05-3.62242E-05-1.89542E-06 4.36142E-05
 -1       672 5.42570E-05-2.23447E-05-2.96727E-05-4.08274E-05 3.71858E-06-1.92440E-05
 -1       673 7.53092E-05 2.82893E-05-2.81978E-05 4.53333E-05 3.17972E-06-6.41217E-06
 -1       674 1.17313E-05-8.86836E-06 8.14327E-06-6.84885E-05 1.31724E-05 1.40866E-05
 -1       675-7.60213E-05 4.53009E-05-7.51444E-05-5.76828E-05 3.14196E-05 3.61033E-05
 -1       676-4.10809E-05 3.81288E-05 3.46877E-05 6.06302E-06 2.82878E-06 5.14483E-05
 -1       677-2.89435E-05 3.11671E-05 3.39811E-05-2.74029E-06-5.04765E-05-1.05749E-05
 -1       678 9.95317E-05 9.59421E-06-8.43077E-05 5.38919E-05 5.88528E-05 1.28183E-04
 -1       679 3.82563E-05 3.54072E-05-6.75368E-06 5.27181E-06 3.06376E-05 2.05263E-05
 -1       680-5.37201E-05-1.46285E-05-8.48514E-05-9.85480E-05-1.03323E-04 1.28614E-05
 -1       681 3.38719E-05 4.95022E-05-6.81691E-05 2.32526E-05-9.50098E-06 7.96058E-06
 -1       682 2.15818E-05 7.17830E-05-1.59480E-05 1.11633E-04 2.37518E-06 9.38001E-05
 -1       683 7.33979E-05 1.03772E-04-1.03575E-04 1.06213E-04 7.74101E-05 9.68028E-06
 -1       684 3.68631E-06 1.32858E-04-1.54996E-04 9.05683E-05 2.40915E-05 6.38358E-05
 -1       685-5.33714E-05 7.33807E-05-1.25777E-05-4.29439E-05-1.03840E-04-1.41480E-05
 -1       686 1.99525E-05 5.43549E-05 3.39547E-05 4.56470E-05-8.90057E-05-5.58547E-05
 -1       687 7.90438E-06-9.08838E-05 5.58989E-05 3.98550E-06-1.03548E-04-9.02731E-05
 -1       688 7.94759E-05-1.44504E-08-7.82004E-05 4.20079E-05 4.19652E-05 1.28656E-05
 -1       689-2.68415E-05 8.20133E-05-3.64295E-05 6.15692E-05-3.98923E-05-1.16003E-05
 -1       690-1.16156E-04 2.37551E-04 5.01822E-07 1.17176E-04 5.28702E-05 5.56084E-05
 -1       691-8.07153E-07 1.61692E-05 7.99371E-05 7.87662E-05 2.94153E-05 2.43636E-05
 -1       692-1.82592E-04-1.35117E-05 6.93822E-05 5.87757E-06 5.70787E-05 1.14060E-04
 -1       693-1.98388E-05 3.75181E-05-3.60499E-05 7.93656E-05-1.02201E-05 1.21975E-05
 -1       694-9.46888E-05 1.87046E-05 9.13252E-06-1.18953E-04 3.15368E-05-4.00256E-05
 -1       695-1.26117E-04 1.50769E-05 9.29702E-05-2.82176E-05 6.32325E-05 8.53970E-05
 -1       696 1.21571E-06 4.41985E-05-1.42394E-05 6.62380E-06-3.67458E-05 2.24440E-05
 -1       697 5.09967E-05 6.42347E-05-1.88815E-05 6.98453E-05 3.09800E-05 5.19662E-05
 -1       698-8.47833E-05 1.19696E-05 3.29836E-05-2.63372E-05-4.26836E-06 5.36749E-05
 -1       699 9.51065E-05 4.03981E-05-3.19210E-05 4.57146E-05 8.12060E-06 3.56510E-05
 -1       700-1.90804E-04 7.03847E-05 2.59751E-05-2.77700E-05 6.06237E-05 1.12289E-04
 -1       701 2.21815E-04 2.35568E-05-9.40963E-06 1.30171E-04-2.20387E-05-9.35601E-06
 -1       702 1.53082E-04 4.22719E-05-1.53194E-04 6.20449E-05-2.38052E-05 4.81813E-05
 -1       703-1.94733E-05-1.03250E-05 4.41686E-05-2.74746E-05-3.85481E-05 9.53810E-06
 -1       704 2.35808E-05 2.25037E-05-7.72744E-05-2.17555E-07 5.70576E-06-7.44925E-06
 -1       705 3.81218E-06 4.14574E-06-1.38341E-05 1.19544E-07 1.19084E-06 9.08928E-06
 -1       706 5.27851E-06 7.08024E-06-2.10865E-05-4.33110E-07-3.87976E-07-2.18011E-06
 -1       707-1.08666E-05-1.03050E-05 3.56521E-05-3.82228E-07-4.27709E-06 8.10132E-06
 -1       708 9.19326E-06 8.22248E-06-2.76860E-05-1.43212E-06-3.88382E-06-8.67877E-06
 -1       709-2.16551E-06 1.09405E-06-4.43740E-07-6.35295E-07 1.29979E-07 3.50457E-06
 -1       710 8.63308E-06-4.25066E-06-9.76458E-07 3.55971E-06-2.27811E-06 1.24534E-06
 -1       711 1.19959E-05-2.90496E-06-5.68810E-06 3.37100E-06 1.68432E-06-1.44314E-06
 -1       712 1.75011E-05-4.97635E-06-6.42569E-06 6.11454E-06 6.66769E-07-6.95997E-06
 -1       713 8.38092E-06-1.84005E-06-4.33639E-06 6.85647E-07-3.97079E-07-7.54168E-06
 -1       714 1.01766E-05-1.99626E-06-4.91431E-06 1.58653E-07 2.07041E-06-7.41045E-06
 -1       715 2.57405E-05-3.28694E-06-1.02037E-05 1.04805E-05-1.30247E-06-1.40057E-05
 -1       716 5.15196E-06-2.37198E-06-8.04074E-07 6.43462E-07-1.43878E-06 7.48802E-06
 -1       717 3.68905E-06 8.35422E-07-4.57707E-06-1.96748E-06-2.78548E-07 5.65382E-06
 -1       718 4.06444E-06-1.98643E-06-2.37340E-06-2.34847E-06-1.49119E-06 1.30373E-05
 -1       719 6.84050E-06-2.92372E-06-1.82559E-06-4.59812E-07-1.38110E-06-6.57547E-06
 -1       720 8.64650E-06-2.68938E-06-1.31662E-06 7.29666E-06-1.66747E-06-5.02538E-06
 -1       721 1.76760E-05 1.51138E-06-1.01855E-05 1.38993E-05 4.02955E-06 1.53023E-05
 -1       722-3.51816E-06 1.05964E-06 9.96749E-07-4.00319E-07-7.50597E-08 2.29567E-06
 -1       723-2.77130E-06 1.11350E-06 2.20991E-07-5.73895E-07 2.63758E-07 2.69425E-06
 -1       724-2.23231E-06 1.10394E-06-2.28296E-07-6.66856E-07 4.31203E-07 2.15154E-06
 -1       725-2.57841E-06 1.08481E-06-7.51244E-08-4.89974E-07-4.31605E-10 3.87254E-06
 -1       726-3.25605E-06 1.17569E-06 8.05193E-07-5.72810E-07 5.84012E-08 1.95843E-06
 -1       727 9.23004E-06-2.06977E-06-4.06051E-06 2.04366E-06-7.17283E-07 7.35358E-08
 -1       728 1.19728E-05-4.37238E-06-2.40068E-06 5.57679E-06-9.99569E-07 5.88241E-06
 -1       729 1.16527E-05-7.79128E-07-6.87375E-06 5.03730E-06 4.37880E-07-3.35805E-06
 -1       730 2.64997E-06-1.71511E-06-2.02893E-06-6.21137E-07 3.09026E-06 7.22181E-06
 -1       731 6.84059E-06 1.08985E-07-5.09037E-06 5.66556E-06 3.56023E-07 2.26916E-06
 -1       732 1.25098E-05-6.49403E-06-1.93996E-06 7.25750E-06-2.91190E-06-6.52097E-06
 -1       733 4.24670E-06-1.79966E-06-5.70221E-06 8.09866E-08 4.16016E-08 1.22323E-05
 -1       734 2.59190E-06 9.86685E-07-6.75779E-06-3.02682E-06-3.17790E-07 7.55223E-06
 -1       735 9.30463E-07 8.15044E-07-5.92420E-06-2.78567E-06-4.26256E-07 1.41675E-05
 -1       736 2.82788E-06 2.06031E-06-7.76457E-06-2.72159E-07 4.65214E-07 4.16730E-06
 -1       737 8.02318E-07 1.31733E-06-4.78659E-06-2.08842E-07 4.28612E-07 4.86309E-06
 -1       738 3.72330E-06 3.14839E-06-9.91201E-06-1.07314E-06 9.32304E-07 6.93855E-06
 -1       739-1.37297E-06 2.87932E-06-9.76937E-06-4.85070E-06 3.47481E-06 1.93543E-05
 -1       740-2.52748E-06 8.46281E-07 1.94567E-07-1.14308E-07-4.53167E-07-2.24128E-06
 -1       741-2.34230E-06 1.13372E-06-4.12623E-07-2.05173E-07-4.23413E-07-2.35077E-06
 -1       742-1.29808E-06 1.12714E-06-1.29914E-06 4.47764E-08-5.12015E-07-2.77910E-06
 -1       743 2.86554E-06 2.45959E-06-8.03593E-06-3.27329E-07 1.90403E-06 4.65985E-07
 -1       744 1.30077E-06-1.21455E-06 4.22641E-08-1.09584E-06 2.80708E-06-2.10297E-06
 -1       745-2.85831E-06 4.14736E-06-6.46297E-06-2.08566E-06-6.35809E-07 1.13616E-05
 -1       746 2.06543E-06 3.55308E-06-1.14619E-05-9.91125E-07 7.43436E-07 1.10546E-05
 -1       747-2.43961E-06 8.95745E-07 2.56990E-06-1.80746E-06-2.29771E-06 7.72454E-06
 -1       748 1.30355E-07 7.45769E-07-1.59750E-06-2.74984E-06 1.13709E-06 9.44855E-06
 -1       749 1.16594E-06 3.55656E-06-7.66618E-06-1.07810E-06 7.95522E-07 7.27983E-06
 -1       750 5.60446E-07 5.32171E-07-2.67197E-06-5.08885E-07 3.86528E-07 5.92111E-06
 -1       751-5.33245E-06-2.02279E-07 8.71911E-06 4.35211E-07-3.17947E-06-1.91064E-06
 -1       752 1.58731E-06 2.89611E-06-7.89685E-06-2.49213E-06 1.78042E-06 9.31681E-06
 -1       753-2.53851E-06 9.34710E-07-3.39005E-09-4.54726E-07-4.05426E-07 3.70899E-06
 -1       754-4.28171E-06 4.87037E-07 2.75521E-06-3.44712E-07-9.29221E-08-8.97070E-07
 -1       755-3.92878E-06 1.31106E-06 1.04603E-06-6.17191E-07-9.60862E-08 1.24930E-06
 -1       756 1.31152E-06 1.18247E-06-4.38513E-06-2.64174E-07 5.76288E-07 2.51206E-06
 -1       757-1.17604E-06 8.19347E-07-8.73001E-06-6.54915E-06 5.61394E-07 8.50503E-06
 -1       758-4.90852E-07 1.22737E-06-2.26558E-06-1.62220E-08-4.05098E-07-2.43440E-06
 -1       759-3.51193E-06 6.20922E-07 1.48278E-06-8.21704E-08-1.61611E-07 1.21146E-06
 -1       760-3.81201E-06 9.56200E-07 1.14586E-06-2.90305E-07 2.73231E-08 2.67224E-07
 -1       761-2.45777E-06 1.54604E-06-1.04607E-06-7.08592E-07 1.65074E-07 3.72527E-06
 -1       762-3.33341E-06 1.16898E-06 4.09262E-07-3.72869E-07-1.60748E-07-1.13997E-06
 -1       763 4.37526E-06 1.23113E-06-7.21109E-06-7.70248E-07 4.01053E-06 1.14621E-06
 -1       764 2.01609E-06 7.33132E-07-2.91133E-06-1.46304E-07-1.70646E-07-1.85006E-07
 -1       765 1.25255E-05 8.89768E-06-2.60239E-05-1.42410E-06 5.52496E-06 5.42873E-07
 -1       766-1.53422E-06 5.88127E-07-4.00684E-07-2.73064E-07-3.14394E-08 3.24218E-06
 -1       767 1.26503E-07 1.21949E-06-2.70557E-06 9.50678E-08-1.40622E-07-2.86411E-06
 -1       768 1.16710E-06 4.60017E-07-3.52603E-06-7.13729E-07 7.31021E-08-2.27037E-06
 -1       769 1.28578E-07 1.32037E-06-3.56965E-06-1.56908E-07 7.98779E-07 4.01277E-06
 -1       770-1.56292E-06 6.82084E-07-7.60274E-07-4.60355E-07-3.27677E-07-1.70554E-06
 -1       771 1.52262E-07 8.01271E-07-9.47178E-07 1.12486E-06-2.67480E-06-4.95797E-06
 -1       772-1.04632E-06 2.56116E-06-5.68349E-06 2.70505E-07 7.80538E-07-2.72432E-06
 -1       773-7.15110E-07 2.15281E-06-5.58022E-06-2.39856E-06 1.15517E-07-6.19073E-07
 -1       774 1.06030E-06 1.31093E-06-4.09097E-06-5.27484E-07-4.12458E-07-2.46378E-06
 -1       775 1.04381E-06 1.37328E-06-4.06013E-06-1.59969E-07 3.22895E-08-2.53531E-06
 -1       776-5.29242E-07 1.41357E-06-2.36855E-06 1.04074E-07 1.21475E-06-4.03032E-07
 -1       777-6.55716E-07 8.44003E-07-4.78481E-06-4.52948E-06 3.29906E-06-2.07596E-06
 -1       778-8.02007E-07 1.08428E-06-2.45471E-06-4.83507E-07 1.73159E-07 6.00478E-06
 -1       779-8.41107E-07 8.79970E-07-1.30892E-06-3.54494E-07 5.28728E-07 1.92169E-06
 -1       780-3.07137E-06 4.98097E-07 1.65630E-06-2.25497E-07-1.43325E-07 3.13732E-06
 -1       781-4.12712E-06 1.22656E-06 1.76500E-06-4.38527E-07-2.01213E-07 7.47762E-07
 -1       782 1.20326E-05-2.89397E-06-5.94175E-06 5.68480E-06 4.11168E-07 4.61383E-06
 -3
    1PSTEP                         4           1           1          
  100CL  101 1.000000000         782                     0    1           1
 -4  ERROR       1    1
 -5  STR(%)      1    1    0    0
 -1         1 3.50079E+01
 -1         2 3.50079E+01
 -1         3 3.73655E+01
 -1         4 3.75202E+01
 -1         5 2.35565E+01
 -1         6 1.40725E+01
 -1         7 2.78428E+01
 -1         8 2.60963E+01
 -1         9 2.80252E+01
 -1        10 2.91260E+01
 -1        11 2.04209E+01
 -1        12 2.91260E+01
 -1        13 9.88308E+00
 -1        14 9.88308E+00
 -1        15 3.69449E+01
 -1        16 3.69592E+01
 -1        17 3.87274E+01
 -1        18 3.44293E+01
 -1        19 3.87462E+01
 -1        20 2.97664E+01
 -1        21 3.16109E+01
 -1        22 3.03358E+01
 -1        23 3.49143E+01
 -1        24 3.44296E+01
 -1        25 4.23740E+01
 -1        26 3.59764E+01
 -1        27 3.69521E+01
 -1        28 3.78433E+01
 -1        29 3.65784E+01
 -1        30 3.65877E+01
 -1        31 3.42563E+01
 -1        32 3.06887E+01
 -1        33 3.09734E+01
 -1        34 3.26251E+01
 -1        35 3.46720E+01
 -1        36 3.84018E+01
 -1        37 3.86910E+01
 -1        38 3.50079E+01
 -1        39 3.74359E+01
 -1        40 3.74359E+01
 -1        41 3.87274E+01
 -1        42 4.24965E+01
 -1        43 4.24965E+01
 -1        44 3.51949E+01
 -1        45 2.68242E+01
 -1        46 3.47804E+01
 -1        47 3.66787E+01
 -1        48 3.49143E+01
 -1        49 3.16529E+01
 -1        50 3.62219E+01
 -1        51 3.74359E+01
 -1        52 3.80817E+01
 -1        53 4.06120E+01
 -1        54 4.24965E+01
 -1        55 3.88457E+01
 -1        56 3.10095E+01
 -1        57 3.08023E+01
 -1        58 3.57295E+01
 -1        59 3.57965E+01
 -1        60 3.32836E+01
 -1        61 3.33304E+01
 -1        62 3.40525E+01
 -1        63 3.21769E+01
 -1        64 3.24668E+01
 -1        65 3.68821E+01
 -1        66 3.68821E+01
 -1        67 2.74623E+01
 -1        68 3.48290E+01
 -1        69 3.48290E+01
 -1        70 3.25462E+01
 -1        71 2.97892E+01
 -1        72 2.70320E+01
 -1        73 3.57090E+01
 -1        74 3.31147E+01
 -1        75 3.23218E+01
 -1        76 3.46744E+01
 -1        77 3.68821E+01
 -1        78 3.21722E+01
 -1        79 3.11456E+01
 -1        80 3.48290E+01
 -1        81 3.36876E+01
 -1        82 3.11677E+01
 -1        83 2.84106E+01
 -1        84 3.21988E+01
 -1        85 3.96505E+01
 -1        86 2.52176E+01
 -1        87 3.79973E+01
 -1        88 2.56249E+01
 -1        89 3.23058E+01
 -1        90 3.75612E+01
 -1        91 2.12008E+01
 -1        92 2.93127E+01
 -1        93 3.46636E+01
 -1        94 3.81616E+01
 -1        95 3.81616E+01
 -1        96 3.85853E+01
 -1        97 3.24340E+01
 -1        98 3.16074E+01
 -1        99 3.18111E+01
 -1       100 2.89654E+01
 -1       101 3.49335E+01
 -1       102 2.93810E+01
 -1       103 2.52568E+01
 -1       104 3.19881E+01
 -1       105 3.64126E+01
 -1       106 3.81616E+01
 -1       107 3.78409E+01
 -1       108 3.75202E+01
 -1       109 3.73655E+01
 -1       110 3.75202E+01
 -1       111 3.74428E+01
 -1       112 3.73655E+01
 -1       113 1.88145E+01
 -1       114 2.56997E+01
 -1       115 2.69696E+01
 -1       116 2.00844E+01
 -1       117 2.85756E+01
 -1       118 2.42230E+01
 -1       119 2.47735E+01
 -1       120 2.91260E+01
 -1       121 2.15992E+01
 -1       122 2.57909E+01
 -1       123 2.76112E+01
 -1       124 2.41319E+01
 -1       125 1.49258E+01
 -1       126 2.21508E+01
 -1       127 3.11928E+01
 -1       128 3.11928E+01
 -1       129 2.75688E+01
 -1       130 2.06573E+01
 -1       131 2.64468E+01
 -1       132 2.96726E+01
 -1       133 2.68333E+01
 -1       134 2.37580E+01
 -1       135 1.68951E+01
 -1       136 1.24044E+01
 -1       137 1.85383E+01
 -1       138 2.66718E+01
 -1       139 3.11928E+01
 -1       140 2.93808E+01
 -1       141 2.41130E+01
 -1       142 2.35520E+01
 -1       143 2.80597E+01
 -1       144 2.82530E+01
 -1       145 2.52957E+01
 -1       146 2.03266E+01
 -1       147 1.33891E+01
 -1       148 9.88308E+00
 -1       149 1.49258E+01
 -1       150 2.40893E+01
 -1       151 3.11928E+01
 -1       152 2.62620E+01
 -1       153 2.75688E+01
 -1       154 1.84777E+01
 -1       155 2.94655E+01
 -1       156 2.96726E+01
 -1       157 2.65653E+01
 -1       158 1.85840E+01
 -1       159 1.68951E+01
 -1       160 1.24044E+01
 -1       161 1.95076E+01
 -1       162 2.76410E+01
 -1       163 2.87274E+01
 -1       164 2.69154E+01
 -1       165 2.30232E+01
 -1       166 2.39716E+01
 -1       167 2.95690E+01
 -1       168 2.81189E+01
 -1       169 2.25746E+01
 -1       170 1.77395E+01
 -1       171 1.33891E+01
 -1       172 3.59764E+01
 -1       173 3.86910E+01
 -1       174 3.71904E+01
 -1       175 3.70134E+01
 -1       176 3.71976E+01
 -1       177 3.78433E+01
 -1       178 3.87274E+01
 -1       179 3.71976E+01
 -1       180 4.06120E+01
 -1       181 3.84629E+01
 -1       182 4.06214E+01
 -1       183 4.06214E+01
 -1       184 3.61315E+01
 -1       185 3.34029E+01
 -1       186 3.24807E+01
 -1       187 3.31956E+01
 -1       188 3.25581E+01
 -1       189 2.92175E+01
 -1       190 3.48474E+01
 -1       191 3.49143E+01
 -1       192 3.46720E+01
 -1       193 3.57965E+01
 -1       194 3.86442E+01
 -1       195 3.53317E+01
 -1       196 4.24965E+01
 -1       197 4.23740E+01
 -1       198 4.23740E+01
 -1       199 3.80297E+01
 -1       200 3.25462E+01
 -1       201 3.55545E+01
 -1       202 3.87462E+01
 -1       203 3.88122E+01
 -1       204 3.20865E+01
 -1       205 3.69449E+01
 -1       206 3.88122E+01
 -1       207 3.61383E+01
 -1       208 3.51698E+01
 -1       209 3.86910E+01
 -1       210 4.23740E+01
 -1       211 3.88528E+01
 -1       212 3.63486E+01
 -1       213 3.46921E+01
 -1       214 3.47030E+01
 -1       215 3.98698E+01
 -1       216 3.69521E+01
 -1       217 3.69449E+01
 -1       218 3.61383E+01
 -1       219 3.87698E+01
 -1       220 3.78857E+01
 -1       221 3.78786E+01
 -1       222 3.66208E+01
 -1       223 3.87698E+01
 -1       224 3.88122E+01
 -1       225 4.06214E+01
 -1       226 3.84629E+01
 -1       227 4.06544E+01
 -1       228 3.42563E+01
 -1       229 3.87462E+01
 -1       230 4.06214E+01
 -1       231 3.18487E+01
 -1       232 3.09265E+01
 -1       233 3.54163E+01
 -1       234 3.29451E+01
 -1       235 3.35827E+01
 -1       236 3.38205E+01
 -1       237 3.64720E+01
 -1       238 3.41828E+01
 -1       239 3.67921E+01
 -1       240 3.34879E+01
 -1       241 3.37303E+01
 -1       242 3.52880E+01
 -1       243 4.23740E+01
 -1       244 3.84018E+01
 -1       245 3.74601E+01
 -1       246 4.23740E+01
 -1       247 3.54987E+01
 -1       248 3.45609E+01
 -1       249 3.54946E+01
 -1       250 3.56395E+01
 -1       251 3.56395E+01
 -1       252 3.78472E+01
 -1       253 3.96893E+01
 -1       254 3.96893E+01
 -1       255 3.78141E+01
 -1       256 3.31042E+01
 -1       257 2.97744E+01
 -1       258 3.34577E+01
 -1       259 3.51917E+01
 -1       260 3.51917E+01
 -1       261 3.64294E+01
 -1       262 3.52880E+01
 -1       263 3.25462E+01
 -1       264 3.11677E+01
 -1       265 3.60816E+01
 -1       266 3.47030E+01
 -1       267 3.96505E+01
 -1       268 4.24965E+01
 -1       269 4.23740E+01
 -1       270 3.81616E+01
 -1       271 3.80297E+01
 -1       272 3.80297E+01
 -1       273 3.55545E+01
 -1       274 3.75612E+01
 -1       275 3.87274E+01
 -1       276 3.51215E+01
 -1       277 3.89186E+01
 -1       278 3.89186E+01
 -1       279 3.73292E+01
 -1       280 3.85432E+01
 -1       281 3.70134E+01
 -1       282 3.86910E+01
 -1       283 4.10122E+01
 -1       284 3.96505E+01
 -1       285 3.85853E+01
 -1       286 3.99471E+01
 -1       287 4.02678E+01
 -1       288 3.81773E+01
 -1       289 3.81773E+01
 -1       290 3.92845E+01
 -1       291 3.81773E+01
 -1       292 3.88230E+01
 -1       293 3.89186E+01
 -1       294 3.87274E+01
 -1       295 4.06120E+01
 -1       296 3.88230E+01
 -1       297 4.24965E+01
 -1       298 4.24965E+01
 -1       299 4.06120E+01
 -1       300 4.00289E+01
 -1       301 3.63780E+01
 -1       302 4.00289E+01
 -1       303 3.51582E+01
 -1       304 3.09729E+01
 -1       305 3.63414E+01
 -1       306 3.11893E+01
 -1       307 3.51674E+01
 -1       308 3.53380E+01
 -1       309 3.64051E+01
 -1       310 3.73542E+01
 -1       311 3.67921E+01
 -1       312 3.73542E+01
 -1       313 3.64720E+01
 -1       314 3.80297E+01
 -1       315 3.65380E+01
 -1       316 3.49072E+01
 -1       317 3.80957E+01
 -1       318 4.02678E+01
 -1       319 3.20681E+01
 -1       320 3.92845E+01
 -1       321 3.84580E+01
 -1       322 3.20681E+01
 -1       323 3.21761E+01
 -1       324 3.83623E+01
 -1       325 3.74012E+01
 -1       326 3.40607E+01
 -1       327 3.75612E+01
 -1       328 3.49335E+01
 -1       329 2.81612E+01
 -1       330 3.63414E+01
 -1       331 3.24336E+01
 -1       332 2.83776E+01
 -1       333 3.63467E+01
 -1       334 3.36712E+01
 -1       335 3.80957E+01
 -1       336 3.63467E+01
 -1       337 3.81616E+01
 -1       338 3.81616E+01
 -1       339 3.46636E+01
 -1       340 3.81616E+01
 -1       341 3.89186E+01
 -1       342 3.79973E+01
 -1       343 3.80297E+01
 -1       344 3.55545E+01
 -1       345 2.70320E+01
 -1       346 3.76562E+01
 -1       347 3.70866E+01
 -1       348 3.73655E+01
 -1       349 3.96505E+01
 -1       350 3.75202E+01
 -1       351 3.75612E+01
 -1       352 3.75612E+01
 -1       353 3.68821E+01
 -1       354 3.79973E+01
 -1       355 3.73655E+01
 -1       356 3.57090E+01
 -1       357 3.21988E+01
 -1       358 2.70320E+01
 -1       359 3.21988E+01
 -1       360 3.73655E+01
 -1       361 3.85853E+01
 -1       362 3.96505E+01
 -1       363 3.75202E+01
 -1       364 3.78409E+01
 -1       365 3.85853E+01
 -1       366 3.75202E+01
 -1       367 3.64856E+01
 -1       368 3.55478E+01
 -1       369 3.80026E+01
 -1       370 3.55696E+01
 -1       371 3.72260E+01
 -1       372 3.50871E+01
 -1       373 3.52320E+01
 -1       374 3.84580E+01
 -1       375 3.52320E+01
 -1       376 3.74397E+01
 -1       377 3.79973E+01
 -1       378 3.68821E+01
 -1       379 3.68821E+01
 -1       380 3.74397E+01
 -1       381 3.72216E+01
 -1       382 3.25118E+01
 -1       383 3.72216E+01
 -1       384 3.61951E+01
 -1       385 3.25118E+01
 -1       386 3.75612E+01
 -1       387 3.51917E+01
 -1       388 3.51917E+01
 -1       389 3.65578E+01
 -1       390 3.64294E+01
 -1       391 3.52880E+01
 -1       392 3.67921E+01
 -1       393 3.36049E+01
 -1       394 3.22264E+01
 -1       395 3.63467E+01
 -1       396 3.39754E+01
 -1       397 3.25968E+01
 -1       398 3.64126E+01
 -1       399 3.79089E+01
 -1       400 3.23441E+01
 -1       401 3.23441E+01
 -1       402 3.20681E+01
 -1       403 3.92845E+01
 -1       404 3.83685E+01
 -1       405 3.83685E+01
 -1       406 3.79973E+01
 -1       407 3.16074E+01
 -1       408 3.18111E+01
 -1       409 3.79973E+01
 -1       410 3.45940E+01
 -1       411 3.12535E+01
 -1       412 3.75612E+01
 -1       413 3.49335E+01
 -1       414 3.75612E+01
 -1       415 2.93810E+01
 -1       416 3.24336E+01
 -1       417 2.83776E+01
 -1       418 3.63467E+01
 -1       419 3.36712E+01
 -1       420 3.64126E+01
 -1       421 3.46636E+01
 -1       422 3.81616E+01
 -1       423 3.81616E+01
 -1       424 3.79089E+01
 -1       425 3.75882E+01
 -1       426 3.85080E+01
 -1       427 3.74428E+01
 -1       428 3.75109E+01
 -1       429 3.72260E+01
 -1       430 2.48264E+01
 -1       431 2.85756E+01
 -1       432 2.63413E+01
 -1       433 2.84844E+01
 -1       434 3.21378E+01
 -1       435 2.76112E+01
 -1       436 2.15992E+01
 -1       437 2.91260E+01
 -1       438 2.91260E+01
 -1       439 2.91260E+01
 -1       440 2.63413E+01
 -1       441 2.84844E+01
 -1       442 2.85756E+01
 -1       443 2.47735E+01
 -1       444 1.24044E+01
 -1       445 1.33891E+01
 -1       446 1.49258E+01
 -1       447 1.68951E+01
 -1       448 1.95076E+01
 -1       449 2.31201E+01
 -1       450 2.66718E+01
 -1       451 3.11928E+01
 -1       452 3.11928E+01
 -1       453 2.69154E+01
 -1       454 2.87274E+01
 -1       455 2.30232E+01
 -1       456 1.95675E+01
 -1       457 2.75688E+01
 -1       458 2.24622E+01
 -1       459 2.79561E+01
 -1       460 2.95690E+01
 -1       461 2.96726E+01
 -1       462 2.82530E+01
 -1       463 2.27087E+01
 -1       464 2.11710E+01
 -1       465 2.66993E+01
 -1       466 1.77395E+01
 -1       467 3.20169E+01
 -1       468 3.22587E+01
 -1       469 3.22587E+01
 -1       470 3.02006E+01
 -1       471 2.37708E+01
 -1       472 2.40893E+01
 -1       473 3.13209E+01
 -1       474 1.23382E+01
 -1       475 2.98581E+01
 -1       476 1.81351E+01
 -1       477 3.02006E+01
 -1       478 1.36320E+01
 -1       479 1.11106E+01
 -1       480 2.10709E+01
 -1       481 2.45769E+01
 -1       482 2.22984E+01
 -1       483 2.31201E+01
 -1       484 1.95076E+01
 -1       485 1.82137E+01
 -1       486 2.46639E+01
 -1       487 2.01430E+01
 -1       488 2.11122E+01
 -1       489 2.74818E+01
 -1       490 2.74818E+01
 -1       491 2.09529E+01
 -1       492 2.88847E+01
 -1       493 3.06967E+01
 -1       494 2.69857E+01
 -1       495 2.54290E+01
 -1       496 2.88847E+01
 -1       497 3.02006E+01
 -1       498 2.88839E+01
 -1       499 2.59891E+01
 -1       500 3.07608E+01
 -1       501 3.04968E+01
 -1       502 2.95460E+01
 -1       503 3.09656E+01
 -1       504 3.17898E+01
 -1       505 2.80083E+01
 -1       506 2.33766E+01
 -1       507 2.68081E+01
 -1       508 3.10584E+01
 -1       509 3.10584E+01
 -1       510 3.21378E+01
 -1       511 3.22587E+01
 -1       512 3.21378E+01
 -1       513 2.81740E+01
 -1       514 2.80531E+01
 -1       515 3.16689E+01
 -1       516 2.78938E+01
 -1       517 2.69857E+01
 -1       518 3.11088E+01
 -1       519 2.39300E+01
 -1       520 3.22587E+01
 -1       521 3.22587E+01
 -1       522 3.13209E+01
 -1       523 3.02006E+01
 -1       524 3.11928E+01
 -1       525 2.40893E+01
 -1       526 2.96726E+01
 -1       527 1.09559E+01
 -1       528 1.78979E+01
 -1       529 2.40893E+01
 -1       530 2.79229E+01
 -1       531 1.04195E+01
 -1       532 1.29409E+01
 -1       533 2.45769E+01
 -1       534 2.10709E+01
 -1       535 2.16073E+01
 -1       536 1.95076E+01
 -1       537 2.40893E+01
 -1       538 1.75226E+01
 -1       539 2.40893E+01
 -1       540 2.76410E+01
 -1       541 2.40893E+01
 -1       542 3.11928E+01
 -1       543 2.87274E+01
 -1       544 2.76410E+01
 -1       545 2.70924E+01
 -1       546 2.77458E+01
 -1       547 2.95578E+01
 -1       548 2.88847E+01
 -1       549 2.43392E+01
 -1       550 2.90618E+01
 -1       551 2.40751E+01
 -1       552 2.95690E+01
 -1       553 2.99366E+01
 -1       554 2.96726E+01
 -1       555 3.04968E+01
 -1       556 2.89431E+01
 -1       557 3.04968E+01
 -1       558 2.49525E+01
 -1       559 1.82409E+01
 -1       560 1.73965E+01
 -1       561 2.46094E+01
 -1       562 2.50783E+01
 -1       563 3.22587E+01
 -1       564 3.17898E+01
 -1       565 3.17898E+01
 -1       566 2.81740E+01
 -1       567 2.81740E+01
 -1       568 3.09656E+01
 -1       569 3.12296E+01
 -1       570 3.06967E+01
 -1       571 3.17257E+01
 -1       572 2.76410E+01
 -1       573 3.88122E+01
 -1       574 3.96505E+01
 -1       575 3.75202E+01
 -1       576 3.81241E+01
 -1       577 3.87698E+01
 -1       578 3.78857E+01
 -1       579 3.87698E+01
 -1       580 4.00289E+01
 -1       581 3.96893E+01
 -1       582 4.00289E+01
 -1       583 3.96893E+01
 -1       584 4.24965E+01
 -1       585 3.81537E+01
 -1       586 3.81537E+01
 -1       587 3.75612E+01
 -1       588 3.75612E+01
 -1       589 3.81537E+01
 -1       590 3.55545E+01
 -1       591 3.55545E+01
 -1       592 3.55545E+01
 -1       593 3.65578E+01
 -1       594 3.65578E+01
 -1       595 3.84048E+01
 -1       596 3.84048E+01
 -1       597 3.83623E+01
 -1       598 3.87698E+01
 -1       599 3.83623E+01
 -1       600 3.53539E+01
 -1       601 3.36049E+01
 -1       602 3.63467E+01
 -1       603 3.52880E+01
 -1       604 3.80957E+01
 -1       605 4.00151E+01
 -1       606 4.00151E+01
 -1       607 4.23740E+01
 -1       608 4.00151E+01
 -1       609 4.23740E+01
 -1       610 4.00289E+01
 -1       611 3.79089E+01
 -1       612 4.02678E+01
 -1       613 3.88654E+01
 -1       614 3.84580E+01
 -1       615 3.38205E+01
 -1       616 3.48238E+01
 -1       617 3.63414E+01
 -1       618 3.69338E+01
 -1       619 4.02678E+01
 -1       620 4.02019E+01
 -1       621 3.81616E+01
 -1       622 3.84048E+01
 -1       623 3.88654E+01
 -1       624 3.36040E+01
 -1       625 3.74428E+01
 -1       626 3.75202E+01
 -1       627 3.75202E+01
 -1       628 3.47030E+01
 -1       629 3.98698E+01
 -1       630 3.75882E+01
 -1       631 3.80297E+01
 -1       632 3.73542E+01
 -1       633 3.80297E+01
 -1       634 3.86910E+01
 -1       635 3.99471E+01
 -1       636 3.99471E+01
 -1       637 3.62640E+01
 -1       638 3.78472E+01
 -1       639 3.78047E+01
 -1       640 3.67921E+01
 -1       641 3.67921E+01
 -1       642 3.70134E+01
 -1       643 3.62297E+01
 -1       644 3.99471E+01
 -1       645 3.52880E+01
 -1       646 3.80297E+01
 -1       647 3.63486E+01
 -1       648 3.62091E+01
 -1       649 3.88654E+01
 -1       650 3.92845E+01
 -1       651 3.92313E+01
 -1       652 3.88239E+01
 -1       653 3.89186E+01
 -1       654 3.92845E+01
 -1       655 3.64051E+01
 -1       656 4.23740E+01
 -1       657 3.86442E+01
 -1       658 3.64720E+01
 -1       659 3.96505E+01
 -1       660 3.83685E+01
 -1       661 3.96505E+01
 -1       662 4.06120E+01
 -1       663 4.24965E+01
 -1       664 4.24965E+01
 -1       665 3.67921E+01
 -1       666 3.80297E+01
 -1       667 3.80297E+01
 -1       668 4.06214E+01
 -1       669 3.51674E+01
 -1       670 4.06544E+01
 -1       671 3.69705E+01
 -1       672 3.35827E+01
 -1       673 3.33662E+01
 -1       674 3.36407E+01
 -1       675 3.88654E+01
 -1       676 3.88122E+01
 -1       677 3.92313E+01
 -1       678 3.89186E+01
 -1       679 3.62640E+01
 -1       680 3.79318E+01
 -1       681 3.87274E+01
 -1       682 3.96505E+01
 -1       683 3.96505E+01
 -1       684 3.92845E+01
 -1       685 3.82977E+01
 -1       686 3.70158E+01
 -1       687 3.83048E+01
 -1       688 3.85432E+01
 -1       689 3.85432E+01
 -1       690 3.74428E+01
 -1       691 3.64259E+01
 -1       692 3.73034E+01
 -1       693 3.72326E+01
 -1       694 3.74428E+01
 -1       695 3.85853E+01
 -1       696 3.82977E+01
 -1       697 3.74780E+01
 -1       698 3.74911E+01
 -1       699 3.85853E+01
 -1       700 3.85853E+01
 -1       701 3.75202E+01
 -1       702 3.87698E+01
 -1       703 3.88122E+01
 -1       704 2.63413E+01
 -1       705 2.84844E+01
 -1       706 2.91260E+01
 -1       707 2.91260E+01
 -1       708 2.91260E+01
 -1       709 1.64996E+01
 -1       710 2.00274E+01
 -1       711 2.79635E+01
 -1       712 2.32206E+01
 -1       713 2.90821E+01
 -1       714 2.88180E+01
 -1       715 2.87145E+01
 -1       716 2.88847E+01
 -1       717 3.02006E+01
 -1       718 2.51140E+01
 -1       719 2.51140E+01
 -1       720 2.37981E+01
 -1       721 2.37981E+01
 -1       722 1.16470E+01
 -1       723 1.36320E+01
 -1       724 1.57127E+01
 -1       725 1.44189E+01
 -1       726 1.37277E+01
 -1       727 2.54290E+01
 -1       728 2.03424E+01
 -1       729 3.03932E+01
 -1       730 2.96422E+01
 -1       731 2.72051E+01
 -1       732 1.92526E+01
 -1       733 2.88847E+01
 -1       734 3.02006E+01
 -1       735 2.90618E+01
 -1       736 2.11122E+01
 -1       737 2.40893E+01
 -1       738 2.39300E+01
 -1       739 3.06967E+01
 -1       740 3.10584E+01
 -1       741 2.33766E+01
 -1       742 2.38780E+01
 -1       743 2.76410E+01
 -1       744 3.04968E+01
 -1       745 2.80147E+01
 -1       746 3.12296E+01
 -1       747 2.81740E+01
 -1       748 3.06967E+01
 -1       749 2.39300E+01
 -1       750 2.40893E+01
 -1       751 3.22587E+01
 -1       752 2.74818E+01
 -1       753 2.81740E+01
 -1       754 3.22587E+01
 -1       755 1.11106E+01
 -1       756 2.31201E+01
 -1       757 2.82313E+01
 -1       758 2.42210E+01
 -1       759 2.16073E+01
 -1       760 2.10709E+01
 -1       761 1.57127E+01
 -1       762 2.45769E+01
 -1       763 3.11928E+01
 -1       764 3.07608E+01
 -1       765 3.11928E+01
 -1       766 2.02945E+01
 -1       767 3.05895E+01
 -1       768 2.90771E+01
 -1       769 2.40893E+01
 -1       770 3.22587E+01
 -1       771 3.22587E+01
 -1       772 3.17898E+01
 -1       773 3.04968E+01
 -1       774 3.17898E+01
 -1       775 2.75395E+01
 -1       776 3.13209E+01
 -1       777 2.96726E+01
 -1       778 2.02945E+01
 -1       779 2.02945E+01
 -1       780 2.43791E+01
 -1       781 2.43791E+01
 -1       782 2.43104E+01
 -3
 9999
