    1C
    1UUSER                                                              
    1UDATE              05.september.2026                               
    1UTIME              11:50:02                                        
    1UHOST                                                              
    1UPGM               CalculiX                                        
    1UVERSION           Version 2.18                             
    1UCOMPILETIME       Thu Oct 14 16:21:20 EEST 2021                    
    1UDIR                                                               
    1UDBN                                                               
    1UMAT    1FEMPART002_MATERIAL                                       
    2C                           782                                     1
 -1         1-5.00000E-15 5.00000E+00 2.12000E+02
 -1         2-5.00000E-15-5.00000E+00 2.12000E+02
 -1         3-2.00000E-15 5.00000E+00 2.00000E+02
 -1         4-2.00000E-15-5.00000E+00 2.00000E+02
 -1         5-5.00000E+00-3.00000E+00 1.80000E+02
 -1         6-5.00000E+00-3.00000E+00 4.80000E+01
 -1         7-5.00000E+00 3.00000E+00 1.80000E+02
 -1         8-5.00000E+00 3.00000E+00 4.80000E+01
 -1         9 5.00000E+00-3.00000E+00 1.80000E+02
 -1        10 5.00000E+00-3.00000E+00 4.80000E+01
 -1        11 5.00000E+00 3.00000E+00 1.80000E+02
 -1        12 5.00000E+00 3.00000E+00 4.80000E+01
 -1        13-7.00000E-15 5.00000E+00 7.60000E+01
 -1        14-7.00000E-15-5.00000E+00 7.60000E+01
 -1        15 1.00000E+01 5.00000E+00 2.09321E+02
 -1        16 1.73205E+01 5.00000E+00 2.02000E+02
 -1        17 2.00000E+01 5.00000E+00 1.92000E+02
 -1        18 1.73205E+01 5.00000E+00 1.82000E+02
 -1        19 1.00000E+01 5.00000E+00 1.74679E+02
 -1        20-1.13014E-13 5.00000E+00 1.72000E+02
 -1        21-1.00000E+01 5.00000E+00 1.74679E+02
 -1        22-1.73205E+01 5.00000E+00 1.82000E+02
 -1        23-2.00000E+01 5.00000E+00 1.92000E+02
 -1        24-1.73205E+01 5.00000E+00 2.02000E+02
 -1        25-1.00000E+01 5.00000E+00 2.09321E+02
 -1        26 5.17638E+00 5.00000E+00 2.11319E+02
 -1        27 1.41421E+01 5.00000E+00 2.06142E+02
 -1        28 1.93185E+01 5.00000E+00 1.97176E+02
 -1        29 1.93185E+01 5.00000E+00 1.86824E+02
 -1        30 1.41421E+01 5.00000E+00 1.77858E+02
 -1        31 5.17638E+00 5.00000E+00 1.72681E+02
 -1        32-5.17638E+00 5.00000E+00 1.72681E+02
 -1        33-1.41421E+01 5.00000E+00 1.77858E+02
 -1        34-1.93185E+01 5.00000E+00 1.86824E+02
 -1        35-1.93185E+01 5.00000E+00 1.97176E+02
 -1        36-1.41421E+01 5.00000E+00 2.06142E+02
 -1        37-5.17638E+00 5.00000E+00 2.11319E+02
 -1        38-4.90000E-15 0.00000E+00 2.12000E+02
 -1        39 1.00000E+01-5.00000E+00 2.09321E+02
 -1        40 1.73205E+01-5.00000E+00 2.02000E+02
 -1        41 2.00000E+01-5.00000E+00 1.92000E+02
 -1        42 1.73205E+01-5.00000E+00 1.82000E+02
 -1        43 1.00000E+01-5.00000E+00 1.74679E+02
 -1        44-1.13014E-13-5.00000E+00 1.72000E+02
 -1        45-1.00000E+01-5.00000E+00 1.74679E+02
 -1        46-1.73205E+01-5.00000E+00 1.82000E+02
 -1        47-2.00000E+01-5.00000E+00 1.92000E+02
 -1        48-1.73205E+01-5.00000E+00 2.02000E+02
 -1        49-1.00000E+01-5.00000E+00 2.09321E+02
 -1        50 5.17638E+00-5.00000E+00 2.11319E+02
 -1        51 1.41421E+01-5.00000E+00 2.06142E+02
 -1        52 1.93185E+01-5.00000E+00 1.97176E+02
 -1        53 1.93185E+01-5.00000E+00 1.86824E+02
 -1        54 1.41421E+01-5.00000E+00 1.77858E+02
 -1        55 5.17638E+00-5.00000E+00 1.72681E+02
 -1        56-5.17638E+00-5.00000E+00 1.72681E+02
 -1        57-1.41421E+01-5.00000E+00 1.77858E+02
 -1        58-1.93185E+01-5.00000E+00 1.86824E+02
 -1        59-1.93185E+01-5.00000E+00 1.97176E+02
 -1        60-1.41421E+01-5.00000E+00 2.06142E+02
 -1        61-5.17638E+00-5.00000E+00 2.11319E+02
 -1        62 4.00000E+00 5.00000E+00 1.98928E+02
 -1        63 6.92820E+00 5.00000E+00 1.96000E+02
 -1        64 8.00000E+00 5.00000E+00 1.92000E+02
 -1        65 6.92820E+00 5.00000E+00 1.88000E+02
 -1        66 4.00000E+00 5.00000E+00 1.85072E+02
 -1        67-4.52056E-14 5.00000E+00 1.84000E+02
 -1        68-4.00000E+00 5.00000E+00 1.85072E+02
 -1        69-6.92820E+00 5.00000E+00 1.88000E+02
 -1        70-8.00000E+00 5.00000E+00 1.92000E+02
 -1        71-6.92820E+00 5.00000E+00 1.96000E+02
 -1        72-4.00000E+00 5.00000E+00 1.98928E+02
 -1        73 2.07055E+00 5.00000E+00 1.99727E+02
 -1        74 5.65685E+00 5.00000E+00 1.97657E+02
 -1        75 7.72741E+00 5.00000E+00 1.94071E+02
 -1        76 7.72741E+00 5.00000E+00 1.89929E+02
 -1        77 5.65685E+00 5.00000E+00 1.86343E+02
 -1        78 2.07055E+00 5.00000E+00 1.84273E+02
 -1        79-2.07055E+00 5.00000E+00 1.84273E+02
 -1        80-5.65685E+00 5.00000E+00 1.86343E+02
 -1        81-7.72741E+00 5.00000E+00 1.89929E+02
 -1        82-7.72741E+00 5.00000E+00 1.94071E+02
 -1        83-5.65685E+00 5.00000E+00 1.97657E+02
 -1        84-2.07055E+00 5.00000E+00 1.99727E+02
 -1        85 4.00000E+00-5.00000E+00 1.98928E+02
 -1        86 6.92820E+00-5.00000E+00 1.96000E+02
 -1        87 8.00000E+00-5.00000E+00 1.92000E+02
 -1        88 6.92820E+00-5.00000E+00 1.88000E+02
 -1        89 4.00000E+00-5.00000E+00 1.85072E+02
 -1        90-4.52056E-14-5.00000E+00 1.84000E+02
 -1        91-4.00000E+00-5.00000E+00 1.85072E+02
 -1        92-6.92820E+00-5.00000E+00 1.88000E+02
 -1        93-8.00000E+00-5.00000E+00 1.92000E+02
 -1        94-6.92820E+00-5.00000E+00 1.96000E+02
 -1        95-4.00000E+00-5.00000E+00 1.98928E+02
 -1        96 2.07055E+00-5.00000E+00 1.99727E+02
 -1        97 5.65685E+00-5.00000E+00 1.97657E+02
 -1        98 7.72741E+00-5.00000E+00 1.94071E+02
 -1        99 7.72741E+00-5.00000E+00 1.89929E+02
 -1       100 5.65685E+00-5.00000E+00 1.86343E+02
 -1       101 2.07055E+00-5.00000E+00 1.84273E+02
 -1       102-2.07055E+00-5.00000E+00 1.84273E+02
 -1       103-5.65685E+00-5.00000E+00 1.86343E+02
 -1       104-7.72741E+00-5.00000E+00 1.89929E+02
 -1       105-7.72741E+00-5.00000E+00 1.94071E+02
 -1       106-5.65685E+00-5.00000E+00 1.97657E+02
 -1       107-2.07055E+00-5.00000E+00 1.99727E+02
 -1       108-1.96000E-15-1.66667E+00 2.00000E+02
 -1       109-1.96000E-15 1.66667E+00 2.00000E+02
 -1       110-1.96000E-15-3.33333E+00 2.00000E+02
 -1       111-1.96000E-15 8.88178E-16 2.00000E+02
 -1       112-1.96000E-15 3.33333E+00 2.00000E+02
 -1       113-5.00000E+00-3.00000E+00 1.14000E+02
 -1       114-5.00000E+00 0.00000E+00 1.80000E+02
 -1       115-5.00000E+00 3.00000E+00 1.14000E+02
 -1       116-5.00000E+00 0.00000E+00 4.80000E+01
 -1       117 5.00000E+00-3.00000E+00 1.14000E+02
 -1       118 5.00000E+00 0.00000E+00 1.80000E+02
 -1       119 5.00000E+00 3.00000E+00 1.14000E+02
 -1       120 5.00000E+00 0.00000E+00 4.80000E+01
 -1       121 0.00000E+00-3.00000E+00 4.80000E+01
 -1       122 0.00000E+00-3.00000E+00 1.80000E+02
 -1       123 0.00000E+00 3.00000E+00 4.80000E+01
 -1       124 0.00000E+00 3.00000E+00 1.80000E+02
 -1       125 1.40000E+01 5.00000E+00 7.22487E+01
 -1       126 2.42487E+01 5.00000E+00 6.20000E+01
 -1       127 2.80000E+01 5.00000E+00 4.80000E+01
 -1       128 2.42487E+01 5.00000E+00 3.40000E+01
 -1       129 1.40000E+01 5.00000E+00 2.37513E+01
 -1       130-1.70654E-13 5.00000E+00 2.00000E+01
 -1       131-1.40000E+01 5.00000E+00 2.37513E+01
 -1       132-2.42487E+01 5.00000E+00 3.40000E+01
 -1       133-2.80000E+01 5.00000E+00 4.80000E+01
 -1       134-2.42487E+01 5.00000E+00 6.20000E+01
 -1       135-1.40000E+01 5.00000E+00 7.22487E+01
 -1       136 7.24693E+00 5.00000E+00 7.50459E+01
 -1       137 1.97990E+01 5.00000E+00 6.77990E+01
 -1       138 2.70459E+01 5.00000E+00 5.52469E+01
 -1       139 2.70459E+01 5.00000E+00 4.07531E+01
 -1       140 1.97990E+01 5.00000E+00 2.82010E+01
 -1       141 7.24693E+00 5.00000E+00 2.09541E+01
 -1       142-7.24693E+00 5.00000E+00 2.09541E+01
 -1       143-1.97990E+01 5.00000E+00 2.82010E+01
 -1       144-2.70459E+01 5.00000E+00 4.07531E+01
 -1       145-2.70459E+01 5.00000E+00 5.52469E+01
 -1       146-1.97990E+01 5.00000E+00 6.77990E+01
 -1       147-7.24693E+00 5.00000E+00 7.50459E+01
 -1       148-6.86000E-15 0.00000E+00 7.60000E+01
 -1       149 1.40000E+01-5.00000E+00 7.22487E+01
 -1       150 2.42487E+01-5.00000E+00 6.20000E+01
 -1       151 2.80000E+01-5.00000E+00 4.80000E+01
 -1       152 2.42487E+01-5.00000E+00 3.40000E+01
 -1       153 1.40000E+01-5.00000E+00 2.37513E+01
 -1       154-1.70654E-13-5.00000E+00 2.00000E+01
 -1       155-1.40000E+01-5.00000E+00 2.37513E+01
 -1       156-2.42487E+01-5.00000E+00 3.40000E+01
 -1       157-2.80000E+01-5.00000E+00 4.80000E+01
 -1       158-2.42487E+01-5.00000E+00 6.20000E+01
 -1       159-1.40000E+01-5.00000E+00 7.22487E+01
 -1       160 7.24693E+00-5.00000E+00 7.50459E+01
 -1       161 1.97990E+01-5.00000E+00 6.77990E+01
 -1       162 2.70459E+01-5.00000E+00 5.52469E+01
 -1       163 2.70459E+01-5.00000E+00 4.07531E+01
 -1       164 1.97990E+01-5.00000E+00 2.82010E+01
 -1       165 7.24693E+00-5.00000E+00 2.09541E+01
 -1       166-7.24693E+00-5.00000E+00 2.09541E+01
 -1       167-1.97990E+01-5.00000E+00 2.82010E+01
 -1       168-2.70459E+01-5.00000E+00 4.07531E+01
 -1       169-2.70459E+01-5.00000E+00 5.52469E+01
 -1       170-1.97990E+01-5.00000E+00 6.77990E+01
 -1       171-7.24693E+00-5.00000E+00 7.50459E+01
 -1       172 5.17638E+00 0.00000E+00 2.11319E+02
 -1       173-5.17638E+00 0.00000E+00 2.11319E+02
 -1       174 1.00000E+01 0.00000E+00 2.09321E+02
 -1       175-1.00000E+01 0.00000E+00 2.09321E+02
 -1       176 1.41421E+01 0.00000E+00 2.06142E+02
 -1       177 1.93185E+01 0.00000E+00 1.97176E+02
 -1       178 2.00000E+01 0.00000E+00 1.92000E+02
 -1       179 1.73205E+01 0.00000E+00 2.02000E+02
 -1       180 1.93185E+01 0.00000E+00 1.86824E+02
 -1       181 1.73205E+01 0.00000E+00 1.82000E+02
 -1       182 1.41421E+01 0.00000E+00 1.77858E+02
 -1       183 1.00000E+01 0.00000E+00 1.74679E+02
 -1       184 5.17638E+00 0.00000E+00 1.72681E+02
 -1       185-5.17638E+00 0.00000E+00 1.72681E+02
 -1       186-1.13014E-13 0.00000E+00 1.72000E+02
 -1       187-1.41421E+01 0.00000E+00 1.77858E+02
 -1       188-1.73205E+01 0.00000E+00 1.82000E+02
 -1       189-1.00000E+01 0.00000E+00 1.74679E+02
 -1       190-1.93185E+01 0.00000E+00 1.86824E+02
 -1       191-1.93185E+01 0.00000E+00 1.97176E+02
 -1       192-1.73205E+01 0.00000E+00 2.02000E+02
 -1       193-2.00000E+01 0.00000E+00 1.92000E+02
 -1       194-1.41421E+01 0.00000E+00 2.06142E+02
 -1       195 3.41624E+00 5.00000E+00 2.04750E+02
 -1       196 9.33333E+00 5.00000E+00 1.82667E+02
 -1       197-3.47208E+00 5.00000E+00 2.04541E+02
 -1       198-9.28680E+00 5.00000E+00 2.01090E+02
 -1       199-1.27496E+01 5.00000E+00 1.88584E+02
 -1       200-1.23808E+01 5.00000E+00 1.95279E+02
 -1       201-9.12493E+00 5.00000E+00 1.82723E+02
 -1       202 3.26367E+00 5.00000E+00 1.79403E+02
 -1       203 1.25970E+01 5.00000E+00 1.88736E+02
 -1       204-3.31021E+00 5.00000E+00 1.79646E+02
 -1       205 9.27749E+00 5.00000E+00 2.01125E+02
 -1       206 1.23539E+01 5.00000E+00 1.95310E+02
 -1       207 6.70812E+00 5.00000E+00 2.07035E+02
 -1       208 1.70812E+00 5.00000E+00 2.08375E+02
 -1       209-1.73604E+00 5.00000E+00 2.08271E+02
 -1       210-6.73604E+00 5.00000E+00 2.06931E+02
 -1       211-2.79210E-02 5.00000E+00 2.04645E+02
 -1       212 1.70812E+00 5.00000E+00 2.02375E+02
 -1       213 3.70812E+00 5.00000E+00 2.01839E+02
 -1       214-3.73604E+00 5.00000E+00 2.01735E+02
 -1       215-1.73604E+00 5.00000E+00 2.02271E+02
 -1       216 1.32990E+01 5.00000E+00 2.01562E+02
 -1       217 9.63875E+00 5.00000E+00 2.05223E+02
 -1       218 6.34686E+00 5.00000E+00 2.02937E+02
 -1       219 1.61769E+01 5.00000E+00 1.93655E+02
 -1       220 1.48372E+01 5.00000E+00 1.98655E+02
 -1       221 1.08157E+01 5.00000E+00 1.98218E+02
 -1       222 1.49588E+01 5.00000E+00 1.85368E+02
 -1       223 1.62985E+01 5.00000E+00 1.90368E+02
 -1       224 1.24754E+01 5.00000E+00 1.92023E+02
 -1       225 9.66667E+00 5.00000E+00 1.78673E+02
 -1       226 1.33269E+01 5.00000E+00 1.82333E+02
 -1       227 1.09652E+01 5.00000E+00 1.85701E+02
 -1       228 1.63184E+00 5.00000E+00 1.75701E+02
 -1       229 6.63184E+00 5.00000E+00 1.77041E+02
 -1       230 6.29850E+00 5.00000E+00 1.81035E+02
 -1       231-6.65510E+00 5.00000E+00 1.77163E+02
 -1       232-1.65510E+00 5.00000E+00 1.75823E+02
 -1       233-2.32675E-02 5.00000E+00 1.79525E+02
 -1       234-1.32227E+01 5.00000E+00 1.82361E+02
 -1       235-9.56246E+00 5.00000E+00 1.78701E+02
 -1       236-6.21757E+00 5.00000E+00 1.81184E+02
 -1       237-1.63748E+01 5.00000E+00 1.90292E+02
 -1       238-1.50350E+01 5.00000E+00 1.85292E+02
 -1       239-1.09372E+01 5.00000E+00 1.85653E+02
 -1       240-1.48507E+01 5.00000E+00 1.98639E+02
 -1       241-1.61904E+01 5.00000E+00 1.93639E+02
 -1       242-1.25652E+01 5.00000E+00 1.91931E+02
 -1       243-9.64340E+00 5.00000E+00 2.05205E+02
 -1       244-1.33037E+01 5.00000E+00 2.01545E+02
 -1       245-1.08338E+01 5.00000E+00 1.98185E+02
 -1       246-6.37944E+00 5.00000E+00 2.02816E+02
 -1       247 6.63875E+00 5.00000E+00 2.00027E+02
 -1       248 8.10285E+00 5.00000E+00 1.98562E+02
 -1       249 9.64104E+00 5.00000E+00 1.95655E+02
 -1       250 1.01769E+01 5.00000E+00 1.93655E+02
 -1       251 1.02985E+01 5.00000E+00 1.90368E+02
 -1       252 9.76261E+00 5.00000E+00 1.88368E+02
 -1       253 8.13077E+00 5.00000E+00 1.85333E+02
 -1       254 6.66667E+00 5.00000E+00 1.83869E+02
 -1       255 3.63184E+00 5.00000E+00 1.82237E+02
 -1       256 1.63184E+00 5.00000E+00 1.81701E+02
 -1       257-1.65510E+00 5.00000E+00 1.81823E+02
 -1       258-3.65510E+00 5.00000E+00 1.82359E+02
 -1       259-6.56246E+00 5.00000E+00 1.83897E+02
 -1       260-8.02657E+00 5.00000E+00 1.85361E+02
 -1       261-9.83889E+00 5.00000E+00 1.88292E+02
 -1       262-1.03748E+01 5.00000E+00 1.90292E+02
 -1       263-1.01904E+01 5.00000E+00 1.93639E+02
 -1       264-9.65452E+00 5.00000E+00 1.95639E+02
 -1       265-8.10750E+00 5.00000E+00 1.98545E+02
 -1       266-6.64340E+00 5.00000E+00 2.00009E+02
 -1       267 3.41624E+00-5.00000E+00 2.04750E+02
 -1       268 9.33333E+00-5.00000E+00 1.82667E+02
 -1       269-3.47208E+00-5.00000E+00 2.04541E+02
 -1       270-9.28680E+00-5.00000E+00 2.01090E+02
 -1       271-1.27496E+01-5.00000E+00 1.88584E+02
 -1       272-1.23808E+01-5.00000E+00 1.95279E+02
 -1       273-9.12493E+00-5.00000E+00 1.82723E+02
 -1       274 3.26367E+00-5.00000E+00 1.79403E+02
 -1       275 1.25970E+01-5.00000E+00 1.88736E+02
 -1       276-3.31021E+00-5.00000E+00 1.79646E+02
 -1       277 9.27749E+00-5.00000E+00 2.01125E+02
 -1       278 1.23539E+01-5.00000E+00 1.95310E+02
 -1       279 1.70812E+00-5.00000E+00 2.08375E+02
 -1       280 6.70812E+00-5.00000E+00 2.07035E+02
 -1       281-6.73604E+00-5.00000E+00 2.06931E+02
 -1       282-1.73604E+00-5.00000E+00 2.08271E+02
 -1       283-2.79210E-02-5.00000E+00 2.04645E+02
 -1       284 3.70812E+00-5.00000E+00 2.01839E+02
 -1       285 1.70812E+00-5.00000E+00 2.02375E+02
 -1       286-1.73604E+00-5.00000E+00 2.02271E+02
 -1       287-3.73604E+00-5.00000E+00 2.01735E+02
 -1       288 9.63875E+00-5.00000E+00 2.05223E+02
 -1       289 1.32990E+01-5.00000E+00 2.01562E+02
 -1       290 6.34686E+00-5.00000E+00 2.02937E+02
 -1       291 1.48372E+01-5.00000E+00 1.98655E+02
 -1       292 1.61769E+01-5.00000E+00 1.93655E+02
 -1       293 1.08157E+01-5.00000E+00 1.98218E+02
 -1       294 1.62985E+01-5.00000E+00 1.90368E+02
 -1       295 1.49588E+01-5.00000E+00 1.85368E+02
 -1       296 1.24754E+01-5.00000E+00 1.92023E+02
 -1       297 1.33269E+01-5.00000E+00 1.82333E+02
 -1       298 9.66667E+00-5.00000E+00 1.78673E+02
 -1       299 1.09652E+01-5.00000E+00 1.85701E+02
 -1       300 6.63184E+00-5.00000E+00 1.77041E+02
 -1       301 1.63184E+00-5.00000E+00 1.75701E+02
 -1       302 6.29850E+00-5.00000E+00 1.81035E+02
 -1       303-1.65510E+00-5.00000E+00 1.75823E+02
 -1       304-6.65510E+00-5.00000E+00 1.77163E+02
 -1       305-2.32675E-02-5.00000E+00 1.79525E+02
 -1       306-9.56246E+00-5.00000E+00 1.78701E+02
 -1       307-1.32227E+01-5.00000E+00 1.82361E+02
 -1       308-6.21757E+00-5.00000E+00 1.81184E+02
 -1       309-1.50350E+01-5.00000E+00 1.85292E+02
 -1       310-1.63748E+01-5.00000E+00 1.90292E+02
 -1       311-1.09372E+01-5.00000E+00 1.85653E+02
 -1       312-1.61904E+01-5.00000E+00 1.93639E+02
 -1       313-1.48507E+01-5.00000E+00 1.98639E+02
 -1       314-1.25652E+01-5.00000E+00 1.91931E+02
 -1       315-1.33037E+01-5.00000E+00 2.01545E+02
 -1       316-9.64340E+00-5.00000E+00 2.05205E+02
 -1       317-1.08338E+01-5.00000E+00 1.98185E+02
 -1       318-6.37944E+00-5.00000E+00 2.02816E+02
 -1       319 8.10285E+00-5.00000E+00 1.98562E+02
 -1       320 6.63875E+00-5.00000E+00 2.00027E+02
 -1       321 1.01769E+01-5.00000E+00 1.93655E+02
 -1       322 9.64104E+00-5.00000E+00 1.95655E+02
 -1       323 9.76261E+00-5.00000E+00 1.88368E+02
 -1       324 1.02985E+01-5.00000E+00 1.90368E+02
 -1       325 6.66667E+00-5.00000E+00 1.83869E+02
 -1       326 8.13077E+00-5.00000E+00 1.85333E+02
 -1       327 1.63184E+00-5.00000E+00 1.81701E+02
 -1       328 3.63184E+00-5.00000E+00 1.82237E+02
 -1       329-3.65510E+00-5.00000E+00 1.82359E+02
 -1       330-1.65510E+00-5.00000E+00 1.81823E+02
 -1       331-8.02657E+00-5.00000E+00 1.85361E+02
 -1       332-6.56246E+00-5.00000E+00 1.83897E+02
 -1       333-1.03748E+01-5.00000E+00 1.90292E+02
 -1       334-9.83889E+00-5.00000E+00 1.88292E+02
 -1       335-9.65452E+00-5.00000E+00 1.95639E+02
 -1       336-1.01904E+01-5.00000E+00 1.93639E+02
 -1       337-6.64340E+00-5.00000E+00 2.00009E+02
 -1       338-8.10750E+00-5.00000E+00 1.98545E+02
 -1       339-7.75117E+00 4.09069E-04 1.93980E+02
 -1       340-5.90063E+00 8.58439E-03 1.97402E+02
 -1       341 5.90063E+00 8.58439E-03 1.97402E+02
 -1       342 7.75117E+00 4.09069E-04 1.93980E+02
 -1       343-7.72741E+00 0.00000E+00 1.89929E+02
 -1       344-5.65685E+00 0.00000E+00 1.86343E+02
 -1       345-2.07055E+00 3.33333E+00 1.99727E+02
 -1       346-3.33039E+00 3.82036E-01 1.99274E+02
 -1       347 3.33039E+00 3.82036E-01 1.99274E+02
 -1       348 2.07055E+00 3.33333E+00 1.99727E+02
 -1       349 1.81662E+00-2.08377E+00 1.99791E+02
 -1       350-1.81662E+00-2.08377E+00 1.99791E+02
 -1       351-2.07055E+00 0.00000E+00 1.84273E+02
 -1       352 2.07055E+00 0.00000E+00 1.84273E+02
 -1       353 5.65685E+00-8.88178E-16 1.86343E+02
 -1       354 7.72741E+00 0.00000E+00 1.89929E+02
 -1       355 1.04421E+00 4.16667E+00 1.99932E+02
 -1       356 3.06147E+00 4.16667E+00 1.99391E+02
 -1       357-1.04421E+00 4.16667E+00 1.99932E+02
 -1       358-3.06147E+00 4.16667E+00 1.99391E+02
 -1       359-1.04421E+00 2.50000E+00 1.99932E+02
 -1       360 1.04421E+00 2.50000E+00 1.99932E+02
 -1       361 9.14302E-01-3.54188E+00 1.99948E+02
 -1       362 2.94013E+00-3.54188E+00 1.99440E+02
 -1       363-9.14302E-01-3.54188E+00 1.99948E+02
 -1       364-2.94013E+00-3.54188E+00 1.99440E+02
 -1       365 9.14302E-01-1.87522E+00 1.99948E+02
 -1       366-9.14302E-01-1.87522E+00 1.99948E+02
 -1       367 5.00878E+00 2.50429E+00 1.98238E+02
 -1       368 6.45261E+00 2.50429E+00 1.96729E+02
 -1       369 4.70943E+00 1.95310E-01 1.98467E+02
 -1       370 3.66927E+00 2.69102E+00 1.99109E+02
 -1       371 2.70998E+00 1.85768E+00 1.99527E+02
 -1       372 7.40887E+00 2.50020E+00 1.95018E+02
 -1       373 7.93755E+00 2.50020E+00 1.92998E+02
 -1       374 7.03712E+00 4.49673E-03 1.95805E+02
 -1       375 7.93156E+00 2.50000E+00 1.90956E+02
 -1       376 7.39104E+00 2.50000E+00 1.88939E+02
 -1       377 7.99986E+00 2.04534E-04 1.91953E+02
 -1       378 6.34683E+00 2.50000E+00 1.87130E+02
 -1       379 4.87009E+00 2.50000E+00 1.85653E+02
 -1       380 6.92820E+00 0.00000E+00 1.88000E+02
 -1       381 3.06147E+00 2.50000E+00 1.84609E+02
 -1       382 1.04421E+00 2.50000E+00 1.84068E+02
 -1       383 4.00000E+00 0.00000E+00 1.85072E+02
 -1       384-3.06147E+00 2.50000E+00 1.84609E+02
 -1       385-1.04421E+00 2.50000E+00 1.84068E+02
 -1       386-4.16528E-14 0.00000E+00 1.84000E+02
 -1       387-4.87009E+00 2.50000E+00 1.85653E+02
 -1       388-6.34683E+00 2.50000E+00 1.87130E+02
 -1       389-4.00000E+00 0.00000E+00 1.85072E+02
 -1       390-7.39104E+00 2.50000E+00 1.88939E+02
 -1       391-7.93156E+00 2.50000E+00 1.90956E+02
 -1       392-6.92820E+00 0.00000E+00 1.88000E+02
 -1       393-7.93755E+00 2.50020E+00 1.92998E+02
 -1       394-7.40887E+00 2.50020E+00 1.95018E+02
 -1       395-7.99986E+00 2.04534E-04 1.91953E+02
 -1       396-6.45261E+00 2.50429E+00 1.96729E+02
 -1       397-5.00878E+00 2.50429E+00 1.98238E+02
 -1       398-7.03712E+00 4.49673E-03 1.95805E+02
 -1       399-4.70943E+00 1.95310E-01 1.98467E+02
 -1       400-3.66927E+00 2.69102E+00 1.99109E+02
 -1       401-2.70998E+00 1.85768E+00 1.99527E+02
 -1       402 6.45261E+00-2.49571E+00 1.96729E+02
 -1       403 5.00878E+00-2.49571E+00 1.98238E+02
 -1       404 3.66927E+00-2.30898E+00 1.99109E+02
 -1       405 2.58646E+00-8.50865E-01 1.99570E+02
 -1       406 7.93755E+00-2.49980E+00 1.92998E+02
 -1       407 7.40887E+00-2.49980E+00 1.95018E+02
 -1       408 7.39104E+00-2.50000E+00 1.88939E+02
 -1       409 7.93156E+00-2.50000E+00 1.90956E+02
 -1       410 4.87009E+00-2.50000E+00 1.85653E+02
 -1       411 6.34683E+00-2.50000E+00 1.87130E+02
 -1       412 1.04421E+00-2.50000E+00 1.84068E+02
 -1       413 3.06147E+00-2.50000E+00 1.84609E+02
 -1       414-1.04421E+00-2.50000E+00 1.84068E+02
 -1       415-3.06147E+00-2.50000E+00 1.84609E+02
 -1       416-6.34683E+00-2.50000E+00 1.87130E+02
 -1       417-4.87009E+00-2.50000E+00 1.85653E+02
 -1       418-7.93156E+00-2.50000E+00 1.90956E+02
 -1       419-7.39104E+00-2.50000E+00 1.88939E+02
 -1       420-7.40887E+00-2.49980E+00 1.95018E+02
 -1       421-7.93755E+00-2.49980E+00 1.92998E+02
 -1       422-5.00878E+00-2.49571E+00 1.98238E+02
 -1       423-6.45261E+00-2.49571E+00 1.96729E+02
 -1       424-3.66927E+00-2.30898E+00 1.99109E+02
 -1       425-2.58646E+00-8.50865E-01 1.99570E+02
 -1       426 9.14302E-01-2.08549E-01 1.99948E+02
 -1       427-9.14302E-01-2.08549E-01 1.99948E+02
 -1       428-1.70432E+00 1.02435E+00 1.99816E+02
 -1       429 1.70432E+00 1.02435E+00 1.99816E+02
 -1       430-5.00000E+00 0.00000E+00 1.14000E+02
 -1       431 5.00000E+00 0.00000E+00 1.14000E+02
 -1       432 0.00000E+00-3.00000E+00 1.14000E+02
 -1       433 0.00000E+00 3.00000E+00 1.14000E+02
 -1       434 0.00000E+00 0.00000E+00 4.80000E+01
 -1       435-2.50000E+00 1.50000E+00 4.80000E+01
 -1       436-2.50000E+00-1.50000E+00 4.80000E+01
 -1       437 2.50000E+00-1.50000E+00 4.80000E+01
 -1       438 2.50000E+00 1.50000E+00 4.80000E+01
 -1       439 0.00000E+00 0.00000E+00 1.80000E+02
 -1       440-2.50000E+00-1.50000E+00 1.80000E+02
 -1       441-2.50000E+00 1.50000E+00 1.80000E+02
 -1       442 2.50000E+00-1.50000E+00 1.80000E+02
 -1       443 2.50000E+00 1.50000E+00 1.80000E+02
 -1       444 7.24693E+00 0.00000E+00 7.50459E+01
 -1       445-7.24693E+00 0.00000E+00 7.50459E+01
 -1       446 1.40000E+01 0.00000E+00 7.22487E+01
 -1       447-1.40000E+01 0.00000E+00 7.22487E+01
 -1       448 1.97990E+01 0.00000E+00 6.77990E+01
 -1       449 2.42487E+01 0.00000E+00 6.20000E+01
 -1       450 2.70459E+01 0.00000E+00 5.52469E+01
 -1       451 2.80000E+01 0.00000E+00 4.80000E+01
 -1       452 2.70459E+01 0.00000E+00 4.07531E+01
 -1       453 1.97990E+01 0.00000E+00 2.82010E+01
 -1       454 2.42487E+01 0.00000E+00 3.40000E+01
 -1       455 7.24693E+00 0.00000E+00 2.09541E+01
 -1       456-1.70654E-13 0.00000E+00 2.00000E+01
 -1       457 1.40000E+01 0.00000E+00 2.37513E+01
 -1       458-7.24693E+00 0.00000E+00 2.09541E+01
 -1       459-1.40000E+01 0.00000E+00 2.37513E+01
 -1       460-1.97990E+01 0.00000E+00 2.82010E+01
 -1       461-2.42487E+01 0.00000E+00 3.40000E+01
 -1       462-2.70459E+01 0.00000E+00 4.07531E+01
 -1       463-2.70459E+01 0.00000E+00 5.52469E+01
 -1       464-2.42487E+01 0.00000E+00 6.20000E+01
 -1       465-2.80000E+01 0.00000E+00 4.80000E+01
 -1       466-1.97990E+01 0.00000E+00 6.77990E+01
 -1       467-7.17433E-15 5.00000E+00 4.80000E+01
 -1       468-3.75129E+00 5.00000E+00 6.20000E+01
 -1       469-1.40000E+01 5.00000E+00 5.17513E+01
 -1       470 3.75129E+00 5.00000E+00 3.40000E+01
 -1       471 1.40000E+01 5.00000E+00 4.42487E+01
 -1       472 1.02487E+01 5.00000E+00 5.82487E+01
 -1       473-1.02487E+01 5.00000E+00 3.77513E+01
 -1       474 5.12436E+00 5.00000E+00 6.71244E+01
 -1       475-1.40000E+01 5.00000E+00 6.20000E+01
 -1       476 1.91244E+01 5.00000E+00 5.31244E+01
 -1       477 1.40000E+01 5.00000E+00 3.40000E+01
 -1       478 9.56218E+00 5.00000E+00 6.96865E+01
 -1       479 2.56218E+00 5.00000E+00 7.15622E+01
 -1       480-1.87564E+00 5.00000E+00 6.90000E+01
 -1       481-8.87564E+00 5.00000E+00 6.71244E+01
 -1       482 6.86533E-01 5.00000E+00 6.45622E+01
 -1       483 1.72487E+01 5.00000E+00 6.01244E+01
 -1       484 1.21244E+01 5.00000E+00 6.52487E+01
 -1       485 7.68653E+00 5.00000E+00 6.26865E+01
 -1       486 2.35622E+01 5.00000E+00 5.05622E+01
 -1       487 2.16865E+01 5.00000E+00 5.75622E+01
 -1       488 1.46865E+01 5.00000E+00 5.56865E+01
 -1       489 1.91244E+01 5.00000E+00 3.91244E+01
 -1       490 2.10000E+01 5.00000E+00 4.61244E+01
 -1       491 1.65622E+01 5.00000E+00 4.86865E+01
 -1       492 1.40000E+01 5.00000E+00 2.88756E+01
 -1       493 1.91244E+01 5.00000E+00 3.40000E+01
 -1       494 1.40000E+01 5.00000E+00 3.91244E+01
 -1       495 1.87564E+00 5.00000E+00 2.70000E+01
 -1       496 8.87564E+00 5.00000E+00 2.88756E+01
 -1       497 8.87564E+00 5.00000E+00 3.40000E+01
 -1       498-1.21244E+01 5.00000E+00 3.07513E+01
 -1       499-5.12436E+00 5.00000E+00 2.88756E+01
 -1       500-3.24871E+00 5.00000E+00 3.58756E+01
 -1       501-1.72487E+01 5.00000E+00 3.58756E+01
 -1       502-2.10000E+01 5.00000E+00 4.98756E+01
 -1       503-1.91244E+01 5.00000E+00 4.28756E+01
 -1       504-1.21244E+01 5.00000E+00 4.47513E+01
 -1       505-1.91244E+01 5.00000E+00 5.68756E+01
 -1       506-1.40000E+01 5.00000E+00 6.71244E+01
 -1       507-1.91244E+01 5.00000E+00 6.20000E+01
 -1       508-1.40000E+01 5.00000E+00 5.68756E+01
 -1       509-8.87564E+00 5.00000E+00 6.20000E+01
 -1       510-7.00000E+00 5.00000E+00 4.98756E+01
 -1       511-8.87564E+00 5.00000E+00 5.68756E+01
 -1       512-1.87564E+00 5.00000E+00 5.50000E+01
 -1       513 3.24871E+00 5.00000E+00 6.01244E+01
 -1       514 5.12436E+00 5.00000E+00 5.31244E+01
 -1       515-5.12436E+00 5.00000E+00 4.28756E+01
 -1       516 7.00000E+00 5.00000E+00 4.61244E+01
 -1       517 8.87564E+00 5.00000E+00 3.91244E+01
 -1       518 1.87564E+00 5.00000E+00 4.10000E+01
 -1       519 1.21244E+01 5.00000E+00 5.12487E+01
 -1       520-7.17433E-15-5.00000E+00 4.80000E+01
 -1       521-3.75129E+00-5.00000E+00 6.20000E+01
 -1       522-1.40000E+01-5.00000E+00 5.17513E+01
 -1       523 3.75129E+00-5.00000E+00 3.40000E+01
 -1       524 1.40000E+01-5.00000E+00 4.42487E+01
 -1       525 1.02487E+01-5.00000E+00 5.82487E+01
 -1       526-1.02487E+01-5.00000E+00 3.77513E+01
 -1       527 5.12436E+00-5.00000E+00 6.71244E+01
 -1       528-1.40000E+01-5.00000E+00 6.20000E+01
 -1       529 1.91244E+01-5.00000E+00 5.31244E+01
 -1       530 1.40000E+01-5.00000E+00 3.40000E+01
 -1       531 2.56218E+00-5.00000E+00 7.15622E+01
 -1       532 9.56218E+00-5.00000E+00 6.96865E+01
 -1       533-8.87564E+00-5.00000E+00 6.71244E+01
 -1       534-1.87564E+00-5.00000E+00 6.90000E+01
 -1       535 6.86533E-01-5.00000E+00 6.45622E+01
 -1       536 1.21244E+01-5.00000E+00 6.52487E+01
 -1       537 1.72487E+01-5.00000E+00 6.01244E+01
 -1       538 7.68653E+00-5.00000E+00 6.26865E+01
 -1       539 2.16865E+01-5.00000E+00 5.75622E+01
 -1       540 2.35622E+01-5.00000E+00 5.05622E+01
 -1       541 1.46865E+01-5.00000E+00 5.56865E+01
 -1       542 2.10000E+01-5.00000E+00 4.61244E+01
 -1       543 1.91244E+01-5.00000E+00 3.91244E+01
 -1       544 1.65622E+01-5.00000E+00 4.86865E+01
 -1       545 1.91244E+01-5.00000E+00 3.40000E+01
 -1       546 1.40000E+01-5.00000E+00 2.88756E+01
 -1       547 1.40000E+01-5.00000E+00 3.91244E+01
 -1       548 8.87564E+00-5.00000E+00 2.88756E+01
 -1       549 1.87564E+00-5.00000E+00 2.70000E+01
 -1       550 8.87564E+00-5.00000E+00 3.40000E+01
 -1       551-5.12436E+00-5.00000E+00 2.88756E+01
 -1       552-1.21244E+01-5.00000E+00 3.07513E+01
 -1       553-3.24871E+00-5.00000E+00 3.58756E+01
 -1       554-1.72487E+01-5.00000E+00 3.58756E+01
 -1       555-1.91244E+01-5.00000E+00 4.28756E+01
 -1       556-2.10000E+01-5.00000E+00 4.98756E+01
 -1       557-1.21244E+01-5.00000E+00 4.47513E+01
 -1       558-1.91244E+01-5.00000E+00 5.68756E+01
 -1       559-1.91244E+01-5.00000E+00 6.20000E+01
 -1       560-1.40000E+01-5.00000E+00 6.71244E+01
 -1       561-1.40000E+01-5.00000E+00 5.68756E+01
 -1       562-8.87564E+00-5.00000E+00 6.20000E+01
 -1       563-1.87564E+00-5.00000E+00 5.50000E+01
 -1       564-8.87564E+00-5.00000E+00 5.68756E+01
 -1       565-7.00000E+00-5.00000E+00 4.98756E+01
 -1       566 5.12436E+00-5.00000E+00 5.31244E+01
 -1       567 3.24871E+00-5.00000E+00 6.01244E+01
 -1       568-5.12436E+00-5.00000E+00 4.28756E+01
 -1       569 1.87564E+00-5.00000E+00 4.10000E+01
 -1       570 8.87564E+00-5.00000E+00 3.91244E+01
 -1       571 7.00000E+00-5.00000E+00 4.61244E+01
 -1       572 1.21244E+01-5.00000E+00 5.12487E+01
 -1       573 1.52876E+01-7.21677E-17 1.95835E+02
 -1       574 9.27495E+00 0.00000E+00 2.02785E+02
 -1       575 1.87907E+00 1.77636E-15 2.04591E+02
 -1       576 1.63041E+01-2.50000E+00 1.98918E+02
 -1       577 1.76438E+01-2.50000E+00 1.93918E+02
 -1       578 1.63041E+01 2.50000E+00 1.98918E+02
 -1       579 1.76438E+01 2.50000E+00 1.93918E+02
 -1       580 5.70194E+00 2.50000E+00 1.83470E+02
 -1       581 7.49509E+00 2.50000E+00 1.84505E+02
 -1       582 5.70194E+00-2.50000E+00 1.83470E+02
 -1       583 7.49509E+00-2.50000E+00 1.84505E+02
 -1       584 9.33333E+00 0.00000E+00 1.82667E+02
 -1       585 5.96561E-01 2.50000E+00 1.81838E+02
 -1       586 2.66711E+00 2.50000E+00 1.81838E+02
 -1       587 5.96561E-01-2.50000E+00 1.81838E+02
 -1       588 2.66711E+00-2.50000E+00 1.81838E+02
 -1       589 3.26367E+00 0.00000E+00 1.79403E+02
 -1       590-7.39089E+00-2.50000E+00 1.84533E+02
 -1       591-9.12493E+00 0.00000E+00 1.82723E+02
 -1       592-7.39089E+00 2.50000E+00 1.84533E+02
 -1       593-5.59774E+00 2.50000E+00 1.83498E+02
 -1       594-5.59774E+00-2.50000E+00 1.83498E+02
 -1       595 1.01622E+01 2.50000E+00 1.89333E+02
 -1       596 1.01741E+01 2.50020E+00 1.91358E+02
 -1       597 1.01741E+01-2.49980E+00 1.91358E+02
 -1       598 1.25970E+01 0.00000E+00 1.88736E+02
 -1       599 1.01622E+01-2.50000E+00 1.89333E+02
 -1       600-9.14074E+00 2.50429E+00 1.96341E+02
 -1       601-1.00660E+01 2.50020E+00 1.94629E+02
 -1       602-1.00660E+01-2.49980E+00 1.94629E+02
 -1       603-1.23808E+01 0.00000E+00 1.95279E+02
 -1       604-9.14074E+00-2.49571E+00 1.96341E+02
 -1       605-6.30859E+00 2.69102E+00 2.00182E+02
 -1       606-3.40123E+00 2.69102E+00 2.01908E+02
 -1       607-3.47208E+00 0.00000E+00 2.04541E+02
 -1       608-3.40123E+00-2.30898E+00 2.01908E+02
 -1       609-6.37944E+00 0.00000E+00 2.02816E+02
 -1       610 6.29850E+00 0.00000E+00 1.81035E+02
 -1       611-6.30859E+00-2.30898E+00 2.00182E+02
 -1       612-9.28680E+00 0.00000E+00 2.01090E+02
 -1       613 1.24754E+01 0.00000E+00 1.92023E+02
 -1       614 1.00525E+01-2.49980E+00 1.94645E+02
 -1       615-6.21757E+00 0.00000E+00 1.81184E+02
 -1       616-2.69038E+00 2.50000E+00 1.81959E+02
 -1       617-2.69038E+00-2.50000E+00 1.81959E+02
 -1       618-2.32675E-02 0.00000E+00 1.79525E+02
 -1       619-7.59371E+00 2.50429E+00 1.99246E+02
 -1       620-1.08338E+01 0.00000E+00 1.98185E+02
 -1       621-7.59371E+00-2.49571E+00 1.99246E+02
 -1       622 1.00525E+01 2.50020E+00 1.94645E+02
 -1       623 1.23539E+01 0.00000E+00 1.95310E+02
 -1       624-3.31021E+00 0.00000E+00 1.79646E+02
 -1       625 9.39533E-01 8.33333E-01 2.02296E+02
 -1       626 9.39533E-01-8.33333E-01 2.02296E+02
 -1       627 3.12217E-02-1.04188E+00 2.02191E+02
 -1       628-2.77132E+00 4.16667E+00 2.02134E+02
 -1       629-1.73604E+00 3.33333E+00 2.02271E+02
 -1       630-7.25661E-01 1.91018E-01 2.01933E+02
 -1       631-1.27496E+01 0.00000E+00 1.88584E+02
 -1       632-1.63748E+01 0.00000E+00 1.90292E+02
 -1       633-1.25652E+01 0.00000E+00 1.91931E+02
 -1       634-1.73604E+00 0.00000E+00 2.08271E+02
 -1       635-7.96507E-01 2.50000E+00 2.04566E+02
 -1       636-7.96507E-01-2.50000E+00 2.04566E+02
 -1       637 9.39533E-01 2.50000E+00 2.08296E+02
 -1       638 9.12693E+00 2.50000E+00 1.87540E+02
 -1       639 9.12693E+00-2.50000E+00 1.87540E+02
 -1       640-8.42617E+00-2.50000E+00 1.86326E+02
 -1       641-8.42617E+00 2.50000E+00 1.86326E+02
 -1       642-9.64340E+00 0.00000E+00 2.05205E+02
 -1       643-1.48507E+01 0.00000E+00 1.98639E+02
 -1       644-2.64435E+00-3.54188E+00 2.02166E+02
 -1       645-1.00541E+01 2.50000E+00 1.92604E+02
 -1       646-1.00541E+01-2.50000E+00 1.92604E+02
 -1       647 2.74339E+00 4.16667E+00 2.02238E+02
 -1       648 3.37331E+00 2.69102E+00 2.02012E+02
 -1       649 9.12725E+00 2.50429E+00 1.96356E+02
 -1       650 7.58779E+00 4.29219E-03 2.00093E+02
 -1       651 1.08144E+01 2.50000E+00 1.99047E+02
 -1       652 8.51306E+00 2.04534E-04 1.98382E+02
 -1       653 9.12725E+00-2.49571E+00 1.96356E+02
 -1       654 1.08144E+01-2.50000E+00 1.99047E+02
 -1       655-1.50350E+01 0.00000E+00 1.85292E+02
 -1       656-6.73604E+00 0.00000E+00 2.06931E+02
 -1       657-1.33037E+01 0.00000E+00 2.01545E+02
 -1       658-1.61904E+01 0.00000E+00 1.93639E+02
 -1       659 5.54579E+00-1.04188E+00 2.01288E+02
 -1       660 6.30267E+00 1.91018E-01 2.01029E+02
 -1       661 6.63748E+00-2.50000E+00 2.00856E+02
 -1       662 1.09652E+01 0.00000E+00 1.85701E+02
 -1       663 1.33269E+01 0.00000E+00 1.82333E+02
 -1       664 9.66667E+00 0.00000E+00 1.78673E+02
 -1       665-1.09372E+01 0.00000E+00 1.85653E+02
 -1       666-1.02385E+01-2.50000E+00 1.89257E+02
 -1       667-1.02385E+01 2.50000E+00 1.89257E+02
 -1       668 6.63184E+00 0.00000E+00 1.77041E+02
 -1       669-1.32227E+01 0.00000E+00 1.82361E+02
 -1       670 1.49588E+01 0.00000E+00 1.85368E+02
 -1       671 1.63184E+00 0.00000E+00 1.75701E+02
 -1       672-9.56246E+00 0.00000E+00 1.78701E+02
 -1       673-6.65510E+00 0.00000E+00 1.77163E+02
 -1       674-1.65510E+00 0.00000E+00 1.75823E+02
 -1       675 1.38207E+01-2.50000E+00 1.95573E+02
 -1       676 1.38207E+01 2.50000E+00 1.95573E+02
 -1       677 1.22813E+01-3.60838E-17 1.99310E+02
 -1       678 7.58906E+00-2.49571E+00 1.99264E+02
 -1       679 9.39533E-01-2.50000E+00 2.08296E+02
 -1       680 7.58906E+00 2.50429E+00 1.99264E+02
 -1       681 1.62985E+01 0.00000E+00 1.90368E+02
 -1       682 2.61643E+00-3.54188E+00 2.02270E+02
 -1       683 6.34559E+00-2.50000E+00 2.03767E+02
 -1       684 9.27622E+00-2.50000E+00 2.01955E+02
 -1       685 9.27622E+00 2.50000E+00 2.01955E+02
 -1       686 6.30394E+00 2.69102E+00 2.00199E+02
 -1       687 1.32977E+01 2.50000E+00 2.02392E+02
 -1       688 9.63748E+00-2.50000E+00 2.06053E+02
 -1       689 1.32977E+01-2.50000E+00 2.02392E+02
 -1       690 1.97481E+00 1.66667E+00 2.02159E+02
 -1       691 2.64765E+00 2.50000E+00 2.04670E+02
 -1       692 2.60473E+00 1.91018E-01 2.01933E+02
 -1       693 5.93953E+00 2.50000E+00 2.06956E+02
 -1       694 9.39533E-01 2.50000E+00 2.02296E+02
 -1       695 1.84784E+00-1.04188E+00 2.02191E+02
 -1       696 9.63748E+00 2.50000E+00 2.06053E+02
 -1       697 5.93953E+00-2.50000E+00 2.06956E+02
 -1       698 6.34559E+00 2.50000E+00 2.03767E+02
 -1       699 5.57701E+00 8.88178E-16 2.03688E+02
 -1       700 2.64765E+00-2.50000E+00 2.04670E+02
 -1       701 9.39533E-01-2.50000E+00 2.02296E+02
 -1       702 1.39423E+01-2.50000E+00 1.92286E+02
 -1       703 1.39423E+01 2.50000E+00 1.92286E+02
 -1       704-2.50000E+00-1.50000E+00 1.14000E+02
 -1       705-2.50000E+00 1.50000E+00 1.14000E+02
 -1       706 0.00000E+00 0.00000E+00 1.14000E+02
 -1       707 2.50000E+00 1.50000E+00 1.14000E+02
 -1       708 2.50000E+00-1.50000E+00 1.14000E+02
 -1       709 8.97538E+00-8.97666E-01 6.54932E+01
 -1       710 5.93538E+00-1.29602E-02 2.59214E+01
 -1       711-6.01192E+00-5.00000E-01 2.83632E+01
 -1       712-3.00596E+00-2.75000E+00 2.41816E+01
 -1       713-1.13032E+00-2.75000E+00 3.11816E+01
 -1       714-8.13032E+00-2.75000E+00 3.30572E+01
 -1       715-1.00060E+01-2.75000E+00 2.60572E+01
 -1       716 8.87564E+00 0.00000E+00 2.88756E+01
 -1       717 3.75129E+00 0.00000E+00 3.40000E+01
 -1       718 4.84333E+00 2.49352E+00 2.99607E+01
 -1       719 4.84333E+00-2.50648E+00 2.99607E+01
 -1       720 9.96769E+00-2.50648E+00 2.48364E+01
 -1       721 9.96769E+00 2.49352E+00 2.48364E+01
 -1       722 5.12436E+00 0.00000E+00 6.71244E+01
 -1       723 9.56218E+00 0.00000E+00 6.96865E+01
 -1       724 1.14877E+01-2.94883E+00 6.88709E+01
 -1       725 7.04987E+00 2.05117E+00 6.63088E+01
 -1       726 7.04987E+00-2.94883E+00 6.63088E+01
 -1       727 1.87564E+00 0.00000E+00 2.70000E+01
 -1       728 2.96769E+00 2.49352E+00 2.29607E+01
 -1       729-1.21244E+01 0.00000E+00 3.07513E+01
 -1       730-8.13032E+00 2.25000E+00 3.30572E+01
 -1       731-1.00060E+01 2.25000E+00 2.60572E+01
 -1       732 2.96769E+00-2.50648E+00 2.29607E+01
 -1       733 1.40000E+01 0.00000E+00 2.88756E+01
 -1       734 8.87564E+00 0.00000E+00 3.40000E+01
 -1       735 1.40000E+01 0.00000E+00 3.40000E+01
 -1       736 1.91244E+01 0.00000E+00 5.31244E+01
 -1       737 1.46865E+01 0.00000E+00 5.56865E+01
 -1       738 1.65622E+01 0.00000E+00 4.86865E+01
 -1       739 1.40000E+01 0.00000E+00 3.91244E+01
 -1       740-8.87564E+00 0.00000E+00 6.20000E+01
 -1       741-1.40000E+01 0.00000E+00 6.71244E+01
 -1       742-1.40000E+01 0.00000E+00 6.20000E+01
 -1       743 2.35622E+01 0.00000E+00 5.05622E+01
 -1       744-1.02487E+01 0.00000E+00 3.77513E+01
 -1       745 7.00000E+00 0.00000E+00 4.61244E+01
 -1       746 1.87564E+00 0.00000E+00 4.10000E+01
 -1       747 5.12436E+00 0.00000E+00 5.31244E+01
 -1       748 8.87564E+00 0.00000E+00 3.91244E+01
 -1       749 1.21244E+01 0.00000E+00 5.12487E+01
 -1       750 1.02487E+01 0.00000E+00 5.82487E+01
 -1       751-1.87564E+00 0.00000E+00 5.50000E+01
 -1       752 1.40000E+01 0.00000E+00 4.42487E+01
 -1       753 3.24871E+00 0.00000E+00 6.01244E+01
 -1       754-3.75129E+00 0.00000E+00 6.20000E+01
 -1       755 2.56218E+00 0.00000E+00 7.15622E+01
 -1       756 2.16865E+01 0.00000E+00 5.75622E+01
 -1       757 1.91244E+01 0.00000E+00 3.40000E+01
 -1       758-1.91244E+01 0.00000E+00 6.20000E+01
 -1       759 6.86533E-01 0.00000E+00 6.45622E+01
 -1       760-1.87564E+00 0.00000E+00 6.90000E+01
 -1       761 1.14877E+01 2.05117E+00 6.88709E+01
 -1       762-8.87564E+00 0.00000E+00 6.71244E+01
 -1       763 2.10000E+01 0.00000E+00 4.61244E+01
 -1       764-3.24871E+00 0.00000E+00 3.58756E+01
 -1       765 1.91244E+01 0.00000E+00 3.91244E+01
 -1       766 9.61204E+00-2.94883E+00 6.18709E+01
 -1       767-1.40000E+01 0.00000E+00 5.68756E+01
 -1       768-2.10000E+01 0.00000E+00 4.98756E+01
 -1       769 1.72487E+01 0.00000E+00 6.01244E+01
 -1       770-8.87564E+00 0.00000E+00 5.68756E+01
 -1       771-7.00000E+00 0.00000E+00 4.98756E+01
 -1       772-5.12436E+00 0.00000E+00 4.28756E+01
 -1       773-1.91244E+01 0.00000E+00 4.28756E+01
 -1       774-1.40000E+01 0.00000E+00 5.17513E+01
 -1       775-1.91244E+01 0.00000E+00 5.68756E+01
 -1       776-1.21244E+01 0.00000E+00 4.47513E+01
 -1       777-1.72487E+01 0.00000E+00 3.58756E+01
 -1       778 9.61204E+00 2.05117E+00 6.18709E+01
 -1       779 1.66120E+01-2.94883E+00 6.37466E+01
 -1       780 2.61204E+00 2.05117E+00 6.37466E+01
 -1       781 2.61204E+00-2.94883E+00 6.37466E+01
 -1       782-3.00596E+00 2.25000E+00 2.41816E+01
 -3
    3C                           339                                     1
 -1       388    6    0    1
 -2        41        40        16       573        52       179       177       577       576       578
 -1       389    6    0    1
 -2        41        16        17       573       177        28       178       577       578       579
 -1       390    6    0    1
 -2       353       352       196       268       383       580       581       583       582       584
 -1       391    6    0    1
 -2       352       351       202       274       386       585       586       588       587       589
 -1       392    6    0    1
 -2       201       344       273       351       592       590       591       593       389       594
 -1       393    6    0    1
 -2       203       342       354       275       596       377       595       598       597       599
 -1       394    6    0    1
 -2       200       339       340       272       601       398       600       603       602       604
 -1       395    6    0    1
 -2       346       197       198       269       606       246       605       608       607       609
 -1       396    6    0    1
 -2       274       196       352       268       610       580       588       302       584       582
 -1       397    6    0    1
 -2       198       270       346       269       612       611       605       609       318       608
 -1       398    6    0    1
 -2       196       352       202       274       580       586       230       610       588       589
 -1       399    6    0    1
 -2       342       203       278       275       596       613       614       597       598       296
 -1       400    6    0    1
 -2       204       201       273       351       236       591       615       616       593       594
 -1       401    6    0    1
 -2       276       202       351       274       618       585       617       305       589       587
 -1       402    6    0    1
 -2       272       340       198       270       604       619       620       317       621       612
 -1       403    6    0    1
 -2       278       342       206       203       614       622       623       613       596       224
 -1       404    6    0    1
 -2       276       204       273       351       624       615       308       617       616       594
 -1       405    6    0    1
 -2       351       276       204       202       617       624       616       585       618       233
 -1       406    6    0    1
 -2       200       340       198       272       600       619       245       603       604       620
 -1       407    6    0    1
 -2       198       340       346       270       619       399       605       612       621       611
 -1       408    6    0    1
 -2       108       109       350       575       111       427       366       626       625       627
 -1       409    6    0    1
 -2       345       346       109       197       401       428       359       628       606       629
 -1       410    6    0    1
 -2       109       346       350       575       428       425       427       625       630       627
 -1       411    6    0    1
 -2       199        47       271       272       632       310       631       633       312       314
 -1       412    6    0    1
 -2       269       197         1       575       607       209       634       636       635       637
 -1       413    6    0    1
 -2       353        65       354       203       378       376       380       638       252       595
 -1       414    6    0    1
 -2       354        88       353       275       408       411       380       599       323       639
 -1       415    6    0    1
 -2       344       273        92       343       590       331       416       392       640       419
 -1       416    6    0    1
 -2       343        69       344       201       390       388       392       641       260       592
 -1       417    6    0    1
 -2       269       198       270        49       609       612       318       281       642       316
 -1       418    6    0    1
 -2       198        24       200       272       244       240       245       620       643       603
 -1       419    6    0    1
 -2       269       350       346       575       644       425       608       636       627       630
 -1       420    6    0    1
 -2       346        95       350       269       424       364       425       608       287       644
 -1       421    6    0    1
 -2       342        87       354       275       406       409       377       597       324       599
 -1       422    6    0    1
 -2        64       342       354       203       373       377       375       251       596       595
 -1       423    6    0    1
 -2       343       339        70       200       395       393       391       645       601       263
 -1       424    6    0    1
 -2       272       343       339        93       646       395       602       336       418       421
 -1       425    6    0    1
 -2       195       348        62       347       647       356       213       648       371       370
 -1       426    6    0    1
 -2       206       341       342       574       649       374       622       651       650       652
 -1       427    6    0    1
 -2       342       341       278       574       374       653       614       652       650       654
 -1       428    6    0    1
 -2        72       346       345       197       400       401       358       214       606       628
 -1       429    6    0    1
 -2       278       206       342       574       623       622       614       654       651       652
 -1       430    6    0    1
 -2       272       339       340        94       602       398       604       335       420       423
 -1       431    6    0    1
 -2       199        46       271        47       655       309       631       632        58       310
 -1       432    6    0    1
 -2       340        71       339       200       396       394       398       600       264       601
 -1       433    6    0    1
 -2       341       278        86       342       653       322       402       374       614       407
 -1       434    6    0    1
 -2       206       341        63       342       649       368       249       622       374       372
 -1       435    6    0    1
 -2        25         1       269       197        37       634       656       210       209       607
 -1       436    6    0    1
 -2        48       270       198        49       315       612       657        60       316       642
 -1       437    6    0    1
 -2        24        23       200       272        35       241       240       643       658       603
 -1       438    6    0    1
 -2       347       349        85       574       405       362       404       660       659       661
 -1       439    6    0    1
 -2       196       275       268        42       662       299       584       663       295       297
 -1       440    6    0    1
 -2        43       196       274       268       664       610       300       298       584       302
 -1       441    6    0    1
 -2        46       273       199       271       307       665       655       309       311       631
 -1       442    6    0    1
 -2       197       346       109       575       606       428       629       635       630       625
 -1       443    6    0    1
 -2        65       353       196       203       378       581       253       252       638       227
 -1       444    6    0    1
 -2       268       353        88       275       583       411       326       299       639       323
 -1       445    6    0    1
 -2       271        92       273       343       334       331       311       666       419       640
 -1       446    6    0    1
 -2        69       343       199       201       390       667       261       260       641       239
 -1       447    6    0    1
 -2       196       202        43       274       230       668       664       610       589       300
 -1       448    6    0    1
 -2        46       199       273       201       655       665       307       669       239       591
 -1       449    6    0    1
 -2       275       196       203        42       662       227       598       295       663       670
 -1       450    6    0    1
 -2       198       197        25       269       246       210       243       609       607       656
 -1       451    6    0    1
 -2       199        23       272       200       237       658       633       242       241       603
 -1       452    6    0    1
 -2       202       276        44       274       618       303       671       589       305       301
 -1       453    6    0    1
 -2       273       204        21       201       615       231       672       591       236       235
 -1       454    6    0    1
 -2        48       272       198       270       313       620       657       315       317       612
 -1       455    6    0    1
 -2       273       276        21       204       308       673       672       615       624       231
 -1       456    6    0    1
 -2       204       276        44       202       624       303       674       233       618       671
 -1       457    6    0    1
 -2       343        70       199       200       391       262       667       645       263       242
 -1       458    6    0    1
 -2       343       272       271        93       646       314       666       418       336       333
 -1       459    6    0    1
 -2        95       346       340       270       424       399       422       337       611       621
 -1       460    6    0    1
 -2       346       197       269       575       606       607       608       630       635       636
 -1       461    6    0    1
 -2       206       278       573       574       623       675       676       651       654       677
 -1       462    6    0    1
 -2        87       342       278       275       406       614       321       324       597       296
 -1       463    6    0    1
 -2       342        64       206       203       373       250       622       596       251       224
 -1       464    6    0    1
 -2        18       203       196        42       222       227       226       181       670       663
 -1       465    6    0    1
 -2       199        46        22       201       655       188       238       239       669       234
 -1       466    6    0    1
 -2         3       345       109       197       357       359       112       215       628       629
 -1       467    6    0    1
 -2       199       272        23        47       633       658       237       632       312       193
 -1       468    6    0    1
 -2       272        94       340       270       335       423       604       317       338       621
 -1       469    6    0    1
 -2        71       340       198       200       396       619       265       264       600       245
 -1       470    6    0    1
 -2       198       269        25        49       609       656       243       642       281       175
 -1       471    6    0    1
 -2       277       278        86       341       293       322       319       678       653       402
 -1       472    6    0    1
 -2         2       269         1       575       282       634        38       679       636       637
 -1       473    6    0    1
 -2       206       205        63       341       221       248       249       649       680       368
 -1       474    6    0    1
 -2       346       270        95       269       611       337       424       608       318       287
 -1       475    6    0    1
 -2        21       276       273        45       673       308       672       189       304       306
 -1       476    6    0    1
 -2       198        48        24       272       657       192       244       620       313       643
 -1       477    6    0    1
 -2        42       196        43       268       663       664        54       297       584       298
 -1       478    6    0    1
 -2        43       202        44       274       668       671        55       300       589       301
 -1       479    6    0    1
 -2        17       275       203        42       681       598       223       180       295       670
 -1       480    6    0    1
 -2        46       273        21       201       307       672       187       669       591       235
 -1       481    6    0    1
 -2        44        21       276       204       185       673       303       674       231       624
 -1       482    6    0    1
 -2        85       349       267       574       362       682       284       661       659       683
 -1       483    6    0    1
 -2       277       278       341       574       293       653       678       684       654       650
 -1       484    6    0    1
 -2       206       205       341       574       221       680       649       651       685       650
 -1       485    6    0    1
 -2       341       347        85       574       369       404       403       650       660       661
 -1       486    6    0    1
 -2       195        62       205       347       213       247       218       648       370       686
 -1       487    6    0    1
 -2        72       340       346       198       397       399       400       266       619       605
 -1       488    6    0    1
 -2        39        16        40       574       176       179        51       688       687       689
 -1       489    6    0    1
 -2       205       347        62       341       686       370       247       680       369       367
 -1       490    6    0    1
 -2        72       198       346       197       266       605       400       214       246       606
 -1       491    6    0    1
 -2        21        44       276        45       185       303       673       189        56       304
 -1       492    6    0    1
 -2        22        23        46       199        34       190       188       238       237       655
 -1       493    6    0    1
 -2        46       199        23        47       655       237       190        58       632       193
 -1       494    6    0    1
 -2       196        19        18        42       225        30       226       663       182       181
 -1       495    6    0    1
 -2       272        23        48        24       658       191       313       643        35       192
 -1       496    6    0    1
 -2       272        48        23        47       313       191       658       312        59       193
 -1       497    6    0    1
 -2       195       348       347       575       647       371       648       691       690       692
 -1       498    6    0    1
 -2        21       273        46        45       672       307       187       189       306        57
 -1       499    6    0    1
 -2         2        25       269        49       173       656       282        61       175       281
 -1       500    6    0    1
 -2        21        22        46       201        33       188       187       235       234       669
 -1       501    6    0    1
 -2       203        18        17        42       222        29       223       670       181       180
 -1       502    6    0    1
 -2        25       269         1         2       656       634        37       173       282        38
 -1       503    6    0    1
 -2        48       198        25        49       657       243       194        60       642       175
 -1       504    6    0    1
 -2       198        25        24        48       243        36       244       657       194       192
 -1       505    6    0    1
 -2        15         2         1       575       172        38        26       693       679       637
 -1       506    6    0    1
 -2       277        40       278       574       289       291       293       684       689       654
 -1       507    6    0    1
 -2        15         1       195       575        26       208       207       693       637       691
 -1       508    6    0    1
 -2         3       197       109       575       215       629       112       694       635       625
 -1       509    6    0    1
 -2       278        40       573       574       291       576       675       654       689       677
 -1       510    6    0    1
 -2       196        43       202        19       664       668       230       225       183       229
 -1       511    6    0    1
 -2        20       204        44       202       232       674       186       228       233       671
 -1       512    6    0    1
 -2       353       196        66        65       581       254       379       378       253        77
 -1       513    6    0    1
 -2       343        69       199        70       390       261       667       391        81       262
 -1       514    6    0    1
 -2       343       271        92        93       666       334       419       418       333       104
 -1       515    6    0    1
 -2       353        88        89       268       411       100       410       583       326       325
 -1       516    6    0    1
 -2       108       349       109       575       365       426       111       626       695       625
 -1       517    6    0    1
 -2        94        95       340       270       106       422       423       338       337       621
 -1       518    6    0    1
 -2        89       352       274        90       413       588       328       101       412       327
 -1       519    6    0    1
 -2        67       202        66       352       256       255        78       382       586       381
 -1       520    6    0    1
 -2        64       354        65       203       375       376        76       251       595       252
 -1       521    6    0    1
 -2        91       273        92       344       332       331       103       417       590       416
 -1       522    6    0    1
 -2       344       201        69        68       592       260       388       387       259        80
 -1       523    6    0    1
 -2       354        87        88       275       409        99       408       599       324       323
 -1       524    6    0    1
 -2       347       348       109       575       371       360       429       692       690       625
 -1       525    6    0    1
 -2        16        39        15       574       176       174        27       687       688       696
 -1       526    6    0    1
 -2       340       198        72        71       619       266       397       396       265        83
 -1       527    6    0    1
 -2       277        86        85       341       319        97       320       678       402       403
 -1       528    6    0    1
 -2        62        63       205       341        74       248       247       367       368       680
 -1       529    6    0    1
 -2        85       277       341       574       320       678       403       661       684       650
 -1       530    6    0    1
 -2       351        91       276        90       415       329       617       414       102       330
 -1       531    6    0    1
 -2        68       204        67       351       258       257        79       384       616       385
 -1       532    6    0    1
 -2        21        44        20       204       185       186        32       231       674       232
 -1       533    6    0    1
 -2        42        43       196        19        54       664       663       182       183       225
 -1       534    6    0    1
 -2        86       342       278        87       407       614       322        98       406       321
 -1       535    6    0    1
 -2       206       342        63        64       622       372       249       250       373        75
 -1       536    6    0    1
 -2        17        41       275        42       178       294       681       180        53       295
 -1       537    6    0    1
 -2       202        20        19        43       228        31       229       668       184       183
 -1       538    6    0    1
 -2        43        44       202        20        55       671       668       184       186       228
 -1       539    6    0    1
 -2        39         2        15       575        50       172       174       697       679       693
 -1       540    6    0    1
 -2         3        62       195       348        73       213       212       355       356       647
 -1       541    6    0    1
 -2       339        94       272        93       420       335       602       421       105       336
 -1       542    6    0    1
 -2        71        70       339       200        82       393       394       264       263       601
 -1       543    6    0    1
 -2       205       195       347       574       218       648       686       685       698       660
 -1       544    6    0    1
 -2         1       197       195       575       209       211       208       637       635       691
 -1       545    6    0    1
 -2       195       347       574       575       648       660       698       691       692       699
 -1       546    6    0    1
 -2       267         2        39       575       279        50       280       700       679       697
 -1       547    6    0    1
 -2        15       195       574       575       207       698       696       693       691       699
 -1       548    6    0    1
 -2       267        39       574       575       280       688       683       700       697       699
 -1       549    6    0    1
 -2       205       347       341       574       686       369       680       685       660       650
 -1       550    6    0    1
 -2        85       267       277       574       284       290       320       661       683       684
 -1       551    6    0    1
 -2       205       206        16       574       221       220       216       685       651       687
 -1       552    6    0    1
 -2         3        72       345       197        84       358       357       215       214       628
 -1       553    6    0    1
 -2        16       206       573       574       220       676       578       687       651       677
 -1       554    6    0    1
 -2       573        40        16       574       576       179       578       677       689       687
 -1       555    6    0    1
 -2       109       349       347       575       426       405       429       625       695       692
 -1       556    6    0    1
 -2       267        85         4       349       284        96       285       682       362       361
 -1       557    6    0    1
 -2       195       197         3       575       211       215       212       691       635       694
 -1       558    6    0    1
 -2         4       269       267       575       286       283       285       701       636       700
 -1       559    6    0    1
 -2       574        39        15       575       688       174       696       699       697       693
 -1       560    6    0    1
 -2       278        40        41       573       291        52       292       675       576       577
 -1       561    6    0    1
 -2        39        40       277       574        51       289       288       688       689       684
 -1       562    6    0    1
 -2       350        95         4       269       364       107       363       644       287       286
 -1       563    6    0    1
 -2       267       269         2       575       283       282       279       700       636       679
 -1       564    6    0    1
 -2        17        16       206       573        28       220       219       579       578       676
 -1       565    6    0    1
 -2       205        16        15       574       216        27       217       685       687       696
 -1       566    6    0    1
 -2        15       195       205       574       207       218       217       696       698       685
 -1       567    6    0    1
 -2       267        39       277       574       280       288       290       683       688       684
 -1       568    6    0    1
 -2       275       573        41        17       702       577       294       681       579       178
 -1       569    6    0    1
 -2        41       573       275       278       577       702       294       292       675       296
 -1       570    6    0    1
 -2       275       203       573        17       598       703       702       681       223       579
 -1       571    6    0    1
 -2       573       203       275       278       703       598       702       675       613       296
 -1       572    6    0    1
 -2       203       206       573        17       224       676       703       223       219       579
 -1       573    6    0    1
 -2       573       206       203       278       676       224       703       675       623       613
 -1       574    6    0    1
 -2       343       272       199       271       646       633       667       666       314       631
 -1       575    6    0    1
 -2       272       343       200       339       646       645       603       602       395       601
 -1       576    6    0    1
 -2       343       272       200       199       646       603       645       667       633       242
 -1       577    6    0    1
 -2       273       343       199       271       640       667       665       311       666       631
 -1       578    6    0    1
 -2       273       343       201       199       640       641       591       665       667       239
 -1       579    6    0    1
 -2       343       273       201       344       640       591       641       392       590       592
 -1       580    6    0    1
 -2       196       275       353       268       662       639       581       584       299       583
 -1       581    6    0    1
 -2       275       353       203       196       639       638       598       662       581       227
 -1       582    6    0    1
 -2       353       275       203       354       639       598       638       380       599       595
 -1       583    6    0    1
 -2        89       352       268       274       413       582       325       328       588       302
 -1       584    6    0    1
 -2       352        89       268       353       413       325       582       383       410       583
 -1       585    6    0    1
 -2        66       196       352       202       254       580       381       255       230       586
 -1       586    6    0    1
 -2       196        66       352       353       254       381       580       581       379       383
 -1       587    6    0    1
 -2        90       274       351       352       327       587       414       412       588       386
 -1       588    6    0    1
 -2       351       274        90       276       587       327       414       617       305       330
 -1       589    6    0    1
 -2        67       202       351       204       256       585       385       257       233       616
 -1       590    6    0    1
 -2       202        67       351       352       256       385       585       586       382       386
 -1       591    6    0    1
 -2        68       351       201       204       384       593       259       258       616       236
 -1       592    6    0    1
 -2       201       351        68       344       593       384       259       592       389       387
 -1       593    6    0    1
 -2        91       351       273       344       415       594       332       417       389       590
 -1       594    6    0    1
 -2       273       351        91       276       594       415       332       308       617       329
 -1       595    6    0    1
 -2         4       575       350       269       701       627       363       286       636       644
 -1       596    6    0    1
 -2       350       575         4       108       627       701       363       366       626       110
 -1       597    6    0    1
 -2       575       574       349       347       699       659       695       692       660       405
 -1       598    6    0    1
 -2       349       574       575       267       659       699       695       682       683       700
 -1       599    6    0    1
 -2       349       575         4       267       695       701       361       682       700       285
 -1       600    6    0    1
 -2         4       575       349       108       701       695       361       110       626       365
 -1       601    6    0    1
 -2       348       575         3       109       690       694       355       360       625       112
 -1       602    6    0    1
 -2         3       575       348       195       694       690       355       212       691       647
 -1       603    6    0    1
 -2       434         7         5       439       705       114       704       706       441       440
 -1       604    6    0    1
 -2         6       434         5        10       436       704       113       121       437       432
 -1       605    6    0    1
 -2        12         7         8       434       433       115       123       438       705       435
 -1       606    6    0    1
 -2         6         8         5       434       116       430       113       436       435       704
 -1       607    6    0    1
 -2       434         8         5         7       435       430       704       705       115       114
 -1       608    6    0    1
 -2       439         9        12        11       442       431       707       443       118       119
 -1       609    6    0    1
 -2       439         7        12       434       441       433       707       706       705       438
 -1       610    6    0    1
 -2        12         7       439        11       433       441       707       119       124       443
 -1       611    6    0    1
 -2        10        12       439         9       120       707       708       117       431       442
 -1       612    6    0    1
 -2       439        12        10       434       707       120       708       706       438       437
 -1       613    6    0    1
 -2       439         5        10         9       440       432       708       442       122       117
 -1       614    6    0    1
 -2        10         5       439       434       432       440       708       437       704       706
 -1       615    6    0    1
 -2       523       154       526       711       549       551       553       713       712       714
 -1       616    6    0    1
 -2       154       155       526       711       166       552       551       712       715       714
 -1       617    6    0    1
 -2       523       470       153       710       717       716       548       719       718       720
 -1       618    6    0    1
 -2       153       470       129       710       716       496       457       720       718       721
 -1       619    6    0    1
 -2       474       149       527       709       723       532       722       725       724       726
 -1       620    6    0    1
 -2       523       130       470       710       727       495       717       719       728       718
 -1       621    6    0    1
 -2       473       155       131       711       729       459       498       730       715       731
 -1       622    6    0    1
 -2       153       129       154       710       457       455       165       720       721       732
 -1       623    6    0    1
 -2       477       523       153       530       734       548       733       735       550       546
 -1       624    6    0    1
 -2       529       472       476       471       737       488       736       738       519       491
 -1       625    6    0    1
 -2       524       523       477       530       570       734       739       547       550       735
 -1       626    6    0    1
 -2       159       475       521       528       741       740       533       560       742       562
 -1       627    6    0    1
 -2       127       471       529       476       490       738       743       486       491       736
 -1       628    6    0    1
 -2       473       526       155       711       744       552       729       730       714       715
 -1       629    6    0    1
 -2       130       523       154       710       727       549       456       728       719       732
 -1       630    6    0    1
 -2       471       467       470       520       516       518       517       745       434       746
 -1       631    6    0    1
 -2       471       472       467       520       519       514       516       745       747       434
 -1       632    6    0    1
 -2       470       520       523       524       746       569       717       748       571       570
 -1       633    6    0    1
 -2       472       471       525       520       519       749       750       747       745       566
 -1       634    6    0    1
 -2       468       467       472       520       512       514       513       751       434       747
 -1       635    6    0    1
 -2       525       520       471       524       566       745       749       572       571       752
 -1       636    6    0    1
 -2       468       472       521       520       513       753       754       751       747       563
 -1       637    6    0    1
 -2       471       520       470       524       745       746       517       752       571       748
 -1       638    6    0    1
 -2       521       472       525       520       753       750       567       563       747       566
 -1       639    6    0    1
 -2        14       149       527       474       160       532       531       755       723       722
 -1       640    6    0    1
 -2       126       529       476       127       756       736       487       138       743       486
 -1       641    6    0    1
 -2       524       477       152       530       739       757       543       547       735       545
 -1       642    6    0    1
 -2       477       530       153       152       735       546       733       757       545       164
 -1       643    6    0    1
 -2       475       159       158       528       741       170       758       742       560       559
 -1       644    6    0    1
 -2        14       527       468       474       531       759       760       755       722       482
 -1       645    6    0    1
 -2       529       126       476       472       756       487       736       737       483       488
 -1       646    6    0    1
 -2       129       130       154       710       141       456       455       721       728       732
 -1       647    6    0    1
 -2       474       125       149       709       478       446       723       725       761       724
 -1       648    6    0    1
 -2       525       472       529       471       750       737       541       749       519       738
 -1       649    6    0    1
 -2       153       477       470       523       733       497       716       548       734       717
 -1       650    6    0    1
 -2       159       521       475       468       533       740       741       762       754       509
 -1       651    6    0    1
 -2       525       471       529       524       749       738       541       572       752       544
 -1       652    6    0    1
 -2       524       477       523       470       739       734       570       748       497       717
 -1       653    6    0    1
 -2       477       470       524       471       497       748       739       494       517       752
 -1       654    6    0    1
 -2       127       529       471       524       743       738       490       763       544       752
 -1       655    6    0    1
 -2       473       130       470       523       499       495       500       764       727       717
 -1       656    6    0    1
 -2       153       154       523       710       165       549       548       720       732       719
 -1       657    6    0    1
 -2        14       468       521       159       760       754       534       171       762       533
 -1       658    6    0    1
 -2       127       471       128       524       490       489       139       763       752       765
 -1       659    6    0    1
 -2       527       149       525       709       532       536       538       726       724       766
 -1       660    6    0    1
 -2       521       475       522       528       740       767       564       562       742       561
 -1       661    6    0    1
 -2       522       133       156       157       768       462       555       556       465       168
 -1       662    6    0    1
 -2       159       468       475       135       762       509       741       447       481       506
 -1       663    6    0    1
 -2       470       129       477       153       496       492       497       716       457       733
 -1       664    6    0    1
 -2       477       128       471       524       493       489       494       739       765       752
 -1       665    6    0    1
 -2        14       468        13       474       760       480       148       755       482       479
 -1       666    6    0    1
 -2       468        14       521       527       760       534       754       759       531       535
 -1       667    6    0    1
 -2       529       525       150       472       541       537       539       737       750       769
 -1       668    6    0    1
 -2       529       524       127       151       544       763       743       540       542       451
 -1       669    6    0    1
 -2       468       521       469       520       754       770       511       751       563       771
 -1       670    6    0    1
 -2       473       523       470       520       764       717       500       772       569       746
 -1       671    6    0    1
 -2       469       467       468       520       510       512       511       771       434       751
 -1       672    6    0    1
 -2       473       470       467       520       500       518       515       772       746       434
 -1       673    6    0    1
 -2       130       129       470       710       141       496       495       728       721       718
 -1       674    6    0    1
 -2       524       151       128       127       542       452       765       763       451       139
 -1       675    6    0    1
 -2       468        14       135       159       760       445       481       762       171       447
 -1       676    6    0    1
 -2       468        13       135        14       480       147       481       760       148       445
 -1       677    6    0    1
 -2       522       475       158       528       767       758       558       561       742       559
 -1       678    6    0    1
 -2       469       468       475       521       511       509       508       770       754       740
 -1       679    6    0    1
 -2       474        14       125        13       755       444       478       479       148       136
 -1       680    6    0    1
 -2       149        14       125       474       160       444       446       723       755       478
 -1       681    6    0    1
 -2       529       127       126       151       743       138       756       540       451       450
 -1       682    6    0    1
 -2       475       135       158       159       506       466       758       741       447       170
 -1       683    6    0    1
 -2       477       153       129       152       733       457       492       757       164       453
 -1       684    6    0    1
 -2       524       152       477       128       543       757       739       765       454       493
 -1       685    6    0    1
 -2       475       158       135       134       758       466       506       507       464       146
 -1       686    6    0    1
 -2       150       126       529       472       449       756       539       769       483       737
 -1       687    6    0    1
 -2       152       151       128       524       163       452       454       543       542       765
 -1       688    6    0    1
 -2       125       126       150       472       137       449       448       484       483       769
 -1       689    6    0    1
 -2       133       132       469       522       144       503       502       768       773       774
 -1       690    6    0    1
 -2       522       156       133       132       555       462       768       773       461       144
 -1       691    6    0    1
 -2       134       475       158       522       507       758       464       775       767       558
 -1       692    6    0    1
 -2       126       150       529       151       449       539       756       450       162       540
 -1       693    6    0    1
 -2       477       129       128       152       492       140       493       757       453       454
 -1       694    6    0    1
 -2       469       521       522       520       770       564       774       771       563       565
 -1       695    6    0    1
 -2       523       473       526       520       764       744       553       569       772       568
 -1       696    6    0    1
 -2       467       469       473       520       510       504       515       434       771       772
 -1       697    6    0    1
 -2       522       132       469       473       773       503       774       776       501       504
 -1       698    6    0    1
 -2       132       156       526       522       461       554       777       773       555       557
 -1       699    6    0    1
 -2       526       473       132       522       744       501       777       557       776       773
 -1       700    6    0    1
 -2       522       158       133       157       558       463       768       556       169       465
 -1       701    6    0    1
 -2       522       133       158       134       768       463       558       775       145       464
 -1       702    6    0    1
 -2       472       125       474       709       484       478       485       778       761       725
 -1       703    6    0    1
 -2       475       134       469       522       507       505       508       767       775       774
 -1       704    6    0    1
 -2       521       522       475       469       564       767       740       770       774       508
 -1       705    6    0    1
 -2       134       133       469       522       145       502       505       775       768       774
 -1       706    6    0    1
 -2       523       526       473       711       553       744       764       713       714       730
 -1       707    6    0    1
 -2       522       473       469       520       776       504       774       565       772       771
 -1       708    6    0    1
 -2       473       522       526       520       776       557       744       772       565       568
 -1       709    6    0    1
 -2       132       155       131       473       460       459       143       501       729       498
 -1       710    6    0    1
 -2       154       131       155       711       458       459       166       712       731       715
 -1       711    6    0    1
 -2       155       156       526       132       167       554       552       460       461       777
 -1       712    6    0    1
 -2       155       132       526       473       460       777       552       729       501       744
 -1       713    6    0    1
 -2       150       149       709       525       161       724       779       537       536       766
 -1       714    6    0    1
 -2       709       149       150       125       724       161       779       761       446       448
 -1       715    6    0    1
 -2       709       472       150       525       778       769       779       766       750       537
 -1       716    6    0    1
 -2       150       472       709       125       769       778       779       448       484       761
 -1       717    6    0    1
 -2       468       709       474       527       780       725       482       759       726       722
 -1       718    6    0    1
 -2       474       709       468       472       725       780       482       485       778       513
 -1       719    6    0    1
 -2       468       521       709       527       754       781       780       759       535       726
 -1       720    6    0    1
 -2       709       521       468       472       781       754       780       778       753       513
 -1       721    6    0    1
 -2       521       525       709       527       567       766       781       535       538       726
 -1       722    6    0    1
 -2       709       525       521       472       766       567       781       778       750       753
 -1       723    6    0    1
 -2       130       711       473       131       782       730       499       142       731       498
 -1       724    6    0    1
 -2       711       130       473       523       782       499       730       713       727       764
 -1       725    6    0    1
 -2       711       130       154       131       782       456       712       731       142       458
 -1       726    6    0    1
 -2       130       711       154       523       782       712       456       727       713       549
 -3
    1PSTEP                         1           1           1          
  100CL  101 1.000000000         782                     0    1           1
 -4  DISP        4    1
 -5  D1          1    2    1    0
 -5  D2          1    2    2    0
 -5  D3          1    2    3    0
 -5  ALL         1    2    0    0    1ALL
 -1         1 4.14702E+11 2.69087E+11-2.42937E+11
 -1         2 3.55621E+11 2.69087E+11-8.97990E+10
 -1         3 1.76297E+11 8.53209E+10-2.42937E+11
 -1         4 1.17216E+11 8.53209E+10-8.97990E+10
 -1         5 4.63243E+09-1.45121E+09 1.42489E+08
 -1         6 4.71160E+08-7.85266E+08 1.42489E+08
 -1         7 3.69011E+09-1.45121E+09 1.72759E+08
 -1         8-4.71160E+08-7.85266E+08 1.72759E+08
 -1         9 4.63243E+09 1.19325E+08-1.72759E+08
 -1        10 4.71160E+08 7.85266E+08-1.72759E+08
 -1        11 3.69011E+09 1.19325E+08-1.42489E+08
 -1        12-4.71160E+08 7.85266E+08-1.42489E+08
 -1        13-5.75683E-04 7.46028E-03-2.11564E-03
 -1        14-1.29016E-03 7.44728E-03-5.50238E-04
 -1        15 3.61468E+11 1.68973E+11-4.41608E+11
 -1        16 2.16031E+11 1.36181E+10-5.87045E+11
 -1        17 1.73599E+10-1.55351E+11-6.40279E+11
 -1        18-1.81311E+11-2.92658E+11-5.87045E+11
 -1        19-3.26748E+11-3.61513E+11-4.41608E+11
 -1        20-3.79982E+11-3.43466E+11-2.42937E+11
 -1        21-3.26748E+11-2.43352E+11-4.42661E+10
 -1        22-1.81311E+11-8.79974E+10 1.01171E+11
 -1        23 1.73599E+10 8.09713E+10 1.54405E+11
 -1        24 2.16031E+11 2.18279E+11 1.01171E+11
 -1        25 3.61468E+11 2.87134E+11-4.42661E+10
 -1        26 4.01163E+11 2.28068E+11-3.45777E+11
 -1        27 2.98323E+11 9.58280E+10-5.23900E+11
 -1        28 1.20199E+11-7.20542E+10-6.26740E+11
 -1        29-8.54798E+10-2.30594E+11-6.26740E+11
 -1        30-2.63603E+11-3.37312E+11-5.23900E+11
 -1        31-3.66443E+11-3.63612E+11-3.45777E+11
 -1        32-3.66443E+11-3.02447E+11-1.40097E+11
 -1        33-2.63603E+11-1.70207E+11 3.80260E+10
 -1        34-8.54798E+10-2.32508E+09 1.40866E+11
 -1        35 1.20199E+11 1.56215E+11 1.40866E+11
 -1        36 2.98323E+11 2.62933E+11 3.80260E+10
 -1        37 4.01163E+11 2.89233E+11-1.40097E+11
 -1        38 3.85161E+11 2.69087E+11-1.66368E+11
 -1        39 3.02388E+11 1.68973E+11-2.88470E+11
 -1        40 1.56950E+11 1.36181E+10-4.33907E+11
 -1        41-4.17206E+10-1.55351E+11-4.87141E+11
 -1        42-2.40392E+11-2.92658E+11-4.33907E+11
 -1        43-3.85829E+11-3.61513E+11-2.88470E+11
 -1        44-4.39062E+11-3.43466E+11-8.97990E+10
 -1        45-3.85829E+11-2.43352E+11 1.08872E+11
 -1        46-2.40392E+11-8.79974E+10 2.54309E+11
 -1        47-4.17206E+10 8.09713E+10 3.07543E+11
 -1        48 1.56950E+11 2.18279E+11 2.54309E+11
 -1        49 3.02388E+11 2.87134E+11 1.08872E+11
 -1        50 3.42082E+11 2.28068E+11-1.92639E+11
 -1        51 2.39243E+11 9.58280E+10-3.70762E+11
 -1        52 6.11190E+10-7.20542E+10-4.73602E+11
 -1        53-1.44560E+11-2.30594E+11-4.73602E+11
 -1        54-3.22684E+11-3.37312E+11-3.70762E+11
 -1        55-4.25523E+11-3.63612E+11-1.92639E+11
 -1        56-4.25523E+11-3.02447E+11 1.30407E+10
 -1        57-3.22684E+11-1.70207E+11 1.91164E+11
 -1        58-1.44560E+11-2.32508E+09 2.94004E+11
 -1        59 6.11190E+10 1.56215E+11 2.94004E+11
 -1        60 2.39243E+11 2.62933E+11 1.91164E+11
 -1        61 3.42082E+11 2.89233E+11 1.30407E+10
 -1        62 1.55003E+11 4.52754E+10-3.22405E+11
 -1        63 9.68282E+10-1.68665E+10-3.80580E+11
 -1        64 1.73599E+10-8.44540E+10-4.01874E+11
 -1        65-6.21085E+10-1.39377E+11-3.80580E+11
 -1        66-1.20283E+11-1.66919E+11-3.22405E+11
 -1        67-1.41577E+11-1.59700E+11-2.42937E+11
 -1        68-1.20283E+11-1.19655E+11-1.63469E+11
 -1        69-6.21085E+10-5.75128E+10-1.05294E+11
 -1        70 1.73599E+10 1.00747E+10-8.40003E+10
 -1        71 9.68282E+10 6.49978E+10-1.05294E+11
 -1        72 1.55003E+11 9.25398E+10-1.63469E+11
 -1        73 1.70881E+11 6.89135E+10-2.84073E+11
 -1        74 1.29745E+11 1.60174E+10-3.55322E+11
 -1        75 5.84957E+10-5.11355E+10-3.96458E+11
 -1        76-2.37760E+10-1.14552E+11-3.96458E+11
 -1        77-9.50254E+10-1.57239E+11-3.55322E+11
 -1        78-1.36161E+11-1.67759E+11-2.84073E+11
 -1        79-1.36161E+11-1.43293E+11-2.01801E+11
 -1        80-9.50254E+10-9.03967E+10-1.30552E+11
 -1        81-2.37760E+10-2.32438E+10-8.94160E+10
 -1        82 5.84957E+10 4.01723E+10-8.94160E+10
 -1        83 1.29745E+11 8.28593E+10-1.30552E+11
 -1        84 1.70881E+11 9.33793E+10-2.01801E+11
 -1        85 9.59226E+10 4.52754E+10-1.69267E+11
 -1        86 3.77478E+10-1.68665E+10-2.27442E+11
 -1        87-4.17206E+10-8.44540E+10-2.48736E+11
 -1        88-1.21189E+11-1.39377E+11-2.27442E+11
 -1        89-1.79364E+11-1.66919E+11-1.69267E+11
 -1        90-2.00657E+11-1.59700E+11-8.97990E+10
 -1        91-1.79364E+11-1.19655E+11-1.03306E+10
 -1        92-1.21189E+11-5.75128E+10 4.78443E+10
 -1        93-4.17206E+10 1.00747E+10 6.91378E+10
 -1        94 3.77478E+10 6.49978E+10 4.78443E+10
 -1        95 9.59226E+10 9.25398E+10-1.03306E+10
 -1        96 1.11800E+11 6.89135E+10-1.30935E+11
 -1        97 7.06646E+10 1.60174E+10-2.02184E+11
 -1        98-5.84759E+08-5.11355E+10-2.43320E+11
 -1        99-8.28565E+10-1.14552E+11-2.43320E+11
 -1       100-1.54106E+11-1.57239E+11-2.02184E+11
 -1       101-1.95242E+11-1.67759E+11-1.30935E+11
 -1       102-1.95242E+11-1.43293E+11-4.86631E+10
 -1       103-1.54106E+11-9.03967E+10 2.25863E+10
 -1       104-8.28565E+10-2.32438E+10 6.37222E+10
 -1       105-5.84759E+08 4.01723E+10 6.37222E+10
 -1       106 7.06646E+10 8.28593E+10 2.25863E+10
 -1       107 1.11800E+11 9.33793E+10-4.86631E+10
 -1       108 1.36910E+11 8.53209E+10-1.40845E+11
 -1       109 1.56603E+11 8.53209E+10-1.91891E+11
 -1       110 1.27063E+11 8.53209E+10-1.15322E+11
 -1       111 1.46756E+11 8.53209E+10-1.66368E+11
 -1       112 1.66450E+11 8.53209E+10-2.17414E+11
 -1       113 2.55179E+09-1.11824E+09 1.42489E+08
 -1       114 4.16127E+09-1.45121E+09 1.57624E+08
 -1       115 1.60947E+09-1.11824E+09 1.72759E+08
 -1       116-2.15409E-04-7.85266E+08 1.57624E+08
 -1       117 2.55179E+09 4.52295E+08-1.72759E+08
 -1       118 4.16127E+09 1.19325E+08-1.57624E+08
 -1       119 1.60947E+09 4.52295E+08-1.42489E+08
 -1       120-9.24468E-05 7.85266E+08-1.57624E+08
 -1       121 4.71160E+08 3.04857E-03-1.51350E+07
 -1       122 4.63243E+09-6.65941E+08-1.51350E+07
 -1       123-4.71160E+08 3.12233E-03 1.51350E+07
 -1       124 3.69011E+09-6.65941E+08 1.51350E+07
 -1       125-5.20148E-04 5.86047E-03-1.63901E-03
 -1       126-2.26602E-04 3.61829E-03-1.21203E-03
 -1       127 1.90672E-04 1.47060E-03-9.40360E-04
 -1       128 5.12364E-04 2.88225E-04-5.91721E-04
 -1       129 7.30898E-04-3.04532E-04-9.74889E-04
 -1       130 5.54027E-04-1.35725E-03-2.04541E-03
 -1       131 3.99395E-04-1.00517E-03-2.58636E-03
 -1       132 3.95025E-04 1.63670E-03-2.83044E-03
 -1       133 1.55556E-04 4.67702E-03-2.85472E-03
 -1       134-1.58558E-04 6.90093E-03-2.75026E-03
 -1       135-4.28538E-04 7.87651E-03-2.50790E-03
 -1       136-5.78111E-04 6.78119E-03-1.88105E-03
 -1       137-3.98090E-04 4.77410E-03-1.40885E-03
 -1       138-2.24378E-05 2.48313E-03-1.05339E-03
 -1       139 3.65389E-04 7.28169E-04-7.85674E-04
 -1       140 6.15193E-04 1.28625E-04 0.00000E+00
 -1       141 6.62377E-04-9.46202E-04-1.61015E-03
 -1       142 4.73807E-04-1.41572E-03-2.35367E-03
 -1       143 3.86663E-04 3.73680E-05-2.72811E-03
 -1       144 2.97841E-04 3.21869E-03-2.86537E-03
 -1       145-6.54088E-06 5.92427E-03-2.82346E-03
 -1       146-3.02068E-04 7.56183E-03-2.65003E-03
 -1       147-5.23719E-04 7.83787E-03-2.32764E-03
 -1       148-9.34295E-04 7.45416E-03-1.33281E-03
 -1       149-1.22815E-03 5.84666E-03-1.30737E-04
 -1       150-9.06989E-04 3.60593E-03 2.09903E-04
 -1       151-4.35694E-04 1.46245E-03 3.25792E-04
 -1       152 6.61396E-05 1.78260E-04 9.40262E-05
 -1       153 7.19199E-04-3.79135E-04-1.89309E-04
 -1       154 7.14914E-04-1.30739E-03-4.55629E-04
 -1       155 2.80909E-04-1.05328E-03-3.36055E-04
 -1       156-1.34626E-04 1.54808E-03-4.88743E-04
 -1       157-4.68182E-04 4.67033E-03-1.00258E-03
 -1       158-8.29676E-04 6.88596E-03-1.05161E-03
 -1       159-1.12797E-03 7.86480E-03-8.87119E-04
 -1       160-1.29134E-03 6.76739E-03-3.43836E-04
 -1       161-1.09559E-03 4.76324E-03 5.93926E-05
 -1       162-6.78196E-04 2.47465E-03 3.00439E-04
 -1       163-1.88386E-04 6.68746E-04 2.38821E-04
 -1       164 4.40169E-04 0.00000E+00 0.00000E+00
 -1       165 7.82874E-04-9.11149E-04-3.51633E-04
 -1       166 5.40108E-04-1.39368E-03-4.79449E-04
 -1       167 0.00000E+00 0.00000E+00 0.00000E+00
 -1       168-2.92108E-04 3.18210E-03-8.15784E-04
 -1       169-6.60208E-04 5.91138E-03-1.05709E-03
 -1       170-9.88383E-04 7.54869E-03-9.93926E-04
 -1       171-1.23224E-03 7.82654E-03-7.36021E-04
 -1       172 3.71622E+11 2.28068E+11-2.69208E+11
 -1       173 3.71622E+11 2.89233E+11-6.35284E+10
 -1       174 3.31928E+11 1.68973E+11-3.65039E+11
 -1       175 3.31928E+11 2.87134E+11 3.23029E+10
 -1       176 2.68783E+11 9.58280E+10-4.47331E+11
 -1       177 9.06593E+10-7.20542E+10-5.50171E+11
 -1       178-1.21804E+10-1.55351E+11-5.63710E+11
 -1       179 1.86491E+11 1.36181E+10-5.10476E+11
 -1       180-1.15020E+11-2.30594E+11-5.50171E+11
 -1       181-2.10851E+11-2.92658E+11-5.10476E+11
 -1       182-2.93144E+11-3.37312E+11-4.47331E+11
 -1       183-3.56289E+11-3.61513E+11-3.65039E+11
 -1       184-3.95983E+11-3.63612E+11-2.69208E+11
 -1       185-3.95983E+11-3.02447E+11-6.35284E+10
 -1       186-4.09522E+11-3.43466E+11-1.66368E+11
 -1       187-2.93144E+11-1.70207E+11 1.14595E+11
 -1       188-2.10851E+11-8.79974E+10 1.77740E+11
 -1       189-3.56289E+11-2.43352E+11 3.23029E+10
 -1       190-1.15020E+11-2.32508E+09 2.17435E+11
 -1       191 9.06593E+10 1.56215E+11 2.17435E+11
 -1       192 1.86491E+11 2.18279E+11 1.77740E+11
 -1       193-1.21804E+10 8.09713E+10 2.30974E+11
 -1       194 2.68783E+11 2.62933E+11 1.14595E+11
 -1       195 2.70657E+11 1.37872E+11-3.10808E+11
 -1       196-1.68066E+11-2.35260E+11-4.28363E+11
 -1       197 2.66516E+11 1.75377E+11-1.73957E+11
 -1       198 1.97956E+11 1.56883E+11-5.84354E+10
 -1       199-5.05109E+10-1.41802E+10 1.03598E+10
 -1       200 8.25039E+10 8.61709E+10 3.03436E+09
 -1       201-1.66957E+11-1.25353E+11-6.16513E+10
 -1       202-2.32906E+11-2.49380E+11-3.07777E+11
 -1       203-4.74799E+10-1.61593E+11-4.93203E+11
 -1       204-2.28076E+11-2.06818E+11-1.77173E+11
 -1       205 1.98646E+11 4.77360E+10-4.27254E+11
 -1       206 8.31241E+10-5.94850E+10-4.88373E+11
 -1       207 3.16062E+11 1.53422E+11-3.76208E+11
 -1       208 3.42679E+11 2.03479E+11-2.76872E+11
 -1       209 3.40609E+11 2.22232E+11-2.08447E+11
 -1       210 3.13992E+11 2.31255E+11-1.09112E+11
 -1       211 2.68587E+11 1.56624E+11-2.42382E+11
 -1       212 2.23477E+11 1.11596E+11-2.76872E+11
 -1       213 2.12830E+11 9.15735E+10-3.16607E+11
 -1       214 2.10760E+11 1.33958E+11-1.68713E+11
 -1       215 2.21406E+11 1.30349E+11-2.08447E+11
 -1       216 2.07338E+11 3.06770E+10-5.07150E+11
 -1       217 2.80057E+11 1.08354E+11-4.34431E+11
 -1       218 2.34651E+11 9.28038E+10-3.69031E+11
 -1       219 5.02420E+10-1.07418E+11-5.64326E+11
 -1       220 1.49577E+11-2.29334E+10-5.37709E+11
 -1       221 1.40885E+11-5.87450E+09-4.57813E+11
 -1       222-1.14395E+11-2.27125E+11-5.40124E+11
 -1       223-1.50600E+10-1.58472E+11-5.66741E+11
 -1       224 1.78221E+10-1.10539E+11-4.90788E+11
 -1       225-2.47407E+11-2.98387E+11-4.34986E+11
 -1       226-1.74689E+11-2.63959E+11-5.07704E+11
 -1       227-1.07773E+11-1.98426E+11-4.60783E+11
 -1       228-3.06444E+11-2.96423E+11-2.75357E+11
 -1       229-2.79827E+11-3.05446E+11-3.74692E+11
 -1       230-2.00486E+11-2.42320E+11-3.68070E+11
 -1       231-2.77412E+11-2.25085E+11-1.10720E+11
 -1       232-3.04029E+11-2.75142E+11-2.10055E+11
 -1       233-2.30491E+11-2.28099E+11-2.42475E+11
 -1       234-1.74134E+11-1.06675E+11 1.97599E+10
 -1       235-2.46853E+11-1.84353E+11-5.29587E+10
 -1       236-1.97516E+11-1.66085E+11-1.19412E+11
 -1       237-1.65755E+10 3.33955E+10 8.23823E+10
 -1       238-1.15911E+11-5.10888E+10 5.57655E+10
 -1       239-1.08734E+11-6.97666E+10-2.56457E+10
 -1       240 1.49267E+11 1.52225E+11 5.21027E+10
 -1       241 4.99319E+10 8.35711E+10 7.87196E+10
 -1       242 1.59965E+10 3.59953E+10 6.69709E+09
 -1       243 2.79712E+11 2.22008E+11-5.13508E+10
 -1       244 2.06993E+11 1.87581E+11 2.13678E+10
 -1       245 1.40230E+11 1.21527E+11-2.77005E+10
 -1       246 2.32236E+11 1.66130E+11-1.16196E+11
 -1       247 1.76824E+11 4.65057E+10-3.74830E+11
 -1       248 1.47737E+11 1.54347E+10-4.03917E+11
 -1       249 8.99762E+10-3.81757E+10-4.34476E+11
 -1       250 5.02420E+10-7.19695E+10-4.45123E+11
 -1       251-1.50600E+10-1.23023E+11-4.47538E+11
 -1       252-5.47942E+10-1.50485E+11-4.36892E+11
 -1       253-1.15087E+11-1.87319E+11-4.04472E+11
 -1       254-1.44175E+11-2.01090E+11-3.75384E+11
 -1       255-1.76595E+11-2.08149E+11-3.15091E+11
 -1       256-1.87241E+11-2.04540E+11-2.75357E+11
 -1       257-1.84826E+11-1.83259E+11-2.10055E+11
 -1       258-1.74180E+11-1.63236E+11-1.70321E+11
 -1       259-1.43620E+11-1.22504E+11-1.12560E+11
 -1       260-1.14533E+11-9.14328E+10-8.34725E+10
 -1       261-5.63097E+10-3.58465E+10-4.74670E+10
 -1       262-1.65755E+10-2.05274E+09-3.68203E+10
 -1       263 4.99319E+10 4.81228E+10-4.04830E+10
 -1       264 8.96661E+10 7.55843E+10-5.11297E+10
 -1       265 1.47392E+11 1.10940E+11-8.18646E+10
 -1       266 1.76479E+11 1.24711E+11-1.10952E+11
 -1       267 2.11576E+11 1.37872E+11-1.57670E+11
 -1       268-2.27147E+11-2.35260E+11-2.75225E+11
 -1       269 2.07436E+11 1.75377E+11-2.08188E+10
 -1       270 1.38875E+11 1.56883E+11 9.47027E+10
 -1       271-1.09591E+11-1.41802E+10 1.63498E+11
 -1       272 2.34234E+10 8.61709E+10 1.56172E+11
 -1       273-2.26037E+11-1.25353E+11 9.14869E+10
 -1       274-2.91987E+11-2.49380E+11-1.54639E+11
 -1       275-1.06560E+11-1.61593E+11-3.40065E+11
 -1       276-2.87156E+11-2.06818E+11-2.40347E+10
 -1       277 1.39565E+11 4.77360E+10-2.74116E+11
 -1       278 2.40436E+10-5.94850E+10-3.35234E+11
 -1       279 2.83599E+11 2.03479E+11-1.23734E+11
 -1       280 2.56982E+11 1.53422E+11-2.23070E+11
 -1       281 2.54912E+11 2.31255E+11 4.40266E+10
 -1       282 2.81529E+11 2.22232E+11-5.53089E+10
 -1       283 2.09506E+11 1.56624E+11-8.92442E+10
 -1       284 1.53749E+11 9.15735E+10-1.63468E+11
 -1       285 1.64396E+11 1.11596E+11-1.23734E+11
 -1       286 1.62326E+11 1.30349E+11-5.53089E+10
 -1       287 1.51679E+11 1.33958E+11-1.55747E+10
 -1       288 2.20976E+11 1.08354E+11-2.81293E+11
 -1       289 1.48258E+11 3.06770E+10-3.54011E+11
 -1       290 1.75571E+11 9.28038E+10-2.15893E+11
 -1       291 9.04970E+10-2.29334E+10-3.84571E+11
 -1       292-8.83850E+09-1.07418E+11-4.11188E+11
 -1       293 8.18044E+10-5.87450E+09-3.04675E+11
 -1       294-7.41405E+10-1.58472E+11-4.13603E+11
 -1       295-1.73476E+11-2.27125E+11-3.86986E+11
 -1       296-4.12584E+10-1.10539E+11-3.37650E+11
 -1       297-2.33769E+11-2.63959E+11-3.54566E+11
 -1       298-3.06488E+11-2.98387E+11-2.81848E+11
 -1       299-1.66854E+11-1.98426E+11-3.07645E+11
 -1       300-3.38908E+11-3.05446E+11-2.21554E+11
 -1       301-3.65525E+11-2.96423E+11-1.22219E+11
 -1       302-2.59567E+11-2.42320E+11-2.14932E+11
 -1       303-3.63109E+11-2.75142E+11-5.69168E+10
 -1       304-3.36492E+11-2.25085E+11 4.24186E+10
 -1       305-2.89571E+11-2.28099E+11-8.93367E+10
 -1       306-3.05933E+11-1.84353E+11 1.00179E+11
 -1       307-2.33214E+11-1.06675E+11 1.72898E+11
 -1       308-2.56597E+11-1.66085E+11 3.37261E+10
 -1       309-1.74991E+11-5.10888E+10 2.08904E+11
 -1       310-7.56560E+10 3.33955E+10 2.35520E+11
 -1       311-1.67814E+11-6.97666E+10 1.27492E+11
 -1       312-9.14859E+09 8.35711E+10 2.31858E+11
 -1       313 9.01869E+10 1.52225E+11 2.05241E+11
 -1       314-4.30839E+10 3.59953E+10 1.59835E+11
 -1       315 1.47913E+11 1.87581E+11 1.74506E+11
 -1       316 2.20631E+11 2.22008E+11 1.01787E+11
 -1       317 8.11493E+10 1.21527E+11 1.25438E+11
 -1       318 1.73156E+11 1.66130E+11 3.69420E+10
 -1       319 8.86565E+10 1.54347E+10-2.50779E+11
 -1       320 1.17744E+11 4.65057E+10-2.21692E+11
 -1       321-8.83850E+09-7.19695E+10-2.91985E+11
 -1       322 3.08957E+10-3.81757E+10-2.81338E+11
 -1       323-1.13875E+11-1.50485E+11-2.83754E+11
 -1       324-7.41405E+10-1.23023E+11-2.94400E+11
 -1       325-2.03255E+11-2.01090E+11-2.22246E+11
 -1       326-1.74168E+11-1.87319E+11-2.51334E+11
 -1       327-2.46322E+11-2.04540E+11-1.22219E+11
 -1       328-2.35675E+11-2.08149E+11-1.61953E+11
 -1       329-2.33260E+11-1.63236E+11-1.71826E+10
 -1       330-2.43907E+11-1.83259E+11-5.69168E+10
 -1       331-1.73613E+11-9.14328E+10 6.96656E+10
 -1       332-2.02701E+11-1.22504E+11 4.05781E+10
 -1       333-7.56560E+10-2.05274E+09 1.16318E+11
 -1       334-1.15390E+11-3.58465E+10 1.05671E+11
 -1       335 3.05856E+10 7.55843E+10 1.02008E+11
 -1       336-9.14859E+09 4.81228E+10 1.12655E+11
 -1       337 1.17399E+11 1.24711E+11 4.21861E+10
 -1       338 8.83114E+10 1.10940E+11 7.12735E+10
 -1       339 2.71534E+10 3.89218E+10-1.23810E+10
 -1       340 9.51942E+10 8.03981E+10-4.92711E+10
 -1       341 9.51942E+10 1.06758E+10-2.83728E+11
 -1       342 2.71534E+10-5.26668E+10-3.20368E+11
 -1       343-5.33162E+10-2.32438E+10-1.28469E+10
 -1       344-1.24566E+11-9.03967E+10-5.39828E+10
 -1       345 1.61034E+11 9.33793E+10-1.76278E+11
 -1       346 1.34586E+11 9.38764E+10-1.06053E+11
 -1       347 1.34586E+11 5.45243E+10-2.38384E+11
 -1       348 1.61034E+11 6.89135E+10-2.58550E+11
 -1       349 1.30293E+11 7.13878E+10-1.70549E+11
 -1       350 1.30293E+11 9.28532E+10-9.83666E+10
 -1       351-1.65702E+11-1.43293E+11-1.25232E+11
 -1       352-1.65702E+11-1.67759E+11-2.07504E+11
 -1       353-1.24566E+11-1.57239E+11-2.78753E+11
 -1       354-5.33162E+10-1.14552E+11-3.19889E+11
 -1       355 1.70014E+11 7.81035E+10-2.50921E+11
 -1       356 1.59275E+11 5.79080E+10-2.90998E+11
 -1       357 1.70014E+11 9.04420E+10-2.09430E+11
 -1       358 1.59275E+11 9.40826E+10-1.69353E+11
 -1       359 1.60167E+11 9.04420E+10-1.83907E+11
 -1       360 1.60167E+11 7.81035E+10-2.25398E+11
 -1       361 1.24789E+11 7.91164E+10-1.30293E+11
 -1       362 1.14708E+11 5.93768E+10-1.70540E+11
 -1       363 1.24789E+11 8.99199E+10-9.39638E+10
 -1       364 1.14708E+11 9.41176E+10-5.37164E+10
 -1       365 1.34636E+11 7.91164E+10-1.55816E+11
 -1       366 1.34636E+11 8.99199E+10-1.19487E+11
 -1       367 1.26545E+11 2.87452E+10-3.04228E+11
 -1       368 9.65673E+10-2.89237E+09-3.32913E+11
 -1       369 1.17453E+11 3.40202E+10-2.62922E+11
 -1       370 1.44952E+11 4.99966E+10-2.80475E+11
 -1       371 1.48335E+11 6.20671E+10-2.48656E+11
 -1       372 6.25507E+10-3.47438E+10-3.51848E+11
 -1       373 2.24114E+10-6.88072E+10-3.62352E+11
 -1       374 6.34428E+10-2.04944E+10-3.06244E+11
 -1       375-1.81557E+10-1.00040E+11-3.62230E+11
 -1       376-5.82327E+10-1.27739E+11-3.51491E+11
 -1       377-1.31118E+10-8.51721E+10-3.25305E+11
 -1       378-9.41648E+10-1.49267E+11-3.30746E+11
 -1       379-1.23503E+11-1.63156E+11-3.01407E+11
 -1       380-9.16488E+10-1.39377E+11-3.04011E+11
 -1       381-1.44249E+11-1.68462E+11-2.65475E+11
 -1       382-1.54987E+11-1.64821E+11-2.25398E+11
 -1       383-1.49824E+11-1.66919E+11-2.45836E+11
 -1       384-1.44249E+11-1.32287E+11-1.43830E+11
 -1       385-1.54987E+11-1.52483E+11-1.83907E+11
 -1       386-1.71117E+11-1.59700E+11-1.66368E+11
 -1       387-1.23503E+11-1.05611E+11-1.07898E+11
 -1       388-9.41648E+10-7.42720E+10-7.85596E+10
 -1       389-1.49824E+11-1.19655E+11-8.68996E+10
 -1       390-5.82327E+10-4.04058E+10-5.78141E+10
 -1       391-1.81557E+10-6.32045E+09-4.70755E+10
 -1       392-9.16488E+10-5.75128E+10-2.87248E+10
 -1       393 2.24114E+10 2.49836E+10-4.69596E+10
 -1       394 6.25507E+10 5.28001E+10-5.74629E+10
 -1       395-1.31118E+10 9.35505E+09-7.43714E+09
 -1       396 9.65673E+10 7.33523E+10-7.65236E+10
 -1       397 1.26545E+11 8.79294E+10-1.05208E+11
 -1       398 6.34428E+10 6.26569E+10-2.66297E+10
 -1       399 1.17453E+11 8.96673E+10-7.57962E+10
 -1       400 1.44952E+11 9.33530E+10-1.34680E+11
 -1       401 1.48335E+11 9.40884E+10-1.40977E+11
 -1       402 6.70271E+10-2.89237E+09-2.56344E+11
 -1       403 9.70050E+10 2.87452E+10-2.27659E+11
 -1       404 1.15411E+11 4.99966E+10-2.03906E+11
 -1       405 1.33194E+11 6.34603E+10-2.04724E+11
 -1       406-7.12887E+09-6.88072E+10-2.85783E+11
 -1       407 3.30105E+10-3.47438E+10-2.75279E+11
 -1       408-8.77730E+10-1.27739E+11-2.74922E+11
 -1       409-4.76959E+10-1.00040E+11-2.85661E+11
 -1       410-1.53044E+11-1.63156E+11-2.24838E+11
 -1       411-1.23705E+11-1.49267E+11-2.54176E+11
 -1       412-1.84528E+11-1.64821E+11-1.48829E+11
 -1       413-1.73789E+11-1.68462E+11-1.88906E+11
 -1       414-1.84528E+11-1.52483E+11-1.07338E+11
 -1       415-1.73789E+11-1.32287E+11-6.72610E+10
 -1       416-1.23705E+11-7.42720E+10-1.99048E+09
 -1       417-1.53044E+11-1.05611E+11-3.13289E+10
 -1       418-4.76959E+10-6.32045E+09 2.94935E+10
 -1       419-8.77730E+10-4.04058E+10 1.87549E+10
 -1       420 3.30105E+10 5.28001E+10 1.91062E+10
 -1       421-7.12887E+09 2.49836E+10 2.96094E+10
 -1       422 9.70050E+10 8.79294E+10-2.86393E+10
 -1       423 6.70271E+10 7.33523E+10 4.54273E+07
 -1       424 1.15411E+11 9.33530E+10-5.81111E+10
 -1       425 1.33194E+11 9.40222E+10-1.01953E+11
 -1       426 1.44483E+11 7.91164E+10-1.81339E+11
 -1       427 1.44483E+11 8.99199E+10-1.45010E+11
 -1       428 1.49160E+11 9.25776E+10-1.48195E+11
 -1       429 1.49160E+11 7.24393E+10-2.15915E+11
 -1       430 2.08063E+09-1.11824E+09 1.57624E+08
 -1       431 2.08063E+09 4.52295E+08-1.57624E+08
 -1       432 2.55179E+09-3.32971E+08-1.51350E+07
 -1       433 1.60947E+09-3.32971E+08 1.51350E+07
 -1       434-1.40582E-04 3.09588E-03-1.50421E-03
 -1       435-2.35580E+08-3.92633E+08 8.63794E+07
 -1       436 2.35580E+08-3.92633E+08 7.12444E+07
 -1       437 2.35580E+08 3.92633E+08-8.63794E+07
 -1       438-2.35580E+08 3.92633E+08-7.12444E+07
 -1       439 4.16127E+09-6.65941E+08-4.40123E-03
 -1       440 4.39685E+09-1.05857E+09 7.12444E+07
 -1       441 3.92569E+09-1.05857E+09 8.63794E+07
 -1       442 4.39685E+09-2.73308E+08-8.63794E+07
 -1       443 3.92569E+09-2.73308E+08-7.12444E+07
 -1       444-9.34567E-04 6.77388E-03-1.11194E-03
 -1       445-8.77744E-04 7.83273E-03-1.53127E-03
 -1       446-8.73449E-04 5.85249E-03-8.84172E-04
 -1       447-7.78109E-04 7.87199E-03-1.69747E-03
 -1       448-7.48562E-04 4.76693E-03-6.73351E-04
 -1       449-5.68215E-04 3.60984E-03-5.00229E-04
 -1       450-3.52714E-04 2.47549E-03-3.79915E-04
 -1       451-1.21473E-04 1.45613E-03-3.25038E-04
 -1       452 9.25272E-05 6.80665E-04-2.96651E-04
 -1       453 5.25604E-04 3.18809E-05-3.31386E-04
 -1       454 3.03116E-04 2.01869E-04-2.95710E-04
 -1       455 7.26045E-04-9.27370E-04-9.86697E-04
 -1       456 6.43419E-04-1.33325E-03-1.24588E-03
 -1       457 7.09973E-04-3.62045E-04-6.24604E-04
 -1       458 5.10663E-04-1.40129E-03-1.42424E-03
 -1       459 3.55336E-04-1.02864E-03-1.49294E-03
 -1       460 2.22766E-04 1.58232E-05-1.54412E-03
 -1       461 1.40677E-04 1.61414E-03-1.70353E-03
 -1       462 7.12319E-06 3.21632E-03-1.84737E-03
 -1       463-3.31962E-04 5.91984E-03-1.93675E-03
 -1       464-4.94986E-04 6.89653E-03-1.90052E-03
 -1       465-1.53708E-04 4.68220E-03-1.93514E-03
 -1       466-6.46042E-04 7.55674E-03-1.82249E-03
 -1       467 1.23319E-04 3.10060E-03-2.24843E-03
 -1       468-1.88521E-04 5.51917E-03-2.24079E-03
 -1       469 6.19525E-05 4.49856E-03-2.51554E-03
 -1       470 3.20021E-04 8.01686E-04-1.89192E-03
 -1       471 1.91237E-04 1.80404E-03-1.43001E-03
 -1       472-1.26497E-04 4.00789E-03-1.74289E-03
 -1       473 2.87407E-04 1.79834E-03-2.46325E-03
 -1       474-3.48449E-04 5.71058E-03-1.95722E-03
 -1       475-1.63629E-04 6.21070E-03-2.51474E-03
 -1       476 1.23020E-05 2.70626E-03-1.33391E-03
 -1       477 3.32305E-04 5.69439E-04-1.18412E-03
 -1       478-4.32117E-04 5.78948E-03-1.80097E-03
 -1       479-4.59731E-04 6.58116E-03-2.03969E-03
 -1       480-3.74817E-04 6.49681E-03-2.18002E-03
 -1       481-3.05182E-04 6.69122E-03-2.37863E-03
 -1       482-2.67210E-04 5.62124E-03-2.10588E-03
 -1       483-1.76289E-04 3.82316E-03-1.47350E-03
 -1       484-3.14072E-04 4.93465E-03-1.69741E-03
 -1       485-2.39599E-04 4.85189E-03-1.86122E-03
 -1       486 1.00658E-04 2.08210E-03-1.12559E-03
 -1       487-1.00520E-04 3.16000E-03-1.27924E-03
 -1       488-6.28967E-05 3.34801E-03-1.54201E-03
 -1       489 3.24000E-04 9.49328E-04-1.00819E-03
 -1       490 1.97663E-04 1.65822E-03-1.14295E-03
 -1       491 1.07708E-04 2.25403E-03-1.38184E-03
 -1       492 4.69060E-04 6.55381E-05-1.09500E-03
 -1       493 3.58093E-04 4.36648E-04-7.49406E-04
 -1       494 2.69725E-04 1.16079E-03-1.31712E-03
 -1       495 4.24169E-04-2.21754E-04-1.97042E-03
 -1       496 4.27416E-04 7.64777E-05-1.52417E-03
 -1       497 3.24970E-04 6.93944E-04-1.56540E-03
 -1       498 3.31360E-04 4.65595E-04-2.54638E-03
 -1       499 3.56331E-04 5.75458E-05-2.29458E-03
 -1       500 2.93919E-04 1.25561E-03-2.24386E-03
 -1       501 3.51788E-04 1.71642E-03-2.65351E-03
 -1       502 1.09180E-04 4.59219E-03-2.67970E-03
 -1       503 2.46746E-04 3.19358E-03-2.66497E-03
 -1       504 1.90052E-04 3.17468E-03-2.48484E-03
 -1       505-4.47479E-05 5.69174E-03-2.63095E-03
 -1       506-2.93314E-04 7.04731E-03-2.51183E-03
 -1       507-1.59825E-04 6.55398E-03-2.63305E-03
 -1       508-4.46527E-05 5.36297E-03-2.51671E-03
 -1       509-1.72421E-04 5.86616E-03-2.38567E-03
 -1       510 1.04843E-04 3.77440E-03-2.33979E-03
 -1       511-4.64700E-05 5.03375E-03-2.39873E-03
 -1       512-1.88436E-05 4.28714E-03-2.21863E-03
 -1       513-1.65412E-04 4.75697E-03-2.02684E-03
 -1       514-2.09143E-05 3.56887E-03-1.94431E-03
 -1       515 1.88746E-04 2.51262E-03-2.32052E-03
 -1       516 1.60640E-04 2.43429E-03-1.80486E-03
 -1       517 2.64217E-04 1.35522E-03-1.65616E-03
 -1       518 2.35827E-04 1.91701E-03-2.05640E-03
 -1       519 3.35123E-05 2.87457E-03-1.60344E-03
 -1       520-4.09750E-04 3.08592E-03-6.50211E-04
 -1       521-8.53370E-04 5.51334E-03-6.59400E-04
 -1       522-5.25641E-04 4.47988E-03-7.99010E-04
 -1       523 1.48573E-04 7.87494E-04-4.56302E-04
 -1       524-3.04883E-04 1.77601E-03-1.26637E-04
 -1       525-7.87116E-04 4.00307E-03-2.56559E-04
 -1       526-4.82449E-05 1.79555E-03-6.17265E-04
 -1       527-1.04662E-03 5.70025E-03-4.16582E-04
 -1       528-8.31462E-04 6.19895E-03-8.64769E-04
 -1       529-6.10441E-04 2.68712E-03 4.71946E-05
 -1       530 1.33041E-04 5.61492E-04-1.74605E-04
 -1       531-1.17041E-03 6.56860E-03-4.85393E-04
 -1       532-1.13860E-03 5.77779E-03-2.76021E-04
 -1       533-9.94227E-04 6.67890E-03-7.74194E-04
 -1       534-1.07610E-03 6.48628E-03-6.07196E-04
 -1       535-9.50999E-04 5.61303E-03-5.45494E-04
 -1       536-1.00653E-03 4.92264E-03-1.94287E-04
 -1       537-8.46485E-04 3.80938E-03-2.16039E-05
 -1       538-9.18875E-04 4.84264E-03-3.41198E-04
 -1       539-7.57519E-04 3.14624E-03 1.26646E-04
 -1       540-5.22258E-04 2.06523E-03 1.91345E-04
 -1       541-7.01248E-04 3.33290E-03-1.04818E-04
 -1       542-3.62232E-04 1.64735E-03 1.07153E-04
 -1       543-1.12728E-04 8.87960E-04 2.38018E-05
 -1       544-4.58345E-04 2.23089E-03-3.86953E-05
 -1       545 1.01767E-04 3.97687E-04-1.07883E-05
 -1       546 4.22682E-04 6.75484E-05-1.91574E-04
 -1       547-1.03595E-04 1.12006E-03-1.41115E-04
 -1       548 4.21733E-04 7.96305E-05-3.47419E-04
 -1       549 4.71764E-04-2.01883E-04-4.73960E-04
 -1       550 1.45025E-04 6.80926E-04-3.38426E-04
 -1       551 3.27610E-04 7.08302E-05-5.44090E-04
 -1       552 1.77596E-04 4.70933E-04-5.09851E-04
 -1       553 4.13922E-05 1.23858E-03-5.69829E-04
 -1       554-3.25096E-05 1.67887E-03-5.26923E-04
 -1       555-2.80843E-04 3.16577E-03-7.09772E-04
 -1       556-4.92562E-04 4.57860E-03-8.85126E-04
 -1       557-2.97715E-04 3.15824E-03-7.01896E-04
 -1       558-6.82790E-04 5.67744E-03-9.26269E-04
 -1       559-8.29023E-04 6.54162E-03-9.58898E-04
 -1       560-9.81304E-04 7.03587E-03-8.79976E-04
 -1       561-6.78196E-04 5.34874E-03-8.37222E-04
 -1       562-8.39315E-04 5.85647E-03-7.66981E-04
 -1       563-6.31478E-04 4.28991E-03-6.46988E-04
 -1       564-6.77657E-04 5.02447E-03-7.49700E-04
 -1       565-4.56587E-04 3.76208E-03-6.99850E-04
 -1       566-6.13037E-04 3.56506E-03-4.37262E-04
 -1       567-8.28524E-04 4.75143E-03-4.80741E-04
 -1       568-2.36120E-04 2.49049E-03-6.28019E-04
 -1       569-1.49321E-04 1.88398E-03-5.34507E-04
 -1       570-8.56625E-05 1.34168E-03-3.05831E-04
 -1       571-3.59815E-04 2.40683E-03-3.74363E-04
 -1       572-5.48770E-04 2.85044E-03-1.90510E-04
 -1       573 6.40105E+10-6.87807E+10-4.70088E+11
 -1       574 2.02079E+11 7.31672E+10-3.50634E+11
 -1       575 2.37971E+11 1.44528E+11-2.03700E+11
 -1       576 1.10480E+11-2.75813E+10-4.51998E+11
 -1       577 1.11449E+10-1.12066E+11-4.78615E+11
 -1       578 1.40021E+11-2.75813E+10-5.28567E+11
 -1       579 4.06852E+10-1.12066E+11-5.55184E+11
 -1       580-1.66884E+11-2.01509E+11-3.17934E+11
 -1       581-1.46316E+11-1.96249E+11-3.53558E+11
 -1       582-1.96424E+11-2.01509E+11-2.41365E+11
 -1       583-1.75856E+11-1.96249E+11-2.76989E+11
 -1       584-1.97607E+11-2.35260E+11-3.51794E+11
 -1       585-1.99304E+11-1.96336E+11-2.16504E+11
 -1       586-1.99304E+11-2.08569E+11-2.57640E+11
 -1       587-2.28844E+11-1.96336E+11-1.39935E+11
 -1       588-2.28844E+11-2.08569E+11-1.81071E+11
 -1       589-2.62446E+11-2.49380E+11-2.31208E+11
 -1       590-1.75302E+11-1.07875E+11 1.87520E+10
 -1       591-1.96497E+11-1.25353E+11 1.49178E+10
 -1       592-1.45761E+11-1.07875E+11-5.78170E+10
 -1       593-1.66329E+11-1.34323E+11-9.34417E+10
 -1       594-1.95869E+11-1.34323E+11-1.68727E+10
 -1       595-5.03981E+10-1.38072E+11-4.06546E+11
 -1       596-1.01632E+10-1.07130E+11-4.06785E+11
 -1       597-3.97035E+10-1.07130E+11-3.30216E+11
 -1       598-7.70201E+10-1.61593E+11-4.16634E+11
 -1       599-7.99383E+10-1.38072E+11-3.29977E+11
 -1       600 8.88490E+10 8.32845E+10-2.31184E+10
 -1       601 5.48287E+10 6.25463E+10-4.67332E+09
 -1       602 2.52884E+10 6.25463E+10 7.18957E+10
 -1       603 5.29637E+10 8.61709E+10 7.96034E+10
 -1       604 5.93088E+10 8.32845E+10 5.34507E+10
 -1       605 1.66271E+11 1.25380E+11-8.22444E+10
 -1       606 2.00551E+11 1.34627E+11-1.40005E+11
 -1       607 2.36976E+11 1.75377E+11-9.73879E+10
 -1       608 1.71011E+11 1.34627E+11-6.34361E+10
 -1       609 2.02696E+11 1.66130E+11-3.96271E+10
 -1       610-2.30026E+11-2.42320E+11-2.91501E+11
 -1       611 1.36731E+11 1.25380E+11-5.67529E+09
 -1       612 1.68415E+11 1.56883E+11 1.81337E+10
 -1       613-1.17181E+10-1.10539E+11-4.14219E+11
 -1       614 2.55985E+10-5.60759E+10-3.27801E+11
 -1       615-2.27057E+11-1.66085E+11-4.28430E+10
 -1       616-1.96889E+11-1.75055E+11-1.51203E+11
 -1       617-2.26429E+11-1.75055E+11-7.46334E+10
 -1       618-2.60031E+11-2.28099E+11-1.65906E+11
 -1       619 1.46575E+11 1.18640E+11-5.38533E+10
 -1       620 1.10690E+11 1.21527E+11 4.88685E+10
 -1       621 1.17035E+11 1.18640E+11 2.27158E+10
 -1       622 5.51388E+10-5.60759E+10-4.04370E+11
 -1       623 5.35839E+10-5.94850E+10-4.11803E+11
 -1       624-2.57616E+11-2.06818E+11-1.00604E+11
 -1       625 1.97287E+11 1.14925E+11-1.97795E+11
 -1       626 1.87440E+11 1.14925E+11-1.72272E+11
 -1       627 1.84132E+11 1.18691E+11-1.51033E+11
 -1       628 2.13775E+11 1.34378E+11-1.75118E+11
 -1       629 2.11560E+11 1.30349E+11-1.82924E+11
 -1       630 1.86279E+11 1.19202E+11-1.54876E+11
 -1       631-8.00511E+10-1.41802E+10 8.69289E+10
 -1       632-4.61157E+10 3.33955E+10 1.58951E+11
 -1       633-1.35437E+10 3.59953E+10 8.32662E+10
 -1       634 3.11069E+11 2.22232E+11-1.31878E+11
 -1       635 2.52243E+11 1.59952E+11-1.88828E+11
 -1       636 2.22703E+11 1.59952E+11-1.12259E+11
 -1       637 3.26336E+11 2.06807E+11-2.23318E+11
 -1       638-8.60228E+10-1.59416E+11-3.85978E+11
 -1       639-1.15563E+11-1.59416E+11-3.09409E+11
 -1       640-1.39677E+11-7.42984E+10 3.93200E+10
 -1       641-1.10137E+11-7.42984E+10-3.72491E+10
 -1       642 2.50172E+11 2.22008E+11 2.52183E+10
 -1       643 1.19727E+11 1.52225E+11 1.28672E+11
 -1       644 1.68865E+11 1.34115E+11-5.95927E+10
 -1       645 1.45938E+10 3.14635E+10-4.90628E+09
 -1       646-1.49464E+10 3.14635E+10 7.16628E+10
 -1       647 2.15845E+11 1.03393E+11-2.84679E+11
 -1       648 2.02622E+11 9.61979E+10-2.74596E+11
 -1       649 8.91591E+10-2.44046E+10-3.86050E+11
 -1       650 1.48636E+11 4.19215E+10-3.17181E+11
 -1       651 1.42601E+11 6.84115E+09-4.19503E+11
 -1       652 1.14616E+11 1.02502E+10-3.35501E+11
 -1       653 5.96189E+10-2.44046E+10-3.09481E+11
 -1       654 1.13061E+11 6.84115E+09-3.42934E+11
 -1       655-1.45451E+11-5.10888E+10 1.32335E+11
 -1       656 2.84452E+11 2.31255E+11-3.25425E+10
 -1       657 1.77453E+11 1.87581E+11 9.79369E+10
 -1       658 2.03916E+10 8.35711E+10 1.55289E+11
 -1       659 1.66186E+11 7.22775E+10-2.60591E+11
 -1       660 1.68333E+11 6.38457E+10-2.94509E+11
 -1       661 1.49001E+11 5.92213E+10-2.59951E+11
 -1       662-1.37313E+11-1.98426E+11-3.84214E+11
 -1       663-2.04229E+11-2.63959E+11-4.31135E+11
 -1       664-2.76948E+11-2.98387E+11-3.58417E+11
 -1       665-1.38274E+11-6.97666E+10 5.09233E+10
 -1       666-8.14538E+10-1.87120E+10 7.53255E+10
 -1       667-5.19135E+10-1.87120E+10-1.24354E+09
 -1       668-3.09367E+11-3.05446E+11-2.98123E+11
 -1       669-2.03674E+11-1.06675E+11 9.63290E+10
 -1       670-1.43936E+11-2.27125E+11-4.63555E+11
 -1       671-3.35984E+11-2.96423E+11-1.98788E+11
 -1       672-2.76393E+11-1.84353E+11 2.36104E+10
 -1       673-3.06952E+11-2.25085E+11-3.41504E+10
 -1       674-3.33569E+11-2.75142E+11-1.33486E+11
 -1       675 4.40271E+10-6.41328E+10-4.02661E+11
 -1       676 7.35673E+10-6.41328E+10-4.79230E+11
 -1       677 1.33045E+11 2.19330E+09-4.10361E+11
 -1       678 1.17380E+11 2.92059E+10-2.78922E+11
 -1       679 2.96796E+11 2.06807E+11-1.46749E+11
 -1       680 1.46920E+11 2.92059E+10-3.55491E+11
 -1       681-4.46002E+10-1.58472E+11-4.90172E+11
 -1       682 1.70935E+11 1.04630E+11-1.64109E+11
 -1       683 2.06828E+11 1.05519E+11-2.54152E+11
 -1       684 1.70822E+11 6.04516E+10-3.12375E+11
 -1       685 2.00362E+11 6.04516E+10-3.88944E+11
 -1       686 1.66616E+11 5.11301E+10-3.32819E+11
 -1       687 2.09055E+11 4.33927E+10-4.68840E+11
 -1       688 2.52233E+11 1.21070E+11-3.19552E+11
 -1       689 1.79515E+11 4.33927E+10-3.92271E+11
 -1       690 1.99502E+11 1.06721E+11-2.31125E+11
 -1       691 2.54314E+11 1.41200E+11-2.57254E+11
 -1       692 1.86279E+11 9.95263E+10-2.21042E+11
 -1       693 2.99719E+11 1.56751E+11-3.22654E+11
 -1       694 2.07134E+11 1.14925E+11-2.23318E+11
 -1       695 1.84132E+11 1.07958E+11-1.87124E+11
 -1       696 2.81773E+11 1.21070E+11-3.96121E+11
 -1       697 2.70179E+11 1.56751E+11-2.46085E+11
 -1       698 2.36368E+11 1.05519E+11-3.30721E+11
 -1       699 2.20025E+11 1.08848E+11-2.77167E+11
 -1       700 2.24773E+11 1.41200E+11-1.80685E+11
 -1       701 1.77593E+11 1.14925E+11-1.46749E+11
 -1       702-2.12749E+10-1.15187E+11-4.05077E+11
 -1       703 8.26531E+09-1.15187E+11-4.81646E+11
 -1       704 2.31621E+09-7.25604E+08 7.12444E+07
 -1       705 1.84505E+09-7.25604E+08 8.63794E+07
 -1       706 2.08063E+09-3.32971E+08-3.63405E-03
 -1       707 1.84505E+09 5.96624E+07-7.12444E+07
 -1       708 2.31621E+09 5.96624E+07-8.63794E+07
 -1       709-7.23879E-04 5.18268E-03-9.19897E-04
 -1       710 5.21499E-04-3.19223E-04-1.06509E-03
 -1       711 3.47930E-04-2.65608E-05-1.34693E-03
 -1       712 4.99828E-04-7.22238E-04-8.84332E-04
 -1       713 2.78955E-04 4.35252E-04-8.87217E-04
 -1       714 1.81749E-04 8.55248E-04-9.92451E-04
 -1       715 3.36944E-04-4.80996E-04-9.38642E-04
 -1       716 4.27931E-04 7.02105E-05-9.36897E-04
 -1       717 2.37352E-04 7.90968E-04-1.17702E-03
 -1       718 3.80991E-04 2.11870E-04-1.46262E-03
 -1       719 3.57042E-04 2.17982E-04-7.71095E-04
 -1       720 6.13543E-04-3.73926E-04-5.94608E-04
 -1       721 6.00669E-04-3.63775E-04-1.13213E-03
 -1       722-6.97187E-04 5.70513E-03-1.18629E-03
 -1       723-7.84790E-04 5.78288E-03-1.03807E-03
 -1       724-9.72774E-04 5.51691E-03-5.24753E-04
 -1       725-5.37869E-04 5.44611E-03-1.43718E-03
 -1       726-8.85107E-04 5.44093E-03-6.71933E-04
 -1       727 4.51051E-04-2.14421E-04-1.21684E-03
 -1       728 5.65690E-04-7.96562E-04-1.53462E-03
 -1       729 2.54993E-04 4.70432E-04-1.53330E-03
 -1       730 2.71045E-04 8.50627E-04-1.90084E-03
 -1       731 3.72845E-04-4.81728E-04-1.93140E-03
 -1       732 6.22981E-04-7.75471E-04-8.05236E-04
 -1       733 4.53462E-04 7.19711E-05-6.67647E-04
 -1       734 2.39039E-04 6.79030E-04-9.56711E-04
 -1       735 2.48481E-04 5.61512E-04-6.92416E-04
 -1       736-2.99651E-04 2.69194E-03-6.43611E-04
 -1       737-3.80514E-04 3.33613E-03-8.25022E-04
 -1       738-1.76605E-04 2.23633E-03-7.10011E-04
 -1       739 8.44089E-05 1.12449E-03-7.41086E-04
 -1       740-5.06829E-04 5.86323E-03-1.57593E-03
 -1       741-6.37076E-04 7.04335E-03-1.69519E-03
 -1       742-4.97874E-04 6.20716E-03-1.68936E-03
 -1       743-2.10246E-04 2.06651E-03-4.76317E-04
 -1       744 1.15216E-04 1.79843E-03-1.54006E-03
 -1       745-9.85826E-05 2.41601E-03-1.09098E-03
 -1       746 4.40991E-05 1.89559E-03-1.29943E-03
 -1       747-3.16094E-04 3.56621E-03-1.19741E-03
 -1       748 9.06958E-05 1.34164E-03-9.78722E-04
 -1       749-2.56600E-04 2.85865E-03-8.98691E-04
 -1       750-4.55671E-04 4.00369E-03-1.00194E-03
 -1       751-3.25495E-04 4.29292E-03-1.43643E-03
 -1       752-5.77931E-05 1.78010E-03-7.73617E-04
 -1       753-4.95038E-04 4.75561E-03-1.25335E-03
 -1       754-5.21476E-04 5.51760E-03-1.44939E-03
 -1       755-8.14723E-04 6.57511E-03-1.26222E-03
 -1       756-4.30665E-04 3.14985E-03-5.76073E-04
 -1       757 2.44029E-04 3.95783E-04-3.73594E-04
 -1       758-4.95165E-04 6.55045E-03-1.79639E-03
 -1       759-6.09875E-04 5.61761E-03-1.32534E-03
 -1       760-7.25566E-04 6.49156E-03-1.39281E-03
 -1       761-6.21928E-04 5.52350E-03-1.28232E-03
 -1       762-6.50490E-04 6.68590E-03-1.57570E-03
 -1       763-8.65273E-05 1.63935E-03-5.24501E-04
 -1       764 1.73930E-04 1.24366E-03-1.40317E-03
 -1       765 1.16230E-04 9.04135E-04-4.90876E-04
 -1       766-7.57953E-04 4.58897E-03-5.86914E-04
 -1       767-3.61119E-04 5.35843E-03-1.67626E-03
 -1       768-1.96436E-04 4.58857E-03-1.77886E-03
 -1       769-5.11305E-04 3.81306E-03-7.47606E-04
 -1       770-3.62902E-04 5.03125E-03-1.57173E-03
 -1       771-1.75538E-04 3.77348E-03-1.52070E-03
 -1       772-2.45620E-05 2.50304E-03-1.48032E-03
 -1       773-1.56711E-05 3.19470E-03-1.69413E-03
 -1       774-2.31178E-04 4.49397E-03-1.65649E-03
 -1       775-3.63894E-04 5.68771E-03-1.77956E-03
 -1       776-5.34831E-05 3.16935E-03-1.58356E-03
 -1       777 1.52927E-04 1.70587E-03-1.57927E-03
 -1       778-4.20225E-04 4.59234E-03-1.33736E-03
 -1       779-8.21986E-04 4.38737E-03-3.47925E-04
 -1       780-4.54218E-04 5.35996E-03-1.58751E-03
 -1       781-7.94701E-04 5.35563E-03-8.12313E-04
 -1       782 4.69326E-04-7.38593E-04-1.72922E-03
 -3
    1PSTEP                         2           1           1          
  100CL  101 1.000000000         782                     0    1           1
 -4  STRESS      6    1
 -5  SXX         1    4    1    1
 -5  SYY         1    4    2    2
 -5  SZZ         1    4    3    3
 -5  SXY         1    4    1    2
 -5  SYZ         1    4    2    3
 -5  SZX         1    4    3    1
 -1         1-5.28852E+00 1.32400E+01 3.25170E+00 1.61968E+01-1.46700E+00-5.94614E+00
 -1         2 2.91003E+01-2.27768E+00 5.45109E+00-4.71828E+00 7.93714E+00-7.88782E+00
 -1         3 3.08109E+01-3.34124E+01-3.36595E+01-3.37615E+01-6.49941E+00-1.89273E+01
 -1         4 7.14403E+01 4.30873E+01 4.20522E+01 2.13438E+01-1.22810E+01-1.64056E+01
 -1         5 6.37223E-02 1.15713E-02-1.10047E+01 6.10206E-02 1.29599E-01-1.89085E+00
 -1         6-1.23477E-02-2.31964E-03-1.89233E+01-2.79656E-02 8.78022E-01-5.05216E-02
 -1         7-1.35851E-01-7.57350E-02 9.06175E-01-7.82940E-03 7.66718E-01 9.06880E-01
 -1         8-9.14110E-02 2.43082E-02-7.30255E+00-9.76590E-02 1.24673E+00 1.60425E+00
 -1         9-4.37566E-01-1.41606E-01-1.80781E+00 1.28419E-01-1.29137E+00-1.16637E+00
 -1        10 2.21818E-01-3.25442E-02-9.92841E+00 2.16852E-02-3.17897E-01-1.24062E+00
 -1        11 1.31649E-01-1.64971E-01 1.01318E+01 1.94626E-01-8.20329E-01 5.99695E-01
 -1        12 8.98213E-02 5.18711E-02 1.96904E+00-4.11540E-02-5.02706E-01 1.37808E+00
 -1        13-8.30205E-01 1.49412E-03 3.08589E-02-1.33088E-01-1.46322E-02 1.38057E-01
 -1        14-9.37880E-01 2.52562E-02 5.08440E-03-1.42199E-01-1.04054E-02-2.40208E-01
 -1        15-6.45830E+00 3.25141E-02 1.50912E+01 6.87620E+00 5.51779E+00 1.82455E+00
 -1        16 4.22950E+00-1.64897E+00 2.79317E+01 8.78182E+00-7.31326E+00-1.65540E+01
 -1        17-9.90317E+00-5.13781E+00 6.98218E+00 1.65855E+00-1.13210E+01-2.55469E+00
 -1        18 1.37989E+01 1.85984E+01 6.16317E+00 8.19118E+00-3.10075E-01-1.76982E+01
 -1        19-3.59506E+01-2.19215E+01-2.12291E+01 1.07760E+01 3.15353E+00-1.11685E+01
 -1        20-1.85422E+01 2.72281E-01 5.46034E+00-4.00403E+00-8.73084E-02-4.67987E+00
 -1        21 1.68676E+01-1.24857E+01-4.01294E+00-5.73919E+00 7.00383E-01-1.49389E+01
 -1        22-2.17957E+01-2.43433E+01-3.56906E+00-3.53428E+00-2.83586E+00-1.16823E+01
 -1        23 1.86206E+01 9.56206E+00 1.18072E+01 1.24759E+01 1.14241E+01 6.30806E+00
 -1        24 8.94510E+00-3.40351E+00 6.21697E+00 4.99842E+00 4.97012E+00 6.47855E+00
 -1        25 6.89691E+00 1.94606E+01 5.92544E+00 2.02501E+00-3.43379E+00-2.04473E+00
 -1        26 1.74027E+01 3.13343E+01 2.71261E+01 1.62411E+01-5.87217E+00-1.21819E+01
 -1        27 1.15522E+00-1.69789E+01 2.65424E+01 4.20960E+00-2.73422E+00-3.08907E+00
 -1        28-8.61835E+00-3.02994E-02 2.39065E+01 4.01758E+00-4.43066E+00 2.20890E-01
 -1        29 7.06246E+00 1.28335E+01-1.03503E+01 1.42421E+01-2.04173E+00-1.30056E+01
 -1        30-2.82840E+01-2.13117E+01-9.11891E+00-9.02303E+00-1.12352E-02-1.79075E+01
 -1        31-4.79925E+01-5.28556E+01-2.56301E+01-4.54986E+00-1.10618E+00-8.46646E+00
 -1        32 1.42030E+00-9.31851E+00-1.99559E+01-7.29079E+00-7.79308E-01-6.99867E+00
 -1        33-1.89027E+01-3.42834E+01-9.56604E+00-1.01407E+01-5.42339E+00-1.47451E+01
 -1        34-8.52482E+00 1.71831E+00 1.58858E+00 3.94331E+00 2.87084E+00-2.64671E+00
 -1        35 6.49224E+00 1.39476E+01 6.16043E+00 1.22183E+01 1.37746E+01 9.39774E+00
 -1        36-4.17975E+01-3.15163E+01-1.21481E+01-1.06446E+01-2.51675E+00-2.19636E+00
 -1        37-8.43489E+00 1.48873E+01-1.03965E+01 1.24099E+01-1.24737E+00 1.47903E+00
 -1        38-1.92085E+00-8.86003E+00 2.26848E+00 7.25256E+00 6.56025E+00-1.80262E+00
 -1        39 2.36111E+00 2.64632E-01-9.35877E+00 1.35360E+01 4.33668E-01-8.30011E-01
 -1        40-9.13846E+00 1.74035E+00-9.02517E+00-5.50337E-01-2.31968E-01 1.50907E+01
 -1        41-5.91762E+00-1.66735E+01-1.99344E+01-4.86284E+00-8.29816E+00 4.26964E+00
 -1        42 9.74079E+00-1.31256E+01 4.90104E+00 4.34947E+00 2.22418E+00 1.06347E+01
 -1        43-2.84068E+01-8.60951E+00-8.75520E+00 5.71144E+00-1.04801E+01-1.35727E+01
 -1        44 9.02693E+00 9.96108E+00 1.00914E+01-1.37840E+01 7.30392E+00-2.62795E+00
 -1        45-1.16215E+01 8.92993E+00 1.21558E+01 3.02978E+00 3.77231E+00-1.84864E+00
 -1        46 3.20748E+00 4.25732E+00 1.09360E+01 4.36870E+00-3.40073E+00-9.78482E+00
 -1        47-1.51055E+01-6.28551E-02-4.88721E+00-8.10519E+00 5.40040E+00 2.87137E+00
 -1        48-1.44039E+01-1.14198E+01-3.00649E+01-1.23327E+00-4.52498E+00-2.61752E+01
 -1        49-2.49193E+01-3.72425E+00-1.64792E+01-1.80192E+01-8.07568E+00-1.13834E+01
 -1        50 8.50815E+00 8.39527E+00 5.94860E+00-1.03115E+00-1.31612E+00 8.02928E-01
 -1        51 6.15223E+00-1.22717E+01-1.26233E+01 4.85367E+00 5.72292E+00 4.57771E+00
 -1        52 3.78639E+00-1.49543E+01-1.08733E+01 2.25077E+00-4.70344E+00 1.03756E+01
 -1        53 1.44456E+01 1.52425E+01 1.19855E+01 8.05405E+00 2.75478E+00 9.03565E+00
 -1        54-2.66781E+00-1.47401E+00-7.37276E+00 5.52450E+00-9.51599E-01 7.73743E+00
 -1        55-2.31128E+01-2.08438E+01-1.18805E+01-1.18182E+01 8.09591E-01-1.74202E+01
 -1        56-7.31052E+00-1.02004E+00-1.56463E+00-6.21612E+00 1.31374E+00 3.57103E+00
 -1        57-1.86707E+01 4.66181E+00 2.45630E+01 4.23937E+00-3.30358E+00-6.00276E+00
 -1        58 2.24119E+00 2.17377E+00 5.18308E+00-2.44091E+00 2.78258E+00-9.38917E+00
 -1        59-3.23817E+01-2.68044E+01-3.49664E+01-1.53881E+01-4.38243E+00-2.06462E+01
 -1        60-2.28947E+01 7.10287E-01-1.83262E+01-1.62555E+01-8.88878E+00-2.10378E+01
 -1        61-1.91778E+01-3.28617E+01-1.44032E+01-2.79691E+01-4.28512E+00 5.80585E+00
 -1        62-1.96860E+01-3.54125E+00 7.63060E+00-9.82326E-01 1.13474E+01 2.26818E+00
 -1        63-5.17337E+00-8.64366E+00-4.41396E+00-1.63865E+00 2.54420E+01 3.16169E+01
 -1        64-7.12678E+00 5.14230E+00-4.24206E+01-7.72664E+00-6.07255E+00-1.92596E+00
 -1        65 2.08693E+01-2.86426E+01 2.16466E+01-9.85383E+00 4.44332E+00 1.16117E+01
 -1        66 1.62219E+01-6.43081E+00-2.12367E+00-6.74903E+00-3.30158E+00 2.37086E+01
 -1        67 7.09591E-01 3.55021E+01 3.85901E+01-1.74545E+01 1.24790E+00 6.54623E+00
 -1        68-1.64439E+01-1.26247E+00-2.03214E+01-1.08676E+01 1.79200E+01 1.23686E+01
 -1        69-2.20453E+01-1.66352E+01-8.92558E+00-3.40052E+00-1.66053E+01-5.64151E+00
 -1        70 2.45340E+01 1.47154E+00 3.03821E+01 7.59647E+00-9.87979E+00 1.33012E+00
 -1        71-3.80882E+01-5.78242E+00 9.09928E+00-1.30931E+01 8.48456E+00 7.77837E+00
 -1        72 5.72983E+01-1.36138E+01 6.38717E+00 3.81478E+00 8.72567E+00 4.37187E+01
 -1        73-8.27503E+01-5.64327E+01-3.56830E+01-6.68949E+01-1.95138E+01-1.93283E+01
 -1        74 2.58556E+01-1.20747E+01 1.45092E+01 3.69318E+00 2.25108E+01 1.71393E+01
 -1        75-3.22776E+01-9.61991E+00-2.00641E+01-9.65424E+00 1.65905E+01 1.37738E+01
 -1        76-5.47766E+01-5.01054E+01-1.00763E+02-2.04170E+01 2.72374E+00 1.40145E+01
 -1        77 9.05662E+01 5.07071E+01 8.03357E+01 2.05081E+01 2.33609E+01 3.91882E+01
 -1        78-1.61604E+01-1.18300E+01 2.56541E+01-2.95135E+01 1.59023E+00 8.58854E+00
 -1        79-5.73364E+01-1.18968E+01-2.86156E+01-4.56477E+01 2.22892E+00-6.78463E+00
 -1        80-5.87695E+01-2.14219E+01-2.44122E+01-1.50732E+01-8.87731E+00 1.43581E+00
 -1        81-6.57114E+00 6.79927E+00 5.84148E+00 8.92625E+00-1.60182E+01 1.25490E+01
 -1        82 5.41382E+00 8.33494E+00 4.53607E+01-5.57034E-01 2.21409E+01 2.67977E+01
 -1        83-1.64325E+00-1.08299E+01-9.32993E+00 1.00065E+01 1.35400E+01 2.02355E+01
 -1        84 7.37071E+01-4.87772E+01-1.59469E+01-5.22259E+00 1.81021E+01 1.43409E+01
 -1        85-1.68033E+01-1.52413E+01 2.03093E+00-1.65810E+00-1.00180E+00 1.27669E+01
 -1        86-3.50017E+01 3.85684E+00-2.10928E+01-6.45163E+00-2.54816E+01 2.80452E+01
 -1        87-9.00369E+00 4.11477E+00-4.84112E+01-1.44942E+00-9.87122E+00 1.97857E+01
 -1        88 1.20053E+00-1.82490E+00 1.08045E+01-1.33124E+01 2.69765E+00 1.04302E+01
 -1        89 8.24523E+01 2.90195E+01 3.00927E+01 9.31963E+00 1.57740E+01 1.83417E+01
 -1        90-2.34809E+01-5.10300E+00-1.37578E+01 1.16228E+01 1.29376E+01 2.67750E+01
 -1        91-4.01322E+01 1.28097E+00-2.66199E+01-2.58039E+00-6.13524E+00 2.92730E+01
 -1        92-5.15136E+00 2.52685E+01-1.87548E+01 1.51629E+01 2.31842E+00 1.88036E+01
 -1        93 1.04456E+01-1.79346E+01-1.68755E+01-1.96656E+00 4.07961E+00-9.36641E+00
 -1        94 6.11784E+01 1.86178E+01 1.25286E+01 2.93382E+01-5.28199E+00 7.63660E+00
 -1        95-1.54500E+01-4.04295E+00-1.17441E+01 6.28207E+00 1.60275E+01 4.55397E+00
 -1        96-8.01551E+00 1.33619E+01 9.21720E+00 2.63015E+00-3.50096E+00-1.46916E+01
 -1        97-4.53025E+01 5.10504E+01-2.40144E+01 2.69790E+01-2.29805E+01 2.96265E+01
 -1        98-3.52722E+01-1.75125E+01-5.73608E+01-7.23404E+00-2.17839E+01 1.20815E+01
 -1        99 3.47481E+00-5.46714E+00-5.59553E+01-8.03378E+00-1.87656E+01-2.27861E+00
 -1       100 4.41693E+01-7.51233E+00 8.46315E+00-6.44339E+00 5.28428E+00 2.61291E+01
 -1       101 7.44301E+01 5.82098E+01 5.89192E+01 3.22022E+01 2.50463E+01 1.18728E+01
 -1       102-2.94601E+01 2.62762E+01 2.49535E+00 7.28222E+00-1.07162E+01 1.74595E+01
 -1       103-1.68059E+01 3.12125E+01-3.06933E+01 9.51414E+00-1.68399E+01 1.25682E+01
 -1       104 3.10122E+01-1.88522E+01-1.01149E+01 5.61295E+00-1.90463E+01-4.13652E+01
 -1       105-2.14079E+01-1.25659E+01-2.20818E+01 1.08560E+01 5.85032E+00 8.50075E+00
 -1       106 4.65792E+01 2.99731E+01 1.10014E+01 3.22261E+01 7.77751E+00 1.88212E+01
 -1       107 3.49842E+01 2.13454E+01 3.28244E+01 2.12266E+01 1.88441E+01 1.17658E+01
 -1       108-1.35171E+02 4.55871E+01 1.08875E+01-3.57369E+01-1.85460E+01 8.75296E+00
 -1       109 1.74858E+01-2.45053E+01-2.97309E+01-3.88797E-01 7.19864E+00 4.97187E+00
 -1       110 8.65031E+01 1.29124E+02 8.62936E+01 2.69425E+01-2.73170E+01-1.51244E+01
 -1       111-1.14728E+01-9.88593E+00-2.86775E+00-7.94767E+00 1.31327E+01 2.76354E+01
 -1       112-3.04164E+00-1.62563E+01-4.31036E+01-1.57217E+01-6.66118E+00-1.01325E+01
 -1       113 9.04213E-03 6.12470E-02-1.50087E+01 1.63793E-03-5.85273E-02-1.28428E+00
 -1       114 1.49808E-02-2.05268E-02-4.99926E+00 7.86141E-02 5.22313E-01-5.95461E-01
 -1       115-7.10040E-02-2.48258E-02-3.23056E+00-6.50493E-02 1.04223E+00 9.59109E-01
 -1       116-9.27513E-04 6.13665E-03-1.30630E+01-4.71554E-02 1.58770E+00 7.11940E-01
 -1       117-1.26430E-01-4.07980E-02-5.83000E+00 8.48825E-02-6.76949E-01-1.02704E+00
 -1       118 4.55627E-02-2.08522E-01 4.17491E+00 3.51779E-02-1.38997E+00-3.74267E-01
 -1       119 1.48967E-01-3.69755E-02 6.09065E+00 2.50780E-02-4.48182E-01 1.09774E+00
 -1       120-1.33331E-02-6.39075E-02-4.06023E+00 5.57884E-03-3.86407E-01 6.90124E-02
 -1       121 1.66610E-01 6.74494E-02-1.44078E+01 1.81364E-02-2.05484E-01-6.22578E-01
 -1       122-2.81758E-01 3.94858E-02-6.38577E+00 1.08218E-01-1.98960E-02-1.34200E+00
 -1       123-9.29694E-02-7.85871E-02-2.75458E+00-2.95007E-03 2.83480E-01 1.49868E+00
 -1       124-1.27689E-01-7.25780E-02 5.50059E+00 1.68378E-01-4.94333E-02 8.40296E-01
 -1       125-7.89838E-01 1.48813E-02-4.22153E-01-1.51513E-01 5.37551E-02 6.63934E-01
 -1       126-2.59430E-01-4.42376E-02-1.39969E+00-3.80388E-02 1.01257E-01 7.07618E-01
 -1       127 9.23515E-02 7.31881E-02-3.15364E+00-3.32096E-02 4.52262E-01 2.26615E-01
 -1       128 1.79714E-01-7.70599E-01-1.66751E+01 1.93427E-01 5.06518E-01-3.17741E-01
 -1       129 5.90517E+00 3.94340E+00-1.02757E+00 3.61022E+00 3.92875E+00 6.10764E+00
 -1       130 2.84037E+00-2.41819E-02 4.97138E-02 1.13866E+00 2.46259E-02 2.01932E+00
 -1       131 5.86451E-01 8.35838E-01-3.92281E-01 1.69624E+00-3.17874E-02 1.15550E+00
 -1       132-6.31950E-01-7.66105E-02-2.82940E-01-4.04555E-01 4.72617E-01 1.80533E+00
 -1       133 1.85054E-03-2.10122E-01 9.27569E-01 7.13213E-02 2.92427E-02 4.53167E-01
 -1       134-2.75986E-02 1.84946E-03-5.86397E-03-2.99691E-02-7.29617E-02 5.49061E-02
 -1       135-4.85421E-01-6.81300E-03 1.32569E-02-1.32363E-01-6.72721E-02-1.57961E-01
 -1       136-8.87942E-01-3.07518E-02-1.85499E-01-1.18983E-01 4.05929E-02 3.82677E-01
 -1       137-4.71689E-01-5.98688E-04-8.50850E-01-8.15266E-02 2.46543E-02 6.71512E-01
 -1       138-1.31986E-01 6.62730E-02-2.04177E+00-8.15101E-02 3.01092E-01 4.48187E-01
 -1       139-4.46332E-01 3.47188E-02-6.99391E+00 2.25343E-02 1.20046E-01 2.68105E-01
 -1       140-1.91662E+00-2.84077E+00-2.54890E+01 2.46455E+00 9.51419E+00 8.32486E+00
 -1       141 5.10542E+00 6.52659E-01 3.01354E-01 2.19842E+00 4.20735E-01 3.60760E+00
 -1       142 1.17203E+00 2.48411E-02-6.09030E-01 1.40041E+00-4.13972E-02 1.56255E+00
 -1       143-6.64843E-01 6.59673E-01-7.06792E-02 5.67338E-01 4.48938E-01 1.43124E+00
 -1       144 8.06457E-03-2.05314E-01 1.14332E+00-1.88859E-01 2.93216E-01 7.67312E-01
 -1       145-7.12681E-02 9.03206E-03 1.25628E-01 6.67164E-02-1.38789E-01 2.52702E-01
 -1       146-3.13594E-01-4.67726E-02-1.23829E-01-7.91218E-02-4.87156E-02-1.15876E-01
 -1       147-6.31044E-01 1.54219E-02 1.48559E-02-1.04568E-01-4.89665E-02-1.46367E-02
 -1       148-8.76183E-01 1.56103E-02 1.85300E-02-1.89062E-01-1.81011E-02-9.09796E-02
 -1       149-4.69890E-01 4.10981E-02-6.45567E-02-1.25357E-01 9.38129E-02 1.50533E-01
 -1       150 2.00730E-02 6.73641E-02-1.49820E-01-5.78902E-02 1.30185E-01-3.22235E-02
 -1       151-8.30930E-02-4.17289E-01 1.09390E+00 1.26530E-01-6.05547E-01-4.17266E-01
 -1       152-5.68798E-01-1.65481E-01 3.06424E-01-2.23033E-01-9.00641E-01-3.57787E+00
 -1       153 1.36004E+00 3.33975E-01 3.93725E-01 1.46887E+00-3.38925E-01-1.86375E+00
 -1       154 3.48574E+00-3.57885E-01 6.75826E-02 1.60439E+00-1.59097E-01-1.98213E+00
 -1       155 6.92789E+00 2.11628E+00 1.13744E-01 2.76744E+00-2.43500E+00-5.18581E+00
 -1       156-4.08795E-02-4.03252E-01-1.28021E+01 7.89279E-01-1.08689E+00 2.24186E-01
 -1       157 5.28748E-02 3.50874E-02-2.79184E+00 1.01020E-01-1.70687E-01-3.00929E-01
 -1       158-2.09722E-01 8.42482E-02-1.27640E+00-5.10150E-02-5.40296E-02-6.98231E-01
 -1       159-7.71524E-01 2.74628E-02-4.55786E-01-1.05967E-01-5.92431E-02-6.52900E-01
 -1       160-7.82522E-01-3.28940E-03-5.80042E-02-1.17823E-01 2.99190E-02 1.66429E-02
 -1       161-2.28788E-01 1.99050E-02-9.31477E-02-8.48676E-02 7.64806E-02 5.94673E-02
 -1       162 2.26194E-02-4.21645E-02 3.67765E-02-7.73855E-03-2.69464E-02-1.71817E-01
 -1       163-1.30367E-01-2.06969E-01 2.16411E+00 4.60329E-01-9.35887E-01-8.56276E-01
 -1       164-6.17770E-01 2.32752E-01 6.78596E-01 5.47973E-01-7.71569E-01-2.87407E+00
 -1       165 2.56375E+00-1.33351E-01 6.99653E-02 1.66479E+00-2.83139E-01-1.78107E+00
 -1       166 5.14865E+00 5.54699E-01 4.02049E-02 1.97466E+00-3.39637E-01-3.29489E+00
 -1       167 3.51919E+00-7.65315E-01-1.13306E+01 2.43273E+00-6.42885E+00-4.26110E+00
 -1       168-4.51478E-01-3.26094E-01-6.62085E+00 2.29225E-01 4.70152E-02 1.57627E-01
 -1       169 2.59509E-01 2.81830E-01-1.69853E+00 7.30309E-02-1.15027E-01-4.88054E-01
 -1       170-5.79457E-01-8.03864E-03-8.35429E-01-6.05388E-02-6.56023E-02-6.68578E-01
 -1       171-8.18461E-01 5.76114E-02-1.71989E-01-7.45713E-02-2.34114E-02-4.19038E-01
 -1       172 7.03082E+00-9.68212E-01 8.66755E+00 2.86206E+00-9.14941E-01-9.93797E+00
 -1       173 3.53327E+01 2.65373E+01 3.34067E+00 1.33718E+01-2.89569E+00-1.80038E+01
 -1       174-2.97466E+01-9.11063E+00 4.00429E+00-4.94212E-01-1.31195E+01-7.33033E+00
 -1       175 5.67580E+00 1.08957E+01-3.35909E+00-8.13488E+00-4.54528E+00-4.90331E+00
 -1       176 1.26357E+01 8.92465E+00 1.58296E+01 2.07176E+01-6.41517E+00-8.95805E+00
 -1       177 1.89068E+01 2.21585E+00-3.17209E+00 1.36865E+01-4.02653E+00-3.93208E+00
 -1       178-4.79127E+00 1.00882E+00-1.66386E+00-3.41329E+00-6.43489E+00 6.21882E+00
 -1       179-3.52161E+01-1.49097E+01-5.77791E+00-2.98239E+00-1.64143E+01-6.16462E+00
 -1       180 3.88576E+00-1.26265E+01-1.64505E+00 4.94618E+00-1.04876E+00 5.52454E+00
 -1       181 1.44735E+01 2.22133E+00 1.45885E+01 5.20570E+00-4.82314E-01-1.16324E+00
 -1       182 1.32832E+01 1.76252E+01-5.39571E-01 1.42845E+01 4.05457E+00-2.44343E+00
 -1       183-3.67087E+01-1.13859E+01-1.80717E+01 1.02852E+01-2.91077E+00-5.70702E+00
 -1       184-3.05358E+01-1.27641E+01-4.01232E+00-9.32081E-01-2.39021E+00-9.00299E+00
 -1       185 1.49406E+01 5.61256E+00 4.73437E+00-6.48350E+00 1.09463E+00-3.72077E+00
 -1       186 7.62388E-01 8.56170E+00 7.85805E+00-7.38170E+00 1.13330E+01 1.86432E+00
 -1       187-4.57471E-01-1.42298E+01 5.48410E+00-4.49568E+00 4.25516E+00 6.13605E+00
 -1       188-1.59431E+01-1.46871E+01 1.30852E-03-3.56298E+00 1.41270E+00-1.00347E+00
 -1       189 3.85494E+00-6.25222E+00 8.06014E-01-3.63013E+00-1.05038E+00-1.14940E+01
 -1       190 5.95912E+00-6.06970E+00 4.13315E+00-2.56702E+00 1.87759E-01 9.45172E-01
 -1       191 2.06874E+00 5.32142E-02-7.68846E+00 5.94882E+00 1.04686E+01-4.60285E+00
 -1       192-9.00264E+00-2.09883E+01-1.70723E+01-1.73477E+00-4.95891E+00-1.67835E+01
 -1       193 4.90307E+00 1.16324E+01 7.19209E+00 4.15297E+00 9.44357E+00 1.03326E+01
 -1       194-1.03434E+00-9.33728E+00-4.38505E+00-1.53897E+00-2.56302E+00-4.45099E+00
 -1       195 2.16691E+01 2.17508E+01 2.11971E+01 1.24661E+01 1.75846E+01 8.59278E+00
 -1       196-1.24260E+01-4.95363E+00-1.99113E+01 7.44305E-01 2.95812E+00-1.51912E+00
 -1       197-7.91171E+00-1.97915E+01 1.55952E+01 1.46127E+00-9.31199E+00 2.05349E+00
 -1       198 2.91772E+01 1.69641E+01 2.06518E+01 9.33383E+00-1.06845E+01 2.33065E+00
 -1       199-2.43186E+01-8.13320E+00-3.49764E+00-8.44232E+00 4.59045E-02 1.14922E+01
 -1       200-2.36891E+01-3.28755E+00-7.69205E-01-8.46811E+00-2.61634E+00 1.12089E+01
 -1       201 1.08087E+00 4.15635E+00-4.03720E+00 1.32789E+00 2.60276E+00-8.48445E-01
 -1       202 2.17405E+01-2.89094E+00-6.56209E+00-2.45329E+00-6.68510E+00 1.66681E+01
 -1       203-9.68463E+00 6.19179E+00-2.93247E+01 1.90780E+00-6.18311E+00-5.71442E-01
 -1       204 4.02843E+01 6.95665E+00 1.31202E+00-5.24368E+00-5.92860E+00 2.05421E+01
 -1       205-2.67426E+01-6.18807E+00-3.78266E+00-1.63131E+00-8.47643E+00-1.52828E+01
 -1       206-9.07736E+00 2.71670E+01 3.34193E+01 5.25455E+00-3.42275E+00 1.17815E+01
 -1       207-8.08501E+00-2.05819E+00 1.29827E+01 2.84877E+00 1.69133E+01 1.05312E+01
 -1       208 1.13642E+01 1.75559E+01 1.67848E+01 4.40431E+00-6.17761E+00-6.24021E+00
 -1       209 2.95012E+00-1.81462E+00-8.15044E-01 2.05379E+01 5.59350E+00-8.08238E+00
 -1       210 1.10600E+01 3.57524E+00 4.19890E-01-2.18441E+00-3.10273E+00-3.11582E+00
 -1       211 1.57556E+01 7.51500E+00 2.53718E+01 1.01707E+01 2.73416E+00 1.11736E+01
 -1       212 8.01621E+01 1.65591E+01 1.80211E+01-5.59483E+00-7.30411E+00-2.36545E+01
 -1       213-2.81244E+01 2.41353E+01 2.63060E-01 3.68598E+00 1.73733E+01 7.23543E+00
 -1       214 1.81376E+01-3.32860E+01 1.28403E+01-2.37945E+01-4.39192E+00 3.52692E+01
 -1       215 3.65173E+01-5.50062E+00 6.34750E+00-1.19571E+01-9.02869E-02 6.08112E+00
 -1       216-1.99693E+01 1.26338E+01 2.86400E+01-9.26581E-01 9.15247E+00-7.47473E+00
 -1       217-1.91753E+01-1.94785E+01-4.42258E+00 3.15632E-02 1.86181E+01 4.94628E+00
 -1       218-4.30501E+01-4.14984E+01-2.02592E+01-4.50273E+00 1.10524E+01-1.13328E+00
 -1       219-2.29483E+01-8.60037E+00 1.45723E+00 4.99310E+00-3.00186E+01-1.60974E+01
 -1       220 6.63587E+00 2.48096E+01 2.63429E+01 1.15139E+01 9.35330E-01-8.67333E+00
 -1       221-1.11694E+01 3.28335E+01 2.47372E+01 5.75829E+00 9.96790E+00 3.39451E+00
 -1       222 1.16478E+01 9.52708E+00-2.85068E+01 9.95351E-01-8.38249E+00-1.12207E+01
 -1       223-1.37688E+01-4.60796E+00-1.46870E+01-7.00524E-01-6.72085E+00 1.71277E+00
 -1       224-4.14457E+01-1.39045E+00-7.31464E-01-4.82424E+00-6.50100E+00 1.28521E+01
 -1       225-1.12515E+01 5.21190E+00-9.71650E-01 5.89477E+00 3.82277E-01 2.74339E+00
 -1       226 2.05460E+01 8.20828E+00-4.33387E+00 7.18953E+00 6.23964E+00 7.96449E-01
 -1       227 7.49017E+00-7.58911E+00-4.97920E+01 1.72432E+00-6.21893E+00-1.01557E+01
 -1       228 1.42098E+01 2.46553E+01 1.88620E+01 9.43534E+00-2.84212E+00 3.90123E+00
 -1       229-1.51960E+01-6.90235E+00-6.79154E+00 8.55933E+00 6.98906E+00 1.21429E+01
 -1       230 3.67729E+01 3.59506E+01 3.01657E+01 8.99000E+00-1.23579E+00 1.85439E+01
 -1       231 1.44577E+01-2.51912E+00-1.66227E+00 2.18554E+00 1.44668E+00 5.11151E-01
 -1       232-4.73073E+00-9.21704E+00 2.33916E+00-1.00902E+01-2.60710E+00-1.73467E+00
 -1       233 4.31721E+01 3.29638E+00 8.18703E+00-3.94138E+00-9.07049E+00 1.44816E+01
 -1       234-4.30688E+00-5.04149E-01-6.68530E-01 2.07089E+00-1.46936E+00-5.52126E+00
 -1       235 1.09080E+01-7.51452E-01-3.29898E+00-3.18707E-01 5.06948E+00-5.85466E+00
 -1       236 2.16752E+01 4.22944E+00-1.03153E+01-2.84829E+00-2.26015E+00 1.34404E+01
 -1       237-1.56044E+01-1.02241E+01-3.73002E+00-2.36829E+00 1.84236E+00 1.42581E+00
 -1       238 1.17812E+00 1.25782E+00 4.96799E+00 4.07489E+00 2.41939E+00 3.55713E-01
 -1       239-7.26664E+00 1.76354E+00-8.65423E-01-4.26241E-01 3.61100E+00 1.75590E+01
 -1       240-1.30753E+01-2.65988E+01 3.05989E+00-8.97221E+00 3.50096E+00 1.41579E+01
 -1       241 2.18957E+01 8.69871E+00-5.82527E-01 1.07983E+01 7.33168E+00 6.83291E+00
 -1       242-1.95045E+01 1.09710E+01-7.72621E+00 2.13787E+00 2.90756E+00 1.30417E+01
 -1       243-1.48366E+01 1.35829E-01 1.17560E+01-6.19704E+00-1.51528E+00 4.47897E+00
 -1       244 1.69238E+01 5.89957E+00 1.76003E+01 2.30945E+00-3.36829E+00-2.12749E+00
 -1       245 1.49652E+01 7.31394E-01 1.25714E+01 2.87138E+00-1.03062E+01 5.48562E+00
 -1       246 8.75948E+00-1.73281E+01 1.69084E+01-2.83309E+00-9.26311E+00 8.44337E+00
 -1       247-6.56663E+00 8.79121E+00 1.59892E+01 1.43029E+01-1.25038E+01-1.72942E+01
 -1       248-3.22838E+01-3.90580E+01-1.75140E+01-2.63406E+01-1.02034E+00-1.32260E+01
 -1       249-1.60663E+01 3.08700E+01 3.09269E+01 1.08225E+01 9.53963E+00 2.11708E+01
 -1       250-4.86107E+01 1.85018E+01-1.06076E-01-1.11719E+01-3.05194E+00 1.57802E+01
 -1       251 1.95074E+01 4.01898E+00-4.45687E+01 5.97734E+00-3.52222E+00-1.46229E+01
 -1       252 1.42213E+01 2.17962E+00-7.10696E+00-2.81830E-01 1.75448E+00-7.95595E-01
 -1       253 1.30701E+01-3.01245E+01-2.00682E+01-4.59900E-01 1.80830E+01-2.35193E+00
 -1       254-3.16922E+01-8.88141E+00-1.95859E+01-3.38074E+00-5.11387E-01-4.66571E+00
 -1       255 2.66466E+01-7.91422E-01 1.11195E+01-7.76650E+00-1.07880E+01 1.70544E+01
 -1       256 9.76300E+00-1.18978E+00 4.53902E+00-5.32969E+00-6.19832E+00 7.88955E+00
 -1       257 3.91941E+01 3.47992E+01 2.40061E+01-2.09588E+01-4.12974E+00 1.92320E+01
 -1       258 3.89275E+01-9.68217E+00-8.54670E+00-5.49997E+00 1.06729E+01 2.75412E+01
 -1       259-1.67294E+00 1.37030E+01-3.93637E+00-5.27389E+00 1.62034E+01 1.19783E+01
 -1       260 2.95958E+01 2.67592E+01 1.02689E+01 2.09387E+01-7.15562E+00 6.96202E-01
 -1       261-3.40659E+01-2.15342E+01 4.58824E-02-9.58154E+00-1.44285E+01-4.24274E+00
 -1       262-1.40141E+01 1.72443E+01 1.79822E+01 1.52330E+00-5.62371E+00 4.55001E+00
 -1       263 1.22717E+01-5.61159E+00 9.42191E+00 2.04345E+00-6.16867E+00-2.75398E+00
 -1       264-5.03293E+01-1.63966E+01 4.74519E+00-2.27737E+01 2.54317E-01 5.46322E+00
 -1       265 6.11593E+01 1.29629E+01 2.18413E+01 1.56615E+01-1.19589E+01-5.05053E+00
 -1       266 5.68167E+01 9.23670E+00 1.19569E+01 1.28233E+01-1.31823E+01 1.12153E+01
 -1       267-1.36065E+01 1.59414E+01-5.29027E+00 1.11740E+01 1.67860E+01 1.01041E+01
 -1       268-1.63158E+01-2.19056E+01 1.07128E+01-1.19391E+01-1.31913E+01 9.17649E+00
 -1       269-6.76108E+00-7.72126E+00-5.99470E+00 3.12908E+00-3.52121E+00 6.76310E+00
 -1       270-6.31860E+00-1.69738E+01-1.20059E+01-9.27171E+00 4.45586E+00-7.19477E+00
 -1       271-2.49350E+01 1.31679E+01-6.71317E+00-1.16108E+01-2.15170E+00 3.98854E+00
 -1       272 1.92682E+01-1.40987E+01-1.69368E+01 9.34186E-01-3.37833E+00-1.83432E+00
 -1       273-1.94665E+01 2.00333E+00-8.79948E+00 2.91455E+00-1.76845E+00 2.48898E+00
 -1       274-3.07871E+01-7.96616E-01-1.03754E+00-1.90086E+01-8.76883E+00 8.83958E+00
 -1       275 3.78974E+00-5.93414E+00-1.53651E+01-4.81821E+00-4.22953E+00 1.19113E+01
 -1       276-2.01169E+01 4.82699E+00-8.72570E+00 6.41853E+00 3.08938E+00 2.32876E+01
 -1       277 1.53855E+00 9.73856E+00-2.89724E+01 1.21286E+01 8.83460E+00 2.51513E+01
 -1       278-3.13267E+01-1.18497E+01-5.66237E+01-3.94696E+00 6.91239E-01 5.27962E+00
 -1       279-3.20803E+00 5.82641E+00 8.33244E+00-6.67855E+00 8.34826E+00 4.18087E+00
 -1       280-3.59556E+01-1.59772E+01-1.89385E+01 2.69586E+00 5.86759E+00 2.75412E+00
 -1       281-7.29101E+00-7.78128E+00-1.27114E+01-3.23422E+00 2.05436E+00 2.86100E+00
 -1       282 1.68390E+01-1.14905E+01-7.23804E-01 6.17429E-01 4.63896E+00 5.42877E+00
 -1       283 1.67744E+01 1.98689E+01 8.31793E+00 2.41738E+01 1.42257E+00 9.90217E+00
 -1       284 9.17253E+00 3.01205E+00-6.94089E+00 7.59528E+00 5.17752E+00 6.34654E+00
 -1       285-5.23844E+01-1.04810E+01-2.10684E+01-6.91112E+00 5.14810E+00 3.03543E+00
 -1       286-8.89652E+00 1.06874E+01 5.63018E+00 1.32557E+01-1.27191E+01-5.67281E+00
 -1       287-4.02998E+01-6.74701E+00-1.93575E+01-2.13911E+00 5.16200E+00 8.75743E+00
 -1       288 3.28684E+01 3.20860E+01-1.19107E+01 2.79121E+01 1.84727E-02 6.35952E+00
 -1       289-1.03032E+01-3.32137E+00-2.13307E+01 5.97534E+00 4.00482E+00 4.66597E+00
 -1       290 3.00914E+00 6.44690E+00-3.46345E+01 1.96957E+01 1.37551E+01 2.34375E+01
 -1       291 9.86655E+00 2.18032E+01-1.30560E+01 8.74961E+00 5.37184E-01 1.48319E+01
 -1       292-1.95110E+01-7.44045E+00-1.94749E+01-9.25570E+00-9.99125E+00 5.28705E+00
 -1       293-4.96785E+01-3.89781E+01-6.14549E+01-1.42129E+01 5.47331E+00 2.07487E+01
 -1       294-9.39214E-01-2.07551E+01-2.59267E+01-7.83286E+00 8.22664E-01 1.08475E+01
 -1       295 7.43723E+00-5.00673E+00 7.37427E+00-4.51174E-02 2.88720E-02 4.65531E+00
 -1       296 3.60449E+00-5.65014E-01-1.79010E+01-3.21877E-01 9.03525E-02 5.31965E+00
 -1       297 1.46077E+01 5.79802E+00 1.39143E+01 6.28930E+00-5.30761E+00 9.55075E+00
 -1       298 1.56959E+01 2.31427E+01 3.76766E+01 1.07965E+01-2.26192E+01-8.88844E+00
 -1       299 2.94065E+01 1.09443E+01 8.82764E+00-3.30480E+00-8.25878E+00 7.06044E+00
 -1       300 7.46998E+00 5.87876E+00 7.22272E+00 7.18516E+00-4.22238E+00-1.37074E+00
 -1       301-8.00479E+00 9.76963E+00 1.17700E+01-9.27449E+00-2.03316E+00-6.61626E-01
 -1       302 1.13443E+01 1.06744E+01 2.77145E+01-5.36563E+00-5.68322E+00 1.75596E+01
 -1       303 9.21929E+00 2.13805E+01 5.89619E+00-6.60097E-01 5.73204E+00 6.81901E+00
 -1       304-1.92816E+01 1.10748E+01-5.96451E+00 8.84089E+00 5.32951E+00 1.31463E+01
 -1       305-4.60601E+01-1.23304E+01-7.55956E+00-1.12813E+01-1.11273E+01 1.71495E+01
 -1       306 6.85775E-01 9.59355E+00 1.25733E+01 1.19377E+00-6.82293E-01-3.00833E+00
 -1       307-1.40368E+01 1.25701E+01 8.67490E+00 6.53129E+00-3.08371E+00-7.69834E+00
 -1       308-3.99112E+01 1.20301E+00-1.67626E+01 2.87853E+00-1.95133E+00 1.06551E+01
 -1       309 5.47534E+00 1.61952E+01-4.43085E+00 8.79059E+00-8.22519E+00-2.51287E+01
 -1       310-8.63187E+00 1.04786E+01 1.65497E+00-2.68039E+00-4.05984E-01-4.35891E+00
 -1       311-2.34051E+01 5.81209E+00 1.87309E+00-3.57711E+00 1.12747E+01 1.77931E+01
 -1       312-1.01009E+00-6.53620E+00-1.38221E+01-4.15933E+00 3.64343E+00 8.74855E+00
 -1       313 6.92084E+00 1.31213E+00-1.50686E+01 2.77456E+00 3.01099E+00-6.92193E+00
 -1       314 9.40153E+00-1.27221E+01-6.35405E+00-2.69430E+00-7.32230E+00-3.05034E+00
 -1       315 8.08979E+00 7.49063E+00-1.29233E+01 2.15678E-01 4.91443E+00-1.24580E+01
 -1       316-9.91458E+00-1.27686E+01-1.60396E+01-7.26827E+00-5.96500E+00-1.49030E+01
 -1       317 9.64260E+00-9.87918E+00-1.77066E+01-3.40155E+00-5.57300E+00-1.14370E+01
 -1       318 1.06466E+01-7.91327E+00-1.83326E+00-8.33421E-01 1.34865E+00-4.01574E+00
 -1       319-3.78604E+01-6.37193E+00-1.73587E+01-9.93847E+00-1.73148E+00 3.28326E+01
 -1       320 9.53092E+00 9.82982E+00-2.68156E+01 1.33936E+01-7.36064E+00 2.17575E+01
 -1       321 1.64023E+01 1.32399E+01-1.39935E+01 1.08576E+01-1.23426E+01 7.64336E+00
 -1       322-3.46721E+01-1.00088E+01-6.15408E+01-3.38546E+00-1.27658E+01 1.67244E+01
 -1       323-2.40051E+00 4.41995E+00-2.56904E+01-3.37315E+00-2.75760E+00 1.18572E+01
 -1       324-2.76515E+01-1.52332E+01-3.00449E+01-1.62284E+01-5.61327E+00 2.72913E+01
 -1       325 2.26502E+00-1.47134E+01-1.02464E+01-3.67601E+00-3.62207E+00 4.07789E+00
 -1       326-4.11303E-01-2.30945E+01 7.95857E+00-1.53034E+01-1.61009E+00 1.02660E+01
 -1       327-7.26130E+01-1.50748E+01-2.51383E+01-1.53785E+01-5.64520E+00 9.32637E+00
 -1       328-1.94949E+01 1.16182E+01 1.52070E+01-2.74884E+01 5.29018E+00 1.27260E+01
 -1       329-1.96940E+01 8.77673E+00-1.86903E+00 1.39260E+01 4.70396E+00 3.28288E+01
 -1       330-4.73361E+01-2.11127E+01-2.35407E+01-2.31718E+00 1.59828E+00 2.49395E+01
 -1       331 1.80582E+01 1.82428E+01-7.16713E-01 1.98390E+01 6.45450E+00 1.48612E+01
 -1       332-2.57386E+01 8.52920E-01-2.29545E+01 2.34213E+00-1.36795E+01 7.03055E+00
 -1       333-3.01548E+01-4.59537E+00-1.44770E+01-1.91262E+01-8.21396E+00-1.78834E+01
 -1       334-1.45939E+01 2.63743E+01 5.76325E-01-6.90102E+00-3.29896E+00 4.60400E+00
 -1       335 5.10749E+01-4.25296E+00-9.48858E+00 1.28740E+01-8.94620E+00-1.02152E+01
 -1       336 3.76225E+01-9.45006E+00-1.06454E+01 6.41541E+00-6.12974E-01-8.34554E+00
 -1       337-2.71787E+01-2.81584E+01-1.84718E+01-9.83423E+00 7.69763E+00-7.38415E+00
 -1       338 4.69570E+00-6.63420E+00-1.16749E+01 3.70812E+00 5.22387E+00 1.08655E+01
 -1       339 2.10697E+01 2.44707E+01 2.65852E+01 1.55442E+01 9.35411E+00 2.74478E+00
 -1       340-6.01685E+00 3.67884E+00 2.58925E+01-7.70995E-01 1.76674E+01 7.70471E+00
 -1       341-2.29183E+01-3.34054E+01-3.95994E+01-7.02903E+00-5.98560E+00 1.41956E+01
 -1       342-2.09428E+01-4.42359E+00-6.79938E+01-2.17031E+00-1.03530E+00 5.66816E-01
 -1       343-1.93635E+01-1.31195E+01-1.80158E+01-1.57866E-02 8.09721E+00 2.14136E+01
 -1       344-1.95461E+01-7.61606E-01-3.55937E+01 1.29451E+01-5.41291E+00 2.98039E+01
 -1       345 1.58762E+02 8.43245E+01 4.01861E+01 2.91266E+01-1.37404E+01 2.53754E+01
 -1       346 3.35070E+01 9.71021E+00 9.97468E+00 1.06382E+01 3.96220E-01 4.24582E+00
 -1       347-1.75591E+01-3.10115E+01-2.70427E+01-1.15651E+01-7.99702E-01 7.47667E+00
 -1       348-1.08436E+01 3.75772E+01-1.24052E+01 1.35722E+01-1.07392E+01 6.72427E+00
 -1       349-1.33133E+01 1.29949E+01 1.79900E+01 4.20083E-03-2.91751E+00 1.25065E+01
 -1       350-1.65363E+00 2.33775E+01 2.50733E+01 8.96622E+00 1.23985E+01 2.31516E+01
 -1       351-9.58272E+00 1.28520E+01 5.91367E+00 5.09412E+00 7.31598E-01 1.50266E+01
 -1       352 5.57923E+01 7.68801E+00 1.33843E+01-2.97218E+00 3.63571E+00 2.97823E+01
 -1       353 4.07174E+01-4.34046E+00 4.07743E+01-8.99498E+00-1.23324E+01 2.76462E+01
 -1       354 3.53149E+00 1.00936E+01 3.24049E+01 4.30110E+00 2.80883E+00-2.03001E+00
 -1       355-1.18841E+01-3.05324E+01-2.95964E+01-1.62719E+01-2.19919E+01-2.06948E+01
 -1       356-2.30191E+01 4.28773E+00-1.44403E+01-7.71965E+00 2.68656E+00 1.81436E+00
 -1       357 1.33164E+02 4.23532E+01 1.97332E+01 2.01967E+01 7.97164E+00 2.00697E+01
 -1       358 8.40286E+01 3.84022E+01 2.79160E+01 2.12190E+01 1.64192E-01 4.20078E+01
 -1       359 8.97828E+01-9.93423E+00-1.99488E+01-1.57570E+01-8.66941E-02 1.97664E+01
 -1       360 6.80172E+00-1.57784E+01-8.55188E+00 5.53374E+00-2.18580E+01-1.59043E+01
 -1       361 1.92573E+01 1.94488E+01 1.42294E+01 5.77386E+00-7.62933E+00-7.95350E-02
 -1       362-1.98812E+01-1.55432E+01 1.85711E+01-4.13422E+00 2.15973E+00 1.38515E+01
 -1       363-4.27159E+01-5.32229E+00 4.10728E+00-1.55332E+01 2.51034E+00 4.79141E+00
 -1       364 2.14956E+01 3.61536E+01 1.51702E+01 1.37924E+01 4.58119E+00-1.65231E+00
 -1       365-1.74933E+02 2.90730E+01-1.45064E+01-3.26870E+01-6.20912E+00 3.81544E+00
 -1       366-1.12313E+02-3.83759E+00 1.71384E+01-3.03040E+01 8.30146E+00 2.97087E+01
 -1       367-9.02598E+00-9.08298E+00-2.58156E+01-6.56382E+00 1.09206E+01 2.20311E+01
 -1       368 1.74216E+01-1.40344E+01-2.51642E+00-5.10998E+00 6.46072E+00 2.02258E+01
 -1       369-1.35301E+01-6.98633E-01-4.37947E+01-5.46447E+00 1.05549E+01 3.23507E+01
 -1       370-1.04976E+01-2.04013E+01-1.33342E+01-6.93241E-01-8.03242E-01-1.04174E+01
 -1       371-3.07876E+01-2.09375E+01-3.23315E+01-2.03695E+01 5.45091E+00 1.30153E+01
 -1       372-3.70777E+01-2.45290E+01-9.99335E+01-3.41845E+00-3.47049E+00 1.53149E+01
 -1       373-5.42767E+00-5.08863E+00-3.67552E+01-8.95075E+00-1.89371E+01-2.12482E+01
 -1       374-8.09686E+01-3.75845E+01-9.29617E+01-1.10190E+01-1.42787E+01 8.70293E+00
 -1       375 1.10248E+01-5.57641E+00-4.07865E+01 2.17757E+00-1.05572E+01 3.10344E+00
 -1       376-5.77067E+01-5.00766E+01-7.49068E+00-2.27787E+01-1.25550E+01-3.87752E+00
 -1       377 1.46075E+01 1.02623E+01 2.61352E+00 6.69799E+00 4.17277E+00 4.09064E+00
 -1       378 4.56594E+01-1.49020E+01 6.04172E+01-8.37092E+00-5.71972E+00 8.85874E+00
 -1       379 3.59390E+01-2.60216E+01 1.09857E+01-1.71424E+01-1.15750E+01 3.43243E+01
 -1       380 2.70387E+01 7.36159E+00 9.61082E+01-9.42764E+00-9.80654E-01 7.48236E+00
 -1       381 5.58555E+00-9.23609E+00-4.67135E+00-1.36244E+01-4.66798E+00 1.37261E+01
 -1       382 1.81489E+01-2.08585E+00 1.88878E+01-6.75929E+00 5.24762E+00 1.62515E+01
 -1       383 4.96874E+01-1.49652E+00 2.87993E+00-9.68904E+00 3.87212E+00 5.01242E+01
 -1       384-6.13813E+00 2.52660E+00-1.62011E+01 2.82066E+00-9.89183E+00-7.52640E+00
 -1       385-6.52041E+00 4.32201E+01 3.49863E+01-3.73209E+00-4.83717E+00 1.84655E+00
 -1       386 5.86131E+01 3.55371E+01 3.47319E+01 1.34651E+01 6.55647E+00 2.97276E+01
 -1       387-1.15412E+01 5.31239E+00-2.86178E+01 3.22777E+00 2.00102E+00 2.78546E+01
 -1       388-6.89418E+01-2.70850E+01-4.78458E+01-3.72153E+00-3.02223E+00 2.51684E+01
 -1       389-6.98216E+00-4.76179E+00-2.62179E+01 8.72635E+00-1.35278E+01 9.29564E+00
 -1       390 1.30241E+00-1.63435E+01-1.32684E+01 4.02128E+00-2.70378E+00 1.20939E+01
 -1       391-1.87745E+01-8.07380E+00 8.21992E-01 2.95731E-01-5.33890E+00 1.06390E+01
 -1       392-2.04640E+01 2.92824E+00-2.29782E+01 5.80124E+00 8.90999E-01 2.01571E+01
 -1       393 5.78471E+01 1.01850E+01 4.50123E+01 2.06884E+01 4.72429E+00 6.89442E+00
 -1       394-8.17057E+00 2.52621E+01 2.55780E+01 6.50842E+00 8.60377E+00 9.23950E+00
 -1       395-2.03506E+01-1.40659E+01-4.52182E+00-1.52438E+00 1.82490E+00 7.07967E+00
 -1       396-1.05762E+01-1.27159E+01 1.56335E+01-7.68380E+00 1.76542E+01 8.67264E+00
 -1       397 5.86318E+01-7.89674E+00 1.95930E+01 6.13039E+00 1.43646E+01 1.71223E+01
 -1       398-1.07288E+01 2.63074E+01 2.64825E+01 1.08648E+01 1.66022E+01 1.10943E+01
 -1       399-1.49383E+01-1.74652E+00 1.81926E+01 4.60060E+00 5.18879E+00 4.06747E+00
 -1       400 6.58063E+01 2.39482E+01 1.56979E+01 2.15853E+01 1.23203E+01 2.73505E+01
 -1       401 1.13139E+02 6.43758E+01 3.14445E+01 2.41913E+01-1.22001E+01 1.40049E+00
 -1       402-2.38254E+01-4.03959E-01 4.60731E-01 1.58864E+00-1.41407E+01 2.19986E+01
 -1       403-4.18824E+00-1.80266E+01-4.19314E+01 9.46436E+00 1.72509E+00 2.29051E+01
 -1       404 9.22272E+00 9.47395E-01 1.04332E+01 9.28448E+00 9.20893E+00 1.86019E+01
 -1       405-2.14933E+01-1.26430E+01-1.09139E+01-5.85871E+00-5.88980E+00 4.25790E+00
 -1       406 3.82699E+01 2.55069E+01-2.19283E+01 1.28308E+01 2.00777E+01 3.05852E+01
 -1       407 1.49228E+01 2.13302E+01-4.72704E+01 1.24075E+01 1.20853E+01 2.41189E+01
 -1       408 7.06638E+01 4.12652E+01 5.17475E+01 1.19739E+01-4.87009E-01-4.56256E+00
 -1       409-6.20844E+01-3.36027E+01-6.66821E+01-1.55649E+01 1.38434E+00 6.60889E+00
 -1       410 1.04443E+02 4.78472E+01 2.40782E+01 2.13683E+01-1.33571E+01 1.98237E+01
 -1       411-2.36362E+00-5.45504E+00 3.91220E+01-1.44692E+01 1.08855E+01 3.57945E+01
 -1       412 6.03313E+01 2.87494E+01 2.76379E+01 2.37974E+01 7.56971E+00 2.51658E+01
 -1       413 4.60319E+01 4.90462E+00 2.50951E+01-7.67356E+00 7.44350E+00 2.44727E+01
 -1       414-3.43322E+01-1.42403E+01-1.54012E+01-7.83913E+00 1.32647E+01 3.54169E+01
 -1       415-6.33334E+01 9.67554E-01-1.89229E+01-7.44439E+00 3.69100E+00 2.63442E+01
 -1       416-4.02770E+01 1.42145E+01-3.24626E+01 7.90315E+00-3.31675E-01 3.17975E+01
 -1       417-2.95877E+01-1.68277E+01-3.60025E+01 4.68221E+00-3.19533E+00 3.31235E+01
 -1       418 7.71129E+00 1.05863E+01-4.90262E+00 4.89737E+00 2.12300E+01 2.63597E+01
 -1       419-3.22677E+01-2.70910E+01-3.01674E+01-6.92409E+00 1.53070E+01 2.89198E+01
 -1       420 8.96658E+00 2.85773E+01 1.25373E+01 1.35017E+01 2.07268E+01 2.07704E+01
 -1       421-7.37270E+00-8.34184E+00-9.57210E+00-3.92545E+00 8.10571E+00-1.19386E+00
 -1       422 1.67261E+00-1.53700E+00 4.58466E+00 1.00866E+01-1.08851E+00-1.40676E+00
 -1       423 2.10971E+01 2.70361E+01 2.31702E+01 1.90501E+01-4.45714E+00 4.93720E+00
 -1       424 1.35639E+01-2.67023E+00-1.24166E-01 1.09673E+01 4.57628E+00 1.75768E+00
 -1       425 7.23999E+01 4.65732E+01 3.18775E+01 2.89257E+01-6.99975E+00 1.60363E+00
 -1       426 8.05911E+01 7.80275E+01 5.53639E+01 2.84744E+01 2.52508E+01 1.38364E+01
 -1       427 8.18321E+01 6.65912E+01 4.29019E+01 5.07378E+01 1.64616E+01 1.84959E+01
 -1       428 2.74802E+01-5.09696E+01-3.50528E+01-2.55526E+01-7.76060E+00 3.09497E+00
 -1       429-4.84197E+01-3.54843E+01-2.18347E+01-1.92809E+01 2.38244E+01 2.41430E+01
 -1       430 1.43617E-01 1.10740E-01-9.08872E+00 1.37693E-02 6.41184E-01-4.10842E-01
 -1       431-1.82733E-01-1.06141E-01 5.42891E-02 1.87590E-02-8.66085E-01 5.05772E-02
 -1       432 1.40326E-01 2.15456E-03-1.04705E+01 2.70403E-02-2.51815E-01-1.52613E+00
 -1       433 5.62771E-02 6.67018E-03 1.46962E+00-3.58548E-02 2.51156E-01 1.29417E+00
 -1       434-2.64477E-01-2.53018E-03-5.18387E+00-1.01406E-01 5.15589E-03 3.11700E-01
 -1       435-1.92275E-01 1.54513E-02-8.02934E+00-7.16438E-02 2.09654E-01 1.71739E+00
 -1       436-1.33753E-01-1.36718E-01-1.38407E+01-6.56429E-02 1.64687E+00 8.60966E-01
 -1       437 8.04692E-02-1.07938E-01-9.42557E+00 8.26014E-03 7.61978E-01-9.77980E-01
 -1       438 6.92314E-02 7.81993E-02-3.43398E+00 1.77105E-02-1.00594E+00 3.62684E-01
 -1       439-1.67541E-01 4.38336E-02-3.63119E-01-5.13298E-02-2.51891E-01-1.41097E-01
 -1       440-2.80421E-01-7.88583E-02-5.74208E+00-8.96438E-02 1.39645E-01-7.92833E-01
 -1       441-4.52534E-01-1.11781E-01 1.77785E-01 8.59360E-02 2.81149E-01 4.97195E-01
 -1       442-1.67214E-01-2.77942E-02-1.06321E+00-2.49818E-02-7.75604E-01-7.83434E-01
 -1       443-9.82926E-02-8.67659E-02 4.82061E+00 1.27345E-01-6.25509E-01 5.45520E-02
 -1       444-8.12051E-01 4.48616E-02-1.05834E-01-1.68452E-01 3.73209E-02 1.84836E-01
 -1       445-7.47981E-01-2.20505E-02-5.17455E-02-1.48132E-01-4.74047E-02-2.28871E-01
 -1       446-6.90585E-01 3.43038E-03-2.64132E-01-1.77534E-01 9.13283E-02 4.18760E-01
 -1       447-6.17183E-01-9.61629E-03-2.34950E-01-1.46176E-01-8.56325E-02-4.19392E-01
 -1       448-4.08846E-01 4.81537E-03-3.79813E-01-1.13004E-01 1.06374E-01 3.53961E-01
 -1       449-1.31199E-01 2.51738E-04-7.33122E-01-8.91730E-02 1.24953E-01 3.36724E-01
 -1       450-1.27386E-01-2.12102E-01-6.04201E-01 6.19363E-02-7.67988E-02 2.27479E-01
 -1       451 1.61727E-01-1.76685E-02-7.91636E-01-1.37008E-02-5.42120E-02-1.27596E-01
 -1       452-6.36830E-02 9.16662E-01-2.50892E+00 6.06884E-02 2.54916E-01-3.25000E-01
 -1       453 4.56919E+00 4.44496E+00 2.02496E+00 2.11549E+00 3.97155E+00 3.00471E+00
 -1       454-1.75702E-01-1.06594E+00-1.10750E+01 3.48670E-01-5.25403E-01-2.42571E+00
 -1       455 4.23053E+00 9.64277E-01 8.75398E-02 2.46383E+00 6.77025E-01 1.28237E+00
 -1       456 3.36473E+00-1.96187E-03 1.19370E-01 1.75880E+00 1.62235E-02-4.39648E-02
 -1       457 3.53963E+00 2.43689E+00-6.38913E-01 2.69011E+00 3.16523E-01 4.51228E-01
 -1       458 2.45294E+00 2.03509E-01-1.25880E-01 1.63502E+00 5.76058E-02-3.17967E-01
 -1       459 3.69124E+00 2.18801E+00 2.33903E-01 2.63362E+00-7.59446E-01-1.77726E+00
 -1       460 3.19148E+00 1.38448E+00 2.63507E-01 9.59982E-01-1.48389E+00-1.49200E+00
 -1       461-2.06756E-01-3.67787E-01-7.22244E+00 2.39671E-01-8.74464E-02 1.31396E+00
 -1       462 2.00712E-01 1.82584E-01-3.07915E+00 2.04949E-01-2.66250E-01 2.13300E-01
 -1       463-2.06806E-01-1.09645E-01-6.79141E-01 8.70990E-04-9.52049E-03-6.73861E-02
 -1       464-1.43164E-01 6.99233E-02-6.71530E-01-8.11036E-02-1.03687E-01-3.42270E-01
 -1       465 2.88801E-02-4.85504E-02-6.58323E-01 3.27857E-02-1.00850E-01 7.44158E-02
 -1       466-3.51211E-01 5.63228E-02-5.03363E-01-9.07537E-02-6.33622E-02-4.23684E-01
 -1       467-4.75618E-01-1.19251E-01-2.16891E-01-2.05462E-01 1.33963E+00 1.54777E+00
 -1       468-8.01944E-01-2.31320E-01 1.54066E-01-1.38083E-02 7.18608E-02 2.22373E-01
 -1       469 9.21518E-02-7.93533E-02-2.55821E-01-1.61867E-01-1.41041E-01 3.35724E-01
 -1       470-1.97055E-01 4.62747E-02-1.18429E+00-6.70513E-01 6.38094E-02 3.67741E+00
 -1       471-4.65786E-01 1.26490E-01-3.48386E+00-2.51252E-01 1.34945E-01 2.47829E+00
 -1       472-3.40628E-01-2.33612E-01-1.36991E+00-4.15738E-02 1.23726E-01 1.44462E+00
 -1       473-1.15114E+00-2.83467E-01 4.45375E-01-5.31719E-01 4.18509E-01 1.35110E+00
 -1       474-7.25951E-01-6.86790E-03-1.07796E-01-4.05918E-02 1.47163E-03 6.33826E-01
 -1       475-1.99203E-01 1.97994E-03 4.85136E-02 1.71914E-02-9.02034E-02-7.00907E-02
 -1       476 3.91522E-02-1.37190E-03-2.71399E+00-1.17711E-02 5.32401E-03 1.23863E+00
 -1       477-1.60207E+00-1.25839E+00-4.49778E+00-1.05818E+00 8.16102E-01 5.82528E+00
 -1       478-7.48390E-01 7.49260E-03-2.47462E-01-7.46651E-02 3.15350E-02 6.35801E-01
 -1       479-7.95842E-01-1.29193E-02-4.20825E-02-6.75765E-02-5.88661E-03 3.87743E-01
 -1       480-6.83974E-01 4.83537E-03 1.70922E-02-2.31184E-02 1.32670E-02 2.16844E-01
 -1       481-5.75515E-01-2.84134E-03 1.14393E-02-5.09137E-02-2.82283E-02 5.26451E-02
 -1       482-6.91839E-01-3.12506E-02 6.10357E-02-2.25112E-03 1.43907E-03 4.64887E-01
 -1       483-3.96960E-01-1.83397E-02-1.39923E+00 1.90901E-02 6.35304E-02 9.88753E-01
 -1       484-5.59564E-01-1.51749E-02-8.27930E-01-5.06233E-02 1.73259E-02 9.13703E-01
 -1       485-5.14252E-01-9.94722E-03-5.44329E-01-2.63869E-02 4.31949E-03 1.02326E+00
 -1       486-1.34961E-02-8.36009E-02-3.11337E+00-5.60657E-02 1.87127E-01 7.31352E-01
 -1       487-1.50066E-01-3.10519E-02-2.03943E+00-6.90874E-03 3.32334E-02 9.40936E-01
 -1       488-3.17800E-01-2.72711E-02-2.10088E+00-1.02658E-02 1.72690E-02 1.30408E+00
 -1       489 7.59688E-01-1.56325E-01-8.99629E+00-2.30355E-01-6.02795E-02 1.87129E+00
 -1       490 1.00498E-02-9.90580E-02-4.13382E+00-9.37402E-02 2.98403E-01 1.41908E+00
 -1       491 2.88588E-01 1.15652E-01-3.04653E+00-1.25667E-01 9.13635E-02 1.73731E+00
 -1       492 1.89291E+00 1.31426E+00-2.65394E+00 8.72219E-01 4.34911E+00 7.40012E+00
 -1       493-1.25561E+00-1.85395E+00-1.48153E+01-3.05875E-01 9.34173E-01 3.40710E+00
 -1       494-1.87702E+00-3.32473E-01-5.70112E+00-1.93973E-01 3.48533E-01 5.30221E+00
 -1       495 1.19678E+00-3.94634E-02-3.34498E-01-9.70537E-02 3.56037E-03 2.72386E+00
 -1       496 1.59296E+00 6.77221E-01-1.38975E+00 6.04742E-01 2.10557E-01 3.87326E+00
 -1       497-1.06080E+00-9.67993E-01-3.40704E+00-6.76283E-01 2.77197E-01 4.44732E+00
 -1       498-8.76818E-01-3.24182E-01-2.38024E-01 4.44341E-02 4.41397E-01 1.86638E+00
 -1       499 7.43269E-01-9.39078E-02-1.86297E-01 1.00890E-01 2.40547E-01 2.01741E+00
 -1       500-4.41283E-02 7.06189E-01-1.59507E-01-1.08357E-01 2.52021E-01 2.25832E+00
 -1       501-1.03648E+00-1.20348E-01 4.37306E-01-3.97033E-01 1.45894E-01 1.30916E+00
 -1       502 5.17622E-02 1.38061E-01 5.66756E-01 7.53291E-02-2.64057E-01 1.28509E-01
 -1       503-1.65078E-01-5.98127E-02 7.87728E-01-2.19673E-01-1.12337E-01 4.79674E-01
 -1       504-3.40667E-01 1.61711E-01 6.77463E-01-2.31452E-01 1.41267E-01 8.13494E-01
 -1       505-4.99638E-02-5.86354E-02-4.52369E-02-7.31003E-02-5.15417E-02 9.91015E-02
 -1       506-3.44892E-01-2.54302E-03 3.86302E-02-5.60203E-02-4.69749E-02-1.32510E-01
 -1       507-1.29304E-01-4.96144E-02-4.22228E-02 2.17577E-02-5.39788E-02-3.80097E-02
 -1       508 2.43023E-02 4.82054E-02 3.81214E-02-6.30893E-02-1.21898E-01 7.30674E-03
 -1       509-4.25142E-01 3.81735E-02 2.44853E-01-1.55997E-02-5.64436E-02 7.56305E-02
 -1       510 5.11350E-02 2.22200E-02 2.60908E-01-8.50772E-02 6.92526E-01 1.95829E-01
 -1       511-4.53942E-01-4.08542E-01-4.46751E-01-1.05532E-01 5.48201E-02 3.39550E-01
 -1       512-8.89160E-01-1.89509E-01 1.43332E+00-5.01909E-02 8.75026E-01 4.28223E-01
 -1       513-7.64757E-01-4.99724E-01-6.93878E-01-1.65422E-02 1.49357E-01 9.20854E-01
 -1       514-4.00752E-01-1.46239E-01-9.26404E-02-2.42614E-01 9.39966E-01 2.11441E+00
 -1       515-5.90022E-01-3.47084E-02-5.01047E-01-2.37841E-01 1.21829E+00 6.85604E-01
 -1       516-8.09660E-01-1.54766E-01-1.89932E+00-2.22632E-01 9.71383E-01 2.81570E+00
 -1       517-2.85351E-01 4.45863E-01-1.93121E+00-2.64394E-01 7.27670E-02 3.32496E+00
 -1       518-1.75708E-01-1.47544E-02-2.50592E+00-1.46608E-01 1.06386E+00 3.08608E+00
 -1       519-3.62185E-01-1.07051E-01-2.41031E+00-1.59328E-01 2.54164E-01 1.68634E+00
 -1       520-7.32481E-01 4.66165E-02-6.41793E-01-1.16656E-01-5.87228E-01-1.01867E+00
 -1       521-9.08709E-01-2.49981E-02 1.06056E-02-6.80701E-02-2.10170E-02-7.83728E-01
 -1       522-1.37669E-01-5.50168E-02-2.40871E+00-1.46116E-01-1.29860E-02-1.29565E+00
 -1       523 3.80800E-01 1.08764E-01-3.31836E-02-3.90170E-01-2.89823E-01-2.30081E+00
 -1       524-5.74168E-02-1.69023E-01 7.14435E-01-4.03185E-01 3.31579E-01-3.04289E-01
 -1       525-6.60181E-02-3.66896E-02-5.43115E-02-7.39103E-03-1.03257E-02 1.71830E-01
 -1       526-2.97243E-01-2.61858E-01-1.96251E+00-6.78139E-01 1.66632E-01-3.60827E+00
 -1       527-7.08365E-01 4.35157E-02 1.07287E-01-5.69760E-02 1.49612E-02-3.72474E-02
 -1       528-4.84378E-01-1.51921E-03-9.96408E-01-8.32962E-03-5.74171E-02-9.23246E-01
 -1       529 1.23911E-01-6.86508E-03-1.60137E-01 3.16524E-03 4.43276E-02-7.83936E-02
 -1       530-5.16604E-01 6.74214E-02 1.29206E+00 9.10360E-02-5.01693E-01-1.25632E+00
 -1       531-8.45847E-01 2.79115E-02 3.29913E-02-6.98002E-02-7.09421E-03-1.15232E-01
 -1       532-5.32435E-01 5.98962E-02 4.79933E-02-7.09681E-02 5.56441E-02 7.56492E-02
 -1       533-7.54388E-01 2.57355E-02-3.29108E-01-8.33759E-02-2.31399E-02-6.65044E-01
 -1       534-8.55471E-01 1.07787E-02-3.59343E-02-5.53473E-02 1.20682E-02-3.95502E-01
 -1       535-8.62801E-01 1.89279E-02 6.98922E-02-5.89651E-02 1.55367E-02-3.15543E-01
 -1       536-3.06702E-01-2.60161E-03-8.98431E-02-3.69010E-03 2.21798E-02 1.86559E-01
 -1       537-7.23036E-03 1.78768E-02-1.40806E-01-1.25844E-02 3.26679E-02 8.12012E-02
 -1       538-5.11023E-01-1.41622E-02-9.73001E-03 8.61390E-03-8.07107E-03 1.47320E-01
 -1       539 1.88081E-01 1.36354E-01-6.89381E-02-3.89240E-02 7.56280E-02-6.32522E-02
 -1       540-8.80024E-02-3.10422E-01-1.51687E-02 7.38425E-02-2.87184E-01-1.85487E-01
 -1       541 4.05250E-02 2.88460E-02-6.23179E-02 3.35329E-02 5.80786E-02-5.32281E-03
 -1       542 1.39051E-01-5.71345E-01 9.28385E-01-8.82291E-02-1.14276E-01-3.47123E-01
 -1       543-7.10055E-01-9.02116E-01-8.11086E-01-2.08066E-01 2.82757E-02-1.38345E+00
 -1       544 8.51582E-02-2.72067E-01-7.03472E-02-9.73144E-02 1.80281E-01-7.28991E-02
 -1       545-1.24130E+00-3.76312E-01 8.06991E-01-4.25245E-01 2.16571E-01-2.05108E+00
 -1       546-3.35039E-01-1.79412E-02 2.09548E-01 7.23010E-01-4.82821E-01-1.68466E+00
 -1       547-2.24135E-01 2.50181E-01 9.90702E-01-1.14904E-01-3.31187E-01-4.39900E-01
 -1       548 7.05805E-01-4.09393E-02-5.40562E-02 2.73698E-01-2.31944E-01-2.19602E+00
 -1       549 1.79220E+00-2.52440E-01-3.27067E-01 4.35839E-01-1.49977E-01-2.36538E+00
 -1       550 1.47522E-01 2.03340E-01 1.34926E+00-7.03701E-03-4.49897E-01-1.89091E+00
 -1       551 1.68858E+00 1.97759E-01-7.89260E-01 1.33424E-01 5.93664E-03-2.63873E+00
 -1       552 3.55119E+00 5.84570E-01-1.02948E+00 7.13089E-01-1.51781E+00-4.81095E+00
 -1       553 3.20946E-01 2.14375E-01-6.92405E-01-3.15515E-01-4.58317E-02-2.73040E+00
 -1       554-6.12329E-01-1.15956E+00-1.00785E+01 5.30634E-02-6.12208E-01-1.79918E+00
 -1       555 7.36153E-01 7.23258E-01-4.96231E+00 1.33455E-01-6.12832E-01-1.03226E+00
 -1       556 5.48886E-02 3.76335E-02-2.51927E+00-9.11843E-02-2.38719E-01-9.26246E-01
 -1       557-6.47820E-01-5.42102E-01-2.87696E+00-4.61742E-01 2.47724E-01-2.41932E+00
 -1       558-1.51608E-01-7.24154E-03-1.77805E+00-1.09711E-01-6.67349E-03-8.98620E-01
 -1       559-3.91742E-01 3.54666E-03-1.15968E+00-2.54225E-02-6.12451E-02-8.10328E-01
 -1       560-6.27047E-01 3.18431E-02-6.41129E-01-5.39399E-02-3.06782E-02-7.54098E-01
 -1       561-3.01633E-01-1.86818E-02-1.44350E+00-2.01674E-02 5.32888E-04-1.05164E+00
 -1       562-6.58017E-01-1.88179E-02-6.78278E-01-3.75895E-02-6.47510E-02-8.91687E-01
 -1       563-9.28615E-01 1.63736E-01 7.58376E-01-6.05392E-02-5.24314E-02-1.06775E+00
 -1       564-3.71649E-01 6.31221E-02-9.87647E-01-2.69832E-02-7.60411E-03-1.10200E+00
 -1       565-4.67635E-01 1.15105E-01-1.69453E+00 8.24295E-02 1.35641E-02-1.79166E+00
 -1       566-2.22605E-01 1.01277E-01 4.62356E-01-2.66152E-01-2.47101E-02 8.71597E-02
 -1       567-7.74296E-01-1.27761E-01-4.06668E-02 1.91692E-02-9.91543E-02-1.17635E-01
 -1       568-7.75732E-01-2.87834E-01-2.14786E+00-4.48085E-01 1.99712E-01-2.38791E+00
 -1       569-3.29396E-02-8.47876E-02-1.75251E+00-7.59631E-02 4.30245E-02-1.45749E+00
 -1       570 9.79984E-03 2.74544E-01 1.31424E+00-3.58260E-01-5.68927E-02-1.26871E+00
 -1       571-8.77761E-01-3.93384E-01-5.73580E-01-9.02840E-02 1.54627E-01-1.00632E-01
 -1       572-3.89154E-02-1.14676E-01-1.03429E-01-1.46543E-01 1.84891E-01-6.43663E-02
 -1       573-2.22949E+00 4.23773E-01-5.83388E+00-2.21252E-01 4.11530E+00 6.78907E+00
 -1       574 1.79144E+01 1.22760E+01 1.16963E+00 1.21151E+00-1.53509E+01-5.58454E+00
 -1       575-4.49969E+00 8.21259E+00 8.98476E+00 1.11517E+01 9.13796E+00 8.04044E+00
 -1       576-9.30011E+00-8.61147E+00-6.88305E+00-3.03262E+00-1.60479E+00 1.36203E+01
 -1       577-9.94989E+00-1.45414E+00-1.35840E+01 1.16573E+00-6.61615E+00-9.55090E-01
 -1       578 8.78103E+00 5.90252E+00-9.65858E-01 1.11806E+01-3.78665E+00-7.17139E+00
 -1       579-5.68123E+00-4.89466E+00 1.45089E+01-2.88039E+00-4.53197E+00-6.50453E-01
 -1       580-4.60365E+00 7.99366E+00 1.61493E+00-4.79157E+00 4.21045E-01 4.92766E+00
 -1       581-3.88924E-01-9.40285E+00-1.25016E+01-5.26225E+00-5.47279E+00 5.05546E+00
 -1       582 6.22690E+00-2.75894E+01 9.41747E-01-1.62580E+01-2.84426E+00 2.27919E+01
 -1       583 5.76524E+00-2.24612E+01-1.84656E+00-1.14107E+01-1.65781E+01 1.85339E+01
 -1       584-1.62952E+01-9.79024E+00 6.51945E+00-6.41173E+00-4.00192E+00 1.10303E+01
 -1       585 5.53440E-01-5.68657E+00-8.39812E-01-9.85582E-01-3.31727E+00 9.03444E+00
 -1       586 2.52083E+01-5.04072E+00-5.49177E+00-9.51497E+00-8.35374E+00 1.70304E+01
 -1       587-7.00330E+00 1.48202E+00 9.22933E+00-5.70365E+00-5.20904E+00 1.68980E+01
 -1       588-8.13916E+00-5.56709E+00 8.10913E-01-1.89749E+01-9.83413E+00 1.16270E+01
 -1       589-6.28854E+00-3.71633E+00-6.59984E+00-1.23015E+01-1.76628E-02 1.88765E+01
 -1       590 1.61785E+01 6.32952E+00-1.15003E+01 1.63620E+01-7.75409E+00 1.36740E+01
 -1       591-2.35604E+01-5.52589E+00-1.41482E+01-3.69011E+00 1.83282E+00 4.15153E+00
 -1       592-1.35475E+01-1.68908E+00-2.05961E+01 5.16237E+00-4.55743E-01 1.21747E+01
 -1       593-1.56640E+01-1.28372E+01-1.22664E+01-8.12173E+00-3.90375E+00-5.59528E+00
 -1       594-2.56441E+01 4.83259E+00-1.32239E+01 3.16008E+00-4.30190E-01 1.23954E+01
 -1       595 1.53836E+00 1.21598E+01-2.05464E+01 1.21025E+01 7.13385E+00 6.77660E+00
 -1       596-5.79714E+00 1.23508E-01-2.27272E+01 3.37263E+00-1.40882E+01-1.67780E+01
 -1       597-5.58188E+00-2.90831E+00-5.31641E+00-8.29594E+00-8.28417E-01 1.37471E+01
 -1       598 9.48539E-01-1.46244E+00-2.48328E+01 8.48163E-02-4.54318E+00 1.54001E+01
 -1       599-2.93996E+00 2.41516E+00 9.83979E+00-2.30973E+00-1.04551E+00 1.27480E+01
 -1       600-2.61106E+01-5.38183E+00 2.56674E+01-1.20936E+01 7.54602E+00 8.32179E+00
 -1       601 2.33733E+01 2.21694E+01 2.93086E+01 1.11891E+01-9.76913E-01 3.01500E+00
 -1       602-1.48232E+00-9.21828E+00-1.32148E+01 1.84108E+00 6.27832E+00-1.04280E+00
 -1       603-6.40159E+00-1.00111E+01-9.61166E+00-3.20218E+00-8.78917E-01 9.23508E+00
 -1       604-1.11340E+01-2.17681E+01-1.62398E+01-6.41124E+00 3.61264E+00-2.63128E+00
 -1       605 2.63633E+01 1.71603E+01 1.28948E+01 1.35787E+01-1.20243E+00 5.08682E+00
 -1       606 1.53897E+01-1.73135E+00 1.06362E+01 6.34558E+00-4.86312E-01 1.05807E+01
 -1       607-1.55760E+01-2.69526E+01-5.86565E+00-5.60007E-01-1.29361E+00 2.58212E+00
 -1       608 8.06138E+00 4.05024E+00 6.84779E-01 5.40405E+00 5.81583E+00 8.53477E+00
 -1       609-5.68637E+00 1.47298E+00 6.60760E+00 6.25155E-01-9.17351E+00-7.69235E+00
 -1       610-7.65584E+00-2.00565E+00 6.52458E+00-7.36318E+00-1.66974E+00 1.05642E+01
 -1       611 5.53440E+00-7.23202E+00 7.62818E+00 6.46922E+00 4.68833E+00 3.06850E+00
 -1       612 2.03958E+01-2.63898E-01 5.40898E+00 1.93848E+00-2.92449E+00 2.35393E+00
 -1       613-5.27641E+01-1.44808E+01-2.99519E+01-9.32477E+00-7.62134E+00-4.54853E+00
 -1       614-2.66291E+01-6.47376E+00-6.66903E+01 4.80277E+00 9.87522E+00 8.83887E-02
 -1       615-3.42687E+00 1.26285E+00-1.58513E+01 6.63285E-01-6.44906E+00 1.34607E+01
 -1       616 1.63990E+01 1.62326E+01-1.47112E+00 2.24229E+00-3.75387E+00 2.18599E+01
 -1       617-1.67989E+01 8.63630E+00 2.49041E+00 5.61320E+00 6.59412E+00 2.77611E+01
 -1       618 2.43400E+00 7.80611E-01 3.42566E-01-1.32031E+00-2.78136E+00 2.06512E+01
 -1       619 5.31813E+01 1.59518E+01 2.41150E+01 1.23285E+01 9.81370E+00 1.11093E+01
 -1       620 2.50843E+01 5.76230E+00 2.02143E+00 6.27693E+00-2.87191E+00 7.63286E+00
 -1       621-1.56619E+01-1.23784E+01 2.42484E+00-9.44880E+00 6.55013E+00 2.51068E+00
 -1       622-1.28474E+01 1.50041E+00-2.54375E+01-6.39315E+00-1.24922E+01 3.26918E+00
 -1       623 9.47967E+00 1.66289E+01-7.31027E+00 6.89169E+00 9.53977E-01 1.32087E+01
 -1       624 1.38576E+01 1.18994E+01-3.78220E-01-7.64279E-01 1.39665E+00 2.18366E+01
 -1       625-4.16969E+00 1.17730E+01 8.64696E-01 1.37230E+01 7.29758E+00 3.68460E+00
 -1       626-5.04771E+01 1.96677E+01-1.07766E+01-3.57124E+00-4.50854E+00 1.94952E+00
 -1       627-1.70349E+01 2.89823E+00 6.53295E+00 5.74396E+00 1.70412E+01 2.43234E+01
 -1       628 5.35237E+01 1.97348E+01 1.91299E+01-1.12285E+00-1.92520E+01 1.12518E+01
 -1       629-8.09367E-01-2.57847E+01-1.84674E+01-3.88069E+00-7.17375E+00-2.76006E+00
 -1       630 7.37687E+00-6.83901E+00 1.47923E+01-2.96745E+00-1.67638E+00-2.81757E+00
 -1       631-1.67041E+00 1.29667E+00-5.52874E+00-1.06706E+00 3.41601E+00 1.36170E+01
 -1       632-1.93239E+01-4.54826E+00-1.24393E+01-6.97342E+00 1.38715E+00 4.70315E+00
 -1       633-3.30746E+01-1.48053E+01-1.53134E+01-7.52682E+00-8.24607E+00-3.95995E+00
 -1       634-1.00778E+01-7.15209E+00-2.71744E+00 4.89744E+00-9.47837E-01 6.49214E+00
 -1       635-4.53405E-01-9.83007E-02 2.26146E+01 1.46188E+01-1.54212E+00 1.28042E+00
 -1       636-3.83783E+00-4.27852E+00 9.37525E+00 3.78684E+00-3.99183E+00 8.62849E+00
 -1       637 3.09457E+00 3.03621E+00 1.17798E+00 9.35789E+00-2.80286E-01-7.17634E-01
 -1       638 3.26336E+01 2.11200E+01 1.51557E+01 9.29800E+00-7.78689E+00 4.70558E+00
 -1       639 8.78455E+00-1.04573E+01-3.14732E+00-7.84424E+00-4.15792E+00 1.70544E+01
 -1       640-2.98745E+01-2.15462E+01-1.72648E+01-3.88939E+00 1.33118E+00-3.18078E-01
 -1       641-6.46112E+00-1.72915E+01-1.75948E+01 2.68256E+00-5.55711E+00-8.76354E-02
 -1       642-1.68366E+01 6.93905E+00 6.20444E-01-5.75720E+00-6.52585E+00-7.15492E+00
 -1       643 2.74724E+01 1.51524E+01 1.23385E+01 9.42588E+00 6.79878E+00 1.35561E+01
 -1       644 2.97260E+00 6.47221E+00-6.35746E-01 4.31703E+00-7.00000E+00 3.99120E+00
 -1       645-2.23771E+01-4.08945E+00-1.90590E+01-1.62048E+00-3.83945E-01 1.51159E+01
 -1       646 2.21739E+01 4.29881E+00 3.11895E+00 8.47363E+00 3.41740E+00 1.14883E+01
 -1       647 3.18170E+01 8.12690E+01 2.40182E+01 3.34374E+01 7.35053E+00 8.82375E+00
 -1       648-1.82578E+01-2.67127E+01-1.43201E+01-4.96325E+00 1.10296E+01 8.27497E+00
 -1       649 2.52532E+00-1.04421E+01 2.11037E+01 1.94181E-01-1.27591E+01-3.92374E+00
 -1       650 1.73993E+00-4.15846E+00-1.50971E+01-8.81945E-01-1.20043E+01-7.85169E-01
 -1       651 5.87181E+00 2.49992E+00 1.84521E+01-5.71601E+00-9.46528E+00-4.33006E+00
 -1       652 6.15224E+00 9.58834E+00-3.12175E+01 1.36785E+00-6.16573E+00 7.15666E+00
 -1       653-3.89887E+01-1.88502E+01-4.85005E+01-3.49710E-01-2.02048E+00 9.80354E+00
 -1       654 8.04778E+00 6.43838E+00-1.94408E+01 4.72999E+00-1.20160E+01-5.08744E+00
 -1       655 2.56373E+00-4.66200E+00-3.95383E+00-2.42335E+00-9.99362E-01-3.79389E+00
 -1       656 3.92590E-01 9.71235E+00-1.18068E-01 3.33081E-01-1.37075E+00 5.02378E-01
 -1       657-3.43377E+00 3.11961E+00 1.46866E+00 3.72106E-01-5.35525E+00-9.93277E+00
 -1       658 1.80480E+01 5.84629E+00 4.27269E+00 6.52241E+00 3.13852E+00 2.32151E+00
 -1       659 1.94004E+00-1.74642E+01-1.66850E+00-1.89402E+00-8.60205E+00 8.27690E+00
 -1       660 1.84753E+01 7.17394E+00 2.11042E+00 5.11204E-01-1.78834E+01-3.34004E+00
 -1       661-6.50599E+00-1.75722E+01 3.04542E+00-7.60589E+00-1.02162E-01 5.37908E+00
 -1       662 1.27970E+01 6.63915E-01-9.49326E+00-2.13956E+00-2.65945E+00-2.18583E+00
 -1       663 1.04770E+01-1.04934E+01-1.13043E+01 2.94591E+00 6.67389E+00 1.07211E+01
 -1       664-1.30354E+01-5.44032E-01 2.43422E+00 1.08257E+00-3.64282E+00 5.47791E+00
 -1       665-2.47867E+01-9.63525E+00-2.73197E+00-8.64732E+00 4.43863E+00 1.32065E+01
 -1       666-3.26128E+01-2.57576E+00-1.09685E+01-1.14497E+01 5.06663E+00 1.25491E+01
 -1       667 3.46944E-02 9.99670E+00 7.68913E+00 6.79977E+00 3.41978E+00 1.61618E+01
 -1       668-1.76793E+01-6.04839E+00-1.15357E+01-1.97529E+00-2.42054E+00 2.03930E+00
 -1       669 4.54907E+00 1.11554E+01 6.77656E+00 4.99051E+00 2.66157E+00 4.92514E+00
 -1       670-1.43955E+00-1.68260E+01-1.15478E+01-8.43482E+00-8.92301E+00 6.14500E+00
 -1       671 7.16486E+00 4.20087E+00 1.47096E+00-6.27976E+00 1.38412E+00 5.74404E+00
 -1       672 1.17664E+00-8.41219E+00-6.77241E+00-6.82366E+00 9.99634E-01-4.48461E+00
 -1       673 1.32724E+01 8.41386E+00-2.32688E+00 6.25991E+00 1.72253E+00-1.35293E-01
 -1       674 1.69885E+01 3.29059E+00 9.31155E+00-1.20797E+01 5.40656E+00 4.92062E+00
 -1       675-2.52800E+01-4.60708E+00-2.71496E+01-6.73984E+00 3.83343E+00 6.81666E+00
 -1       676-7.55084E+00 3.74049E+00-5.47453E-01 2.11903E+00-3.39851E+00 7.94436E+00
 -1       677-5.22422E+00-2.59971E+00-1.24753E+01-4.49539E-02-8.30285E+00-7.30602E+00
 -1       678 1.96135E+01 4.16139E+00-1.00324E+01 1.15509E+01 9.34903E+00 2.23856E+01
 -1       679 2.30929E+01 9.89758E+00 6.23854E+00-3.62632E-01 6.34525E+00 2.22138E+00
 -1       680-2.47253E+01-2.65952E+01-4.05489E+01-1.36594E+01-1.20193E+01-1.95558E+00
 -1       681 6.79124E+00 2.70920E+00-1.53873E+01 5.85492E+00-3.08400E+00 2.68927E+00
 -1       682 3.23424E+01 2.74406E+01 1.07517E+01 1.58166E+01 2.37848E+00 1.29624E+01
 -1       683 1.72060E+01 2.09158E+01-4.99100E+00 1.31651E+01 9.47212E+00 4.38225E+00
 -1       684 5.14014E+00 1.59293E+01-1.95533E+01 1.27096E+01 1.21851E+00 9.84514E+00
 -1       685-1.63324E+01 8.23275E+00-6.92593E+00-2.59883E+00-1.56394E+01 1.86613E+00
 -1       686 7.65275E+00 1.25854E+01 1.13468E+01 9.69633E+00-1.51413E+01-9.70446E+00
 -1       687 4.05510E+00-7.11006E+00 1.19373E+01 2.78364E-01-1.71297E+01-1.29347E+01
 -1       688 2.71425E+00-8.23347E+00-2.21930E+01 5.57425E+00 1.79200E+00 1.84080E+00
 -1       689-1.93760E+00 1.61181E+01-7.04015E-02 6.52779E+00-8.05431E+00-6.60507E-01
 -1       690-1.48679E+01 4.57269E+01 1.52734E+01 1.80175E+01 4.80974E+00 1.27962E+01
 -1       691 1.28753E+01 1.12552E+01 1.80742E+01 1.13822E+01 7.51525E+00 2.64105E+00
 -1       692-3.81387E+01-1.49008E+01-8.72090E-01-1.17061E+00 1.55186E+01 1.44333E+01
 -1       693-8.13064E-01 5.14876E+00-1.65678E+00 1.37661E+01 1.92651E+00 4.18286E-01
 -1       694-1.20288E+01-1.19432E+00-1.38714E+01-1.71267E+01 2.30742E+00-2.58601E+00
 -1       695-3.39046E+01-8.30750E+00 1.17513E+01-1.91679E+00 9.90184E+00 6.72415E+00
 -1       696 1.11151E+00 1.41205E+01 2.12520E+00 3.40812E+00-3.26496E+00 7.08341E+00
 -1       697 1.77794E+01 1.52065E+01-2.51232E+00 1.38450E+01 1.95576E+00 1.00597E+01
 -1       698-2.02565E+01-6.09468E-01-6.40666E-01-2.07392E+00-1.86961E+00 3.20918E+00
 -1       699 2.00660E+01 9.53353E+00-3.75318E+00 7.66175E+00-1.01335E-01 5.25851E+00
 -1       700-2.77724E+01 4.29283E+00 1.58855E+00-5.12327E+00 1.35867E+01 1.55757E+01
 -1       701 5.43631E+01 2.45984E+01 2.33427E+01 1.97016E+01 2.57686E+00-6.05443E+00
 -1       702 3.06779E+01 1.16568E+01-1.29181E+01 1.06587E+01-4.64141E+00 4.02972E+00
 -1       703 9.98793E-01 3.89297E+00 1.64805E+01-7.08486E+00-1.84936E+00 3.43668E-01
 -1       704-3.14756E-02-6.52608E-02-9.92264E+00 9.86025E-04 5.47490E-01-5.07658E-01
 -1       705-8.18780E-02-2.01585E-02-3.95945E+00-2.16050E-02-1.39819E-01 6.43134E-01
 -1       706-4.73272E-02 3.13524E-02-4.61365E+00-1.36589E-02-6.50558E-02-3.57577E-01
 -1       707 6.46804E-02 8.11916E-02 8.39092E-01-1.43470E-02-3.04381E-01 6.25909E-01
 -1       708 1.75084E-01 5.07558E-02-5.07867E+00-9.51691E-02-3.09626E-01-5.73046E-01
 -1       709-5.15428E-01-6.89682E-03-2.35767E-01-8.38178E-02 3.09731E-02 4.75521E-01
 -1       710 1.43948E+00-2.48046E-01 2.40706E-01 4.74047E-01-3.23706E-01 1.68326E-01
 -1       711 1.61140E+00-2.11252E-01-5.55294E-01 1.33359E-01 2.56309E-01-3.29440E-01
 -1       712 2.85284E+00-1.13799E-01-2.89726E-01 8.08417E-01 1.50015E-01-1.08883E+00
 -1       713 8.10994E-01-7.05501E-02-6.29183E-01-8.92144E-02-8.75045E-02-1.44985E+00
 -1       714 5.79412E-01-3.34406E-04-1.02075E+00-3.64371E-01 1.78196E-01-1.87065E+00
 -1       715 4.11240E+00 7.04257E-01-4.06089E-01 1.41240E+00-2.11019E-01-2.42821E+00
 -1       716 8.51863E-01-1.16429E-01 1.42024E-01 5.16531E-02-2.10610E-01 1.07881E+00
 -1       717 2.61255E-01 1.51205E-01-7.50738E-01-3.60806E-01-8.06499E-02 6.93917E-01
 -1       718 4.49727E-01-2.86977E-01-2.79612E-01-4.19593E-01-2.35950E-01 1.97090E+00
 -1       719 8.63124E-01-1.95712E-01-1.54670E-01-1.44025E-01-2.23208E-01-1.18168E+00
 -1       720 1.56284E+00 7.66866E-02 2.69195E-01 1.06589E+00-2.11245E-01-8.22256E-01
 -1       721 3.52930E+00 1.19122E+00-4.34419E-01 2.04140E+00 5.83018E-01 2.31067E+00
 -1       722-7.30012E-01-4.50892E-03-8.03380E-03-6.17728E-02 4.39926E-03 2.93859E-01
 -1       723-6.13200E-01 6.67651E-03-1.27366E-01-8.92506E-02 4.99218E-02 3.88406E-01
 -1       724-4.66676E-01 1.69687E-02-1.79622E-01-9.94879E-02 7.07854E-02 2.77287E-01
 -1       725-6.52968E-01-1.80328E-02-2.00352E-01-7.03015E-02 1.23210E-02 5.61113E-01
 -1       726-6.08766E-01 3.32195E-02-3.61094E-03-8.27180E-02 2.36969E-02 2.20219E-01
 -1       727 1.54259E+00 2.35921E-02-2.89635E-01 2.79553E-01-1.15848E-01-3.68246E-02
 -1       728 2.41280E+00-8.80588E-02 3.21654E-01 8.20322E-01-1.25215E-01 1.01094E+00
 -1       729 1.46347E+00 1.32508E-01-5.85432E-01 6.19606E-01-9.24293E-03-8.05067E-01
 -1       730-1.00745E-02-5.77519E-01-2.89862E-01-4.41896E-01 4.27897E-01 9.97661E-01
 -1       731 1.25794E+00 1.94103E-01-5.73991E-01 9.41881E-01 1.84394E-01 4.61137E-01
 -1       732 2.06891E+00-4.92594E-01 1.62917E-01 1.11353E+00-3.80341E-01-9.91659E-01
 -1       733 1.78363E-01-6.18392E-01-1.17179E+00 1.71880E-02 3.54873E-03 1.70623E+00
 -1       734-1.29012E-01-1.74050E-01-1.38566E+00-4.73277E-01-7.95443E-02 9.81993E-01
 -1       735-3.92349E-01-3.28797E-01-1.25990E+00-4.20090E-01-7.95927E-02 1.96214E+00
 -1       736 7.11570E-02-1.31239E-02-1.45454E+00-2.66933E-02 6.32267E-02 5.66667E-01
 -1       737-2.26448E-01-1.01072E-01-1.00117E+00-1.67773E-02 7.07247E-02 6.70181E-01
 -1       738 1.52090E-01 1.29933E-01-1.77303E+00-1.46732E-01 1.10808E-01 9.29864E-01
 -1       739-1.19986E+00-4.78862E-01-2.24823E+00-7.19330E-01 4.88442E-01 2.74008E+00
 -1       740-5.26077E-01-6.32465E-02-2.27517E-01-3.67432E-02-6.85667E-02-4.38179E-01
 -1       741-5.29797E-01-1.28328E-02-2.94250E-01-5.29877E-02-7.12586E-02-3.87681E-01
 -1       742-3.47801E-01 3.10607E-03-4.64694E-01-1.40367E-02-8.75842E-02-4.86246E-01
 -1       743 1.05507E-01 5.91710E-02-1.45734E+00-3.98526E-02 2.71147E-01 3.45107E-02
 -1       744-4.76519E-01-2.34821E-01-5.01284E-01-3.98197E-01 2.63809E-01-1.15024E+00
 -1       745-9.65494E-01 2.67147E-02-1.59586E+00-2.44027E-01-1.88390E-01 1.49657E+00
 -1       746-5.15381E-01-1.94542E-01-2.57668E+00-1.97951E-01-6.91243E-02 1.40400E+00
 -1       747-1.93708E-01 2.86164E-01 6.47217E-01-2.33913E-01-3.14335E-01 1.13453E+00
 -1       748-2.60905E-01-8.14330E-03-2.72840E-01-4.45110E-01 1.29189E-01 1.27288E+00
 -1       749-2.33974E-01 1.60457E-01-1.48896E+00-1.67608E-01 9.50697E-02 9.43923E-01
 -1       750-1.29246E-01-1.08208E-01-5.69105E-01-6.51499E-02 6.84915E-02 8.25555E-01
 -1       751-5.54207E-01 3.37906E-01 1.78549E+00-2.16688E-02-4.34947E-01-5.32302E-01
 -1       752-2.76093E-01 5.15116E-02-1.51407E+00-3.64934E-01 2.36361E-01 1.22640E+00
 -1       753-6.31292E-01-7.29209E-02-2.18553E-01-6.96145E-02-6.16720E-02 4.61898E-01
 -1       754-8.01377E-01-4.84590E-02 2.31930E-01-8.37733E-02-2.82984E-03-2.93097E-01
 -1       755-8.11956E-01 2.38771E-02-2.25049E-02-1.02521E-01-8.44898E-03 1.70070E-01
 -1       756-3.04885E-02-3.40836E-02-8.49689E-01-2.68356E-02 7.96024E-02 3.45145E-01
 -1       757-1.20570E+00-8.76758E-01-2.03120E+00-9.76849E-01 1.06449E-01 1.28468E+00
 -1       758-2.41149E-01 2.21736E-02-5.91510E-01-1.57601E-02-7.47950E-02-4.07542E-01
 -1       759-7.23905E-01-6.55127E-02 4.49951E-02-3.14081E-02-1.33269E-02 8.19280E-02
 -1       760-7.98293E-01-4.50957E-02-4.68328E-02-6.42109E-02 5.98911E-03-2.07468E-02
 -1       761-6.46854E-01 9.72510E-03-4.02995E-01-1.03300E-01 2.87015E-02 5.64026E-01
 -1       762-7.30928E-01-1.85101E-02-1.93190E-01-7.57966E-02-3.16668E-02-2.34424E-01
 -1       763 4.15706E-01 5.04405E-03-1.19254E+00-1.07049E-01 5.80717E-01 9.69864E-02
 -1       764-6.58387E-02 4.37478E-02-5.69369E-01-1.60241E-01-8.01112E-02-3.62910E-01
 -1       765 1.25272E+00 7.96795E-01-4.22661E+00-2.19962E-01 7.86692E-01 2.57943E-02
 -1       766-3.62872E-01-6.83524E-02-1.68504E-01-2.38626E-02 1.68512E-03 3.88139E-01
 -1       767-1.19069E-01 7.01178E-02-7.56428E-01-1.57443E-02-4.98878E-02-5.55031E-01
 -1       768-5.71213E-02-2.07489E-01-9.56948E-01-5.36310E-02-4.45056E-02-3.90394E-01
 -1       769-2.53782E-01-3.76942E-02-7.71027E-01-1.65783E-02 1.23760E-01 5.74270E-01
 -1       770-3.94322E-01-1.54015E-01-5.30697E-01-1.07500E-01-8.01300E-02-4.03600E-01
 -1       771-8.39954E-02 6.58372E-02-3.39504E-01 5.51021E-03-4.68428E-01-1.05285E+00
 -1       772-8.60175E-01-2.44122E-01-1.59597E+00-1.60593E-01-7.35530E-02-9.10824E-01
 -1       773-4.05076E-01-3.07664E-01-1.79310E+00-2.86416E-01-6.32844E-02-8.59067E-02
 -1       774-9.06775E-03 1.89726E-02-1.23509E+00-1.38605E-01-1.76971E-01-5.45165E-01
 -1       775 1.14349E-02 5.18232E-02-9.56737E-01-6.58394E-02-4.34515E-02-4.56021E-01
 -1       776-3.81021E-01 3.21413E-02-8.91708E-01-1.19741E-01 8.95923E-02-4.46845E-01
 -1       777-5.37428E-01-3.86795E-01-1.96160E+00-5.65934E-01 3.75805E-01-8.63050E-01
 -1       778-4.60289E-01-9.40652E-02-6.45414E-01-5.75852E-02 3.28060E-02 8.82126E-01
 -1       779-2.53847E-01-5.77055E-03-3.12525E-01-4.60068E-02 8.30643E-02 2.32290E-01
 -1       780-6.46577E-01-3.02550E-02 1.37529E-01-5.21135E-02 1.06801E-04 4.00320E-01
 -1       781-7.15714E-01 6.61978E-02 1.57826E-01-7.08447E-02-7.92488E-03-1.20294E-02
 -1       782 2.11866E+00-5.55144E-02-4.54059E-01 7.79770E-01 1.09186E-01 7.82387E-01
 -3
    1PSTEP                         3           1           1          
  100CL  101 1.000000000         782                     0    1           1
 -4  TOSTRAIN    6    1
 -5  EXX         1    4    1    1
 -5  EYY         1    4    2    2
 -5  EZZ         1    4    3    3
 -5  EXY         1    4    1    2
 -5  EYZ         1    4    2    3
 -5  EZX         1    4    3    1
 -1         1-4.87430E-05 6.59574E-05 4.12503E-06 1.00266E-04-9.08144E-06-3.68094E-05
 -1         2 1.34039E-04-6.02052E-05-1.23605E-05-2.92084E-05 4.91347E-05-4.88293E-05
 -1         3 2.42536E-04-1.55037E-04-1.56567E-04-2.08999E-04-4.02344E-05-1.17169E-04
 -1         4 2.18564E-04 4.30454E-05 3.66377E-05 1.32128E-04-7.60252E-05-1.01559E-04
 -1         5 1.60078E-05 1.56850E-05-5.25107E-05 3.77747E-07 8.02281E-07-1.17053E-05
 -1         6 2.69777E-05 2.70398E-05-9.00898E-05-1.73121E-07 5.43537E-06-3.12753E-07
 -1         7-1.83325E-06-1.46111E-06 4.61739E-06-4.84677E-08 4.74635E-06 5.61402E-06
 -1         8 9.96220E-06 1.06786E-05-3.46782E-05-6.04556E-07 7.71787E-06 9.93107E-06
 -1         9 7.01227E-07 2.53336E-06-7.78121E-06 7.94972E-07-7.99418E-06-7.22041E-06
 -1        10 1.52862E-05 1.37116E-05-4.75485E-05 1.34242E-07-1.96793E-06-7.68005E-06
 -1        11-1.36115E-05-1.54477E-05 4.82944E-05 1.20483E-06-5.07823E-06 3.71240E-06
 -1        12-2.45930E-06-2.69423E-06 9.17397E-06-2.54763E-07-3.11199E-06 8.53094E-06
 -1        13-3.99958E-06 1.14904E-06 1.33082E-06-8.23881E-07-9.05800E-08 8.54639E-07
 -1        14-4.50944E-06 1.45283E-06 1.32796E-06-8.80280E-07-6.44145E-08-1.48700E-06
 -1        15-5.23591E-05-1.21779E-05 8.10425E-05 4.25669E-05 3.41577E-05 1.12948E-05
 -1        16-1.74063E-05-5.37967E-05 1.29321E-04 5.43637E-05-4.52726E-05-1.02477E-04
 -1        17-4.97928E-05-2.02929E-05 5.47356E-05 1.02672E-05-7.00824E-05-1.58147E-05
 -1        18 3.03354E-05 6.00465E-05-1.69334E-05 5.07073E-05-1.91951E-06-1.09560E-04
 -1        19-1.09549E-04-2.27029E-05-1.84167E-05 6.67086E-05 1.95218E-05-6.91383E-05
 -1        20-9.64854E-05 1.99849E-05 5.21014E-05-2.47869E-05-5.40481E-07-2.89706E-05
 -1        21 1.03891E-04-7.78193E-05-2.53692E-05-3.55283E-05 4.33570E-06-9.24788E-05
 -1        22-6.39142E-05-7.96850E-05 4.89172E-05-2.18789E-05-1.75553E-05-7.23189E-05
 -1        23 5.81421E-05 2.06528E-06 1.59638E-05 7.72316E-05 7.07207E-05 3.90499E-05
 -1        24 3.85765E-05-3.78673E-05 2.16881E-05 3.09426E-05 3.07674E-05 4.01053E-05
 -1        25-3.42330E-06 7.43518E-05-9.43716E-06 1.25358E-05-2.12568E-05-1.26578E-05
 -1        26-6.44647E-07 8.55985E-05 5.95474E-05 1.00540E-04-3.63515E-05-7.54120E-05
 -1        27-8.16114E-06-1.20420E-04 1.48998E-04 2.60594E-05-1.69261E-05-1.91228E-05
 -1        28-7.51487E-05-2.19845E-05 1.26196E-04 2.48707E-05-2.74279E-05 1.36742E-06
 -1        29 3.00835E-05 6.58087E-05-7.77101E-05 8.81653E-05-1.26393E-05-8.05109E-05
 -1        30-9.12134E-05-4.80514E-05 2.74276E-05-5.58568E-05-6.95515E-08-1.10856E-04
 -1        31-1.16413E-04-1.46518E-04 2.20203E-05-2.81658E-05-6.84775E-06-5.24115E-05
 -1        32 4.85839E-05-1.78945E-05-8.37447E-05-4.51334E-05-4.82429E-06-4.33251E-05
 -1        33-2.73710E-05-1.22585E-04 3.04277E-05-6.27756E-05-3.35733E-05-9.12794E-05
 -1        34-4.53185E-05 1.80913E-05 1.72882E-05 2.44110E-05 1.77719E-05-1.63844E-05
 -1        35 2.18966E-06 4.83419E-05 1.35605E-07 7.56370E-05 8.52713E-05 5.81765E-05
 -1        36-1.36658E-04-7.30123E-05 4.68859E-05-6.58951E-05-1.55799E-05-1.35965E-05
 -1        37-4.65816E-05 9.77937E-05-5.87246E-05 7.68235E-05-7.72184E-06 9.15589E-06
 -1        38 2.69578E-07-4.26872E-05 2.62036E-05 4.48968E-05 4.06111E-05-1.11591E-05
 -1        39 2.42350E-05 1.12568E-05-4.83166E-05 8.37942E-05 2.68461E-06-5.13816E-06
 -1        40-3.31096E-05 3.42354E-05-3.24083E-05-3.40685E-06-1.43600E-06 9.34187E-05
 -1        41 2.41178E-05-4.24661E-05-6.26527E-05-3.01033E-05-5.13696E-05 2.64311E-05
 -1        42 5.81340E-05-8.34196E-05 2.81737E-05 2.69253E-05 1.37687E-05 6.58341E-05
 -1        43-1.10464E-04 1.20909E-05 1.11890E-05 3.53565E-05-6.48769E-05-8.40217E-05
 -1        44 1.43390E-05 2.01219E-05 2.09285E-05-8.53293E-05 4.52148E-05-1.62683E-05
 -1        45-8.54628E-05 4.17600E-05 6.17300E-05 1.87558E-05 2.33524E-05-1.14440E-05
 -1        46-6.43107E-06 6.79178E-08 4.14123E-05 2.70443E-05-2.10521E-05-6.05727E-05
 -1        47-6.48593E-05 2.82617E-05-1.60339E-06-5.01750E-05 3.34311E-05 1.77752E-05
 -1        48-9.32605E-06 9.14680E-06-1.06275E-04-7.63454E-06-2.80118E-05-1.62037E-04
 -1        49-8.98011E-05 4.14061E-05-3.75529E-05-1.11548E-04-4.99923E-05-7.04688E-05
 -1        50 2.00238E-05 1.93250E-05 4.17891E-06-6.38329E-06-8.14740E-06 4.97051E-06
 -1        51 6.48607E-05-4.91925E-05-5.13688E-05 3.00465E-05 3.54276E-05 2.83382E-05
 -1        52 5.49269E-05-6.10866E-05-3.58234E-05 1.39334E-05-2.91165E-05 6.42297E-05
 -1        53 2.98913E-05 3.48249E-05 1.46621E-05 4.98584E-05 1.70534E-05 5.59350E-05
 -1        54-6.56207E-08 7.32459E-06-2.91915E-05 3.41993E-05-5.89085E-06 4.78984E-05
 -1        55-6.33120E-05-4.92658E-05 6.22122E-06-7.31605E-05 5.01175E-06-1.07839E-04
 -1        56-3.11196E-05 7.82147E-06 4.45017E-06-3.84808E-05 8.13268E-06 2.21064E-05
 -1        57-1.30658E-04 1.37816E-05 1.36979E-04 2.62437E-05-2.04507E-05-3.71599E-05
 -1        58 1.62567E-07-2.54800E-07 1.83742E-05-1.51104E-05 1.72255E-05-5.81234E-05
 -1        59-6.59547E-05-3.14286E-05-8.19550E-05-9.52597E-05-2.71293E-05-1.27810E-04
 -1        60-8.38566E-05 6.22693E-05-5.55758E-05-1.00629E-04-5.50258E-05-1.30234E-04
 -1        61-2.38015E-05-1.08511E-04 5.75555E-06-1.73142E-04-2.65270E-05 3.59410E-05
 -1        62-9.95847E-05 3.58891E-07 6.95180E-05-6.08107E-06 7.02460E-05 1.40411E-05
 -1        63-5.98135E-06-2.74641E-05-1.28023E-06-1.01441E-05 1.57498E-04 1.95723E-04
 -1        64 1.93176E-05 9.52691E-05-1.99168E-04-4.78316E-05-3.75920E-05-1.19226E-05
 -1        65 1.09372E-04-1.97130E-04 1.14184E-04-6.09999E-05 2.75063E-05 7.18820E-05
 -1        66 8.94677E-05-5.07632E-05-2.40999E-05-4.17797E-05-2.04384E-05 1.46768E-04
 -1        67-1.02467E-04 1.12915E-04 1.32032E-04-1.08052E-04 7.72507E-06 4.05243E-05
 -1        68-4.74704E-05 4.65102E-05-7.14739E-05-6.72756E-05 1.10934E-04 7.65678E-05
 -1        69-6.84621E-05-3.49712E-05 1.27551E-05-2.10509E-05-1.02795E-04-3.49236E-05
 -1        70 7.13235E-05-7.14442E-05 1.07526E-04 4.70257E-05-6.11606E-05 8.23409E-06
 -1        71-1.86111E-04 1.38773E-05 1.06002E-04-8.10525E-05 5.25235E-05 4.81518E-05
 -1        72 2.83173E-04-1.55807E-04-3.19913E-05 2.36153E-05 5.40161E-05 2.70639E-04
 -1        73-2.62455E-04-9.95370E-05 2.89140E-05-4.14111E-04-1.20800E-04-1.19651E-04
 -1        74 1.19644E-04-1.15163E-04 4.94042E-05 2.28626E-05 1.39353E-04 1.06101E-04
 -1        75-1.11297E-04 2.89648E-05-3.56900E-05-5.97643E-05 1.02703E-04 8.52663E-05
 -1        76-4.53140E-05-1.63973E-05-3.29994E-04-1.26391E-04 1.68612E-05 8.67563E-05
 -1        77 2.44064E-04-2.68307E-06 1.80732E-04 1.26955E-04 1.44615E-04 2.42594E-04
 -1        78-9.67032E-05-6.98957E-05 1.62149E-04-1.82703E-04 9.84429E-06 5.31671E-05
 -1        79-2.15156E-04 6.61370E-05-3.73603E-05-2.82581E-04 1.37981E-05-4.20001E-05
 -1        80-2.14378E-04 1.68218E-05-1.68929E-06-9.33105E-05-5.49548E-05 8.88836E-06
 -1        81-4.93494E-05 3.34199E-05 2.74906E-05 5.52577E-05-9.91604E-05 7.76842E-05
 -1        82-5.09279E-05-3.28448E-05 1.96362E-04-3.44830E-06 1.37062E-04 1.65890E-04
 -1        83 2.09748E-05-3.58951E-05-2.66095E-05 6.19452E-05 8.38193E-05 1.25267E-04
 -1        84 4.43449E-04-3.14787E-04-1.11552E-04-3.23303E-05 1.12061E-04 8.87769E-05
 -1        85-6.11436E-05-5.14745E-05 5.54491E-05-1.02644E-05-6.20159E-06 7.90331E-05
 -1        86-1.42052E-04 9.85008E-05-5.59492E-05-3.99386E-05-1.57743E-04 1.73613E-04
 -1        87 2.04059E-05 1.01615E-04-2.23545E-04-8.97259E-06-6.11076E-05 1.22483E-04
 -1        88-7.11116E-06-2.58400E-05 5.23419E-05-8.24103E-05 1.66997E-05 6.45681E-05
 -1        89 3.08184E-04-2.25903E-05-1.59469E-05 5.76930E-05 9.76486E-05 1.13544E-04
 -1        90-8.48697E-05 2.88982E-05-2.46794E-05 7.19508E-05 8.00898E-05 1.65750E-04
 -1        91-1.54907E-04 1.01460E-04-7.12597E-05-1.59738E-05-3.79801E-05 1.81214E-04
 -1        92-3.38355E-05 1.54478E-04-1.18047E-04 9.38656E-05 1.43521E-05 1.16403E-04
 -1        93 9.94695E-05-7.62172E-05-6.96610E-05-1.21739E-05 2.52547E-05-5.79825E-05
 -1        94 2.46831E-04-1.66394E-05-5.43346E-05 1.81617E-04-3.26980E-05 4.72742E-05
 -1        95-5.10185E-05 1.95967E-05-2.80774E-05 3.88890E-05 9.92181E-05 2.81912E-05
 -1        96-7.04250E-05 6.19115E-05 3.62537E-05 1.62819E-05-2.16726E-05-9.09482E-05
 -1        97-2.54349E-04 3.42121E-04-1.22565E-04 1.67013E-04-1.42260E-04 1.83402E-04
 -1        98-6.10008E-05 4.89399E-05-1.97740E-04-4.47821E-05-1.34853E-04 7.47902E-05
 -1        99 1.04293E-04 4.89381E-05-2.63607E-04-4.97329E-05-1.16168E-04-1.41057E-05
 -1       100 2.08972E-04-1.10962E-04-1.20664E-05-3.98876E-05 3.27122E-05 1.61752E-04
 -1       101 1.87102E-04 8.66903E-05 9.10820E-05 1.99347E-04 1.55049E-04 7.34982E-05
 -1       102-1.81388E-04 1.63646E-04 1.64310E-05 4.50804E-05-6.63386E-05 1.08082E-04
 -1       103-8.07697E-05 2.16487E-04-1.66740E-04 5.88971E-05-1.04247E-04 7.78033E-05
 -1       104 1.89059E-04-1.19626E-04-6.55376E-05 3.47468E-05-1.17905E-04-2.56070E-04
 -1       105-5.24458E-05 2.29051E-06-5.66175E-05 6.72039E-05 3.62163E-05 5.26237E-05
 -1       106 1.63270E-04 6.04710E-05-5.69726E-05 1.99495E-04 4.81465E-05 1.16512E-04
 -1       107 8.92058E-05 4.77544E-06 7.58358E-05 1.31403E-04 1.16654E-04 7.28357E-05
 -1       108-7.24347E-04 3.94629E-04 1.79822E-04-2.21228E-04-1.14809E-04 5.41850E-05
 -1       109 1.60746E-04-9.91987E-05-1.31548E-04-2.40684E-06 4.45630E-05 3.07783E-05
 -1       110 1.04180E-04 3.68025E-04 1.02883E-04 1.66787E-04-1.69105E-04-9.36270E-05
 -1       111-3.64128E-05-2.65894E-05 1.68565E-05-4.91999E-05 8.12978E-05 1.71076E-04
 -1       112 7.03158E-05-1.14894E-05-1.77686E-04-9.73249E-05-4.12359E-05-6.27249E-05
 -1       113 2.13966E-05 2.17198E-05-7.15706E-05 1.01396E-08-3.62312E-07-7.95033E-06
 -1       114 7.24246E-06 7.02266E-06-2.37981E-05 4.86659E-07 3.23337E-06-3.68619E-06
 -1       115 4.31244E-06 4.59831E-06-1.52467E-05-4.02686E-07 6.45190E-06 5.93734E-06
 -1       116 1.86482E-05 1.86919E-05-6.22120E-05-2.91914E-07 9.82861E-06 4.40725E-06
 -1       117 7.78481E-06 8.31491E-06-2.75230E-05 5.25463E-07-4.19064E-06-6.35787E-06
 -1       118-5.44930E-06-7.02221E-06 2.01133E-05 2.17768E-07-8.60459E-06-2.31689E-06
 -1       119-7.93874E-06-9.08982E-06 2.88431E-05 1.55245E-07-2.77446E-06 6.79554E-06
 -1       120 5.82814E-06 5.51506E-06-1.92241E-05 3.45357E-08-2.39204E-06 4.27220E-07
 -1       121 2.12795E-05 2.06657E-05-6.89428E-05 1.12273E-07-1.27204E-06-3.85406E-06
 -1       122 7.72442E-06 9.71307E-06-3.00623E-05 6.69919E-07-1.23166E-07-8.30760E-06
 -1       123 3.60467E-06 3.69370E-06-1.28720E-05-1.82623E-08 1.75488E-06 9.27753E-06
 -1       124-8.36234E-06-8.02118E-06 2.64794E-05 1.04234E-06-3.06016E-07 5.20183E-06
 -1       125-3.17932E-06 1.80228E-06-9.03171E-07-9.37935E-07 3.32770E-07 4.11007E-06
 -1       126 8.27376E-07 2.15952E-06-6.23139E-06-2.35478E-07 6.26829E-07 4.38049E-06
 -1       127 4.84042E-06 4.72179E-06-1.52538E-05-2.05583E-07 2.79971E-06 1.40285E-06
 -1       128 2.57783E-05 1.98954E-05-7.85614E-05 1.19741E-06 3.13559E-06-1.96697E-06
 -1       129 2.39544E-05 1.18101E-05-1.89626E-05 2.23490E-05 2.43208E-05 3.78092E-05
 -1       130 1.34891E-05-4.24385E-06-3.78640E-06 7.04886E-06 1.52446E-07 1.25006E-05
 -1       131 2.15897E-06 3.70280E-06-3.89985E-06 1.05005E-05-1.96779E-07 7.15309E-06
 -1       132-2.49564E-06 9.42173E-07-3.35103E-07-2.50439E-06 2.92573E-06 1.11759E-05
 -1       133-1.01611E-06-2.32832E-06 4.71452E-06 4.41513E-07 1.81026E-07 2.80532E-06
 -1       134-1.25687E-07 5.66107E-08 8.86087E-09-1.85523E-07-4.51668E-07 3.39895E-07
 -1       135-2.32073E-06 6.42077E-07 7.66319E-07-8.19391E-07-4.16446E-07-9.77857E-07
 -1       136-3.91936E-06 1.38705E-06 4.29092E-07-7.36560E-07 2.51290E-07 2.36895E-06
 -1       137-1.02978E-06 1.88649E-06-3.37697E-06-5.04688E-07 1.52622E-07 4.15698E-06
 -1       138 2.19364E-06 3.42095E-06-9.62885E-06-5.04587E-07 1.86390E-06 2.77449E-06
 -1       139 7.81631E-06 1.07942E-05-3.27163E-05 1.39498E-07 7.43144E-07 1.65970E-06
 -1       140 3.13443E-05 2.56234E-05-1.14580E-04 1.52567E-05 5.88973E-05 5.15348E-05
 -1       141 2.29487E-05-4.61606E-06-6.79081E-06 1.36093E-05 2.60455E-06 2.23328E-05
 -1       142 6.41564E-06-6.85993E-07-4.60995E-06 8.66920E-06-2.56268E-07 9.67295E-06
 -1       143-4.00734E-06 4.19205E-06-3.29182E-07 3.51209E-06 2.77914E-06 8.86005E-06
 -1       144-1.30161E-06-2.62252E-06 5.72618E-06-1.16912E-06 1.81515E-06 4.75003E-06
 -1       145-5.31743E-07-3.46466E-08 6.87135E-07 4.13006E-07-8.59168E-07 1.56435E-06
 -1       146-1.24959E-06 4.02163E-07-7.48521E-08-4.89802E-07-3.01573E-07-7.17327E-07
 -1       147-3.04822E-06 9.53706E-07 9.50202E-07-6.47325E-07-3.03126E-07-9.06081E-08
 -1       148-4.22107E-06 1.29955E-06 1.31763E-06-1.17038E-06-1.12054E-07-5.63207E-07
 -1       149-2.20406E-06 9.59200E-07 3.05146E-07-7.76019E-07 5.80746E-07 9.31868E-07
 -1       150 2.13379E-07 5.06134E-07-8.38337E-07-3.58368E-07 8.05907E-07-1.99479E-07
 -1       151-1.36227E-06-3.43110E-06 5.92388E-06 7.83282E-07-3.74863E-06-2.58307E-06
 -1       152-2.90991E-06-4.13186E-07 2.50813E-06-1.38068E-06-5.57540E-06-2.21487E-05
 -1       153 5.43681E-06-9.15024E-07-5.45139E-07 9.09298E-06-2.09811E-06-1.15375E-05
 -1       154 1.70135E-05-6.78038E-06-4.14654E-06 9.93193E-06-9.84885E-07-1.22703E-05
 -1       155 2.98042E-05 1.80214E-08-1.23786E-05 1.71318E-05-1.50738E-05-3.21026E-05
 -1       156 1.86701E-05 1.64269E-05-6.03279E-05 4.88601E-06-6.72834E-06 1.38782E-06
 -1       157 4.19000E-06 4.07989E-06-1.34201E-05 6.25365E-07-1.05663E-06-1.86289E-06
 -1       158 7.04396E-07 2.52421E-06-5.89884E-06-3.15807E-07-3.34469E-07-4.32238E-06
 -1       159-3.06203E-06 1.88408E-06-1.10747E-06-6.55984E-07-3.66743E-07-4.04176E-06
 -1       160-3.63873E-06 1.18509E-06 8.46378E-07-7.29378E-07 1.85213E-07 1.03027E-07
 -1       161-9.84835E-07 5.54694E-07-1.45156E-07-5.25371E-07 4.73451E-07 3.68131E-07
 -1       162 1.15408E-07-2.85634E-07 2.03048E-07-4.79053E-08-1.66811E-07-1.06363E-06
 -1       163-3.41671E-06-3.89091E-06 1.07872E-05 2.84966E-06-5.79359E-06-5.30076E-06
 -1       164-4.24369E-06 1.02145E-06 3.78144E-06 3.39221E-06-4.77638E-06-1.77919E-05
 -1       165 1.22989E-05-4.39746E-06-3.13884E-06 1.03059E-05-1.75277E-06-1.10257E-05
 -1       166 2.36675E-05-4.77122E-06-7.95619E-06 1.22241E-05-2.10252E-06-2.03970E-05
 -1       167 3.40379E-05 7.51476E-06-5.78892E-05 1.50597E-05-3.97977E-05-2.63782E-05
 -1       168 7.77432E-06 8.55050E-06-3.04171E-05 1.41901E-06 2.91046E-07 9.75787E-07
 -1       169 3.25961E-06 3.39779E-06-8.86157E-06 4.52096E-07-7.12074E-07-3.02129E-06
 -1       170-1.55437E-06 1.98299E-06-3.13896E-06-3.74764E-07-4.06110E-07-4.13881E-06
 -1       171-3.73404E-06 1.68927E-06 2.67931E-07-4.61632E-07-1.44927E-07-2.59404E-06
 -1       172 2.24810E-05-2.70368E-05 3.26132E-05 1.77175E-05-5.66392E-06-6.15208E-05
 -1       173 1.25568E-04 7.11202E-05-7.24778E-05 8.27778E-05-1.79257E-05-1.11452E-04
 -1       174-1.34356E-04-6.60923E-06 7.45783E-05-3.05941E-06-8.12157E-05-4.53782E-05
 -1       175 1.62610E-05 4.85749E-05-3.96693E-05-5.03588E-05-2.81374E-05-3.03538E-05
 -1       176 2.48068E-05 1.83365E-06 4.45785E-05 1.28252E-04-3.97130E-05-5.54546E-05
 -1       177 9.13987E-05-1.19266E-05-4.52805E-05 8.47258E-05-2.49261E-05-2.43414E-05
 -1       178-2.18798E-05 1.40255E-05-2.51965E-06-2.11299E-05-3.98350E-05 3.84975E-05
 -1       179-1.38142E-04-1.24357E-05 4.40945E-05-1.84624E-05-1.01612E-04-3.81619E-05
 -1       180 3.88915E-05-6.33270E-05 4.65316E-06 3.06192E-05-6.49234E-06 3.41995E-05
 -1       181 4.49073E-05-3.09394E-05 4.56195E-05 3.22258E-05-2.98576E-06-7.20101E-06
 -1       182 3.88454E-05 6.57242E-05-4.67242E-05 8.84277E-05 2.50997E-05-1.51260E-05
 -1       183-1.32721E-04 2.40393E-05-1.73491E-05 6.36702E-05-1.80190E-05-3.53292E-05
 -1       184-1.21442E-04-1.14271E-05 4.27507E-05-5.77003E-06-1.47965E-05-5.57328E-05
 -1       185 5.63642E-05-1.38056E-06-6.81702E-06-4.01359E-05 6.77626E-06-2.30333E-05
 -1       186-1.98264E-05 2.84551E-05 2.40992E-05-4.56962E-05 7.01568E-05 1.15410E-05
 -1       187 1.03154E-05-7.49416E-05 4.70965E-05-2.78304E-05 2.63415E-05 3.79851E-05
 -1       188-5.49400E-05-4.71646E-05 4.37637E-05-2.20566E-05 8.74527E-06-6.21198E-06
 -1       189 2.61371E-05-3.64310E-05 7.26285E-06-2.24722E-05-6.50237E-06-7.11535E-05
 -1       190 3.11432E-05-4.33209E-05 1.98397E-05-1.58911E-05 1.16232E-06 5.85106E-06
 -1       191 2.07586E-05 8.28157E-06-3.96431E-05 3.68260E-05 6.48059E-05-2.84938E-05
 -1       192 1.15025E-05-6.26945E-05-3.84523E-05-1.07390E-05-3.06980E-05-1.03898E-04
 -1       193-3.54417E-06 3.81136E-05 1.06260E-05 2.57088E-05 5.84602E-05 6.39635E-05
 -1       194 1.46779E-05-3.67213E-05-6.06457E-06-9.52694E-06-1.58663E-05-2.75537E-05
 -1       195 4.18323E-05 4.23378E-05 3.89099E-05 7.71711E-05 1.08857E-04 5.31934E-05
 -1       196-2.36499E-05 2.26073E-05-6.99877E-05 4.60760E-06 1.83121E-05-9.40405E-06
 -1       197-3.16801E-05-1.05222E-04 1.13839E-04 9.04596E-06-5.76457E-05 1.27121E-05
 -1       198 8.52022E-05 9.59701E-06 3.24258E-05 5.77808E-05-6.61421E-05 1.44278E-05
 -1       199-9.91876E-05 1.00800E-06 2.97044E-05-5.22620E-05 2.84171E-07 7.11425E-05
 -1       200-1.07010E-04 1.92854E-05 3.48752E-05-5.24217E-05-1.61964E-05 6.93882E-05
 -1       201 4.97681E-06 2.40154E-05-2.67065E-05 8.22024E-06 1.61123E-05-5.25228E-06
 -1       202 1.17030E-04-3.54498E-05-5.81759E-05-1.51871E-05-4.13840E-05 1.03184E-04
 -1       203-1.30702E-05 8.52124E-05-1.34652E-04 1.18102E-05-3.82764E-05-3.53750E-06
 -1       204 1.80018E-04-2.62964E-05-6.12393E-05-3.24609E-05-3.67008E-05 1.27165E-04
 -1       205-1.13102E-04 1.41405E-05 2.90312E-05-1.00986E-05-5.24731E-05-9.46080E-05
 -1       206-1.29777E-04 9.45926E-05 1.33297E-04 3.25282E-05-2.11884E-05 7.29330E-05
 -1       207-5.41065E-05-1.67976E-05 7.63126E-05 1.76352E-05 1.04701E-04 6.51930E-05
 -1       208 5.05729E-06 4.33864E-05 3.86134E-05 2.72648E-05-3.82423E-05-3.86299E-05
 -1       209 1.78049E-05-1.16912E-05-5.50331E-06 1.27140E-04 3.46264E-05-5.00338E-05
 -1       210 4.69594E-05 6.25076E-07-1.89080E-05-1.35225E-05-1.92074E-05-1.92884E-05
 -1       211 2.80454E-05-2.29677E-05 8.75744E-05 6.29613E-05 1.69258E-05 6.91701E-05
 -1       212 3.32324E-04-6.14088E-05-5.23584E-05-3.46347E-05-4.52159E-05-1.46433E-04
 -1       213-1.68780E-04 1.54732E-04 6.95138E-06 2.28180E-05 1.07549E-04 4.47908E-05
 -1       214 1.15578E-04-2.02759E-04 8.27849E-05-1.47299E-04-2.71881E-05 2.18333E-04
 -1       215 1.72682E-04-8.74289E-05-1.40834E-05-7.40203E-05-5.58919E-07 3.76450E-05
 -1       216-1.54054E-04 4.77743E-05 1.46860E-04-5.73598E-06 5.66581E-05-4.62722E-05
 -1       217-5.71668E-05-5.90433E-05 3.41598E-05 1.95391E-07 1.15255E-04 3.06198E-05
 -1       218-1.16775E-04-1.07170E-04 2.43113E-05-2.78740E-05 6.84194E-05-7.01554E-06
 -1       219-9.90731E-05-1.02526E-05 5.20087E-05 3.09097E-05-1.85830E-04-9.96509E-05
 -1       220-4.14756E-05 7.10285E-05 8.05201E-05 7.12767E-05 5.79014E-06-5.36921E-05
 -1       221-1.35431E-04 1.36967E-04 8.68474E-05 3.56466E-05 6.17060E-05 2.10136E-05
 -1       222 8.25798E-05 6.94513E-05-1.65997E-04 6.16170E-06-5.18916E-05-6.94613E-05
 -1       223-3.80015E-05 1.87084E-05-4.36854E-05-4.33658E-06-4.16052E-05 1.06029E-05
 -1       224-1.94329E-04 5.36320E-05 5.77114E-05-2.98643E-05-4.02443E-05 7.95608E-05
 -1       225-5.96361E-05 4.22802E-05 4.00110E-06 3.64914E-05 2.36648E-06 1.69829E-05
 -1       226 9.23033E-05 1.59268E-05-6.17150E-05 4.45066E-05 3.86263E-05 4.93040E-06
 -1       227 1.17641E-04 2.42926E-05-2.36963E-04 1.06743E-05-3.84982E-05-6.28684E-05
 -1       228 5.49815E-06 7.01608E-05 3.42975E-05 5.84093E-05-1.75941E-05 2.41505E-05
 -1       229-5.27993E-05-1.45755E-06-7.71537E-07 5.29863E-05 4.32656E-05 7.51703E-05
 -1       230 8.06571E-05 7.55667E-05 3.97555E-05 5.56524E-05-7.65010E-06 1.14795E-04
 -1       231 7.48198E-05-3.02751E-05-2.49707E-05 1.35295E-05 8.95565E-06 3.16427E-06
 -1       232-1.27017E-05-4.04741E-05 3.10642E-05-6.24629E-05-1.61392E-05-1.07384E-05
 -1       233 1.89176E-04-5.76731E-05-2.73976E-05-2.43990E-05-5.61507E-05 8.96477E-05
 -1       234-1.88337E-05 4.70702E-06 3.68943E-06 1.28198E-05-9.09605E-06-3.41792E-05
 -1       235 5.77292E-05-1.44484E-05-3.02188E-05-1.97295E-06 3.13825E-05-3.62431E-05
 -1       236 1.11909E-04 3.91188E-06-8.61272E-05-1.76323E-05-1.39914E-05 8.32026E-05
 -1       237-5.43724E-05-2.10657E-05 1.91360E-05-1.46608E-05 1.14051E-05 8.82641E-06
 -1       238-3.28392E-06-2.79055E-06 2.01772E-05 2.52255E-05 1.49772E-05 2.20203E-06
 -1       239-3.58861E-05 2.00150E-05 3.74051E-06-2.63863E-06 2.23538E-05 1.08699E-04
 -1       240-2.86363E-05-1.12353E-04 7.12482E-05-5.55422E-05 2.16726E-05 8.76440E-05
 -1       241 9.26708E-05 1.09750E-05-4.64803E-05 6.68464E-05 4.53866E-05 4.22990E-05
 -1       242-9.75139E-05 9.11437E-05-2.46007E-05 1.32344E-05 1.79992E-05 8.07346E-05
 -1       243-8.76387E-05 5.04754E-06 7.69822E-05-3.83626E-05-9.38032E-06 2.77270E-05
 -1       244 4.70184E-05-2.12269E-05 5.12059E-05 1.42966E-05-2.08513E-05-1.31701E-05
 -1       245 5.22590E-05-3.58552E-05 3.74401E-05 1.77752E-05-6.38002E-05 3.39586E-05
 -1       246 4.23114E-05-1.19183E-04 9.27572E-05-1.75382E-05-5.73430E-05 5.22685E-05
 -1       247-6.66703E-05 2.84021E-05 7.29611E-05 8.85415E-05-7.74042E-05-1.07059E-04
 -1       248-7.29152E-05-1.14851E-04 1.85169E-05-1.63061E-04-6.31641E-06-8.18754E-05
 -1       249-1.64788E-04 1.25771E-04 1.26123E-04 6.69964E-05 5.90549E-05 1.31058E-04
 -1       250-2.57759E-04 1.57699E-04 4.25076E-05-6.91594E-05-1.88929E-05 9.76869E-05
 -1       251 1.50821E-04 5.49398E-05-2.45841E-04 3.70026E-05-2.18042E-05-9.05227E-05
 -1       252 7.47594E-05 2.15868E-07-5.72725E-05-1.74466E-06 1.08610E-05-4.92511E-06
 -1       253 1.33943E-04-1.33453E-04-7.11994E-05-2.84700E-06 1.11942E-04-1.45596E-05
 -1       254-1.10248E-04 3.09620E-05-3.53037E-05-2.09284E-05-3.16573E-06-2.88830E-05
 -1       255 1.12134E-04-5.77203E-05 1.60143E-05-4.80783E-05-6.67827E-05 1.05575E-04
 -1       256 4.17058E-05-2.60971E-05 9.36692E-06-3.29933E-05-3.83706E-05 4.88401E-05
 -1       257 1.02631E-04 7.54244E-05 8.61024E-06-1.29745E-04-2.55650E-05 1.19055E-04
 -1       258 2.11410E-04-8.95068E-05-8.24777E-05-3.40474E-05 6.60704E-05 1.70493E-04
 -1       259-2.19187E-05 7.32658E-05-3.59304E-05-3.26479E-05 1.00307E-04 7.41516E-05
 -1       260 8.80353E-05 7.04750E-05-3.16077E-05 1.29620E-04-4.42967E-05 4.30982E-06
 -1       261-1.31521E-04-5.39440E-05 7.96473E-05-5.93143E-05-8.93194E-05-2.62646E-05
 -1       262-1.17057E-04 7.64470E-05 8.10150E-05 9.42997E-06-3.48135E-05 2.81668E-05
 -1       263 5.29934E-05-5.77128E-05 3.53518E-05 1.26499E-05-3.81870E-05-1.70484E-05
 -1       264-2.23019E-04-1.29590E-05 1.17919E-04-1.40980E-04 1.57434E-06 3.38199E-05
 -1       265 2.41515E-04-5.68440E-05-1.88291E-06 9.69521E-05-7.40310E-05-3.12652E-05
 -1       266 2.40279E-04-5.42638E-05-3.74243E-05 7.93821E-05-8.16049E-05 6.94277E-05
 -1       267-8.00086E-05 1.02907E-04-2.85273E-05 6.91723E-05 1.03913E-04 6.25491E-05
 -1       268-6.17049E-05-9.63079E-05 1.05615E-04-7.39089E-05-8.16604E-05 5.68068E-05
 -1       269-1.26014E-05-1.85454E-05-7.85712E-06 1.93705E-05-2.17980E-05 4.18668E-05
 -1       270 1.13110E-05-5.46498E-05-2.38960E-05-5.73963E-05 2.75839E-05-4.45391E-05
 -1       271-1.27959E-04 1.07916E-04-1.51574E-05-7.18762E-05-1.33201E-05 2.46910E-05
 -1       272 1.36090E-04-7.04673E-05-8.80363E-05 5.78306E-06-2.09135E-05-1.13553E-05
 -1       273-8.29887E-05 4.99196E-05-1.69549E-05 1.80424E-05-1.09476E-05 1.54080E-05
 -1       274-1.43985E-04 4.16703E-05 4.01789E-05-1.17672E-04-5.42832E-05 5.47212E-05
 -1       275 4.84739E-05-1.17215E-05-7.01038E-05-2.98270E-05-2.61828E-05 7.37367E-05
 -1       276-9.02252E-05 6.41894E-05-1.97082E-05 3.97337E-05 1.91248E-05 1.44161E-04
 -1       277 3.48034E-05 8.55654E-05-1.54074E-04 7.50820E-05 5.46904E-05 1.55698E-04
 -1       278-5.13555E-05 6.92161E-05-2.07956E-04-2.44335E-05 4.27910E-06 3.26834E-05
 -1       279-3.55033E-05 2.04242E-05 3.59378E-05-4.13434E-05 5.16797E-05 2.58816E-05
 -1       280-1.21337E-04 2.33801E-06-1.59935E-05 1.66886E-05 3.63232E-05 1.70493E-05
 -1       281-5.44378E-06-8.47877E-06-3.89988E-05-2.00214E-05 1.27175E-05 1.77110E-05
 -1       282 9.76347E-05-7.77385E-05-1.10873E-05 3.82218E-06 2.87173E-05 3.36067E-05
 -1       283 3.96111E-05 5.87675E-05-1.27383E-05 1.49647E-04 8.80636E-06 6.12992E-05
 -1       284 4.92913E-05 1.11550E-05-5.04584E-05 4.70184E-05 3.20513E-05 3.92881E-05
 -1       285-2.04379E-04 5.50232E-05-1.05182E-05-4.27831E-05 3.18692E-05 1.87908E-05
 -1       286-6.56752E-05 5.55585E-05 2.42520E-05 8.20592E-05-7.87374E-05-3.51174E-05
 -1       287-1.54611E-04 5.30960E-05-2.49688E-05-1.32421E-05 3.19552E-05 5.42127E-05
 -1       288 1.27694E-04 1.22851E-04-1.49510E-04 1.72789E-04 1.14355E-07 3.93684E-05
 -1       289-1.38454E-05 2.93752E-05-8.21112E-05 3.69902E-05 2.47917E-05 2.88846E-05
 -1       290 5.45973E-05 7.58787E-05-1.78435E-04 1.21926E-04 8.51505E-05 1.45089E-04
 -1       291 3.44875E-05 1.08381E-04-1.07414E-04 5.41643E-05 3.32543E-06 9.18162E-05
 -1       292-5.44591E-05 2.02634E-05-5.42353E-05-5.72972E-05-6.18506E-05 3.27293E-05
 -1       293-9.30887E-05-2.68478E-05-1.65990E-04-8.79846E-05 3.38824E-05 1.28444E-04
 -1       294 6.22158E-05-6.04539E-05-9.24687E-05-4.84891E-05 5.09268E-06 6.71514E-05
 -1       295 3.20332E-05-4.50009E-05 3.16434E-05-2.79298E-07 1.78732E-07 2.88186E-05
 -1       296 4.35442E-05 1.77330E-05-8.95848E-05-1.99257E-06 5.59325E-07 3.29312E-05
 -1       297 4.14001E-05-1.31362E-05 3.71076E-05 3.89337E-05-3.28566E-05 5.91237E-05
 -1       298-1.21424E-05 3.39570E-05 1.23929E-04 6.68355E-05-1.40024E-04-5.50237E-05
 -1       299 1.11785E-04-2.50461E-06-1.56076E-05-2.04583E-05-5.11258E-05 4.37075E-05
 -1       300 1.68549E-05 7.00454E-06 1.53243E-05 4.44796E-05-2.61385E-05-8.48550E-06
 -1       301-6.88890E-05 4.11431E-05 5.35266E-05-5.74135E-05-1.25862E-05-4.09578E-06
 -1       302-8.20754E-07-4.96797E-06 1.00519E-04-3.32158E-05-3.51819E-05 1.08702E-04
 -1       303 4.93468E-06 8.02184E-05-1.56369E-05-4.08631E-06 3.54841E-05 4.22129E-05
 -1       304-9.91174E-05 8.88028E-05-1.66784E-05 5.47293E-05 3.29922E-05 8.13821E-05
 -1       305-1.90920E-04 1.78835E-05 4.74170E-05-6.98368E-05-6.88831E-05 1.06164E-04
 -1       306-2.84013E-05 2.67421E-05 4.51880E-05 7.39001E-06-4.22372E-06-1.86230E-05
 -1       307-9.71920E-05 6.75176E-05 4.34043E-05 4.04318E-05-1.90896E-05-4.76564E-05
 -1       308-1.67825E-04 8.66911E-05-2.45244E-05 1.78195E-05-1.20796E-05 6.59603E-05
 -1       309 9.26679E-06 7.56280E-05-5.20572E-05 5.44179E-05-5.09179E-05-1.55559E-04
 -1       310-5.84379E-05 5.98653E-05 5.24255E-06-1.65929E-05-2.51324E-06-2.69837E-05
 -1       311-1.22432E-04 5.84366E-05 3.40523E-05-2.21440E-05 6.97959E-05 1.10148E-04
 -1       312 2.42733E-05-9.93590E-06-5.50391E-05-2.57482E-05 2.25545E-05 5.41577E-05
 -1       313 5.26084E-05 1.78879E-05-8.35165E-05 1.71758E-05 1.86395E-05-4.28501E-05
 -1       314 7.20209E-05-6.49351E-05-2.55137E-05-1.66790E-05-4.53285E-05-1.88831E-05
 -1       315 4.62838E-05 4.25747E-05-8.37974E-05 1.33515E-06 3.04227E-05-7.71207E-05
 -1       316-6.05778E-06-2.37255E-05-4.39744E-05-4.49940E-05-3.69262E-05-9.22567E-05
 -1       317 8.53254E-05-3.55237E-05-8.39791E-05-2.10572E-05-3.44995E-05-7.08002E-05
 -1       318 6.46217E-05-5.02727E-05-1.26346E-05-5.15927E-06 8.34877E-06-2.48593E-05
 -1       319-1.46387E-04 4.85419E-05-1.94712E-05-6.15238E-05-1.07187E-05 2.03250E-04
 -1       320 6.96507E-05 7.15010E-05-1.55351E-04 8.29129E-05-4.55659E-05 1.34690E-04
 -1       321 7.91830E-05 5.96060E-05-1.08982E-04 6.72137E-05-7.64066E-05 4.73161E-05
 -1       322-6.28916E-05 8.97860E-05-2.29221E-04-2.09576E-05-7.90266E-05 1.03532E-04
 -1       323 1.89554E-05 6.11773E-05-1.25220E-04-2.08814E-05-1.70709E-05 7.34016E-05
 -1       324-6.69907E-05 9.88411E-06-8.18069E-05-1.00461E-04-3.47488E-05 1.68946E-04
 -1       325 4.64427E-05-5.86618E-05-3.10092E-05-2.27562E-05-2.24223E-05 2.52441E-05
 -1       326 1.96642E-05-1.20756E-04 7.14776E-05-9.47356E-05-9.96722E-06 6.35513E-05
 -1       327-2.88329E-04 6.78599E-05 5.56227E-06-9.51999E-05-3.49465E-05 5.77347E-05
 -1       328-1.31155E-04 6.14503E-05 8.36669E-05-1.70166E-04 3.27487E-05 7.87799E-05
 -1       329-1.03649E-04 7.25982E-05 6.69592E-06 8.62085E-05 2.91198E-05 2.03226E-04
 -1       330-1.61620E-04 7.16214E-07-1.43147E-05-1.43444E-05 9.89411E-06 1.54388E-04
 -1       331 6.09545E-05 6.20966E-05-5.52715E-05 1.22813E-04 3.99564E-05 9.19978E-05
 -1       332-9.09913E-05 7.36232E-05-7.37561E-05 1.44989E-05-8.46826E-05 4.35224E-05
 -1       333-1.16348E-04 4.18771E-05-1.92952E-05-1.18400E-04-5.08483E-05-1.10707E-04
 -1       334-1.07996E-04 1.45617E-04-1.40847E-05-4.27206E-05-2.04221E-05 2.85009E-05
 -1       335 2.62845E-04-7.96613E-05-1.12072E-04 7.96964E-05-5.53812E-05-6.32369E-05
 -1       336 2.07862E-04-8.35390E-05-9.09386E-05 3.97144E-05-3.79460E-06-5.16629E-05
 -1       337-6.28076E-05-6.88727E-05-8.90793E-06-6.08786E-05 4.76520E-05-4.57114E-05
 -1       338 4.85163E-05-2.16212E-05-5.28254E-05 2.29550E-05 3.23382E-05 6.72628E-05
 -1       339 2.73949E-05 4.84487E-05 6.15383E-05 9.62259E-05 5.79064E-05 1.69915E-05
 -1       340-7.08965E-05-1.08755E-05 1.26638E-04-4.77283E-06 1.09370E-04 4.76958E-05
 -1       341-4.84237E-06-6.97625E-05-1.08106E-04-4.35130E-05-3.70537E-05 8.78774E-05
 -1       342 3.72601E-06 1.05987E-04-2.87542E-04-1.34352E-05-6.40900E-06 3.50886E-06
 -1       343-4.77280E-05-9.07494E-06-3.93852E-05-9.77263E-08 5.01256E-05 1.32560E-04
 -1       344-4.11407E-05 7.51445E-05-1.40483E-04 8.01362E-05-3.35085E-05 1.84500E-04
 -1       345 5.78136E-04 1.17334E-04-1.55903E-04 1.80308E-04-8.50594E-05 1.57086E-04
 -1       346 1.31436E-04-1.58777E-05-1.42404E-05 6.58553E-05 2.45279E-06 2.62836E-05
 -1       347-6.80285E-07-8.39567E-05-5.93884E-05-7.15932E-05-4.95053E-06 4.62842E-05
 -1       348-8.75964E-05 2.12152E-04-9.72631E-05 8.40184E-05-6.64810E-05 4.16264E-05
 -1       349-1.07661E-04 5.51994E-05 8.61214E-05 2.60051E-08-1.80608E-05 7.74209E-05
 -1       350-7.70899E-05 7.78649E-05 8.83623E-05 5.55052E-05 7.67529E-05 1.43319E-04
 -1       351-7.24401E-05 6.64414E-05 2.34900E-05 3.15350E-05 4.52894E-06 9.30217E-05
 -1       352 2.35574E-04-6.22142E-05-2.69514E-05-1.83992E-05 2.25068E-05 1.84367E-04
 -1       353 1.41844E-04-1.37086E-04 1.42196E-04-5.56832E-05-7.63431E-05 1.71143E-04
 -1       354-4.38955E-05-3.27284E-06 1.34844E-04 2.66259E-05 1.73880E-05-1.25668E-05
 -1       355 2.93072E-05-8.61344E-05-8.03402E-05-1.00731E-04-1.36140E-04-1.28110E-04
 -1       356-9.51112E-05 7.39313E-05-4.20043E-05-4.77883E-05 1.66311E-05 1.12318E-05
 -1       357 5.45419E-04-1.67428E-05-1.56771E-04 1.25027E-04 4.93483E-05 1.24241E-04
 -1       358 3.05396E-04 2.29465E-05-4.19677E-05 1.31355E-04 1.01642E-06 2.60048E-04
 -1       359 4.70227E-04-1.47069E-04-2.09064E-04-9.75431E-05-5.36678E-07 1.22363E-04
 -1       360 6.71467E-05-7.26350E-05-2.78994E-05 3.42565E-05-1.35312E-04-9.84549E-05
 -1       361 4.35898E-05 4.47751E-05 1.24644E-05 3.57430E-05-4.72292E-05-4.92360E-07
 -1       362-9.89981E-05-7.21435E-05 1.39040E-04-2.55928E-05 1.33697E-05 8.57477E-05
 -1       363-2.01673E-04 2.98109E-05 8.81844E-05-9.61577E-05 1.55402E-05 2.96611E-05
 -1       364 2.90402E-05 1.19780E-04-1.01169E-05 8.53816E-05 2.83597E-05-1.02286E-05
 -1       365-8.53822E-04 4.09070E-04 1.39292E-04-2.02348E-04-3.84374E-05 2.36194E-05
 -1       366-5.53823E-04 1.17689E-04 2.47540E-04-1.87596E-04 5.13900E-05 1.83911E-04
 -1       367 6.87428E-06 6.52144E-06-9.70616E-05-4.06331E-05 6.76034E-05 1.36383E-04
 -1       368 1.06604E-04-8.81237E-05-1.68218E-05-3.16332E-05 3.99949E-05 1.25207E-04
 -1       369-8.67211E-07 7.85659E-05-1.88220E-04-3.38277E-05 6.53399E-05 2.00266E-04
 -1       370-1.79518E-06-6.31036E-05-1.93548E-05-4.29149E-06-4.97245E-06-6.44888E-05
 -1       371-7.05091E-05-9.53239E-06-8.00663E-05-1.26097E-04 3.37437E-05 8.05711E-05
 -1       372 1.24303E-06 7.89255E-05-3.87864E-04-2.11619E-05-2.14840E-05 9.48065E-05
 -1       373 3.39309E-05 3.60297E-05-1.60002E-04-5.54094E-05-1.17230E-04-1.31537E-04
 -1       374-1.99070E-04 6.94982E-05-2.73313E-04-6.82128E-05-8.83917E-05 5.38753E-05
 -1       375 1.18732E-04 1.59624E-05-2.02005E-04 1.34802E-05-6.53540E-05 1.92118E-05
 -1       376-1.92555E-04-1.45321E-04 1.18306E-04-1.41011E-04-7.77216E-05-2.40037E-05
 -1       377 5.11654E-05 2.42666E-05-2.30829E-05 4.14638E-05 2.58314E-05 2.53230E-05
 -1       378 1.52404E-04-2.22500E-04 2.43762E-04-5.18200E-05-3.54078E-05 5.48398E-05
 -1       379 1.92618E-04-1.90947E-04 3.81450E-05-1.06120E-04-7.16551E-05 2.12484E-04
 -1       380-1.90582E-05-1.40869E-04 4.08515E-04-5.83616E-05-6.07072E-06 4.63194E-05
 -1       381 4.64656E-05-4.52874E-05-1.70295E-05-8.43413E-05-2.88970E-05 8.49708E-05
 -1       382 6.24207E-05-6.28422E-05 6.69946E-05-4.18433E-05 3.24853E-05 1.00605E-04
 -1       383 2.34630E-04-8.22224E-05-5.51301E-05-5.99798E-05 2.39703E-05 3.10293E-04
 -1       384-9.69415E-06 4.39447E-05-7.19889E-05 1.74612E-05-6.12351E-05-4.65920E-05
 -1       385-1.42773E-04 1.65145E-04 1.14173E-04-2.31034E-05-2.99444E-05 1.14310E-05
 -1       386 1.78726E-04 3.58743E-05 3.08897E-05 8.33552E-05 4.05877E-05 1.84028E-04
 -1       387-2.16648E-05 8.26670E-05-1.27377E-04 1.99814E-05 1.23873E-05 1.72433E-04
 -1       388-2.21250E-04 3.78634E-05-9.06559E-05-2.30381E-05-1.87090E-05 1.55805E-04
 -1       389 1.10083E-05 2.47534E-05-1.08070E-04 5.40202E-05-8.37433E-05 5.75445E-05
 -1       390 4.85047E-05-6.07322E-05-4.16954E-05 2.48936E-05-1.67377E-05 7.48672E-05
 -1       391-7.90424E-05-1.28003E-05 4.22689E-05 1.83071E-06-3.30503E-05 6.58602E-05
 -1       392-6.88049E-05 7.60042E-05-8.43688E-05 3.59124E-05 5.51571E-06 1.24782E-04
 -1       393 1.96609E-04-9.84420E-05 1.17156E-04 1.28071E-04 2.92456E-05 4.26797E-05
 -1       394-1.11536E-04 9.54277E-05 9.73837E-05 4.02902E-05 5.32614E-05 5.71969E-05
 -1       395-7.03538E-05-3.14485E-05 2.76340E-05-9.43663E-06 1.12970E-05 4.38265E-05
 -1       396-5.45308E-05-6.77765E-05 1.07719E-04-4.75664E-05 1.09288E-04 5.36877E-05
 -1       397 2.62490E-04-1.49353E-04 2.08215E-05 3.79501E-05 8.89236E-05 1.05995E-04
 -1       398-1.26504E-04 1.02768E-04 1.03852E-04 6.72581E-05 1.02776E-04 6.86792E-05
 -1       399-9.46293E-05-1.29658E-05 1.10467E-04 2.84799E-05 3.21211E-05 2.51796E-05
 -1       400 2.56726E-04-2.39559E-06-5.34689E-05 1.33623E-04 7.62684E-05 1.69313E-04
 -1       401 4.01869E-04 1.00004E-04-1.03856E-04 1.49756E-04-7.55246E-05 8.66968E-06
 -1       402-1.13535E-04 3.14545E-05 3.68073E-05 9.83442E-06-8.75379E-05 1.36182E-04
 -1       403 6.57102E-05-1.99558E-05-1.67938E-04 5.85889E-05 1.06791E-05 1.41793E-04
 -1       404 2.76598E-05-2.35684E-05 3.51530E-05 5.74754E-05 5.70077E-05 1.15155E-04
 -1       405-6.86965E-05-1.39085E-05-3.20477E-06-3.62682E-05-3.64606E-05 2.63584E-05
 -1       406 1.77125E-04 9.81162E-05-1.95530E-04 7.94288E-05 1.24290E-04 1.89337E-04
 -1       407 1.08119E-04 1.47783E-04-2.76887E-04 7.68086E-05 7.48140E-05 1.49307E-04
 -1       408 2.03619E-04 2.16278E-05 8.65182E-05 7.41241E-05-3.01482E-06-2.82444E-05
 -1       409-1.52376E-04 2.39392E-05-1.80838E-04-9.63544E-05 8.56972E-06 4.09122E-05
 -1       410 3.94597E-04 4.42422E-05-1.02899E-04 1.32280E-04-8.26871E-05 1.22718E-04
 -1       411-5.93510E-05-7.84883E-05 1.97465E-04-8.95710E-05 6.73864E-05 2.21585E-04
 -1       412 2.06739E-04 1.12318E-05 4.35083E-06 1.47317E-04 4.68601E-05 1.55788E-04
 -1       413 1.76343E-04-7.82546E-05 4.67341E-05-4.75030E-05 4.60788E-05 1.51497E-04
 -1       414-1.21142E-04 3.23668E-06-3.94976E-06-4.85279E-05 8.21149E-05 2.19247E-04
 -1       415-2.75937E-04 1.22116E-04-1.01503E-06-4.60843E-05 2.28490E-05 1.63083E-04
 -1       416-1.65726E-04 1.71602E-04-1.17352E-04 4.89242E-05-2.05322E-06 1.96842E-04
 -1       417-6.54221E-05 1.35685E-05-1.05133E-04 2.89851E-05-1.97806E-05 2.05050E-04
 -1       418 2.86009E-05 4.63986E-05-4.94852E-05 3.03170E-05 1.31424E-04 1.63179E-04
 -1       419-7.18583E-05-3.98117E-05-5.88560E-05-4.28634E-05 9.47578E-05 1.79028E-04
 -1       420-1.60371E-05 1.05362E-04 6.06731E-06 8.35821E-05 1.28309E-04 1.28578E-04
 -1       421-9.51678E-06-1.55162E-05-2.31321E-05-2.43004E-05 5.01782E-05-7.39058E-06
 -1       422 3.61102E-06-1.62580E-05 2.16380E-05 6.24409E-05-6.73841E-06-8.70850E-06
 -1       423 2.87389E-05 6.55043E-05 4.15727E-05 1.17929E-04-2.75918E-05 3.05636E-05
 -1       424 6.85821E-05-3.19150E-05-1.61537E-05 6.78927E-05 2.83294E-05 1.08809E-05
 -1       425 2.32689E-04 7.28094E-05-1.81640E-05 1.79064E-04-4.33318E-05 9.92722E-06
 -1       426 1.93208E-04 1.77338E-04 3.70394E-05 1.76270E-04 1.56314E-04 8.56542E-05
 -1       427 2.33258E-04 1.38910E-04-7.73866E-06 3.14091E-04 1.01905E-04 1.14499E-04
 -1       428 2.53747E-04-2.31894E-04-1.33362E-04-1.58183E-04-4.80418E-05 1.91593E-05
 -1       429-1.48686E-04-6.86095E-05 1.58882E-05-1.19358E-04 1.47485E-04 1.49457E-04
 -1       430 1.35096E-05 1.33060E-05-4.36430E-05 8.52386E-08 3.96924E-06-2.54330E-06
 -1       431-7.96086E-07-3.21939E-07 6.71196E-07 1.16127E-07-5.36148E-06 3.13097E-07
 -1       432 1.56229E-05 1.47676E-05-5.00629E-05 1.67392E-07-1.55885E-06-9.44745E-06
 -1       433-1.84101E-06-2.14810E-06 6.90828E-06-2.21958E-07 1.55477E-06 8.01151E-06
 -1       434 6.14973E-06 7.77131E-06-2.43037E-05-6.27751E-07 3.19174E-08 1.92957E-06
 -1       435 1.05328E-05 1.18187E-05-3.79823E-05-4.43509E-07 1.29786E-06 1.06315E-05
 -1       436 1.93308E-05 1.93124E-05-6.55216E-05-4.06361E-07 1.01949E-05 5.32979E-06
 -1       437 1.40025E-05 1.28362E-05-4.48444E-05 5.11342E-08 4.71700E-06-6.05416E-06
 -1       438 5.12364E-06 5.17916E-06-1.65629E-05 1.09636E-07-6.22727E-06 2.24518E-06
 -1       439-3.41693E-07 9.66817E-07-1.55241E-06-3.17756E-07-1.55933E-06-8.73461E-07
 -1       440 6.98028E-06 8.22805E-06-2.68300E-05-5.54938E-07 8.64468E-07-4.90801E-06
 -1       441-2.24922E-06-1.39790E-07 1.65276E-06 5.31985E-07 1.74044E-06 3.07787E-06
 -1       442 7.62314E-07 1.62539E-06-4.78430E-06-1.54649E-07-4.80136E-06-4.84983E-06
 -1       443-7.23069E-06-7.15934E-06 2.32196E-05 7.88326E-07-3.87220E-06 3.37703E-07
 -1       444-3.77981E-06 1.52489E-06 5.92012E-07-1.04280E-06 2.31034E-07 1.14423E-06
 -1       445-3.45639E-06 1.03746E-06 8.53639E-07-9.17010E-07-2.93458E-07-1.41682E-06
 -1       446-2.91607E-06 1.38022E-06-2.76123E-07-1.09902E-06 5.65365E-07 2.59232E-06
 -1       447-2.58959E-06 1.17154E-06-2.23382E-07-9.04900E-07-5.30106E-07-2.59623E-06
 -1       448-1.41118E-06 1.14959E-06-1.23145E-06-6.99551E-07 6.58504E-07 2.19119E-06
 -1       449 4.22198E-07 1.23594E-06-3.30399E-06-5.52023E-07 7.73521E-07 2.08448E-06
 -1       450 5.59548E-07 3.51129E-08-2.39216E-06 3.83415E-07-4.75421E-07 1.40820E-06
 -1       451 1.92628E-06 8.15735E-07-3.97549E-06-8.48144E-08-3.35598E-07-7.89879E-07
 -1       452 1.97140E-06 8.04020E-06-1.31658E-05 3.75690E-07 1.57805E-06-2.01190E-06
 -1       453 1.25153E-05 1.17463E-05-3.23470E-06 1.30959E-05 2.45858E-05 1.86006E-05
 -1       454 1.65075E-05 1.09965E-05-5.09641E-05 2.15844E-06-3.25249E-06-1.50163E-05
 -1       455 1.86428E-05-1.57687E-06-7.00430E-06 1.52523E-05 4.19111E-06 7.93850E-06
 -1       456 1.58548E-05-4.98663E-06-4.23552E-06 1.08878E-05 1.00431E-07-2.72163E-07
 -1       457 1.42869E-05 7.46035E-06-1.15803E-05 1.66530E-05 1.95943E-06 2.79332E-06
 -1       458 1.15698E-05-2.35528E-06-4.39435E-06 1.01215E-05 3.56607E-07-1.96837E-06
 -1       459 1.41175E-05 4.81174E-06-7.28510E-06 1.63033E-05-4.70133E-06-1.10021E-05
 -1       460 1.28433E-05 1.65707E-06-5.28229E-06 5.94275E-06-9.18600E-06-9.23619E-06
 -1       461 9.85863E-06 8.86177E-06-3.35718E-05 1.48367E-06-5.41335E-07 8.13406E-06
 -1       462 5.09372E-06 4.98150E-06-1.52102E-05 1.26873E-06-1.64822E-06 1.32043E-06
 -1       463 1.42046E-07 7.43522E-07-2.78193E-06 5.39184E-09-5.89364E-08-4.17152E-07
 -1       464 1.77705E-07 1.49682E-06-3.09313E-06-5.02070E-07-6.41869E-07-2.11882E-06
 -1       465 1.14734E-06 6.68012E-07-3.10677E-06 2.02959E-07-6.24311E-07 4.60669E-07
 -1       466-1.03380E-06 1.48902E-06-1.97570E-06-5.61809E-07-3.92242E-07-2.62281E-06
 -1       467-1.78465E-06 4.21439E-07-1.83004E-07-1.27191E-06 8.29296E-06 9.58144E-06
 -1       468-3.70842E-06-1.75982E-07 2.20974E-06-8.54799E-08 4.44853E-07 1.37659E-06
 -1       469 9.17639E-07-1.44059E-07-1.23648E-06-1.00203E-06-8.73112E-07 2.07829E-06
 -1       470 6.87383E-07 2.19371E-06-5.42410E-06-4.15079E-06 3.95010E-07 2.27649E-05
 -1       471 2.57821E-06 6.24468E-06-1.61051E-05-1.55537E-06 8.35376E-07 1.53418E-05
 -1       472 6.68713E-07 1.33119E-06-5.70305E-06-2.57362E-07 7.65923E-07 8.94289E-06
 -1       473-5.71293E-06-3.41601E-07 4.17027E-06-3.29159E-06 2.59077E-06 8.36393E-06
 -1       474-3.29310E-06 1.15836E-06 5.33570E-07-2.51283E-07 9.11006E-09 3.92368E-06
 -1       475-1.02072E-06 2.24699E-07 5.12765E-07 1.06423E-07-5.58402E-07-4.33895E-07
 -1       476 4.06553E-06 3.81467E-06-1.29778E-05-7.28684E-08 3.29582E-08 7.66770E-06
 -1       477 5.94214E-07 2.72172E-06-1.73316E-05-6.55063E-06 5.05206E-06 3.60613E-05
 -1       478-3.22095E-06 1.45832E-06-1.19966E-07-4.62213E-07 1.95217E-07 3.93591E-06
 -1       479-3.71115E-06 1.13551E-06 9.54980E-07-4.18331E-07-3.64409E-08 2.40031E-06
 -1       480-3.28834E-06 9.75714E-07 1.05159E-06-1.43114E-07 8.21291E-08 1.34237E-06
 -1       481-2.75283E-06 7.92292E-07 8.80696E-07-3.15180E-07-1.74746E-07 3.25898E-07
 -1       482-3.33702E-06 7.52335E-07 1.32363E-06-1.39355E-08 8.90851E-09 2.87787E-06
 -1       483 1.34808E-07 2.47865E-06-6.06970E-06 1.18177E-07 3.93283E-07 6.12085E-06
 -1       484-1.46016E-06 1.90987E-06-3.12147E-06-3.13382E-07 1.07256E-07 5.65626E-06
 -1       485-1.65700E-06 1.46489E-06-1.84319E-06-1.63348E-07 2.67397E-08 6.33444E-06
 -1       486 4.50283E-06 4.06885E-06-1.46868E-05-3.47074E-07 1.15840E-06 4.52741E-06
 -1       487 2.24324E-06 2.97999E-06-9.45285E-06-4.27684E-08 2.05730E-07 5.82484E-06
 -1       488 1.52688E-06 3.32539E-06-9.51121E-06-6.35501E-08 1.06903E-07 8.07287E-06
 -1       489 1.66927E-05 1.10222E-05-4.37014E-05-1.42601E-06-3.73159E-07 1.15842E-05
 -1       490 6.09483E-06 5.41940E-06-1.95577E-05-5.80296E-07 1.84726E-06 8.78476E-06
 -1       491 5.56119E-06 4.49063E-06-1.50848E-05-7.77939E-07 5.65583E-07 1.07548E-05
 -1       492 1.09277E-05 7.34554E-06-1.72195E-05 5.39945E-06 2.69230E-05 4.58103E-05
 -1       493 1.78341E-05 1.41301E-05-6.61068E-05-1.89351E-06 5.78298E-06 2.10916E-05
 -1       494-3.18746E-07 9.24271E-06-2.39918E-05-1.20079E-06 2.15759E-06 3.28232E-05
 -1       495 6.23319E-06-1.41975E-06-3.24616E-06-6.00809E-07 2.20404E-08 1.68620E-05
 -1       496 8.60343E-06 2.93456E-06-9.86098E-06 3.74364E-06 1.30345E-06 2.39773E-05
 -1       497 1.19861E-06 1.77314E-06-1.33257E-05-4.18651E-06 1.71598E-06 2.75310E-05
 -1       498-3.37217E-06 4.89081E-08 5.82268E-07 2.75068E-07 2.73246E-06 1.15538E-05
 -1       499 3.93967E-06-1.24285E-06-1.81479E-06 6.24560E-07 1.48910E-06 1.24887E-05
 -1       500-9.91109E-07 3.65371E-06-1.70536E-06-6.70781E-07 1.56013E-06 1.39801E-05
 -1       501-5.38841E-06 2.82878E-07 3.73502E-06-2.45782E-06 9.03153E-07 8.10431E-06
 -1       502-7.60395E-07-2.26164E-07 2.42766E-06 4.66323E-07-1.63464E-06 7.95532E-07
 -1       503-1.82597E-06-1.17432E-06 4.07236E-06-1.35988E-06-6.95422E-07 2.96941E-06
 -1       504-2.82104E-06 2.88915E-07 3.48166E-06-1.43280E-06 8.74509E-07 5.03592E-06
 -1       505-8.95337E-08-1.43215E-07-6.02719E-08-4.52526E-07-3.19067E-07 6.13486E-07
 -1       506-1.69390E-06 4.25408E-07 6.80290E-07-3.46792E-07-2.90797E-07-8.20299E-07
 -1       507-4.84540E-07 8.77988E-09 5.45373E-08 1.34690E-07-3.34155E-07-2.35298E-07
 -1       508-7.59886E-09 1.40373E-07 7.79482E-08-3.90552E-07-7.54604E-07 4.52322E-08
 -1       509-2.42881E-06 4.39334E-07 1.71878E-06-9.65694E-08-3.49413E-07 4.68189E-07
 -1       510-1.60968E-07-3.39966E-07 1.13763E-06-5.26668E-07 4.28707E-06 1.21228E-06
 -1       511-9.39782E-07-6.58736E-07-8.95263E-07-6.53294E-07 3.39362E-07 2.10197E-06
 -1       512-6.01096E-06-1.67979E-06 8.36627E-06-3.10706E-07 5.41683E-06 2.65091E-06
 -1       513-1.93656E-06-2.95874E-07-1.49778E-06-1.02404E-07 9.24592E-07 5.70053E-06
 -1       514-1.56709E-06 8.46825E-09 3.40272E-07-1.50189E-06 5.81884E-06 1.30892E-05
 -1       515-2.04426E-06 1.39339E-06-1.49347E-06-1.47235E-06 7.54182E-06 4.24421E-06
 -1       516-9.21118E-07 3.13299E-06-7.66662E-06-1.37820E-06 6.01332E-06 1.74305E-05
 -1       517 7.63111E-07 5.28967E-06-9.42554E-06-1.63672E-06 4.50462E-07 2.05831E-05
 -1       518 2.76425E-06 3.76063E-06-1.16608E-05-9.07575E-07 6.58578E-06 1.91043E-05
 -1       519 1.87154E-06 3.45094E-06-1.08073E-05-9.86315E-07 1.57340E-06 1.04393E-05
 -1       520-2.63775E-06 2.18523E-06-2.07635E-06-7.22157E-07-3.63522E-06-6.30604E-06
 -1       521-4.30662E-06 1.16397E-06 1.38437E-06-4.21386E-07-1.30105E-07-4.85165E-06
 -1       522 2.86404E-06 3.37570E-06-1.11948E-05-9.04531E-07-8.03894E-08-8.02070E-06
 -1       523 1.70536E-06 2.13303E-08-8.57395E-07-2.41534E-06-1.79415E-06-1.42431E-05
 -1       524-1.05257E-06-1.74347E-06 3.72556E-06-2.49591E-06 2.05263E-06-1.88369E-06
 -1       525-1.84370E-07-2.81297E-09-1.11901E-07-4.57540E-08-6.39212E-08 1.06371E-06
 -1       526 1.76222E-06 1.98127E-06-8.54656E-06-4.19801E-06 1.03153E-06-2.23369E-05
 -1       527-3.58860E-06 1.06590E-06 1.46067E-06-3.52708E-07 9.26171E-08-2.30579E-07
 -1       528-8.80954E-07 2.10817E-06-4.05066E-06-5.15643E-08-3.55439E-07-5.71533E-06
 -1       529 8.28628E-07 1.90600E-08-9.29766E-07 1.95943E-08 2.74409E-07-4.85294E-07
 -1       530-4.40213E-06-7.86737E-07 6.79434E-06 5.63556E-07-3.10572E-06-7.77723E-06
 -1       531-4.11485E-06 1.29414E-06 1.32558E-06-4.32096E-07-4.39165E-08-7.13341E-07
 -1       532-2.68953E-06 9.77279E-07 9.03595E-07-4.39326E-07 3.44463E-07 4.68305E-07
 -1       533-3.15894E-06 1.67040E-06-5.26247E-07-5.16137E-07-1.43247E-07-4.11694E-06
 -1       534-4.03773E-06 1.32476E-06 1.03559E-06-3.42626E-07 7.47079E-08-2.44834E-06
 -1       535-4.23546E-06 1.22286E-06 1.53835E-06-3.65022E-07 9.61793E-08-1.95336E-06
 -1       536-1.32842E-06 5.54104E-07 1.40378E-08-2.28435E-08 1.37304E-07 1.15489E-06
 -1       537 1.41183E-07 2.96609E-07-6.85715E-07-7.79037E-08 2.02230E-07 5.02674E-07
 -1       538-2.39931E-06 6.76494E-07 7.03932E-07 5.33241E-08-4.99637E-08 9.11981E-07
 -1       539 7.99316E-07 4.79101E-07-7.91755E-07-2.40958E-07 4.68173E-07-3.91561E-07
 -1       540 4.60713E-08-1.33082E-06 4.96946E-07 4.57120E-07-1.77781E-06-1.14826E-06
 -1       541 2.40793E-07 1.68494E-07-3.95853E-07 2.07585E-07 3.59534E-07-3.29507E-08
 -1       542 1.52088E-07-4.24560E-06 5.03845E-06-5.46180E-07-7.07421E-07-2.14886E-06
 -1       543-9.33782E-07-2.12273E-06-1.55921E-06-1.28803E-06 1.75040E-07-8.56420E-06
 -1       544 8.94679E-07-1.31672E-06-6.79738E-08-6.02423E-07 1.11602E-06-4.51280E-07
 -1       545-6.52621E-06-1.17152E-06 6.15369E-06-2.63247E-06 1.34068E-06-1.26971E-05
 -1       546-1.86915E-06 9.38383E-08 1.50211E-06 4.47577E-06-2.98889E-06-1.04288E-05
 -1       547-2.84000E-06 9.62452E-08 4.68042E-06-7.11311E-07-2.05020E-06-2.72319E-06
 -1       548 3.49669E-06-1.12602E-06-1.20722E-06 1.69432E-06-1.43584E-06-1.35944E-05
 -1       549 9.36213E-06-3.29513E-06-3.75711E-06 2.69805E-06-9.28428E-07-1.46428E-05
 -1       550-1.51551E-06-1.16997E-06 5.92380E-06-4.35624E-08-2.78508E-06-1.17056E-05
 -1       551 8.88587E-06-3.43037E-07-6.45315E-06 8.25955E-07 3.67506E-08-1.63350E-05
 -1       552 1.75460E-05-8.18772E-07-1.08105E-05 4.41436E-06-9.39599E-06-2.97821E-05
 -1       553 2.21122E-06 1.55149E-06-4.06191E-06-1.95319E-06-2.83720E-07-1.69025E-05
 -1       554 1.31386E-05 9.75096E-06-4.54618E-05 3.28488E-07-3.78986E-06-1.11378E-05
 -1       555 9.56127E-06 9.48145E-06-2.57149E-05 8.26153E-07-3.79372E-06-6.39016E-06
 -1       556 3.80657E-06 3.69976E-06-1.21287E-05-5.64474E-07-1.47779E-06-5.73390E-06
 -1       557 1.79951E-06 2.45396E-06-1.19999E-05-2.85840E-06 1.53353E-06-1.49767E-05
 -1       558 1.82848E-06 2.72217E-06-8.23998E-06-6.79164E-07-4.13121E-08-5.56289E-06
 -1       559-2.13814E-07 2.23321E-06-4.96774E-06-1.57377E-07-3.79137E-07-5.01632E-06
 -1       560-2.11553E-06 1.96331E-06-2.20271E-06-3.33914E-07-1.89912E-07-4.66823E-06
 -1       561 6.52483E-07 2.40408E-06-6.41621E-06-1.24846E-07 3.29883E-09-6.51013E-06
 -1       562-2.13756E-06 1.81938E-06-2.26299E-06-2.32697E-07-4.00839E-07-5.51997E-06
 -1       563-5.73928E-06 1.02289E-06 4.70400E-06-3.74767E-07-3.24575E-07-6.60990E-06
 -1       564-4.49007E-07 2.24243E-06-4.26233E-06-1.67039E-07-4.70730E-08-6.82192E-06
 -1       565 2.94825E-08 3.63692E-06-7.56555E-06 5.10278E-07 8.39684E-08-1.10912E-05
 -1       566-1.86521E-06 1.39771E-07 2.37502E-06-1.64761E-06-1.52967E-07 5.39560E-07
 -1       567-3.44651E-06 5.55848E-07 1.09500E-06 1.18666E-07-6.13812E-07-7.28219E-07
 -1       568-2.14408E-07 2.80592E-06-8.70850E-06-2.77386E-06 1.23631E-06-1.47823E-05
 -1       569 2.46786E-06 2.14690E-06-8.17712E-06-4.70248E-07 2.66342E-07-9.02254E-06
 -1       570-2.22302E-06-5.84134E-07 5.85208E-06-2.21780E-06-3.52193E-07-7.85394E-06
 -1       571-2.79843E-06 2.00085E-07-9.15413E-07-5.58901E-07 9.57213E-07-6.22960E-07
 -1       572 1.26268E-07-3.42729E-07-2.73102E-07-9.07169E-07 1.14457E-06-3.98458E-07
 -1       573-2.88790E-06 1.35371E-05-2.52008E-05-1.36966E-06 2.54757E-05 4.20276E-05
 -1       574 6.60986E-05 3.11942E-05-3.75594E-05 7.49981E-06-9.50296E-05-3.45710E-05
 -1       575-4.59948E-05 3.27003E-05 3.74804E-05 6.90346E-05 5.65683E-05 4.97742E-05
 -1       576-2.21512E-05-1.78882E-05-7.18847E-06-1.87733E-05-9.93438E-06 8.43159E-05
 -1       577-2.58974E-05 2.66953E-05-4.83941E-05 7.21644E-06-4.09571E-05-5.91246E-06
 -1       578 3.47621E-05 1.69427E-05-2.55758E-05 6.92135E-05-2.34412E-05-4.43943E-05
 -1       579-4.07882E-05-3.59189E-05 8.41986E-05-1.78310E-05-2.80551E-05-4.02661E-06
 -1       580-3.56487E-05 4.23347E-05 2.84729E-06-2.96621E-05 2.60647E-06 3.05046E-05
 -1       581 2.94401E-05-2.63604E-05-4.55433E-05-3.25758E-05-3.38791E-05 3.12957E-05
 -1       582 6.77200E-05-1.41619E-04 3.50024E-05-1.00645E-04-1.76073E-05 1.41093E-04
 -1       583 6.21789E-05-1.12556E-04 1.50582E-05-7.06376E-05-1.02626E-04 1.14734E-04
 -1       584-7.29238E-05-3.26548E-05 6.83100E-05-3.96917E-05-2.47738E-05 6.82831E-05
 -1       585 1.19588E-05-2.66698E-05 3.33394E-06-6.10122E-06-2.05355E-05 5.59275E-05
 -1       586 1.35086E-04-5.21699E-05-5.49622E-05-5.89022E-05-5.17136E-05 1.05426E-04
 -1       587-4.86510E-05 3.87720E-06 5.18367E-05-3.53083E-05-3.22464E-05 1.04607E-04
 -1       588-3.19634E-05-1.60410E-05 2.34418E-05-1.17463E-04-6.08779E-05 7.19766E-05
 -1       589-1.52080E-05 7.15152E-07-1.71352E-05-7.61523E-05-1.09341E-07 1.16855E-04
 -1       590 8.44271E-05 2.34574E-05-8.69174E-05 1.01289E-04-4.80015E-05 8.46484E-05
 -1       591-8.40864E-05 2.75557E-05-2.58207E-05-2.28436E-05 1.13461E-05 2.57000E-05
 -1       592-3.26759E-05 4.07333E-05-7.63100E-05 3.19575E-05-2.82127E-06 7.53673E-05
 -1       593-3.87282E-05-2.12290E-05-1.76953E-05-5.02774E-05-2.41661E-05-3.46375E-05
 -1       594-1.10127E-04 7.85381E-05-3.32403E-05 1.95624E-05-2.66308E-06 7.67331E-05
 -1       595 1.93064E-05 8.50582E-05-1.17409E-04 7.49203E-05 4.41619E-05 4.19504E-05
 -1       596 4.68553E-06 4.13372E-05-1.00120E-04 2.08782E-05-8.72129E-05-1.03864E-04
 -1       597-1.48308E-05 1.71988E-06-1.31874E-05-5.13558E-05-5.12829E-06 8.51013E-05
 -1       598 4.20815E-05 2.71564E-05-1.17517E-04 5.25053E-07-2.81244E-05 9.53337E-05
 -1       599-3.15069E-05 1.64387E-06 4.76059E-05-1.42983E-05-6.47218E-06 7.89161E-05
 -1       600-1.53316E-04-2.49946E-05 1.67215E-04-7.48654E-05 4.67135E-05 5.15159E-05
 -1       601 3.77614E-05 3.03089E-05 7.45037E-05 6.92660E-05-6.04756E-06 1.86643E-05
 -1       602 2.49885E-05-2.29008E-05-4.76408E-05 1.13971E-05 3.88658E-05-6.45542E-06
 -1       603-2.45119E-06-2.47960E-05-2.23231E-05-1.98230E-05-5.44092E-06 5.71695E-05
 -1       604 1.27806E-06-6.45525E-05-3.03293E-05-3.96886E-05 2.23640E-05-1.62889E-05
 -1       605 8.26035E-05 2.56327E-05-7.72597E-07 8.40586E-05-7.44363E-06 3.14898E-05
 -1       606 6.05632E-05-4.54244E-05 3.11366E-05 3.92822E-05-3.01050E-06 6.54995E-05
 -1       607-2.72883E-05-9.77147E-05 3.28235E-05-3.46671E-06-8.00807E-06 1.59846E-05
 -1       608 3.16232E-05 6.79233E-06-1.40415E-05 3.34536E-05 3.60028E-05 5.28343E-05
 -1       609-3.86216E-05 5.69812E-06 3.74839E-05 3.87001E-06-5.67884E-05-4.76193E-05
 -1       610-4.29120E-05-7.93463E-06 4.48716E-05-4.55816E-05-1.03365E-05 6.53974E-05
 -1       611 2.57884E-05-5.32419E-05 3.87498E-05 4.00476E-05 2.90230E-05 1.89955E-05
 -1       612 8.97726E-05-3.81206E-05-3.00276E-06 1.20001E-05-1.81040E-05 1.45720E-05
 -1       613-1.87782E-04 4.92097E-05-4.65640E-05-5.77247E-05-4.71797E-05-2.81575E-05
 -1       614-2.22853E-05 1.02486E-04-2.70283E-04 2.97315E-05 6.11323E-05 5.47168E-07
 -1       615 4.52223E-06 3.35539E-05-7.23910E-05 4.10605E-06-3.99227E-05 8.33281E-05
 -1       616 5.70028E-05 5.59725E-05-5.36220E-05 1.38808E-05-2.32382E-05 1.35323E-04
 -1       617-9.58901E-05 6.15659E-05 2.35199E-05 3.47484E-05 4.08207E-05 1.71855E-04
 -1       618 9.98594E-06-2.49327E-07-2.96104E-06-8.17336E-06-1.72180E-05 1.27841E-04
 -1       619 1.96006E-04-3.44623E-05 1.60717E-05 7.63190E-05 6.07515E-05 6.87717E-05
 -1       620 1.08329E-04-1.12829E-05-3.44406E-05 3.88572E-05-1.77785E-05 4.72511E-05
 -1       621-6.03610E-05-4.00345E-05 5.16043E-05-5.84926E-05 4.05484E-05 1.55423E-05
 -1       622-2.69822E-05 6.18375E-05-1.04921E-04-3.95766E-05-7.73327E-05 2.02378E-05
 -1       623 3.18289E-05 7.60862E-05-7.21088E-05 4.26628E-05 5.90557E-06 8.17679E-05
 -1       624 4.95296E-05 3.74077E-05-3.85968E-05-4.73125E-06 8.64593E-06 1.35179E-04
 -1       625-3.79095E-05 6.07832E-05-6.74424E-06 8.49519E-05 4.51755E-05 2.28094E-05
 -1       626-2.53069E-04 1.81161E-04-7.30364E-06-2.21077E-05-2.79100E-05 1.20685E-05
 -1       627-9.45918E-05 2.88039E-05 5.13046E-05 3.55578E-05 1.05493E-04 1.50574E-04
 -1       628 1.99354E-04-9.81534E-06-1.35603E-05-6.95099E-06-1.19179E-04 6.96541E-05
 -1       629 5.93630E-05-9.52459E-05-4.99484E-05-2.40233E-05-4.44089E-05-1.70861E-05
 -1       630 2.37662E-05-6.42369E-05 6.96710E-05-1.83699E-05-1.03776E-05-1.74421E-05
 -1       631-1.90852E-06 1.64591E-05-2.57934E-05-6.60562E-06 2.11467E-05 8.42954E-05
 -1       632-6.77508E-05 2.37176E-05-2.51314E-05-4.31688E-05 8.58711E-06 2.91148E-05
 -1       633-1.14471E-04-1.37598E-06-4.52088E-06-4.65946E-05-5.10471E-05-2.45140E-05
 -1       634-3.38903E-05-1.57786E-05 1.16740E-05 3.03175E-05-5.86756E-06 4.01895E-05
 -1       635-3.43253E-05-3.21270E-05 1.08477E-04 9.04976E-05-9.54646E-06 7.92639E-06
 -1       636-2.55564E-05-2.82845E-05 5.62388E-05 2.34423E-05-2.47113E-05 5.34145E-05
 -1       637 8.71578E-06 8.35451E-06-3.14884E-06 5.79298E-05-1.73510E-06-4.44250E-06
 -1       638 1.03576E-04 3.23008E-05-4.62065E-06 5.75590E-05-4.82046E-05 2.91298E-05
 -1       639 6.12665E-05-5.78501E-05-1.25976E-05-4.85596E-05-2.57395E-05 1.05575E-04
 -1       640-8.68154E-05-3.52590E-05-8.75511E-06-2.40772E-05 8.24066E-06-1.96906E-06
 -1       641 1.90703E-05-4.79747E-05-4.98525E-05 1.66063E-05-3.44012E-05-5.42505E-07
 -1       642-9.09738E-05 5.62091E-05 1.70939E-05-3.56398E-05-4.03981E-05-4.42924E-05
 -1       643 9.15481E-05 1.52816E-05-2.13771E-06 5.83507E-05 4.20877E-05 8.39186E-05
 -1       644 5.81742E-06 2.74817E-05-1.65199E-05 2.67245E-05-4.33334E-05 2.47075E-05
 -1       645-7.34885E-05 3.97209E-05-5.29478E-05-1.00315E-05-2.37680E-06 9.35746E-05
 -1       646 9.49932E-05-1.56621E-05-2.29660E-05 5.24558E-05 2.11553E-05 7.11179E-05
 -1       647 1.09908E-06 3.07231E-04-4.71788E-05 2.06994E-04 4.55033E-05 5.46232E-05
 -1       648-2.83233E-05-8.06637E-05-3.94739E-06-3.07249E-05 6.82786E-05 5.12260E-05
 -1       649-3.20552E-06-8.34800E-05 1.11803E-04 1.20207E-06-7.89852E-05-2.42898E-05
 -1       650 3.57933E-05-7.20553E-07-6.84359E-05-5.45966E-06-7.43121E-05-4.86057E-06
 -1       651-1.97041E-06-2.28440E-05 7.59074E-05-3.53848E-05-5.85946E-05-2.68052E-05
 -1       652 6.01952E-05 8.14663E-05-1.71141E-04 8.46766E-06-3.81688E-05 4.43031E-05
 -1       653-8.94452E-05 3.52217E-05-1.48328E-04-2.16487E-06-1.25077E-05 6.06886E-05
 -1       654 5.68976E-05 4.69346E-05-1.13270E-04 2.92809E-05-7.43848E-05-3.14937E-05
 -1       655 2.45166E-05-2.02142E-05-1.58303E-05-1.50017E-05-6.18653E-06-2.34860E-05
 -1       656-1.18366E-05 4.58571E-05-1.49979E-05 2.06193E-06-8.48561E-06 3.10996E-06
 -1       657-2.29060E-05 1.76626E-05 7.44244E-06 2.30352E-06-3.31516E-05-6.14886E-05
 -1       658 7.14873E-05-4.04724E-06-1.37886E-05 4.03768E-05 1.94289E-05 1.43712E-05
 -1       659 3.65707E-05-8.35509E-05 1.42322E-05-1.17249E-05-5.32508E-05 5.12380E-05
 -1       660 7.47144E-05 4.75341E-06-2.65922E-05 3.16459E-06-1.10707E-04-2.06764E-05
 -1       661-1.02283E-05-7.87337E-05 4.88995E-05-4.70841E-05-6.32434E-07 3.32991E-05
 -1       662 7.35514E-05-1.55812E-06-6.44359E-05-1.32449E-05-1.64633E-05-1.35313E-05
 -1       663 8.10300E-05-4.87868E-05-5.38064E-05 1.82366E-05 4.13145E-05 6.63687E-05
 -1       664-6.47738E-05 1.25540E-05 3.09908E-05 6.70160E-06-2.25508E-05 3.39109E-05
 -1       665-1.00365E-04-6.56973E-06 3.61649E-05-5.35310E-05 2.74772E-05 8.17546E-05
 -1       666-1.35950E-04 4.99935E-05-1.96150E-06-7.08790E-05 3.13648E-05 7.76849E-05
 -1       667-2.51003E-05 3.65693E-05 2.22844E-05 4.20938E-05 2.11701E-05 1.00049E-04
 -1       668-5.90670E-05 1.29338E-05-2.10351E-05-1.22280E-05-1.49843E-05 1.26242E-05
 -1       669-3.95483E-06 3.69414E-05 9.83440E-06 3.08937E-05 1.64764E-05 3.04890E-05
 -1       670 3.36790E-05-6.15706E-05-2.88958E-05-5.22155E-05-5.52377E-05 3.80405E-05
 -1       671 2.60158E-05 7.66727E-06-9.23221E-06-3.88747E-05 8.56836E-06 3.55584E-05
 -1       672 2.72954E-05-3.20641E-05-2.19131E-05-4.22417E-05 6.18821E-06-2.77619E-05
 -1       673 5.45064E-05 2.44295E-05-4.20608E-05 3.87518E-05 1.06633E-05-8.37531E-07
 -1       674 6.28946E-05-2.19020E-05 1.53706E-05-7.47794E-05 3.34692E-05 3.04610E-05
 -1       675-7.50144E-05 5.29611E-05-8.65881E-05-4.17228E-05 2.37308E-05 4.21984E-05
 -1       676-4.05179E-05 2.93809E-05 2.83643E-06 1.31178E-05-2.10384E-05 4.91793E-05
 -1       677-3.34154E-06 1.29055E-05-4.82291E-05-2.78286E-07-5.13986E-05-4.52277E-05
 -1       678 1.01785E-04 6.12883E-06-8.17375E-05 7.15058E-05 5.78750E-05 1.38578E-04
 -1       679 8.69147E-05 5.22924E-06-1.74220E-05-2.24487E-06 3.92801E-05 1.37514E-05
 -1       680-2.18191E-05-3.33951E-05-1.19775E-04-8.45584E-05-7.44054E-05-1.21060E-05
 -1       681 5.04508E-05 2.51810E-05-8.68448E-05 3.62448E-05-1.90914E-05 1.66479E-05
 -1       682 9.94510E-05 6.91062E-05-3.42055E-05 9.79125E-05 1.47239E-05 8.02434E-05
 -1       683 5.91837E-05 8.21493E-05-7.82265E-05 8.14979E-05 5.86369E-05 2.71282E-05
 -1       684 2.96541E-05 9.64439E-05-1.23210E-04 7.86785E-05 7.54316E-06 6.09461E-05
 -1       685-7.96402E-05 7.24298E-05-2.14097E-05-1.60880E-05-9.68151E-05 1.15522E-05
 -1       686 2.25288E-06 3.27881E-05 2.51207E-05 6.00249E-05-9.37317E-05-6.00752E-05
 -1       687 1.24139E-05-5.67037E-05 6.12085E-05 1.72321E-06-1.06041E-04-8.00720E-05
 -1       688 5.63914E-05-1.13802E-05-9.77965E-05 3.45072E-05 1.10934E-05 1.13955E-05
 -1       689-3.21519E-05 7.96213E-05-2.05931E-05 4.04102E-05-4.98600E-05-4.08885E-06
 -1       690-1.57943E-04 2.17168E-04 2.86462E-05 1.11537E-04 2.97746E-05 7.92148E-05
 -1       691 1.94117E-05 9.38274E-06 5.15956E-05 7.04614E-05 4.65230E-05 1.63494E-05
 -1       692-1.59080E-04-1.52266E-05 7.16180E-05-7.24666E-06 9.60674E-05 8.93488E-05
 -1       693-8.86028E-06 2.80463E-05-1.40833E-05 8.52188E-05 1.19260E-05 2.58939E-06
 -1       694-3.57574E-05 3.13129E-05-4.71640E-05-1.06022E-04 1.42840E-05-1.60087E-05
 -1       695-1.66370E-04-7.91188E-06 1.16262E-04-1.18658E-05 6.12971E-05 4.16257E-05
 -1       696-1.79152E-05 6.26166E-05-1.16400E-05 2.10979E-05-2.02117E-05 4.38497E-05
 -1       697 6.65292E-05 5.06020E-05-5.90862E-05 8.57071E-05 1.21071E-05 6.22743E-05
 -1       698-9.46736E-05 2.69509E-05 2.67577E-05-1.28386E-05-1.15738E-05 1.98663E-05
 -1       699 8.72947E-05 2.20937E-05-6.01573E-05 4.74299E-05-6.27313E-07 3.25527E-05
 -1       700-1.40652E-04 5.78476E-05 4.11068E-05-3.17155E-05 8.41080E-05 9.64213E-05
 -1       701 1.90385E-04 6.12679E-06-1.64629E-06 1.21962E-04 1.59520E-05-3.74798E-05
 -1       702 1.47887E-04 3.01373E-05-1.21993E-04 6.59827E-05-2.87325E-05 2.49459E-05
 -1       703-2.43489E-05-6.43254E-06 7.14906E-05-4.38587E-05-1.14484E-05 2.12747E-06
 -1       704 1.41186E-05 1.39094E-05-4.71125E-05 6.10396E-09 3.38923E-06-3.14264E-06
 -1       705 5.29526E-06 5.67734E-06-1.87088E-05-1.33745E-07-8.65549E-07 3.98130E-06
 -1       706 6.32077E-06 6.80784E-06-2.19469E-05-8.45549E-08-4.02727E-07-2.21357E-06
 -1       707-1.00669E-06-9.04477E-07 3.78729E-06-8.88147E-08-1.88426E-06 3.87467E-06
 -1       708 8.01647E-06 7.24682E-06-2.45068E-05-5.89142E-07-1.91673E-06-3.54743E-06
 -1       709-2.10776E-06 1.04029E-06-3.76521E-07-5.18872E-07 1.91738E-07 2.94370E-06
 -1       710 6.86514E-06-3.58143E-06-5.55822E-07 2.93458E-06-2.00389E-06 1.04202E-06
 -1       711 8.76840E-06-2.51469E-06-4.64447E-06 8.25557E-07 1.58668E-06-2.03939E-06
 -1       712 1.41614E-05-4.20350E-06-5.29257E-06 5.00449E-06 9.28665E-07-6.74036E-06
 -1       713 4.86150E-06-5.95682E-07-4.05389E-06-5.52280E-07-5.41694E-07-8.97527E-06
 -1       714 4.21780E-06 6.28896E-07-5.68799E-06-2.25563E-06 1.10312E-06-1.15802E-05
 -1       715 1.91569E-05-1.94112E-06-8.81469E-06 8.74344E-06-1.30631E-06-1.50317E-05
 -1       716 4.01993E-06-1.97426E-06-3.74318E-07 3.19757E-07-1.30378E-06 6.67835E-06
 -1       717 2.10055E-06 1.41928E-06-4.16417E-06-2.23356E-06-4.99261E-07 4.29568E-06
 -1       718 2.95097E-06-1.60958E-06-1.56399E-06-2.59748E-06-1.46065E-06 1.22008E-05
 -1       719 4.61066E-06-1.94404E-06-1.68997E-06-8.91585E-07-1.38177E-06-7.31516E-06
 -1       720 6.94796E-06-2.25201E-06-1.06029E-06 6.59836E-06-1.30770E-06-5.09016E-06
 -1       721 1.57250E-05 1.25120E-06-8.81225E-06 1.26372E-05 3.60916E-06 1.43042E-05
 -1       722-3.45833E-06 1.03288E-06 1.01106E-06-3.82403E-07 2.72335E-08 1.81913E-06
 -1       723-2.74759E-06 1.08974E-06 2.59959E-07-5.52504E-07 3.09040E-07 2.40442E-06
 -1       724-1.98991E-06 1.00409E-06-2.12902E-07-6.15878E-07 4.38195E-07 1.71654E-06
 -1       725-2.79739E-06 1.13316E-06 4.51579E-09-4.35200E-07 7.62730E-08 3.47355E-06
 -1       726-2.94119E-06 1.03301E-06 8.05015E-07-5.12064E-07 1.46695E-07 1.36326E-06
 -1       727 7.72572E-06-1.67759E-06-3.61662E-06 1.73057E-06-7.17157E-07-2.27962E-07
 -1       728 1.11558E-05-4.32569E-06-1.78937E-06 5.07818E-06-7.75138E-07 6.25820E-06
 -1       729 7.61594E-06-6.23351E-07-5.06774E-06 3.83565E-06-5.72181E-08-4.98375E-06
 -1       730 1.19114E-06-2.32161E-06-5.40876E-07-2.73554E-06 2.64889E-06 6.17600E-06
 -1       731 6.53290E-06-5.27746E-08-4.80764E-06 5.83069E-06 1.14149E-06 2.85466E-06
 -1       732 1.03229E-05-5.53401E-06-1.47608E-06 6.89329E-06-2.35449E-06-6.13884E-06
 -1       733 3.40675E-06-1.52554E-06-4.95133E-06 1.06402E-07 2.19683E-08 1.05624E-05
 -1       734 1.61381E-06 1.33500E-06-6.16541E-06-2.92981E-06-4.92417E-07 6.07900E-06
 -1       735 4.01240E-07 7.94658E-07-4.96932E-06-2.60056E-06-4.92717E-07 1.21466E-05
 -1       736 2.43550E-06 1.91376E-06-7.00927E-06-1.65244E-07 3.91403E-07 3.50794E-06
 -1       737 4.96304E-07 1.27244E-06-4.29958E-06-1.03859E-07 4.37820E-07 4.14874E-06
 -1       738 3.07151E-06 2.93435E-06-8.84587E-06-9.08341E-07 6.85953E-07 5.75630E-06
 -1       739-1.81779E-06 2.64555E-06-8.30767E-06-4.45300E-06 3.02369E-06 1.69624E-05
 -1       740-2.08975E-06 7.75389E-07-2.41525E-07-2.27458E-07-4.24460E-07-2.71253E-06
 -1       741-2.08415E-06 1.11610E-06-6.26008E-07-3.28019E-07-4.41124E-07-2.39993E-06
 -1       742-9.96784E-07 1.17550E-06-1.72041E-06-8.68938E-08-5.42188E-07-3.01009E-06
 -1       743 2.49980E-06 2.21296E-06-7.17498E-06-2.46707E-07 1.67853E-06 2.13637E-07
 -1       744-1.21756E-06 2.78667E-07-1.37087E-06-2.46503E-06 1.63310E-06-7.12053E-06
 -1       745-2.35595E-06 3.78629E-06-6.25823E-06-1.51064E-06-1.16623E-06 9.26448E-06
 -1       746 1.50469E-06 3.49084E-06-1.12557E-05-1.22541E-06-4.27912E-07 8.69143E-06
 -1       747-2.25582E-06 7.14816E-07 2.94991E-06-1.44803E-06-1.94589E-06 7.02331E-06
 -1       748-8.41000E-07 7.23715E-07-9.14883E-07-2.75544E-06 7.99742E-07 7.87976E-06
 -1       749 7.83696E-07 3.22542E-06-6.98526E-06-1.03758E-06 5.88527E-07 5.84333E-06
 -1       750 3.52133E-07 4.82370E-07-2.37080E-06-4.03309E-07 4.23995E-07 5.11058E-06
 -1       751-5.67250E-06-1.49893E-07 8.81131E-06-1.34140E-07-2.69253E-06-3.29520E-06
 -1       752 7.74647E-07 2.80267E-06-6.88905E-06-2.25912E-06 1.46319E-06 7.59201E-06
 -1       753-2.58976E-06 8.66822E-07-3.47101E-08-4.30947E-07-3.81779E-07 2.85937E-06
 -1       754-4.07818E-06 5.82739E-07 2.31848E-06-5.18597E-07-1.75180E-08-1.81441E-06
 -1       755-3.86842E-06 1.30579E-06 1.01866E-06-6.34652E-07-5.23032E-08 1.05281E-06
 -1       756 1.11735E-06 1.09509E-06-3.95389E-06-1.66125E-07 4.92777E-07 2.13661E-06
 -1       757-1.58720E-06 4.49099E-07-6.69744E-06-6.04716E-06 6.58973E-07 7.95276E-06
 -1       758-3.34989E-07 1.29510E-06-2.50389E-06-9.75625E-08-4.63017E-07-2.52288E-06
 -1       759-3.41786E-06 6.57906E-07 1.34200E-06-1.94431E-07-8.25001E-08 5.07173E-07
 -1       760-3.67007E-06 9.92582E-07 9.81828E-07-3.97496E-07 3.70754E-08-1.28433E-07
 -1       761-2.51844E-06 1.54609E-06-1.00884E-06-6.39477E-07 1.77676E-07 3.49159E-06
 -1       762-3.17818E-06 1.23203E-06 1.50672E-07-4.69217E-07-1.96032E-07-1.45120E-06
 -1       763 3.67597E-06 1.13378E-06-6.27981E-06-6.62683E-07 3.59491E-06 6.00392E-07
 -1       764 4.37370E-07 1.11576E-06-2.67972E-06-9.91967E-07-4.95927E-07-2.24659E-06
 -1       765 1.08651E-05 8.04269E-06-2.30546E-05-1.36167E-06 4.87000E-06 1.59679E-07
 -1       766-1.38959E-06 4.33621E-07-1.86368E-07-1.47721E-07 1.04317E-08 2.40276E-06
 -1       767 4.13449E-07 1.58460E-06-3.53211E-06-9.74645E-08-3.08829E-07-3.43591E-06
 -1       768 1.39148E-06 4.60627E-07-4.17888E-06-3.32001E-07-2.75511E-07-2.41672E-06
 -1       769-5.31696E-08 1.28452E-06-3.25516E-06-1.02627E-07 7.66135E-07 3.55501E-06
 -1       770-8.99561E-07 5.88050E-07-1.74379E-06-6.65476E-07-4.96043E-07-2.49847E-06
 -1       771-9.02535E-09 9.18510E-07-1.59075E-06 3.41108E-08-2.89979E-06-6.51763E-06
 -1       772-1.46737E-06 2.34629E-06-6.02228E-06-9.94145E-07-4.55328E-07-5.63843E-06
 -1       773 1.07216E-06 1.67518E-06-7.52037E-06-1.77305E-06-3.91761E-07-5.31803E-07
 -1       774 1.69414E-06 1.86772E-06-5.89555E-06-8.58034E-07-1.09553E-06-3.37483E-06
 -1       775 1.34719E-06 1.59721E-06-4.64626E-06-4.07577E-07-2.68985E-07-2.82299E-06
 -1       776-5.86434E-07 1.97124E-06-3.74783E-06-7.41252E-07 5.54619E-07-2.76618E-06
 -1       777 7.95671E-07 1.72816E-06-8.02064E-06-3.50340E-06 2.32641E-06-5.34269E-06
 -1       778-1.13545E-06 1.13165E-06-2.28147E-06-3.56480E-07 2.03085E-07 5.46078E-06
 -1       779-7.54088E-07 7.81624E-07-1.11733E-06-2.84804E-07 5.14207E-07 1.43799E-06
 -1       780-3.23219E-06 5.83141E-07 1.62180E-06-3.22608E-07 6.61147E-10 2.47817E-06
 -1       781-3.72820E-06 1.11221E-06 1.67943E-06-4.38562E-07-4.90588E-08-7.44675E-08
 -1       782 1.08168E-05-2.64236E-06-5.10954E-06 4.82715E-06 6.75911E-07 4.84335E-06
 -3
    1PSTEP                         4           1           1          
  100CL  101 1.000000000         782                     0    1           1
 -4  ERROR       1    1
 -5  STR(%)      1    1    0    0
 -1         1 3.70011E+01
 -1         2 3.70011E+01
 -1         3 3.72758E+01
 -1         4 3.98727E+01
 -1         5 2.05947E+01
 -1         6 1.02444E+01
 -1         7 2.49035E+01
 -1         8 2.07279E+01
 -1         9 2.50694E+01
 -1        10 2.50694E+01
 -1        11 2.28204E+01
 -1        12 2.50694E+01
 -1        13 9.28333E+00
 -1        14 9.28333E+00
 -1        15 3.14433E+01
 -1        16 3.67533E+01
 -1        17 3.92170E+01
 -1        18 3.35087E+01
 -1        19 3.66681E+01
 -1        20 2.90908E+01
 -1        21 3.90046E+01
 -1        22 2.97116E+01
 -1        23 3.76088E+01
 -1        24 3.96356E+01
 -1        25 3.60450E+01
 -1        26 3.42222E+01
 -1        27 3.40983E+01
 -1        28 3.79852E+01
 -1        29 3.63629E+01
 -1        30 3.50884E+01
 -1        31 3.28795E+01
 -1        32 3.40477E+01
 -1        33 3.43581E+01
 -1        34 3.36602E+01
 -1        35 3.86222E+01
 -1        36 3.78403E+01
 -1        37 3.65231E+01
 -1        38 3.70011E+01
 -1        39 3.70023E+01
 -1        40 3.70023E+01
 -1        41 3.92170E+01
 -1        42 3.35087E+01
 -1        43 3.97171E+01
 -1        44 3.72588E+01
 -1        45 3.32628E+01
 -1        46 3.40925E+01
 -1        47 3.73771E+01
 -1        48 3.96356E+01
 -1        49 3.02351E+01
 -1        50 3.70017E+01
 -1        51 3.70023E+01
 -1        52 3.81097E+01
 -1        53 3.63629E+01
 -1        54 3.66129E+01
 -1        55 3.84880E+01
 -1        56 3.52608E+01
 -1        57 3.36776E+01
 -1        58 3.57348E+01
 -1        59 3.85064E+01
 -1        60 3.49354E+01
 -1        61 3.36181E+01
 -1        62 3.21031E+01
 -1        63 2.75687E+01
 -1        64 3.52799E+01
 -1        65 3.68902E+01
 -1        66 3.68902E+01
 -1        67 3.57862E+01
 -1        68 3.57862E+01
 -1        69 3.55432E+01
 -1        70 3.20605E+01
 -1        71 3.12119E+01
 -1        72 2.21296E+01
 -1        73 3.46894E+01
 -1        74 2.98359E+01
 -1        75 3.14243E+01
 -1        76 3.60851E+01
 -1        77 3.68902E+01
 -1        78 3.63382E+01
 -1        79 3.57862E+01
 -1        80 3.56647E+01
 -1        81 3.38019E+01
 -1        82 3.16362E+01
 -1        83 2.66707E+01
 -1        84 2.97027E+01
 -1        85 4.16551E+01
 -1        86 2.81526E+01
 -1        87 3.57034E+01
 -1        88 2.91486E+01
 -1        89 3.21036E+01
 -1        90 3.36084E+01
 -1        91 2.42715E+01
 -1        92 3.16646E+01
 -1        93 3.37835E+01
 -1        94 3.98563E+01
 -1        95 3.98563E+01
 -1        96 4.07639E+01
 -1        97 3.49038E+01
 -1        98 3.19280E+01
 -1        99 3.24260E+01
 -1       100 3.06261E+01
 -1       101 3.28560E+01
 -1       102 2.89400E+01
 -1       103 2.79681E+01
 -1       104 3.27240E+01
 -1       105 3.68199E+01
 -1       106 3.98563E+01
 -1       107 3.98645E+01
 -1       108 3.98727E+01
 -1       109 3.83469E+01
 -1       110 3.98727E+01
 -1       111 3.91098E+01
 -1       112 3.78114E+01
 -1       113 1.54195E+01
 -1       114 2.27491E+01
 -1       115 2.28157E+01
 -1       116 1.54862E+01
 -1       117 2.50694E+01
 -1       118 2.39449E+01
 -1       119 2.39449E+01
 -1       120 2.50694E+01
 -1       121 1.76569E+01
 -1       122 2.28320E+01
 -1       123 2.28986E+01
 -1       124 2.38619E+01
 -1       125 1.71831E+01
 -1       126 2.26200E+01
 -1       127 3.11767E+01
 -1       128 3.11767E+01
 -1       129 2.76398E+01
 -1       130 2.35550E+01
 -1       131 2.63122E+01
 -1       132 2.98337E+01
 -1       133 2.98337E+01
 -1       134 2.56152E+01
 -1       135 1.67715E+01
 -1       136 1.32332E+01
 -1       137 1.99016E+01
 -1       138 2.68983E+01
 -1       139 3.11767E+01
 -1       140 2.94082E+01
 -1       141 2.55974E+01
 -1       142 2.49336E+01
 -1       143 2.80730E+01
 -1       144 2.98337E+01
 -1       145 2.77245E+01
 -1       146 2.11934E+01
 -1       147 1.30274E+01
 -1       148 9.28333E+00
 -1       149 1.71831E+01
 -1       150 2.56548E+01
 -1       151 3.11767E+01
 -1       152 2.69906E+01
 -1       153 2.76398E+01
 -1       154 1.99588E+01
 -1       155 3.08906E+01
 -1       156 2.82319E+01
 -1       157 2.82319E+01
 -1       158 2.18029E+01
 -1       159 1.67715E+01
 -1       160 1.32332E+01
 -1       161 2.14190E+01
 -1       162 2.84157E+01
 -1       163 2.90837E+01
 -1       164 2.73152E+01
 -1       165 2.37993E+01
 -1       166 2.54247E+01
 -1       167 2.95612E+01
 -1       168 2.82319E+01
 -1       169 2.50174E+01
 -1       170 1.92872E+01
 -1       171 1.30274E+01
 -1       172 3.42222E+01
 -1       173 3.65231E+01
 -1       174 3.42228E+01
 -1       175 3.31401E+01
 -1       176 3.68778E+01
 -1       177 3.79852E+01
 -1       178 3.92170E+01
 -1       179 3.68778E+01
 -1       180 3.63629E+01
 -1       181 3.35087E+01
 -1       182 3.50884E+01
 -1       183 3.81926E+01
 -1       184 3.44040E+01
 -1       185 3.81317E+01
 -1       186 3.31748E+01
 -1       187 3.65485E+01
 -1       188 3.19020E+01
 -1       189 3.61337E+01
 -1       190 3.58506E+01
 -1       191 3.86222E+01
 -1       192 3.96356E+01
 -1       193 3.74930E+01
 -1       194 3.78403E+01
 -1       195 3.33488E+01
 -1       196 3.97171E+01
 -1       197 3.34309E+01
 -1       198 3.96356E+01
 -1       199 3.76320E+01
 -1       200 3.35989E+01
 -1       201 3.55432E+01
 -1       202 3.97171E+01
 -1       203 4.24976E+01
 -1       204 3.90046E+01
 -1       205 3.31204E+01
 -1       206 4.24976E+01
 -1       207 3.23961E+01
 -1       208 3.51750E+01
 -1       209 3.52160E+01
 -1       210 3.47380E+01
 -1       211 3.33899E+01
 -1       212 3.53123E+01
 -1       213 3.27259E+01
 -1       214 2.77803E+01
 -1       215 3.53534E+01
 -1       216 3.49368E+01
 -1       217 3.22818E+01
 -1       218 3.32346E+01
 -1       219 4.08573E+01
 -1       220 3.96255E+01
 -1       221 3.78090E+01
 -1       222 3.80031E+01
 -1       223 4.08573E+01
 -1       224 4.24976E+01
 -1       225 3.81926E+01
 -1       226 3.66129E+01
 -1       227 4.11073E+01
 -1       228 3.44040E+01
 -1       229 3.81926E+01
 -1       230 3.97171E+01
 -1       231 3.90046E+01
 -1       232 3.40477E+01
 -1       233 3.93609E+01
 -1       234 3.26274E+01
 -1       235 3.72739E+01
 -1       236 3.72739E+01
 -1       237 3.76204E+01
 -1       238 3.36718E+01
 -1       239 3.65876E+01
 -1       240 3.66172E+01
 -1       241 3.56038E+01
 -1       242 3.56154E+01
 -1       243 3.78403E+01
 -1       244 3.96356E+01
 -1       245 3.66172E+01
 -1       246 3.65333E+01
 -1       247 3.26117E+01
 -1       248 3.03445E+01
 -1       249 3.50332E+01
 -1       250 3.88888E+01
 -1       251 3.88888E+01
 -1       252 3.96939E+01
 -1       253 3.83037E+01
 -1       254 3.83037E+01
 -1       255 3.83037E+01
 -1       256 3.77517E+01
 -1       257 3.73954E+01
 -1       258 3.73954E+01
 -1       259 3.56647E+01
 -1       260 3.55432E+01
 -1       261 3.65876E+01
 -1       262 3.48463E+01
 -1       263 3.28297E+01
 -1       264 3.24054E+01
 -1       265 3.54238E+01
 -1       266 3.08826E+01
 -1       267 4.16551E+01
 -1       268 3.38997E+01
 -1       269 3.70011E+01
 -1       270 3.98563E+01
 -1       271 3.76320E+01
 -1       272 3.96356E+01
 -1       273 3.90046E+01
 -1       274 3.97171E+01
 -1       275 3.92170E+01
 -1       276 3.90046E+01
 -1       277 3.70023E+01
 -1       278 4.24976E+01
 -1       279 3.93281E+01
 -1       280 3.93287E+01
 -1       281 3.36181E+01
 -1       282 3.70011E+01
 -1       283 3.93281E+01
 -1       284 4.16551E+01
 -1       285 4.07639E+01
 -1       286 3.84369E+01
 -1       287 3.84287E+01
 -1       288 3.70023E+01
 -1       289 3.70023E+01
 -1       290 3.93287E+01
 -1       291 3.97500E+01
 -1       292 4.08573E+01
 -1       293 3.97500E+01
 -1       294 3.92170E+01
 -1       295 3.63629E+01
 -1       296 4.08573E+01
 -1       297 3.37042E+01
 -1       298 3.68084E+01
 -1       299 3.65584E+01
 -1       300 3.97171E+01
 -1       301 3.84880E+01
 -1       302 3.68084E+01
 -1       303 3.81317E+01
 -1       304 3.61337E+01
 -1       305 3.93609E+01
 -1       306 3.61337E+01
 -1       307 3.65485E+01
 -1       308 3.90046E+01
 -1       309 3.58622E+01
 -1       310 3.75045E+01
 -1       311 3.83183E+01
 -1       312 3.85064E+01
 -1       313 3.96356E+01
 -1       314 3.86338E+01
 -1       315 3.97460E+01
 -1       316 3.50457E+01
 -1       317 3.97460E+01
 -1       318 3.84287E+01
 -1       319 3.25774E+01
 -1       320 3.93287E+01
 -1       321 3.91005E+01
 -1       322 3.53251E+01
 -1       323 3.41828E+01
 -1       324 3.74602E+01
 -1       325 3.30016E+01
 -1       326 3.15241E+01
 -1       327 3.66628E+01
 -1       328 3.59103E+01
 -1       329 3.16381E+01
 -1       330 3.63065E+01
 -1       331 3.53346E+01
 -1       332 3.16381E+01
 -1       333 3.57078E+01
 -1       334 3.46483E+01
 -1       335 3.97460E+01
 -1       336 3.67096E+01
 -1       337 3.98563E+01
 -1       338 3.98563E+01
 -1       339 3.37835E+01
 -1       340 3.98563E+01
 -1       341 3.37000E+01
 -1       342 3.57034E+01
 -1       343 3.76320E+01
 -1       344 3.55432E+01
 -1       345 3.30091E+01
 -1       346 3.34309E+01
 -1       347 3.83469E+01
 -1       348 3.72758E+01
 -1       349 4.16551E+01
 -1       350 3.53373E+01
 -1       351 3.57862E+01
 -1       352 3.38997E+01
 -1       353 3.68902E+01
 -1       354 3.57034E+01
 -1       355 3.72758E+01
 -1       356 3.46894E+01
 -1       357 3.51425E+01
 -1       358 2.75694E+01
 -1       359 3.56780E+01
 -1       360 3.78114E+01
 -1       361 4.07639E+01
 -1       362 4.16551E+01
 -1       363 3.76050E+01
 -1       364 3.75968E+01
 -1       365 4.07639E+01
 -1       366 3.76050E+01
 -1       367 3.29015E+01
 -1       368 3.06344E+01
 -1       369 3.60235E+01
 -1       370 3.52250E+01
 -1       371 3.78114E+01
 -1       372 3.16361E+01
 -1       373 3.54917E+01
 -1       374 3.47017E+01
 -1       375 3.54917E+01
 -1       376 3.62968E+01
 -1       377 3.57034E+01
 -1       378 3.68902E+01
 -1       379 3.68902E+01
 -1       380 3.62968E+01
 -1       381 3.53949E+01
 -1       382 3.48429E+01
 -1       383 3.53949E+01
 -1       384 3.57862E+01
 -1       385 3.57862E+01
 -1       386 3.48429E+01
 -1       387 3.56647E+01
 -1       388 3.55432E+01
 -1       389 3.56647E+01
 -1       390 3.65876E+01
 -1       391 3.48463E+01
 -1       392 3.65876E+01
 -1       393 3.29220E+01
 -1       394 3.24977E+01
 -1       395 3.57078E+01
 -1       396 3.55341E+01
 -1       397 3.09929E+01
 -1       398 3.68199E+01
 -1       399 3.66436E+01
 -1       400 2.77803E+01
 -1       401 3.32200E+01
 -1       402 3.09263E+01
 -1       403 3.76776E+01
 -1       404 4.00010E+01
 -1       405 4.00010E+01
 -1       406 3.57034E+01
 -1       407 3.19280E+01
 -1       408 3.24260E+01
 -1       409 3.57034E+01
 -1       410 3.44969E+01
 -1       411 3.30194E+01
 -1       412 3.37541E+01
 -1       413 3.30016E+01
 -1       414 3.46973E+01
 -1       415 3.00289E+01
 -1       416 3.36039E+01
 -1       417 2.99074E+01
 -1       418 3.57078E+01
 -1       419 3.46483E+01
 -1       420 3.68199E+01
 -1       421 3.37835E+01
 -1       422 3.98563E+01
 -1       423 3.98563E+01
 -1       424 3.66436E+01
 -1       425 3.43841E+01
 -1       426 4.00010E+01
 -1       427 3.68421E+01
 -1       428 3.58889E+01
 -1       429 3.83469E+01
 -1       430 2.06613E+01
 -1       431 2.50694E+01
 -1       432 2.28320E+01
 -1       433 2.49864E+01
 -1       434 3.15960E+01
 -1       435 2.28157E+01
 -1       436 1.75740E+01
 -1       437 2.49864E+01
 -1       438 2.49864E+01
 -1       439 2.50694E+01
 -1       440 2.28320E+01
 -1       441 2.49864E+01
 -1       442 2.50694E+01
 -1       443 2.39449E+01
 -1       444 1.32332E+01
 -1       445 1.30274E+01
 -1       446 1.71831E+01
 -1       447 1.67715E+01
 -1       448 2.14190E+01
 -1       449 2.41374E+01
 -1       450 2.68983E+01
 -1       451 3.11767E+01
 -1       452 3.11767E+01
 -1       453 2.73152E+01
 -1       454 2.90837E+01
 -1       455 2.37993E+01
 -1       456 2.17569E+01
 -1       457 2.76398E+01
 -1       458 2.31355E+01
 -1       459 2.86014E+01
 -1       460 3.03622E+01
 -1       461 2.90328E+01
 -1       462 2.90328E+01
 -1       463 2.58183E+01
 -1       464 2.37091E+01
 -1       465 2.90328E+01
 -1       466 1.92872E+01
 -1       467 3.15960E+01
 -1       468 3.15960E+01
 -1       469 3.15960E+01
 -1       470 2.88087E+01
 -1       471 2.49302E+01
 -1       472 2.56548E+01
 -1       473 3.08906E+01
 -1       474 1.32909E+01
 -1       475 2.64511E+01
 -1       476 1.85177E+01
 -1       477 2.88087E+01
 -1       478 1.52370E+01
 -1       479 1.12871E+01
 -1       480 2.04396E+01
 -1       481 2.41837E+01
 -1       482 2.24435E+01
 -1       483 2.41374E+01
 -1       484 2.14190E+01
 -1       485 1.94729E+01
 -1       486 2.48472E+01
 -1       487 2.05689E+01
 -1       488 2.20863E+01
 -1       489 2.80535E+01
 -1       490 2.80535E+01
 -1       491 2.17240E+01
 -1       492 2.82242E+01
 -1       493 2.99927E+01
 -1       494 2.68695E+01
 -1       495 2.61819E+01
 -1       496 2.82242E+01
 -1       497 2.88087E+01
 -1       498 2.86014E+01
 -1       499 2.72228E+01
 -1       500 2.98496E+01
 -1       501 3.03622E+01
 -1       502 3.07148E+01
 -1       503 3.07148E+01
 -1       504 3.12433E+01
 -1       505 2.86056E+01
 -1       506 2.16113E+01
 -1       507 2.60332E+01
 -1       508 2.90235E+01
 -1       509 2.90235E+01
 -1       510 3.15960E+01
 -1       511 3.15960E+01
 -1       512 3.15960E+01
 -1       513 2.86254E+01
 -1       514 2.86254E+01
 -1       515 3.12433E+01
 -1       516 2.82631E+01
 -1       517 2.68695E+01
 -1       518 3.02023E+01
 -1       519 2.52925E+01
 -1       520 3.15960E+01
 -1       521 2.64511E+01
 -1       522 2.98337E+01
 -1       523 2.88087E+01
 -1       524 3.11767E+01
 -1       525 2.56548E+01
 -1       526 3.08906E+01
 -1       527 1.32909E+01
 -1       528 1.83763E+01
 -1       529 2.56548E+01
 -1       530 2.69906E+01
 -1       531 1.12871E+01
 -1       532 1.52370E+01
 -1       533 2.16113E+01
 -1       534 1.78672E+01
 -1       535 1.98710E+01
 -1       536 2.14190E+01
 -1       537 2.56548E+01
 -1       538 1.94729E+01
 -1       539 2.56548E+01
 -1       540 2.84157E+01
 -1       541 2.56548E+01
 -1       542 3.11767E+01
 -1       543 2.90837E+01
 -1       544 2.84157E+01
 -1       545 2.69906E+01
 -1       546 2.73152E+01
 -1       547 2.90837E+01
 -1       548 2.82242E+01
 -1       549 2.43838E+01
 -1       550 2.78997E+01
 -1       551 2.54247E+01
 -1       552 3.08906E+01
 -1       553 2.98496E+01
 -1       554 2.95612E+01
 -1       555 2.90328E+01
 -1       556 2.90328E+01
 -1       557 3.03622E+01
 -1       558 2.58183E+01
 -1       559 2.00896E+01
 -1       560 1.75739E+01
 -1       561 2.41050E+01
 -1       562 2.24137E+01
 -1       563 2.90235E+01
 -1       564 2.81424E+01
 -1       565 3.07148E+01
 -1       566 2.86254E+01
 -1       567 2.60529E+01
 -1       568 3.12433E+01
 -1       569 3.02023E+01
 -1       570 2.99927E+01
 -1       571 3.13863E+01
 -1       572 2.84157E+01
 -1       573 4.24976E+01
 -1       574 4.16551E+01
 -1       575 3.98727E+01
 -1       576 3.97500E+01
 -1       577 4.08573E+01
 -1       578 3.96255E+01
 -1       579 4.08573E+01
 -1       580 3.68084E+01
 -1       581 3.83037E+01
 -1       582 3.38997E+01
 -1       583 3.53949E+01
 -1       584 3.68084E+01
 -1       585 3.77517E+01
 -1       586 3.68084E+01
 -1       587 3.77517E+01
 -1       588 3.68084E+01
 -1       589 3.97171E+01
 -1       590 3.72739E+01
 -1       591 3.72739E+01
 -1       592 3.55432E+01
 -1       593 3.56647E+01
 -1       594 3.73954E+01
 -1       595 3.91005E+01
 -1       596 3.91005E+01
 -1       597 3.74602E+01
 -1       598 4.08573E+01
 -1       599 3.74602E+01
 -1       600 3.67276E+01
 -1       601 3.36912E+01
 -1       602 3.67096E+01
 -1       603 3.66172E+01
 -1       604 3.97460E+01
 -1       605 3.65333E+01
 -1       606 3.34309E+01
 -1       607 3.52160E+01
 -1       608 3.52160E+01
 -1       609 3.83184E+01
 -1       610 3.97171E+01
 -1       611 3.66436E+01
 -1       612 3.97460E+01
 -1       613 4.24976E+01
 -1       614 3.91005E+01
 -1       615 3.90046E+01
 -1       616 3.73954E+01
 -1       617 3.73954E+01
 -1       618 3.93609E+01
 -1       619 3.97460E+01
 -1       620 3.96356E+01
 -1       621 3.98563E+01
 -1       622 3.91005E+01
 -1       623 4.24976E+01
 -1       624 3.90046E+01
 -1       625 3.91098E+01
 -1       626 3.98727E+01
 -1       627 3.76050E+01
 -1       628 3.32200E+01
 -1       629 3.58889E+01
 -1       630 3.66518E+01
 -1       631 3.76320E+01
 -1       632 3.75045E+01
 -1       633 3.86338E+01
 -1       634 3.70011E+01
 -1       635 3.66518E+01
 -1       636 3.84369E+01
 -1       637 3.84369E+01
 -1       638 3.96939E+01
 -1       639 3.80536E+01
 -1       640 3.83183E+01
 -1       641 3.65876E+01
 -1       642 3.49354E+01
 -1       643 3.96356E+01
 -1       644 3.61692E+01
 -1       645 3.56154E+01
 -1       646 3.86338E+01
 -1       647 3.53123E+01
 -1       648 3.58479E+01
 -1       649 3.80988E+01
 -1       650 3.76776E+01
 -1       651 4.20764E+01
 -1       652 3.86792E+01
 -1       653 3.80988E+01
 -1       654 4.20764E+01
 -1       655 3.58622E+01
 -1       656 3.65231E+01
 -1       657 3.96356E+01
 -1       658 3.86222E+01
 -1       659 4.16551E+01
 -1       660 4.00010E+01
 -1       661 4.16551E+01
 -1       662 3.94671E+01
 -1       663 3.66129E+01
 -1       664 3.97171E+01
 -1       665 3.83183E+01
 -1       666 3.76320E+01
 -1       667 3.76320E+01
 -1       668 3.97171E+01
 -1       669 3.48178E+01
 -1       670 3.80031E+01
 -1       671 3.84880E+01
 -1       672 3.90046E+01
 -1       673 3.90046E+01
 -1       674 3.81317E+01
 -1       675 4.24976E+01
 -1       676 4.24976E+01
 -1       677 4.20764E+01
 -1       678 3.53512E+01
 -1       679 3.84369E+01
 -1       680 3.34102E+01
 -1       681 3.92170E+01
 -1       682 4.16551E+01
 -1       683 4.16551E+01
 -1       684 3.93287E+01
 -1       685 3.73877E+01
 -1       686 3.57336E+01
 -1       687 3.92042E+01
 -1       688 3.93287E+01
 -1       689 3.93287E+01
 -1       690 3.85743E+01
 -1       691 3.66108E+01
 -1       692 3.91098E+01
 -1       693 3.56580E+01
 -1       694 3.85743E+01
 -1       695 4.07639E+01
 -1       696 3.65492E+01
 -1       697 3.84375E+01
 -1       698 3.75020E+01
 -1       699 4.07639E+01
 -1       700 4.07639E+01
 -1       701 3.98727E+01
 -1       702 4.08573E+01
 -1       703 4.24976E+01
 -1       704 2.27491E+01
 -1       705 2.49035E+01
 -1       706 2.49864E+01
 -1       707 2.50694E+01
 -1       708 2.50694E+01
 -1       709 1.74742E+01
 -1       710 1.95035E+01
 -1       711 3.08906E+01
 -1       712 2.54247E+01
 -1       713 2.98496E+01
 -1       714 3.08906E+01
 -1       715 3.08906E+01
 -1       716 2.82242E+01
 -1       717 2.88087E+01
 -1       718 2.41561E+01
 -1       719 2.41561E+01
 -1       720 2.35717E+01
 -1       721 2.35717E+01
 -1       722 1.32909E+01
 -1       723 1.52370E+01
 -1       724 1.73287E+01
 -1       725 1.53826E+01
 -1       726 1.53826E+01
 -1       727 2.61819E+01
 -1       728 2.15293E+01
 -1       729 3.08906E+01
 -1       730 3.08906E+01
 -1       731 2.86014E+01
 -1       732 1.97312E+01
 -1       733 2.82242E+01
 -1       734 2.88087E+01
 -1       735 2.78997E+01
 -1       736 2.20863E+01
 -1       737 2.56548E+01
 -1       738 2.52925E+01
 -1       739 2.99927E+01
 -1       740 2.64511E+01
 -1       741 2.16113E+01
 -1       742 2.24137E+01
 -1       743 2.84157E+01
 -1       744 3.08906E+01
 -1       745 2.82631E+01
 -1       746 3.02023E+01
 -1       747 2.86254E+01
 -1       748 2.99927E+01
 -1       749 2.52925E+01
 -1       750 2.56548E+01
 -1       751 3.15960E+01
 -1       752 2.80535E+01
 -1       753 2.60529E+01
 -1       754 2.90235E+01
 -1       755 1.12871E+01
 -1       756 2.41374E+01
 -1       757 2.78997E+01
 -1       758 2.41270E+01
 -1       759 2.24435E+01
 -1       760 2.04396E+01
 -1       761 1.73287E+01
 -1       762 2.41837E+01
 -1       763 3.11767E+01
 -1       764 2.98496E+01
 -1       765 3.11767E+01
 -1       766 2.15645E+01
 -1       767 2.81424E+01
 -1       768 2.98337E+01
 -1       769 2.56548E+01
 -1       770 2.90235E+01
 -1       771 3.15960E+01
 -1       772 3.12433E+01
 -1       773 2.98337E+01
 -1       774 3.07148E+01
 -1       775 2.77245E+01
 -1       776 3.03622E+01
 -1       777 3.03622E+01
 -1       778 2.15645E+01
 -1       779 2.15645E+01
 -1       780 2.45351E+01
 -1       781 2.19627E+01
 -1       782 2.72228E+01
 -3
 9999
