    1C
    1UUSER                                                              
    1UDATE              05.september.2026                               
    1UTIME              11:50:11                                        
    1UHOST                                                              
    1UPGM               CalculiX                                        
    1UVERSION           Version 2.18                             
    1UCOMPILETIME       Thu Oct 14 16:21:20 EEST 2021                    
    1UDIR                                                               
    1UDBN                                                               
    1UMAT    1FEMPART002_MATERIAL                                       
    2C                           782                                     1
 -1         1-5.00000E-15 5.00000E+00 2.12000E+02
 -1         2-5.00000E-15-5.00000E+00 2.12000E+02
 -1         3-2.00000E-15 5.00000E+00 2.00000E+02
 -1         4-2.00000E-15-5.00000E+00 2.00000E+02
 -1         5-5.00000E+00-3.00000E+00 1.80000E+02
 -1         6-5.00000E+00-3.00000E+00 4.80000E+01
 -1         7-5.00000E+00 3.00000E+00 1.80000E+02
 -1         8-5.00000E+00 3.00000E+00 4.80000E+01
 -1         9 5.00000E+00-3.00000E+00 1.80000E+02
 -1        10 5.00000E+00-3.00000E+00 4.80000E+01
 -1        11 5.00000E+00 3.00000E+00 1.80000E+02
 -1        12 5.00000E+00 3.00000E+00 4.80000E+01
 -1        13-7.00000E-15 5.00000E+00 7.60000E+01
 -1        14-7.00000E-15-5.00000E+00 7.60000E+01
 -1        15 1.00000E+01 5.00000E+00 2.09321E+02
 -1        16 1.73205E+01 5.00000E+00 2.02000E+02
 -1        17 2.00000E+01 5.00000E+00 1.92000E+02
 -1        18 1.73205E+01 5.00000E+00 1.82000E+02
 -1        19 1.00000E+01 5.00000E+00 1.74679E+02
 -1        20-1.13014E-13 5.00000E+00 1.72000E+02
 -1        21-1.00000E+01 5.00000E+00 1.74679E+02
 -1        22-1.73205E+01 5.00000E+00 1.82000E+02
 -1        23-2.00000E+01 5.00000E+00 1.92000E+02
 -1        24-1.73205E+01 5.00000E+00 2.02000E+02
 -1        25-1.00000E+01 5.00000E+00 2.09321E+02
 -1        26 5.17638E+00 5.00000E+00 2.11319E+02
 -1        27 1.41421E+01 5.00000E+00 2.06142E+02
 -1        28 1.93185E+01 5.00000E+00 1.97176E+02
 -1        29 1.93185E+01 5.00000E+00 1.86824E+02
 -1        30 1.41421E+01 5.00000E+00 1.77858E+02
 -1        31 5.17638E+00 5.00000E+00 1.72681E+02
 -1        32-5.17638E+00 5.00000E+00 1.72681E+02
 -1        33-1.41421E+01 5.00000E+00 1.77858E+02
 -1        34-1.93185E+01 5.00000E+00 1.86824E+02
 -1        35-1.93185E+01 5.00000E+00 1.97176E+02
 -1        36-1.41421E+01 5.00000E+00 2.06142E+02
 -1        37-5.17638E+00 5.00000E+00 2.11319E+02
 -1        38-4.90000E-15 0.00000E+00 2.12000E+02
 -1        39 1.00000E+01-5.00000E+00 2.09321E+02
 -1        40 1.73205E+01-5.00000E+00 2.02000E+02
 -1        41 2.00000E+01-5.00000E+00 1.92000E+02
 -1        42 1.73205E+01-5.00000E+00 1.82000E+02
 -1        43 1.00000E+01-5.00000E+00 1.74679E+02
 -1        44-1.13014E-13-5.00000E+00 1.72000E+02
 -1        45-1.00000E+01-5.00000E+00 1.74679E+02
 -1        46-1.73205E+01-5.00000E+00 1.82000E+02
 -1        47-2.00000E+01-5.00000E+00 1.92000E+02
 -1        48-1.73205E+01-5.00000E+00 2.02000E+02
 -1        49-1.00000E+01-5.00000E+00 2.09321E+02
 -1        50 5.17638E+00-5.00000E+00 2.11319E+02
 -1        51 1.41421E+01-5.00000E+00 2.06142E+02
 -1        52 1.93185E+01-5.00000E+00 1.97176E+02
 -1        53 1.93185E+01-5.00000E+00 1.86824E+02
 -1        54 1.41421E+01-5.00000E+00 1.77858E+02
 -1        55 5.17638E+00-5.00000E+00 1.72681E+02
 -1        56-5.17638E+00-5.00000E+00 1.72681E+02
 -1        57-1.41421E+01-5.00000E+00 1.77858E+02
 -1        58-1.93185E+01-5.00000E+00 1.86824E+02
 -1        59-1.93185E+01-5.00000E+00 1.97176E+02
 -1        60-1.41421E+01-5.00000E+00 2.06142E+02
 -1        61-5.17638E+00-5.00000E+00 2.11319E+02
 -1        62 4.00000E+00 5.00000E+00 1.98928E+02
 -1        63 6.92820E+00 5.00000E+00 1.96000E+02
 -1        64 8.00000E+00 5.00000E+00 1.92000E+02
 -1        65 6.92820E+00 5.00000E+00 1.88000E+02
 -1        66 4.00000E+00 5.00000E+00 1.85072E+02
 -1        67-4.52056E-14 5.00000E+00 1.84000E+02
 -1        68-4.00000E+00 5.00000E+00 1.85072E+02
 -1        69-6.92820E+00 5.00000E+00 1.88000E+02
 -1        70-8.00000E+00 5.00000E+00 1.92000E+02
 -1        71-6.92820E+00 5.00000E+00 1.96000E+02
 -1        72-4.00000E+00 5.00000E+00 1.98928E+02
 -1        73 2.07055E+00 5.00000E+00 1.99727E+02
 -1        74 5.65685E+00 5.00000E+00 1.97657E+02
 -1        75 7.72741E+00 5.00000E+00 1.94071E+02
 -1        76 7.72741E+00 5.00000E+00 1.89929E+02
 -1        77 5.65685E+00 5.00000E+00 1.86343E+02
 -1        78 2.07055E+00 5.00000E+00 1.84273E+02
 -1        79-2.07055E+00 5.00000E+00 1.84273E+02
 -1        80-5.65685E+00 5.00000E+00 1.86343E+02
 -1        81-7.72741E+00 5.00000E+00 1.89929E+02
 -1        82-7.72741E+00 5.00000E+00 1.94071E+02
 -1        83-5.65685E+00 5.00000E+00 1.97657E+02
 -1        84-2.07055E+00 5.00000E+00 1.99727E+02
 -1        85 4.00000E+00-5.00000E+00 1.98928E+02
 -1        86 6.92820E+00-5.00000E+00 1.96000E+02
 -1        87 8.00000E+00-5.00000E+00 1.92000E+02
 -1        88 6.92820E+00-5.00000E+00 1.88000E+02
 -1        89 4.00000E+00-5.00000E+00 1.85072E+02
 -1        90-4.52056E-14-5.00000E+00 1.84000E+02
 -1        91-4.00000E+00-5.00000E+00 1.85072E+02
 -1        92-6.92820E+00-5.00000E+00 1.88000E+02
 -1        93-8.00000E+00-5.00000E+00 1.92000E+02
 -1        94-6.92820E+00-5.00000E+00 1.96000E+02
 -1        95-4.00000E+00-5.00000E+00 1.98928E+02
 -1        96 2.07055E+00-5.00000E+00 1.99727E+02
 -1        97 5.65685E+00-5.00000E+00 1.97657E+02
 -1        98 7.72741E+00-5.00000E+00 1.94071E+02
 -1        99 7.72741E+00-5.00000E+00 1.89929E+02
 -1       100 5.65685E+00-5.00000E+00 1.86343E+02
 -1       101 2.07055E+00-5.00000E+00 1.84273E+02
 -1       102-2.07055E+00-5.00000E+00 1.84273E+02
 -1       103-5.65685E+00-5.00000E+00 1.86343E+02
 -1       104-7.72741E+00-5.00000E+00 1.89929E+02
 -1       105-7.72741E+00-5.00000E+00 1.94071E+02
 -1       106-5.65685E+00-5.00000E+00 1.97657E+02
 -1       107-2.07055E+00-5.00000E+00 1.99727E+02
 -1       108-1.96000E-15-1.66667E+00 2.00000E+02
 -1       109-1.96000E-15 1.66667E+00 2.00000E+02
 -1       110-1.96000E-15-3.33333E+00 2.00000E+02
 -1       111-1.96000E-15 8.88178E-16 2.00000E+02
 -1       112-1.96000E-15 3.33333E+00 2.00000E+02
 -1       113-5.00000E+00-3.00000E+00 1.14000E+02
 -1       114-5.00000E+00 0.00000E+00 1.80000E+02
 -1       115-5.00000E+00 3.00000E+00 1.14000E+02
 -1       116-5.00000E+00 0.00000E+00 4.80000E+01
 -1       117 5.00000E+00-3.00000E+00 1.14000E+02
 -1       118 5.00000E+00 0.00000E+00 1.80000E+02
 -1       119 5.00000E+00 3.00000E+00 1.14000E+02
 -1       120 5.00000E+00 0.00000E+00 4.80000E+01
 -1       121 0.00000E+00-3.00000E+00 4.80000E+01
 -1       122 0.00000E+00-3.00000E+00 1.80000E+02
 -1       123 0.00000E+00 3.00000E+00 4.80000E+01
 -1       124 0.00000E+00 3.00000E+00 1.80000E+02
 -1       125 1.40000E+01 5.00000E+00 7.22487E+01
 -1       126 2.42487E+01 5.00000E+00 6.20000E+01
 -1       127 2.80000E+01 5.00000E+00 4.80000E+01
 -1       128 2.42487E+01 5.00000E+00 3.40000E+01
 -1       129 1.40000E+01 5.00000E+00 2.37513E+01
 -1       130-1.70654E-13 5.00000E+00 2.00000E+01
 -1       131-1.40000E+01 5.00000E+00 2.37513E+01
 -1       132-2.42487E+01 5.00000E+00 3.40000E+01
 -1       133-2.80000E+01 5.00000E+00 4.80000E+01
 -1       134-2.42487E+01 5.00000E+00 6.20000E+01
 -1       135-1.40000E+01 5.00000E+00 7.22487E+01
 -1       136 7.24693E+00 5.00000E+00 7.50459E+01
 -1       137 1.97990E+01 5.00000E+00 6.77990E+01
 -1       138 2.70459E+01 5.00000E+00 5.52469E+01
 -1       139 2.70459E+01 5.00000E+00 4.07531E+01
 -1       140 1.97990E+01 5.00000E+00 2.82010E+01
 -1       141 7.24693E+00 5.00000E+00 2.09541E+01
 -1       142-7.24693E+00 5.00000E+00 2.09541E+01
 -1       143-1.97990E+01 5.00000E+00 2.82010E+01
 -1       144-2.70459E+01 5.00000E+00 4.07531E+01
 -1       145-2.70459E+01 5.00000E+00 5.52469E+01
 -1       146-1.97990E+01 5.00000E+00 6.77990E+01
 -1       147-7.24693E+00 5.00000E+00 7.50459E+01
 -1       148-6.86000E-15 0.00000E+00 7.60000E+01
 -1       149 1.40000E+01-5.00000E+00 7.22487E+01
 -1       150 2.42487E+01-5.00000E+00 6.20000E+01
 -1       151 2.80000E+01-5.00000E+00 4.80000E+01
 -1       152 2.42487E+01-5.00000E+00 3.40000E+01
 -1       153 1.40000E+01-5.00000E+00 2.37513E+01
 -1       154-1.70654E-13-5.00000E+00 2.00000E+01
 -1       155-1.40000E+01-5.00000E+00 2.37513E+01
 -1       156-2.42487E+01-5.00000E+00 3.40000E+01
 -1       157-2.80000E+01-5.00000E+00 4.80000E+01
 -1       158-2.42487E+01-5.00000E+00 6.20000E+01
 -1       159-1.40000E+01-5.00000E+00 7.22487E+01
 -1       160 7.24693E+00-5.00000E+00 7.50459E+01
 -1       161 1.97990E+01-5.00000E+00 6.77990E+01
 -1       162 2.70459E+01-5.00000E+00 5.52469E+01
 -1       163 2.70459E+01-5.00000E+00 4.07531E+01
 -1       164 1.97990E+01-5.00000E+00 2.82010E+01
 -1       165 7.24693E+00-5.00000E+00 2.09541E+01
 -1       166-7.24693E+00-5.00000E+00 2.09541E+01
 -1       167-1.97990E+01-5.00000E+00 2.82010E+01
 -1       168-2.70459E+01-5.00000E+00 4.07531E+01
 -1       169-2.70459E+01-5.00000E+00 5.52469E+01
 -1       170-1.97990E+01-5.00000E+00 6.77990E+01
 -1       171-7.24693E+00-5.00000E+00 7.50459E+01
 -1       172 5.17638E+00 0.00000E+00 2.11319E+02
 -1       173-5.17638E+00 0.00000E+00 2.11319E+02
 -1       174 1.00000E+01 0.00000E+00 2.09321E+02
 -1       175-1.00000E+01 0.00000E+00 2.09321E+02
 -1       176 1.41421E+01 0.00000E+00 2.06142E+02
 -1       177 1.93185E+01 0.00000E+00 1.97176E+02
 -1       178 2.00000E+01 0.00000E+00 1.92000E+02
 -1       179 1.73205E+01 0.00000E+00 2.02000E+02
 -1       180 1.93185E+01 0.00000E+00 1.86824E+02
 -1       181 1.73205E+01 0.00000E+00 1.82000E+02
 -1       182 1.41421E+01 0.00000E+00 1.77858E+02
 -1       183 1.00000E+01 0.00000E+00 1.74679E+02
 -1       184 5.17638E+00 0.00000E+00 1.72681E+02
 -1       185-5.17638E+00 0.00000E+00 1.72681E+02
 -1       186-1.13014E-13 0.00000E+00 1.72000E+02
 -1       187-1.41421E+01 0.00000E+00 1.77858E+02
 -1       188-1.73205E+01 0.00000E+00 1.82000E+02
 -1       189-1.00000E+01 0.00000E+00 1.74679E+02
 -1       190-1.93185E+01 0.00000E+00 1.86824E+02
 -1       191-1.93185E+01 0.00000E+00 1.97176E+02
 -1       192-1.73205E+01 0.00000E+00 2.02000E+02
 -1       193-2.00000E+01 0.00000E+00 1.92000E+02
 -1       194-1.41421E+01 0.00000E+00 2.06142E+02
 -1       195 3.41624E+00 5.00000E+00 2.04750E+02
 -1       196 9.33333E+00 5.00000E+00 1.82667E+02
 -1       197-3.47208E+00 5.00000E+00 2.04541E+02
 -1       198-9.28680E+00 5.00000E+00 2.01090E+02
 -1       199-1.27496E+01 5.00000E+00 1.88584E+02
 -1       200-1.23808E+01 5.00000E+00 1.95279E+02
 -1       201-9.12493E+00 5.00000E+00 1.82723E+02
 -1       202 3.26367E+00 5.00000E+00 1.79403E+02
 -1       203 1.25970E+01 5.00000E+00 1.88736E+02
 -1       204-3.31021E+00 5.00000E+00 1.79646E+02
 -1       205 9.27749E+00 5.00000E+00 2.01125E+02
 -1       206 1.23539E+01 5.00000E+00 1.95310E+02
 -1       207 6.70812E+00 5.00000E+00 2.07035E+02
 -1       208 1.70812E+00 5.00000E+00 2.08375E+02
 -1       209-1.73604E+00 5.00000E+00 2.08271E+02
 -1       210-6.73604E+00 5.00000E+00 2.06931E+02
 -1       211-2.79210E-02 5.00000E+00 2.04645E+02
 -1       212 1.70812E+00 5.00000E+00 2.02375E+02
 -1       213 3.70812E+00 5.00000E+00 2.01839E+02
 -1       214-3.73604E+00 5.00000E+00 2.01735E+02
 -1       215-1.73604E+00 5.00000E+00 2.02271E+02
 -1       216 1.32990E+01 5.00000E+00 2.01562E+02
 -1       217 9.63875E+00 5.00000E+00 2.05223E+02
 -1       218 6.34686E+00 5.00000E+00 2.02937E+02
 -1       219 1.61769E+01 5.00000E+00 1.93655E+02
 -1       220 1.48372E+01 5.00000E+00 1.98655E+02
 -1       221 1.08157E+01 5.00000E+00 1.98218E+02
 -1       222 1.49588E+01 5.00000E+00 1.85368E+02
 -1       223 1.62985E+01 5.00000E+00 1.90368E+02
 -1       224 1.24754E+01 5.00000E+00 1.92023E+02
 -1       225 9.66667E+00 5.00000E+00 1.78673E+02
 -1       226 1.33269E+01 5.00000E+00 1.82333E+02
 -1       227 1.09652E+01 5.00000E+00 1.85701E+02
 -1       228 1.63184E+00 5.00000E+00 1.75701E+02
 -1       229 6.63184E+00 5.00000E+00 1.77041E+02
 -1       230 6.29850E+00 5.00000E+00 1.81035E+02
 -1       231-6.65510E+00 5.00000E+00 1.77163E+02
 -1       232-1.65510E+00 5.00000E+00 1.75823E+02
 -1       233-2.32675E-02 5.00000E+00 1.79525E+02
 -1       234-1.32227E+01 5.00000E+00 1.82361E+02
 -1       235-9.56246E+00 5.00000E+00 1.78701E+02
 -1       236-6.21757E+00 5.00000E+00 1.81184E+02
 -1       237-1.63748E+01 5.00000E+00 1.90292E+02
 -1       238-1.50350E+01 5.00000E+00 1.85292E+02
 -1       239-1.09372E+01 5.00000E+00 1.85653E+02
 -1       240-1.48507E+01 5.00000E+00 1.98639E+02
 -1       241-1.61904E+01 5.00000E+00 1.93639E+02
 -1       242-1.25652E+01 5.00000E+00 1.91931E+02
 -1       243-9.64340E+00 5.00000E+00 2.05205E+02
 -1       244-1.33037E+01 5.00000E+00 2.01545E+02
 -1       245-1.08338E+01 5.00000E+00 1.98185E+02
 -1       246-6.37944E+00 5.00000E+00 2.02816E+02
 -1       247 6.63875E+00 5.00000E+00 2.00027E+02
 -1       248 8.10285E+00 5.00000E+00 1.98562E+02
 -1       249 9.64104E+00 5.00000E+00 1.95655E+02
 -1       250 1.01769E+01 5.00000E+00 1.93655E+02
 -1       251 1.02985E+01 5.00000E+00 1.90368E+02
 -1       252 9.76261E+00 5.00000E+00 1.88368E+02
 -1       253 8.13077E+00 5.00000E+00 1.85333E+02
 -1       254 6.66667E+00 5.00000E+00 1.83869E+02
 -1       255 3.63184E+00 5.00000E+00 1.82237E+02
 -1       256 1.63184E+00 5.00000E+00 1.81701E+02
 -1       257-1.65510E+00 5.00000E+00 1.81823E+02
 -1       258-3.65510E+00 5.00000E+00 1.82359E+02
 -1       259-6.56246E+00 5.00000E+00 1.83897E+02
 -1       260-8.02657E+00 5.00000E+00 1.85361E+02
 -1       261-9.83889E+00 5.00000E+00 1.88292E+02
 -1       262-1.03748E+01 5.00000E+00 1.90292E+02
 -1       263-1.01904E+01 5.00000E+00 1.93639E+02
 -1       264-9.65452E+00 5.00000E+00 1.95639E+02
 -1       265-8.10750E+00 5.00000E+00 1.98545E+02
 -1       266-6.64340E+00 5.00000E+00 2.00009E+02
 -1       267 3.41624E+00-5.00000E+00 2.04750E+02
 -1       268 9.33333E+00-5.00000E+00 1.82667E+02
 -1       269-3.47208E+00-5.00000E+00 2.04541E+02
 -1       270-9.28680E+00-5.00000E+00 2.01090E+02
 -1       271-1.27496E+01-5.00000E+00 1.88584E+02
 -1       272-1.23808E+01-5.00000E+00 1.95279E+02
 -1       273-9.12493E+00-5.00000E+00 1.82723E+02
 -1       274 3.26367E+00-5.00000E+00 1.79403E+02
 -1       275 1.25970E+01-5.00000E+00 1.88736E+02
 -1       276-3.31021E+00-5.00000E+00 1.79646E+02
 -1       277 9.27749E+00-5.00000E+00 2.01125E+02
 -1       278 1.23539E+01-5.00000E+00 1.95310E+02
 -1       279 1.70812E+00-5.00000E+00 2.08375E+02
 -1       280 6.70812E+00-5.00000E+00 2.07035E+02
 -1       281-6.73604E+00-5.00000E+00 2.06931E+02
 -1       282-1.73604E+00-5.00000E+00 2.08271E+02
 -1       283-2.79210E-02-5.00000E+00 2.04645E+02
 -1       284 3.70812E+00-5.00000E+00 2.01839E+02
 -1       285 1.70812E+00-5.00000E+00 2.02375E+02
 -1       286-1.73604E+00-5.00000E+00 2.02271E+02
 -1       287-3.73604E+00-5.00000E+00 2.01735E+02
 -1       288 9.63875E+00-5.00000E+00 2.05223E+02
 -1       289 1.32990E+01-5.00000E+00 2.01562E+02
 -1       290 6.34686E+00-5.00000E+00 2.02937E+02
 -1       291 1.48372E+01-5.00000E+00 1.98655E+02
 -1       292 1.61769E+01-5.00000E+00 1.93655E+02
 -1       293 1.08157E+01-5.00000E+00 1.98218E+02
 -1       294 1.62985E+01-5.00000E+00 1.90368E+02
 -1       295 1.49588E+01-5.00000E+00 1.85368E+02
 -1       296 1.24754E+01-5.00000E+00 1.92023E+02
 -1       297 1.33269E+01-5.00000E+00 1.82333E+02
 -1       298 9.66667E+00-5.00000E+00 1.78673E+02
 -1       299 1.09652E+01-5.00000E+00 1.85701E+02
 -1       300 6.63184E+00-5.00000E+00 1.77041E+02
 -1       301 1.63184E+00-5.00000E+00 1.75701E+02
 -1       302 6.29850E+00-5.00000E+00 1.81035E+02
 -1       303-1.65510E+00-5.00000E+00 1.75823E+02
 -1       304-6.65510E+00-5.00000E+00 1.77163E+02
 -1       305-2.32675E-02-5.00000E+00 1.79525E+02
 -1       306-9.56246E+00-5.00000E+00 1.78701E+02
 -1       307-1.32227E+01-5.00000E+00 1.82361E+02
 -1       308-6.21757E+00-5.00000E+00 1.81184E+02
 -1       309-1.50350E+01-5.00000E+00 1.85292E+02
 -1       310-1.63748E+01-5.00000E+00 1.90292E+02
 -1       311-1.09372E+01-5.00000E+00 1.85653E+02
 -1       312-1.61904E+01-5.00000E+00 1.93639E+02
 -1       313-1.48507E+01-5.00000E+00 1.98639E+02
 -1       314-1.25652E+01-5.00000E+00 1.91931E+02
 -1       315-1.33037E+01-5.00000E+00 2.01545E+02
 -1       316-9.64340E+00-5.00000E+00 2.05205E+02
 -1       317-1.08338E+01-5.00000E+00 1.98185E+02
 -1       318-6.37944E+00-5.00000E+00 2.02816E+02
 -1       319 8.10285E+00-5.00000E+00 1.98562E+02
 -1       320 6.63875E+00-5.00000E+00 2.00027E+02
 -1       321 1.01769E+01-5.00000E+00 1.93655E+02
 -1       322 9.64104E+00-5.00000E+00 1.95655E+02
 -1       323 9.76261E+00-5.00000E+00 1.88368E+02
 -1       324 1.02985E+01-5.00000E+00 1.90368E+02
 -1       325 6.66667E+00-5.00000E+00 1.83869E+02
 -1       326 8.13077E+00-5.00000E+00 1.85333E+02
 -1       327 1.63184E+00-5.00000E+00 1.81701E+02
 -1       328 3.63184E+00-5.00000E+00 1.82237E+02
 -1       329-3.65510E+00-5.00000E+00 1.82359E+02
 -1       330-1.65510E+00-5.00000E+00 1.81823E+02
 -1       331-8.02657E+00-5.00000E+00 1.85361E+02
 -1       332-6.56246E+00-5.00000E+00 1.83897E+02
 -1       333-1.03748E+01-5.00000E+00 1.90292E+02
 -1       334-9.83889E+00-5.00000E+00 1.88292E+02
 -1       335-9.65452E+00-5.00000E+00 1.95639E+02
 -1       336-1.01904E+01-5.00000E+00 1.93639E+02
 -1       337-6.64340E+00-5.00000E+00 2.00009E+02
 -1       338-8.10750E+00-5.00000E+00 1.98545E+02
 -1       339-7.75117E+00 4.09069E-04 1.93980E+02
 -1       340-5.90063E+00 8.58439E-03 1.97402E+02
 -1       341 5.90063E+00 8.58439E-03 1.97402E+02
 -1       342 7.75117E+00 4.09069E-04 1.93980E+02
 -1       343-7.72741E+00 0.00000E+00 1.89929E+02
 -1       344-5.65685E+00 0.00000E+00 1.86343E+02
 -1       345-2.07055E+00 3.33333E+00 1.99727E+02
 -1       346-3.33039E+00 3.82036E-01 1.99274E+02
 -1       347 3.33039E+00 3.82036E-01 1.99274E+02
 -1       348 2.07055E+00 3.33333E+00 1.99727E+02
 -1       349 1.81662E+00-2.08377E+00 1.99791E+02
 -1       350-1.81662E+00-2.08377E+00 1.99791E+02
 -1       351-2.07055E+00 0.00000E+00 1.84273E+02
 -1       352 2.07055E+00 0.00000E+00 1.84273E+02
 -1       353 5.65685E+00-8.88178E-16 1.86343E+02
 -1       354 7.72741E+00 0.00000E+00 1.89929E+02
 -1       355 1.04421E+00 4.16667E+00 1.99932E+02
 -1       356 3.06147E+00 4.16667E+00 1.99391E+02
 -1       357-1.04421E+00 4.16667E+00 1.99932E+02
 -1       358-3.06147E+00 4.16667E+00 1.99391E+02
 -1       359-1.04421E+00 2.50000E+00 1.99932E+02
 -1       360 1.04421E+00 2.50000E+00 1.99932E+02
 -1       361 9.14302E-01-3.54188E+00 1.99948E+02
 -1       362 2.94013E+00-3.54188E+00 1.99440E+02
 -1       363-9.14302E-01-3.54188E+00 1.99948E+02
 -1       364-2.94013E+00-3.54188E+00 1.99440E+02
 -1       365 9.14302E-01-1.87522E+00 1.99948E+02
 -1       366-9.14302E-01-1.87522E+00 1.99948E+02
 -1       367 5.00878E+00 2.50429E+00 1.98238E+02
 -1       368 6.45261E+00 2.50429E+00 1.96729E+02
 -1       369 4.70943E+00 1.95310E-01 1.98467E+02
 -1       370 3.66927E+00 2.69102E+00 1.99109E+02
 -1       371 2.70998E+00 1.85768E+00 1.99527E+02
 -1       372 7.40887E+00 2.50020E+00 1.95018E+02
 -1       373 7.93755E+00 2.50020E+00 1.92998E+02
 -1       374 7.03712E+00 4.49673E-03 1.95805E+02
 -1       375 7.93156E+00 2.50000E+00 1.90956E+02
 -1       376 7.39104E+00 2.50000E+00 1.88939E+02
 -1       377 7.99986E+00 2.04534E-04 1.91953E+02
 -1       378 6.34683E+00 2.50000E+00 1.87130E+02
 -1       379 4.87009E+00 2.50000E+00 1.85653E+02
 -1       380 6.92820E+00 0.00000E+00 1.88000E+02
 -1       381 3.06147E+00 2.50000E+00 1.84609E+02
 -1       382 1.04421E+00 2.50000E+00 1.84068E+02
 -1       383 4.00000E+00 0.00000E+00 1.85072E+02
 -1       384-3.06147E+00 2.50000E+00 1.84609E+02
 -1       385-1.04421E+00 2.50000E+00 1.84068E+02
 -1       386-4.16528E-14 0.00000E+00 1.84000E+02
 -1       387-4.87009E+00 2.50000E+00 1.85653E+02
 -1       388-6.34683E+00 2.50000E+00 1.87130E+02
 -1       389-4.00000E+00 0.00000E+00 1.85072E+02
 -1       390-7.39104E+00 2.50000E+00 1.88939E+02
 -1       391-7.93156E+00 2.50000E+00 1.90956E+02
 -1       392-6.92820E+00 0.00000E+00 1.88000E+02
 -1       393-7.93755E+00 2.50020E+00 1.92998E+02
 -1       394-7.40887E+00 2.50020E+00 1.95018E+02
 -1       395-7.99986E+00 2.04534E-04 1.91953E+02
 -1       396-6.45261E+00 2.50429E+00 1.96729E+02
 -1       397-5.00878E+00 2.50429E+00 1.98238E+02
 -1       398-7.03712E+00 4.49673E-03 1.95805E+02
 -1       399-4.70943E+00 1.95310E-01 1.98467E+02
 -1       400-3.66927E+00 2.69102E+00 1.99109E+02
 -1       401-2.70998E+00 1.85768E+00 1.99527E+02
 -1       402 6.45261E+00-2.49571E+00 1.96729E+02
 -1       403 5.00878E+00-2.49571E+00 1.98238E+02
 -1       404 3.66927E+00-2.30898E+00 1.99109E+02
 -1       405 2.58646E+00-8.50865E-01 1.99570E+02
 -1       406 7.93755E+00-2.49980E+00 1.92998E+02
 -1       407 7.40887E+00-2.49980E+00 1.95018E+02
 -1       408 7.39104E+00-2.50000E+00 1.88939E+02
 -1       409 7.93156E+00-2.50000E+00 1.90956E+02
 -1       410 4.87009E+00-2.50000E+00 1.85653E+02
 -1       411 6.34683E+00-2.50000E+00 1.87130E+02
 -1       412 1.04421E+00-2.50000E+00 1.84068E+02
 -1       413 3.06147E+00-2.50000E+00 1.84609E+02
 -1       414-1.04421E+00-2.50000E+00 1.84068E+02
 -1       415-3.06147E+00-2.50000E+00 1.84609E+02
 -1       416-6.34683E+00-2.50000E+00 1.87130E+02
 -1       417-4.87009E+00-2.50000E+00 1.85653E+02
 -1       418-7.93156E+00-2.50000E+00 1.90956E+02
 -1       419-7.39104E+00-2.50000E+00 1.88939E+02
 -1       420-7.40887E+00-2.49980E+00 1.95018E+02
 -1       421-7.93755E+00-2.49980E+00 1.92998E+02
 -1       422-5.00878E+00-2.49571E+00 1.98238E+02
 -1       423-6.45261E+00-2.49571E+00 1.96729E+02
 -1       424-3.66927E+00-2.30898E+00 1.99109E+02
 -1       425-2.58646E+00-8.50865E-01 1.99570E+02
 -1       426 9.14302E-01-2.08549E-01 1.99948E+02
 -1       427-9.14302E-01-2.08549E-01 1.99948E+02
 -1       428-1.70432E+00 1.02435E+00 1.99816E+02
 -1       429 1.70432E+00 1.02435E+00 1.99816E+02
 -1       430-5.00000E+00 0.00000E+00 1.14000E+02
 -1       431 5.00000E+00 0.00000E+00 1.14000E+02
 -1       432 0.00000E+00-3.00000E+00 1.14000E+02
 -1       433 0.00000E+00 3.00000E+00 1.14000E+02
 -1       434 0.00000E+00 0.00000E+00 4.80000E+01
 -1       435-2.50000E+00 1.50000E+00 4.80000E+01
 -1       436-2.50000E+00-1.50000E+00 4.80000E+01
 -1       437 2.50000E+00-1.50000E+00 4.80000E+01
 -1       438 2.50000E+00 1.50000E+00 4.80000E+01
 -1       439 0.00000E+00 0.00000E+00 1.80000E+02
 -1       440-2.50000E+00-1.50000E+00 1.80000E+02
 -1       441-2.50000E+00 1.50000E+00 1.80000E+02
 -1       442 2.50000E+00-1.50000E+00 1.80000E+02
 -1       443 2.50000E+00 1.50000E+00 1.80000E+02
 -1       444 7.24693E+00 0.00000E+00 7.50459E+01
 -1       445-7.24693E+00 0.00000E+00 7.50459E+01
 -1       446 1.40000E+01 0.00000E+00 7.22487E+01
 -1       447-1.40000E+01 0.00000E+00 7.22487E+01
 -1       448 1.97990E+01 0.00000E+00 6.77990E+01
 -1       449 2.42487E+01 0.00000E+00 6.20000E+01
 -1       450 2.70459E+01 0.00000E+00 5.52469E+01
 -1       451 2.80000E+01 0.00000E+00 4.80000E+01
 -1       452 2.70459E+01 0.00000E+00 4.07531E+01
 -1       453 1.97990E+01 0.00000E+00 2.82010E+01
 -1       454 2.42487E+01 0.00000E+00 3.40000E+01
 -1       455 7.24693E+00 0.00000E+00 2.09541E+01
 -1       456-1.70654E-13 0.00000E+00 2.00000E+01
 -1       457 1.40000E+01 0.00000E+00 2.37513E+01
 -1       458-7.24693E+00 0.00000E+00 2.09541E+01
 -1       459-1.40000E+01 0.00000E+00 2.37513E+01
 -1       460-1.97990E+01 0.00000E+00 2.82010E+01
 -1       461-2.42487E+01 0.00000E+00 3.40000E+01
 -1       462-2.70459E+01 0.00000E+00 4.07531E+01
 -1       463-2.70459E+01 0.00000E+00 5.52469E+01
 -1       464-2.42487E+01 0.00000E+00 6.20000E+01
 -1       465-2.80000E+01 0.00000E+00 4.80000E+01
 -1       466-1.97990E+01 0.00000E+00 6.77990E+01
 -1       467-7.17433E-15 5.00000E+00 4.80000E+01
 -1       468-3.75129E+00 5.00000E+00 6.20000E+01
 -1       469-1.40000E+01 5.00000E+00 5.17513E+01
 -1       470 3.75129E+00 5.00000E+00 3.40000E+01
 -1       471 1.40000E+01 5.00000E+00 4.42487E+01
 -1       472 1.02487E+01 5.00000E+00 5.82487E+01
 -1       473-1.02487E+01 5.00000E+00 3.77513E+01
 -1       474 5.12436E+00 5.00000E+00 6.71244E+01
 -1       475-1.40000E+01 5.00000E+00 6.20000E+01
 -1       476 1.91244E+01 5.00000E+00 5.31244E+01
 -1       477 1.40000E+01 5.00000E+00 3.40000E+01
 -1       478 9.56218E+00 5.00000E+00 6.96865E+01
 -1       479 2.56218E+00 5.00000E+00 7.15622E+01
 -1       480-1.87564E+00 5.00000E+00 6.90000E+01
 -1       481-8.87564E+00 5.00000E+00 6.71244E+01
 -1       482 6.86533E-01 5.00000E+00 6.45622E+01
 -1       483 1.72487E+01 5.00000E+00 6.01244E+01
 -1       484 1.21244E+01 5.00000E+00 6.52487E+01
 -1       485 7.68653E+00 5.00000E+00 6.26865E+01
 -1       486 2.35622E+01 5.00000E+00 5.05622E+01
 -1       487 2.16865E+01 5.00000E+00 5.75622E+01
 -1       488 1.46865E+01 5.00000E+00 5.56865E+01
 -1       489 1.91244E+01 5.00000E+00 3.91244E+01
 -1       490 2.10000E+01 5.00000E+00 4.61244E+01
 -1       491 1.65622E+01 5.00000E+00 4.86865E+01
 -1       492 1.40000E+01 5.00000E+00 2.88756E+01
 -1       493 1.91244E+01 5.00000E+00 3.40000E+01
 -1       494 1.40000E+01 5.00000E+00 3.91244E+01
 -1       495 1.87564E+00 5.00000E+00 2.70000E+01
 -1       496 8.87564E+00 5.00000E+00 2.88756E+01
 -1       497 8.87564E+00 5.00000E+00 3.40000E+01
 -1       498-1.21244E+01 5.00000E+00 3.07513E+01
 -1       499-5.12436E+00 5.00000E+00 2.88756E+01
 -1       500-3.24871E+00 5.00000E+00 3.58756E+01
 -1       501-1.72487E+01 5.00000E+00 3.58756E+01
 -1       502-2.10000E+01 5.00000E+00 4.98756E+01
 -1       503-1.91244E+01 5.00000E+00 4.28756E+01
 -1       504-1.21244E+01 5.00000E+00 4.47513E+01
 -1       505-1.91244E+01 5.00000E+00 5.68756E+01
 -1       506-1.40000E+01 5.00000E+00 6.71244E+01
 -1       507-1.91244E+01 5.00000E+00 6.20000E+01
 -1       508-1.40000E+01 5.00000E+00 5.68756E+01
 -1       509-8.87564E+00 5.00000E+00 6.20000E+01
 -1       510-7.00000E+00 5.00000E+00 4.98756E+01
 -1       511-8.87564E+00 5.00000E+00 5.68756E+01
 -1       512-1.87564E+00 5.00000E+00 5.50000E+01
 -1       513 3.24871E+00 5.00000E+00 6.01244E+01
 -1       514 5.12436E+00 5.00000E+00 5.31244E+01
 -1       515-5.12436E+00 5.00000E+00 4.28756E+01
 -1       516 7.00000E+00 5.00000E+00 4.61244E+01
 -1       517 8.87564E+00 5.00000E+00 3.91244E+01
 -1       518 1.87564E+00 5.00000E+00 4.10000E+01
 -1       519 1.21244E+01 5.00000E+00 5.12487E+01
 -1       520-7.17433E-15-5.00000E+00 4.80000E+01
 -1       521-3.75129E+00-5.00000E+00 6.20000E+01
 -1       522-1.40000E+01-5.00000E+00 5.17513E+01
 -1       523 3.75129E+00-5.00000E+00 3.40000E+01
 -1       524 1.40000E+01-5.00000E+00 4.42487E+01
 -1       525 1.02487E+01-5.00000E+00 5.82487E+01
 -1       526-1.02487E+01-5.00000E+00 3.77513E+01
 -1       527 5.12436E+00-5.00000E+00 6.71244E+01
 -1       528-1.40000E+01-5.00000E+00 6.20000E+01
 -1       529 1.91244E+01-5.00000E+00 5.31244E+01
 -1       530 1.40000E+01-5.00000E+00 3.40000E+01
 -1       531 2.56218E+00-5.00000E+00 7.15622E+01
 -1       532 9.56218E+00-5.00000E+00 6.96865E+01
 -1       533-8.87564E+00-5.00000E+00 6.71244E+01
 -1       534-1.87564E+00-5.00000E+00 6.90000E+01
 -1       535 6.86533E-01-5.00000E+00 6.45622E+01
 -1       536 1.21244E+01-5.00000E+00 6.52487E+01
 -1       537 1.72487E+01-5.00000E+00 6.01244E+01
 -1       538 7.68653E+00-5.00000E+00 6.26865E+01
 -1       539 2.16865E+01-5.00000E+00 5.75622E+01
 -1       540 2.35622E+01-5.00000E+00 5.05622E+01
 -1       541 1.46865E+01-5.00000E+00 5.56865E+01
 -1       542 2.10000E+01-5.00000E+00 4.61244E+01
 -1       543 1.91244E+01-5.00000E+00 3.91244E+01
 -1       544 1.65622E+01-5.00000E+00 4.86865E+01
 -1       545 1.91244E+01-5.00000E+00 3.40000E+01
 -1       546 1.40000E+01-5.00000E+00 2.88756E+01
 -1       547 1.40000E+01-5.00000E+00 3.91244E+01
 -1       548 8.87564E+00-5.00000E+00 2.88756E+01
 -1       549 1.87564E+00-5.00000E+00 2.70000E+01
 -1       550 8.87564E+00-5.00000E+00 3.40000E+01
 -1       551-5.12436E+00-5.00000E+00 2.88756E+01
 -1       552-1.21244E+01-5.00000E+00 3.07513E+01
 -1       553-3.24871E+00-5.00000E+00 3.58756E+01
 -1       554-1.72487E+01-5.00000E+00 3.58756E+01
 -1       555-1.91244E+01-5.00000E+00 4.28756E+01
 -1       556-2.10000E+01-5.00000E+00 4.98756E+01
 -1       557-1.21244E+01-5.00000E+00 4.47513E+01
 -1       558-1.91244E+01-5.00000E+00 5.68756E+01
 -1       559-1.91244E+01-5.00000E+00 6.20000E+01
 -1       560-1.40000E+01-5.00000E+00 6.71244E+01
 -1       561-1.40000E+01-5.00000E+00 5.68756E+01
 -1       562-8.87564E+00-5.00000E+00 6.20000E+01
 -1       563-1.87564E+00-5.00000E+00 5.50000E+01
 -1       564-8.87564E+00-5.00000E+00 5.68756E+01
 -1       565-7.00000E+00-5.00000E+00 4.98756E+01
 -1       566 5.12436E+00-5.00000E+00 5.31244E+01
 -1       567 3.24871E+00-5.00000E+00 6.01244E+01
 -1       568-5.12436E+00-5.00000E+00 4.28756E+01
 -1       569 1.87564E+00-5.00000E+00 4.10000E+01
 -1       570 8.87564E+00-5.00000E+00 3.91244E+01
 -1       571 7.00000E+00-5.00000E+00 4.61244E+01
 -1       572 1.21244E+01-5.00000E+00 5.12487E+01
 -1       573 1.52876E+01-7.21677E-17 1.95835E+02
 -1       574 9.27495E+00 0.00000E+00 2.02785E+02
 -1       575 1.87907E+00 1.77636E-15 2.04591E+02
 -1       576 1.63041E+01-2.50000E+00 1.98918E+02
 -1       577 1.76438E+01-2.50000E+00 1.93918E+02
 -1       578 1.63041E+01 2.50000E+00 1.98918E+02
 -1       579 1.76438E+01 2.50000E+00 1.93918E+02
 -1       580 5.70194E+00 2.50000E+00 1.83470E+02
 -1       581 7.49509E+00 2.50000E+00 1.84505E+02
 -1       582 5.70194E+00-2.50000E+00 1.83470E+02
 -1       583 7.49509E+00-2.50000E+00 1.84505E+02
 -1       584 9.33333E+00 0.00000E+00 1.82667E+02
 -1       585 5.96561E-01 2.50000E+00 1.81838E+02
 -1       586 2.66711E+00 2.50000E+00 1.81838E+02
 -1       587 5.96561E-01-2.50000E+00 1.81838E+02
 -1       588 2.66711E+00-2.50000E+00 1.81838E+02
 -1       589 3.26367E+00 0.00000E+00 1.79403E+02
 -1       590-7.39089E+00-2.50000E+00 1.84533E+02
 -1       591-9.12493E+00 0.00000E+00 1.82723E+02
 -1       592-7.39089E+00 2.50000E+00 1.84533E+02
 -1       593-5.59774E+00 2.50000E+00 1.83498E+02
 -1       594-5.59774E+00-2.50000E+00 1.83498E+02
 -1       595 1.01622E+01 2.50000E+00 1.89333E+02
 -1       596 1.01741E+01 2.50020E+00 1.91358E+02
 -1       597 1.01741E+01-2.49980E+00 1.91358E+02
 -1       598 1.25970E+01 0.00000E+00 1.88736E+02
 -1       599 1.01622E+01-2.50000E+00 1.89333E+02
 -1       600-9.14074E+00 2.50429E+00 1.96341E+02
 -1       601-1.00660E+01 2.50020E+00 1.94629E+02
 -1       602-1.00660E+01-2.49980E+00 1.94629E+02
 -1       603-1.23808E+01 0.00000E+00 1.95279E+02
 -1       604-9.14074E+00-2.49571E+00 1.96341E+02
 -1       605-6.30859E+00 2.69102E+00 2.00182E+02
 -1       606-3.40123E+00 2.69102E+00 2.01908E+02
 -1       607-3.47208E+00 0.00000E+00 2.04541E+02
 -1       608-3.40123E+00-2.30898E+00 2.01908E+02
 -1       609-6.37944E+00 0.00000E+00 2.02816E+02
 -1       610 6.29850E+00 0.00000E+00 1.81035E+02
 -1       611-6.30859E+00-2.30898E+00 2.00182E+02
 -1       612-9.28680E+00 0.00000E+00 2.01090E+02
 -1       613 1.24754E+01 0.00000E+00 1.92023E+02
 -1       614 1.00525E+01-2.49980E+00 1.94645E+02
 -1       615-6.21757E+00 0.00000E+00 1.81184E+02
 -1       616-2.69038E+00 2.50000E+00 1.81959E+02
 -1       617-2.69038E+00-2.50000E+00 1.81959E+02
 -1       618-2.32675E-02 0.00000E+00 1.79525E+02
 -1       619-7.59371E+00 2.50429E+00 1.99246E+02
 -1       620-1.08338E+01 0.00000E+00 1.98185E+02
 -1       621-7.59371E+00-2.49571E+00 1.99246E+02
 -1       622 1.00525E+01 2.50020E+00 1.94645E+02
 -1       623 1.23539E+01 0.00000E+00 1.95310E+02
 -1       624-3.31021E+00 0.00000E+00 1.79646E+02
 -1       625 9.39533E-01 8.33333E-01 2.02296E+02
 -1       626 9.39533E-01-8.33333E-01 2.02296E+02
 -1       627 3.12217E-02-1.04188E+00 2.02191E+02
 -1       628-2.77132E+00 4.16667E+00 2.02134E+02
 -1       629-1.73604E+00 3.33333E+00 2.02271E+02
 -1       630-7.25661E-01 1.91018E-01 2.01933E+02
 -1       631-1.27496E+01 0.00000E+00 1.88584E+02
 -1       632-1.63748E+01 0.00000E+00 1.90292E+02
 -1       633-1.25652E+01 0.00000E+00 1.91931E+02
 -1       634-1.73604E+00 0.00000E+00 2.08271E+02
 -1       635-7.96507E-01 2.50000E+00 2.04566E+02
 -1       636-7.96507E-01-2.50000E+00 2.04566E+02
 -1       637 9.39533E-01 2.50000E+00 2.08296E+02
 -1       638 9.12693E+00 2.50000E+00 1.87540E+02
 -1       639 9.12693E+00-2.50000E+00 1.87540E+02
 -1       640-8.42617E+00-2.50000E+00 1.86326E+02
 -1       641-8.42617E+00 2.50000E+00 1.86326E+02
 -1       642-9.64340E+00 0.00000E+00 2.05205E+02
 -1       643-1.48507E+01 0.00000E+00 1.98639E+02
 -1       644-2.64435E+00-3.54188E+00 2.02166E+02
 -1       645-1.00541E+01 2.50000E+00 1.92604E+02
 -1       646-1.00541E+01-2.50000E+00 1.92604E+02
 -1       647 2.74339E+00 4.16667E+00 2.02238E+02
 -1       648 3.37331E+00 2.69102E+00 2.02012E+02
 -1       649 9.12725E+00 2.50429E+00 1.96356E+02
 -1       650 7.58779E+00 4.29219E-03 2.00093E+02
 -1       651 1.08144E+01 2.50000E+00 1.99047E+02
 -1       652 8.51306E+00 2.04534E-04 1.98382E+02
 -1       653 9.12725E+00-2.49571E+00 1.96356E+02
 -1       654 1.08144E+01-2.50000E+00 1.99047E+02
 -1       655-1.50350E+01 0.00000E+00 1.85292E+02
 -1       656-6.73604E+00 0.00000E+00 2.06931E+02
 -1       657-1.33037E+01 0.00000E+00 2.01545E+02
 -1       658-1.61904E+01 0.00000E+00 1.93639E+02
 -1       659 5.54579E+00-1.04188E+00 2.01288E+02
 -1       660 6.30267E+00 1.91018E-01 2.01029E+02
 -1       661 6.63748E+00-2.50000E+00 2.00856E+02
 -1       662 1.09652E+01 0.00000E+00 1.85701E+02
 -1       663 1.33269E+01 0.00000E+00 1.82333E+02
 -1       664 9.66667E+00 0.00000E+00 1.78673E+02
 -1       665-1.09372E+01 0.00000E+00 1.85653E+02
 -1       666-1.02385E+01-2.50000E+00 1.89257E+02
 -1       667-1.02385E+01 2.50000E+00 1.89257E+02
 -1       668 6.63184E+00 0.00000E+00 1.77041E+02
 -1       669-1.32227E+01 0.00000E+00 1.82361E+02
 -1       670 1.49588E+01 0.00000E+00 1.85368E+02
 -1       671 1.63184E+00 0.00000E+00 1.75701E+02
 -1       672-9.56246E+00 0.00000E+00 1.78701E+02
 -1       673-6.65510E+00 0.00000E+00 1.77163E+02
 -1       674-1.65510E+00 0.00000E+00 1.75823E+02
 -1       675 1.38207E+01-2.50000E+00 1.95573E+02
 -1       676 1.38207E+01 2.50000E+00 1.95573E+02
 -1       677 1.22813E+01-3.60838E-17 1.99310E+02
 -1       678 7.58906E+00-2.49571E+00 1.99264E+02
 -1       679 9.39533E-01-2.50000E+00 2.08296E+02
 -1       680 7.58906E+00 2.50429E+00 1.99264E+02
 -1       681 1.62985E+01 0.00000E+00 1.90368E+02
 -1       682 2.61643E+00-3.54188E+00 2.02270E+02
 -1       683 6.34559E+00-2.50000E+00 2.03767E+02
 -1       684 9.27622E+00-2.50000E+00 2.01955E+02
 -1       685 9.27622E+00 2.50000E+00 2.01955E+02
 -1       686 6.30394E+00 2.69102E+00 2.00199E+02
 -1       687 1.32977E+01 2.50000E+00 2.02392E+02
 -1       688 9.63748E+00-2.50000E+00 2.06053E+02
 -1       689 1.32977E+01-2.50000E+00 2.02392E+02
 -1       690 1.97481E+00 1.66667E+00 2.02159E+02
 -1       691 2.64765E+00 2.50000E+00 2.04670E+02
 -1       692 2.60473E+00 1.91018E-01 2.01933E+02
 -1       693 5.93953E+00 2.50000E+00 2.06956E+02
 -1       694 9.39533E-01 2.50000E+00 2.02296E+02
 -1       695 1.84784E+00-1.04188E+00 2.02191E+02
 -1       696 9.63748E+00 2.50000E+00 2.06053E+02
 -1       697 5.93953E+00-2.50000E+00 2.06956E+02
 -1       698 6.34559E+00 2.50000E+00 2.03767E+02
 -1       699 5.57701E+00 8.88178E-16 2.03688E+02
 -1       700 2.64765E+00-2.50000E+00 2.04670E+02
 -1       701 9.39533E-01-2.50000E+00 2.02296E+02
 -1       702 1.39423E+01-2.50000E+00 1.92286E+02
 -1       703 1.39423E+01 2.50000E+00 1.92286E+02
 -1       704-2.50000E+00-1.50000E+00 1.14000E+02
 -1       705-2.50000E+00 1.50000E+00 1.14000E+02
 -1       706 0.00000E+00 0.00000E+00 1.14000E+02
 -1       707 2.50000E+00 1.50000E+00 1.14000E+02
 -1       708 2.50000E+00-1.50000E+00 1.14000E+02
 -1       709 8.97538E+00-8.97666E-01 6.54932E+01
 -1       710 5.93538E+00-1.29602E-02 2.59214E+01
 -1       711-6.01192E+00-5.00000E-01 2.83632E+01
 -1       712-3.00596E+00-2.75000E+00 2.41816E+01
 -1       713-1.13032E+00-2.75000E+00 3.11816E+01
 -1       714-8.13032E+00-2.75000E+00 3.30572E+01
 -1       715-1.00060E+01-2.75000E+00 2.60572E+01
 -1       716 8.87564E+00 0.00000E+00 2.88756E+01
 -1       717 3.75129E+00 0.00000E+00 3.40000E+01
 -1       718 4.84333E+00 2.49352E+00 2.99607E+01
 -1       719 4.84333E+00-2.50648E+00 2.99607E+01
 -1       720 9.96769E+00-2.50648E+00 2.48364E+01
 -1       721 9.96769E+00 2.49352E+00 2.48364E+01
 -1       722 5.12436E+00 0.00000E+00 6.71244E+01
 -1       723 9.56218E+00 0.00000E+00 6.96865E+01
 -1       724 1.14877E+01-2.94883E+00 6.88709E+01
 -1       725 7.04987E+00 2.05117E+00 6.63088E+01
 -1       726 7.04987E+00-2.94883E+00 6.63088E+01
 -1       727 1.87564E+00 0.00000E+00 2.70000E+01
 -1       728 2.96769E+00 2.49352E+00 2.29607E+01
 -1       729-1.21244E+01 0.00000E+00 3.07513E+01
 -1       730-8.13032E+00 2.25000E+00 3.30572E+01
 -1       731-1.00060E+01 2.25000E+00 2.60572E+01
 -1       732 2.96769E+00-2.50648E+00 2.29607E+01
 -1       733 1.40000E+01 0.00000E+00 2.88756E+01
 -1       734 8.87564E+00 0.00000E+00 3.40000E+01
 -1       735 1.40000E+01 0.00000E+00 3.40000E+01
 -1       736 1.91244E+01 0.00000E+00 5.31244E+01
 -1       737 1.46865E+01 0.00000E+00 5.56865E+01
 -1       738 1.65622E+01 0.00000E+00 4.86865E+01
 -1       739 1.40000E+01 0.00000E+00 3.91244E+01
 -1       740-8.87564E+00 0.00000E+00 6.20000E+01
 -1       741-1.40000E+01 0.00000E+00 6.71244E+01
 -1       742-1.40000E+01 0.00000E+00 6.20000E+01
 -1       743 2.35622E+01 0.00000E+00 5.05622E+01
 -1       744-1.02487E+01 0.00000E+00 3.77513E+01
 -1       745 7.00000E+00 0.00000E+00 4.61244E+01
 -1       746 1.87564E+00 0.00000E+00 4.10000E+01
 -1       747 5.12436E+00 0.00000E+00 5.31244E+01
 -1       748 8.87564E+00 0.00000E+00 3.91244E+01
 -1       749 1.21244E+01 0.00000E+00 5.12487E+01
 -1       750 1.02487E+01 0.00000E+00 5.82487E+01
 -1       751-1.87564E+00 0.00000E+00 5.50000E+01
 -1       752 1.40000E+01 0.00000E+00 4.42487E+01
 -1       753 3.24871E+00 0.00000E+00 6.01244E+01
 -1       754-3.75129E+00 0.00000E+00 6.20000E+01
 -1       755 2.56218E+00 0.00000E+00 7.15622E+01
 -1       756 2.16865E+01 0.00000E+00 5.75622E+01
 -1       757 1.91244E+01 0.00000E+00 3.40000E+01
 -1       758-1.91244E+01 0.00000E+00 6.20000E+01
 -1       759 6.86533E-01 0.00000E+00 6.45622E+01
 -1       760-1.87564E+00 0.00000E+00 6.90000E+01
 -1       761 1.14877E+01 2.05117E+00 6.88709E+01
 -1       762-8.87564E+00 0.00000E+00 6.71244E+01
 -1       763 2.10000E+01 0.00000E+00 4.61244E+01
 -1       764-3.24871E+00 0.00000E+00 3.58756E+01
 -1       765 1.91244E+01 0.00000E+00 3.91244E+01
 -1       766 9.61204E+00-2.94883E+00 6.18709E+01
 -1       767-1.40000E+01 0.00000E+00 5.68756E+01
 -1       768-2.10000E+01 0.00000E+00 4.98756E+01
 -1       769 1.72487E+01 0.00000E+00 6.01244E+01
 -1       770-8.87564E+00 0.00000E+00 5.68756E+01
 -1       771-7.00000E+00 0.00000E+00 4.98756E+01
 -1       772-5.12436E+00 0.00000E+00 4.28756E+01
 -1       773-1.91244E+01 0.00000E+00 4.28756E+01
 -1       774-1.40000E+01 0.00000E+00 5.17513E+01
 -1       775-1.91244E+01 0.00000E+00 5.68756E+01
 -1       776-1.21244E+01 0.00000E+00 4.47513E+01
 -1       777-1.72487E+01 0.00000E+00 3.58756E+01
 -1       778 9.61204E+00 2.05117E+00 6.18709E+01
 -1       779 1.66120E+01-2.94883E+00 6.37466E+01
 -1       780 2.61204E+00 2.05117E+00 6.37466E+01
 -1       781 2.61204E+00-2.94883E+00 6.37466E+01
 -1       782-3.00596E+00 2.25000E+00 2.41816E+01
 -3
    3C                           339                                     1
 -1       388    6    0    1
 -2        41        40        16       573        52       179       177       577       576       578
 -1       389    6    0    1
 -2        41        16        17       573       177        28       178       577       578       579
 -1       390    6    0    1
 -2       353       352       196       268       383       580       581       583       582       584
 -1       391    6    0    1
 -2       352       351       202       274       386       585       586       588       587       589
 -1       392    6    0    1
 -2       201       344       273       351       592       590       591       593       389       594
 -1       393    6    0    1
 -2       203       342       354       275       596       377       595       598       597       599
 -1       394    6    0    1
 -2       200       339       340       272       601       398       600       603       602       604
 -1       395    6    0    1
 -2       346       197       198       269       606       246       605       608       607       609
 -1       396    6    0    1
 -2       274       196       352       268       610       580       588       302       584       582
 -1       397    6    0    1
 -2       198       270       346       269       612       611       605       609       318       608
 -1       398    6    0    1
 -2       196       352       202       274       580       586       230       610       588       589
 -1       399    6    0    1
 -2       342       203       278       275       596       613       614       597       598       296
 -1       400    6    0    1
 -2       204       201       273       351       236       591       615       616       593       594
 -1       401    6    0    1
 -2       276       202       351       274       618       585       617       305       589       587
 -1       402    6    0    1
 -2       272       340       198       270       604       619       620       317       621       612
 -1       403    6    0    1
 -2       278       342       206       203       614       622       623       613       596       224
 -1       404    6    0    1
 -2       276       204       273       351       624       615       308       617       616       594
 -1       405    6    0    1
 -2       351       276       204       202       617       624       616       585       618       233
 -1       406    6    0    1
 -2       200       340       198       272       600       619       245       603       604       620
 -1       407    6    0    1
 -2       198       340       346       270       619       399       605       612       621       611
 -1       408    6    0    1
 -2       108       109       350       575       111       427       366       626       625       627
 -1       409    6    0    1
 -2       345       346       109       197       401       428       359       628       606       629
 -1       410    6    0    1
 -2       109       346       350       575       428       425       427       625       630       627
 -1       411    6    0    1
 -2       199        47       271       272       632       310       631       633       312       314
 -1       412    6    0    1
 -2       269       197         1       575       607       209       634       636       635       637
 -1       413    6    0    1
 -2       353        65       354       203       378       376       380       638       252       595
 -1       414    6    0    1
 -2       354        88       353       275       408       411       380       599       323       639
 -1       415    6    0    1
 -2       344       273        92       343       590       331       416       392       640       419
 -1       416    6    0    1
 -2       343        69       344       201       390       388       392       641       260       592
 -1       417    6    0    1
 -2       269       198       270        49       609       612       318       281       642       316
 -1       418    6    0    1
 -2       198        24       200       272       244       240       245       620       643       603
 -1       419    6    0    1
 -2       269       350       346       575       644       425       608       636       627       630
 -1       420    6    0    1
 -2       346        95       350       269       424       364       425       608       287       644
 -1       421    6    0    1
 -2       342        87       354       275       406       409       377       597       324       599
 -1       422    6    0    1
 -2        64       342       354       203       373       377       375       251       596       595
 -1       423    6    0    1
 -2       343       339        70       200       395       393       391       645       601       263
 -1       424    6    0    1
 -2       272       343       339        93       646       395       602       336       418       421
 -1       425    6    0    1
 -2       195       348        62       347       647       356       213       648       371       370
 -1       426    6    0    1
 -2       206       341       342       574       649       374       622       651       650       652
 -1       427    6    0    1
 -2       342       341       278       574       374       653       614       652       650       654
 -1       428    6    0    1
 -2        72       346       345       197       400       401       358       214       606       628
 -1       429    6    0    1
 -2       278       206       342       574       623       622       614       654       651       652
 -1       430    6    0    1
 -2       272       339       340        94       602       398       604       335       420       423
 -1       431    6    0    1
 -2       199        46       271        47       655       309       631       632        58       310
 -1       432    6    0    1
 -2       340        71       339       200       396       394       398       600       264       601
 -1       433    6    0    1
 -2       341       278        86       342       653       322       402       374       614       407
 -1       434    6    0    1
 -2       206       341        63       342       649       368       249       622       374       372
 -1       435    6    0    1
 -2        25         1       269       197        37       634       656       210       209       607
 -1       436    6    0    1
 -2        48       270       198        49       315       612       657        60       316       642
 -1       437    6    0    1
 -2        24        23       200       272        35       241       240       643       658       603
 -1       438    6    0    1
 -2       347       349        85       574       405       362       404       660       659       661
 -1       439    6    0    1
 -2       196       275       268        42       662       299       584       663       295       297
 -1       440    6    0    1
 -2        43       196       274       268       664       610       300       298       584       302
 -1       441    6    0    1
 -2        46       273       199       271       307       665       655       309       311       631
 -1       442    6    0    1
 -2       197       346       109       575       606       428       629       635       630       625
 -1       443    6    0    1
 -2        65       353       196       203       378       581       253       252       638       227
 -1       444    6    0    1
 -2       268       353        88       275       583       411       326       299       639       323
 -1       445    6    0    1
 -2       271        92       273       343       334       331       311       666       419       640
 -1       446    6    0    1
 -2        69       343       199       201       390       667       261       260       641       239
 -1       447    6    0    1
 -2       196       202        43       274       230       668       664       610       589       300
 -1       448    6    0    1
 -2        46       199       273       201       655       665       307       669       239       591
 -1       449    6    0    1
 -2       275       196       203        42       662       227       598       295       663       670
 -1       450    6    0    1
 -2       198       197        25       269       246       210       243       609       607       656
 -1       451    6    0    1
 -2       199        23       272       200       237       658       633       242       241       603
 -1       452    6    0    1
 -2       202       276        44       274       618       303       671       589       305       301
 -1       453    6    0    1
 -2       273       204        21       201       615       231       672       591       236       235
 -1       454    6    0    1
 -2        48       272       198       270       313       620       657       315       317       612
 -1       455    6    0    1
 -2       273       276        21       204       308       673       672       615       624       231
 -1       456    6    0    1
 -2       204       276        44       202       624       303       674       233       618       671
 -1       457    6    0    1
 -2       343        70       199       200       391       262       667       645       263       242
 -1       458    6    0    1
 -2       343       272       271        93       646       314       666       418       336       333
 -1       459    6    0    1
 -2        95       346       340       270       424       399       422       337       611       621
 -1       460    6    0    1
 -2       346       197       269       575       606       607       608       630       635       636
 -1       461    6    0    1
 -2       206       278       573       574       623       675       676       651       654       677
 -1       462    6    0    1
 -2        87       342       278       275       406       614       321       324       597       296
 -1       463    6    0    1
 -2       342        64       206       203       373       250       622       596       251       224
 -1       464    6    0    1
 -2        18       203       196        42       222       227       226       181       670       663
 -1       465    6    0    1
 -2       199        46        22       201       655       188       238       239       669       234
 -1       466    6    0    1
 -2         3       345       109       197       357       359       112       215       628       629
 -1       467    6    0    1
 -2       199       272        23        47       633       658       237       632       312       193
 -1       468    6    0    1
 -2       272        94       340       270       335       423       604       317       338       621
 -1       469    6    0    1
 -2        71       340       198       200       396       619       265       264       600       245
 -1       470    6    0    1
 -2       198       269        25        49       609       656       243       642       281       175
 -1       471    6    0    1
 -2       277       278        86       341       293       322       319       678       653       402
 -1       472    6    0    1
 -2         2       269         1       575       282       634        38       679       636       637
 -1       473    6    0    1
 -2       206       205        63       341       221       248       249       649       680       368
 -1       474    6    0    1
 -2       346       270        95       269       611       337       424       608       318       287
 -1       475    6    0    1
 -2        21       276       273        45       673       308       672       189       304       306
 -1       476    6    0    1
 -2       198        48        24       272       657       192       244       620       313       643
 -1       477    6    0    1
 -2        42       196        43       268       663       664        54       297       584       298
 -1       478    6    0    1
 -2        43       202        44       274       668       671        55       300       589       301
 -1       479    6    0    1
 -2        17       275       203        42       681       598       223       180       295       670
 -1       480    6    0    1
 -2        46       273        21       201       307       672       187       669       591       235
 -1       481    6    0    1
 -2        44        21       276       204       185       673       303       674       231       624
 -1       482    6    0    1
 -2        85       349       267       574       362       682       284       661       659       683
 -1       483    6    0    1
 -2       277       278       341       574       293       653       678       684       654       650
 -1       484    6    0    1
 -2       206       205       341       574       221       680       649       651       685       650
 -1       485    6    0    1
 -2       341       347        85       574       369       404       403       650       660       661
 -1       486    6    0    1
 -2       195        62       205       347       213       247       218       648       370       686
 -1       487    6    0    1
 -2        72       340       346       198       397       399       400       266       619       605
 -1       488    6    0    1
 -2        39        16        40       574       176       179        51       688       687       689
 -1       489    6    0    1
 -2       205       347        62       341       686       370       247       680       369       367
 -1       490    6    0    1
 -2        72       198       346       197       266       605       400       214       246       606
 -1       491    6    0    1
 -2        21        44       276        45       185       303       673       189        56       304
 -1       492    6    0    1
 -2        22        23        46       199        34       190       188       238       237       655
 -1       493    6    0    1
 -2        46       199        23        47       655       237       190        58       632       193
 -1       494    6    0    1
 -2       196        19        18        42       225        30       226       663       182       181
 -1       495    6    0    1
 -2       272        23        48        24       658       191       313       643        35       192
 -1       496    6    0    1
 -2       272        48        23        47       313       191       658       312        59       193
 -1       497    6    0    1
 -2       195       348       347       575       647       371       648       691       690       692
 -1       498    6    0    1
 -2        21       273        46        45       672       307       187       189       306        57
 -1       499    6    0    1
 -2         2        25       269        49       173       656       282        61       175       281
 -1       500    6    0    1
 -2        21        22        46       201        33       188       187       235       234       669
 -1       501    6    0    1
 -2       203        18        17        42       222        29       223       670       181       180
 -1       502    6    0    1
 -2        25       269         1         2       656       634        37       173       282        38
 -1       503    6    0    1
 -2        48       198        25        49       657       243       194        60       642       175
 -1       504    6    0    1
 -2       198        25        24        48       243        36       244       657       194       192
 -1       505    6    0    1
 -2        15         2         1       575       172        38        26       693       679       637
 -1       506    6    0    1
 -2       277        40       278       574       289       291       293       684       689       654
 -1       507    6    0    1
 -2        15         1       195       575        26       208       207       693       637       691
 -1       508    6    0    1
 -2         3       197       109       575       215       629       112       694       635       625
 -1       509    6    0    1
 -2       278        40       573       574       291       576       675       654       689       677
 -1       510    6    0    1
 -2       196        43       202        19       664       668       230       225       183       229
 -1       511    6    0    1
 -2        20       204        44       202       232       674       186       228       233       671
 -1       512    6    0    1
 -2       353       196        66        65       581       254       379       378       253        77
 -1       513    6    0    1
 -2       343        69       199        70       390       261       667       391        81       262
 -1       514    6    0    1
 -2       343       271        92        93       666       334       419       418       333       104
 -1       515    6    0    1
 -2       353        88        89       268       411       100       410       583       326       325
 -1       516    6    0    1
 -2       108       349       109       575       365       426       111       626       695       625
 -1       517    6    0    1
 -2        94        95       340       270       106       422       423       338       337       621
 -1       518    6    0    1
 -2        89       352       274        90       413       588       328       101       412       327
 -1       519    6    0    1
 -2        67       202        66       352       256       255        78       382       586       381
 -1       520    6    0    1
 -2        64       354        65       203       375       376        76       251       595       252
 -1       521    6    0    1
 -2        91       273        92       344       332       331       103       417       590       416
 -1       522    6    0    1
 -2       344       201        69        68       592       260       388       387       259        80
 -1       523    6    0    1
 -2       354        87        88       275       409        99       408       599       324       323
 -1       524    6    0    1
 -2       347       348       109       575       371       360       429       692       690       625
 -1       525    6    0    1
 -2        16        39        15       574       176       174        27       687       688       696
 -1       526    6    0    1
 -2       340       198        72        71       619       266       397       396       265        83
 -1       527    6    0    1
 -2       277        86        85       341       319        97       320       678       402       403
 -1       528    6    0    1
 -2        62        63       205       341        74       248       247       367       368       680
 -1       529    6    0    1
 -2        85       277       341       574       320       678       403       661       684       650
 -1       530    6    0    1
 -2       351        91       276        90       415       329       617       414       102       330
 -1       531    6    0    1
 -2        68       204        67       351       258       257        79       384       616       385
 -1       532    6    0    1
 -2        21        44        20       204       185       186        32       231       674       232
 -1       533    6    0    1
 -2        42        43       196        19        54       664       663       182       183       225
 -1       534    6    0    1
 -2        86       342       278        87       407       614       322        98       406       321
 -1       535    6    0    1
 -2       206       342        63        64       622       372       249       250       373        75
 -1       536    6    0    1
 -2        17        41       275        42       178       294       681       180        53       295
 -1       537    6    0    1
 -2       202        20        19        43       228        31       229       668       184       183
 -1       538    6    0    1
 -2        43        44       202        20        55       671       668       184       186       228
 -1       539    6    0    1
 -2        39         2        15       575        50       172       174       697       679       693
 -1       540    6    0    1
 -2         3        62       195       348        73       213       212       355       356       647
 -1       541    6    0    1
 -2       339        94       272        93       420       335       602       421       105       336
 -1       542    6    0    1
 -2        71        70       339       200        82       393       394       264       263       601
 -1       543    6    0    1
 -2       205       195       347       574       218       648       686       685       698       660
 -1       544    6    0    1
 -2         1       197       195       575       209       211       208       637       635       691
 -1       545    6    0    1
 -2       195       347       574       575       648       660       698       691       692       699
 -1       546    6    0    1
 -2       267         2        39       575       279        50       280       700       679       697
 -1       547    6    0    1
 -2        15       195       574       575       207       698       696       693       691       699
 -1       548    6    0    1
 -2       267        39       574       575       280       688       683       700       697       699
 -1       549    6    0    1
 -2       205       347       341       574       686       369       680       685       660       650
 -1       550    6    0    1
 -2        85       267       277       574       284       290       320       661       683       684
 -1       551    6    0    1
 -2       205       206        16       574       221       220       216       685       651       687
 -1       552    6    0    1
 -2         3        72       345       197        84       358       357       215       214       628
 -1       553    6    0    1
 -2        16       206       573       574       220       676       578       687       651       677
 -1       554    6    0    1
 -2       573        40        16       574       576       179       578       677       689       687
 -1       555    6    0    1
 -2       109       349       347       575       426       405       429       625       695       692
 -1       556    6    0    1
 -2       267        85         4       349       284        96       285       682       362       361
 -1       557    6    0    1
 -2       195       197         3       575       211       215       212       691       635       694
 -1       558    6    0    1
 -2         4       269       267       575       286       283       285       701       636       700
 -1       559    6    0    1
 -2       574        39        15       575       688       174       696       699       697       693
 -1       560    6    0    1
 -2       278        40        41       573       291        52       292       675       576       577
 -1       561    6    0    1
 -2        39        40       277       574        51       289       288       688       689       684
 -1       562    6    0    1
 -2       350        95         4       269       364       107       363       644       287       286
 -1       563    6    0    1
 -2       267       269         2       575       283       282       279       700       636       679
 -1       564    6    0    1
 -2        17        16       206       573        28       220       219       579       578       676
 -1       565    6    0    1
 -2       205        16        15       574       216        27       217       685       687       696
 -1       566    6    0    1
 -2        15       195       205       574       207       218       217       696       698       685
 -1       567    6    0    1
 -2       267        39       277       574       280       288       290       683       688       684
 -1       568    6    0    1
 -2       275       573        41        17       702       577       294       681       579       178
 -1       569    6    0    1
 -2        41       573       275       278       577       702       294       292       675       296
 -1       570    6    0    1
 -2       275       203       573        17       598       703       702       681       223       579
 -1       571    6    0    1
 -2       573       203       275       278       703       598       702       675       613       296
 -1       572    6    0    1
 -2       203       206       573        17       224       676       703       223       219       579
 -1       573    6    0    1
 -2       573       206       203       278       676       224       703       675       623       613
 -1       574    6    0    1
 -2       343       272       199       271       646       633       667       666       314       631
 -1       575    6    0    1
 -2       272       343       200       339       646       645       603       602       395       601
 -1       576    6    0    1
 -2       343       272       200       199       646       603       645       667       633       242
 -1       577    6    0    1
 -2       273       343       199       271       640       667       665       311       666       631
 -1       578    6    0    1
 -2       273       343       201       199       640       641       591       665       667       239
 -1       579    6    0    1
 -2       343       273       201       344       640       591       641       392       590       592
 -1       580    6    0    1
 -2       196       275       353       268       662       639       581       584       299       583
 -1       581    6    0    1
 -2       275       353       203       196       639       638       598       662       581       227
 -1       582    6    0    1
 -2       353       275       203       354       639       598       638       380       599       595
 -1       583    6    0    1
 -2        89       352       268       274       413       582       325       328       588       302
 -1       584    6    0    1
 -2       352        89       268       353       413       325       582       383       410       583
 -1       585    6    0    1
 -2        66       196       352       202       254       580       381       255       230       586
 -1       586    6    0    1
 -2       196        66       352       353       254       381       580       581       379       383
 -1       587    6    0    1
 -2        90       274       351       352       327       587       414       412       588       386
 -1       588    6    0    1
 -2       351       274        90       276       587       327       414       617       305       330
 -1       589    6    0    1
 -2        67       202       351       204       256       585       385       257       233       616
 -1       590    6    0    1
 -2       202        67       351       352       256       385       585       586       382       386
 -1       591    6    0    1
 -2        68       351       201       204       384       593       259       258       616       236
 -1       592    6    0    1
 -2       201       351        68       344       593       384       259       592       389       387
 -1       593    6    0    1
 -2        91       351       273       344       415       594       332       417       389       590
 -1       594    6    0    1
 -2       273       351        91       276       594       415       332       308       617       329
 -1       595    6    0    1
 -2         4       575       350       269       701       627       363       286       636       644
 -1       596    6    0    1
 -2       350       575         4       108       627       701       363       366       626       110
 -1       597    6    0    1
 -2       575       574       349       347       699       659       695       692       660       405
 -1       598    6    0    1
 -2       349       574       575       267       659       699       695       682       683       700
 -1       599    6    0    1
 -2       349       575         4       267       695       701       361       682       700       285
 -1       600    6    0    1
 -2         4       575       349       108       701       695       361       110       626       365
 -1       601    6    0    1
 -2       348       575         3       109       690       694       355       360       625       112
 -1       602    6    0    1
 -2         3       575       348       195       694       690       355       212       691       647
 -1       603    6    0    1
 -2       434         7         5       439       705       114       704       706       441       440
 -1       604    6    0    1
 -2         6       434         5        10       436       704       113       121       437       432
 -1       605    6    0    1
 -2        12         7         8       434       433       115       123       438       705       435
 -1       606    6    0    1
 -2         6         8         5       434       116       430       113       436       435       704
 -1       607    6    0    1
 -2       434         8         5         7       435       430       704       705       115       114
 -1       608    6    0    1
 -2       439         9        12        11       442       431       707       443       118       119
 -1       609    6    0    1
 -2       439         7        12       434       441       433       707       706       705       438
 -1       610    6    0    1
 -2        12         7       439        11       433       441       707       119       124       443
 -1       611    6    0    1
 -2        10        12       439         9       120       707       708       117       431       442
 -1       612    6    0    1
 -2       439        12        10       434       707       120       708       706       438       437
 -1       613    6    0    1
 -2       439         5        10         9       440       432       708       442       122       117
 -1       614    6    0    1
 -2        10         5       439       434       432       440       708       437       704       706
 -1       615    6    0    1
 -2       523       154       526       711       549       551       553       713       712       714
 -1       616    6    0    1
 -2       154       155       526       711       166       552       551       712       715       714
 -1       617    6    0    1
 -2       523       470       153       710       717       716       548       719       718       720
 -1       618    6    0    1
 -2       153       470       129       710       716       496       457       720       718       721
 -1       619    6    0    1
 -2       474       149       527       709       723       532       722       725       724       726
 -1       620    6    0    1
 -2       523       130       470       710       727       495       717       719       728       718
 -1       621    6    0    1
 -2       473       155       131       711       729       459       498       730       715       731
 -1       622    6    0    1
 -2       153       129       154       710       457       455       165       720       721       732
 -1       623    6    0    1
 -2       477       523       153       530       734       548       733       735       550       546
 -1       624    6    0    1
 -2       529       472       476       471       737       488       736       738       519       491
 -1       625    6    0    1
 -2       524       523       477       530       570       734       739       547       550       735
 -1       626    6    0    1
 -2       159       475       521       528       741       740       533       560       742       562
 -1       627    6    0    1
 -2       127       471       529       476       490       738       743       486       491       736
 -1       628    6    0    1
 -2       473       526       155       711       744       552       729       730       714       715
 -1       629    6    0    1
 -2       130       523       154       710       727       549       456       728       719       732
 -1       630    6    0    1
 -2       471       467       470       520       516       518       517       745       434       746
 -1       631    6    0    1
 -2       471       472       467       520       519       514       516       745       747       434
 -1       632    6    0    1
 -2       470       520       523       524       746       569       717       748       571       570
 -1       633    6    0    1
 -2       472       471       525       520       519       749       750       747       745       566
 -1       634    6    0    1
 -2       468       467       472       520       512       514       513       751       434       747
 -1       635    6    0    1
 -2       525       520       471       524       566       745       749       572       571       752
 -1       636    6    0    1
 -2       468       472       521       520       513       753       754       751       747       563
 -1       637    6    0    1
 -2       471       520       470       524       745       746       517       752       571       748
 -1       638    6    0    1
 -2       521       472       525       520       753       750       567       563       747       566
 -1       639    6    0    1
 -2        14       149       527       474       160       532       531       755       723       722
 -1       640    6    0    1
 -2       126       529       476       127       756       736       487       138       743       486
 -1       641    6    0    1
 -2       524       477       152       530       739       757       543       547       735       545
 -1       642    6    0    1
 -2       477       530       153       152       735       546       733       757       545       164
 -1       643    6    0    1
 -2       475       159       158       528       741       170       758       742       560       559
 -1       644    6    0    1
 -2        14       527       468       474       531       759       760       755       722       482
 -1       645    6    0    1
 -2       529       126       476       472       756       487       736       737       483       488
 -1       646    6    0    1
 -2       129       130       154       710       141       456       455       721       728       732
 -1       647    6    0    1
 -2       474       125       149       709       478       446       723       725       761       724
 -1       648    6    0    1
 -2       525       472       529       471       750       737       541       749       519       738
 -1       649    6    0    1
 -2       153       477       470       523       733       497       716       548       734       717
 -1       650    6    0    1
 -2       159       521       475       468       533       740       741       762       754       509
 -1       651    6    0    1
 -2       525       471       529       524       749       738       541       572       752       544
 -1       652    6    0    1
 -2       524       477       523       470       739       734       570       748       497       717
 -1       653    6    0    1
 -2       477       470       524       471       497       748       739       494       517       752
 -1       654    6    0    1
 -2       127       529       471       524       743       738       490       763       544       752
 -1       655    6    0    1
 -2       473       130       470       523       499       495       500       764       727       717
 -1       656    6    0    1
 -2       153       154       523       710       165       549       548       720       732       719
 -1       657    6    0    1
 -2        14       468       521       159       760       754       534       171       762       533
 -1       658    6    0    1
 -2       127       471       128       524       490       489       139       763       752       765
 -1       659    6    0    1
 -2       527       149       525       709       532       536       538       726       724       766
 -1       660    6    0    1
 -2       521       475       522       528       740       767       564       562       742       561
 -1       661    6    0    1
 -2       522       133       156       157       768       462       555       556       465       168
 -1       662    6    0    1
 -2       159       468       475       135       762       509       741       447       481       506
 -1       663    6    0    1
 -2       470       129       477       153       496       492       497       716       457       733
 -1       664    6    0    1
 -2       477       128       471       524       493       489       494       739       765       752
 -1       665    6    0    1
 -2        14       468        13       474       760       480       148       755       482       479
 -1       666    6    0    1
 -2       468        14       521       527       760       534       754       759       531       535
 -1       667    6    0    1
 -2       529       525       150       472       541       537       539       737       750       769
 -1       668    6    0    1
 -2       529       524       127       151       544       763       743       540       542       451
 -1       669    6    0    1
 -2       468       521       469       520       754       770       511       751       563       771
 -1       670    6    0    1
 -2       473       523       470       520       764       717       500       772       569       746
 -1       671    6    0    1
 -2       469       467       468       520       510       512       511       771       434       751
 -1       672    6    0    1
 -2       473       470       467       520       500       518       515       772       746       434
 -1       673    6    0    1
 -2       130       129       470       710       141       496       495       728       721       718
 -1       674    6    0    1
 -2       524       151       128       127       542       452       765       763       451       139
 -1       675    6    0    1
 -2       468        14       135       159       760       445       481       762       171       447
 -1       676    6    0    1
 -2       468        13       135        14       480       147       481       760       148       445
 -1       677    6    0    1
 -2       522       475       158       528       767       758       558       561       742       559
 -1       678    6    0    1
 -2       469       468       475       521       511       509       508       770       754       740
 -1       679    6    0    1
 -2       474        14       125        13       755       444       478       479       148       136
 -1       680    6    0    1
 -2       149        14       125       474       160       444       446       723       755       478
 -1       681    6    0    1
 -2       529       127       126       151       743       138       756       540       451       450
 -1       682    6    0    1
 -2       475       135       158       159       506       466       758       741       447       170
 -1       683    6    0    1
 -2       477       153       129       152       733       457       492       757       164       453
 -1       684    6    0    1
 -2       524       152       477       128       543       757       739       765       454       493
 -1       685    6    0    1
 -2       475       158       135       134       758       466       506       507       464       146
 -1       686    6    0    1
 -2       150       126       529       472       449       756       539       769       483       737
 -1       687    6    0    1
 -2       152       151       128       524       163       452       454       543       542       765
 -1       688    6    0    1
 -2       125       126       150       472       137       449       448       484       483       769
 -1       689    6    0    1
 -2       133       132       469       522       144       503       502       768       773       774
 -1       690    6    0    1
 -2       522       156       133       132       555       462       768       773       461       144
 -1       691    6    0    1
 -2       134       475       158       522       507       758       464       775       767       558
 -1       692    6    0    1
 -2       126       150       529       151       449       539       756       450       162       540
 -1       693    6    0    1
 -2       477       129       128       152       492       140       493       757       453       454
 -1       694    6    0    1
 -2       469       521       522       520       770       564       774       771       563       565
 -1       695    6    0    1
 -2       523       473       526       520       764       744       553       569       772       568
 -1       696    6    0    1
 -2       467       469       473       520       510       504       515       434       771       772
 -1       697    6    0    1
 -2       522       132       469       473       773       503       774       776       501       504
 -1       698    6    0    1
 -2       132       156       526       522       461       554       777       773       555       557
 -1       699    6    0    1
 -2       526       473       132       522       744       501       777       557       776       773
 -1       700    6    0    1
 -2       522       158       133       157       558       463       768       556       169       465
 -1       701    6    0    1
 -2       522       133       158       134       768       463       558       775       145       464
 -1       702    6    0    1
 -2       472       125       474       709       484       478       485       778       761       725
 -1       703    6    0    1
 -2       475       134       469       522       507       505       508       767       775       774
 -1       704    6    0    1
 -2       521       522       475       469       564       767       740       770       774       508
 -1       705    6    0    1
 -2       134       133       469       522       145       502       505       775       768       774
 -1       706    6    0    1
 -2       523       526       473       711       553       744       764       713       714       730
 -1       707    6    0    1
 -2       522       473       469       520       776       504       774       565       772       771
 -1       708    6    0    1
 -2       473       522       526       520       776       557       744       772       565       568
 -1       709    6    0    1
 -2       132       155       131       473       460       459       143       501       729       498
 -1       710    6    0    1
 -2       154       131       155       711       458       459       166       712       731       715
 -1       711    6    0    1
 -2       155       156       526       132       167       554       552       460       461       777
 -1       712    6    0    1
 -2       155       132       526       473       460       777       552       729       501       744
 -1       713    6    0    1
 -2       150       149       709       525       161       724       779       537       536       766
 -1       714    6    0    1
 -2       709       149       150       125       724       161       779       761       446       448
 -1       715    6    0    1
 -2       709       472       150       525       778       769       779       766       750       537
 -1       716    6    0    1
 -2       150       472       709       125       769       778       779       448       484       761
 -1       717    6    0    1
 -2       468       709       474       527       780       725       482       759       726       722
 -1       718    6    0    1
 -2       474       709       468       472       725       780       482       485       778       513
 -1       719    6    0    1
 -2       468       521       709       527       754       781       780       759       535       726
 -1       720    6    0    1
 -2       709       521       468       472       781       754       780       778       753       513
 -1       721    6    0    1
 -2       521       525       709       527       567       766       781       535       538       726
 -1       722    6    0    1
 -2       709       525       521       472       766       567       781       778       750       753
 -1       723    6    0    1
 -2       130       711       473       131       782       730       499       142       731       498
 -1       724    6    0    1
 -2       711       130       473       523       782       499       730       713       727       764
 -1       725    6    0    1
 -2       711       130       154       131       782       456       712       731       142       458
 -1       726    6    0    1
 -2       130       711       154       523       782       712       456       727       713       549
 -3
    1PSTEP                         1           1           1          
  100CL  101 1.000000000         782                     0    1           1
 -4  DISP        4    1
 -5  D1          1    2    1    0
 -5  D2          1    2    2    0
 -5  D3          1    2    3    0
 -5  ALL         1    2    0    0    1ALL
 -1         1 3.99890E+11 2.72109E+11-2.46478E+11
 -1         2 3.48426E+11 2.72109E+11-8.72717E+10
 -1         3 1.62048E+11 8.10615E+10-2.46478E+11
 -1         4 1.10585E+11 8.10615E+10-8.72717E+10
 -1         5 7.21631E+09-2.26235E+09 2.21928E+08
 -1         6 7.33735E+08-1.22289E+09 2.21928E+08
 -1         7 5.74884E+09-2.26235E+09 2.69176E+08
 -1         8-7.33735E+08-1.22289E+09 2.69176E+08
 -1         9 7.21631E+09 1.83436E+08-2.69176E+08
 -1        10 7.33735E+08 1.22289E+09-2.69176E+08
 -1        11 5.74884E+09 1.83436E+08-2.21928E+08
 -1        12-7.33735E+08 1.22289E+09-2.21928E+08
 -1        13-2.93471E-04 7.67533E-03-2.13142E-03
 -1        14-9.89842E-04 7.66213E-03-5.12282E-04
 -1        15 3.46782E+11 1.77987E+11-4.44679E+11
 -1        16 2.01688E+11 2.37658E+10-5.89773E+11
 -1        17 3.48731E+09-1.49230E+11-6.42881E+11
 -1        18-1.94714E+11-2.94647E+11-5.89773E+11
 -1        19-3.39807E+11-3.73521E+11-4.44679E+11
 -1        20-3.92915E+11-3.64717E+11-2.46478E+11
 -1        21-3.39807E+11-2.70594E+11-4.82771E+10
 -1        22-1.94714E+11-1.16373E+11 9.68162E+10
 -1        23 3.48731E+09 5.66228E+10 1.49924E+11
 -1        24 2.01688E+11 2.02040E+11 9.68162E+10
 -1        25 3.46782E+11 2.80913E+11-4.82771E+10
 -1        26 3.86383E+11 2.34620E+11-3.49075E+11
 -1        27 2.83786E+11 1.06068E+11-5.26777E+11
 -1        28 1.06084E+11-6.33117E+10-6.29374E+11
 -1        29-9.91092E+10-2.28135E+11-6.29374E+11
 -1        30-2.76811E+11-3.44236E+11-5.26777E+11
 -1        31-3.79408E+11-3.80507E+11-3.49075E+11
 -1        32-3.79408E+11-3.27228E+11-1.43882E+11
 -1        33-2.76811E+11-1.98676E+11 3.38205E+10
 -1        34-9.91092E+10-2.92957E+10 1.36417E+11
 -1        35 1.06084E+11 1.35527E+11 1.36417E+11
 -1        36 2.83786E+11 2.51628E+11 3.38205E+10
 -1        37 3.86383E+11 2.87899E+11-1.43882E+11
 -1        38 3.74158E+11 2.72109E+11-1.66875E+11
 -1        39 2.95319E+11 1.77987E+11-2.85473E+11
 -1        40 1.50225E+11 2.37658E+10-4.30566E+11
 -1        41-4.79760E+10-1.49230E+11-4.83674E+11
 -1        42-2.46177E+11-2.94647E+11-4.30566E+11
 -1        43-3.91270E+11-3.73521E+11-2.85473E+11
 -1        44-4.44378E+11-3.64717E+11-8.72717E+10
 -1        45-3.91270E+11-2.70594E+11 1.10929E+11
 -1        46-2.46177E+11-1.16373E+11 2.56023E+11
 -1        47-4.79760E+10 5.66228E+10 3.09131E+11
 -1        48 1.50225E+11 2.02040E+11 2.56023E+11
 -1        49 2.95319E+11 2.80913E+11 1.10929E+11
 -1        50 3.34919E+11 2.34620E+11-1.89868E+11
 -1        51 2.32323E+11 1.06068E+11-3.67570E+11
 -1        52 5.46205E+10-6.33117E+10-4.70167E+11
 -1        53-1.50572E+11-2.28135E+11-4.70167E+11
 -1        54-3.28275E+11-3.44236E+11-3.67570E+11
 -1        55-4.30871E+11-3.80507E+11-1.89868E+11
 -1        56-4.30871E+11-3.27228E+11 1.53247E+10
 -1        57-3.28275E+11-1.98676E+11 1.93027E+11
 -1        58-1.50572E+11-2.92957E+10 2.95623E+11
 -1        59 5.46205E+10 1.35527E+11 2.95623E+11
 -1        60 2.32323E+11 2.51628E+11 1.93027E+11
 -1        61 3.34919E+11 2.87899E+11 1.53247E+10
 -1        62 1.40805E+11 4.34125E+10-3.25759E+11
 -1        63 8.27678E+10-1.82759E+10-3.83796E+11
 -1        64 3.48731E+09-8.74743E+10-4.05039E+11
 -1        65-7.57931E+10-1.45641E+11-3.83796E+11
 -1        66-1.33830E+11-1.77191E+11-3.25759E+11
 -1        67-1.55074E+11-1.73669E+11-2.46478E+11
 -1        68-1.33830E+11-1.36020E+11-1.67198E+11
 -1        69-7.57931E+10-7.43315E+10-1.09160E+11
 -1        70 3.48731E+09-5.13311E+09-8.79174E+10
 -1        71 8.27678E+10 5.30337E+10-1.09160E+11
 -1        72 1.40805E+11 8.45831E+10-1.67198E+11
 -1        73 1.56645E+11 6.60659E+10-2.87517E+11
 -1        74 1.15607E+11 1.46451E+10-3.58598E+11
 -1        75 4.45259E+10-5.31069E+10-3.99636E+11
 -1        76-3.75513E+10-1.19036E+11-3.99636E+11
 -1        77-1.08632E+11-1.65477E+11-3.58598E+11
 -1        78-1.49671E+11-1.79985E+11-2.87517E+11
 -1        79-1.49671E+11-1.58673E+11-2.05440E+11
 -1        80-1.08632E+11-1.07253E+11-1.34359E+11
 -1        81-3.75513E+10-3.95005E+10-9.33202E+10
 -1        82 4.45259E+10 2.64286E+10-9.33202E+10
 -1        83 1.15607E+11 7.28691E+10-1.34359E+11
 -1        84 1.56645E+11 8.73774E+10-2.05440E+11
 -1        85 8.93418E+10 4.34125E+10-1.66552E+11
 -1        86 3.13045E+10-1.82759E+10-2.24590E+11
 -1        87-4.79760E+10-8.74743E+10-2.45833E+11
 -1        88-1.27256E+11-1.45641E+11-2.24590E+11
 -1        89-1.85294E+11-1.77191E+11-1.66552E+11
 -1        90-2.06537E+11-1.73669E+11-8.72717E+10
 -1        91-1.85294E+11-1.36020E+11-7.99127E+09
 -1        92-1.27256E+11-7.43315E+10 5.00461E+10
 -1        93-4.79760E+10-5.13311E+09 7.12892E+10
 -1        94 3.13045E+10 5.30337E+10 5.00461E+10
 -1        95 8.93418E+10 8.45831E+10-7.99127E+09
 -1        96 1.05182E+11 6.60659E+10-1.28310E+11
 -1        97 6.41436E+10 1.46451E+10-1.99391E+11
 -1        98-6.93736E+09-5.31069E+10-2.40430E+11
 -1        99-8.90145E+10-1.19036E+11-2.40430E+11
 -1       100-1.60095E+11-1.65477E+11-1.99391E+11
 -1       101-2.01134E+11-1.79985E+11-1.28310E+11
 -1       102-2.01134E+11-1.58673E+11-4.62331E+10
 -1       103-1.60095E+11-1.07253E+11 2.48478E+10
 -1       104-8.90145E+10-3.95005E+10 6.58864E+10
 -1       105-6.93736E+09 2.64286E+10 6.58864E+10
 -1       106 6.41436E+10 7.28691E+10 2.48478E+10
 -1       107 1.05182E+11 8.73774E+10-4.62331E+10
 -1       108 1.27739E+11 8.10615E+10-1.40341E+11
 -1       109 1.44894E+11 8.10615E+10-1.93409E+11
 -1       110 1.19162E+11 8.10615E+10-1.13806E+11
 -1       111 1.36317E+11 8.10615E+10-1.66875E+11
 -1       112 1.53471E+11 8.10615E+10-2.19944E+11
 -1       113 3.97502E+09-1.74262E+09 2.21928E+08
 -1       114 6.48258E+09-2.26235E+09 2.45552E+08
 -1       115 2.50755E+09-1.74262E+09 2.69176E+08
 -1       116-2.06820E-05-1.22289E+09 2.45552E+08
 -1       117 3.97502E+09 7.03164E+08-2.69176E+08
 -1       118 6.48258E+09 1.83436E+08-2.45552E+08
 -1       119 2.50755E+09 7.03164E+08-2.21928E+08
 -1       120 1.01894E-04 1.22289E+09-2.45552E+08
 -1       121 7.33735E+08 3.11939E-03-2.36240E+07
 -1       122 7.21631E+09-1.03946E+09-2.36240E+07
 -1       123-7.33735E+08 3.19210E-03 2.36240E+07
 -1       124 5.74884E+09-1.03946E+09 2.36240E+07
 -1       125-2.47026E-04 6.07727E-03-1.69394E-03
 -1       126 1.75169E-05 3.78877E-03-1.29618E-03
 -1       127 3.89712E-04 1.56534E-03-1.03249E-03
 -1       128 6.60482E-04 3.17892E-04-6.47248E-04
 -1       129 8.48462E-04-3.27504E-04-9.97325E-04
 -1       130 6.57480E-04-1.43878E-03-2.05391E-03
 -1       131 5.14591E-04-1.06399E-03-2.56565E-03
 -1       132 5.38510E-04 1.63653E-03-2.75535E-03
 -1       133 3.49081E-04 4.69999E-03-2.77481E-03
 -1       134 8.24858E-05 6.99093E-03-2.69210E-03
 -1       135-1.57563E-04 8.04276E-03-2.48377E-03
 -1       136-2.97803E-04 7.00358E-03-1.91708E-03
 -1       137-1.37145E-04 4.97298E-03-1.48036E-03
 -1       138 2.00709E-04 2.61754E-03-1.14493E-03
 -1       139 5.38066E-04 7.87044E-04-8.65560E-04
 -1       140 7.43092E-04 1.38479E-04 0.00000E+00
 -1       141 7.68442E-04-1.00703E-03-1.63149E-03
 -1       142 5.81522E-04-1.49686E-03-2.34740E-03
 -1       143 5.08689E-04 1.25886E-05-2.68601E-03
 -1       144 4.66782E-04 3.22663E-03-2.78229E-03
 -1       145 2.13311E-04 5.97730E-03-2.75182E-03
 -1       146-4.38449E-05 7.69140E-03-2.60757E-03
 -1       147-2.44598E-04 8.03360E-03-2.32314E-03
 -1       148-6.42987E-04 7.66922E-03-1.32168E-03
 -1       149-9.41662E-04 6.06316E-03-1.30721E-04
 -1       150-6.53500E-04 3.77590E-03 1.81688E-04
 -1       151-2.29032E-04 1.55672E-03 2.87226E-04
 -1       152 2.24387E-04 2.00643E-04 7.02058E-05
 -1       153 8.57542E-04-4.06910E-04-1.81596E-04
 -1       154 8.32830E-04-1.38889E-03-4.16820E-04
 -1       155 3.53328E-04-1.09802E-03-2.97225E-04
 -1       156-2.88156E-05 1.55546E-03-4.08519E-04
 -1       157-2.64123E-04 4.69219E-03-8.84421E-04
 -1       158-5.68468E-04 6.97556E-03-9.43493E-04
 -1       159-8.35497E-04 8.03073E-03-8.09704E-04
 -1       160-9.95273E-04 6.98957E-03-3.25551E-04
 -1       161-8.23395E-04 4.96185E-03 4.34604E-05
 -1       162-4.46676E-04 2.60871E-03 2.64231E-04
 -1       163-7.37419E-06 7.24163E-04 2.03252E-04
 -1       164 5.86683E-04 0.00000E+00 0.00000E+00
 -1       165 9.10302E-04-9.70474E-04-3.29836E-04
 -1       166 6.42691E-04-1.46892E-03-4.34294E-04
 -1       167 0.00000E+00 0.00000E+00 0.00000E+00
 -1       168-1.31254E-04 3.19075E-03-7.08316E-04
 -1       169-4.23913E-04 5.96311E-03-9.40344E-04
 -1       170-7.08876E-04 7.67815E-03-8.99404E-04
 -1       171-9.33043E-04 8.02199E-03-6.78067E-04
 -1       172 3.60651E+11 2.34620E+11-2.69471E+11
 -1       173 3.60651E+11 2.87899E+11-6.42785E+10
 -1       174 3.21050E+11 1.77987E+11-3.65076E+11
 -1       175 3.21050E+11 2.80913E+11 3.13262E+10
 -1       176 2.58054E+11 1.06068E+11-4.47174E+11
 -1       177 8.03521E+10-6.33117E+10-5.49770E+11
 -1       178-2.22443E+10-1.49230E+11-5.63277E+11
 -1       179 1.75957E+11 2.37658E+10-5.10169E+11
 -1       180-1.24841E+11-2.28135E+11-5.49770E+11
 -1       181-2.20445E+11-2.94647E+11-5.10169E+11
 -1       182-3.02543E+11-3.44236E+11-4.47174E+11
 -1       183-3.65539E+11-3.73521E+11-3.65076E+11
 -1       184-4.05140E+11-3.80507E+11-2.69471E+11
 -1       185-4.05140E+11-3.27228E+11-6.42785E+10
 -1       186-4.18647E+11-3.64717E+11-1.66875E+11
 -1       187-3.02543E+11-1.98676E+11 1.13424E+11
 -1       188-2.20445E+11-1.16373E+11 1.76419E+11
 -1       189-3.65539E+11-2.70594E+11 3.13262E+10
 -1       190-1.24841E+11-2.92957E+10 2.16020E+11
 -1       191 8.03521E+10 1.35527E+11 2.16020E+11
 -1       192 1.75957E+11 2.02040E+11 1.76419E+11
 -1       193-2.22443E+10 5.66228E+10 2.29527E+11
 -1       194 2.58054E+11 2.51628E+11 1.13424E+11
 -1       195 2.56185E+11 1.39097E+11-3.14188E+11
 -1       196-1.81500E+11-2.42929E+11-4.31466E+11
 -1       197 2.52055E+11 1.71228E+11-1.77661E+11
 -1       198 1.83656E+11 1.46211E+11-6.24129E+10
 -1       199-6.42229E+10-3.50790E+10 6.21968E+09
 -1       200 6.84773E+10 6.96159E+10-1.08847E+09
 -1       201-1.80394E+11-1.47048E+11-6.56211E+10
 -1       202-2.46187E+11-2.63652E+11-3.11165E+11
 -1       203-6.11991E+10-1.63092E+11-4.96152E+11
 -1       204-2.41368E+11-2.25950E+11-1.80870E+11
 -1       205 1.84344E+11 5.12261E+10-4.30359E+11
 -1       206 6.90960E+10-5.71801E+10-4.91333E+11
 -1       207 3.01484E+11 1.58542E+11-3.79434E+11
 -1       208 3.28037E+11 2.05603E+11-2.80333E+11
 -1       209 3.25972E+11 2.21669E+11-2.12070E+11
 -1       210 2.99418E+11 2.26071E+11-1.12969E+11
 -1       211 2.54120E+11 1.55163E+11-2.45925E+11
 -1       212 2.09117E+11 1.10079E+11-2.80333E+11
 -1       213 1.98495E+11 9.12546E+10-3.19974E+11
 -1       214 1.96430E+11 1.27906E+11-1.72430E+11
 -1       215 2.07051E+11 1.26145E+11-2.12070E+11
 -1       216 1.93016E+11 3.74960E+10-5.10066E+11
 -1       217 2.65563E+11 1.14606E+11-4.37519E+11
 -1       218 2.20265E+11 9.51614E+10-3.72274E+11
 -1       219 3.62917E+10-1.03205E+11-5.67107E+11
 -1       220 1.35392E+11-1.67071E+10-5.40553E+11
 -1       221 1.26720E+11-2.97698E+09-4.60846E+11
 -1       222-1.27956E+11-2.28870E+11-5.42963E+11
 -1       223-2.88559E+10-1.56161E+11-5.69516E+11
 -1       224 3.94848E+09-1.10136E+11-4.93743E+11
 -1       225-2.60654E+11-3.08225E+11-4.38073E+11
 -1       226-1.88107E+11-2.68788E+11-5.10619E+11
 -1       227-1.21350E+11-2.03010E+11-4.63809E+11
 -1       228-3.19551E+11-3.14185E+11-2.78821E+11
 -1       229-2.92997E+11-3.18587E+11-3.77922E+11
 -1       230-2.13844E+11-2.53291E+11-3.71315E+11
 -1       231-2.90587E+11-2.48272E+11-1.14573E+11
 -1       232-3.17141E+11-2.95333E+11-2.13674E+11
 -1       233-2.43777E+11-2.44801E+11-2.46017E+11
 -1       234-1.87554E+11-1.31710E+11 1.55975E+10
 -1       235-2.60100E+11-2.08821E+11-5.69491E+10
 -1       236-2.10881E+11-1.86499E+11-1.23245E+11
 -1       237-3.03678E+10 1.07719E+10 7.80719E+10
 -1       238-1.29468E+11-7.57261E+10 5.15179E+10
 -1       239-1.22308E+11-9.10633E+10-2.97007E+10
 -1       240 1.35083E+11 1.35828E+11 4.78639E+10
 -1       241 3.59823E+10 6.31193E+10 7.44178E+10
 -1       242 2.12722E+09 1.72684E+10 2.56560E+09
 -1       243 2.65219E+11 2.13562E+11-5.53450E+10
 -1       244 1.92672E+11 1.74125E+11 1.72017E+10
 -1       245 1.26067E+11 1.07913E+11-3.17507E+10
 -1       246 2.17855E+11 1.58720E+11-1.20037E+11
 -1       247 1.62575E+11 4.73193E+10-3.78059E+11
 -1       248 1.33556E+11 1.64751E+10-4.07078E+11
 -1       249 7.59319E+10-3.77280E+10-4.37565E+11
 -1       250 3.62917E+10-7.23272E+10-4.48186E+11
 -1       251-2.88559E+10-1.25283E+11-4.50596E+11
 -1       252-6.84961E+10-1.54367E+11-4.39974E+11
 -1       253-1.28647E+11-1.94285E+11-4.07631E+11
 -1       254-1.57665E+11-2.10060E+11-3.78612E+11
 -1       255-1.90009E+11-2.20421E+11-3.18462E+11
 -1       256-2.00630E+11-2.18661E+11-2.78821E+11
 -1       257-1.98221E+11-1.99809E+11-2.13674E+11
 -1       258-1.87599E+11-1.80985E+11-1.74034E+11
 -1       259-1.57112E+11-1.41534E+11-1.16409E+11
 -1       260-1.28093E+11-1.10690E+11-8.73908E+10
 -1       261-7.00080E+10-5.47053E+10-5.14704E+10
 -1       262-3.03678E+10-2.01061E+10-4.08488E+10
 -1       263 3.59823E+10 3.22414E+10-4.45029E+10
 -1       264 7.56226E+10 6.13248E+10-5.51245E+10
 -1       265 1.33212E+11 9.96224E+10-8.57867E+10
 -1       266 1.62231E+11 1.15397E+11-1.14805E+11
 -1       267 2.04722E+11 1.39097E+11-1.54982E+11
 -1       268-2.32964E+11-2.42929E+11-2.72259E+11
 -1       269 2.00591E+11 1.71228E+11-1.84547E+10
 -1       270 1.32193E+11 1.46211E+11 9.67937E+10
 -1       271-1.15686E+11-3.50790E+10 1.65426E+11
 -1       272 1.70141E+10 6.96159E+10 1.58118E+11
 -1       273-2.31857E+11-1.47048E+11 9.35854E+10
 -1       274-2.97650E+11-2.63652E+11-1.51958E+11
 -1       275-1.12662E+11-1.63092E+11-3.36946E+11
 -1       276-2.92831E+11-2.25950E+11-2.16630E+10
 -1       277 1.32881E+11 5.12261E+10-2.71153E+11
 -1       278 1.76328E+10-5.71801E+10-3.32127E+11
 -1       279 2.76574E+11 2.05603E+11-1.21127E+11
 -1       280 2.50020E+11 1.58542E+11-2.20227E+11
 -1       281 2.47955E+11 2.26071E+11 4.62374E+10
 -1       282 2.74509E+11 2.21669E+11-5.28632E+10
 -1       283 2.02657E+11 1.55163E+11-8.67183E+10
 -1       284 1.47032E+11 9.12546E+10-1.60767E+11
 -1       285 1.57653E+11 1.10079E+11-1.21127E+11
 -1       286 1.55588E+11 1.26145E+11-5.28632E+10
 -1       287 1.44967E+11 1.27906E+11-1.32230E+10
 -1       288 2.14100E+11 1.14606E+11-2.78313E+11
 -1       289 1.41553E+11 3.74960E+10-3.50859E+11
 -1       290 1.68802E+11 9.51614E+10-2.13067E+11
 -1       291 8.39290E+10-1.67071E+10-3.81347E+11
 -1       292-1.51716E+10-1.03205E+11-4.07900E+11
 -1       293 7.52570E+10-2.97698E+09-3.01640E+11
 -1       294-8.03192E+10-1.56161E+11-4.10310E+11
 -1       295-1.79420E+11-2.28870E+11-3.83756E+11
 -1       296-4.75148E+10-1.10136E+11-3.34536E+11
 -1       297-2.39570E+11-2.68788E+11-3.51413E+11
 -1       298-3.12117E+11-3.08225E+11-2.78866E+11
 -1       299-1.72813E+11-2.03010E+11-3.04603E+11
 -1       300-3.44460E+11-3.18587E+11-2.18716E+11
 -1       301-3.71014E+11-3.14185E+11-1.19615E+11
 -1       302-2.65307E+11-2.53291E+11-2.12109E+11
 -1       303-3.68605E+11-2.95333E+11-5.44674E+10
 -1       304-3.42051E+11-2.48272E+11 4.46332E+10
 -1       305-2.95241E+11-2.44801E+11-8.68106E+10
 -1       306-3.11564E+11-2.08821E+11 1.02257E+11
 -1       307-2.39017E+11-1.31710E+11 1.74804E+11
 -1       308-2.62344E+11-1.86499E+11 3.59612E+10
 -1       309-1.80932E+11-7.57261E+10 2.10724E+11
 -1       310-8.18311E+10 1.07719E+10 2.37278E+11
 -1       311-1.73772E+11-9.10633E+10 1.29506E+11
 -1       312-1.54809E+10 6.31193E+10 2.33624E+11
 -1       313 8.36196E+10 1.35828E+11 2.07070E+11
 -1       314-4.93360E+10 1.72684E+10 1.61772E+11
 -1       315 1.41209E+11 1.74125E+11 1.76408E+11
 -1       316 2.13756E+11 2.13562E+11 1.03862E+11
 -1       317 7.46034E+10 1.07913E+11 1.27456E+11
 -1       318 1.66392E+11 1.58720E+11 3.91695E+10
 -1       319 8.20928E+10 1.64751E+10-2.47871E+11
 -1       320 1.11112E+11 4.73193E+10-2.18852E+11
 -1       321-1.51716E+10-7.23272E+10-2.88980E+11
 -1       322 2.44686E+10-3.77280E+10-2.78358E+11
 -1       323-1.19959E+11-1.54367E+11-2.80768E+11
 -1       324-8.03192E+10-1.25283E+11-2.91389E+11
 -1       325-2.09129E+11-2.10060E+11-2.19406E+11
 -1       326-1.80110E+11-1.94285E+11-2.48424E+11
 -1       327-2.52093E+11-2.18661E+11-1.19615E+11
 -1       328-2.41472E+11-2.20421E+11-1.59255E+11
 -1       329-2.39062E+11-1.80985E+11-1.48271E+10
 -1       330-2.49684E+11-1.99809E+11-5.44674E+10
 -1       331-1.79557E+11-1.10690E+11 7.18157E+10
 -1       332-2.08575E+11-1.41534E+11 4.27971E+10
 -1       333-8.18311E+10-2.01061E+10 1.18358E+11
 -1       334-1.21471E+11-5.47053E+10 1.07736E+11
 -1       335 2.41593E+10 6.13248E+10 1.04082E+11
 -1       336-1.54809E+10 3.22414E+10 1.14704E+11
 -1       337 1.10767E+11 1.15397E+11 4.44012E+10
 -1       338 8.17486E+10 9.96224E+10 7.34199E+10
 -1       339 1.69962E+10 2.51049E+10-1.32524E+10
 -1       340 8.48699E+10 7.00677E+10-5.00605E+10
 -1       341 8.48699E+10 9.33453E+09-2.83963E+11
 -1       342 1.69962E+10-5.46753E+10-3.20511E+11
 -1       343-6.32829E+10-3.95005E+10-1.37169E+10
 -1       344-1.34364E+11-1.07253E+11-5.47555E+10
 -1       345 1.48068E+11 8.73774E+10-1.78905E+11
 -1       346 1.23890E+11 8.66396E+10-1.06949E+11
 -1       347 1.23890E+11 5.23611E+10-2.38966E+11
 -1       348 1.48068E+11 6.60659E+10-2.60982E+11
 -1       349 1.21451E+11 6.83854E+10-1.69706E+11
 -1       350 1.21451E+11 8.70832E+10-9.76944E+10
 -1       351-1.75402E+11-1.58673E+11-1.25836E+11
 -1       352-1.75402E+11-1.79985E+11-2.07914E+11
 -1       353-1.34364E+11-1.65477E+11-2.78995E+11
 -1       354-6.32829E+10-1.19036E+11-3.20033E+11
 -1       355 1.56403E+11 7.45980E+10-2.53907E+11
 -1       356 1.45690E+11 5.56111E+10-2.93890E+11
 -1       357 1.56403E+11 8.53457E+10-2.12515E+11
 -1       358 1.45690E+11 8.71217E+10-1.72532E+11
 -1       359 1.47826E+11 8.53457E+10-1.85980E+11
 -1       360 1.47826E+11 7.45980E+10-2.27373E+11
 -1       361 1.17050E+11 7.55217E+10-1.28607E+11
 -1       362 1.06992E+11 5.70172E+10-1.68760E+11
 -1       363 1.17050E+11 8.49323E+10-9.23643E+10
 -1       364 1.06992E+11 8.72790E+10-5.22121E+10
 -1       365 1.25627E+11 7.55217E+10-1.55142E+11
 -1       366 1.25627E+11 8.49323E+10-1.18899E+11
 -1       367 1.14281E+11 2.72319E+10-3.06020E+11
 -1       368 8.43737E+10-4.22158E+09-3.34636E+11
 -1       369 1.06936E+11 3.24178E+10-2.63326E+11
 -1       370 1.32504E+11 4.79914E+10-2.82443E+11
 -1       371 1.36502E+11 5.95849E+10-2.50163E+11
 -1       372 5.04406E+10-3.63829E+10-3.53525E+11
 -1       373 1.03961E+10-7.12697E+10-3.64003E+11
 -1       374 5.31967E+10-2.19391E+10-3.06423E+11
 -1       375-3.00749E+10-1.03747E+11-3.63881E+11
 -1       376-7.00571E+10-1.33081E+11-3.53168E+11
 -1       377-2.31737E+10-8.82210E+10-3.25436E+11
 -1       378-1.05904E+11-1.56502E+11-3.32471E+11
 -1       379-1.35173E+11-1.72412E+11-3.03202E+11
 -1       380-1.01525E+11-1.45641E+11-3.04193E+11
 -1       381-1.55870E+11-1.79729E+11-2.67355E+11
 -1       382-1.66583E+11-1.77953E+11-2.27373E+11
 -1       383-1.59562E+11-1.77191E+11-2.46155E+11
 -1       384-1.55870E+11-1.48219E+11-1.45998E+11
 -1       385-1.66583E+11-1.67205E+11-1.85980E+11
 -1       386-1.80805E+11-1.73669E+11-1.66875E+11
 -1       387-1.35173E+11-1.22286E+11-1.10151E+11
 -1       388-1.05904E+11-9.11759E+10-8.08818E+10
 -1       389-1.59562E+11-1.36020E+11-8.75945E+10
 -1       390-7.00571E+10-5.70076E+10-6.01854E+10
 -1       391-3.00749E+10-2.21098E+10-4.94722E+10
 -1       392-1.01525E+11-7.43315E+10-2.95572E+10
 -1       393 1.03961E+10 1.04288E+10-4.93568E+10
 -1       394 5.04406E+10 3.98740E+10-5.98352E+10
 -1       395-2.31737E+10-5.88118E+09-8.32007E+09
 -1       396 8.43737E+10 6.21929E+10-7.88535E+10
 -1       397 1.14281E+11 7.87855E+10-1.07470E+11
 -1       398 5.31967E+10 5.04916E+10-2.74700E+10
 -1       399 1.06936E+11 8.08904E+10-7.66430E+10
 -1       400 1.32504E+11 8.57579E+10-1.36993E+11
 -1       401 1.36502E+11 8.74778E+10-1.42739E+11
 -1       402 5.86420E+10-4.22158E+09-2.55033E+11
 -1       403 8.85490E+10 2.72319E+10-2.26416E+11
 -1       404 1.06772E+11 4.79914E+10-2.02840E+11
 -1       405 1.23422E+11 6.09104E+10-2.04593E+11
 -1       406-1.53355E+10-7.12697E+10-2.84400E+11
 -1       407 2.47089E+10-3.63829E+10-2.73921E+11
 -1       408-9.57888E+10-1.33081E+11-2.73565E+11
 -1       409-5.58065E+10-1.03747E+11-2.84278E+11
 -1       410-1.60905E+11-1.72412E+11-2.23599E+11
 -1       411-1.31636E+11-1.56502E+11-2.52868E+11
 -1       412-1.92315E+11-1.77953E+11-1.47770E+11
 -1       413-1.81601E+11-1.79729E+11-1.87752E+11
 -1       414-1.92315E+11-1.67205E+11-1.06377E+11
 -1       415-1.81601E+11-1.48219E+11-6.63947E+10
 -1       416-1.31636E+11-9.11759E+10-1.27853E+09
 -1       417-1.60905E+11-1.22286E+11-3.05476E+10
 -1       418-5.58065E+10-2.21098E+10 3.01310E+10
 -1       419-9.57888E+10-5.70076E+10 1.94178E+10
 -1       420 2.47089E+10 3.98740E+10 1.97681E+10
 -1       421-1.53355E+10 1.04288E+10 3.02465E+10
 -1       422 8.85490E+10 7.87855E+10-2.78671E+10
 -1       423 5.86420E+10 6.21929E+10 7.49810E+08
 -1       424 1.06772E+11 8.57579E+10-5.73892E+10
 -1       425 1.23422E+11 8.75320E+10-1.02065E+11
 -1       426 1.34204E+11 7.55217E+10-1.81676E+11
 -1       427 1.34204E+11 8.49323E+10-1.45433E+11
 -1       428 1.37948E+11 8.69086E+10-1.49404E+11
 -1       429 1.37948E+11 6.93667E+10-2.16963E+11
 -1       430 3.24129E+09-1.74262E+09 2.45552E+08
 -1       431 3.24129E+09 7.03164E+08-2.45552E+08
 -1       432 3.97502E+09-5.19728E+08-2.36240E+07
 -1       433 2.50755E+09-5.19728E+08 2.36240E+07
 -1       434 6.22689E-05 3.17219E-03-1.49312E-03
 -1       435-3.66868E+08-6.11446E+08 1.34588E+08
 -1       436 3.66868E+08-6.11446E+08 1.10964E+08
 -1       437 3.66868E+08 6.11446E+08-1.34588E+08
 -1       438-3.66868E+08 6.11446E+08-1.10964E+08
 -1       439 6.48258E+09-1.03946E+09-4.34944E-03
 -1       440 6.84944E+09-1.65090E+09 1.10964E+08
 -1       441 6.11571E+09-1.65090E+09 1.34588E+08
 -1       442 6.84944E+09-4.28010E+08-1.34588E+08
 -1       443 6.11571E+09-4.28010E+08-1.10964E+08
 -1       444-6.46398E-04 6.99627E-03-1.12080E-03
 -1       445-5.88555E-04 8.02839E-03-1.50000E-03
 -1       446-5.93574E-04 6.06927E-03-9.11649E-04
 -1       447-4.96356E-04 8.03811E-03-1.64664E-03
 -1       448-4.81934E-04 4.96576E-03-7.17117E-04
 -1       449-3.19400E-04 3.78013E-03-5.56478E-04
 -1       450-1.25447E-04 2.60970E-03-4.44026E-04
 -1       451 8.14369E-05 1.55025E-03-3.91235E-04
 -1       452 2.69476E-04 7.37113E-04-3.55817E-04
 -1       453 6.62839E-04 3.49170E-05-3.52553E-04
 -1       454 4.56993E-04 2.26660E-04-3.39032E-04
 -1       455 8.42275E-04-9.88235E-04-9.87313E-04
 -1       456 7.52951E-04-1.41570E-03-1.23174E-03
 -1       457 8.37684E-04-3.89044E-04-6.35282E-04
 -1       458 6.17058E-04-1.48318E-03-1.39871E-03
 -1       459 4.56107E-04-1.08320E-03-1.45955E-03
 -1       460 3.18023E-04-4.21070E-06-1.49795E-03
 -1       461 2.71936E-04 1.61332E-03-1.62019E-03
 -1       462 1.72120E-04 3.22370E-03-1.75094E-03
 -1       463-1.04369E-04 5.97195E-03-1.84282E-03
 -1       464-2.44193E-04 6.98602E-03-1.81748E-03
 -1       465 4.51016E-05 4.70381E-03-1.83550E-03
 -1       466-3.77193E-04 7.68620E-03-1.75394E-03
 -1       467 3.15446E-04 3.17468E-03-2.26657E-03
 -1       468 5.03026E-05 5.65267E-03-2.24654E-03
 -1       469 2.64970E-04 4.55410E-03-2.49618E-03
 -1       470 4.55175E-04 7.91550E-04-1.91526E-03
 -1       471 3.70710E-04 1.86628E-03-1.47809E-03
 -1       472 1.03621E-04 4.14405E-03-1.78614E-03
 -1       473 4.32595E-04 1.78115E-03-2.46016E-03
 -1       474-9.15337E-05 5.88722E-03-1.98700E-03
 -1       475 7.57554E-05 6.32234E-03-2.49126E-03
 -1       476 2.27079E-04 2.82257E-03-1.40076E-03
 -1       477 4.70349E-04 5.79893E-04-1.21882E-03
 -1       478-1.66762E-04 5.98628E-03-1.84330E-03
 -1       479-1.89825E-04 6.77704E-03-2.06248E-03
 -1       480-1.13218E-04 6.67093E-03-2.19055E-03
 -1       481-4.96668E-05 6.84113E-03-2.36961E-03
 -1       482-1.92815E-05 5.77684E-03-2.12340E-03
 -1       483 6.12731E-05 3.97662E-03-1.53677E-03
 -1       484-6.14498E-05 5.11075E-03-1.74678E-03
 -1       485 4.12419E-06 5.00869E-03-1.89778E-03
 -1       486 3.07690E-04 2.18770E-03-1.20433E-03
 -1       487 1.29560E-04 3.30316E-03-1.35508E-03
 -1       488 1.59632E-04 3.47462E-03-1.59703E-03
 -1       489 4.86127E-04 9.92015E-04-1.05971E-03
 -1       490 3.87803E-04 1.73720E-03-1.21041E-03
 -1       491 3.05675E-04 2.34348E-03-1.43942E-03
 -1       492 5.92994E-04 5.55991E-05-1.12420E-03
 -1       493 4.98078E-04 4.56767E-04-7.86716E-04
 -1       494 4.28216E-04 1.19643E-03-1.35944E-03
 -1       495 5.39798E-04-2.69631E-04-1.98602E-03
 -1       496 5.49521E-04 5.43474E-05-1.55085E-03
 -1       497 4.61796E-04 6.94619E-04-1.59537E-03
 -1       498 4.55849E-04 4.20504E-04-2.53146E-03
 -1       499 4.74600E-04 5.72886E-06-2.29647E-03
 -1       500 4.32920E-04 1.24160E-03-2.25459E-03
 -1       501 4.95780E-04 1.69364E-03-2.62277E-03
 -1       502 3.09664E-04 4.62763E-03-2.63187E-03
 -1       503 4.22626E-04 3.20086E-03-2.62319E-03
 -1       504 3.65845E-04 3.19420E-03-2.47460E-03
 -1       505 1.78947E-04 5.76550E-03-2.59085E-03
 -1       506-3.76051E-05 7.18612E-03-2.48776E-03
 -1       507 8.04702E-05 6.65452E-03-2.59263E-03
 -1       508 1.77386E-04 5.44692E-03-2.49484E-03
 -1       509 6.64930E-05 5.98899E-03-2.37731E-03
 -1       510 2.98835E-04 3.83607E-03-2.34227E-03
 -1       511 1.74532E-04 5.12960E-03-2.39207E-03
 -1       512 1.94506E-04 4.38905E-03-2.23085E-03
 -1       513 6.86295E-05 4.89441E-03-2.05118E-03
 -1       514 1.90255E-04 3.67311E-03-1.97323E-03
 -1       515 3.54601E-04 2.53720E-03-2.32931E-03
 -1       516 3.45869E-04 2.50135E-03-1.84037E-03
 -1       517 4.21126E-04 1.38314E-03-1.69140E-03
 -1       518 3.95792E-04 1.94492E-03-2.08080E-03
 -1       519 2.39797E-04 2.97501E-03-1.65015E-03
 -1       520-2.00743E-04 3.16164E-03-6.11964E-04
 -1       521-5.95011E-04 5.64726E-03-6.13238E-04
 -1       522-3.03902E-04 4.53786E-03-7.26796E-04
 -1       523 3.02187E-04 7.79935E-04-4.28712E-04
 -1       524-1.14558E-04 1.83773E-03-1.21532E-04
 -1       525-5.45873E-04 4.13898E-03-2.45829E-04
 -1       526 1.00550E-04 1.78508E-03-5.68024E-04
 -1       527-7.74055E-04 5.87673E-03-3.93033E-04
 -1       528-5.70898E-04 6.31076E-03-7.88693E-04
 -1       529-3.86911E-04 2.80271E-03 3.56313E-05
 -1       530 2.90483E-04 5.71826E-04-1.68287E-04
 -1       531-8.83451E-04 6.76432E-03-4.54732E-04
 -1       532-8.58981E-04 5.97440E-03-2.64163E-04
 -1       533-7.17900E-04 6.82885E-03-7.12477E-04
 -1       534-7.95682E-04 6.66042E-03-5.64735E-04
 -1       535-6.85485E-04 5.76875E-03-5.10407E-04
 -1       536-7.41563E-04 5.09851E-03-1.89157E-04
 -1       537-5.98989E-04 3.96250E-03-2.96552E-05
 -1       538-6.61744E-04 4.99930E-03-3.24424E-04
 -1       539-5.18522E-04 3.28886E-03 1.06593E-04
 -1       540-3.07045E-04 2.17002E-03 1.67261E-04
 -1       541-4.69090E-04 3.45905E-03-1.05031E-04
 -1       542-1.62706E-04 1.72595E-03 9.23416E-05
 -1       543 6.15897E-05 9.27347E-04 1.69212E-05
 -1       544-2.51008E-04 2.31957E-03-4.18592E-05
 -1       545 2.59426E-04 4.14811E-04-1.56150E-05
 -1       546 5.68943E-04 5.76775E-05-1.84934E-04
 -1       547 6.91756E-05 1.15393E-03-1.34994E-04
 -1       548 5.66172E-04 5.83432E-05-3.31131E-04
 -1       549 6.04286E-04-2.47806E-04-4.42493E-04
 -1       550 3.01156E-04 6.82633E-04-3.22093E-04
 -1       551 4.49771E-04 2.35532E-05-5.02502E-04
 -1       552 2.75214E-04 4.25899E-04-4.70437E-04
 -1       553 1.93540E-04 1.22780E-03-5.29880E-04
 -1       554 9.55830E-05 1.66231E-03-4.78843E-04
 -1       555-1.08845E-04 3.17350E-03-6.37345E-04
 -1       556-2.79365E-04 4.61558E-03-7.93301E-04
 -1       557-1.08517E-04 3.18169E-03-6.40083E-04
 -1       558-4.40270E-04 5.75184E-03-8.35544E-04
 -1       559-5.67972E-04 6.64217E-03-8.67020E-04
 -1       560-7.04163E-04 7.17462E-03-8.02969E-04
 -1       561-4.35985E-04 5.43372E-03-7.62696E-04
 -1       562-5.79678E-04 5.97946E-03-7.06243E-04
 -1       563-3.97951E-04 4.39327E-03-6.05946E-04
 -1       564-4.36221E-04 5.12070E-03-6.90481E-04
 -1       565-2.41496E-04 3.82609E-03-6.47274E-04
 -1       566-3.88577E-04 3.66924E-03-4.12509E-04
 -1       567-5.79044E-04 4.88854E-03-4.52407E-04
 -1       568-5.29761E-05 2.51662E-03-5.81260E-04
 -1       569 2.78931E-05 1.91346E-03-5.01897E-04
 -1       570 8.58674E-05 1.36979E-03-2.88345E-04
 -1       571-1.62064E-04 2.47371E-03-3.53230E-04
 -1       572-3.32597E-04 2.94978E-03-1.82985E-04
 -1       573 5.37664E+10-6.39226E+10-4.69877E+11
 -1       574 1.91508E+11 7.76627E+10-3.50706E+11
 -1       575 2.27315E+11 1.44486E+11-2.04118E+11
 -1       576 1.01996E+11-2.00784E+10-4.50222E+11
 -1       577 2.89522E+09-1.06576E+11-4.76776E+11
 -1       578 1.27727E+11-2.00784E+10-5.29825E+11
 -1       579 2.86269E+10-1.06576E+11-5.56379E+11
 -1       580-1.78451E+11-2.11457E+11-3.19690E+11
 -1       581-1.57932E+11-2.04203E+11-3.55230E+11
 -1       582-2.04183E+11-2.11457E+11-2.40087E+11
 -1       583-1.83664E+11-2.04203E+11-2.75627E+11
 -1       584-2.07232E+11-2.42929E+11-3.51863E+11
 -1       585-2.10795E+11-2.11163E+11-2.18501E+11
 -1       586-2.10795E+11-2.21819E+11-2.59539E+11
 -1       587-2.36526E+11-2.11163E+11-1.38897E+11
 -1       588-2.36526E+11-2.21819E+11-1.79936E+11
 -1       589-2.71918E+11-2.63652E+11-2.31561E+11
 -1       590-1.83110E+11-1.27150E+11 1.94150E+10
 -1       591-2.06125E+11-1.47048E+11 1.39821E+10
 -1       592-1.57379E+11-1.27150E+11-6.01883E+10
 -1       593-1.77898E+11-1.52860E+11-9.57288E+10
 -1       594-2.03630E+11-1.52860E+11-1.61255E+10
 -1       595-6.22410E+10-1.41064E+11-4.08093E+11
 -1       596-2.21015E+10-1.08884E+11-4.08332E+11
 -1       597-4.78331E+10-1.08884E+11-3.28728E+11
 -1       598-8.69307E+10-1.63092E+11-4.16549E+11
 -1       599-8.79726E+10-1.41064E+11-3.28489E+11
 -1       600 7.66736E+10 6.98418E+10-2.55745E+10
 -1       601 4.27368E+10 4.73604E+10-7.17042E+09
 -1       602 1.70051E+10 4.73604E+10 7.24329E+10
 -1       603 4.27457E+10 6.96159E+10 7.85148E+10
 -1       604 5.09420E+10 6.98418E+10 5.40288E+10
 -1       605 1.53773E+11 1.16425E+11-8.46807E+10
 -1       606 1.87972E+11 1.28934E+11-1.42305E+11
 -1       607 2.26323E+11 1.71228E+11-9.80580E+10
 -1       608 1.62241E+11 1.28934E+11-6.27017E+10
 -1       609 1.92124E+11 1.58720E+11-4.04338E+10
 -1       610-2.39575E+11-2.53291E+11-2.91712E+11
 -1       611 1.28041E+11 1.16425E+11-5.07746E+09
 -1       612 1.57924E+11 1.46211E+11 1.71904E+10
 -1       613-2.17832E+10-1.10136E+11-4.14140E+11
 -1       614 1.73145E+10-5.59277E+10-3.26319E+11
 -1       615-2.36612E+11-1.86499E+11-4.36421E+10
 -1       616-2.08385E+11-1.92312E+11-1.53353E+11
 -1       617-2.34117E+11-1.92312E+11-7.37497E+10
 -1       618-2.69509E+11-2.44801E+11-1.66414E+11
 -1       619 1.34263E+11 1.08139E+11-5.62367E+10
 -1       620 1.00335E+11 1.07913E+11 4.78526E+10
 -1       621 1.08531E+11 1.08139E+11 2.33666E+10
 -1       622 4.30461E+10-5.59277E+10-4.05922E+11
 -1       623 4.33644E+10-5.71801E+10-4.11730E+11
 -1       624-2.67099E+11-2.25950E+11-1.01266E+11
 -1       625 1.86104E+11 1.12774E+11-1.98764E+11
 -1       626 1.77527E+11 1.12774E+11-1.72229E+11
 -1       627 1.74383E+11 1.15785E+11-1.50906E+11
 -1       628 2.00061E+11 1.29303E+11-1.78283E+11
 -1       629 1.98474E+11 1.26145E+11-1.85535E+11
 -1       630 1.75602E+11 1.15563E+11-1.55533E+11
 -1       631-8.99545E+10-3.50790E+10 8.58230E+10
 -1       632-5.60994E+10 1.07719E+10 1.57675E+11
 -1       633-2.36044E+10 1.72684E+10 8.21689E+10
 -1       634 3.00241E+11 2.21669E+11-1.32466E+11
 -1       635 2.39685E+11 1.57857E+11-1.90890E+11
 -1       636 2.13953E+11 1.57857E+11-1.11287E+11
 -1       637 3.13602E+11 2.08298E+11-2.25298E+11
 -1       638-9.77814E+10-1.64284E+11-3.87573E+11
 -1       639-1.23513E+11-1.64284E+11-3.07970E+11
 -1       640-1.47570E+11-9.32741E+10 3.99342E+10
 -1       641-1.21838E+11-9.32741E+10-3.96690E+10
 -1       642 2.39487E+11 2.13562E+11 2.42583E+10
 -1       643 1.09351E+11 1.35828E+11 1.27467E+11
 -1       644 1.61021E+11 1.29156E+11-5.80746E+10
 -1       645 2.59721E+09 1.50577E+10-7.40269E+09
 -1       646-2.31344E+10 1.50577E+10 7.22006E+10
 -1       647 2.02127E+11 1.02581E+11-2.87585E+11
 -1       648 1.90038E+11 9.57289E+10-2.76577E+11
 -1       649 7.69830E+10-2.39228E+10-3.87648E+11
 -1       650 1.38189E+11 4.34986E+10-3.17334E+11
 -1       651 1.30302E+11 1.02413E+10-4.21019E+11
 -1       652 1.04252E+11 1.14937E+10-3.35608E+11
 -1       653 5.12513E+10-2.39228E+10-3.08045E+11
 -1       654 1.04570E+11 1.02413E+10-3.41416E+11
 -1       655-1.55200E+11-7.57261E+10 1.31121E+11
 -1       656 2.73687E+11 2.26071E+11-3.33659E+10
 -1       657 1.66941E+11 1.74125E+11 9.68049E+10
 -1       658 1.02507E+10 6.31193E+10 1.54021E+11
 -1       659 1.56479E+11 7.30240E+10-2.60206E+11
 -1       660 1.57699E+11 6.50119E+10-2.94836E+11
 -1       661 1.40425E+11 6.05376E+10-2.58629E+11
 -1       662-1.47081E+11-2.03010E+11-3.84206E+11
 -1       663-2.13839E+11-2.68788E+11-4.31016E+11
 -1       664-2.86385E+11-3.08225E+11-3.58469E+11
 -1       665-1.48040E+11-9.10633E+10 4.99025E+10
 -1       666-8.94845E+10-3.72898E+10 7.58547E+10
 -1       667-6.37529E+10-3.72898E+10-3.74862E+09
 -1       668-3.18729E+11-3.18587E+11-2.98319E+11
 -1       669-2.13285E+11-1.31710E+11 9.52008E+10
 -1       670-1.53688E+11-2.28870E+11-4.63359E+11
 -1       671-3.45283E+11-3.14185E+11-1.99218E+11
 -1       672-2.85832E+11-2.08821E+11 2.26541E+10
 -1       673-3.16319E+11-2.48272E+11-3.49701E+10
 -1       674-3.42873E+11-2.95333E+11-1.34071E+11
 -1       675 3.56996E+10-6.05513E+10-4.01002E+11
 -1       676 6.14312E+10-6.05513E+10-4.80605E+11
 -1       677 1.22637E+11 6.87003E+09-4.10291E+11
 -1       678 1.08876E+11 3.02803E+10-2.77558E+11
 -1       679 2.87871E+11 2.08298E+11-1.45695E+11
 -1       680 1.34607E+11 3.02803E+10-3.57161E+11
 -1       681-5.45875E+10-1.56161E+11-4.89913E+11
 -1       682 1.63086E+11 1.03741E+11-1.62344E+11
 -1       683 1.98115E+11 1.08380E+11-2.52844E+11
 -1       684 1.62195E+11 6.44444E+10-3.10929E+11
 -1       685 1.87926E+11 6.44444E+10-3.90532E+11
 -1       686 1.54117E+11 5.17936E+10-3.34663E+11
 -1       687 1.96598E+11 5.07142E+10-4.70239E+11
 -1       688 2.43413E+11 1.27825E+11-3.18089E+11
 -1       689 1.70867E+11 5.07142E+10-3.90636E+11
 -1       690 1.87692E+11 1.05276E+11-2.32550E+11
 -1       691 2.41750E+11 1.41792E+11-2.59153E+11
 -1       692 1.75602E+11 9.84238E+10-2.21542E+11
 -1       693 2.87048E+11 1.61237E+11-3.24399E+11
 -1       694 1.94682E+11 1.12774E+11-2.25298E+11
 -1       695 1.74383E+11 1.06436E+11-1.86912E+11
 -1       696 2.69145E+11 1.27825E+11-3.97693E+11
 -1       697 2.61317E+11 1.61237E+11-2.44796E+11
 -1       698 2.23847E+11 1.08380E+11-3.32447E+11
 -1       699 2.09412E+11 1.11075E+11-2.77412E+11
 -1       700 2.16019E+11 1.41792E+11-1.79550E+11
 -1       701 1.68950E+11 1.12774E+11-1.45695E+11
 -1       702-2.94480E+10-1.13507E+11-4.03412E+11
 -1       703-3.71635E+09-1.13507E+11-4.83015E+11
 -1       704 3.60816E+09-1.13117E+09 1.10964E+08
 -1       705 2.87442E+09-1.13117E+09 1.34588E+08
 -1       706 3.24129E+09-5.19728E+08-3.59563E-03
 -1       707 2.87442E+09 9.17182E+07-1.10964E+08
 -1       708 3.60816E+09 9.17182E+07-1.34588E+08
 -1       709-4.63141E-04 5.35621E-03-9.28655E-04
 -1       710 6.46517E-04-3.62407E-04-1.06513E-03
 -1       711 4.66401E-04-8.12817E-05-1.32314E-03
 -1       712 6.15014E-04-7.89830E-04-8.53683E-04
 -1       713 4.13638E-04 4.02853E-04-8.62197E-04
 -1       714 3.09672E-04 8.20412E-04-9.57668E-04
 -1       715 4.38680E-04-5.42610E-04-9.02147E-04
 -1       716 5.61423E-04 4.76522E-05-9.42594E-04
 -1       717 3.81956E-04 7.81515E-04-1.17511E-03
 -1       718 5.09730E-04 1.83998E-04-1.47362E-03
 -1       719 4.95430E-04 1.91406E-04-7.58031E-04
 -1       720 7.44942E-04-4.10002E-04-5.90522E-04
 -1       721 7.21671E-04-3.99337E-04-1.14740E-03
 -1       722-4.32403E-04 5.88187E-03-1.18940E-03
 -1       723-5.12242E-04 5.97973E-03-1.05333E-03
 -1       724-6.98802E-04 5.71181E-03-5.29212E-04
 -1       725-2.78738E-04 5.62141E-03-1.45653E-03
 -1       726-6.18656E-04 5.61611E-03-6.64487E-04
 -1       727 5.75124E-04-2.62265E-04-1.20944E-03
 -1       728 6.78417E-04-8.60185E-04-1.53933E-03
 -1       729 3.71200E-04 4.23777E-04-1.50416E-03
 -1       730 4.00824E-04 8.13187E-04-1.88713E-03
 -1       731 4.85566E-04-5.44644E-04-1.90999E-03
 -1       732 7.44473E-04-8.38055E-04-7.86818E-04
 -1       733 5.89625E-04 6.22138E-05-6.80987E-04
 -1       734 3.85970E-04 6.79795E-04-9.63896E-04
 -1       735 3.97283E-04 5.71788E-04-7.07493E-04
 -1       736-8.05293E-05 2.80786E-03-6.82838E-04
 -1       737-1.53214E-04 3.46262E-03-8.52662E-04
 -1       738 2.59206E-05 2.32520E-03-7.40416E-04
 -1       739 2.50189E-04 1.15842E-03-7.59892E-04
 -1       740-2.57780E-04 5.98627E-03-1.54142E-03
 -1       741-3.70683E-04 7.18211E-03-1.64460E-03
 -1       742-2.48008E-04 6.31882E-03-1.63949E-03
 -1       743 8.90673E-07 2.17151E-03-5.28115E-04
 -1       744 2.62789E-04 1.78248E-03-1.51350E-03
 -1       745 9.30685E-05 2.48311E-03-1.09798E-03
 -1       746 2.12817E-04 1.92384E-03-1.29495E-03
 -1       747-9.80674E-05 3.67075E-03-1.19953E-03
 -1       748 2.55160E-04 1.36942E-03-9.87596E-04
 -1       749-4.54352E-05 2.95870E-03-9.18307E-04
 -1       750-2.19961E-04 4.13993E-03-1.01828E-03
 -1       751-1.01918E-04 4.39571E-03-1.42220E-03
 -1       752 1.27105E-04 1.84178E-03-7.95028E-04
 -1       753-2.53435E-04 4.89314E-03-1.25145E-03
 -1       754-2.73072E-04 5.65151E-03-1.42927E-03
 -1       755-5.36257E-04 6.77108E-03-1.25826E-03
 -1       756-1.96145E-04 3.29280E-03-6.24081E-04
 -1       757 3.94109E-04 4.13962E-04-3.95873E-04
 -1       758-2.44643E-04 6.65084E-03-1.73020E-03
 -1       759-3.53201E-04 5.77349E-03-1.31658E-03
 -1       760-4.54538E-04 6.66579E-03-1.37679E-03
 -1       761-3.54678E-04 5.71857E-03-1.31401E-03
 -1       762-3.84665E-04 6.83589E-03-1.54030E-03
 -1       763 1.08093E-04 1.71764E-03-5.66090E-04
 -1       764 3.19455E-04 1.22983E-03-1.38855E-03
 -1       765 2.85184E-04 9.44627E-04-5.20531E-04
 -1       766-5.06503E-04 4.74382E-03-5.86068E-04
 -1       767-1.28911E-04 5.44285E-03-1.62768E-03
 -1       768 1.04463E-05 4.62421E-03-1.70879E-03
 -1       769-2.68736E-04 3.96645E-03-7.83328E-04
 -1       770-1.31735E-04 5.12738E-03-1.53866E-03
 -1       771 2.92283E-05 3.83618E-03-1.49573E-03
 -1       772 1.50568E-04 2.52823E-03-1.46086E-03
 -1       773 1.59426E-04 3.20084E-03-1.63586E-03
 -1       774-1.86936E-05 4.55011E-03-1.61044E-03
 -1       775-1.31026E-04 5.76137E-03-1.71410E-03
 -1       776 1.28083E-04 3.18944E-03-1.54822E-03
 -1       777 2.84149E-04 1.68427E-03-1.54104E-03
 -1       778-1.75004E-04 4.74727E-03-1.36351E-03
 -1       779-5.64581E-04 4.56012E-03-3.66052E-04
 -1       780-2.03653E-04 5.51499E-03-1.59472E-03
 -1       781-5.35900E-04 5.51065E-03-7.93110E-04
 -1       782 5.81650E-04-8.07644E-04-1.72119E-03
 -3
    1PSTEP                         2           1           1          
  100CL  101 1.000000000         782                     0    1           1
 -4  STRESS      6    1
 -5  SXX         1    4    1    1
 -5  SYY         1    4    2    2
 -5  SZZ         1    4    3    3
 -5  SXY         1    4    1    2
 -5  SYZ         1    4    2    3
 -5  SZX         1    4    3    1
 -1         1-2.22618E+01-4.64084E+00-2.41984E+00 1.59334E+01 2.51306E+00-4.81720E+00
 -1         2 2.19779E+01-3.61262E+00-5.01167E+00 1.49837E+00 1.33909E+00-7.68303E+00
 -1         3 1.13413E+01-4.22753E+01-4.63464E+01-3.10498E+01-8.90286E+00-2.13703E+01
 -1         4 8.57043E+01 4.87576E+01 4.54672E+01 2.51417E+01-1.39174E+01-1.70299E+01
 -1         5 1.07582E-01-1.01657E-01-1.69205E+01 1.68967E-02 3.97984E-01-2.78113E+00
 -1         6 4.79317E-02-2.88487E-02-2.46739E+01-4.58641E-02 1.33624E+00-3.76076E-01
 -1         7-1.88175E-01-1.90898E-01 1.64554E+00 2.11157E-01 9.52504E-01 1.47027E+00
 -1         8-2.01383E-01-3.06234E-02-6.51467E+00-1.25532E-01 1.96400E+00 2.24995E+00
 -1         9-4.80871E-01-2.20981E-01-2.55804E+00 5.26682E-02-2.02525E+00-1.83596E+00
 -1        10 3.76191E-01-9.14824E-03-1.05374E+01-9.98124E-03-5.03829E-01-1.79102E+00
 -1        11 1.84482E-01-1.30174E-01 1.60432E+01 1.64546E-01-1.28133E+00 9.20952E-01
 -1        12 2.68297E-01 3.53802E-02 8.04090E+00-3.81994E-02-7.68293E-01 2.26841E+00
 -1        13-8.09387E-01 2.13131E-03 2.94979E-02-1.30443E-01-1.52803E-02 1.36906E-01
 -1        14-9.86472E-01 2.47335E-02 3.10561E-03-1.37902E-01-1.14379E-02-2.37615E-01
 -1        15-9.93497E+00-1.24709E+01 1.42027E+00 4.93755E+00 3.57589E+00 5.54026E+00
 -1        16 7.27277E+00-5.43985E+00 1.84607E+01 1.20378E+01-1.08266E+01-2.37209E+01
 -1        17-8.92132E+00-1.05122E+00 2.01740E+01-2.39291E-01-1.36916E+01-7.64926E+00
 -1        18 4.90916E-01 2.51463E+00-1.23784E+01 1.06134E+01-4.52354E+00-1.72150E+01
 -1        19-2.85912E+01-1.83365E+01-1.74959E+01 1.26157E+01-3.13120E+00-9.93473E+00
 -1        20-2.05125E+01-8.83442E-01 1.06815E+01-5.94372E+00 2.81186E+00-3.97540E+00
 -1        21 2.44906E+01-1.09239E+01-1.64919E+00-7.15440E+00 2.01880E+00-1.22085E+01
 -1        22-7.92176E+00-1.87378E+01 6.36908E-01-6.17331E+00-3.42675E+00-1.23078E+01
 -1        23 1.70124E+01 9.08997E+00 1.06965E+01 1.20511E+01 1.15494E+01 6.17188E+00
 -1        24 8.13291E+00-1.38279E+00 3.58490E+00 2.47468E+00 4.26993E+00 3.85922E+00
 -1        25 1.43952E+01 1.78348E+01 8.18637E+00 6.70416E-01-3.97228E+00-3.39446E-01
 -1        26 5.91836E+00 1.40924E+01 2.24896E+01 2.11339E+01-3.45735E+00-1.17819E+01
 -1        27 4.06746E+00-2.09986E+01 2.40848E+01 2.90764E+00-4.61894E+00-8.16693E+00
 -1        28-6.22386E+00 6.18192E-01 1.99024E+01 5.19812E+00-8.61229E+00-4.85269E+00
 -1        29 3.89411E+00 8.27168E+00-6.75586E+00 1.50276E+01-6.26430E+00-9.81867E+00
 -1        30-3.75792E+01-1.83584E+01-9.30250E+00-7.25141E+00-6.40921E+00-1.66922E+01
 -1        31-3.59615E+01-4.12199E+01-3.05940E+00-5.58144E+00-3.20941E+00-4.99598E+00
 -1        32 8.34967E+00-1.27909E+01-1.68337E+01-3.29235E+00 2.57026E+00-3.50038E+00
 -1        33-8.90292E+00-3.34642E+01-8.65504E+00-1.03581E+01-5.03130E+00-1.22664E+01
 -1        34-1.34208E+01-2.12817E+00-1.45555E+00 1.96309E+00 2.27015E+00-4.06956E+00
 -1        35 7.72550E+00 1.59837E+01 6.89890E+00 9.81976E+00 1.38915E+01 8.54349E+00
 -1        36-3.34875E+01-3.04392E+01-9.54338E+00-1.57888E+01-2.66223E+00-4.46222E+00
 -1        37-1.15625E+01 6.96179E+00-1.30643E+01 1.37376E+01-3.37240E-01 1.11637E+00
 -1        38-1.11021E+01-1.70627E+01-6.25621E+00 8.24650E+00 3.45030E+00-7.76678E-01
 -1        39 5.76828E+00 5.31299E+00-1.67565E+01 9.82782E+00 4.82155E+00-1.48607E+00
 -1        40-6.91056E+00-4.83019E+00-9.24377E+00-5.86970E+00 1.10598E+00 1.30941E+01
 -1        41-5.56718E+00-1.71218E+01-1.67611E+01-4.82977E+00-6.33568E+00-7.92355E-01
 -1        42 1.13090E+01-1.11263E+01 1.27631E+01 3.84996E+00 5.38296E+00 8.25156E+00
 -1        43-2.69896E+01 4.02250E-01 2.91765E+00 2.14417E+00-4.58728E+00-1.48552E+01
 -1        44-2.32108E+00 1.78032E+00-1.09870E-01-1.57505E+01 4.06487E+00-2.08529E+00
 -1        45-1.15471E+01 1.18111E+00 8.70344E+00 2.61719E+00-2.53272E-02-2.05011E+00
 -1        46 2.11117E+00 2.32950E+00 7.51323E+00 5.30577E+00-8.55534E-01-9.82963E+00
 -1        47-1.77648E+01-3.61512E+00-7.74426E+00-9.15066E+00 4.20233E+00 2.11501E+00
 -1        48-1.96745E+01-1.09553E+01-3.19098E+01-1.06986E+00-6.74146E+00-2.85919E+01
 -1        49-2.18380E+01 8.15454E+00-1.18570E+01-1.86776E+01-6.26310E+00-9.14068E+00
 -1        50 5.24567E+00 5.63346E+00-1.03608E+01-1.87002E+00 1.53492E+00-2.13370E+00
 -1        51 1.53222E+01-8.12400E+00-1.06376E+01-1.67137E+00 4.93661E+00 6.18137E+00
 -1        52 2.80357E+00-1.84884E+01-1.05699E+01 3.42361E-01 2.37784E-03 8.66974E+00
 -1        53 1.87950E+01 1.78743E+01 1.42509E+01 7.41751E+00 2.98319E+00 8.57008E-03
 -1        54-2.15075E+00-7.03069E+00 3.31765E+00 4.26508E+00 6.60821E+00 6.95488E+00
 -1        55-2.40781E+01-1.49731E+01-8.39210E+00-1.40107E+01 2.50175E+00-1.77240E+01
 -1        56-8.83678E+00-7.72737E+00-4.07070E+00-6.03265E+00-4.96912E-01 2.39211E+00
 -1        57-1.47224E+01 1.40386E+00 2.37597E+01 5.34450E+00-5.57906E+00-3.47906E+00
 -1        58-1.84574E+00-2.11145E+00 1.81509E+00-2.34289E+00 3.75236E+00-1.14646E+01
 -1        59-3.33633E+01-2.91793E+01-3.27913E+01-1.48580E+01-8.19415E+00-2.24585E+01
 -1        60-2.09064E+01 1.14772E+01-1.43799E+01-1.66714E+01-8.53868E+00-2.05029E+01
 -1        61-2.52909E+01-3.33487E+01-1.92223E+01-2.04042E+01-1.24633E+00 1.37791E+00
 -1        62 6.98835E-01-1.54710E-01 8.23506E+00 5.47413E-01 2.65160E+01 6.83243E+00
 -1        63-1.51976E+01-1.72321E+01-1.76125E+01-1.50412E+00 1.86899E+01 4.21673E+01
 -1        64-6.63191E+00-2.87405E-01-3.44478E+01-8.83589E+00-7.70801E+00 7.94489E+00
 -1        65 2.32274E+01-2.86963E+01 4.74598E+01-1.09923E+01 1.09481E+01 1.32576E+01
 -1        66 1.36657E+01-5.06527E+00 1.05774E+00-1.07538E+00 1.31365E+01 2.79478E+01
 -1        67 9.17194E+00 3.65167E+01 4.06166E+01-2.66647E+01 2.60791E+00 6.41198E+00
 -1        68-2.17215E+01-1.05746E+01-2.69279E+01-1.12324E+01 1.15422E+01 1.42087E+01
 -1        69-2.70784E+01-1.97533E+01-1.09272E+01-6.04088E+00-1.66180E+01-7.22670E+00
 -1        70 2.52852E+01 1.09256E+00 3.36755E+01 8.12508E+00-1.08783E+01 2.91071E-01
 -1        71-4.09109E+01-6.46768E+00 7.23529E+00-1.22310E+01 7.95446E+00 2.42211E+00
 -1        72 7.19259E+01 7.81461E-01 3.28085E+01 1.06467E+00 1.03906E+01 4.30485E+01
 -1        73-7.31429E+01-5.14961E+01-5.03174E+01-6.08741E+01-6.03589E+00-2.01435E+01
 -1        74 2.57324E+01-9.41155E+00 3.13650E+01 2.89378E+00 2.74464E+01 2.42900E+01
 -1        75-4.39601E+01-2.49445E+01-3.56889E+01-9.17656E+00 9.62500E+00 2.79145E+01
 -1        76-5.56150E+01-4.83100E+01-9.50132E+01-2.33788E+01 8.67403E+00 1.03707E+01
 -1        77 8.37882E+01 4.18013E+01 9.34711E+01 2.46478E+01 2.85949E+01 4.22362E+01
 -1        78-1.85320E+01-1.78614E+01-8.54532E-01-2.94194E+01 6.14281E+00 1.27415E+01
 -1        79-6.07709E+01-2.33041E+01-3.83919E+01-4.75119E+01 5.67960E+00-4.02880E+00
 -1        80-6.40287E+01-2.51631E+01-2.21570E+01-2.40243E+01-9.97815E+00-1.91376E+00
 -1        81-5.83468E+00 1.03212E+01 1.17850E+01 9.31833E+00-1.72464E+01 1.36413E+01
 -1        82 3.12186E+00 5.05981E+00 4.42479E+01-7.97207E-01 2.34150E+01 2.71283E+01
 -1        83 4.24873E+00-9.56488E+00-2.16916E+00 1.25583E+01 1.19717E+01 1.47827E+01
 -1        84 6.59495E+01-6.15304E+01-1.82017E+00-9.09444E+00 1.77080E+01 1.59595E+01
 -1        85-3.25482E+01-2.96280E+01-2.25357E+01-1.94031E+00 7.20577E+00 2.91235E+01
 -1        86-4.12043E+01-3.16427E+00-3.54418E+01-7.90190E+00-1.64624E+01 2.21871E+01
 -1        87-1.90119E+00 2.37835E+00-4.70950E+01-4.84324E-01-3.50252E+00 2.09279E+01
 -1        88-1.15199E+00-1.75233E+01 1.06052E+00-1.19675E+01 6.40684E-01 8.33823E+00
 -1        89 8.06159E+01 2.03676E+01 3.27868E+01 5.97528E+00 1.67524E+01 2.45648E+01
 -1        90-1.94863E+01 4.22744E+00-1.17423E+01 1.04555E+01 1.25853E+01 2.70848E+01
 -1        91-3.38068E+01 4.23135E+00-2.08496E+01-1.58143E-01-3.25464E+00 3.06608E+01
 -1        92-9.51833E+00 2.61240E+01-1.70515E+01 1.36599E+01 6.54871E-01 1.36966E+01
 -1        93 8.64735E+00-1.60851E+01-1.08092E+01-2.55055E+00 3.69943E+00-9.50228E+00
 -1        94 6.29233E+01 2.03075E+01 1.53087E+01 2.86075E+01-6.02565E+00 4.83879E+00
 -1        95-1.69985E+01-8.92122E+00-1.29598E+01 6.27767E+00 1.54287E+01 4.49021E+00
 -1        96 8.35781E+00 2.05231E+01 1.79662E+01 4.07037E+00-9.31376E+00-1.43055E+01
 -1        97-5.36940E+01 4.76717E+01-4.40690E+01 2.16139E+01-1.25643E+01 3.70424E+01
 -1        98-3.42472E+01-1.94285E+01-5.78534E+01-6.52209E+00-1.05541E+01 9.01433E+00
 -1        99 9.76777E+00-8.66417E+00-5.13993E+01-7.05704E+00-2.03954E+01-7.50462E+00
 -1       100 4.09035E+01-2.00459E+01-4.12779E-01-1.01685E+01 4.81726E+00 2.98093E+01
 -1       101 7.77896E+01 6.84845E+01 6.31573E+01 3.21808E+01 2.68907E+01 1.72700E+01
 -1       102-3.47340E+01 2.18465E+01-1.91094E+00 1.00856E+01-8.56805E+00 1.74317E+01
 -1       103-1.42281E+01 4.15823E+01-1.82685E+01 9.25711E+00-1.79167E+01 1.41173E+01
 -1       104 2.78334E+01-1.96393E+01-8.34606E+00 4.72847E+00-2.05220E+01-4.23847E+01
 -1       105-2.09149E+01-9.80701E+00-1.94589E+01 1.03631E+01 5.85727E+00 6.43388E+00
 -1       106 5.47677E+01 3.17016E+01 1.53105E+01 3.13317E+01 7.96793E+00 1.78830E+01
 -1       107 3.53089E+01 2.50165E+01 3.44821E+01 2.12734E+01 1.26237E+01 1.12672E+01
 -1       108-1.49258E+02 2.59175E+01-1.67664E+01-4.00241E+01-1.61081E+01 9.40098E+00
 -1       109 1.25611E+01-2.20912E+01-2.97530E+01-4.06416E+00 6.03796E+00 5.65397E+00
 -1       110 8.75928E+01 1.23739E+02 7.24006E+01 2.65519E+01-2.61100E+01-1.41835E+01
 -1       111-3.01329E+01-2.01032E+01-2.50240E+01-7.99334E+00 1.01704E+01 2.59236E+01
 -1       112-1.61905E+01-2.37454E+01-4.59208E+01-2.13727E+01-4.60103E+00-1.04470E+01
 -1       113 1.17126E-01 4.09977E-02-2.08163E+01 1.87256E-02 1.90444E-01-1.91344E+00
 -1       114 1.92104E-01-5.31071E-03-7.48566E+00 1.88303E-01 7.45902E-01-7.20721E-01
 -1       115-2.04289E-01-1.12241E-01-2.49347E+00 2.12376E-02 1.41600E+00 1.50783E+00
 -1       116 3.34449E-03-7.82198E-03-1.55116E+01-6.65207E-02 2.36010E+00 9.19826E-01
 -1       117 1.12359E-01 3.22696E-02-6.41331E+00 2.72463E-02-1.06267E+00-1.57455E+00
 -1       118-1.25679E-01-4.66207E-01 6.61593E+00 4.69962E-02-2.17841E+00-5.96017E-01
 -1       119 3.41534E-01-8.88445E-02 1.20938E+01 1.65283E-02-6.95100E-01 1.72866E+00
 -1       120 2.00912E-01-2.07065E-02-1.31141E+00 2.42293E-02-6.09109E-01 2.06691E-01
 -1       121 2.23725E-01-5.49474E-03-1.76296E+01-9.06005E-03-1.68520E-01-1.06712E+00
 -1       122-4.68077E-01-1.47151E-01-9.80569E+00 4.06690E-02-3.45230E-02-2.16298E+00
 -1       123-9.77912E-02-5.74073E-02 6.83955E-01-5.13670E-02 2.95621E-01 2.30145E+00
 -1       124-1.35460E-01-3.93974E-02 8.85118E+00 1.93285E-01-7.86164E-02 1.29011E+00
 -1       125-7.74427E-01 1.45229E-02-4.20828E-01-1.55968E-01 5.56366E-02 6.58763E-01
 -1       126-2.56848E-01-4.49578E-02-1.41941E+00-4.38096E-02 1.11281E-01 7.08755E-01
 -1       127 9.61099E-02 7.80338E-02-3.28074E+00-3.53678E-02 4.82581E-01 2.17550E-01
 -1       128 1.81689E-01-8.19591E-01-1.75687E+01 2.12565E-01 5.63664E-01-3.78913E-01
 -1       129 6.15265E+00 4.18407E+00-1.12200E+00 3.76806E+00 4.14368E+00 6.34707E+00
 -1       130 2.79253E+00-8.23681E-03-3.80150E-02 1.15350E+00 4.35998E-03 1.94866E+00
 -1       131 3.92565E-01 7.38080E-01-4.47003E-01 1.51571E+00-1.11268E-01 1.03621E+00
 -1       132-1.03770E+00-1.03078E-01-3.46399E-01-5.06552E-01 4.24426E-01 1.54311E+00
 -1       133-4.35807E-02-2.04923E-01 6.97777E-01 2.21794E-02-3.30987E-02 3.36683E-01
 -1       134-7.01574E-02 1.48593E-02-6.78427E-02-1.61059E-02-5.79997E-02 6.47754E-03
 -1       135-4.93100E-01-7.92215E-03 7.03806E-03-1.27339E-01-6.50273E-02-1.67184E-01
 -1       136-8.69289E-01-3.06691E-02-1.87360E-01-1.18687E-01 4.20958E-02 3.79219E-01
 -1       137-4.61803E-01-1.56176E-03-8.61014E-01-8.57562E-02 3.07814E-02 6.68746E-01
 -1       138-1.29821E-01 7.18151E-02-2.09771E+00-8.74270E-02 3.21439E-01 4.45249E-01
 -1       139-4.68435E-01 3.70893E-02-7.34536E+00 2.68370E-02 1.38094E-01 2.54903E-01
 -1       140-2.06514E+00-2.96359E+00-2.68771E+01 2.59572E+00 1.00367E+01 8.70355E+00
 -1       141 5.22360E+00 6.95968E-01 2.49948E-01 2.28138E+00 4.33098E-01 3.67741E+00
 -1       142 1.02622E+00 1.17233E-02-6.69395E-01 1.34044E+00-9.21495E-02 1.47254E+00
 -1       143-7.60365E-01 5.65977E-01-1.27701E-02 4.92366E-01 3.99233E-01 1.21507E+00
 -1       144-1.00164E-01-1.71577E-01 8.63204E-01-2.40361E-01 1.47268E-01 6.01276E-01
 -1       145-9.78479E-02 2.02664E-02 2.51657E-02 5.40270E-02-1.31993E-01 1.87449E-01
 -1       146-3.33577E-01-4.16072E-02-1.45302E-01-7.13407E-02-4.19463E-02-1.37862E-01
 -1       147-6.23940E-01 1.49069E-02 1.31274E-02-1.02649E-01-4.68980E-02-1.66091E-02
 -1       148-8.90756E-01 1.50785E-02 1.64951E-02-1.84549E-01-1.90276E-02-8.96615E-02
 -1       149-5.14720E-01 4.02995E-02-7.50011E-02-1.26570E-01 9.55288E-02 1.71979E-01
 -1       150 2.16596E-03 6.93815E-02-1.79360E-01-6.13559E-02 1.36190E-01-9.92007E-03
 -1       151-8.87514E-02-4.41901E-01 1.10684E+00 1.30864E-01-6.20067E-01-4.25792E-01
 -1       152-5.80827E-01-1.48812E-01 1.10525E-01-2.26450E-01-9.89290E-01-3.76875E+00
 -1       153 1.51218E+00 3.66545E-01 4.30508E-01 1.52718E+00-3.79093E-01-1.85494E+00
 -1       154 3.77810E+00-3.83612E-01 5.85945E-02 1.60154E+00-2.08517E-01-2.06081E+00
 -1       155 8.61815E+00 2.23927E+00 3.95246E-01 3.10809E+00-2.21475E+00-4.98395E+00
 -1       156 2.10265E-01-3.92373E-01-1.15821E+01 9.16465E-01-1.11423E+00 6.86623E-01
 -1       157 8.26226E-02 2.42094E-02-2.71106E+00 8.74289E-02-2.09222E-01-2.55995E-01
 -1       158-2.02489E-01 8.18535E-02-1.25775E+00-5.10782E-02-4.87352E-02-6.85214E-01
 -1       159-7.99445E-01 2.75860E-02-4.54238E-01-1.00561E-01-5.64406E-02-6.63669E-01
 -1       160-8.27728E-01-1.40616E-03-5.99826E-02-1.16446E-01 3.04641E-02 2.96158E-02
 -1       161-2.57097E-01 2.19540E-02-1.11103E-01-8.46779E-02 7.83675E-02 8.16668E-02
 -1       162 2.19591E-02-4.08688E-02 1.16569E-02-6.24307E-03-2.31760E-02-1.65285E-01
 -1       163-1.35237E-01-2.18141E-01 2.16021E+00 4.81719E-01-9.83797E-01-8.89546E-01
 -1       164-6.14386E-01 2.52458E-01 5.64540E-01 5.64821E-01-8.69075E-01-2.94427E+00
 -1       165 2.77887E+00-1.43963E-01 8.70507E-02 1.71265E+00-3.26419E-01-1.82340E+00
 -1       166 5.83144E+00 5.06004E-01 7.65054E-02 1.95905E+00-3.90086E-01-3.31267E+00
 -1       167 6.17525E+00-3.94771E-01-9.32708E+00 3.48864E+00-5.75954E+00-3.20067E+00
 -1       168-4.61343E-01-3.38111E-01-6.35979E+00 2.42502E-01-6.24813E-02 2.96236E-01
 -1       169 2.75591E-01 2.87459E-01-1.63687E+00 6.01952E-02-1.19259E-01-4.64569E-01
 -1       170-5.82861E-01-8.09988E-03-8.28432E-01-5.66644E-02-5.78800E-02-6.66882E-01
 -1       171-8.57346E-01 5.84904E-02-1.69652E-01-7.02434E-02-2.30565E-02-4.23472E-01
 -1       172 6.96227E+00-4.76290E+00 1.78456E+00 1.26978E+00-8.36563E+00-6.62211E+00
 -1       173 3.32647E+01 2.32303E+01 2.50327E+00 1.49281E+01-4.55524E+00-1.84772E+01
 -1       174-2.80001E+01-1.18031E+01-1.62268E+01-2.79502E+00-1.20058E+01-3.64841E+00
 -1       175 4.99674E+00 1.02131E+01-3.92171E+00-9.05125E+00-4.13447E+00-2.37605E+00
 -1       176 2.42223E+01 1.42697E+01 1.68630E+01 2.13652E+01-5.57697E+00-8.13751E+00
 -1       177 1.83391E+01-8.27784E-01-1.40860E+01 1.46351E+01-6.98911E+00-1.00969E+01
 -1       178-2.80772E+00 2.45393E+00 4.52638E+00-3.69760E+00-5.31640E+00-2.56540E+00
 -1       179-3.21900E+01-2.06315E+01-1.77632E+01-3.14376E+00-1.79058E+01-1.15590E+01
 -1       180 3.32152E+00-8.20471E+00 2.10598E+00 2.82804E+00-3.73435E+00 3.53682E+00
 -1       181 6.47622E+00 9.21422E-01 1.66295E+01 5.93425E+00-2.39926E+00-5.27311E+00
 -1       182 1.17801E+01 1.95082E+01 8.37579E+00 1.45864E+01 4.18962E+00-1.67478E+00
 -1       183-3.19086E+01-6.63145E+00-7.19227E+00 7.03787E+00-4.04798E+00-7.33775E+00
 -1       184-2.01504E+01 5.58516E+00 1.78585E+01-2.51620E+00-4.08937E-01-1.21899E+01
 -1       185 9.26772E+00-1.50124E+00-2.37065E+00-5.59385E+00-2.46914E-01-1.01521E+00
 -1       186-1.10227E+01 1.63941E-01-6.64820E-01-1.00260E+01 1.07325E+01 3.25435E+00
 -1       187-2.22946E-01-1.53551E+01 4.44762E+00-2.52776E+00 6.67114E+00 7.65697E+00
 -1       188-9.16331E+00-1.16401E+01 2.85253E-01-4.16385E+00 2.77385E+00-1.62895E+00
 -1       189 6.54156E+00-7.14018E+00 1.95549E-01-3.69823E+00-9.43935E-01-1.02028E+01
 -1       190 7.55390E+00-6.04087E+00 1.81857E+00-3.52985E+00 1.82484E+00-2.15675E+00
 -1       191-2.53402E+00-1.70564E+00-1.12172E+01 6.85374E+00 9.48629E+00-3.28806E+00
 -1       192-1.54105E+01-2.20279E+01-2.15099E+01-2.98831E+00-6.11323E+00-1.85733E+01
 -1       193 3.87776E+00 1.15187E+01 6.61328E+00 4.08040E+00 9.96688E+00 9.10940E+00
 -1       194-4.84857E+00-9.09441E+00-6.45355E+00-3.90164E+00-1.78152E+00-3.32929E+00
 -1       195 1.76647E+01 3.09611E+01 2.67615E+01 2.37061E+01 6.40574E+00 1.09076E+01
 -1       196-1.06423E+01-5.59331E+00-6.57259E+00 1.52413E+00-5.49450E+00 1.35321E+00
 -1       197-3.22958E+00-7.67937E+00 1.04896E+01 7.20178E+00-2.85607E+00 4.95044E+00
 -1       198 3.51596E+01 1.92917E+01 2.16969E+01 9.16779E+00-8.38284E+00 3.67668E-01
 -1       199-2.30588E+01-4.75996E+00-2.27129E+00-8.76562E+00-1.02329E-01 1.17852E+01
 -1       200-2.25676E+01-3.03877E+00 6.47161E-01-1.02074E+01-4.08488E+00 1.00050E+01
 -1       201-7.30696E+00 1.03032E+00-5.46167E+00 2.57314E+00 8.11521E-01 7.85915E-01
 -1       202 3.53906E+01 3.41682E+00-9.78920E+00-2.23491E+00-8.48529E+00 1.77014E+01
 -1       203-3.21106E+00 2.86131E+00-2.58817E+01 5.06887E+00-8.04488E+00-3.95442E+00
 -1       204 2.87787E+01 3.37544E+00-2.58165E+00-1.36890E-02-6.57606E+00 1.31414E+01
 -1       205-2.41816E+01 6.32246E+00 5.94692E+00-3.25079E+00-1.54323E+01-1.10133E+01
 -1       206-1.40696E+01 2.39603E+01 2.96121E+01 5.19872E+00-4.50242E+00 3.97034E-01
 -1       207-9.85317E+00-5.92565E+00 6.22849E+00 9.97113E+00 1.08580E+01 1.01457E+01
 -1       208 3.09604E+00 1.15333E+01 1.83854E+01 8.46145E+00-7.50230E+00-8.64356E+00
 -1       209-5.86674E+00-1.05075E+01-3.20555E+00 2.12043E+01 7.53681E+00-7.26184E+00
 -1       210 1.11149E+01 2.09648E+00-2.97273E+00 3.29489E+00-2.95482E+00-6.84671E-01
 -1       211 2.47425E+01 2.53876E+01 3.23428E+01 1.48310E+01 7.38417E-01 6.85481E+00
 -1       212 5.69732E+01 1.61486E+01 1.00697E+01 1.02001E+01-1.30611E+01-1.86714E+01
 -1       213-2.11822E+01 2.24782E+01 1.50918E+00 1.30244E+01 1.72920E+01 8.20717E+00
 -1       214 1.47612E+01-1.37928E+01 1.83135E+01-2.15283E+01 2.40335E+00 3.50952E+01
 -1       215 5.29183E+01 1.42030E+01 8.34067E+00-7.15235E-01 4.31321E+00 9.18304E+00
 -1       216-1.89735E+01 2.04519E+01 2.94331E+01 3.04815E+00 1.98984E+00-1.46227E+01
 -1       217-1.54323E+01-4.19275E+00-3.09761E+00-1.22895E-01 9.22735E+00 8.10276E+00
 -1       218-3.26569E+01-2.44668E+01-8.95703E+00-4.83821E+00 1.50324E+00 1.89289E+00
 -1       219-2.30830E+01-1.23932E+01 1.11733E+01 3.15905E+00-2.92144E+01-2.07747E+01
 -1       220 4.53272E+00 2.19064E+01 1.78084E+01 1.33579E+01-3.10018E+00-1.45644E+01
 -1       221-1.10410E+01 4.16758E+01 3.53454E+01 4.78316E+00 6.88115E+00 2.13390E+00
 -1       222 6.04533E+00-4.20785E+00-4.28124E+01 3.39841E+00-1.24510E+01-1.64430E+01
 -1       223-8.97010E+00-9.06800E-02-2.59710E+00-7.41788E-01-1.04870E+01-3.44049E+00
 -1       224-3.73326E+01 1.28172E+00 1.96089E+00-3.71759E+00-5.49404E+00 1.41452E+00
 -1       225-9.51450E+00 8.57240E-01-8.32916E+00 1.09020E+01-2.99030E+00 1.50918E+00
 -1       226 1.79758E+01 2.26349E+00-1.02129E+01 9.78423E+00 2.89193E+00 6.16685E-01
 -1       227 1.74474E+01-5.86577E+00-3.99634E+01 3.11254E+00-8.76843E+00-1.08462E+01
 -1       228 1.03471E+01 2.27880E+01 1.41735E+01 8.01375E+00-3.82493E+00 7.34886E+00
 -1       229-1.11047E+01-1.88670E+01-1.83985E+01 1.13340E+01 1.94919E+00 1.84922E+01
 -1       230 2.95379E+01 2.29740E+01 1.37319E+01 1.11460E+01-2.32459E+00 1.87702E+01
 -1       231 2.23468E+01 2.33683E+00 3.70885E+00 2.37402E+00 6.17573E-01 2.67503E-01
 -1       232-7.42297E+00-6.21787E+00 4.85755E+00-4.41937E+00-3.35437E+00-4.02833E+00
 -1       233 4.09515E+01 2.58650E+00 1.63762E+00-8.74062E-02-1.23404E+01 9.67143E+00
 -1       234-1.58752E+00-1.62575E-01 1.86809E-01 4.95859E+00-2.91654E+00-5.92030E+00
 -1       235 1.12042E+01-3.69887E-01-1.77081E+00 7.20789E-01 3.40949E+00-4.22748E+00
 -1       236 1.97679E+01 2.55125E+00-7.62372E+00-1.69808E+00-1.68513E+00 1.08479E+01
 -1       237-1.56741E+01-8.94427E+00-3.22052E+00-2.97066E+00 1.44894E+00 7.75885E-01
 -1       238 1.05678E+01 9.03570E+00 1.10959E+01 1.73215E+00 2.19822E+00 7.27417E-02
 -1       239-5.97996E+00 5.09416E+00 1.75742E+00 4.04534E-01 3.84381E+00 1.73847E+01
 -1       240-1.58887E+01-2.79474E+01 6.80606E-01-1.12482E+01 1.58733E+00 1.28778E+01
 -1       241 2.14879E+01 6.79165E+00 7.41532E-01 9.81377E+00 6.44801E+00 6.33705E+00
 -1       242-1.78227E+01 1.20856E+01-6.30202E+00 1.17932E+00 2.34181E+00 1.21492E+01
 -1       243-8.26183E+00-8.71189E-01 1.30903E+01-5.74016E+00-1.73472E+00 5.22063E+00
 -1       244 1.60393E+01 5.07901E+00 1.43677E+01 3.72115E+00-1.34065E+00-3.97149E+00
 -1       245 1.92985E+01 3.99144E-01 1.50342E+01 1.43337E+00-1.04677E+01 4.60624E+00
 -1       246 6.23216E+00-1.55719E+01 1.36708E+01-7.31990E-01-6.45342E+00 9.30313E+00
 -1       247 2.21261E+00 1.45691E+01 2.86247E+01 1.14869E+01-5.45767E+00-1.22596E+01
 -1       248-3.30694E+01-4.46818E+01-1.55149E+01-2.74286E+01-1.38367E+01-6.79377E+00
 -1       249-1.92911E+01 2.91220E+01 2.10827E+01 9.11535E+00 5.66636E+00 2.12572E+01
 -1       250-5.20656E+01 9.03168E+00-8.52019E+00-1.31601E+01-2.64729E+00 1.30789E+01
 -1       251 2.97269E+01 8.52371E+00-2.23901E+01 8.12838E+00-6.13681E+00-1.03091E+01
 -1       252 1.28671E+01-3.80886E+00-1.76354E+00 1.78654E+00 2.48228E+00-8.80077E-01
 -1       253 1.45815E+01-2.46484E+01 4.05894E+00 1.98689E+00 9.99548E+00 7.13036E+00
 -1       254-3.35368E+01-1.00006E+01-8.93634E-01 2.86096E+00 7.70042E-01 8.65235E-01
 -1       255 3.33460E+01 8.23115E+00 9.30648E+00-1.17244E+01 1.46508E+00 1.80862E+01
 -1       256 3.09528E+01 1.37857E+01 1.73060E+01-1.24242E+01-5.13331E+00 7.36607E+00
 -1       257 2.20374E+01 9.58504E+00 1.37593E+01-2.20406E+01-1.54372E+00 1.63671E+01
 -1       258 3.32235E+01-2.09101E+01-1.71460E+01-5.96108E-01 1.17786E+01 2.47014E+01
 -1       259-1.00336E+01 6.23746E+00-7.23276E+00-7.95214E+00 9.47755E+00 1.35132E+01
 -1       260 2.21275E+01 2.30176E+01 6.61403E+00 1.82061E+01-7.62438E+00 5.57402E-02
 -1       261-3.62012E+01-2.25008E+01-1.12273E+00-1.13320E+01-1.50391E+01-3.10715E+00
 -1       262-9.79412E+00 2.00025E+01 2.01817E+01 1.34478E+00-6.48919E+00 4.77681E+00
 -1       263 1.44796E+01-3.48777E+00 1.27907E+01 1.69897E+00-7.37774E+00-2.89591E+00
 -1       264-4.49386E+01-1.32340E+01 8.25703E+00-2.21303E+01 2.42542E-01 2.89497E+00
 -1       265 6.11370E+01 1.00722E+01 1.75089E+01 1.19245E+01-1.15737E+01-6.25192E+00
 -1       266 6.45715E+01 1.53122E+01 2.36610E+01 9.11760E+00-1.17525E+01 1.03601E+01
 -1       267-5.52641E+00 1.51373E+01-4.35262E+00 1.13539E+01 1.69405E+01 3.79360E+00
 -1       268-1.39696E+01-2.11827E+01 1.04924E+01-8.66544E+00-1.07070E+01 9.31322E+00
 -1       269-7.44537E+00-4.51947E+00-5.96871E+00-9.32105E-01-2.45387E+00 7.89204E+00
 -1       270-4.52005E+00-1.59760E+01-1.12800E+01-8.64403E+00 1.79883E+00-3.66323E+00
 -1       271-1.75129E+01 1.55011E+01-9.14248E+00-1.17410E+01-4.83534E-01 2.01888E+00
 -1       272 1.91178E+01-1.27224E+01-1.50128E+01 8.97477E-01-3.82324E+00-3.27086E+00
 -1       273-1.32095E+01 2.12571E+00-7.64953E+00 3.40061E+00-7.98312E-01 3.94220E+00
 -1       274-2.45159E+01-2.76293E-02 8.62931E+00-2.05699E+01-1.40836E+01 1.04740E+01
 -1       275 5.17634E+00 8.24006E-01-1.56744E+01-6.28040E+00-1.54957E+00 8.61511E+00
 -1       276-3.25371E+01-3.15591E+00-1.00069E+01 4.06332E+00 3.23304E+00 2.57737E+01
 -1       277-1.49124E+00 1.67341E+01-2.01193E+01 7.22315E+00 7.64419E+00 2.31423E+01
 -1       278-2.91848E+01-8.00654E+00-5.02307E+01-4.25202E+00 3.89144E+00-7.18684E-01
 -1       279-1.77296E+00 1.62622E+01 9.02391E+00-2.90278E+00 3.85748E+00 1.99204E+00
 -1       280-3.16478E+01-1.72502E+01-2.36058E+01-1.60388E+00 9.85993E+00-9.90583E-01
 -1       281 2.40810E+00 3.45438E+00-6.83787E+00-4.11173E+00 1.97127E+00 3.48648E+00
 -1       282 1.39492E+01-6.80905E+00 5.70581E-01 4.14653E+00 1.65819E+00 5.57935E+00
 -1       283 1.40052E+01 1.42040E+01 1.15114E+01 2.14010E+01 2.48675E+00 9.71870E+00
 -1       284 1.17498E+01 8.53535E-01 3.55601E+00 1.17145E+01 6.00964E+00 5.28137E+00
 -1       285-4.14756E+01-1.46453E+01-1.95616E+01-6.96309E+00 8.15265E+00 7.98452E-01
 -1       286-1.08753E+01 8.19361E+00 5.38177E+00 1.48595E+01-1.31075E+01-5.54230E+00
 -1       287-4.80597E+01-1.26747E+01-2.15038E+01-6.21304E+00 5.75609E+00 8.44291E+00
 -1       288 2.84493E+01 3.62364E+01-1.72525E+01 2.37266E+01 3.15943E+00 7.72781E+00
 -1       289-1.31026E+01-5.47724E+00-1.19305E+01-1.53553E+00 2.11662E+00 5.29342E+00
 -1       290 8.61194E+00 1.48218E+01-3.16822E+01 1.60713E+01 1.02376E+01 1.98750E+01
 -1       291 1.37703E+01 2.52166E+01-1.80143E+00 6.97390E+00 3.52339E+00 1.22440E+01
 -1       292-1.89197E+01-2.84142E+00-1.64473E+01-8.47756E+00-5.87031E+00 2.98643E+00
 -1       293-5.23886E+01-3.47137E+01-5.23550E+01-1.60047E+01 9.53627E+00 1.37232E+01
 -1       294 1.22129E-01-2.10417E+01-2.87103E+01-8.61569E+00 2.09451E+00 1.09873E+01
 -1       295 1.40982E+01 3.35468E+00 1.10854E+01 7.69091E-02 1.34916E+00 2.33623E+00
 -1       296 2.75451E+00 1.58348E+00-2.05252E+01-1.01625E+00-9.27966E-01 1.80613E+00
 -1       297 1.49338E+01 1.16648E+00 1.00315E+01 9.88132E+00 2.92030E+00 1.71084E+01
 -1       298 8.37059E+00 2.08899E+01 3.40273E+01 1.55317E+01-1.22006E+01-9.55864E+00
 -1       299 3.29312E+01 1.72744E+01 2.14238E+01-1.96646E+00-1.76629E+00 4.71326E+00
 -1       300 1.38561E+01 1.14984E+01 1.51232E+01 4.55111E+00-1.91285E+00 1.09520E+00
 -1       301-9.12944E+00 2.77439E+00 1.24064E+01-1.24401E+01-3.52580E+00-1.02695E+00
 -1       302 2.05864E+01 2.16499E+01 3.89089E+01-2.21906E+00-2.48219E+00 1.48850E+01
 -1       303 2.69323E+00 1.61601E+01 3.68258E+00-1.70336E+00 6.10165E+00 8.60024E+00
 -1       304-1.63619E+01 1.01688E+01-4.63507E+00 8.61676E+00 3.26826E+00 1.29602E+01
 -1       305-5.99165E+01-2.56219E+01-1.37073E+01-1.39305E+01-1.36080E+01 1.92014E+01
 -1       306 6.07710E-01 1.20835E+01 1.26253E+01 1.25823E+00-1.85640E+00-1.34316E+00
 -1       307-1.16296E+01 1.27897E+01 9.56684E+00 6.95293E+00-2.47980E+00-7.15353E+00
 -1       308-4.08201E+01-1.11681E+00-1.54376E+01 2.67994E+00-2.62450E+00 1.07546E+01
 -1       309 7.36560E+00 1.53270E+01-3.02172E+00 1.04560E+01-7.62583E+00-2.57631E+01
 -1       310-9.07975E+00 9.59067E+00-1.58779E+00-4.28096E+00-1.86092E+00-5.96524E+00
 -1       311-1.35665E+01 7.55611E+00 4.29385E+00-3.87140E+00 1.26979E+01 1.76922E+01
 -1       312 3.14397E-01-4.90026E+00-1.07443E+01-4.53180E+00 4.67454E+00 7.14917E+00
 -1       313 4.72854E+00 4.66001E-01-1.44465E+01 2.93977E+00 5.43616E-01-9.99096E+00
 -1       314 1.46772E+01-1.07368E+01-2.71609E+00-2.52839E+00-5.51396E+00-5.08655E+00
 -1       315 8.21688E+00 7.20920E+00-1.06274E+01-6.91529E-01 3.47073E+00-1.57910E+01
 -1       316 1.68843E-01-2.77550E+00-8.41464E+00-7.79810E+00-7.56143E+00-1.37760E+01
 -1       317 7.02714E+00-1.00387E+01-1.94697E+01-2.17662E+00-6.54991E+00-1.09170E+01
 -1       318 1.21518E+01-9.23153E+00-7.93195E-01-2.57606E+00-3.61270E-01-3.02725E+00
 -1       319-4.06486E+01-5.55569E+00-1.46890E+01-1.32814E+01 1.65984E+00 2.85598E+01
 -1       320-8.75441E-01 1.08631E+01-3.37907E+01 9.77454E+00-1.01826E+00 3.07810E+01
 -1       321 1.05604E+01 5.44020E-02-2.99322E+01 8.62918E+00-3.04355E+00 6.14025E+00
 -1       322-3.62151E+01-1.28693E+01-6.47778E+01-4.21974E+00-2.89185E+00 1.27572E+01
 -1       323-7.39101E+00-6.26196E+00-2.52315E+01-6.33786E+00 5.10462E+00 8.64491E+00
 -1       324-3.11091E+01-2.16087E+01-3.89463E+01-1.85089E+01-3.56335E+00 2.52436E+01
 -1       325 8.84090E+00-1.40040E+01 1.61784E+00-6.08984E+00-8.04202E+00 5.63874E+00
 -1       326 8.80076E-01-2.59781E+01 9.97176E+00-1.44833E+01-9.41221E+00 6.52433E+00
 -1       327-6.84978E+01-1.39852E+01-2.24585E+01-1.74100E+01-8.43847E+00 1.15858E+01
 -1       328-1.93186E+01 3.76567E+00 1.42668E+01-3.06781E+01 7.10298E+00 1.30453E+01
 -1       329-3.14172E+01-4.25115E+00-6.93211E+00 1.55708E+01 7.16934E+00 3.24999E+01
 -1       330-6.69388E+01-2.84826E+01-2.85345E+01-2.12114E+00 1.15002E+00 2.36386E+01
 -1       331 1.79130E+01 1.56803E+01-4.51323E-01 2.04263E+01 6.73782E+00 1.43627E+01
 -1       332-3.27935E+01-5.52921E+00-2.66485E+01 8.42658E+00-9.46391E+00 8.66058E+00
 -1       333-2.80401E+01-3.47244E+00-1.52045E+01-2.07367E+01-6.98367E+00-1.81552E+01
 -1       334-1.00036E+01 3.10819E+01-1.72959E+00-8.87455E+00-3.33533E+00 1.86902E+00
 -1       335 4.97696E+01-5.29060E+00-1.11344E+01 1.25711E+01-1.16088E+01-1.14512E+01
 -1       336 3.60736E+01-9.60585E+00-1.04191E+01 6.21865E+00-1.25950E+00-8.30168E+00
 -1       337-2.32534E+01-2.98108E+01-1.79743E+01-9.86268E+00 4.57806E+00-4.76455E+00
 -1       338 3.93337E+00-5.37119E+00-1.06722E+01 3.25117E+00 5.43248E+00 1.04440E+01
 -1       339 2.41208E+01 2.44402E+01 2.85712E+01 1.66031E+01 6.66012E+00 3.61921E+00
 -1       340-9.47395E+00-4.58317E-01 2.10722E+01-2.69211E+00 2.01001E+01 1.16443E+01
 -1       341-3.24578E+01-4.17822E+01-6.16929E+01-4.56739E+00-7.31690E+00 8.64702E+00
 -1       342-2.15818E+01-7.48973E-01-5.43008E+01 1.20862E-02-3.08650E-02-4.75123E+00
 -1       343-2.64428E+01-1.79513E+01-2.03191E+01-7.78663E-01 7.50310E+00 1.95189E+01
 -1       344-1.58435E+01-1.96555E-01-3.32410E+01 1.32397E+01-5.28373E+00 2.79183E+01
 -1       345 1.48927E+02 7.45499E+01 4.09218E+01 2.73221E+01-8.36816E+00 1.50087E+01
 -1       346 2.29438E+01 1.42240E+00 8.94116E+00 9.49425E+00-3.39785E+00 2.06751E-01
 -1       347-1.20417E+01-2.98483E+01-1.99315E+01-8.11516E+00-6.50628E+00 1.29061E+01
 -1       348 1.46162E+01 5.29816E+01 1.39341E+01 5.64016E+00-9.90283E+00 5.84094E-01
 -1       349-3.15037E+00 2.83210E+01 3.80512E+01-4.20480E+00 5.13175E-01 1.24052E+01
 -1       350 9.93958E+00 2.70317E+01 3.20084E+01 4.00135E+00 1.51891E+01 1.57977E+01
 -1       351-6.52375E+00 2.75583E+01 1.50556E+01 1.73294E+00 1.68854E+00 1.86417E+01
 -1       352 4.71138E+01 5.41390E+00 1.63994E+00-3.64649E+00-4.18361E+00 3.18056E+01
 -1       353 3.27316E+01-3.38450E-01 2.25038E+01-1.21578E+01-1.37599E+01 3.81334E+01
 -1       354 4.99995E+00 1.32604E+01 4.29521E+01 6.34688E+00 5.28070E-01 1.35112E+00
 -1       355-2.52688E+01-3.80610E+01-3.59831E+01-1.76999E+01-2.53186E+01-2.63972E+01
 -1       356 1.20522E+01 1.61229E+01-9.19232E-02-1.08238E+01 7.82002E+00-6.99721E-01
 -1       357 1.16798E+02 2.80865E+01 1.52039E+01 1.96336E+01 1.29129E+01 1.75872E+01
 -1       358 9.09237E+01 4.24124E+01 4.17500E+01 1.61560E+01 3.90427E+00 3.74814E+01
 -1       359 8.69229E+01-1.38367E+01-1.10184E+01-1.95994E+01 6.65929E+00 1.71662E+01
 -1       360 2.01681E+01-5.92873E+00 1.04609E+01 2.07587E+00-1.55641E+01-1.76229E+01
 -1       361 3.59637E+01 3.06827E+01 2.72754E+01 3.14775E+00-7.11743E+00-6.78992E-01
 -1       362-2.10056E+01-1.43310E+01 2.46912E+01-7.65176E+00 4.97903E+00 1.86942E+01
 -1       363-2.52595E+01 2.30672E+00 1.69861E+01-1.74307E+01 1.50490E+00 1.54524E+00
 -1       364 2.33606E+01 3.78454E+01 1.74517E+01 1.38241E+01 5.78257E+00-1.43513E+00
 -1       365-1.86015E+02 1.61827E+01-2.80484E+01-3.73259E+01-1.44741E+00 4.43663E-02
 -1       366-1.01039E+02-8.30770E+00 1.73451E+01-3.54883E+01 1.25494E+01 2.39248E+01
 -1       367-1.77951E+01-8.21198E+00-2.41212E+01-7.28945E-01 1.32244E+01 2.80226E+01
 -1       368-4.71714E-01-2.64023E+01-3.14806E+01-2.47754E+00 3.53867E-01 2.67089E+01
 -1       369-2.56152E+01-6.62373E+00-6.00114E+01-3.41064E-01 4.10539E+00 3.82418E+01
 -1       370 4.25191E+00-1.83343E+01-1.02134E+01 3.74247E-01 2.54788E-01-4.00355E+00
 -1       371-1.75522E+01-1.26846E+01-1.11588E+01-2.14858E+01 5.16848E+00 1.19491E+01
 -1       372-2.97444E+01-1.24334E+01-7.22806E+01 1.77713E-01-4.50288E+00 2.55054E+01
 -1       373-7.73086E+00-3.65139E+00-2.32463E+01-6.91631E+00-1.58097E+01-1.37620E+01
 -1       374-8.51111E+01-3.92340E+01-9.21612E+01-9.97974E+00-1.33884E+01-1.33778E+00
 -1       375 1.69651E+01-3.77728E+00-2.35863E+01 2.03342E+00-1.08741E+01 2.98309E+00
 -1       376-5.23784E+01-4.88970E+01 9.68762E+00-2.53925E+01-9.19851E+00-7.31211E+00
 -1       377 5.32948E+00 3.98285E+00-5.04843E+00 7.95173E+00 2.15849E+00 5.28142E-02
 -1       378 3.80041E+01-1.11279E+01 5.54004E+01-1.26622E+01-6.43635E+00 1.97316E+01
 -1       379 3.96717E+01-1.10846E+01 1.54154E+01-1.85874E+01-5.07548E+00 3.69481E+01
 -1       380 7.19254E+00-2.76970E+00 5.83560E+01-9.58793E+00-4.65134E+00 2.15411E+01
 -1       381-6.81632E+00-1.70776E+01-2.12281E+01-1.19463E+01-4.41747E+00 1.73288E+01
 -1       382 1.80732E+01-2.79912E+00 1.37139E+01-1.69069E+01 3.14253E+00 1.43697E+01
 -1       383 4.88652E+01 5.70267E+00-4.16810E+00-1.06301E+01-5.65136E+00 5.02255E+01
 -1       384-2.50128E+00 1.05836E+01-1.63099E+01 3.50944E+00-1.24595E+01-4.98988E+00
 -1       385 8.37368E+00 5.82166E+01 5.02636E+01-7.63271E+00-3.50191E-01 7.05797E+00
 -1       386 6.51829E+01 4.55863E+01 4.65163E+01 1.22592E+01 9.25346E+00 3.74199E+01
 -1       387-3.15677E+00 8.24497E+00-2.25795E+01 5.21587E+00-7.50802E-01 3.04131E+01
 -1       388-6.32612E+01-2.65234E+01-5.01374E+01-8.35864E-01-2.52318E+00 2.55129E+01
 -1       389-2.57135E+00 3.92745E+00-2.09311E+01 5.82342E+00-1.10804E+01 5.47643E+00
 -1       390 1.79575E+00-1.75580E+01-1.15966E+01 4.05863E+00-3.78910E+00 9.71896E+00
 -1       391-1.96041E+01-9.56014E+00 2.51791E+00 8.79668E-01-6.11898E+00 9.14337E+00
 -1       392-3.08594E+01-2.31026E+00-2.75106E+01 4.34923E+00-2.67209E-02 1.85149E+01
 -1       393 5.57431E+01 7.60081E+00 4.32216E+01 2.14505E+01 2.81762E+00 5.79519E+00
 -1       394-7.71690E+00 2.66046E+01 2.88898E+01 7.10390E+00 5.95277E+00 6.27345E+00
 -1       395-2.00108E+01-1.48549E+01-4.59972E+00-1.18507E+00 6.33128E-01 7.43341E+00
 -1       396-1.60052E+01-1.45581E+01 1.31638E+01-8.54982E+00 1.69246E+01 7.50654E+00
 -1       397 5.60077E+01-8.71138E+00 2.14743E+01 3.52043E+00 1.37596E+01 2.07030E+01
 -1       398-7.55202E+00 2.64352E+01 2.80947E+01 1.01202E+01 1.46038E+01 1.22732E+01
 -1       399-1.86678E+01-3.97572E+00 1.70674E+01 1.45962E+00 6.41531E+00 5.98600E+00
 -1       400 6.85672E+01 2.71467E+01 3.11149E+01 1.93365E+01 1.26491E+01 2.28038E+01
 -1       401 1.07219E+02 5.44538E+01 3.16859E+01 2.63124E+01-1.62146E+01-1.18555E+01
 -1       402-3.08099E+01-1.13677E+01-1.97362E+01-1.51781E-01-1.12553E+01 1.38324E+01
 -1       403-1.75234E+01-3.23102E+01-6.86780E+01 8.50142E+00 5.94122E+00 2.38105E+01
 -1       404-6.82242E+00-1.29379E+01-2.17544E+01 9.79170E+00 1.43440E+01 3.39975E+01
 -1       405-1.00147E+01 7.34520E-01 6.87188E+00-4.94198E+00-3.08100E+00 7.48198E+00
 -1       406 4.41979E+01 2.46287E+01-1.67707E+01 1.40504E+01 1.77448E+01 2.54680E+01
 -1       407 1.26512E+01 1.83935E+01-4.41974E+01 1.09122E+01 1.10586E+01 1.59867E+01
 -1       408 7.06903E+01 4.01111E+01 5.45913E+01 1.58244E+01-1.96599E+00-2.59357E+00
 -1       409-4.94901E+01-2.08496E+01-4.40049E+01-1.30857E+01 2.41135E+00 1.21189E+01
 -1       410 1.08054E+02 4.81167E+01 2.98792E+01 2.00653E+01-1.76913E+01 2.26496E+01
 -1       411-5.07897E+00-1.00846E+01 2.78481E+01-1.32311E+01 9.37511E+00 3.94550E+01
 -1       412 5.63530E+01 3.20187E+01 2.07229E+01 1.95443E+01 7.39961E+00 2.76028E+01
 -1       413 4.00503E+01 3.48888E+00 1.87567E+01-6.52762E+00 6.14795E+00 2.75245E+01
 -1       414-3.86602E+01-1.02979E+01-1.50395E+01-8.64202E+00 1.33860E+01 3.66718E+01
 -1       415-6.43778E+01 2.29884E+00-1.60956E+01-8.92303E+00 4.04404E+00 2.84820E+01
 -1       416-4.43286E+01 1.12759E+01-3.22847E+01 4.63154E+00-1.64165E+00 2.89689E+01
 -1       417-2.29716E+01-1.19540E+01-2.53531E+01 1.33679E+00-2.39697E+00 3.31278E+01
 -1       418 4.04055E+00 1.04210E+01-2.37838E+00 4.34044E+00 2.11801E+01 2.58341E+01
 -1       419-4.28986E+01-3.21645E+01-3.26784E+01-8.52667E+00 1.51703E+01 2.52686E+01
 -1       420 1.21375E+01 3.01669E+01 1.46473E+01 1.38752E+01 1.91170E+01 2.05912E+01
 -1       421-6.07858E+00-8.22289E+00-6.82294E+00-3.39683E+00 8.00969E+00-1.60429E-01
 -1       422 1.29184E+01-5.88983E-01 7.25179E+00 7.74678E+00 6.56870E-01-1.26660E+00
 -1       423 2.47007E+01 2.85585E+01 2.58759E+01 1.74077E+01-3.84343E+00 4.30709E+00
 -1       424 6.56761E+00-6.45622E+00-1.36156E+00 1.14147E+01 3.11938E+00 2.35999E+00
 -1       425 6.69753E+01 4.32650E+01 2.53120E+01 2.90766E+01-8.61071E+00 8.93281E-01
 -1       426 7.29875E+01 7.28983E+01 4.22357E+01 3.11297E+01 2.29905E+01 1.33786E+01
 -1       427 8.24170E+01 7.46193E+01 3.90278E+01 4.62744E+01 1.38625E+01 8.14284E+00
 -1       428 2.76348E+01-5.22053E+01-3.29731E+01-2.95361E+01-1.44481E+01 1.12401E+00
 -1       429-3.51283E+01-3.08326E+01-9.42636E+00-1.21800E+01 2.12933E+01 2.56316E+01
 -1       430 2.55706E-01 4.67800E-02-1.15940E+01 9.62386E-03 1.10082E+00-4.48535E-01
 -1       431 1.52082E-02-1.35499E-01 2.75102E+00-2.34148E-02-1.33746E+00 8.49240E-02
 -1       432 1.29926E-01-4.13175E-02-1.37709E+01-1.66408E-02-2.00992E-01-2.30514E+00
 -1       433 5.85012E-04-1.49093E-01 4.81814E+00 4.06978E-02 2.03478E-01 2.07311E+00
 -1       434-1.43828E-01 5.08459E-02-5.03636E+00-9.93589E-02 1.01526E-01 5.13673E-01
 -1       435-3.17059E-01-1.73477E-02-7.60270E+00-1.04003E-01 6.58555E-01 2.14342E+00
 -1       436-1.21358E-01-1.77975E-01-1.66691E+01-8.75782E-02 1.97418E+00 8.32624E-01
 -1       437 1.48405E-01-8.54086E-02-9.67497E+00 1.63338E-02 7.23646E-01-1.13446E+00
 -1       438 1.93414E-01 1.31499E-01-3.14327E-01-5.23659E-04-1.11922E+00 9.53015E-01
 -1       439-4.60900E-01 4.22324E-03-4.45866E-01-3.37051E-02-4.00464E-01-3.82460E-01
 -1       440-4.86106E-01-1.97893E-01-8.77784E+00-1.30179E-01 2.63421E-01-1.39010E+00
 -1       441-6.26327E-01-9.71488E-02 5.33958E-01 2.17562E-01 3.08895E-01 6.61639E-01
 -1       442-2.70223E-01-1.29644E-01-1.47296E+00-4.69074E-02-1.22683E+00-1.23447E+00
 -1       443-1.01092E-01-4.63761E-02 7.77699E+00 1.75311E-01-9.69437E-01 7.55687E-02
 -1       444-8.26967E-01 4.45351E-02-1.05898E-01-1.68030E-01 3.83091E-02 1.86031E-01
 -1       445-7.66876E-01-1.99016E-02-5.12159E-02-1.43950E-01-4.56576E-02-2.30842E-01
 -1       446-7.07007E-01 2.97951E-03-2.70656E-01-1.81825E-01 9.36851E-02 4.26864E-01
 -1       447-6.37351E-01-9.92259E-03-2.37582E-01-1.38422E-01-8.21167E-02-4.28490E-01
 -1       448-4.14438E-01 3.16450E-03-3.93645E-01-1.18215E-01 1.11300E-01 3.63884E-01
 -1       449-1.38153E-01 1.64367E-03-7.57430E-01-9.59217E-02 1.34451E-01 3.47591E-01
 -1       450-1.29878E-01-2.22953E-01-6.30153E-01 6.33756E-02-7.18542E-02 2.29938E-01
 -1       451 1.68605E-01-1.97350E-02-8.37735E-01-1.47025E-02-4.11372E-02-1.40851E-01
 -1       452-6.00463E-02 9.65476E-01-2.65102E+00 6.68816E-02 2.92508E-01-3.53953E-01
 -1       453 4.79217E+00 4.73933E+00 2.06607E+00 2.21661E+00 4.14684E+00 3.11505E+00
 -1       454-1.80022E-01-1.11143E+00-1.17322E+01 3.70363E-01-5.31723E-01-2.55979E+00
 -1       455 4.46156E+00 1.01240E+00 7.39594E-02 2.53667E+00 7.00011E-01 1.33748E+00
 -1       456 3.51550E+00 3.75701E-02 1.01984E-01 1.77804E+00-1.36690E-02-9.81988E-02
 -1       457 3.73257E+00 2.58577E+00-6.71710E-01 2.79552E+00 3.25880E-01 4.88090E-01
 -1       458 2.46238E+00 1.14847E-01-1.47158E-01 1.52376E+00-1.33431E-02-3.93930E-01
 -1       459 4.08436E+00 2.02163E+00 2.72001E-01 2.56634E+00-7.85832E-01-1.78244E+00
 -1       460 4.16705E+00 1.40870E+00 4.22639E-01 1.31112E+00-1.26331E+00-1.50114E+00
 -1       461-3.97337E-01-3.90491E-01-6.57903E+00 2.08176E-01-1.82784E-01 1.40635E+00
 -1       462 2.22337E-01 9.60949E-02-3.08555E+00 2.37109E-01-3.43426E-01 2.38513E-01
 -1       463-2.17871E-01-8.89290E-02-7.24851E-01-2.40493E-02-1.87253E-02-9.98065E-02
 -1       464-1.58536E-01 6.85966E-02-6.88572E-01-7.51951E-02-9.33967E-02-3.56005E-01
 -1       465 2.36437E-02-5.55610E-02-7.55040E-01 4.11555E-03-1.49568E-01 3.01543E-02
 -1       466-3.55796E-01 4.88300E-02-5.07892E-01-8.72895E-02-5.75689E-02-4.26678E-01
 -1       467-3.15313E-01-1.83061E-01-7.86048E-02-2.45126E-01 1.33414E+00 1.70105E+00
 -1       468-7.73577E-01-2.32959E-01 1.99210E-01-3.17402E-03 7.33919E-02 2.88931E-01
 -1       469-3.48254E-03-9.26409E-02-1.65629E-01-1.54216E-01-1.01062E-01 3.50868E-01
 -1       470-1.44171E-01 1.67375E-02-1.30412E+00-6.62059E-01 7.71737E-02 3.81240E+00
 -1       471-4.12155E-01 1.33918E-01-3.62461E+00-2.59280E-01 1.52796E-01 2.64380E+00
 -1       472-2.78860E-01-2.25263E-01-1.38160E+00-4.82110E-02 1.25033E-01 1.48874E+00
 -1       473-1.22693E+00-2.52875E-01 3.44207E-01-4.56032E-01 4.72902E-01 1.49305E+00
 -1       474-6.84897E-01-6.09936E-03-1.05149E-01-4.20657E-02-4.83999E-03 6.57864E-01
 -1       475-2.22219E-01 5.10937E-03 7.80776E-02 2.85089E-02-8.95948E-02-6.38808E-02
 -1       476 6.55908E-02-1.37390E-03-2.79893E+00-1.68951E-02 7.23801E-03 1.28717E+00
 -1       477-1.66844E+00-1.33840E+00-4.75264E+00-1.10383E+00 8.76658E-01 6.09013E+00
 -1       478-7.19898E-01 7.40239E-03-2.46647E-01-7.77037E-02 2.92415E-02 6.44746E-01
 -1       479-7.64052E-01-1.15363E-02-3.96621E-02-6.82562E-02-8.89339E-03 3.98622E-01
 -1       480-6.61760E-01 4.93795E-03 2.71529E-02-1.82640E-02 1.19526E-02 2.44499E-01
 -1       481-5.68545E-01-1.64809E-03 2.65001E-02-4.70016E-02-2.57312E-02 7.53564E-02
 -1       482-6.50012E-01-2.90412E-02 7.69524E-02 6.00277E-03-4.60228E-03 5.06530E-01
 -1       483-3.71097E-01-1.68498E-02-1.41921E+00 1.72653E-02 6.66363E-02 1.01142E+00
 -1       484-5.28204E-01-1.42794E-02-8.35628E-01-5.28224E-02 1.72817E-02 9.31051E-01
 -1       485-4.54848E-01-1.02464E-02-5.46343E-01-3.05769E-02 2.66680E-03 1.05508E+00
 -1       486-5.14465E-03-9.02479E-02-3.23161E+00-6.03671E-02 1.98530E-01 7.54551E-01
 -1       487-1.35896E-01-3.23981E-02-2.09077E+00-1.14404E-02 3.83120E-02 9.64130E-01
 -1       488-2.84368E-01-2.41328E-02-2.14613E+00-1.49279E-02 1.25978E-02 1.34934E+00
 -1       489 8.20913E-01-1.74733E-01-9.46835E+00-2.37113E-01-5.36179E-02 1.95243E+00
 -1       490 3.22832E-02-1.07797E-01-4.31641E+00-9.63262E-02 3.21653E-01 1.49261E+00
 -1       491 3.31822E-01 1.19987E-01-3.15993E+00-1.34240E-01 1.07472E-01 1.83103E+00
 -1       492 1.96036E+00 1.39546E+00-2.82413E+00 9.09717E-01 4.59756E+00 7.73090E+00
 -1       493-1.32915E+00-1.98096E+00-1.56315E+01-3.15193E-01 1.01121E+00 3.54405E+00
 -1       494-1.93412E+00-3.54363E-01-5.99909E+00-1.99011E-01 3.75551E-01 5.56939E+00
 -1       495 1.19563E+00-5.29780E-02-4.46527E-01-1.00647E-01-6.35424E-04 2.73509E+00
 -1       496 1.66726E+00 7.15322E-01-1.52658E+00 6.47981E-01 2.44220E-01 3.99187E+00
 -1       497-1.07404E+00-1.02294E+00-3.59358E+00-6.88851E-01 3.16069E-01 4.64552E+00
 -1       498-1.01526E+00-2.64142E-01-3.87600E-01-2.05795E-02 4.19223E-01 1.84920E+00
 -1       499 6.99436E-01-8.78966E-02-3.32790E-01 1.42066E-01 2.49454E-01 2.02396E+00
 -1       500-4.56068E-02 6.75288E-01-2.94017E-01-7.51268E-02 2.61515E-01 2.37806E+00
 -1       501-1.28268E+00-1.33719E-01 3.76112E-01-3.92563E-01 2.22289E-01 1.26061E+00
 -1       502-3.87260E-02 9.96879E-02 4.69821E-01 5.40884E-02-2.49797E-01 6.34129E-02
 -1       503-3.46887E-01-6.07735E-02 7.19641E-01-2.80063E-01-8.73958E-02 3.57298E-01
 -1       504-4.83681E-01 1.12616E-01 6.91500E-01-1.97440E-01 1.82524E-01 8.86131E-01
 -1       505-1.32737E-01-5.47634E-02-4.96715E-02-6.42831E-02-3.33688E-02 6.72160E-02
 -1       506-3.62582E-01-4.03343E-03 4.63657E-02-4.77467E-02-4.74797E-02-1.33576E-01
 -1       507-1.61508E-01-3.72474E-02-5.07701E-02 3.19947E-02-4.80260E-02-6.05059E-02
 -1       508 8.55271E-04 6.62138E-02 1.20999E-01-4.54264E-02-1.13528E-01 3.30927E-02
 -1       509-4.22901E-01 3.82792E-02 2.90495E-01-5.55212E-03-5.69027E-02 1.16453E-01
 -1       510 1.11215E-01-3.22562E-02 3.61397E-01-6.58066E-02 6.92393E-01 2.90563E-01
 -1       511-4.94744E-01-4.21649E-01-3.52932E-01-1.13329E-01 7.99670E-02 4.06491E-01
 -1       512-7.83275E-01-2.30387E-01 1.51301E+00-6.54306E-02 8.23914E-01 5.27063E-01
 -1       513-6.85701E-01-4.81210E-01-6.61827E-01-1.19196E-02 1.57324E-01 9.83990E-01
 -1       514-3.16908E-01-1.78794E-01-4.47494E-02-3.10506E-01 8.99895E-01 2.17294E+00
 -1       515-5.57917E-01-1.02563E-01-4.74607E-01-2.21740E-01 1.26180E+00 8.56736E-01
 -1       516-7.65524E-01-1.98658E-01-1.88434E+00-3.00916E-01 9.81577E-01 2.99276E+00
 -1       517-2.11920E-01 4.41339E-01-2.08152E+00-2.51657E-01 7.07471E-02 3.49890E+00
 -1       518-8.98027E-02-7.16126E-02-2.53546E+00-1.68472E-01 1.10843E+00 3.25935E+00
 -1       519-2.99114E-01-8.81438E-02-2.45235E+00-1.62246E-01 2.64676E-01 1.78601E+00
 -1       520-7.49457E-01 6.67813E-02-6.32386E-01-8.29648E-02-5.53832E-01-8.56709E-01
 -1       521-9.68949E-01-2.01027E-02 3.31644E-02-6.30122E-02-2.91801E-02-7.18852E-01
 -1       522-5.89545E-02-4.26477E-02-2.16134E+00-1.25587E-01 4.35545E-02-1.16322E+00
 -1       523 6.21652E-01 9.72735E-02 7.23130E-02-3.81746E-01-2.87498E-01-2.21747E+00
 -1       524-3.10538E-03-1.76814E-01 6.86131E-01-4.24009E-01 3.49355E-01-2.10766E-01
 -1       525-9.72940E-02-2.97921E-02-9.50734E-02-1.10342E-02-1.33938E-02 2.49871E-01
 -1       526 3.79812E-01-2.48344E-01-1.44022E+00-6.30281E-01 2.76220E-01-3.00016E+00
 -1       527-7.66877E-01 4.30389E-02 9.79223E-02-5.81938E-02 8.29842E-03 8.46423E-03
 -1       528-4.99230E-01-1.32290E-03-9.52478E-01-3.96884E-03-5.71308E-02-8.98106E-01
 -1       529 1.33177E-01-8.96379E-03-2.20317E-01-4.15870E-03 4.77913E-02-2.38832E-02
 -1       530-4.94855E-01 7.04440E-02 1.30489E+00 9.46627E-02-5.25519E-01-1.17372E+00
 -1       531-8.99782E-01 2.87572E-02 2.90198E-02-6.95779E-02-1.07464E-02-9.34268E-02
 -1       532-5.82442E-01 5.92398E-02 4.00342E-02-7.11919E-02 5.35376E-02 1.10474E-01
 -1       533-7.89105E-01 3.06669E-02-3.07094E-01-8.17339E-02-2.21913E-02-6.47102E-01
 -1       534-9.06528E-01 1.21202E-02-2.19556E-02-5.28288E-02 8.48763E-03-3.65996E-01
 -1       535-9.30408E-01 1.34492E-02 6.74069E-02-5.56296E-02 7.16576E-03-2.58254E-01
 -1       536-3.41749E-01-3.39058E-03-1.14747E-01-6.10823E-03 2.28203E-02 2.39187E-01
 -1       537-2.39847E-02 2.23376E-02-1.76125E-01-1.44450E-02 3.33997E-02 1.33347E-01
 -1       538-5.63986E-01-1.24106E-02-3.69678E-02 4.62873E-03-1.00364E-02 2.12345E-01
 -1       539 1.87015E-01 1.40604E-01-1.13797E-01-4.45157E-02 7.97731E-02-2.59820E-02
 -1       540-8.82615E-02-3.27619E-01-6.63953E-02 7.45805E-02-2.95170E-01-1.60432E-01
 -1       541 3.15482E-02 3.53726E-02-1.10613E-01 2.99796E-02 5.75732E-02 6.28172E-02
 -1       542 1.68501E-01-6.07599E-01 9.13462E-01-9.68608E-02-1.17899E-01-3.10025E-01
 -1       543-7.01247E-01-9.38480E-01-9.78055E-01-2.11807E-01 9.11053E-03-1.39307E+00
 -1       544 1.09302E-01-2.93972E-01-1.41593E-01-1.09095E-01 1.89533E-01 2.87950E-03
 -1       545-1.27678E+00-3.96162E-01 6.45013E-01-4.34119E-01 2.13304E-01-2.07325E+00
 -1       546-2.85839E-01-5.26236E-03 2.03175E-01 7.54677E-01-5.19330E-01-1.62539E+00
 -1       547-1.84865E-01 2.55940E-01 9.79342E-01-1.18334E-01-3.43209E-01-3.36964E-01
 -1       548 8.69453E-01-4.56627E-02-2.87582E-02 3.01426E-01-2.37556E-01-2.18079E+00
 -1       549 2.14266E+00-2.35717E-01-2.73786E-01 4.45419E-01-1.64047E-01-2.35406E+00
 -1       550 2.50869E-01 2.12126E-01 1.42353E+00 2.44264E-03-4.62769E-01-1.84096E+00
 -1       551 2.32836E+00 1.67112E-01-5.86457E-01 1.71448E-01 3.21286E-02-2.43727E+00
 -1       552 5.12448E+00 8.27606E-01-5.14778E-01 1.02173E+00-1.24472E+00-4.28915E+00
 -1       553 6.74709E-01 1.15332E-01-5.12695E-01-3.24563E-01-4.14834E-02-2.47538E+00
 -1       554-2.89906E-01-1.07601E+00-8.79645E+00 5.97871E-02-5.25797E-01-1.05062E+00
 -1       555 9.45825E-01 7.15588E-01-4.48796E+00 1.95322E-01-5.11341E-01-8.64192E-01
 -1       556 1.22848E-01 3.51938E-02-2.29607E+00-9.26155E-02-1.92317E-01-8.34760E-01
 -1       557-2.96727E-01-5.03378E-01-2.45448E+00-4.22856E-01 2.95178E-01-2.03262E+00
 -1       558-1.31945E-01-1.56534E-02-1.67761E+00-9.80843E-02 6.63511E-03-8.39314E-01
 -1       559-3.96078E-01 1.56328E-03-1.13100E+00-2.22470E-02-5.87177E-02-7.92003E-01
 -1       560-6.41253E-01 3.22543E-02-6.17348E-01-4.93925E-02-2.94673E-02-7.45890E-01
 -1       561-3.00386E-01-2.02613E-02-1.36447E+00-9.26764E-03 7.06452E-03-9.95228E-01
 -1       562-6.90972E-01-1.73484E-02-6.39008E-01-3.61913E-02-6.52025E-02-8.55898E-01
 -1       563-9.90219E-01 1.31833E-01 7.22187E-01-4.28092E-02-1.02183E-01-9.69375E-01
 -1       564-3.96508E-01 4.89464E-02-9.23295E-01-1.97461E-02 2.12357E-03-1.03263E+00
 -1       565-4.20792E-01 7.79919E-02-1.64142E+00 1.25918E-01 2.30110E-02-1.64795E+00
 -1       566-3.35376E-01 7.29294E-02 3.96861E-01-3.09838E-01-5.08383E-02 1.65816E-01
 -1       567-8.39589E-01-1.28294E-01-6.23601E-02 1.90142E-02-1.03922E-01-3.78898E-02
 -1       568-6.02010E-01-3.15625E-01-1.98581E+00-3.92297E-01 2.68328E-01-2.09686E+00
 -1       569 3.47722E-02-1.08821E-01-1.69940E+00-7.14255E-02 1.02702E-01-1.30387E+00
 -1       570 1.11727E-01 2.85861E-01 1.38110E+00-3.63225E-01-5.11885E-02-1.19943E+00
 -1       571-9.53259E-01-4.36518E-01-6.22245E-01-1.38578E-01 1.89839E-01 4.01981E-02
 -1       572-4.15351E-02-1.14922E-01-1.59807E-01-1.48425E-01 1.96961E-01 3.00604E-02
 -1       573-7.22154E-01-9.95057E-02 9.52049E-03-1.33985E+00 4.32551E+00 1.10379E+01
 -1       574 1.09346E+01 3.35835E+00-1.21526E+01 9.24662E-01-1.17241E+01-4.00059E+00
 -1       575 1.17070E+00 1.23270E+01 1.50704E+01 1.35543E+01 7.32960E+00 5.46885E+00
 -1       576-7.59012E+00-1.19696E+01-5.31397E+00-5.77334E+00-2.79692E-01 1.18478E+01
 -1       577-1.32681E+01-5.17845E+00-1.50281E+01 6.43769E-01-4.65133E+00-2.19266E+00
 -1       578 9.01370E+00 5.06500E+00-6.63274E+00 1.22817E+01-6.96090E+00-1.01690E+01
 -1       579-3.37397E+00-3.03500E+00 2.37301E+01-3.73319E+00-5.68010E+00-1.75301E+00
 -1       580-7.31865E+00 4.82693E+00 1.04154E+01-5.27320E+00-1.28282E+01 8.84489E+00
 -1       581 5.46711E+00 1.94383E+00 3.03657E+00-7.63299E+00-1.20841E+01 1.14795E+01
 -1       582 1.12507E+01-2.08553E+01 1.96582E+00-1.11167E+01-5.64812E+00 2.16394E+01
 -1       583 6.30522E+00-2.09491E+01-2.97933E+00-1.17017E+01-1.90604E+01 1.93181E+01
 -1       584-1.76636E+01-1.11615E+01 5.79596E+00-7.34585E+00-6.18058E+00 1.35440E+01
 -1       585 2.00881E+01 1.02275E+01 6.39719E+00-3.86221E+00-1.08106E+00 1.20102E+01
 -1       586 3.36103E+01 1.86236E-02-5.95663E+00-1.39132E+01-9.20701E+00 1.78798E+01
 -1       587-9.83044E+00 2.31914E+00 1.79313E+01-8.16081E+00-9.58364E+00 2.14431E+01
 -1       588-6.30421E+00-3.00140E+00 2.62690E+00-2.07045E+01-1.33451E+01 1.50482E+01
 -1       589 1.88419E+00-2.83391E+00-4.46306E+00-1.09292E+01-4.67927E+00 1.94248E+01
 -1       590 2.01756E+01 3.80587E+00-9.82104E+00 1.47817E+01-6.45309E+00 1.30976E+01
 -1       591-1.80884E+01-2.72541E+00-1.03490E+01-3.90023E+00 1.41774E+00 5.68823E+00
 -1       592-1.81707E+01-3.54129E+00-2.37286E+01 7.64362E+00-1.36209E+00 1.27332E+01
 -1       593-2.04390E+01-8.23683E+00-1.18196E+01-1.00775E+01-3.63135E+00-3.49552E+00
 -1       594-2.89783E+01 4.73887E+00-1.61576E+01 2.10117E+00 2.10209E-01 1.48548E+01
 -1       595 5.74382E+00 1.08437E+01-7.66463E+00 1.52094E+01 5.37187E+00 8.42518E+00
 -1       596-3.84792E+00 2.33879E+00-1.04282E+01 6.78560E+00-1.19812E+01-1.94851E+01
 -1       597-1.05570E+01-8.41927E+00-2.45389E+01-7.58257E+00-4.33085E+00 5.19479E+00
 -1       598 7.57292E+00 2.01419E+00-2.42905E+01 1.89758E+00-5.25708E+00 1.09743E+01
 -1       599-1.94672E+00 7.63894E+00 1.46900E+01-1.83264E+00-4.48982E-01 1.06524E+01
 -1       600-2.67629E+01-8.72375E+00 2.35452E+01-1.36251E+01 7.37231E+00 9.46086E+00
 -1       601 2.63639E+01 2.41915E+01 3.12235E+01 1.09427E+01-3.19121E+00 2.07441E+00
 -1       602-1.53287E+00-1.04998E+01-1.39613E+01 1.77308E+00 5.32041E+00-1.56144E-01
 -1       603-8.87309E+00-1.02990E+01-8.66178E+00-4.77144E+00-1.78077E+00 7.39576E+00
 -1       604-1.34795E+01-2.39893E+01-1.79181E+01-6.40642E+00 3.43109E+00-1.22534E+00
 -1       605 2.22242E+01 1.56723E+01 1.49311E+01 1.05945E+01-2.39409E+00 4.99263E-01
 -1       606 3.90467E+00-9.42438E+00 3.25814E+00 4.06518E+00 1.01803E+00 6.69067E+00
 -1       607-2.31390E+01-2.77878E+01-1.24356E+01-1.70518E+00 1.13893E+00 3.46257E+00
 -1       608 2.52464E+00 2.62679E+00-3.06198E+00 1.30364E+00 4.38283E+00 7.81817E+00
 -1       609-4.25948E+00 4.55134E+00 5.41589E+00-5.63513E-01-9.67568E+00-8.37403E+00
 -1       610-4.74099E+00 1.22761E+00 1.39145E+01-9.66320E+00-8.40472E+00 1.40456E+01
 -1       611 7.85002E+00-4.97207E+00 1.12757E+01 5.56288E+00 1.55284E+00 5.83904E+00
 -1       612 2.60676E+01 2.57950E+00 6.90409E+00 1.98301E+00-3.21860E+00 1.45992E+00
 -1       613-4.34964E+01-1.07443E+01-2.08405E+01-8.45334E+00-9.51102E+00-9.81119E+00
 -1       614-2.28608E+01-3.84180E+00-5.41456E+01 3.35819E+00 8.46056E+00-5.23395E+00
 -1       615-9.56099E+00-1.80256E+00-2.17457E+01 6.04941E-02-6.80023E+00 1.02358E+01
 -1       616 9.98101E+00 1.90247E+01-1.95284E+00 1.57258E+00-2.77472E+00 1.89482E+01
 -1       617-2.73519E+01 6.67783E+00 3.47259E+00 1.52555E+00 4.78684E+00 3.14725E+01
 -1       618-4.70841E-01-2.56466E+00-8.12620E+00-3.51785E+00-3.87245E+00 2.13912E+01
 -1       619 5.28542E+01 1.31978E+01 2.18927E+01 1.04598E+01 1.24752E+01 1.33988E+01
 -1       620 3.13691E+01 7.77174E+00 3.17419E+00 7.54161E+00-1.72508E+00 5.34796E+00
 -1       621-1.51168E+01-1.34775E+01-2.64881E-02-9.24799E+00 6.38762E+00 4.94000E+00
 -1       622-1.36671E+01 4.16323E+00-1.96677E+01-3.29622E+00-9.02281E+00-2.60640E+00
 -1       623 1.28245E+01 2.06963E+01 3.04081E+00 7.05256E+00 2.44837E-01-1.08909E+00
 -1       624-2.01160E+00 7.66421E+00-2.04695E+00-2.45592E-01 1.86254E+00 2.09908E+01
 -1       625-4.75494E+00 1.76587E+01 5.24699E+00 1.68498E+01 6.72230E+00 2.21614E+00
 -1       626-3.77849E+01 2.14469E+01-6.72094E+00 2.36750E-01-5.60148E+00 2.25306E+00
 -1       627-1.92319E+01 3.15524E+00 9.83408E+00 4.44713E+00 1.88484E+01 1.83505E+01
 -1       628 5.33990E+01 2.69474E+01 1.75188E+01 2.41200E+00-9.74607E+00 9.58317E+00
 -1       629 1.86212E+01-1.57948E+01-1.29237E+01-3.30975E+00 9.62573E-01 5.72674E+00
 -1       630 1.08127E+01-7.94009E+00 1.51318E+01-1.66591E+00-3.08907E+00-5.81866E+00
 -1       631 3.22660E-01 3.34320E+00-6.53737E+00-2.59890E-01 4.17557E+00 1.25666E+01
 -1       632-2.11862E+01-4.89062E+00-1.44874E+01-7.16405E+00 6.70248E-01 4.12464E+00
 -1       633-3.07219E+01-1.08103E+01-1.14107E+01-7.82134E+00-7.36914E+00-5.03105E+00
 -1       634-1.75780E+01-1.01482E+01-5.47446E+00 2.34621E+00 1.29862E+00 7.39052E+00
 -1       635 1.07511E+01 5.60762E+00 2.19169E+01 1.55561E+01 2.25384E-01 5.82003E-01
 -1       636 2.91131E+00 1.95117E-01 1.08794E+01 2.99231E+00-2.10797E+00 8.75564E+00
 -1       637-8.77534E+00-1.29312E+01-1.94303E+00 8.30311E+00 2.51640E+00-2.57462E+00
 -1       638 1.97627E+01 1.07487E+01-1.30791E+01 9.37683E+00-1.34344E+01 1.21212E+01
 -1       639 6.41815E+00-5.67937E+00-4.87427E-02-8.41588E+00 1.99498E+00 1.94017E+01
 -1       640-2.47537E+01-2.24657E+01-1.48102E+01-5.81997E+00 1.84255E+00-1.19314E-01
 -1       641-1.53908E+01-2.25359E+01-2.20647E+01 1.56173E+00-6.27027E+00-2.32596E-01
 -1       642-1.25144E+01 1.40070E+01 3.11661E+00-6.29693E+00-4.54617E+00-6.51705E+00
 -1       643 2.73608E+01 1.71741E+01 1.24118E+01 8.05245E+00 5.52931E+00 1.10206E+01
 -1       644 6.81812E+00 9.53063E+00 2.48923E+00-8.97886E-01-5.05149E+00 3.58441E+00
 -1       645-2.32883E+01-4.24640E+00-1.91392E+01-2.65973E+00-1.01099E+00 1.45417E+01
 -1       646 2.04800E+01 4.06684E+00 3.67996E+00 8.56895E+00 3.34486E+00 1.07959E+01
 -1       647 3.21698E+01 8.80184E+01 3.69906E+01 3.91143E+01 2.57316E+00 6.41507E+00
 -1       648-1.48060E+01-2.19954E+01 8.27267E-01-3.57464E-01 2.01669E+00 9.68115E+00
 -1       649-4.79979E+00-1.52256E+01 1.41777E+00 1.13081E+00-1.59956E+01-8.01335E+00
 -1       650 5.22449E+00-5.04950E+00-1.68415E+01-4.22878E-01-9.32714E+00-7.37307E+00
 -1       651-5.32809E+00-7.59216E+00 9.86519E+00-5.23561E+00-9.88312E+00-7.58214E+00
 -1       652-3.79052E+00 9.33733E+00-3.20312E+01 2.56266E+00-1.96192E+00 2.31930E+00
 -1       653-4.33328E+01-2.29228E+01-5.69351E+01-3.99400E-01 2.68106E+00 5.29585E+00
 -1       654 2.83119E+00 8.77367E+00-2.15138E+01 6.01972E+00-9.04337E+00-6.10736E+00
 -1       655 2.99705E+00-3.02889E+00-3.68117E+00-2.07348E+00 4.04765E-01-3.35849E+00
 -1       656 9.33964E+00 1.61997E+01 3.94182E+00-2.39363E-01-1.57605E+00 2.30330E+00
 -1       657-3.53307E+00 4.15619E+00-6.62985E-01 1.63405E+00-4.17279E+00-1.29464E+01
 -1       658 1.82457E+01 7.59020E+00 6.19023E+00 6.84683E+00 3.86471E+00 1.44254E+00
 -1       659-9.85306E-01-1.68443E+01-2.65061E+01-4.78011E+00-9.73912E+00 1.33780E+01
 -1       660 1.31670E+01-4.48918E+00-2.61963E+01-1.86361E-01-1.54109E+01-3.16599E+00
 -1       661-2.14605E+01-3.39506E+01-3.44899E+01-8.40446E+00 2.47586E+00 1.45234E+01
 -1       662 1.71608E+01 7.07906E+00-3.70238E+00-3.01823E-01-3.05620E+00-1.08569E+01
 -1       663 1.67823E+01-9.55163E+00-1.82531E+00 4.87764E+00 6.64037E+00 1.05515E+01
 -1       664-1.94113E+01-3.16578E+00 4.60860E+00-6.13716E-01-4.63261E+00 6.50495E+00
 -1       665-2.24859E+01-7.93618E+00 1.09282E-02-8.29174E+00 4.91617E+00 1.34740E+01
 -1       666-3.20126E+01-3.80865E+00-1.44924E+01-1.15352E+01 5.93403E+00 1.09022E+01
 -1       667-1.48786E+00 9.03171E+00 6.98224E+00 6.76275E+00 2.61077E+00 1.50651E+01
 -1       668-1.70194E+01-4.75644E+00-1.40059E+01-1.35160E+00-2.79905E+00 7.76963E+00
 -1       669-1.70384E+00 9.33727E+00 3.20505E+00 8.21526E+00 3.27457E+00 5.11423E+00
 -1       670-5.49969E+00-2.20334E+01-2.05829E+01-9.06440E+00-8.42262E+00 5.98839E-01
 -1       671 9.81443E+00 7.08731E+00 1.82830E+00-6.30848E+00-2.75230E+00 5.67793E+00
 -1       672 7.56658E+00-3.74140E+00-3.79951E+00-9.10348E+00 1.30902E+00-3.13579E+00
 -1       673 1.46252E+01 8.60515E+00 7.21386E-02 3.79754E+00 2.26372E+00 8.70862E-01
 -1       674 9.96640E+00 5.05828E+00 7.62615E+00-8.73144E+00 1.66824E+00 3.17443E+00
 -1       675-2.14065E+01-6.49870E-01-1.74963E+01-7.29735E+00 3.08725E+00 7.08840E+00
 -1       676-7.56091E+00 3.55016E+00 5.75652E+00 1.53560E+00-2.63554E+00 5.43928E+00
 -1       677-9.67263E+00-1.72874E+00-4.34632E+00-1.97362E+00-8.65094E+00-4.53097E+00
 -1       678 1.64656E+01 2.71148E+00-1.51473E+01 8.62092E+00 8.33622E+00 1.26011E+01
 -1       679 2.37204E+01 1.34351E+01 3.91908E+00 3.32606E+00 1.49217E+00 2.21517E+00
 -1       680-2.92147E+01-2.12521E+01-3.48566E+01-1.25342E+01-1.80944E+01 4.04435E+00
 -1       681 7.63825E+00 1.04557E+01-1.32576E+01 3.01899E+00-4.82779E+00 3.98721E+00
 -1       682 3.62908E+01 3.33126E+01 2.37502E+01 1.35330E+01 4.23216E+00 9.53232E+00
 -1       683 1.93508E+01 2.21204E+01-1.40758E+01 1.39749E+01 4.71082E+00 2.10869E+00
 -1       684 6.68959E-01 2.36455E+01-1.19261E+01 1.33260E+01-7.52779E-01 9.68163E+00
 -1       685-1.97839E+01 2.69084E+00-8.61194E+00-4.09113E+00-1.06473E+01 1.55088E+00
 -1       686 1.59935E+01 2.18617E+01 1.98687E+01 7.86175E+00-2.15010E+01-3.17351E+00
 -1       687-1.55000E+00-1.65901E+01 1.18284E+01 7.91066E-01-1.52368E+01-1.77275E+01
 -1       688 3.37582E+00-2.04888E+00-1.85495E+01 6.24906E+00 1.81206E+00 2.69130E+00
 -1       689-6.45849E+00 1.30467E+01 1.10377E+00 5.20069E+00-7.85682E+00-2.93141E-01
 -1       690-5.01522E+00 5.08818E+01 2.83024E+01 1.82642E+01 6.64099E+00 6.90989E+00
 -1       691 2.70349E+00 4.08736E+00 1.30432E+01 1.59586E+01 2.34502E+00 3.02878E+00
 -1       692-5.15377E+01-2.39821E+01-6.14442E+00 1.82882E+00 1.14927E+01 1.93347E+01
 -1       693-6.45465E+00-6.08424E+00-8.69353E+00 1.27295E+01 2.43092E+00-3.00415E-01
 -1       694-1.48754E+01-7.38887E-01-1.41791E+01-1.78894E+01 1.56217E+00-9.03322E+00
 -1       695-1.14082E+01 9.40897E+00 2.61606E+01-6.29757E-01 8.47106E+00 7.65310E+00
 -1       696-1.58308E+00 2.36701E+00-3.58029E+00 3.11962E-05 2.28959E+00 1.01272E+01
 -1       697 2.18889E+01 2.62563E+01 3.94969E+00 1.17931E+01 3.44559E+00 6.70585E+00
 -1       698-2.46990E+01-7.24330E+00-1.83789E+01-2.30768E+00 3.79516E-01 1.08532E+01
 -1       699 2.13510E+01 1.11859E+01-6.17313E+00 5.94813E+00-2.51644E-01 5.64616E+00
 -1       700-2.05040E+01 8.05034E+00 5.11809E+00-2.96007E+00 1.15871E+01 1.22508E+01
 -1       701 7.31645E+01 3.38924E+01 3.18481E+01 2.34640E+01-3.73345E-01-7.87055E+00
 -1       702 2.60069E+01 9.22791E+00-2.48786E+01 9.18248E+00-2.63498E+00 1.23058E+01
 -1       703 9.38497E+00 5.28624E+00 2.08929E+01-5.73885E+00-2.87170E+00 6.31962E+00
 -1       704 5.10245E-02-8.34886E-02-1.27919E+01-2.44585E-02 7.16705E-01-8.23635E-01
 -1       705-2.52938E-02-3.09449E-02-3.49879E+00 5.61693E-02 1.22860E-02 1.01811E+00
 -1       706-9.04345E-02 9.23879E-02-4.54353E+00-2.67264E-02-6.49946E-02-3.55028E-01
 -1       707-5.84611E-03 3.47499E-02 3.82074E+00-8.11534E-03-4.80271E-01 9.38394E-01
 -1       708 9.82152E-02-6.05986E-03-5.43779E+00-1.17861E-01-4.54630E-01-9.50334E-01
 -1       709-5.25383E-01-6.89654E-03-2.45397E-01-9.25911E-02 2.65922E-02 5.18048E-01
 -1       710 1.61031E+00-2.60633E-01 2.47974E-01 5.21243E-01-3.44827E-01 1.83727E-01
 -1       711 1.94991E+00-1.42544E-01-5.35366E-01 3.19023E-01 2.64341E-01-2.87256E-01
 -1       712 3.18437E+00-9.22087E-02-2.94983E-01 8.92102E-01 1.31505E-01-1.10875E+00
 -1       713 1.17869E+00-5.26134E-02-5.43296E-01 5.22030E-04-7.73006E-02-1.35081E+00
 -1       714 1.23912E+00 3.27885E-02-7.44062E-01-1.90051E-01 2.49212E-01-1.57407E+00
 -1       715 4.81625E+00 8.18898E-01-2.98612E-01 1.54389E+00-2.11504E-01-2.36235E+00
 -1       716 9.53921E-01-1.29168E-01 1.27889E-01 7.53897E-02-2.21194E-01 1.14162E+00
 -1       717 4.10052E-01 1.41563E-01-7.51212E-01-3.42755E-01-6.48849E-02 7.95237E-01
 -1       718 5.28389E-01-3.19404E-01-3.43483E-01-4.02997E-01-2.39027E-01 2.03889E+00
 -1       719 1.08928E+00-2.06881E-01-1.04287E-01-1.13135E-01-2.23968E-01-1.13215E+00
 -1       720 1.74689E+00 9.99721E-02 3.06348E-01 1.12055E+00-2.38183E-01-8.20521E-01
 -1       721 3.72973E+00 1.26018E+00-4.90177E-01 2.14061E+00 6.15713E-01 2.39165E+00
 -1       722-7.39595E-01-5.16368E-03-1.16886E-02-6.32999E-02-3.02671E-03 3.29592E-01
 -1       723-6.19271E-01 6.30545E-03-1.32785E-01-9.11300E-02 4.68084E-02 4.10898E-01
 -1       724-4.94621E-01 1.56771E-02-1.90010E-01-1.03557E-01 7.05331E-02 3.09939E-01
 -1       725-6.34438E-01-1.66499E-02-2.01906E-01-7.45410E-02 6.78532E-03 5.92171E-01
 -1       726-6.43264E-01 3.43346E-02-1.29958E-02-8.74369E-02 1.73593E-02 2.64316E-01
 -1       727 1.69408E+00 3.16077E-02-2.86518E-01 3.03343E-01-1.16277E-01-1.50236E-02
 -1       728 2.48965E+00-8.30979E-02 2.87022E-01 8.59566E-01-1.41996E-01 9.87262E-01
 -1       729 1.87566E+00 2.34870E-01-6.05725E-01 7.09270E-01 2.67422E-02-6.89713E-01
 -1       730 1.27516E-01-5.03990E-01-3.67672E-01-2.89672E-01 4.61557E-01 1.07736E+00
 -1       731 1.29507E+00 2.16762E-01-5.86451E-01 9.33278E-01 1.27919E-01 4.20211E-01
 -1       732 2.27712E+00-5.22591E-01 1.71388E-01 1.14406E+00-4.22270E-01-1.02305E+00
 -1       733 2.30019E-01-6.50669E-01-1.24075E+00 1.54013E-02 4.98990E-03 1.83390E+00
 -1       734-5.62823E-02-1.97980E-01-1.43173E+00-4.82049E-01-6.71282E-02 1.09273E+00
 -1       735-3.77382E-01-3.50617E-01-1.35604E+00-4.35079E-01-7.50459E-02 2.11627E+00
 -1       736 8.81536E-02-1.43166E-02-1.52656E+00-3.45681E-02 6.88254E-02 6.16689E-01
 -1       737-2.12433E-01-1.05599E-01-1.04765E+00-2.44754E-02 7.03108E-02 7.24578E-01
 -1       738 1.89127E-01 1.35045E-01-1.86794E+00-1.59253E-01 1.29131E-01 1.01924E+00
 -1       739-1.21458E+00-5.06318E-01-2.40544E+00-7.50868E-01 5.23030E-01 2.92401E+00
 -1       740-5.56050E-01-5.45397E-02-1.92837E-01-2.86446E-02-7.09035E-02-4.05483E-01
 -1       741-5.51978E-01-1.30786E-02-2.81274E-01-4.42425E-02-7.02281E-02-3.85510E-01
 -1       742-3.67074E-01 3.50629E-03-4.31823E-01-4.50850E-03-8.57063E-02-4.71203E-01
 -1       743 1.18933E-01 6.37638E-02-1.53882E+00-4.58622E-02 2.88534E-01 5.29942E-02
 -1       744-1.61999E-01-2.11265E-01-2.67258E-01-3.00030E-01 3.50172E-01-7.89377E-01
 -1       745-1.02442E+00 3.41985E-02-1.63542E+00-2.86743E-01-1.50486E-01 1.65456E+00
 -1       746-4.53710E-01-1.67974E-01-2.57827E+00-1.81624E-01 1.58403E-02 1.58101E+00
 -1       747-2.28671E-01 2.79473E-01 6.01028E-01-2.60909E-01-3.41070E-01 1.18966E+00
 -1       748-1.74227E-01 1.03897E-02-3.06533E-01-4.46314E-01 1.54199E-01 1.39162E+00
 -1       749-2.05243E-01 1.86900E-01-1.54212E+00-1.71163E-01 1.10473E-01 1.05185E+00
 -1       750-1.16908E-01-1.07325E-01-5.95425E-01-7.30663E-02 6.60137E-02 8.87513E-01
 -1       751-5.20813E-01 3.45984E-01 1.79592E+00 1.96732E-02-4.71948E-01-4.33505E-01
 -1       752-2.23522E-01 5.29471E-02-1.59842E+00-3.83207E-01 2.60295E-01 1.35632E+00
 -1       753-6.21642E-01-6.00369E-02-2.08856E-01-7.15965E-02-6.36159E-02 5.25382E-01
 -1       754-8.11586E-01-4.80948E-02 2.72046E-01-7.14267E-02-8.32566E-03-2.27423E-01
 -1       755-8.20803E-01 2.28346E-02-2.21077E-02-1.01622E-01-1.16648E-02 1.84981E-01
 -1       756-2.46411E-02-3.60176E-02-8.92307E-01-3.40659E-02 8.59661E-02 3.73709E-01
 -1       757-1.24842E+00-9.21265E-01-2.25469E+00-1.01691E+00 9.97360E-02 1.32951E+00
 -1       758-2.52559E-01 1.81291E-02-5.75512E-01-9.89960E-03-7.08523E-02-4.02582E-01
 -1       759-7.32842E-01-6.79101E-02 5.59308E-02-2.33548E-02-1.91306E-02 1.33462E-01
 -1       760-8.12292E-01-4.86854E-02-3.58482E-02-5.66453E-02 5.30135E-03 7.96183E-03
 -1       761-6.43508E-01 1.10327E-02-4.05888E-01-1.08702E-01 2.78886E-02 5.83070E-01
 -1       762-7.42670E-01-2.09645E-02-1.72878E-01-6.90618E-02-2.92145E-02-2.12632E-01
 -1       763 4.60738E-01 4.79916E-03-1.27195E+00-1.15262E-01 6.13056E-01 1.37047E-01
 -1       764 1.01400E-01 6.86949E-02-5.35659E-01-9.92989E-02-5.67373E-02-2.14245E-01
 -1       765 1.35329E+00 8.37120E-01-4.48270E+00-2.25300E-01 8.37189E-01 5.37654E-02
 -1       766-3.85863E-01-6.85142E-02-1.95861E-01-3.30677E-02-1.35488E-03 4.50613E-01
 -1       767-1.30856E-01 5.33290E-02-6.89518E-01-1.79451E-03-3.78314E-02-5.15443E-01
 -1       768-5.03070E-02-1.84940E-01-8.89575E-01-8.15960E-02-1.93051E-02-3.81161E-01
 -1       769-2.46766E-01-4.05085E-02-8.01986E-01-2.05871E-02 1.26583E-01 6.09653E-01
 -1       770-4.21411E-01-1.25133E-01-4.38469E-01-9.29667E-02-6.81719E-02-3.47376E-01
 -1       771-3.50478E-02 9.50649E-02-2.56396E-01 8.48825E-02-4.53757E-01-9.43197E-01
 -1       772-7.79479E-01-1.76193E-01-1.52392E+00-6.91706E-02 1.60894E-02-7.02123E-01
 -1       773-5.02166E-01-2.39629E-01-1.62405E+00-3.32959E-01-2.66090E-02-9.25669E-02
 -1       774-2.17146E-02 1.20335E-02-1.07479E+00-1.15060E-01-1.27918E-01-4.80861E-01
 -1       775-7.38474E-03 3.89297E-02-9.14352E-01-4.80643E-02-2.16910E-02-4.36744E-01
 -1       776-3.30292E-01 3.96376E-02-7.46645E-01-5.86765E-02 1.37941E-01-2.76544E-01
 -1       777-5.95842E-01-4.03396E-01-1.68418E+00-6.42631E-01 4.47926E-01-6.28520E-01
 -1       778-4.31542E-01-9.16949E-02-6.54198E-01-6.70349E-02 3.07476E-02 9.24898E-01
 -1       779-2.70933E-01-8.47213E-03-3.37431E-01-5.12434E-02 8.44215E-02 2.68322E-01
 -1       780-6.31205E-01-3.05347E-02 1.46554E-01-4.52375E-02-1.03678E-02 4.49724E-01
 -1       781-7.58188E-01 6.38986E-02 1.53766E-01-7.10987E-02-1.90228E-02 4.77450E-02
 -1       782 2.22198E+00-6.68225E-02-5.09050E-01 8.44989E-01 9.03209E-02 7.68523E-01
 -3
    1PSTEP                         3           1           1          
  100CL  101 1.000000000         782                     0    1           1
 -4  TOSTRAIN    6    1
 -5  EXX         1    4    1    1
 -5  EYY         1    4    2    2
 -5  EZZ         1    4    3    3
 -5  EXY         1    4    1    2
 -5  EYZ         1    4    2    3
 -5  EZX         1    4    3    1
 -1         1-9.59217E-05 1.31602E-05 2.69092E-05 9.86353E-05 1.55570E-05-2.98207E-05
 -1         2 1.16977E-04-4.14405E-05-5.01013E-05 9.27563E-06 8.28962E-06-4.75616E-05
 -1         3 1.80608E-04-1.51304E-04-1.76506E-04-1.92213E-04-5.51130E-05-1.32292E-04
 -1         4 2.73509E-04 4.47910E-05 2.44222E-05 1.55639E-04-8.61555E-05-1.05423E-04
 -1         5 2.48296E-05 2.35343E-05-8.05821E-05 1.04599E-07 2.46371E-06-1.72165E-05
 -1         6 3.55179E-05 3.50426E-05-1.17522E-04-2.83920E-07 8.27194E-06-2.32809E-06
 -1         7-2.97413E-06-2.99099E-06 8.37744E-06 1.30716E-06 5.89646E-06 9.10170E-06
 -1         8 8.39144E-06 9.44853E-06-3.06908E-05-7.77105E-07 1.21581E-05 1.39282E-05
 -1         9 1.68016E-06 3.28900E-06-1.11785E-05 3.26041E-07-1.25373E-05-1.13655E-05
 -1        10 1.68579E-05 1.44725E-05-5.07025E-05-6.17886E-08-3.11894E-06-1.10873E-05
 -1        11-2.18543E-05-2.38022E-05 7.63184E-05 1.01862E-06-7.93202E-06 5.70113E-06
 -1        12-1.02599E-05-1.17018E-05 3.78562E-05-2.36473E-07-4.75610E-06 1.40426E-05
 -1        13-3.89941E-06 1.12428E-06 1.29369E-06-8.07501E-07-9.45920E-08 8.47511E-07
 -1        14-4.73726E-06 1.52259E-06 1.38870E-06-8.53677E-07-7.08062E-08-1.47095E-06
 -1        15-3.15227E-05-4.72216E-05 3.87716E-05 3.05658E-05 2.21364E-05 3.42968E-05
 -1        16 1.60311E-05-6.26661E-05 8.52895E-05 7.45199E-05-6.70220E-05-1.46844E-04
 -1        17-6.98007E-05-2.10811E-05 1.10313E-04-1.48133E-06-8.47574E-05-4.73525E-05
 -1        18 1.64288E-05 2.89566E-05-6.32385E-05 6.57021E-05-2.80029E-05-1.06569E-04
 -1        19-8.49593E-05-2.14779E-05-1.62742E-05 7.80975E-05-1.93836E-05-6.15007E-05
 -1        20-1.11676E-04 9.83738E-06 8.14301E-05-3.67945E-05 1.74067E-05-2.46096E-05
 -1        21 1.34583E-04-8.46491E-05-2.72343E-05-4.42891E-05 1.24973E-05-7.55764E-05
 -1        22-1.18642E-05-7.88207E-05 4.11180E-05-3.82157E-05-2.12132E-05-7.61910E-05
 -1        23 5.27450E-05 3.70141E-06 1.36467E-05 7.46021E-05 7.14960E-05 3.82069E-05
 -1        24 3.55823E-05-2.33244E-05 7.42792E-06 1.53195E-05 2.64329E-05 2.38904E-05
 -1        25 3.13753E-05 5.26682E-05-7.06004E-06 4.15019E-06-2.45903E-05-2.10133E-06
 -1        26-2.40772E-05 2.65238E-05 7.85064E-05 1.30829E-04-2.14026E-05-7.29353E-05
 -1        27 1.49601E-05-1.40211E-04 1.38877E-04 1.79997E-05-2.85934E-05-5.05572E-05
 -1        28-5.89526E-05-1.65970E-05 1.02781E-04 3.21788E-05-5.33142E-05-3.00404E-05
 -1        29 1.63779E-05 4.34772E-05-4.95505E-05 9.30279E-05-3.87790E-05-6.07822E-05
 -1        30-1.39433E-04-2.04472E-05 3.56133E-05-4.48897E-05-3.96761E-05-1.03333E-04
 -1        31-1.07989E-04-1.40541E-04 9.56906E-05-3.45518E-05-1.98678E-05-3.09275E-05
 -1        32 8.20812E-05-4.87889E-05-7.38159E-05-2.03812E-05 1.59111E-05-2.16690E-05
 -1        33 1.77754E-05-1.34270E-04 1.93099E-05-6.41215E-05-3.11461E-05-7.59348E-05
 -1        34-5.87888E-05 1.11177E-05 1.52816E-05 1.21524E-05 1.40533E-05-2.51925E-05
 -1        35 4.09861E-06 5.52210E-05-1.01838E-06 6.07890E-05 8.59948E-05 5.28883E-05
 -1        36-1.02346E-04-8.34760E-05 4.58792E-05-9.77400E-05-1.64805E-05-2.76233E-05
 -1        37-4.63417E-05 6.83325E-05-5.56385E-05 8.50422E-05-2.08768E-06 6.91083E-06
 -1        38-1.95542E-05-5.64535E-05 1.04439E-05 5.10497E-05 2.13590E-05-4.80801E-06
 -1        39 4.38159E-05 4.09974E-05-9.56232E-05 6.08389E-05 2.98477E-05-9.19949E-06
 -1        40-1.28018E-05 7.67068E-08-2.72454E-05-3.63362E-05 6.84655E-06 8.10589E-05
 -1        41 2.18938E-05-4.96348E-05-4.74020E-05-2.98986E-05-3.92209E-05-4.90506E-06
 -1        42 5.15143E-05-8.73714E-05 6.05158E-05 2.38331E-05 3.33231E-05 5.10811E-05
 -1        43-1.33265E-04 3.63040E-05 5.18756E-05 1.32734E-05-2.83974E-05-9.19605E-05
 -1        44-1.34391E-05 1.19505E-05 2.49324E-07-9.75029E-05 2.51635E-05-1.29089E-05
 -1        45-6.91071E-05 9.68675E-06 5.62535E-05 1.62017E-05-1.56787E-07-1.26912E-05
 -1        46-4.00787E-06-2.65630E-06 2.94335E-05 3.28452E-05-5.29616E-06-6.08501E-05
 -1        47-6.83668E-05 1.92267E-05-6.33466E-06-5.66469E-05 2.60144E-05 1.30929E-05
 -1        48-3.24521E-05 2.15238E-05-1.08195E-04-6.62295E-06-4.17329E-05-1.76997E-04
 -1        49-9.87013E-05 8.69670E-05-3.69143E-05-1.15623E-04-3.87716E-05-5.65852E-05
 -1        50 3.17327E-05 3.41333E-05-6.48786E-05-1.15763E-05 9.50187E-06-1.32086E-05
 -1        51 9.97652E-05-4.53780E-05-6.09385E-05-1.03466E-05 3.05600E-05 3.82656E-05
 -1        52 5.48622E-05-7.69453E-05-2.79259E-05 2.11938E-06 1.47200E-08 5.36698E-05
 -1        53 4.36069E-05 3.79072E-05 1.54767E-05 4.59179E-05 1.84674E-05 5.30529E-08
 -1        54-4.93732E-06-3.51465E-05 2.89147E-05 2.64029E-05 4.09080E-05 4.30540E-05
 -1        55-8.12786E-05-2.49143E-05 1.58249E-05-8.67326E-05 1.54870E-05-1.09720E-04
 -1        56-2.52255E-05-1.83577E-05 4.27880E-06-3.73450E-05-3.07612E-06 1.48083E-05
 -1        57-1.06055E-04-6.22535E-06 1.32168E-04 3.30850E-05-3.45370E-05-2.15370E-05
 -1        58-8.36586E-06-1.00107E-05 1.42964E-05-1.45036E-05 2.32289E-05-7.09714E-05
 -1        59-7.03435E-05-4.44424E-05-6.68025E-05-9.19782E-05-5.07257E-05-1.39029E-04
 -1        60-9.54078E-05 1.05062E-04-5.50051E-05-1.03204E-04-5.28585E-05-1.26923E-04
 -1        61-4.53314E-05-9.52131E-05-7.76373E-06-1.26312E-04-7.71537E-06 8.52993E-06
 -1        62-8.21557E-06-1.34994E-05 3.84373E-05 3.38875E-06 1.64147E-04 4.22960E-05
 -1        63-2.25918E-05-3.51860E-05-3.75407E-05-9.31121E-06 1.15699E-04 2.61036E-04
 -1        64 1.80412E-05 5.73167E-05-1.54153E-04-5.46984E-05-4.77162E-05 4.91826E-05
 -1        65 8.38018E-05-2.37631E-04 2.33812E-04-6.80476E-05 6.77741E-05 8.20711E-05
 -1        66 7.07996E-05-4.51538E-05-7.24941E-06-6.65713E-06 8.13214E-05 1.73010E-04
 -1        67-6.65145E-05 1.02762E-04 1.28143E-04-1.65067E-04 1.61442E-05 3.96932E-05
 -1        68-4.98607E-05 1.91437E-05-8.20908E-05-6.95339E-05 7.14520E-05 8.79588E-05
 -1        69-8.51155E-05-3.97697E-05 1.48683E-05-3.73959E-05-1.02873E-04-4.47367E-05
 -1        70 7.07369E-05-7.90268E-05 1.22677E-04 5.02981E-05-6.73421E-05 1.80187E-06
 -1        71-1.95910E-04 1.73096E-05 1.02137E-04-7.57155E-05 4.92419E-05 1.49940E-05
 -1        72 2.94519E-04-1.45899E-04 5.23631E-05 6.59080E-06 6.43229E-05 2.66491E-04
 -1        73-2.02852E-04-6.88476E-05-6.15508E-05-3.76840E-04-3.73650E-05-1.24698E-04
 -1        74 9.11733E-05-1.26385E-04 1.26042E-04 1.79139E-05 1.69906E-04 1.50367E-04
 -1        75-1.22714E-04-4.99930E-06-7.15119E-05-5.68073E-05 5.95833E-05 1.72804E-04
 -1        76-6.00858E-05-1.48643E-05-3.03980E-04-1.44726E-04 5.36964E-05 6.41996E-05
 -1        77 2.05745E-04-5.41739E-05 2.65687E-04 1.52582E-04 1.77016E-04 2.61462E-04
 -1        78-6.15107E-05-5.73590E-05 4.79213E-05-1.82120E-04 3.80269E-05 7.88760E-05
 -1        79-2.01248E-04 3.06894E-05-6.27117E-05-2.94121E-04 3.51594E-05-2.49402E-05
 -1        80-2.37299E-04 3.29836E-06 2.19071E-05-1.48722E-04-6.17695E-05-1.18471E-05
 -1        81-5.93645E-05 4.06482E-05 4.97096E-05 5.76849E-05-1.06763E-04 8.44459E-05
 -1        82-5.55736E-05-4.35768E-05 1.99016E-04-4.93509E-06 1.44950E-04 1.67937E-04
 -1        83 3.69949E-05-4.85179E-05-2.73483E-06 7.77416E-05 7.41106E-05 9.15117E-05
 -1        84 4.04546E-04-3.84615E-04-1.49804E-05-5.62989E-05 1.09621E-04 9.87968E-05
 -1        85-8.04716E-05-6.23946E-05-1.84899E-05-1.20115E-05 4.46072E-05 1.80288E-04
 -1        86-1.41059E-04 9.44265E-05-1.05387E-04-4.89165E-05-1.01910E-04 1.37349E-04
 -1        87 5.48276E-05 8.13200E-05-2.24944E-04-2.99820E-06-2.16823E-05 1.29554E-04
 -1        88 1.80326E-05-8.33136E-05 3.17291E-05-7.40845E-05 3.96614E-06 5.16176E-05
 -1        89 3.07950E-04-6.50152E-05 1.18654E-05 3.69898E-05 1.03706E-04 1.52068E-04
 -1        90-8.20566E-05 6.47431E-05-3.41175E-05 6.47246E-05 7.79093E-05 1.67668E-04
 -1        91-1.37244E-04 9.82298E-05-5.70331E-05-9.78980E-07-2.01478E-05 1.89805E-04
 -1        92-5.82860E-05 1.62357E-04-1.04920E-04 8.45612E-05 4.05396E-06 8.47883E-05
 -1        93 7.95983E-05-7.35075E-05-4.08468E-05-1.57891E-05 2.29012E-05-5.88236E-05
 -1        94 2.48754E-04-1.50574E-05-4.60028E-05 1.77094E-04-3.73016E-05 2.99544E-05
 -1        95-4.96867E-05 3.15570E-07-2.46851E-05 3.88618E-05 9.55107E-05 2.77965E-05
 -1        96-1.51855E-05 6.01233E-05 4.42947E-05 2.51976E-05-5.76566E-05-8.85576E-05
 -1        97-2.60832E-04 3.66669E-04-2.01249E-04 1.33800E-04-7.77790E-05 2.29310E-04
 -1        98-5.26792E-05 3.90555E-05-1.98813E-04-4.03748E-05-6.53348E-05 5.58030E-05
 -1        99 1.32318E-04 1.82157E-05-2.46335E-04-4.36865E-05-1.26257E-04-4.64572E-05
 -1       100 2.24005E-04-1.53301E-04-3.17621E-05-6.29477E-05 2.98211E-05 1.84533E-04
 -1       101 1.82367E-04 1.24764E-04 9.17864E-05 1.99214E-04 1.66466E-04 1.06909E-04
 -1       102-1.93879E-04 1.56381E-04 9.31093E-06 6.24350E-05-5.30403E-05 1.07910E-04
 -1       103-1.01058E-04 2.44435E-04-1.26070E-04 5.73059E-05-1.10913E-04 8.73930E-05
 -1       104 1.72519E-04-1.21359E-04-5.14490E-05 2.92715E-05-1.27041E-04-2.62381E-04
 -1       105-5.77865E-05 1.09769E-05-4.87731E-05 6.41526E-05 3.62593E-05 3.98288E-05
 -1       106 1.93639E-04 5.08483E-05-5.06207E-05 1.93958E-04 4.93253E-05 1.10704E-04
 -1       107 8.31396E-05 1.94246E-05 7.80213E-05 1.31693E-04 7.81468E-05 6.97495E-05
 -1       108-7.23823E-04 3.60594E-04 9.63602E-05-2.47768E-04-9.97165E-05 5.81965E-05
 -1       109 1.33878E-04-8.06362E-05-1.28067E-04-2.51591E-05 3.73779E-05 3.50008E-05
 -1       110 1.36909E-04 3.60672E-04 4.28619E-05 1.64369E-04-1.61633E-04-8.78025E-05
 -1       111-7.90227E-05-1.69337E-05-4.73961E-05-4.94826E-05 6.29598E-05 1.60480E-04
 -1       112 2.24256E-05-2.43429E-05-1.61619E-04-1.32307E-04-2.84826E-05-6.46719E-05
 -1       113 3.02367E-05 2.97654E-05-9.93510E-05 1.15920E-07 1.17894E-06-1.18451E-05
 -1       114 1.16162E-05 1.03941E-05-3.59128E-05 1.16569E-06 4.61749E-06-4.46161E-06
 -1       115 2.74964E-06 3.31946E-06-1.14215E-05 1.31471E-07 8.76573E-06 9.33418E-06
 -1       116 2.21866E-05 2.21174E-05-7.38585E-05-4.11795E-07 1.46102E-05 5.69416E-06
 -1       117 9.65081E-06 9.15502E-06-3.07462E-05 1.68668E-07-6.57843E-06-9.74723E-06
 -1       118-9.38379E-06-1.14918E-05 3.23500E-05 2.90929E-07-1.34854E-05-3.68963E-06
 -1       119-1.55235E-05-1.81878E-05 5.72284E-05 1.02318E-07-4.30300E-06 1.07012E-05
 -1       120 2.85974E-06 1.48782E-06-6.50224E-06 1.49991E-07-3.77067E-06 1.27952E-06
 -1       121 2.62583E-05 2.48394E-05-8.42622E-05-5.60860E-08-1.04322E-06-6.60600E-06
 -1       122 1.19894E-05 1.39761E-05-4.58148E-05 2.51760E-07-2.13714E-07-1.33899E-05
 -1       123-1.36074E-06-1.11074E-06 3.47864E-06-3.17986E-07 1.83004E-06 1.42471E-05
 -1       124-1.32333E-05-1.26386E-05 4.23983E-05 1.19653E-06-4.86673E-07 7.98640E-06
 -1       125-3.10731E-06 1.77666E-06-9.18368E-07-9.65514E-07 3.44417E-07 4.07806E-06
 -1       126 8.68874E-07 2.18058E-06-6.32796E-06-2.71202E-07 6.88882E-07 4.38753E-06
 -1       127 5.03297E-06 4.92107E-06-1.58714E-05-2.18944E-07 2.98741E-06 1.34674E-06
 -1       128 2.71342E-05 2.09358E-05-8.27494E-05 1.31588E-06 3.48935E-06-2.34565E-06
 -1       129 2.49239E-05 1.27375E-05-2.01096E-05 2.33261E-05 2.56513E-05 3.92914E-05
 -1       130 1.33638E-05-3.97424E-06-4.15858E-06 7.14071E-06 2.69903E-08 1.20632E-05
 -1       131 1.45353E-06 3.59243E-06-3.74379E-06 9.38299E-06-6.88801E-07 6.41466E-06
 -1       132-4.29932E-06 1.48643E-06-1.98357E-08-3.13580E-06 2.62740E-06 9.55257E-06
 -1       133-9.11604E-07-1.91039E-06 3.67775E-06 1.37301E-07-2.04897E-07 2.08423E-06
 -1       134-2.58392E-07 2.67902E-07-2.44063E-07-9.97034E-08-3.59046E-07 4.00991E-08
 -1       135-2.34683E-06 6.56650E-07 7.49261E-07-7.88289E-07-4.02550E-07-1.03495E-06
 -1       136-3.82800E-06 1.36345E-06 3.93466E-07-7.34731E-07 2.60593E-07 2.34755E-06
 -1       137-9.66812E-07 1.88230E-06-3.43812E-06-5.30872E-07 1.90552E-07 4.13986E-06
 -1       138 2.27594E-06 3.52416E-06-9.90622E-06-5.41215E-07 1.98986E-06 2.75630E-06
 -1       139 8.20974E-06 1.13392E-05-3.43617E-05 1.66134E-07 8.54870E-07 1.57797E-06
 -1       140 3.27956E-05 2.72338E-05-1.20802E-04 1.60687E-05 6.21321E-05 5.38791E-05
 -1       141 2.35230E-05-4.50523E-06-7.26630E-06 1.41228E-05 2.68109E-06 2.27649E-05
 -1       142 5.82631E-06-4.53929E-07-4.67037E-06 8.29795E-06-5.70449E-07 9.11575E-06
 -1       143-4.41108E-06 3.79961E-06 2.16887E-07 3.04798E-06 2.47144E-06 7.52183E-06
 -1       144-1.46501E-06-1.90709E-06 4.49870E-06-1.48795E-06 9.11656E-07 3.72219E-06
 -1       145-5.30845E-07 2.00338E-07 2.30667E-07 3.34453E-07-8.17100E-07 1.16040E-06
 -1       146-1.32145E-06 4.85982E-07-1.55937E-07-4.41633E-07-2.59667E-07-8.53430E-07
 -1       147-3.01119E-06 9.43576E-07 9.32559E-07-6.35448E-07-2.90321E-07-1.02818E-07
 -1       148-4.28680E-06 1.32075E-06 1.32952E-06-1.14245E-06-1.17790E-07-5.55047E-07
 -1       149-2.40147E-06 1.03436E-06 3.20596E-07-7.83530E-07 5.91369E-07 1.06463E-06
 -1       150 1.67427E-07 5.83523E-07-9.56308E-07-3.79822E-07 8.43080E-07-6.14099E-08
 -1       151-1.37253E-06-3.55870E-06 6.02872E-06 8.10113E-07-3.83851E-06-2.63585E-06
 -1       152-2.71115E-06-3.67691E-08 1.56865E-06-1.40183E-06-6.12418E-06-2.33303E-05
 -1       153 6.06221E-06-1.02982E-06-6.33857E-07 9.45394E-06-2.34677E-06-1.14830E-05
 -1       154 1.84553E-05-7.30772E-06-4.57025E-06 9.91431E-06-1.29082E-06-1.27574E-05
 -1       155 3.72752E-05-2.21307E-06-1.36285E-05 1.92406E-05-1.37104E-05-3.08530E-05
 -1       156 1.81077E-05 1.43771E-05-5.48929E-05 5.67335E-06-6.89760E-06 4.25053E-06
 -1       157 4.23180E-06 3.87020E-06-1.30624E-05 5.41227E-07-1.29518E-06-1.58473E-06
 -1       158 7.15625E-07 2.47584E-06-5.81697E-06-3.16198E-07-3.01694E-07-4.24180E-06
 -1       159-3.19738E-06 1.92234E-06-1.06038E-06-6.22518E-07-3.49394E-07-4.10843E-06
 -1       160-3.85386E-06 1.26146E-06 8.98846E-07-7.20857E-07 1.88587E-07 1.83336E-07
 -1       161-1.09691E-06 6.30542E-07-1.93144E-07-5.24196E-07 4.85132E-07 5.05556E-07
 -1       162 1.46299E-07-2.42636E-07 8.25230E-08-3.86476E-08-1.43470E-07-1.02319E-06
 -1       163-3.41837E-06-3.93159E-06 1.07915E-05 2.98207E-06-6.09017E-06-5.50671E-06
 -1       164-4.09279E-06 1.27339E-06 3.20533E-06 3.49651E-06-5.37999E-06-1.82264E-05
 -1       165 1.33140E-05-4.77971E-06-3.34963E-06 1.06021E-05-2.02069E-06-1.12877E-05
 -1       166 2.69366E-05-6.03038E-06-8.68918E-06 1.21274E-05-2.41482E-06-2.05070E-05
 -1       167 4.32943E-05 2.62275E-06-5.26725E-05 2.15963E-05-3.56543E-05-1.98136E-05
 -1       168 7.37156E-06 8.13442E-06-2.91426E-05 1.50120E-06-3.86789E-07 1.83384E-06
 -1       169 3.24007E-06 3.31354E-06-8.59898E-06 3.72637E-07-7.38272E-07-2.87590E-06
 -1       170-1.58048E-06 1.97756E-06-3.10069E-06-3.50779E-07-3.58305E-07-4.12832E-06
 -1       171-3.92380E-06 1.74567E-06 3.33357E-07-4.34840E-07-1.42731E-07-2.62149E-06
 -1       172 3.74084E-05-3.51759E-05 5.35595E-06 7.86054E-06-5.17873E-05-4.09940E-05
 -1       173 1.21641E-04 5.95235E-05-6.87869E-05 9.24122E-05-2.81991E-05-1.14383E-04
 -1       174-9.32909E-05 6.97607E-06-2.04089E-05-1.73025E-05-7.43216E-05-2.25854E-05
 -1       175 1.48063E-05 4.70979E-05-4.04031E-05-5.60315E-05-2.55943E-05-1.47089E-05
 -1       176 7.08688E-05 9.25755E-06 2.53116E-05 1.32261E-04-3.45241E-05-5.03750E-05
 -1       177 1.08634E-04-1.00176E-05-9.20925E-05 9.05984E-05-4.32659E-05-6.25045E-05
 -1       178-2.33420E-05 9.23014E-06 2.20596E-05-2.28899E-05-3.29110E-05-1.58810E-05
 -1       179-9.84362E-05-2.68835E-05-9.12721E-06-1.94614E-05-1.10846E-04-7.15555E-05
 -1       180 2.45293E-05-4.68236E-05 1.70044E-05 1.75069E-05-2.31174E-05 2.18946E-05
 -1       181 5.76641E-06-2.86204E-05 6.86200E-05 3.67358E-05-1.48525E-05-3.26431E-05
 -1       182 1.62613E-05 6.41021E-05-4.81281E-06 9.02971E-05 2.59358E-05-1.03677E-05
 -1       183-1.32197E-04 2.42800E-05 2.08083E-05 4.35678E-05-2.50589E-05-4.54242E-05
 -1       184-1.29445E-04 2.98701E-05 1.05848E-04-1.55765E-05-2.53151E-06-7.54615E-05
 -1       185 4.96632E-05-1.70017E-05-2.23838E-05-3.46286E-05-1.52852E-06-6.28466E-06
 -1       186-5.17736E-05 1.74772E-05 1.23467E-05-6.20656E-05 6.64392E-05 2.01460E-05
 -1       187 1.45204E-05-7.91547E-05 4.34335E-05-1.56480E-05 4.12975E-05 4.74003E-05
 -1       188-2.74136E-05-4.27462E-05 3.10775E-05-2.57762E-05 1.71715E-05-1.00840E-05
 -1       189 4.10712E-05-4.36253E-05 1.78636E-06-2.28938E-05-5.84341E-06-6.31599E-05
 -1       190 4.20028E-05-4.21553E-05 6.49838E-06-2.18515E-05 1.12966E-05-1.33513E-05
 -1       191 6.39437E-06 1.15225E-05-4.73585E-05 4.24279E-05 5.87246E-05-2.03547E-05
 -1       192-1.11866E-05-5.21511E-05-4.89447E-05-1.84991E-05-3.78438E-05-1.14978E-04
 -1       193-7.43726E-06 3.98635E-05 9.49694E-06 2.52596E-05 6.16998E-05 5.63915E-05
 -1       194-8.77075E-07-2.71608E-05-1.08126E-05-2.41530E-05-1.10284E-05-2.06099E-05
 -1       195 1.65701E-06 8.39677E-05 5.79701E-05 1.46752E-04 3.96546E-05 6.75231E-05
 -1       196-3.32977E-05-2.04213E-06-8.10430E-06 9.43506E-06-3.40136E-05 8.37699E-06
 -1       197-1.93936E-05-4.69399E-05 6.55348E-05 4.45825E-05-1.76804E-05 3.06456E-05
 -1       198 1.08872E-04 1.06417E-05 2.55310E-05 5.67530E-05-5.18938E-05 2.27604E-06
 -1       199-9.97591E-05 1.35193E-05 2.89254E-05-5.42634E-05-6.33465E-07 7.29558E-05
 -1       200-1.04048E-04 1.68445E-05 3.96622E-05-6.31885E-05-2.52873E-05 6.19355E-05
 -1       201-2.84645E-05 2.31472E-05-1.70413E-05 1.59290E-05 5.02370E-06 4.86519E-06
 -1       202 1.77630E-04-2.03029E-05-1.02054E-04-1.38352E-05-5.25280E-05 1.09580E-04
 -1       203 1.75955E-05 5.51864E-05-1.22747E-04 3.13787E-05-4.98016E-05-2.44797E-05
 -1       204 1.35908E-04-2.13509E-05-5.82281E-05-8.47415E-08-4.07089E-05 8.13517E-05
 -1       205-1.32678E-04 5.61565E-05 5.38317E-05-2.01239E-05-9.55331E-05-6.81777E-05
 -1       206-1.43530E-04 9.18932E-05 1.26880E-04 3.21825E-05-2.78721E-05 2.45783E-06
 -1       207-4.73525E-05-2.30393E-05 5.22007E-05 6.17260E-05 6.72164E-05 6.28067E-05
 -1       208-2.79980E-05 2.42328E-05 6.66504E-05 5.23804E-05-4.64428E-05-5.35078E-05
 -1       209-8.34683E-06-3.70751E-05 8.12718E-06 1.31264E-04 4.66565E-05-4.49542E-05
 -1       210 5.41797E-05-1.64840E-06-3.30292E-05 2.03970E-05-1.82917E-05-4.23844E-06
 -1       211 3.53496E-05 3.93429E-05 8.23988E-05 9.18111E-05 4.57115E-06 4.24345E-05
 -1       212 2.33846E-04-1.88777E-05-5.65086E-05 6.31436E-05-8.08546E-05-1.15585E-04
 -1       213-1.35135E-04 1.35143E-04 5.33514E-06 8.06275E-05 1.07046E-04 5.08063E-05
 -1       214 6.38332E-05-1.12929E-04 8.58237E-05-1.33270E-04 1.48779E-05 2.17256E-04
 -1       215 2.19787E-04-1.98796E-05-5.61701E-05-4.42764E-06 2.67008E-05 5.68474E-05
 -1       216-1.61614E-04 8.24478E-05 1.38046E-04 1.88695E-05 1.23181E-05-9.05215E-05
 -1       217-6.30726E-05 6.50590E-06 1.32853E-05-7.60781E-07 5.71217E-05 5.01599E-05
 -1       218-1.07761E-04-5.70600E-05 3.89528E-05-2.99508E-05 9.30578E-06 1.17179E-05
 -1       219-1.08176E-04-4.20014E-05 1.03887E-04 1.95560E-05-1.80851E-04-1.28605E-04
 -1       220-3.51510E-05 7.24003E-05 4.70316E-05 8.26919E-05-1.91916E-05-9.01608E-05
 -1       221-1.62606E-04 1.63735E-04 1.24547E-04 2.96100E-05 4.25976E-05 1.32098E-05
 -1       222 9.59591E-05 3.24870E-05-2.06494E-04 2.10378E-05-7.70777E-05-1.01790E-04
 -1       223-3.88751E-05 1.60928E-05 5.76813E-07-4.59202E-06-6.49195E-05-2.12983E-05
 -1       224-1.82407E-04 5.66345E-05 6.08389E-05-2.30136E-05-3.40107E-05 8.75654E-06
 -1       225-3.46330E-05 2.95730E-05-2.72952E-05 6.74887E-05-1.85114E-05 9.34255E-06
 -1       226 9.69555E-05-3.11328E-07-7.75462E-05 6.05690E-05 1.79024E-05 3.81757E-06
 -1       227 1.48553E-04 4.23342E-06-2.06847E-04 1.92681E-05-5.42808E-05-6.71434E-05
 -1       228-3.53054E-06 7.34850E-05 2.01572E-05 4.96089E-05-2.36781E-05 4.54930E-05
 -1       229 3.57141E-07-4.76955E-05-4.47954E-05 7.01629E-05 1.20664E-05 1.14476E-04
 -1       230 8.82198E-05 4.75859E-05-9.62714E-06 6.89990E-05-1.43903E-05 1.16196E-04
 -1       231 9.77767E-05-2.60946E-05-1.76011E-05 1.46963E-05 3.82307E-06 1.65597E-06
 -1       232-3.34042E-05-2.59440E-05 4.26181E-05-2.73580E-05-2.07652E-05-2.49373E-05
 -1       233 1.88973E-04-4.85249E-05-5.43989E-05-5.41086E-07-7.63927E-05 5.98708E-05
 -1       234-7.59426E-06 1.22686E-06 3.38971E-06 3.06960E-05-1.80548E-05-3.66495E-05
 -1       235 5.64114E-05-1.52376E-05-2.39100E-05 4.46203E-06 2.11064E-05-2.61701E-05
 -1       236 1.01379E-04-5.20000E-06-6.81879E-05-1.05119E-05-1.04318E-05 6.71538E-05
 -1       237-5.72604E-05-1.55994E-05 1.98333E-05-1.83898E-05 8.96964E-06 4.80310E-06
 -1       238 2.15634E-05 1.20789E-05 2.48329E-05 1.07228E-05 1.36080E-05 4.50306E-07
 -1       239-3.82640E-05 3.02901E-05 9.63410E-06 2.50426E-06 2.37950E-05 1.07619E-04
 -1       240-3.67076E-05-1.11357E-04 6.58640E-05-6.96319E-05 9.82634E-06 7.97200E-05
 -1       241 9.15619E-05 5.84812E-07-3.68683E-05 6.07519E-05 3.99163E-05 3.92293E-05
 -1       242-9.31325E-05 9.20144E-05-2.18137E-05 7.30054E-06 1.44969E-05 7.52090E-05
 -1       243-5.67979E-05-1.10463E-05 7.53820E-05-3.55343E-05-1.07388E-05 3.23182E-05
 -1       244 4.85968E-05-1.92529E-05 3.82487E-05 2.30357E-05-8.29928E-06-2.45854E-05
 -1       245 6.98500E-05-4.71460E-05 4.34518E-05 8.87327E-06-6.48003E-05 2.85148E-05
 -1       246 3.23928E-05-1.02585E-04 7.84416E-05-4.53136E-06-3.99498E-05 5.75908E-05
 -1       247-5.11691E-05 2.53231E-05 1.12334E-04 7.11092E-05-3.37855E-05-7.58927E-05
 -1       248-7.14783E-05-1.43364E-04 3.71929E-05-1.69796E-04-8.56556E-05-4.20567E-05
 -1       249-1.63583E-04 1.36117E-04 8.63496E-05 5.64284E-05 3.50775E-05 1.31592E-04
 -1       250-2.48662E-04 1.29559E-04 2.09047E-05-8.14674E-05-1.63880E-05 8.09648E-05
 -1       251 1.61366E-04 3.01079E-05-1.61263E-04 5.03185E-05-3.79898E-05-6.38181E-05
 -1       252 6.92326E-05-3.39997E-05-2.13382E-05 1.10596E-05 1.53665E-05-5.44810E-06
 -1       253 9.88492E-05-1.44002E-04 3.37095E-05 1.22998E-05 6.18768E-05 4.41403E-05
 -1       254-1.44136E-04 1.56426E-06 5.79409E-05 1.77107E-05 4.76692E-06 5.35622E-06
 -1       255 1.33737E-04-2.17362E-05-1.50794E-05-7.25796E-05 9.06952E-06 1.11962E-04
 -1       256 1.02978E-04-3.29480E-06 1.84973E-05-7.69119E-05-3.17776E-05 4.55995E-05
 -1       257 7.15909E-05-5.49506E-06 2.03455E-05-1.36442E-04-9.55638E-06 1.01320E-04
 -1       258 2.12573E-04-1.22540E-04-9.92378E-05-3.69019E-06 7.29149E-05 1.52913E-04
 -1       259-4.63574E-05 5.43685E-05-2.90186E-05-4.92276E-05 5.86706E-05 8.36529E-05
 -1       260 6.30383E-05 6.85482E-05-3.29976E-05 1.12705E-04-4.71985E-05 3.45058E-07
 -1       261-1.38639E-04-5.38267E-05 7.85137E-05-7.01506E-05-9.30993E-05-1.92347E-05
 -1       262-1.04045E-04 8.04104E-05 8.15201E-05 8.32483E-06-4.01712E-05 2.95707E-05
 -1       263 5.56606E-05-5.55659E-05 4.52052E-05 1.05174E-05-4.56717E-05-1.79270E-05
 -1       264-2.06883E-04-1.06169E-05 1.22423E-04-1.36997E-04 1.50145E-06 1.79212E-05
 -1       265 2.51727E-04-6.43883E-05-1.83517E-05 7.38184E-05-7.16468E-05-3.87024E-05
 -1       266 2.51807E-04-5.31313E-05-1.44797E-06 5.64423E-05-7.27537E-05 6.41341E-05
 -1       267-4.17229E-05 8.61954E-05-3.44566E-05 7.02862E-05 1.04870E-04 2.34842E-05
 -1       268-5.12500E-05-9.59024E-05 1.00181E-04-5.36432E-05-6.62814E-05 5.76532E-05
 -1       269-2.04710E-05-2.35829E-06-1.13298E-05-5.77017E-06-1.51906E-05 4.88555E-05
 -1       270 1.74131E-05-5.35048E-05-2.44342E-05-5.35107E-05 1.11356E-05-2.26772E-05
 -1       271-9.24784E-05 1.11894E-04-4.06617E-05-7.26825E-05-2.99330E-06 1.24978E-05
 -1       272 1.30659E-04-6.64473E-05-8.06256E-05 5.55581E-06-2.36677E-05-2.02482E-05
 -1       273-5.50112E-05 3.99210E-05-2.05924E-05 2.10514E-05-4.94193E-06 2.44041E-05
 -1       274-1.29030E-04 2.25636E-05 7.61541E-05-1.27337E-04-8.71844E-05 6.48390E-05
 -1       275 4.58641E-05 1.89211E-05-8.32120E-05-3.88786E-05-9.59258E-06 5.33316E-05
 -1       276-1.36134E-04 4.57490E-05 3.33803E-06 2.51539E-05 2.00141E-05 1.59551E-04
 -1       277-2.26509E-06 1.10558E-04-1.17582E-04 4.47147E-05 4.73212E-05 1.43262E-04
 -1       278-5.57790E-05 7.53242E-05-1.86063E-04-2.63221E-05 2.40899E-05-4.44899E-06
 -1       279-4.45657E-05 6.70807E-05 2.22720E-05-1.79696E-05 2.38796E-05 1.23316E-05
 -1       280-9.23380E-05-3.21024E-06-4.25543E-05-9.92878E-06 6.10377E-05-6.13218E-06
 -1       281 1.63007E-05 2.27777E-05-4.09363E-05-2.54535E-05 1.22031E-05 2.15830E-05
 -1       282 7.53368E-05-5.31666E-05-7.48314E-06 2.56690E-05 1.02650E-05 3.45388E-05
 -1       283 2.99551E-05 3.11859E-05 1.45172E-05 1.32482E-04 1.53942E-05 6.01634E-05
 -1       284 4.96522E-05-1.78010E-05-1.07144E-06 7.25182E-05 3.72025E-05 3.26942E-05
 -1       285-1.48636E-04 1.74564E-05-1.29775E-05-4.31049E-05 5.04688E-05 4.94280E-06
 -1       286-7.11807E-05 4.68651E-05 2.94585E-05 9.19876E-05-8.11414E-05-3.43095E-05
 -1       287-1.80029E-04 3.90207E-05-1.56357E-05-3.84617E-05 3.56329E-05 5.22657E-05
 -1       288 1.08353E-04 1.56559E-04-1.74563E-04 1.46879E-04 1.95584E-05 4.78388E-05
 -1       289-3.75251E-05 9.67941E-06-3.02692E-05-9.50567E-06 1.31029E-05 3.27688E-05
 -1       290 6.50955E-05 1.03537E-04-1.84344E-04 9.94889E-05 6.33754E-05 1.23036E-04
 -1       291 3.21226E-05 1.02981E-04-6.42738E-05 4.31718E-05 2.18115E-05 7.57961E-05
 -1       292-6.25383E-05 3.69937E-05-4.72334E-05-5.24801E-05-3.63400E-05 1.84874E-05
 -1       293-1.25086E-04-1.56696E-05-1.24878E-04-9.90764E-05 5.90341E-05 8.49532E-05
 -1       294 7.16559E-05-5.93586E-05-1.06830E-04-5.33352E-05 1.29660E-05 6.80167E-05
 -1       295 4.65055E-05-2.00020E-05 2.78552E-05 4.76104E-07 8.35193E-06 1.44624E-05
 -1       296 4.01763E-05 3.29271E-05-1.03936E-04-6.29106E-06-5.74455E-06 1.11808E-05
 -1       297 5.51160E-05-3.01100E-05 2.47688E-05 6.11701E-05 1.80781E-05 1.05909E-04
 -1       298-3.85933E-05 3.89075E-05 1.20234E-04 9.61489E-05-7.55278E-05-5.91725E-05
 -1       299 1.01532E-04 4.60916E-06 3.02960E-05-1.21734E-05-1.09341E-05 2.91774E-05
 -1       300 2.79503E-05 1.33556E-05 3.57944E-05 2.81736E-05-1.18414E-05 6.77982E-06
 -1       301-6.51604E-05 8.52993E-06 6.81570E-05-7.70099E-05-2.18264E-05-6.35734E-06
 -1       302 1.15177E-05 1.81015E-05 1.24943E-04-1.37370E-05-1.53659E-05 9.21455E-05
 -1       303-1.55218E-05 6.78446E-05-9.39724E-06-1.05446E-05 3.77721E-05 5.32396E-05
 -1       304-8.58192E-05 7.84186E-05-1.32245E-05 5.33418E-05 2.02321E-05 8.02298E-05
 -1       305-2.29132E-04-1.68323E-05 5.69249E-05-8.62367E-05-8.42400E-05 1.18866E-04
 -1       306-3.24045E-05 3.86364E-05 4.19903E-05 7.78904E-06-1.14920E-05-8.31481E-06
 -1       307-8.73170E-05 6.38501E-05 4.38991E-05 4.30420E-05-1.53512E-05-4.42838E-05
 -1       308-1.70732E-04 7.50500E-05-1.36025E-05 1.65901E-05-1.62469E-05 6.65762E-05
 -1       309 1.74954E-05 6.67799E-05-4.68071E-05 6.47277E-05-4.72075E-05-1.59486E-04
 -1       310-5.46696E-05 6.09092E-05-8.29076E-06-2.65012E-05-1.15200E-05-3.69277E-05
 -1       311-8.15310E-05 4.92282E-05 2.90332E-05-2.39658E-05 7.86062E-05 1.09523E-04
 -1       312 2.38466E-05-8.43468E-06-4.46123E-05-2.80540E-05 2.89376E-05 4.42568E-05
 -1       313 4.24890E-05 1.61018E-05-7.62135E-05 1.81986E-05 3.36524E-06-6.18488E-05
 -1       314 8.91100E-05-6.82150E-05-1.85630E-05-1.56520E-05-3.41341E-05-3.14882E-05
 -1       315 4.40111E-05 3.77731E-05-7.26439E-05-4.28090E-06 2.14854E-05-9.77536E-05
 -1       316 1.67899E-05-1.43697E-06-3.63459E-05-4.82739E-05-4.68088E-05-8.52799E-05
 -1       317 7.56175E-05-3.00285E-05-8.84106E-05-1.34743E-05-4.05470E-05-6.75817E-05
 -1       318 7.21869E-05-6.01863E-05-7.94899E-06-1.59470E-05-2.23643E-06-1.87401E-05
 -1       319-1.64644E-04 5.25981E-05-3.94146E-06-8.22180E-05 1.02752E-05 1.76799E-04
 -1       320 2.85849E-05 1.01252E-04-1.75176E-04 6.05091E-05-6.30353E-06 1.90549E-04
 -1       321 9.29699E-05 2.79331E-05-1.57698E-04 5.34187E-05-1.88410E-05 3.80110E-05
 -1       322-6.15283E-05 8.29930E-05-2.38345E-04-2.61222E-05-1.79019E-05 7.89730E-05
 -1       323 9.79542E-06 1.67848E-05-1.00646E-04-3.92343E-05 3.16000E-05 5.35161E-05
 -1       324-6.16316E-05-2.81926E-06-1.10148E-04-1.14579E-04-2.20588E-05 1.56270E-04
 -1       325 5.97940E-05-8.16268E-05 1.50799E-05-3.76990E-05-4.97839E-05 3.49065E-05
 -1       326 2.70570E-05-1.39208E-04 8.33389E-05-8.96586E-05-5.82661E-05 4.03887E-05
 -1       327-2.74117E-04 6.33411E-05 1.08878E-05-1.07776E-04-5.22382E-05 7.17218E-05
 -1       328-1.17754E-04 2.51485E-05 9.01558E-05-1.89912E-04 4.39708E-05 8.07568E-05
 -1       329-1.33630E-04 3.45412E-05 1.79448E-05 9.63908E-05 4.43816E-05 2.01190E-04
 -1       330-2.37303E-04 7.59239E-07 4.37729E-07-1.31308E-05 7.11917E-06 1.46334E-04
 -1       331 6.35441E-05 4.97228E-05-5.01395E-05 1.26448E-04 4.17103E-05 8.89117E-05
 -1       332-1.10192E-04 5.85875E-05-7.21506E-05 5.21645E-05-5.85861E-05 5.36131E-05
 -1       333-1.06843E-04 4.52425E-05-2.73843E-05-1.28370E-04-4.32323E-05-1.12389E-04
 -1       334-8.95680E-05 1.64771E-04-3.83479E-05-5.49377E-05-2.06473E-05 1.15701E-05
 -1       335 2.60462E-04-8.03864E-05-1.16563E-04 7.78211E-05-7.18639E-05-7.08882E-05
 -1       336 2.00386E-04-8.23914E-05-8.74261E-05 3.84964E-05-7.79689E-06-5.13914E-05
 -1       337-4.24661E-05-8.30595E-05-9.78597E-06-6.10547E-05 2.83404E-05-2.94948E-05
 -1       338 4.16495E-05-1.59502E-05-4.87661E-05 2.01263E-05 3.36296E-05 6.46535E-05
 -1       339 3.91304E-05 4.11077E-05 6.66806E-05 1.02781E-04 4.12293E-05 2.24047E-05
 -1       340-7.45625E-05-1.87514E-05 1.14533E-04-1.66654E-05 1.24429E-04 7.20836E-05
 -1       341-6.73934E-06-6.44619E-05-1.87718E-04-2.82743E-05-4.52951E-05 5.35292E-05
 -1       342-2.41281E-05 1.04837E-04-2.26674E-04 7.48195E-08-1.91069E-07-2.94124E-05
 -1       343-7.12462E-05-1.86797E-05-3.33373E-05-4.82030E-06 4.64477E-05 1.20831E-04
 -1       344-2.76774E-05 6.91847E-05-1.35376E-04 8.19602E-05-3.27088E-05 1.72828E-04
 -1       345 5.44217E-04 8.37871E-05-1.24387E-04 1.69137E-04-5.18029E-05 9.29110E-05
 -1       346 9.44512E-05-3.87767E-05 7.76807E-06 5.87739E-05-2.10343E-05 1.27989E-06
 -1       347 1.37724E-05-9.64586E-05-3.50691E-05-5.02367E-05-4.02770E-05 7.98947E-05
 -1       348-2.59930E-05 2.11507E-04-3.02156E-05 3.49152E-05-6.13033E-05 3.61582E-06
 -1       349-1.09819E-04 8.50038E-05 1.45238E-04-2.60297E-05 3.17680E-06 7.67940E-05
 -1       350-3.70117E-05 6.87968E-05 9.96048E-05 2.47703E-05 9.40279E-05 9.77955E-05
 -1       351-9.19426E-05 1.19042E-04 4.16441E-05 1.07277E-05 1.04529E-05 1.15401E-04
 -1       352 2.14275E-04-4.38678E-05-6.72304E-05-2.25735E-05-2.58986E-05 1.96892E-04
 -1       353 1.24200E-04-8.05194E-05 6.08853E-05-7.52627E-05-8.51801E-05 2.36064E-04
 -1       354-5.64943E-05-5.35818E-06 1.78448E-04 3.92902E-05 3.26900E-06 8.36406E-06
 -1       355-1.45502E-05-9.37400E-05-8.08771E-05-1.09571E-04-1.56734E-04-1.63411E-04
 -1       356 3.44901E-05 5.96894E-05-4.06878E-05-6.70043E-05 4.84096E-05-4.33160E-06
 -1       357 4.94338E-04-5.48293E-05-1.34579E-04 1.21541E-04 7.99369E-05 1.08873E-04
 -1       358 3.12738E-04 1.24300E-05 8.32953E-06 1.00013E-04 2.41693E-05 2.32027E-04
 -1       359 4.49426E-04-1.74324E-04-1.56877E-04-1.21330E-04 4.12242E-05 1.06267E-04
 -1       360 8.95643E-05-7.19878E-05 2.94718E-05 1.28506E-05-9.63489E-05-1.09094E-04
 -1       361 8.84585E-05 5.57664E-05 3.46738E-05 1.94861E-05-4.40603E-05-4.20328E-06
 -1       362-1.14827E-04-7.35080E-05 1.68058E-04-4.73680E-05 3.08225E-05 1.15726E-04
 -1       363-1.47844E-04 2.28034E-05 1.13676E-04-1.07904E-04 9.31602E-06 9.56576E-06
 -1       364 3.22454E-05 1.21913E-04-4.33407E-06 8.55777E-05 3.57969E-05-8.88416E-06
 -1       365-8.68833E-04 3.82864E-04 1.09053E-04-2.31065E-04-8.96018E-06 2.74649E-07
 -1       366-4.94048E-04 8.00019E-05 2.38805E-04-2.19689E-04 7.76868E-05 1.48106E-04
 -1       367-3.85483E-05 2.07758E-05-7.77101E-05-4.51252E-06 8.18651E-05 1.73473E-04
 -1       368 8.04435E-05-8.00788E-05-1.11516E-04-1.53371E-05 2.19061E-06 1.65341E-04
 -1       369-2.67841E-05 9.07821E-05-2.39713E-04-2.11135E-06 2.54143E-05 2.36735E-04
 -1       370 6.10297E-05-7.87898E-05-2.85176E-05 2.31677E-06 1.57726E-06-2.47839E-05
 -1       371-4.95198E-05-1.93869E-05-9.94194E-06-1.33007E-04 3.19953E-05 7.39705E-05
 -1       372-2.06199E-05 8.65431E-05-2.83939E-04 1.10013E-06-2.78750E-05 1.57890E-04
 -1       373 1.61163E-06 2.68655E-05-9.44363E-05-4.28153E-05-9.78695E-05-8.51936E-05
 -1       374-2.17584E-04 6.64177E-05-2.61227E-04-6.17794E-05-8.28808E-05-8.28149E-06
 -1       375 1.19877E-04-8.52815E-06-1.31155E-04 1.25879E-05-6.73159E-05 1.84667E-05
 -1       376-1.93408E-04-1.71856E-04 1.90811E-04-1.57191E-04-5.69431E-05-4.52654E-05
 -1       377 2.69007E-05 1.85644E-05-3.73435E-05 4.92250E-05 1.33621E-05 3.26945E-07
 -1       378 1.17726E-04-1.86425E-04 2.25417E-04-7.83850E-05-3.98441E-05 1.22148E-04
 -1       379 1.82726E-04-1.31480E-04 3.25678E-05-1.15065E-04-3.14197E-05 2.28726E-04
 -1       380-4.51589E-05-1.06830E-04 2.71568E-04-5.93538E-05-2.87940E-05 1.33350E-04
 -1       381 2.22637E-05-4.12586E-05-6.69518E-05-7.39532E-05-2.73463E-05 1.07274E-04
 -1       382 7.04703E-05-5.87393E-05 4.34843E-05-1.04661E-04 1.94537E-05 8.89554E-05
 -1       383 2.30499E-04-3.66974E-05-9.78022E-05-6.58055E-05-3.49846E-05 3.10920E-04
 -1       384-3.73046E-06 7.72711E-05-8.92121E-05 2.17251E-05-7.71305E-05-3.08897E-05
 -1       385-1.15097E-04 1.93455E-04 1.44221E-04-4.72501E-05-2.16785E-06 4.36922E-05
 -1       386 1.78820E-04 5.75075E-05 6.32643E-05 7.58902E-05 5.72833E-05 2.31647E-04
 -1       387 5.44570E-06 7.60279E-05-1.14790E-04 3.22887E-05-4.64782E-06 1.88271E-04
 -1       388-1.91728E-04 3.56961E-05-1.10486E-04-5.17439E-06-1.56197E-05 1.57937E-04
 -1       389 1.20464E-05 5.22771E-05-1.01609E-04 3.60497E-05-6.85929E-05 3.39017E-05
 -1       390 5.02006E-05-6.96085E-05-3.27043E-05 2.51249E-05-2.34563E-05 6.01650E-05
 -1       391-8.32924E-05-2.11157E-05 5.36532E-05 5.44556E-06-3.78794E-05 5.66018E-05
 -1       392-1.04348E-04 7.23844E-05-8.36177E-05 2.69238E-05-1.65415E-07 1.14616E-04
 -1       393 1.92840E-04-1.05184E-04 1.15326E-04 1.32789E-04 1.74424E-05 3.58750E-05
 -1       394-1.16025E-04 9.64418E-05 1.10588E-04 4.39765E-05 3.68505E-05 3.88356E-05
 -1       395-6.74972E-05-3.55798E-05 2.79048E-05-7.33618E-06 3.91936E-06 4.60164E-05
 -1       396-7.42233E-05-6.52650E-05 1.06347E-04-5.29275E-05 1.04771E-04 4.64691E-05
 -1       397 2.48470E-04-1.52171E-04 3.46926E-05 2.17932E-05 8.51785E-05 1.28161E-04
 -1       398-1.13862E-04 9.65351E-05 1.06808E-04 6.26487E-05 9.04046E-05 7.59772E-05
 -1       399-1.07597E-04-1.66457E-05 1.13621E-04 9.03577E-06 3.97138E-05 3.70562E-05
 -1       400 2.43280E-04-1.31331E-05 1.14318E-05 1.19702E-04 7.83038E-05 1.41166E-04
 -1       401 3.87511E-04 6.08680E-05-8.00760E-05 1.62886E-04-1.00376E-04-7.33914E-05
 -1       402-1.02280E-04 1.80769E-05-3.37281E-05-9.39594E-07-6.96754E-05 8.56290E-05
 -1       403 6.08240E-05-3.07131E-05-2.55847E-04 5.26279E-05 3.67790E-05 1.47398E-04
 -1       404 1.70727E-05-2.07852E-05-7.53631E-05 6.06153E-05 8.87963E-05 2.10461E-04
 -1       405-5.85551E-05 7.98739E-06 4.59806E-05-3.05932E-05-1.90729E-05 4.63170E-05
 -1       406 1.99241E-04 7.80978E-05-1.78184E-04 8.69785E-05 1.09849E-04 1.57659E-04
 -1       407 9.71066E-05 1.32654E-04-2.54814E-04 6.75518E-05 6.84581E-05 9.89654E-05
 -1       408 2.01331E-04 1.20316E-05 1.01671E-04 9.79605E-05-1.21704E-05-1.60554E-05
 -1       409-1.43018E-04 3.42803E-05-1.09062E-04-8.10065E-05 1.49274E-05 7.50218E-05
 -1       410 4.03120E-04 3.20798E-05-8.08192E-05 1.24214E-04-1.09517E-04 1.40212E-04
 -1       411-4.95620E-05-8.05491E-05 1.54272E-04-8.19070E-05 5.80364E-05 2.44245E-04
 -1       412 1.93003E-04 4.23614E-05-2.75647E-05 1.20989E-04 4.58071E-05 1.70875E-04
 -1       413 1.58936E-04-6.73962E-05 2.71187E-05-4.04091E-05 3.80587E-05 1.70390E-04
 -1       414-1.47900E-04 2.76763E-05-1.67664E-06-5.34982E-05 8.28654E-05 2.27016E-04
 -1       415-2.86851E-04 1.25909E-04 1.20386E-05-5.52378E-05 2.50346E-05 1.76317E-04
 -1       416-1.81076E-04 1.63142E-04-1.06518E-04 2.86714E-05-1.01626E-05 1.79331E-04
 -1       417-5.60927E-05 1.21115E-05-7.08355E-05 8.27534E-06-1.48384E-05 2.05077E-04
 -1       418 7.75122E-06 4.72494E-05-3.19850E-05 2.68694E-05 1.31115E-04 1.59925E-04
 -1       419-1.11646E-04-4.51971E-05-4.83787E-05-5.27842E-05 9.39112E-05 1.56425E-04
 -1       420-6.22284E-06 1.05388E-04 9.31452E-06 8.58942E-05 1.18343E-04 1.27469E-04
 -1       421-7.45156E-06-2.07259E-05-1.20595E-05-2.10280E-05 4.95838E-05-9.93133E-07
 -1       422 5.19977E-05-3.16192E-05 1.69189E-05 4.79563E-05 4.06634E-06-7.84089E-06
 -1       423 3.98589E-05 6.37407E-05 4.71338E-05 1.07762E-04-2.37927E-05 2.66629E-05
 -1       424 4.24426E-05-3.81812E-05-6.64273E-06 7.06625E-05 1.93104E-05 1.46095E-05
 -1       425 2.20963E-04 7.41849E-05-3.69528E-05 1.79998E-04-5.33044E-05 5.52983E-06
 -1       426 1.83082E-04 1.82530E-04-7.28593E-06 1.92708E-04 1.42322E-04 8.28197E-05
 -1       427 2.30109E-04 1.81837E-04-3.84908E-05 2.86461E-04 8.58156E-05 5.04080E-05
 -1       428 2.53277E-04-2.40971E-04-1.21914E-04-1.82843E-04-8.94409E-05 6.95817E-06
 -1       429-1.09765E-04-8.31726E-05 4.93424E-05-7.53999E-05 1.31816E-04 1.58672E-04
 -1       430 1.77137E-05 1.64203E-05-5.56417E-05 5.95763E-08 6.81459E-06-2.77665E-06
 -1       431-3.66403E-06-4.59698E-06 1.32719E-05-1.44949E-07-8.27953E-06 5.25720E-07
 -1       432 2.03504E-05 1.92903E-05-6.57022E-05-1.03015E-07-1.24423E-06-1.42699E-05
 -1       433-6.66729E-06-7.59387E-06 2.31557E-05 2.51939E-07 1.25963E-06 1.28335E-05
 -1       434 6.43727E-06 7.64239E-06-2.38498E-05-6.15079E-07 6.28497E-07 3.17988E-06
 -1       435 9.37598E-06 1.12313E-05-3.57256E-05-6.43825E-07 4.07677E-06 1.32688E-05
 -1       436 2.34894E-05 2.31389E-05-7.89492E-05-5.42151E-07 1.22211E-05 5.15434E-06
 -1       437 1.46501E-05 1.32027E-05-4.61613E-05 1.01114E-07 4.47972E-06-7.02288E-06
 -1       438 1.18220E-06 7.98921E-07-1.96096E-06-3.24170E-09-6.92853E-06 5.89962E-06
 -1       439-1.56384E-06 1.31549E-06-1.47078E-06-2.08651E-07-2.47907E-06-2.36761E-06
 -1       440 1.05077E-05 1.22919E-05-4.08221E-05-8.05873E-07 1.63070E-06-8.60536E-06
 -1       441-3.60652E-06-3.30657E-07 3.57619E-06 1.34681E-06 1.91221E-06 4.09586E-06
 -1       442 1.00265E-06 1.87290E-06-6.44284E-06-2.90379E-07-7.59464E-06-7.64196E-06
 -1       443-1.15251E-05-1.11864E-05 3.72440E-05 1.08526E-06-6.00128E-06 4.67806E-07
 -1       444-3.85028E-06 1.54474E-06 6.13484E-07-1.04019E-06 2.37152E-07 1.15162E-06
 -1       445-3.55020E-06 1.07393E-06 8.80084E-07-8.91118E-07-2.82642E-07-1.42902E-06
 -1       446-2.98430E-06 1.41085E-06-2.83085E-07-1.12558E-06 5.79956E-07 2.64249E-06
 -1       447-2.68143E-06 1.20265E-06-2.06667E-07-8.56897E-07-5.08342E-07-2.65256E-06
 -1       448-1.41569E-06 1.16947E-06-1.28697E-06-7.31808E-07 6.89002E-07 2.25262E-06
 -1       449 4.21824E-07 1.28723E-06-3.41179E-06-5.93801E-07 8.32314E-07 2.15175E-06
 -1       450 6.00258E-07 2.40770E-08-2.49669E-06 3.92325E-07-4.44812E-07 1.42342E-06
 -1       451 2.02784E-06 8.61924E-07-4.20188E-06-9.10153E-08-2.54659E-07-8.71936E-07
 -1       452 2.12199E-06 8.47046E-06-1.39174E-05 4.14029E-07 1.81076E-06-2.19113E-06
 -1       453 1.30979E-05 1.27708E-05-3.77801E-06 1.37219E-05 2.56709E-05 1.92836E-05
 -1       454 1.74907E-05 1.17249E-05-5.40225E-05 2.29272E-06-3.29162E-06-1.58463E-05
 -1       455 1.96936E-05-1.65837E-06-7.46776E-06 1.57032E-05 4.33340E-06 8.27962E-06
 -1       456 1.65411E-05-4.98892E-06-4.59017E-06 1.10069E-05-8.46177E-08-6.07897E-07
 -1       457 1.50398E-05 7.94053E-06-1.22248E-05 1.73056E-05 2.01735E-06 3.02151E-06
 -1       458 1.17718E-05-2.76057E-06-4.38250E-06 9.43279E-06-8.26000E-08-2.43861E-06
 -1       459 1.61727E-05 3.40344E-06-7.42760E-06 1.58869E-05-4.86468E-06-1.10341E-05
 -1       460 1.72269E-05 1.51398E-07-5.95279E-06 8.11645E-06-7.82051E-06-9.29277E-06
 -1       461 8.06438E-06 8.10676E-06-3.02033E-05 1.28871E-06-1.13152E-06 8.70599E-06
 -1       462 5.32940E-06 4.54790E-06-1.51480E-05 1.46782E-06-2.12597E-06 1.47651E-06
 -1       463 1.25061E-07 9.23274E-07-3.01338E-06-1.48877E-07-1.15918E-07-6.17850E-07
 -1       464 1.30745E-07 1.53681E-06-3.15043E-06-4.65494E-07-5.78170E-07-2.20384E-06
 -1       465 1.27059E-06 7.80276E-07-3.54983E-06 2.54772E-08-9.25899E-07 1.86670E-07
 -1       466-1.03847E-06 1.46636E-06-1.98001E-06-5.40363E-07-3.56379E-07-2.64134E-06
 -1       467-1.12768E-06-3.08978E-07 3.37654E-07-1.51744E-06 8.25894E-06 1.05303E-05
 -1       468-3.63549E-06-2.88803E-07 2.38653E-06-1.96487E-08 4.54331E-07 1.78862E-06
 -1       469 3.52374E-07-1.99559E-07-6.51392E-07-9.54668E-07-6.25620E-07 2.17204E-06
 -1       470 1.15259E-06 2.14869E-06-6.02804E-06-4.09846E-06 4.77742E-07 2.36006E-05
 -1       471 3.02406E-06 6.40451E-06-1.68626E-05-1.60507E-06 9.45881E-07 1.63664E-05
 -1       472 9.67613E-07 1.29940E-06-5.85886E-06-2.98449E-07 7.74016E-07 9.21600E-06
 -1       473-5.97300E-06 5.68678E-08 3.75309E-06-2.82306E-06 2.92749E-06 9.24266E-06
 -1       474-3.10249E-06 1.09959E-06 4.86429E-07-2.60407E-07-2.99619E-08 4.07249E-06
 -1       475-1.17703E-06 2.30247E-07 6.81955E-07 1.76484E-07-5.54635E-07-3.95453E-07
 -1       476 4.31277E-06 3.89823E-06-1.34200E-05-1.04589E-07 4.48068E-08 7.96819E-06
 -1       477 7.56542E-07 2.79963E-06-1.83361E-05-6.83326E-06 5.42693E-06 3.77008E-05
 -1       478-3.08631E-06 1.41603E-06-1.56657E-07-4.81023E-07 1.81019E-07 3.99128E-06
 -1       479-3.56520E-06 1.09323E-06 9.19116E-07-4.22538E-07-5.50543E-08 2.46766E-06
 -1       480-3.19708E-06 9.30096E-07 1.06762E-06-1.13063E-07 7.39922E-08 1.51356E-06
 -1       481-2.74286E-06 7.66502E-07 9.40753E-07-2.90962E-07-1.59288E-07 4.66492E-07
 -1       482-3.16374E-06 6.80365E-07 1.33652E-06 3.71600E-08-2.84903E-08 3.13566E-06
 -1       483 2.84382E-07 2.47734E-06-6.20392E-06 1.06880E-07 4.12511E-07 6.26120E-06
 -1       484-1.30110E-06 1.88033E-06-3.20421E-06-3.26996E-07 1.06982E-07 5.76365E-06
 -1       485-1.37081E-06 1.38148E-06-1.93721E-06-1.89285E-07 1.65087E-08 6.53144E-06
 -1       486 4.72101E-06 4.19418E-06-1.52523E-05-3.73701E-07 1.22900E-06 4.67103E-06
 -1       487 2.38597E-06 3.02667E-06-9.71562E-06-7.08215E-08 2.37169E-07 5.96842E-06
 -1       488 1.74624E-06 3.35722E-06-9.77893E-06-9.24105E-08 7.79862E-08 8.35306E-06
 -1       489 1.76849E-05 1.15214E-05-4.60105E-05-1.46784E-06-3.31920E-07 1.20865E-05
 -1       490 6.47403E-06 5.60687E-06-2.04465E-05-5.96305E-07 1.99118E-06 9.23997E-06
 -1       491 5.92288E-06 4.61152E-06-1.56927E-05-8.31009E-07 6.65301E-07 1.13350E-05
 -1       492 1.13760E-05 7.87902E-06-1.82423E-05 5.63158E-06 2.84611E-05 4.78580E-05
 -1       493 1.88314E-05 1.47964E-05-6.97072E-05-1.95119E-06 6.25988E-06 2.19393E-05
 -1       494-1.33704E-07 9.64572E-06-2.52979E-05-1.23197E-06 2.32484E-06 3.44771E-05
 -1       495 6.40704E-06-1.32242E-06-3.75867E-06-6.23056E-07-3.93358E-09 1.69315E-05
 -1       496 9.09825E-06 3.20534E-06-1.06731E-05 4.01131E-06 1.51184E-06 2.47116E-05
 -1       497 1.48055E-06 1.79689E-06-1.41166E-05-4.26431E-06 1.95662E-06 2.87580E-05
 -1       498-3.90351E-06 7.46267E-07-1.79953E-08-1.27397E-07 2.59519E-06 1.14474E-05
 -1       499 3.93163E-06-9.42336E-07-2.45834E-06 8.79459E-07 1.54424E-06 1.25293E-05
 -1       500-7.61849E-07 3.70083E-06-2.29962E-06-4.65071E-07 1.61890E-06 1.47213E-05
 -1       501-6.45429E-06 6.58344E-07 3.81444E-06-2.43015E-06 1.37607E-06 7.80380E-06
 -1       502-9.97993E-07-1.41145E-07 2.15015E-06 3.34833E-07-1.54636E-06 3.92556E-07
 -1       503-2.59308E-06-8.21903E-07 4.00923E-06-1.73372E-06-5.41022E-07 2.21184E-06
 -1       504-3.45198E-06 2.39383E-07 3.82295E-06-1.22225E-06 1.12991E-06 5.48557E-06
 -1       505-4.82889E-07-1.94103E-10 3.13267E-08-3.97943E-07-2.06569E-07 4.16099E-07
 -1       506-1.78706E-06 4.32531E-07 7.44526E-07-2.95575E-07-2.93922E-07-8.26897E-07
 -1       507-6.43347E-07 1.25886E-07 4.21738E-08 1.98063E-07-2.97304E-07-3.74560E-07
 -1       508-2.63375E-07 1.41226E-07 4.80375E-07-2.81211E-07-7.02795E-07 2.04860E-07
 -1       509-2.48349E-06 3.71433E-07 1.93277E-06-3.43703E-08-3.52255E-07 7.20901E-07
 -1       510 5.93958E-08-8.28761E-07 1.60814E-06-4.07374E-07 4.28624E-06 1.79872E-06
 -1       511-1.24938E-06-7.96885E-07-3.71494E-07-7.01563E-07 4.95034E-07 2.51637E-06
 -1       512-5.56221E-06-2.13956E-06 8.65291E-06-4.05047E-07 5.10042E-06 3.26277E-06
 -1       513-1.63234E-06-3.66433E-07-1.48454E-06-7.37879E-08 9.73914E-07 6.09137E-06
 -1       514-1.18974E-06-3.34747E-07 4.95053E-07-1.92218E-06 5.57078E-06 1.34515E-05
 -1       515-1.83222E-06 9.86641E-07-1.31649E-06-1.37267E-06 7.81112E-06 5.30360E-06
 -1       516-6.69640E-07 2.83953E-06-7.59565E-06-1.86281E-06 6.07643E-06 1.85266E-05
 -1       517 1.33397E-06 5.37795E-06-1.02397E-05-1.55787E-06 4.37958E-07 2.16599E-05
 -1       518 3.29675E-06 3.40936E-06-1.18430E-05-1.04292E-06 6.86172E-06 2.01769E-05
 -1       519 2.20493E-06 3.51094E-06-1.11246E-05-1.00438E-06 1.63847E-06 1.10562E-05
 -1       520-2.76084E-06 2.29207E-06-2.03611E-06-5.13592E-07-3.42849E-06-5.30343E-06
 -1       521-4.63270E-06 1.24111E-06 1.57086E-06-3.90075E-07-1.80639E-07-4.45004E-06
 -1       522 2.86782E-06 2.96877E-06-1.01470E-05-7.77443E-07 2.69623E-07-7.20091E-06
 -1       523 2.71798E-06-5.28171E-07-6.82688E-07-2.36319E-06-1.77975E-06-1.37272E-05
 -1       524-7.42384E-07-1.81772E-06 3.52432E-06-2.62482E-06 2.16267E-06-1.30474E-06
 -1       525-2.84926E-07 1.32944E-07-2.71179E-07-6.83067E-08-8.29142E-08 1.54682E-06
 -1       526 4.22087E-06 3.32284E-07-7.04602E-06-3.90174E-06 1.70994E-06-1.85724E-05
 -1       527-3.85317E-06 1.16060E-06 1.50035E-06-3.60247E-07 5.13712E-08 5.23976E-08
 -1       528-1.01471E-06 2.06757E-06-3.82053E-06-2.45690E-08-3.53667E-07-5.55970E-06
 -1       529 9.61718E-07 8.18017E-08-1.22658E-06-2.57443E-08 2.95851E-07-1.47848E-07
 -1       530-4.32121E-06-8.21741E-07 6.82005E-06 5.86007E-07-3.25321E-06-7.26586E-06
 -1       531-4.36722E-06 1.38089E-06 1.38251E-06-4.30720E-07-6.65253E-08-5.78356E-07
 -1       532-2.91536E-06 1.05696E-06 9.38071E-07-4.40712E-07 3.31423E-07 6.83885E-07
 -1       533-3.36275E-06 1.71203E-06-3.78871E-07-5.05971E-07-1.37375E-07-4.00587E-06
 -1       534-4.30275E-06 1.38412E-06 1.17318E-06-3.27035E-07 5.25425E-08-2.26569E-06
 -1       535-4.54602E-06 1.29690E-06 1.63093E-06-3.44373E-07 4.43595E-08-1.59872E-06
 -1       536-1.45861E-06 6.35991E-07-5.33572E-08-3.78129E-08 1.41269E-07 1.48068E-06
 -1       537 1.05483E-07 3.92240E-07-8.36336E-07-8.94213E-08 2.06760E-07 8.25482E-07
 -1       538-2.61511E-06 7.99408E-07 6.47387E-07 2.86541E-08-6.21299E-08 1.31452E-06
 -1       539 8.52250E-07 5.64947E-07-1.00992E-06-2.75573E-07 4.93834E-07-1.60841E-07
 -1       540 1.42585E-07-1.33915E-06 2.77947E-07 4.61689E-07-1.82724E-06-9.93153E-07
 -1       541 2.57715E-07 2.81390E-07-6.22328E-07 1.85588E-07 3.56405E-07 3.88868E-07
 -1       542 3.65441E-07-4.43899E-06 4.97710E-06-5.99615E-07-7.29849E-07-1.91920E-06
 -1       543-6.01364E-07-2.06995E-06-2.31494E-06-1.31119E-06 5.63985E-08-8.62375E-06
 -1       544 1.14272E-06-1.35373E-06-4.10439E-07-6.75351E-07 1.17330E-06 1.78255E-08
 -1       545-6.43541E-06-9.83960E-07 5.46141E-06-2.68740E-06 1.32045E-06-1.28344E-05
 -1       546-1.64387E-06 9.30331E-08 1.38336E-06 4.67181E-06-3.21490E-06-1.00620E-05
 -1       547-2.64500E-06 8.37966E-08 4.56200E-06-7.32544E-07-2.12463E-06-2.08597E-06
 -1       548 4.24657E-06-1.41843E-06-1.31379E-06 1.86597E-06-1.47058E-06-1.35001E-05
 -1       549 1.09310E-05-3.79228E-06-4.02794E-06 2.75736E-06-1.01553E-06-1.45728E-05
 -1       550-1.14204E-06-1.38188E-06 6.11730E-06 1.51211E-08-2.86476E-06-1.13964E-05
 -1       551 1.16865E-05-1.69265E-06-6.35761E-06 1.06134E-06 1.98891E-07-1.50879E-05
 -1       552 2.39554E-05-2.64431E-06-1.09543E-05 6.32500E-06-7.70540E-06-2.65519E-05
 -1       553 3.78056E-06 3.17750E-07-3.57003E-06-2.00920E-06-2.56802E-07-1.53238E-05
 -1       554 1.27230E-05 7.85665E-06-3.99366E-05 3.70111E-07-3.25493E-06-6.50382E-06
 -1       555 9.89303E-06 8.46775E-06-2.37447E-05 1.20914E-06-3.16544E-06-5.34976E-06
 -1       556 3.81481E-06 3.27219E-06-1.11594E-05-5.73334E-07-1.19054E-06-5.16756E-06
 -1       557 2.81253E-06 1.53326E-06-1.05450E-05-2.61768E-06 1.82729E-06-1.25829E-05
 -1       558 1.79064E-06 2.51054E-06-7.77777E-06-6.07188E-07 4.10745E-08-5.19575E-06
 -1       559-2.72609E-07 2.18898E-06-4.82210E-06-1.37719E-07-3.63490E-07-4.90288E-06
 -1       560-2.21774E-06 1.95159E-06-2.06975E-06-3.05763E-07-1.82417E-07-4.61742E-06
 -1       561 5.47781E-07 2.28189E-06-6.03942E-06-5.73711E-08 4.37328E-08-6.16093E-06
 -1       562-2.35269E-06 1.81736E-06-2.03101E-06-2.24041E-07-4.03635E-07-5.29842E-06
 -1       563-5.93536E-06 1.01068E-06 4.66525E-06-2.65009E-07-6.32563E-07-6.00089E-06
 -1       564-6.39062E-07 2.11851E-06-3.90013E-06-1.22238E-07 1.31459E-08-6.39245E-06
 -1       565 2.29700E-07 3.31741E-06-7.32659E-06 7.79493E-07 1.42449E-07-1.02016E-05
 -1       566-2.26816E-06 2.59447E-07 2.26474E-06-1.91804E-06-3.14713E-07 1.02648E-06
 -1       567-3.72568E-06 6.77577E-07 1.08574E-06 1.17707E-07-6.43326E-07-2.34556E-07
 -1       568 4.21045E-07 2.19391E-06-8.14531E-06-2.42851E-06 1.66108E-06-1.29806E-05
 -1       569 2.74875E-06 1.85984E-06-7.98657E-06-4.42158E-07 6.35774E-07-8.07155E-06
 -1       570-1.84934E-06-7.71368E-07 6.00869E-06-2.24854E-06-3.16881E-07-7.42502E-06
 -1       571-3.02681E-06 1.72063E-07-9.77676E-07-8.57861E-07 1.17519E-06 2.48845E-07
 -1       572 1.94683E-07-2.59615E-07-5.37475E-07-9.18821E-07 1.21928E-06 1.86088E-07
 -1       573-3.31028E-06 5.44211E-07 1.21913E-06-8.29433E-06 2.67770E-05 6.83297E-05
 -1       574 6.46329E-05 1.77321E-05-7.82882E-05 5.72410E-06-7.25778E-05-2.47655E-05
 -1       575-3.35644E-05 3.54983E-05 5.24815E-05 8.39077E-05 4.53737E-05 3.38548E-05
 -1       576-1.14526E-05-3.85636E-05 2.63779E-06-3.57397E-05-1.73143E-06 7.33437E-05
 -1       577-3.43148E-05 1.57639E-05-4.52103E-05 3.98524E-06-2.87939E-05-1.35736E-05
 -1       578 4.51620E-05 2.07177E-05-5.16969E-05 7.60295E-05-4.30913E-05-6.29511E-05
 -1       579-4.56309E-05-4.35325E-05 1.22156E-04-2.31102E-05-3.51625E-05-1.08520E-05
 -1       580-5.66255E-05 1.85614E-05 5.31569E-05-3.26436E-05-7.94128E-05 5.47541E-05
 -1       581 1.89190E-05-2.89177E-06 3.87280E-06-4.72518E-05-7.48066E-05 7.10636E-05
 -1       582 8.05599E-05-1.18192E-04 2.30819E-05-6.88175E-05-3.49645E-05 1.33958E-04
 -1       583 6.42082E-05-1.04509E-04 6.73246E-06-7.24393E-05-1.17993E-04 1.19588E-04
 -1       584-7.64472E-05-3.61961E-05 6.87784E-05-4.54743E-05-3.82607E-05 8.38441E-05
 -1       585 7.19078E-05 1.08663E-05-1.28451E-05-2.39089E-05-6.69228E-06 7.43491E-05
 -1       586 1.68532E-04-3.94166E-05-7.64063E-05-8.61296E-05-5.69958E-05 1.10685E-04
 -1       587-7.57409E-05-5.29210E-07 9.61178E-05-5.05193E-05-5.93273E-05 1.32743E-04
 -1       588-2.94850E-05-9.03911E-06 2.58028E-05-1.28171E-04-8.26123E-05 9.31558E-05
 -1       589 1.93966E-05-9.81071E-06-1.98959E-05-6.76569E-05-2.89669E-05 1.20249E-04
 -1       590 1.04668E-04 3.33090E-06-8.10262E-05 9.15059E-05-3.99477E-05 8.10801E-05
 -1       591-6.74574E-05 2.76467E-05-1.95470E-05-2.41443E-05 8.77648E-06 3.52129E-05
 -1       592-4.75703E-05 4.29929E-05-8.19763E-05 4.73177E-05-8.43198E-06 7.88243E-05
 -1       593-6.86766E-05 6.86068E-06-1.53182E-05-6.23843E-05-2.24798E-05-2.16389E-05
 -1       594-1.21679E-04 8.70459E-05-4.23133E-05 1.30073E-05 1.30129E-06 9.19585E-05
 -1       595 2.28099E-05 5.43809E-05-6.01948E-05 9.41535E-05 3.32544E-05 5.21559E-05
 -1       596-6.76711E-06 3.15315E-05-4.75022E-05 4.20061E-05-7.41696E-05-1.20622E-04
 -1       597-3.18837E-06 1.00453E-05-8.97429E-05-4.69397E-05-2.68100E-05 3.21582E-05
 -1       598 6.78849E-05 3.34737E-05-1.29365E-04 1.17469E-05-3.25438E-05 6.79359E-05
 -1       599-4.11685E-05 1.81713E-05 6.18205E-05-1.13449E-05-2.77941E-06 6.59437E-05
 -1       600-1.48616E-04-3.69451E-05 1.62815E-04-8.43462E-05 4.56381E-05 5.85672E-05
 -1       601 4.63782E-05 3.29301E-05 7.64610E-05 6.77407E-05-1.97551E-05 1.28416E-05
 -1       602 2.76449E-05-2.78643E-05-4.92928E-05 1.09762E-05 3.29359E-05-9.66606E-07
 -1       603-1.51660E-05-2.39930E-05-1.38579E-05-2.95375E-05-1.10238E-05 4.57833E-05
 -1       604-4.32053E-06-6.93809E-05-3.17974E-05-3.96588E-05 2.12401E-05-7.58545E-06
 -1       605 6.21102E-05 2.15511E-05 1.69628E-05 6.55850E-05-1.48206E-05 3.09067E-06
 -1       606 2.74026E-05-5.51106E-05 2.34002E-05 2.51654E-05 6.30207E-06 4.14184E-05
 -1       607-5.27238E-05-8.15019E-05 1.35356E-05-1.05559E-05 7.05052E-06 2.14349E-05
 -1       608 1.26438E-05 1.32762E-05-2.19401E-05 8.07016E-06 2.71318E-05 4.83982E-05
 -1       609-3.45221E-05 2.00210E-05 2.53730E-05-3.48841E-06-5.98971E-05-5.18393E-05
 -1       610-4.42077E-05-7.25921E-06 7.12784E-05-5.98198E-05-5.20292E-05 8.69491E-05
 -1       611 2.83758E-05-5.09990E-05 4.95826E-05 3.44369E-05 9.61283E-06 3.61464E-05
 -1       612 1.10584E-04-3.48192E-05-8.04789E-06 1.22758E-05-1.99247E-05 9.03760E-06
 -1       613-1.62005E-04 4.07468E-05-2.17537E-05-5.23302E-05-5.88777E-05-6.07360E-05
 -1       614-2.60216E-05 9.17149E-05-2.19690E-04 2.07888E-05 5.23749E-05-3.24007E-05
 -1       615-1.18882E-05 3.61402E-05-8.73172E-05 3.74487E-07-4.20966E-05 6.33642E-05
 -1       616 2.31403E-05 7.91249E-05-5.07359E-05 9.73501E-06-1.71769E-05 1.17298E-04
 -1       617-1.44748E-04 6.59124E-05 4.60705E-05 9.44386E-06 2.96328E-05 1.94830E-04
 -1       618 1.30306E-05 6.88275E-08-3.43598E-05-2.17772E-05-2.39723E-05 1.32422E-04
 -1       619 2.01558E-04-4.39347E-05 9.89086E-06 6.47514E-05 7.72274E-05 8.29452E-05
 -1       620 1.33739E-04-1.23392E-05-4.08003E-05 4.66862E-05-1.06790E-05 3.31064E-05
 -1       621-5.26931E-05-4.25456E-05 4.07229E-05-5.72495E-05 3.95424E-05 3.05809E-05
 -1       622-4.29321E-05 6.74461E-05-8.00789E-05-2.04052E-05-5.58555E-05-1.61349E-05
 -1       623 2.71589E-05 7.58893E-05-3.34069E-05 4.36587E-05 1.51566E-06-6.74197E-06
 -1       624-1.76037E-05 4.22942E-05-1.78225E-05-1.52033E-06 1.15300E-05 1.29943E-04
 -1       625-5.53650E-05 8.33861E-05 6.55173E-06 1.04308E-04 4.16142E-05 1.37190E-05
 -1       626-2.00965E-04 1.65708E-04-8.66459E-06 1.46559E-06-3.46758E-05 1.39475E-05
 -1       627-1.10136E-04 2.84504E-05 6.97955E-05 2.75299E-05 1.16681E-04 1.13598E-04
 -1       628 1.90758E-04 2.70098E-05-3.13576E-05 1.49314E-05-6.03328E-05 5.93244E-05
 -1       629 1.29699E-04-8.33525E-05-6.55793E-05-2.04889E-05 5.95879E-06 3.54512E-05
 -1       630 4.12153E-05-7.48735E-05 6.79523E-05-1.03128E-05-1.91228E-05-3.60203E-05
 -1       631 6.09958E-06 2.47981E-05-3.63673E-05-1.60884E-06 2.58488E-05 7.77933E-05
 -1       632-7.32038E-05 2.76736E-05-3.17349E-05-4.43488E-05 4.14915E-06 2.55335E-05
 -1       633-1.14550E-04 8.71172E-06 4.99499E-06-4.84178E-05-4.56185E-05-3.11446E-05
 -1       634-6.13867E-05-1.53925E-05 1.35399E-05 1.45242E-05 8.03911E-06 4.57508E-05
 -1       635 1.18749E-05-1.99657E-05 8.09968E-05 9.62995E-05 1.39524E-06 3.60288E-06
 -1       636-1.95732E-06-1.87718E-05 4.73688E-05 1.85238E-05-1.30493E-05 5.42016E-05
 -1       637-2.05384E-05-4.62654E-05 2.17569E-05 5.14002E-05 1.55777E-05-1.59381E-05
 -1       638 9.74374E-05 4.16361E-05-1.05869E-04 5.80471E-05-8.31655E-05 7.50362E-05
 -1       639 3.87456E-05-3.61438E-05-1.28751E-06-5.20983E-05 1.23499E-05 1.20106E-04
 -1       640-6.46234E-05-5.04598E-05-3.06843E-06-3.60284E-05 1.14063E-05-7.38607E-07
 -1       641-9.57447E-06-5.38058E-05-5.08892E-05 9.66787E-06-3.88160E-05-1.43988E-06
 -1       642-8.40549E-05 8.01257E-05 1.27087E-05-3.89810E-05-2.81430E-05-4.03436E-05
 -1       643 8.80239E-05 2.49634E-05-4.51730E-06 4.98485E-05 3.42291E-05 6.82229E-05
 -1       644 1.52960E-05 3.20878E-05-1.15019E-05-5.55834E-06-3.12711E-05 2.21892E-05
 -1       645-7.74886E-05 4.03897E-05-5.18038E-05-1.64650E-05-6.25851E-06 9.00199E-05
 -1       646 8.64570E-05-1.51483E-05-1.75433E-05 5.30459E-05 2.07063E-05 6.68317E-05
 -1       647-2.53949E-05 3.20335E-04 4.44835E-06 2.42136E-04 1.59291E-05 3.97123E-05
 -1       648-4.02646E-05-8.47705E-05 5.65129E-05-2.21287E-06 1.24843E-05 5.99309E-05
 -1       649-3.13062E-06-6.76716E-05 3.53591E-05 7.00024E-06-9.90202E-05-4.96064E-05
 -1       650 5.61514E-05-7.44946E-06-8.04477E-05-2.61782E-06-5.77395E-05-4.56428E-05
 -1       651-2.86190E-05-4.26347E-05 6.54346E-05-3.24109E-05-6.11812E-05-4.69370E-05
 -1       652 1.43698E-05 9.56374E-05-1.60454E-04 1.58641E-05-1.21452E-05 1.43576E-05
 -1       653-9.22637E-05 3.40836E-05-1.76469E-04-2.47248E-06 1.65970E-05 3.27838E-05
 -1       654 3.16820E-05 6.84688E-05-1.19025E-04 3.72650E-05-5.59828E-05-3.78075E-05
 -1       655 2.38575E-05-1.34460E-05-1.74839E-05-1.28358E-05 2.50569E-06-2.07906E-05
 -1       656 1.57009E-05 5.81677E-05-1.77141E-05-1.48177E-06-9.75650E-06 1.42585E-05
 -1       657-2.18144E-05 2.57857E-05-4.04724E-06 1.01155E-05-2.58316E-05-8.01446E-05
 -1       658 6.71979E-05 1.23537E-06-7.43110E-06 4.23851E-05 2.39244E-05 8.93003E-06
 -1       659 5.72373E-05-4.09376E-05-1.00749E-04-2.95911E-05-6.02898E-05 8.28165E-05
 -1       660 1.06536E-04-2.76386E-06-1.37141E-04-1.15367E-06-9.54010E-05-1.95990E-05
 -1       661-4.42068E-06-8.17406E-05-8.50789E-05-5.20276E-05 1.53268E-05 8.99067E-05
 -1       662 7.68941E-05 1.44835E-05-5.22587E-05-1.86843E-06-1.89193E-05-6.72094E-05
 -1       663 9.61683E-05-6.68510E-05-1.90214E-05 3.01949E-05 4.11071E-05 6.53189E-05
 -1       664-9.44962E-05 6.07162E-06 5.41988E-05-3.79920E-06-2.86781E-05 4.02687E-05
 -1       665-9.57539E-05-5.68421E-06 4.35122E-05-5.13298E-05 3.04334E-05 8.34102E-05
 -1       666-1.26296E-04 4.82993E-05-1.78382E-05-7.14082E-05 3.67345E-05 6.74900E-05
 -1       667-2.99621E-05 3.51590E-05 2.24719E-05 4.18646E-05 1.61619E-05 9.32601E-05
 -1       668-5.42412E-05 2.16721E-05-3.55866E-05-8.36702E-06-1.73275E-05 4.80977E-05
 -1       669-2.60311E-05 4.23186E-05 4.35725E-06 5.08564E-05 2.02711E-05 3.16595E-05
 -1       670 3.46915E-05-6.76601E-05-5.86810E-05-5.61129E-05-5.21400E-05 3.70710E-06
 -1       671 3.39988E-05 1.71166E-05-1.54391E-05-3.90525E-05-1.70381E-05 3.51491E-05
 -1       672 4.68041E-05-2.31977E-05-2.35574E-05-5.63549E-05 8.10343E-06-1.94121E-05
 -1       673 5.72477E-05 1.99807E-05-3.28427E-05 2.35086E-05 1.40135E-05 5.39105E-06
 -1       674 2.93385E-05-1.04520E-06 1.48512E-05-5.40518E-05 1.03272E-05 1.96512E-05
 -1       675-7.60127E-05 5.24809E-05-5.18066E-05-4.51740E-05 1.91116E-05 4.38806E-05
 -1       676-4.92996E-05 1.94832E-05 3.31416E-05 9.50611E-06-1.63152E-05 3.36717E-05
 -1       677-3.73815E-05 1.17950E-05-4.40906E-06-1.22177E-05-5.35535E-05-2.80488E-05
 -1       678 9.61733E-05 1.10285E-05-9.95260E-05 5.33676E-05 5.16051E-05 7.80069E-05
 -1       679 8.81625E-05 2.44918E-05-3.44170E-05 2.05899E-05 9.23722E-06 1.37130E-05
 -1       680-5.89625E-05-9.67004E-06-9.38882E-05-7.75927E-05-1.12013E-04 2.50365E-05
 -1       681 4.03753E-05 5.78170E-05-8.89802E-05 1.86890E-05-2.98863E-05 2.46827E-05
 -1       682 9.12952E-05 7.28584E-05 1.36627E-05 8.37757E-05 2.61991E-05 5.90096E-05
 -1       683 8.06542E-05 9.77995E-05-1.26272E-04 8.65112E-05 2.91622E-05 1.30538E-05
 -1       684-1.35565E-05 1.28679E-04-9.15259E-05 8.24941E-05-4.66006E-06 5.99339E-05
 -1       685-8.57503E-05 5.33790E-05-1.65906E-05-2.53260E-05-6.59118E-05 9.60070E-06
 -1       686 1.65445E-05 5.28718E-05 4.05340E-05 4.86680E-05-1.33102E-04-1.96456E-05
 -1       687-5.78571E-07-9.36839E-05 8.22402E-05 4.89707E-06-9.43230E-05-1.09742E-04
 -1       688 4.55016E-05 1.19201E-05-9.02266E-05 3.86847E-05 1.12175E-05 1.66604E-05
 -1       689-5.09696E-05 6.97767E-05-4.15568E-06 3.21947E-05-4.86375E-05-1.81468E-06
 -1       690-1.37002E-04 2.09027E-04 6.92496E-05 1.13064E-04 4.11109E-05 4.27755E-05
 -1       691-1.15984E-05-3.03163E-06 5.24091E-05 9.87912E-05 1.45168E-05 1.87496E-05
 -1       692-2.02380E-04-3.17974E-05 7.86263E-05 1.13213E-05 7.11451E-05 1.19691E-04
 -1       693-9.62531E-06-7.33233E-06-2.34851E-05 7.88016E-05 1.50486E-05-1.85971E-06
 -1       694-4.95240E-05 3.79879E-05-4.52131E-05-1.10744E-04 9.67058E-06-5.59199E-05
 -1       695-1.05138E-04 2.37296E-05 1.27430E-04-3.89850E-06 5.24399E-05 4.73764E-05
 -1       696-5.80520E-06 1.86477E-05-1.81689E-05 1.93119E-10 1.41736E-05 6.26924E-05
 -1       697 6.10813E-05 8.81176E-05-4.99707E-05 7.30049E-05 2.13298E-05 4.15124E-05
 -1       698-8.10113E-05 2.70481E-05-4.18868E-05-1.42856E-05 2.34939E-06 6.71868E-05
 -1       699 9.45102E-05 3.15834E-05-7.58770E-05 3.68218E-05-1.55779E-06 3.49524E-05
 -1       700-1.16450E-04 6.03149E-05 4.21628E-05-1.83242E-05 7.17297E-05 7.58381E-05
 -1       701 2.54487E-04 1.13746E-05-1.28104E-06 1.45253E-04-2.31118E-06-4.87224E-05
 -1       702 1.46201E-04 4.23305E-05-1.68805E-04 5.68439E-05-1.63118E-05 7.61785E-05
 -1       703 7.29162E-06-1.80815E-05 7.85309E-05-3.55262E-05-1.77772E-05 3.91214E-05
 -1       704 1.86364E-05 1.78037E-05-6.08674E-05-1.51410E-07 4.43675E-06-5.09869E-06
 -1       705 4.92203E-06 4.88705E-06-1.65806E-05 3.47715E-07 7.60562E-08 6.30258E-06
 -1       706 5.92814E-06 7.05990E-06-2.16387E-05-1.65449E-07-4.02347E-07-2.19779E-06
 -1       707-5.53568E-06-5.28437E-06 1.81527E-05-5.02378E-08-2.97311E-06 5.80910E-06
 -1       708 8.24462E-06 7.59911E-06-2.60259E-05-7.29615E-07-2.81438E-06-5.88302E-06
 -1       709-2.14141E-06 1.06827E-06-4.08156E-07-5.73183E-07 1.64619E-07 3.20696E-06
 -1       710 7.68621E-06-3.89580E-06-7.47277E-07 3.22674E-06-2.13464E-06 1.13736E-06
 -1       711 1.02537E-05-2.69955E-06-5.13131E-06 1.97491E-06 1.63640E-06-1.77825E-06
 -1       712 1.57168E-05-4.56678E-06-5.82205E-06 5.52253E-06 8.14081E-07-6.86367E-06
 -1       713 6.46411E-06-1.15825E-06-4.19581E-06 3.23161E-09-4.78527E-07-8.36214E-06
 -1       714 6.91667E-06-5.51087E-07-5.36016E-06-1.17651E-06 1.54274E-06-9.74425E-06
 -1       715 2.21912E-05-2.55425E-06-9.47217E-06 9.55741E-06-1.30931E-06-1.46241E-05
 -1       716 4.54431E-06-2.16053E-06-5.69224E-07 4.66698E-07-1.36930E-06 7.06718E-06
 -1       717 2.82356E-06 1.16148E-06-4.36522E-06-2.12182E-06-4.01669E-07 4.92289E-06
 -1       718 3.46312E-06-1.78512E-06-1.93418E-06-2.49474E-06-1.47969E-06 1.26217E-05
 -1       719 5.63159E-06-2.39229E-06-1.75718E-06-7.00361E-07-1.38647E-06-7.00852E-06
 -1       720 7.73807E-06-2.45714E-06-1.17958E-06 6.93674E-06-1.47447E-06-5.07942E-06
 -1       721 1.66606E-05 1.37291E-06-9.46261E-06 1.32514E-05 3.81155E-06 1.48055E-05
 -1       722-3.49781E-06 1.04867E-06 1.00828E-06-3.91857E-07-1.87368E-08 2.04033E-06
 -1       723-2.76822E-06 1.10439E-06 2.43353E-07-5.64138E-07 2.89766E-07 2.54366E-06
 -1       724-2.10629E-06 1.05270E-06-2.20606E-07-6.41067E-07 4.36634E-07 1.91867E-06
 -1       725-2.70891E-06 1.11549E-06-3.13305E-08-4.61444E-07 4.20044E-08 3.66582E-06
 -1       726-3.09365E-06 1.10101E-06 8.08014E-07-5.41276E-07 1.07462E-07 1.63624E-06
 -1       727 8.43119E-06-1.86028E-06-3.82963E-06 1.87784E-06-7.19811E-07-9.30032E-08
 -1       728 1.15642E-05-4.36238E-06-2.07116E-06 5.32113E-06-8.79020E-07 6.11162E-06
 -1       729 9.46150E-06-6.95762E-07-5.89945E-06 4.39072E-06 1.65547E-07-4.26965E-06
 -1       730 1.85245E-06-2.05687E-06-1.21300E-06-1.79321E-06 2.85726E-06 6.66935E-06
 -1       731 6.69513E-06 1.98849E-08-4.95239E-06 5.77744E-06 7.91879E-07 2.60131E-06
 -1       732 1.13452E-05-5.98640E-06-1.69034E-06 7.08227E-06-2.61405E-06-6.33317E-06
 -1       733 3.79736E-06-1.65452E-06-5.30743E-06 9.53413E-08 3.08898E-08 1.13527E-05
 -1       734 2.06015E-06 1.18297E-06-6.45454E-06-2.98411E-06-4.15556E-07 6.76450E-06
 -1       735 6.41032E-07 8.06719E-07-5.41736E-06-2.69334E-06-4.64570E-07 1.31007E-05
 -1       736 2.62103E-06 1.98669E-06-7.37482E-06-2.13993E-07 4.26062E-07 3.81760E-06
 -1       737 6.35915E-07 1.29727E-06-4.53448E-06-1.51515E-07 4.35257E-07 4.48548E-06
 -1       738 3.37617E-06 3.04138E-06-9.35806E-06-9.85849E-07 7.99383E-07 6.30958E-06
 -1       739-1.62405E-06 2.76041E-06-8.99605E-06-4.64823E-06 3.23780E-06 1.81010E-05
 -1       740-2.29446E-06 8.10126E-07-4.59994E-08-1.77324E-07-4.38926E-07-2.51013E-06
 -1       741-2.20796E-06 1.12808E-06-5.32176E-07-2.73882E-07-4.34745E-07-2.38649E-06
 -1       742-1.13609E-06 1.15798E-06-1.53692E-06-2.79098E-08-5.30563E-07-2.91697E-06
 -1       743 2.67357E-06 2.33205E-06-7.58870E-06-2.83909E-07 1.78616E-06 3.28059E-07
 -1       744-8.78205E-08-3.92802E-07-7.39421E-07-1.85733E-06 2.16773E-06-4.88662E-06
 -1       745-2.59073E-06 3.96262E-06-6.37311E-06-1.77508E-06-9.31578E-07 1.02425E-05
 -1       746 1.76268E-06 3.53152E-06-1.13894E-05-1.12434E-06 9.80591E-08 9.78721E-06
 -1       747-2.34677E-06 7.98886E-07 2.78946E-06-1.61515E-06-2.11139E-06 7.36457E-06
 -1       748-4.06590E-07 7.36274E-07-1.22563E-06-2.76290E-06 9.54567E-07 8.61482E-06
 -1       749 9.58680E-07 3.38623E-06-7.31722E-06-1.05958E-06 6.83879E-07 6.51144E-06
 -1       750 4.47222E-07 5.06546E-07-2.51502E-06-4.52315E-07 4.08656E-07 5.49413E-06
 -1       751-5.53992E-06-1.74030E-07 8.80173E-06 1.21787E-07-2.92159E-06-2.68360E-06
 -1       752 1.14344E-06 2.85491E-06-7.36787E-06-2.37224E-06 1.61135E-06 8.39628E-06
 -1       753-2.57607E-06 9.00535E-07-2.07250E-08-4.43216E-07-3.93813E-07 3.25236E-06
 -1       754-4.18463E-06 5.41749E-07 2.52357E-06-4.42165E-07-5.15398E-08-1.40785E-06
 -1       755-3.90962E-06 1.31289E-06 1.03468E-06-6.29087E-07-7.22107E-08 1.14512E-06
 -1       756 1.20884E-06 1.13841E-06-4.16243E-06-2.10884E-07 5.32171E-07 2.31344E-06
 -1       757-1.40778E-06 6.17471E-07-7.63708E-06-6.29513E-06 6.17413E-07 8.23028E-06
 -1       758-4.06398E-07 1.26929E-06-2.40564E-06-6.12832E-08-4.38610E-07-2.49218E-06
 -1       759-3.47261E-06 6.43635E-07 1.41027E-06-1.44577E-07-1.18427E-07 8.26191E-07
 -1       760-3.74730E-06 9.79794E-07 1.05926E-06-3.50661E-07 3.28179E-08 4.92876E-08
 -1       761-2.50025E-06 1.55167E-06-1.02926E-06-6.72920E-07 1.72644E-07 3.60948E-06
 -1       762-3.25961E-06 1.20810E-06 2.67678E-07-4.27526E-07-1.80851E-07-1.31629E-06
 -1       763 4.00421E-06 1.18173E-06-6.72197E-06-7.13526E-07 3.79511E-06 8.48383E-07
 -1       764 1.14995E-06 9.47489E-07-2.79375E-06-6.14707E-07-3.51231E-07-1.32628E-06
 -1       765 1.16522E-05 8.45687E-06-2.44753E-05-1.39472E-06 5.18260E-06 3.32834E-07
 -1       766-1.45977E-06 5.04777E-07-2.83561E-07-2.04705E-07-8.38733E-09 2.78951E-06
 -1       767 2.85715E-07 1.42591E-06-3.17267E-06-1.11088E-08-2.34194E-07-3.19084E-06
 -1       768 1.29546E-06 4.62022E-07-3.90000E-06-5.05118E-07-1.19508E-07-2.35957E-06
 -1       769 2.84868E-08 1.30532E-06-3.40859E-06-1.27444E-07 7.83611E-07 3.77404E-06
 -1       770-1.20157E-06 6.32529E-07-1.30717E-06-5.75508E-07-4.22016E-07-2.15042E-06
 -1       771 6.35781E-08 8.69038E-07-1.30667E-06 5.25463E-07-2.80897E-06-5.83884E-06
 -1       772-1.28307E-06 2.45156E-06-5.89154E-06-4.28199E-07 9.96009E-08-4.34648E-06
 -1       773 2.71126E-07 1.89635E-06-6.67384E-06-2.06117E-06-1.64722E-07-5.73033E-07
 -1       774 1.41481E-06 1.62373E-06-5.10420E-06-7.12276E-07-7.91872E-07-2.97676E-06
 -1       775 1.21544E-06 1.50215E-06-4.39912E-06-2.97541E-07-1.34277E-07-2.70366E-06
 -1       776-5.62807E-07 1.72723E-06-3.14023E-06-3.63235E-07 8.53923E-07-1.71194E-06
 -1       777 1.44905E-07 1.33623E-06-6.59241E-06-3.97819E-06 2.77288E-06-3.89084E-06
 -1       778-9.89400E-07 1.11441E-06-2.36775E-06-4.14978E-07 1.90342E-07 5.72556E-06
 -1       779-7.96012E-07 8.28748E-07-1.20766E-06-3.17221E-07 5.22609E-07 1.66104E-06
 -1       780-3.17148E-06 5.46954E-07 1.64322E-06-2.80042E-07-6.41816E-08 2.78400E-06
 -1       781-3.92137E-06 1.16774E-06 1.72406E-06-4.40135E-07-1.17760E-07 2.95564E-07
 -1       782 1.14035E-05-2.76524E-06-5.50284E-06 5.23088E-06 5.59129E-07 4.75752E-06
 -3
    1PSTEP                         4           1           1          
  100CL  101 1.000000000         782                     0    1           1
 -4  ERROR       1    1
 -5  STR(%)      1    1    0    0
 -1         1 3.65201E+01
 -1         2 3.65201E+01
 -1         3 3.49029E+01
 -1         4 3.68246E+01
 -1         5 2.27690E+01
 -1         6 1.24164E+01
 -1         7 2.83033E+01
 -1         8 2.33070E+01
 -1         9 2.88875E+01
 -1        10 2.88875E+01
 -1        11 2.11867E+01
 -1        12 2.88875E+01
 -1        13 9.55236E+00
 -1        14 9.55236E+00
 -1        15 3.45140E+01
 -1        16 3.71577E+01
 -1        17 4.10570E+01
 -1        18 3.76481E+01
 -1        19 3.76481E+01
 -1        20 3.88978E+01
 -1        21 3.73537E+01
 -1        22 2.95570E+01
 -1        23 3.53716E+01
 -1        24 3.56340E+01
 -1        25 4.15153E+01
 -1        26 3.55170E+01
 -1        27 3.58358E+01
 -1        28 3.91073E+01
 -1        29 3.93525E+01
 -1        30 3.76481E+01
 -1        31 3.82729E+01
 -1        32 3.81258E+01
 -1        33 3.34554E+01
 -1        34 3.24643E+01
 -1        35 3.55028E+01
 -1        36 3.85747E+01
 -1        37 3.90177E+01
 -1        38 3.65201E+01
 -1        39 3.50107E+01
 -1        40 3.50107E+01
 -1        41 4.10570E+01
 -1        42 3.76481E+01
 -1        43 3.88978E+01
 -1        44 3.88978E+01
 -1        45 2.65771E+01
 -1        46 3.30178E+01
 -1        47 3.97920E+01
 -1        48 3.56340E+01
 -1        49 2.99765E+01
 -1        50 3.57654E+01
 -1        51 3.50107E+01
 -1        52 3.80339E+01
 -1        53 3.93525E+01
 -1        54 3.82729E+01
 -1        55 3.88978E+01
 -1        56 3.27374E+01
 -1        57 2.97974E+01
 -1        58 3.64049E+01
 -1        59 3.77130E+01
 -1        60 3.28053E+01
 -1        61 3.32483E+01
 -1        62 3.63841E+01
 -1        63 3.18790E+01
 -1        64 2.54623E+01
 -1        65 3.79535E+01
 -1        66 3.79535E+01
 -1        67 3.45006E+01
 -1        68 3.54025E+01
 -1        69 3.54025E+01
 -1        70 3.21044E+01
 -1        71 3.15001E+01
 -1        72 2.70484E+01
 -1        73 3.56435E+01
 -1        74 3.41315E+01
 -1        75 2.86706E+01
 -1        76 3.17079E+01
 -1        77 3.79535E+01
 -1        78 3.62270E+01
 -1        79 3.49516E+01
 -1        80 3.54025E+01
 -1        81 3.37535E+01
 -1        82 3.18022E+01
 -1        83 2.92742E+01
 -1        84 3.09757E+01
 -1        85 3.57316E+01
 -1        86 2.26491E+01
 -1        87 3.53743E+01
 -1        88 3.33689E+01
 -1        89 3.17464E+01
 -1        90 3.37776E+01
 -1        91 2.13686E+01
 -1        92 3.22513E+01
 -1        93 3.44040E+01
 -1        94 4.06292E+01
 -1        95 4.06292E+01
 -1        96 3.62781E+01
 -1        97 2.91904E+01
 -1        98 2.90117E+01
 -1        99 3.43716E+01
 -1       100 3.25577E+01
 -1       101 3.27620E+01
 -1       102 2.75731E+01
 -1       103 2.68099E+01
 -1       104 3.33276E+01
 -1       105 3.75166E+01
 -1       106 4.06292E+01
 -1       107 3.87269E+01
 -1       108 3.68246E+01
 -1       109 3.86954E+01
 -1       110 3.68246E+01
 -1       111 3.77600E+01
 -1       112 3.67992E+01
 -1       113 1.75927E+01
 -1       114 2.55361E+01
 -1       115 2.58052E+01
 -1       116 1.78617E+01
 -1       117 2.88875E+01
 -1       118 2.50371E+01
 -1       119 2.50371E+01
 -1       120 2.88875E+01
 -1       121 2.06520E+01
 -1       122 2.58282E+01
 -1       123 2.60973E+01
 -1       124 2.47450E+01
 -1       125 1.61603E+01
 -1       126 2.21715E+01
 -1       127 3.11886E+01
 -1       128 3.11886E+01
 -1       129 2.76066E+01
 -1       130 2.11848E+01
 -1       131 2.62633E+01
 -1       132 3.19585E+01
 -1       133 2.91272E+01
 -1       134 2.48208E+01
 -1       135 1.68742E+01
 -1       136 1.28563E+01
 -1       137 1.91659E+01
 -1       138 2.66801E+01
 -1       139 3.11886E+01
 -1       140 2.93976E+01
 -1       141 2.43957E+01
 -1       142 2.37240E+01
 -1       143 2.91109E+01
 -1       144 3.05429E+01
 -1       145 2.69740E+01
 -1       146 2.08475E+01
 -1       147 1.32133E+01
 -1       148 9.55236E+00
 -1       149 1.61603E+01
 -1       150 2.49273E+01
 -1       151 3.11886E+01
 -1       152 2.65592E+01
 -1       153 2.76066E+01
 -1       154 1.92403E+01
 -1       155 3.19585E+01
 -1       156 3.19585E+01
 -1       157 2.75526E+01
 -1       158 2.04030E+01
 -1       159 1.68742E+01
 -1       160 1.28563E+01
 -1       161 2.05438E+01
 -1       162 2.80579E+01
 -1       163 2.88739E+01
 -1       164 2.70829E+01
 -1       165 2.34235E+01
 -1       166 2.55994E+01
 -1       167 3.19585E+01
 -1       168 2.97555E+01
 -1       169 2.39778E+01
 -1       170 1.86386E+01
 -1       171 1.32133E+01
 -1       172 3.55170E+01
 -1       173 3.90177E+01
 -1       174 3.47623E+01
 -1       175 3.57459E+01
 -1       176 3.60842E+01
 -1       177 3.91073E+01
 -1       178 4.10570E+01
 -1       179 3.60842E+01
 -1       180 3.93525E+01
 -1       181 3.76481E+01
 -1       182 3.76481E+01
 -1       183 3.82729E+01
 -1       184 3.88978E+01
 -1       185 3.81258E+01
 -1       186 3.88978E+01
 -1       187 3.51858E+01
 -1       188 3.12874E+01
 -1       189 3.19654E+01
 -1       190 3.41947E+01
 -1       191 3.55028E+01
 -1       192 3.56340E+01
 -1       193 3.75818E+01
 -1       194 3.85747E+01
 -1       195 3.92454E+01
 -1       196 3.79535E+01
 -1       197 4.15153E+01
 -1       198 4.15153E+01
 -1       199 3.97920E+01
 -1       200 3.30250E+01
 -1       201 3.77567E+01
 -1       202 3.88978E+01
 -1       203 4.12880E+01
 -1       204 3.77567E+01
 -1       205 3.74263E+01
 -1       206 4.12880E+01
 -1       207 3.68797E+01
 -1       208 3.78827E+01
 -1       209 3.90177E+01
 -1       210 4.15153E+01
 -1       211 4.03804E+01
 -1       212 3.70742E+01
 -1       213 3.78148E+01
 -1       214 3.42819E+01
 -1       215 3.82091E+01
 -1       216 3.72920E+01
 -1       217 3.59701E+01
 -1       218 3.83359E+01
 -1       219 4.11725E+01
 -1       220 3.92228E+01
 -1       221 3.93572E+01
 -1       222 3.94680E+01
 -1       223 4.11725E+01
 -1       224 4.12880E+01
 -1       225 3.78008E+01
 -1       226 3.78008E+01
 -1       227 3.96208E+01
 -1       228 3.88978E+01
 -1       229 3.82729E+01
 -1       230 3.84257E+01
 -1       231 3.75552E+01
 -1       232 3.83272E+01
 -1       233 3.83272E+01
 -1       234 3.36568E+01
 -1       235 3.75552E+01
 -1       236 3.77567E+01
 -1       237 3.75818E+01
 -1       238 3.46745E+01
 -1       239 3.87743E+01
 -1       240 3.43295E+01
 -1       241 3.41983E+01
 -1       242 3.64085E+01
 -1       243 4.15153E+01
 -1       244 3.85747E+01
 -1       245 3.72701E+01
 -1       246 4.15153E+01
 -1       247 3.69052E+01
 -1       248 3.46526E+01
 -1       249 3.65835E+01
 -1       250 3.33751E+01
 -1       251 3.33751E+01
 -1       252 3.96208E+01
 -1       253 3.79535E+01
 -1       254 3.79535E+01
 -1       255 3.84257E+01
 -1       256 3.66992E+01
 -1       257 3.61286E+01
 -1       258 3.65796E+01
 -1       259 3.65796E+01
 -1       260 3.65796E+01
 -1       261 3.75973E+01
 -1       262 3.59482E+01
 -1       263 3.25647E+01
 -1       264 3.22625E+01
 -1       265 3.65077E+01
 -1       266 3.42819E+01
 -1       267 3.57316E+01
 -1       268 3.76126E+01
 -1       269 4.15153E+01
 -1       270 4.06292E+01
 -1       271 3.97920E+01
 -1       272 3.97920E+01
 -1       273 3.77567E+01
 -1       274 3.50257E+01
 -1       275 4.10570E+01
 -1       276 3.73537E+01
 -1       277 3.50107E+01
 -1       278 4.12880E+01
 -1       279 3.61258E+01
 -1       280 3.53712E+01
 -1       281 3.57459E+01
 -1       282 3.90177E+01
 -1       283 3.86234E+01
 -1       284 3.57316E+01
 -1       285 3.62781E+01
 -1       286 3.91699E+01
 -1       287 4.10722E+01
 -1       288 3.50107E+01
 -1       289 3.50107E+01
 -1       290 3.53712E+01
 -1       291 3.81494E+01
 -1       292 4.11725E+01
 -1       293 3.81494E+01
 -1       294 4.10570E+01
 -1       295 3.93525E+01
 -1       296 4.11725E+01
 -1       297 3.76303E+01
 -1       298 3.82552E+01
 -1       299 3.93348E+01
 -1       300 3.69618E+01
 -1       301 3.69618E+01
 -1       302 3.63192E+01
 -1       303 3.81258E+01
 -1       304 3.19654E+01
 -1       305 3.61897E+01
 -1       306 3.21669E+01
 -1       307 3.53872E+01
 -1       308 3.75552E+01
 -1       309 3.64049E+01
 -1       310 3.97920E+01
 -1       311 3.87743E+01
 -1       312 3.97920E+01
 -1       313 3.77130E+01
 -1       314 3.97920E+01
 -1       315 3.81316E+01
 -1       316 3.53029E+01
 -1       317 4.02106E+01
 -1       318 4.10722E+01
 -1       319 2.88299E+01
 -1       320 3.53712E+01
 -1       321 3.83312E+01
 -1       322 3.19686E+01
 -1       323 3.72129E+01
 -1       324 3.82157E+01
 -1       325 3.46795E+01
 -1       326 3.54907E+01
 -1       327 3.44017E+01
 -1       328 3.33861E+01
 -1       329 2.93612E+01
 -1       330 3.55657E+01
 -1       331 3.50040E+01
 -1       332 2.95626E+01
 -1       333 3.70980E+01
 -1       334 3.60216E+01
 -1       335 4.02106E+01
 -1       336 3.70980E+01
 -1       337 4.06292E+01
 -1       338 4.06292E+01
 -1       339 3.44040E+01
 -1       340 4.06292E+01
 -1       341 3.74263E+01
 -1       342 3.53743E+01
 -1       343 3.62810E+01
 -1       344 3.54025E+01
 -1       345 2.81276E+01
 -1       346 3.75371E+01
 -1       347 3.92454E+01
 -1       348 3.92454E+01
 -1       349 3.86954E+01
 -1       350 3.68246E+01
 -1       351 3.77567E+01
 -1       352 3.45006E+01
 -1       353 3.79535E+01
 -1       354 3.53743E+01
 -1       355 3.70742E+01
 -1       356 3.78148E+01
 -1       357 3.15153E+01
 -1       358 2.75880E+01
 -1       359 3.34115E+01
 -1       360 3.89704E+01
 -1       361 3.77600E+01
 -1       362 3.72135E+01
 -1       363 3.68246E+01
 -1       364 3.87269E+01
 -1       365 3.77600E+01
 -1       366 3.68246E+01
 -1       367 3.69052E+01
 -1       368 3.46526E+01
 -1       369 3.83359E+01
 -1       370 3.78148E+01
 -1       371 3.92454E+01
 -1       372 3.36267E+01
 -1       373 3.04183E+01
 -1       374 3.64003E+01
 -1       375 3.04183E+01
 -1       376 3.66639E+01
 -1       377 3.53743E+01
 -1       378 3.79535E+01
 -1       379 3.79535E+01
 -1       380 3.66639E+01
 -1       381 3.62270E+01
 -1       382 3.45006E+01
 -1       383 3.62270E+01
 -1       384 3.65796E+01
 -1       385 3.61286E+01
 -1       386 3.61286E+01
 -1       387 3.54025E+01
 -1       388 3.54025E+01
 -1       389 3.65796E+01
 -1       390 3.58418E+01
 -1       391 3.41927E+01
 -1       392 3.58418E+01
 -1       393 3.32542E+01
 -1       394 3.29520E+01
 -1       395 3.53425E+01
 -1       396 3.60646E+01
 -1       397 3.38388E+01
 -1       398 3.75166E+01
 -1       399 3.90831E+01
 -1       400 3.22928E+01
 -1       401 3.28324E+01
 -1       402 3.00377E+01
 -1       403 3.65789E+01
 -1       404 3.74885E+01
 -1       405 3.89704E+01
 -1       406 3.53743E+01
 -1       407 2.90117E+01
 -1       408 3.43716E+01
 -1       409 3.53743E+01
 -1       410 3.48500E+01
 -1       411 3.56612E+01
 -1       412 3.41391E+01
 -1       413 3.31235E+01
 -1       414 3.57672E+01
 -1       415 2.95626E+01
 -1       416 3.38269E+01
 -1       417 2.83856E+01
 -1       418 3.53425E+01
 -1       419 3.42662E+01
 -1       420 3.75166E+01
 -1       421 3.44040E+01
 -1       422 4.06292E+01
 -1       423 4.06292E+01
 -1       424 3.90831E+01
 -1       425 3.71808E+01
 -1       426 3.86954E+01
 -1       427 3.77600E+01
 -1       428 3.81162E+01
 -1       429 3.89704E+01
 -1       430 2.30380E+01
 -1       431 2.88875E+01
 -1       432 2.58282E+01
 -1       433 2.85954E+01
 -1       434 3.19164E+01
 -1       435 2.58052E+01
 -1       436 2.03599E+01
 -1       437 2.85954E+01
 -1       438 2.85954E+01
 -1       439 2.88875E+01
 -1       440 2.58282E+01
 -1       441 2.85954E+01
 -1       442 2.88875E+01
 -1       443 2.50371E+01
 -1       444 1.28563E+01
 -1       445 1.32133E+01
 -1       446 1.61603E+01
 -1       447 1.68742E+01
 -1       448 2.05438E+01
 -1       449 2.35494E+01
 -1       450 2.66801E+01
 -1       451 3.11886E+01
 -1       452 3.11886E+01
 -1       453 2.70829E+01
 -1       454 2.88739E+01
 -1       455 2.34235E+01
 -1       456 2.02126E+01
 -1       457 2.76066E+01
 -1       458 2.27518E+01
 -1       459 2.91109E+01
 -1       460 3.19585E+01
 -1       461 3.19585E+01
 -1       462 3.05429E+01
 -1       463 2.47651E+01
 -1       464 2.26119E+01
 -1       465 2.83399E+01
 -1       466 1.86386E+01
 -1       467 3.19164E+01
 -1       468 3.19164E+01
 -1       469 3.19164E+01
 -1       470 2.95329E+01
 -1       471 2.43899E+01
 -1       472 2.49273E+01
 -1       473 3.03649E+01
 -1       474 1.22602E+01
 -1       475 2.86882E+01
 -1       476 1.83389E+01
 -1       477 2.95329E+01
 -1       478 1.42102E+01
 -1       479 1.09063E+01
 -1       480 2.07344E+01
 -1       481 2.43953E+01
 -1       482 2.20883E+01
 -1       483 2.35494E+01
 -1       484 2.05438E+01
 -1       485 1.85937E+01
 -1       486 2.47638E+01
 -1       487 2.02552E+01
 -1       488 2.16331E+01
 -1       489 2.77892E+01
 -1       490 2.77892E+01
 -1       491 2.13644E+01
 -1       492 2.85697E+01
 -1       493 3.03607E+01
 -1       494 2.69614E+01
 -1       495 2.53588E+01
 -1       496 2.85697E+01
 -1       497 2.95329E+01
 -1       498 2.83141E+01
 -1       499 2.57749E+01
 -1       500 2.99489E+01
 -1       501 3.11617E+01
 -1       502 3.05218E+01
 -1       503 3.19375E+01
 -1       504 3.11406E+01
 -1       505 2.83686E+01
 -1       506 2.27812E+01
 -1       507 2.67545E+01
 -1       508 3.03023E+01
 -1       509 3.03023E+01
 -1       510 3.19164E+01
 -1       511 3.19164E+01
 -1       512 3.19164E+01
 -1       513 2.84218E+01
 -1       514 2.84218E+01
 -1       515 3.11406E+01
 -1       516 2.81531E+01
 -1       517 2.69614E+01
 -1       518 3.07246E+01
 -1       519 2.46586E+01
 -1       520 3.19164E+01
 -1       521 2.86882E+01
 -1       522 3.03649E+01
 -1       523 2.95329E+01
 -1       524 3.11886E+01
 -1       525 2.49273E+01
 -1       526 3.19585E+01
 -1       527 1.22278E+01
 -1       528 1.81366E+01
 -1       529 2.49273E+01
 -1       530 2.72685E+01
 -1       531 1.08901E+01
 -1       532 1.41940E+01
 -1       533 2.27812E+01
 -1       534 1.91203E+01
 -1       535 2.04580E+01
 -1       536 2.05438E+01
 -1       537 2.49273E+01
 -1       538 1.85775E+01
 -1       539 2.49273E+01
 -1       540 2.80579E+01
 -1       541 2.49273E+01
 -1       542 3.11886E+01
 -1       543 2.88739E+01
 -1       544 2.80579E+01
 -1       545 2.69138E+01
 -1       546 2.74375E+01
 -1       547 2.92285E+01
 -1       548 2.85697E+01
 -1       549 2.43866E+01
 -1       550 2.84007E+01
 -1       551 2.55994E+01
 -1       552 3.19585E+01
 -1       553 3.07457E+01
 -1       554 3.19585E+01
 -1       555 3.11617E+01
 -1       556 2.89587E+01
 -1       557 3.11617E+01
 -1       558 2.53839E+01
 -1       559 1.92698E+01
 -1       560 1.75054E+01
 -1       561 2.42507E+01
 -1       562 2.34124E+01
 -1       563 3.03023E+01
 -1       564 2.95265E+01
 -1       565 3.11406E+01
 -1       566 2.84218E+01
 -1       567 2.68077E+01
 -1       568 3.19375E+01
 -1       569 3.07246E+01
 -1       570 3.03607E+01
 -1       571 3.15525E+01
 -1       572 2.80579E+01
 -1       573 4.12880E+01
 -1       574 3.74263E+01
 -1       575 3.92454E+01
 -1       576 3.81494E+01
 -1       577 4.11725E+01
 -1       578 3.92228E+01
 -1       579 4.11725E+01
 -1       580 3.62270E+01
 -1       581 3.79535E+01
 -1       582 3.60566E+01
 -1       583 3.77831E+01
 -1       584 3.77831E+01
 -1       585 3.83272E+01
 -1       586 3.66992E+01
 -1       587 3.63912E+01
 -1       588 3.47632E+01
 -1       589 3.69618E+01
 -1       590 3.65796E+01
 -1       591 3.77567E+01
 -1       592 3.65796E+01
 -1       593 3.77567E+01
 -1       594 3.77567E+01
 -1       595 3.83312E+01
 -1       596 3.83312E+01
 -1       597 3.82157E+01
 -1       598 4.11725E+01
 -1       599 3.82157E+01
 -1       600 3.68271E+01
 -1       601 3.37145E+01
 -1       602 3.70980E+01
 -1       603 3.64085E+01
 -1       604 4.02106E+01
 -1       605 3.95262E+01
 -1       606 3.95262E+01
 -1       607 4.15153E+01
 -1       608 3.95262E+01
 -1       609 4.15153E+01
 -1       610 3.64896E+01
 -1       611 3.90831E+01
 -1       612 4.10722E+01
 -1       613 4.12880E+01
 -1       614 3.83312E+01
 -1       615 3.77567E+01
 -1       616 3.77567E+01
 -1       617 3.75552E+01
 -1       618 3.81258E+01
 -1       619 4.10722E+01
 -1       620 4.06536E+01
 -1       621 4.06292E+01
 -1       622 3.83312E+01
 -1       623 4.12880E+01
 -1       624 3.75552E+01
 -1       625 3.89704E+01
 -1       626 3.80350E+01
 -1       627 3.80350E+01
 -1       628 3.48215E+01
 -1       629 4.01053E+01
 -1       630 3.83913E+01
 -1       631 3.97920E+01
 -1       632 3.97920E+01
 -1       633 3.97920E+01
 -1       634 3.90177E+01
 -1       635 4.03804E+01
 -1       636 4.03804E+01
 -1       637 3.78827E+01
 -1       638 3.96208E+01
 -1       639 3.95052E+01
 -1       640 3.70189E+01
 -1       641 3.70189E+01
 -1       642 3.57459E+01
 -1       643 3.77130E+01
 -1       644 3.91699E+01
 -1       645 3.46530E+01
 -1       646 3.80365E+01
 -1       647 3.92454E+01
 -1       648 3.92454E+01
 -1       649 3.93572E+01
 -1       650 3.74263E+01
 -1       651 3.93572E+01
 -1       652 3.64003E+01
 -1       653 3.93572E+01
 -1       654 3.93572E+01
 -1       655 3.64049E+01
 -1       656 4.15153E+01
 -1       657 3.85747E+01
 -1       658 3.75818E+01
 -1       659 3.80608E+01
 -1       660 3.83359E+01
 -1       661 3.65789E+01
 -1       662 3.95052E+01
 -1       663 3.78008E+01
 -1       664 3.84257E+01
 -1       665 3.87743E+01
 -1       666 3.80365E+01
 -1       667 3.80365E+01
 -1       668 3.88978E+01
 -1       669 3.53872E+01
 -1       670 3.94680E+01
 -1       671 3.88978E+01
 -1       672 3.75552E+01
 -1       673 3.73537E+01
 -1       674 3.83272E+01
 -1       675 4.12880E+01
 -1       676 4.12880E+01
 -1       677 3.93572E+01
 -1       678 3.62185E+01
 -1       679 3.78827E+01
 -1       680 3.74263E+01
 -1       681 4.10570E+01
 -1       682 3.72135E+01
 -1       683 3.65789E+01
 -1       684 3.62185E+01
 -1       685 3.74263E+01
 -1       686 3.83359E+01
 -1       687 3.72920E+01
 -1       688 3.62185E+01
 -1       689 3.62185E+01
 -1       690 3.92454E+01
 -1       691 3.92454E+01
 -1       692 3.92454E+01
 -1       693 3.68797E+01
 -1       694 3.70742E+01
 -1       695 3.89704E+01
 -1       696 3.59701E+01
 -1       697 3.71281E+01
 -1       698 3.83359E+01
 -1       699 3.83359E+01
 -1       700 3.74885E+01
 -1       701 3.80350E+01
 -1       702 4.11725E+01
 -1       703 4.12880E+01
 -1       704 2.55361E+01
 -1       705 2.83033E+01
 -1       706 2.85954E+01
 -1       707 2.88875E+01
 -1       708 2.88875E+01
 -1       709 1.71290E+01
 -1       710 1.97152E+01
 -1       711 2.98422E+01
 -1       712 2.45413E+01
 -1       713 2.96875E+01
 -1       714 3.09004E+01
 -1       715 3.09004E+01
 -1       716 2.85697E+01
 -1       717 2.95329E+01
 -1       718 2.46240E+01
 -1       719 2.46240E+01
 -1       720 2.36609E+01
 -1       721 2.36609E+01
 -1       722 1.22440E+01
 -1       723 1.42102E+01
 -1       724 1.66446E+01
 -1       725 1.46946E+01
 -1       726 1.46784E+01
 -1       727 2.53588E+01
 -1       728 2.04500E+01
 -1       729 3.11617E+01
 -1       730 3.01035E+01
 -1       731 2.80527E+01
 -1       732 1.94778E+01
 -1       733 2.85697E+01
 -1       734 2.95329E+01
 -1       735 2.84007E+01
 -1       736 2.16331E+01
 -1       737 2.49273E+01
 -1       738 2.46586E+01
 -1       739 3.03607E+01
 -1       740 2.86882E+01
 -1       741 2.27812E+01
 -1       742 2.34124E+01
 -1       743 2.80579E+01
 -1       744 3.11617E+01
 -1       745 2.81531E+01
 -1       746 3.07246E+01
 -1       747 2.84218E+01
 -1       748 3.03607E+01
 -1       749 2.46586E+01
 -1       750 2.49273E+01
 -1       751 3.19164E+01
 -1       752 2.77892E+01
 -1       753 2.68077E+01
 -1       754 3.03023E+01
 -1       755 1.09063E+01
 -1       756 2.35494E+01
 -1       757 2.80460E+01
 -1       758 2.45456E+01
 -1       759 2.20721E+01
 -1       760 2.07344E+01
 -1       761 1.66446E+01
 -1       762 2.43953E+01
 -1       763 3.11886E+01
 -1       764 2.99489E+01
 -1       765 3.11886E+01
 -1       766 2.10281E+01
 -1       767 2.95265E+01
 -1       768 2.97461E+01
 -1       769 2.49273E+01
 -1       770 3.03023E+01
 -1       771 3.19164E+01
 -1       772 3.11406E+01
 -1       773 3.11617E+01
 -1       774 3.11406E+01
 -1       775 2.75928E+01
 -1       776 3.03649E+01
 -1       777 3.19585E+01
 -1       778 2.10281E+01
 -1       779 2.10281E+01
 -1       780 2.45227E+01
 -1       781 2.29086E+01
 -1       782 2.55135E+01
 -3
 9999
