    1C
    1UUSER                                                              
    1UDATE              05.september.2026                               
    1UTIME              11:50:29                                        
    1UHOST                                                              
    1UPGM               CalculiX                                        
    1UVERSION           Version 2.18                             
    1UCOMPILETIME       Thu Oct 14 16:21:20 EEST 2021                    
    1UDIR                                                               
    1UDBN                                                               
    1UMAT    1FEMPART002_MATERIAL                                       
    2C                           782                                     1
 -1         1-5.00000E-15 5.00000E+00 2.12000E+02
 -1         2-5.00000E-15-5.00000E+00 2.12000E+02
 -1         3-2.00000E-15 5.00000E+00 2.00000E+02
 -1         4-2.00000E-15-5.00000E+00 2.00000E+02
 -1         5-5.00000E+00-3.00000E+00 1.80000E+02
 -1         6-5.00000E+00-3.00000E+00 4.80000E+01
 -1         7-5.00000E+00 3.00000E+00 1.80000E+02
 -1         8-5.00000E+00 3.00000E+00 4.80000E+01
 -1         9 5.00000E+00-3.00000E+00 1.80000E+02
 -1        10 5.00000E+00-3.00000E+00 4.80000E+01
 -1        11 5.00000E+00 3.00000E+00 1.80000E+02
 -1        12 5.00000E+00 3.00000E+00 4.80000E+01
 -1        13-7.00000E-15 5.00000E+00 7.60000E+01
 -1        14-7.00000E-15-5.00000E+00 7.60000E+01
 -1        15 1.00000E+01 5.00000E+00 2.09321E+02
 -1        16 1.73205E+01 5.00000E+00 2.02000E+02
 -1        17 2.00000E+01 5.00000E+00 1.92000E+02
 -1        18 1.73205E+01 5.00000E+00 1.82000E+02
 -1        19 1.00000E+01 5.00000E+00 1.74679E+02
 -1        20-1.13014E-13 5.00000E+00 1.72000E+02
 -1        21-1.00000E+01 5.00000E+00 1.74679E+02
 -1        22-1.73205E+01 5.00000E+00 1.82000E+02
 -1        23-2.00000E+01 5.00000E+00 1.92000E+02
 -1        24-1.73205E+01 5.00000E+00 2.02000E+02
 -1        25-1.00000E+01 5.00000E+00 2.09321E+02
 -1        26 5.17638E+00 5.00000E+00 2.11319E+02
 -1        27 1.41421E+01 5.00000E+00 2.06142E+02
 -1        28 1.93185E+01 5.00000E+00 1.97176E+02
 -1        29 1.93185E+01 5.00000E+00 1.86824E+02
 -1        30 1.41421E+01 5.00000E+00 1.77858E+02
 -1        31 5.17638E+00 5.00000E+00 1.72681E+02
 -1        32-5.17638E+00 5.00000E+00 1.72681E+02
 -1        33-1.41421E+01 5.00000E+00 1.77858E+02
 -1        34-1.93185E+01 5.00000E+00 1.86824E+02
 -1        35-1.93185E+01 5.00000E+00 1.97176E+02
 -1        36-1.41421E+01 5.00000E+00 2.06142E+02
 -1        37-5.17638E+00 5.00000E+00 2.11319E+02
 -1        38-4.90000E-15 0.00000E+00 2.12000E+02
 -1        39 1.00000E+01-5.00000E+00 2.09321E+02
 -1        40 1.73205E+01-5.00000E+00 2.02000E+02
 -1        41 2.00000E+01-5.00000E+00 1.92000E+02
 -1        42 1.73205E+01-5.00000E+00 1.82000E+02
 -1        43 1.00000E+01-5.00000E+00 1.74679E+02
 -1        44-1.13014E-13-5.00000E+00 1.72000E+02
 -1        45-1.00000E+01-5.00000E+00 1.74679E+02
 -1        46-1.73205E+01-5.00000E+00 1.82000E+02
 -1        47-2.00000E+01-5.00000E+00 1.92000E+02
 -1        48-1.73205E+01-5.00000E+00 2.02000E+02
 -1        49-1.00000E+01-5.00000E+00 2.09321E+02
 -1        50 5.17638E+00-5.00000E+00 2.11319E+02
 -1        51 1.41421E+01-5.00000E+00 2.06142E+02
 -1        52 1.93185E+01-5.00000E+00 1.97176E+02
 -1        53 1.93185E+01-5.00000E+00 1.86824E+02
 -1        54 1.41421E+01-5.00000E+00 1.77858E+02
 -1        55 5.17638E+00-5.00000E+00 1.72681E+02
 -1        56-5.17638E+00-5.00000E+00 1.72681E+02
 -1        57-1.41421E+01-5.00000E+00 1.77858E+02
 -1        58-1.93185E+01-5.00000E+00 1.86824E+02
 -1        59-1.93185E+01-5.00000E+00 1.97176E+02
 -1        60-1.41421E+01-5.00000E+00 2.06142E+02
 -1        61-5.17638E+00-5.00000E+00 2.11319E+02
 -1        62 4.00000E+00 5.00000E+00 1.98928E+02
 -1        63 6.92820E+00 5.00000E+00 1.96000E+02
 -1        64 8.00000E+00 5.00000E+00 1.92000E+02
 -1        65 6.92820E+00 5.00000E+00 1.88000E+02
 -1        66 4.00000E+00 5.00000E+00 1.85072E+02
 -1        67-4.52056E-14 5.00000E+00 1.84000E+02
 -1        68-4.00000E+00 5.00000E+00 1.85072E+02
 -1        69-6.92820E+00 5.00000E+00 1.88000E+02
 -1        70-8.00000E+00 5.00000E+00 1.92000E+02
 -1        71-6.92820E+00 5.00000E+00 1.96000E+02
 -1        72-4.00000E+00 5.00000E+00 1.98928E+02
 -1        73 2.07055E+00 5.00000E+00 1.99727E+02
 -1        74 5.65685E+00 5.00000E+00 1.97657E+02
 -1        75 7.72741E+00 5.00000E+00 1.94071E+02
 -1        76 7.72741E+00 5.00000E+00 1.89929E+02
 -1        77 5.65685E+00 5.00000E+00 1.86343E+02
 -1        78 2.07055E+00 5.00000E+00 1.84273E+02
 -1        79-2.07055E+00 5.00000E+00 1.84273E+02
 -1        80-5.65685E+00 5.00000E+00 1.86343E+02
 -1        81-7.72741E+00 5.00000E+00 1.89929E+02
 -1        82-7.72741E+00 5.00000E+00 1.94071E+02
 -1        83-5.65685E+00 5.00000E+00 1.97657E+02
 -1        84-2.07055E+00 5.00000E+00 1.99727E+02
 -1        85 4.00000E+00-5.00000E+00 1.98928E+02
 -1        86 6.92820E+00-5.00000E+00 1.96000E+02
 -1        87 8.00000E+00-5.00000E+00 1.92000E+02
 -1        88 6.92820E+00-5.00000E+00 1.88000E+02
 -1        89 4.00000E+00-5.00000E+00 1.85072E+02
 -1        90-4.52056E-14-5.00000E+00 1.84000E+02
 -1        91-4.00000E+00-5.00000E+00 1.85072E+02
 -1        92-6.92820E+00-5.00000E+00 1.88000E+02
 -1        93-8.00000E+00-5.00000E+00 1.92000E+02
 -1        94-6.92820E+00-5.00000E+00 1.96000E+02
 -1        95-4.00000E+00-5.00000E+00 1.98928E+02
 -1        96 2.07055E+00-5.00000E+00 1.99727E+02
 -1        97 5.65685E+00-5.00000E+00 1.97657E+02
 -1        98 7.72741E+00-5.00000E+00 1.94071E+02
 -1        99 7.72741E+00-5.00000E+00 1.89929E+02
 -1       100 5.65685E+00-5.00000E+00 1.86343E+02
 -1       101 2.07055E+00-5.00000E+00 1.84273E+02
 -1       102-2.07055E+00-5.00000E+00 1.84273E+02
 -1       103-5.65685E+00-5.00000E+00 1.86343E+02
 -1       104-7.72741E+00-5.00000E+00 1.89929E+02
 -1       105-7.72741E+00-5.00000E+00 1.94071E+02
 -1       106-5.65685E+00-5.00000E+00 1.97657E+02
 -1       107-2.07055E+00-5.00000E+00 1.99727E+02
 -1       108-1.96000E-15-1.66667E+00 2.00000E+02
 -1       109-1.96000E-15 1.66667E+00 2.00000E+02
 -1       110-1.96000E-15-3.33333E+00 2.00000E+02
 -1       111-1.96000E-15 8.88178E-16 2.00000E+02
 -1       112-1.96000E-15 3.33333E+00 2.00000E+02
 -1       113-5.00000E+00-3.00000E+00 1.14000E+02
 -1       114-5.00000E+00 0.00000E+00 1.80000E+02
 -1       115-5.00000E+00 3.00000E+00 1.14000E+02
 -1       116-5.00000E+00 0.00000E+00 4.80000E+01
 -1       117 5.00000E+00-3.00000E+00 1.14000E+02
 -1       118 5.00000E+00 0.00000E+00 1.80000E+02
 -1       119 5.00000E+00 3.00000E+00 1.14000E+02
 -1       120 5.00000E+00 0.00000E+00 4.80000E+01
 -1       121 0.00000E+00-3.00000E+00 4.80000E+01
 -1       122 0.00000E+00-3.00000E+00 1.80000E+02
 -1       123 0.00000E+00 3.00000E+00 4.80000E+01
 -1       124 0.00000E+00 3.00000E+00 1.80000E+02
 -1       125 1.40000E+01 5.00000E+00 7.22487E+01
 -1       126 2.42487E+01 5.00000E+00 6.20000E+01
 -1       127 2.80000E+01 5.00000E+00 4.80000E+01
 -1       128 2.42487E+01 5.00000E+00 3.40000E+01
 -1       129 1.40000E+01 5.00000E+00 2.37513E+01
 -1       130-1.70654E-13 5.00000E+00 2.00000E+01
 -1       131-1.40000E+01 5.00000E+00 2.37513E+01
 -1       132-2.42487E+01 5.00000E+00 3.40000E+01
 -1       133-2.80000E+01 5.00000E+00 4.80000E+01
 -1       134-2.42487E+01 5.00000E+00 6.20000E+01
 -1       135-1.40000E+01 5.00000E+00 7.22487E+01
 -1       136 7.24693E+00 5.00000E+00 7.50459E+01
 -1       137 1.97990E+01 5.00000E+00 6.77990E+01
 -1       138 2.70459E+01 5.00000E+00 5.52469E+01
 -1       139 2.70459E+01 5.00000E+00 4.07531E+01
 -1       140 1.97990E+01 5.00000E+00 2.82010E+01
 -1       141 7.24693E+00 5.00000E+00 2.09541E+01
 -1       142-7.24693E+00 5.00000E+00 2.09541E+01
 -1       143-1.97990E+01 5.00000E+00 2.82010E+01
 -1       144-2.70459E+01 5.00000E+00 4.07531E+01
 -1       145-2.70459E+01 5.00000E+00 5.52469E+01
 -1       146-1.97990E+01 5.00000E+00 6.77990E+01
 -1       147-7.24693E+00 5.00000E+00 7.50459E+01
 -1       148-6.86000E-15 0.00000E+00 7.60000E+01
 -1       149 1.40000E+01-5.00000E+00 7.22487E+01
 -1       150 2.42487E+01-5.00000E+00 6.20000E+01
 -1       151 2.80000E+01-5.00000E+00 4.80000E+01
 -1       152 2.42487E+01-5.00000E+00 3.40000E+01
 -1       153 1.40000E+01-5.00000E+00 2.37513E+01
 -1       154-1.70654E-13-5.00000E+00 2.00000E+01
 -1       155-1.40000E+01-5.00000E+00 2.37513E+01
 -1       156-2.42487E+01-5.00000E+00 3.40000E+01
 -1       157-2.80000E+01-5.00000E+00 4.80000E+01
 -1       158-2.42487E+01-5.00000E+00 6.20000E+01
 -1       159-1.40000E+01-5.00000E+00 7.22487E+01
 -1       160 7.24693E+00-5.00000E+00 7.50459E+01
 -1       161 1.97990E+01-5.00000E+00 6.77990E+01
 -1       162 2.70459E+01-5.00000E+00 5.52469E+01
 -1       163 2.70459E+01-5.00000E+00 4.07531E+01
 -1       164 1.97990E+01-5.00000E+00 2.82010E+01
 -1       165 7.24693E+00-5.00000E+00 2.09541E+01
 -1       166-7.24693E+00-5.00000E+00 2.09541E+01
 -1       167-1.97990E+01-5.00000E+00 2.82010E+01
 -1       168-2.70459E+01-5.00000E+00 4.07531E+01
 -1       169-2.70459E+01-5.00000E+00 5.52469E+01
 -1       170-1.97990E+01-5.00000E+00 6.77990E+01
 -1       171-7.24693E+00-5.00000E+00 7.50459E+01
 -1       172 5.17638E+00 0.00000E+00 2.11319E+02
 -1       173-5.17638E+00 0.00000E+00 2.11319E+02
 -1       174 1.00000E+01 0.00000E+00 2.09321E+02
 -1       175-1.00000E+01 0.00000E+00 2.09321E+02
 -1       176 1.41421E+01 0.00000E+00 2.06142E+02
 -1       177 1.93185E+01 0.00000E+00 1.97176E+02
 -1       178 2.00000E+01 0.00000E+00 1.92000E+02
 -1       179 1.73205E+01 0.00000E+00 2.02000E+02
 -1       180 1.93185E+01 0.00000E+00 1.86824E+02
 -1       181 1.73205E+01 0.00000E+00 1.82000E+02
 -1       182 1.41421E+01 0.00000E+00 1.77858E+02
 -1       183 1.00000E+01 0.00000E+00 1.74679E+02
 -1       184 5.17638E+00 0.00000E+00 1.72681E+02
 -1       185-5.17638E+00 0.00000E+00 1.72681E+02
 -1       186-1.13014E-13 0.00000E+00 1.72000E+02
 -1       187-1.41421E+01 0.00000E+00 1.77858E+02
 -1       188-1.73205E+01 0.00000E+00 1.82000E+02
 -1       189-1.00000E+01 0.00000E+00 1.74679E+02
 -1       190-1.93185E+01 0.00000E+00 1.86824E+02
 -1       191-1.93185E+01 0.00000E+00 1.97176E+02
 -1       192-1.73205E+01 0.00000E+00 2.02000E+02
 -1       193-2.00000E+01 0.00000E+00 1.92000E+02
 -1       194-1.41421E+01 0.00000E+00 2.06142E+02
 -1       195 3.41624E+00 5.00000E+00 2.04750E+02
 -1       196 9.33333E+00 5.00000E+00 1.82667E+02
 -1       197-3.47208E+00 5.00000E+00 2.04541E+02
 -1       198-9.28680E+00 5.00000E+00 2.01090E+02
 -1       199-1.27496E+01 5.00000E+00 1.88584E+02
 -1       200-1.23808E+01 5.00000E+00 1.95279E+02
 -1       201-9.12493E+00 5.00000E+00 1.82723E+02
 -1       202 3.26367E+00 5.00000E+00 1.79403E+02
 -1       203 1.25970E+01 5.00000E+00 1.88736E+02
 -1       204-3.31021E+00 5.00000E+00 1.79646E+02
 -1       205 9.27749E+00 5.00000E+00 2.01125E+02
 -1       206 1.23539E+01 5.00000E+00 1.95310E+02
 -1       207 6.70812E+00 5.00000E+00 2.07035E+02
 -1       208 1.70812E+00 5.00000E+00 2.08375E+02
 -1       209-1.73604E+00 5.00000E+00 2.08271E+02
 -1       210-6.73604E+00 5.00000E+00 2.06931E+02
 -1       211-2.79210E-02 5.00000E+00 2.04645E+02
 -1       212 1.70812E+00 5.00000E+00 2.02375E+02
 -1       213 3.70812E+00 5.00000E+00 2.01839E+02
 -1       214-3.73604E+00 5.00000E+00 2.01735E+02
 -1       215-1.73604E+00 5.00000E+00 2.02271E+02
 -1       216 1.32990E+01 5.00000E+00 2.01562E+02
 -1       217 9.63875E+00 5.00000E+00 2.05223E+02
 -1       218 6.34686E+00 5.00000E+00 2.02937E+02
 -1       219 1.61769E+01 5.00000E+00 1.93655E+02
 -1       220 1.48372E+01 5.00000E+00 1.98655E+02
 -1       221 1.08157E+01 5.00000E+00 1.98218E+02
 -1       222 1.49588E+01 5.00000E+00 1.85368E+02
 -1       223 1.62985E+01 5.00000E+00 1.90368E+02
 -1       224 1.24754E+01 5.00000E+00 1.92023E+02
 -1       225 9.66667E+00 5.00000E+00 1.78673E+02
 -1       226 1.33269E+01 5.00000E+00 1.82333E+02
 -1       227 1.09652E+01 5.00000E+00 1.85701E+02
 -1       228 1.63184E+00 5.00000E+00 1.75701E+02
 -1       229 6.63184E+00 5.00000E+00 1.77041E+02
 -1       230 6.29850E+00 5.00000E+00 1.81035E+02
 -1       231-6.65510E+00 5.00000E+00 1.77163E+02
 -1       232-1.65510E+00 5.00000E+00 1.75823E+02
 -1       233-2.32675E-02 5.00000E+00 1.79525E+02
 -1       234-1.32227E+01 5.00000E+00 1.82361E+02
 -1       235-9.56246E+00 5.00000E+00 1.78701E+02
 -1       236-6.21757E+00 5.00000E+00 1.81184E+02
 -1       237-1.63748E+01 5.00000E+00 1.90292E+02
 -1       238-1.50350E+01 5.00000E+00 1.85292E+02
 -1       239-1.09372E+01 5.00000E+00 1.85653E+02
 -1       240-1.48507E+01 5.00000E+00 1.98639E+02
 -1       241-1.61904E+01 5.00000E+00 1.93639E+02
 -1       242-1.25652E+01 5.00000E+00 1.91931E+02
 -1       243-9.64340E+00 5.00000E+00 2.05205E+02
 -1       244-1.33037E+01 5.00000E+00 2.01545E+02
 -1       245-1.08338E+01 5.00000E+00 1.98185E+02
 -1       246-6.37944E+00 5.00000E+00 2.02816E+02
 -1       247 6.63875E+00 5.00000E+00 2.00027E+02
 -1       248 8.10285E+00 5.00000E+00 1.98562E+02
 -1       249 9.64104E+00 5.00000E+00 1.95655E+02
 -1       250 1.01769E+01 5.00000E+00 1.93655E+02
 -1       251 1.02985E+01 5.00000E+00 1.90368E+02
 -1       252 9.76261E+00 5.00000E+00 1.88368E+02
 -1       253 8.13077E+00 5.00000E+00 1.85333E+02
 -1       254 6.66667E+00 5.00000E+00 1.83869E+02
 -1       255 3.63184E+00 5.00000E+00 1.82237E+02
 -1       256 1.63184E+00 5.00000E+00 1.81701E+02
 -1       257-1.65510E+00 5.00000E+00 1.81823E+02
 -1       258-3.65510E+00 5.00000E+00 1.82359E+02
 -1       259-6.56246E+00 5.00000E+00 1.83897E+02
 -1       260-8.02657E+00 5.00000E+00 1.85361E+02
 -1       261-9.83889E+00 5.00000E+00 1.88292E+02
 -1       262-1.03748E+01 5.00000E+00 1.90292E+02
 -1       263-1.01904E+01 5.00000E+00 1.93639E+02
 -1       264-9.65452E+00 5.00000E+00 1.95639E+02
 -1       265-8.10750E+00 5.00000E+00 1.98545E+02
 -1       266-6.64340E+00 5.00000E+00 2.00009E+02
 -1       267 3.41624E+00-5.00000E+00 2.04750E+02
 -1       268 9.33333E+00-5.00000E+00 1.82667E+02
 -1       269-3.47208E+00-5.00000E+00 2.04541E+02
 -1       270-9.28680E+00-5.00000E+00 2.01090E+02
 -1       271-1.27496E+01-5.00000E+00 1.88584E+02
 -1       272-1.23808E+01-5.00000E+00 1.95279E+02
 -1       273-9.12493E+00-5.00000E+00 1.82723E+02
 -1       274 3.26367E+00-5.00000E+00 1.79403E+02
 -1       275 1.25970E+01-5.00000E+00 1.88736E+02
 -1       276-3.31021E+00-5.00000E+00 1.79646E+02
 -1       277 9.27749E+00-5.00000E+00 2.01125E+02
 -1       278 1.23539E+01-5.00000E+00 1.95310E+02
 -1       279 1.70812E+00-5.00000E+00 2.08375E+02
 -1       280 6.70812E+00-5.00000E+00 2.07035E+02
 -1       281-6.73604E+00-5.00000E+00 2.06931E+02
 -1       282-1.73604E+00-5.00000E+00 2.08271E+02
 -1       283-2.79210E-02-5.00000E+00 2.04645E+02
 -1       284 3.70812E+00-5.00000E+00 2.01839E+02
 -1       285 1.70812E+00-5.00000E+00 2.02375E+02
 -1       286-1.73604E+00-5.00000E+00 2.02271E+02
 -1       287-3.73604E+00-5.00000E+00 2.01735E+02
 -1       288 9.63875E+00-5.00000E+00 2.05223E+02
 -1       289 1.32990E+01-5.00000E+00 2.01562E+02
 -1       290 6.34686E+00-5.00000E+00 2.02937E+02
 -1       291 1.48372E+01-5.00000E+00 1.98655E+02
 -1       292 1.61769E+01-5.00000E+00 1.93655E+02
 -1       293 1.08157E+01-5.00000E+00 1.98218E+02
 -1       294 1.62985E+01-5.00000E+00 1.90368E+02
 -1       295 1.49588E+01-5.00000E+00 1.85368E+02
 -1       296 1.24754E+01-5.00000E+00 1.92023E+02
 -1       297 1.33269E+01-5.00000E+00 1.82333E+02
 -1       298 9.66667E+00-5.00000E+00 1.78673E+02
 -1       299 1.09652E+01-5.00000E+00 1.85701E+02
 -1       300 6.63184E+00-5.00000E+00 1.77041E+02
 -1       301 1.63184E+00-5.00000E+00 1.75701E+02
 -1       302 6.29850E+00-5.00000E+00 1.81035E+02
 -1       303-1.65510E+00-5.00000E+00 1.75823E+02
 -1       304-6.65510E+00-5.00000E+00 1.77163E+02
 -1       305-2.32675E-02-5.00000E+00 1.79525E+02
 -1       306-9.56246E+00-5.00000E+00 1.78701E+02
 -1       307-1.32227E+01-5.00000E+00 1.82361E+02
 -1       308-6.21757E+00-5.00000E+00 1.81184E+02
 -1       309-1.50350E+01-5.00000E+00 1.85292E+02
 -1       310-1.63748E+01-5.00000E+00 1.90292E+02
 -1       311-1.09372E+01-5.00000E+00 1.85653E+02
 -1       312-1.61904E+01-5.00000E+00 1.93639E+02
 -1       313-1.48507E+01-5.00000E+00 1.98639E+02
 -1       314-1.25652E+01-5.00000E+00 1.91931E+02
 -1       315-1.33037E+01-5.00000E+00 2.01545E+02
 -1       316-9.64340E+00-5.00000E+00 2.05205E+02
 -1       317-1.08338E+01-5.00000E+00 1.98185E+02
 -1       318-6.37944E+00-5.00000E+00 2.02816E+02
 -1       319 8.10285E+00-5.00000E+00 1.98562E+02
 -1       320 6.63875E+00-5.00000E+00 2.00027E+02
 -1       321 1.01769E+01-5.00000E+00 1.93655E+02
 -1       322 9.64104E+00-5.00000E+00 1.95655E+02
 -1       323 9.76261E+00-5.00000E+00 1.88368E+02
 -1       324 1.02985E+01-5.00000E+00 1.90368E+02
 -1       325 6.66667E+00-5.00000E+00 1.83869E+02
 -1       326 8.13077E+00-5.00000E+00 1.85333E+02
 -1       327 1.63184E+00-5.00000E+00 1.81701E+02
 -1       328 3.63184E+00-5.00000E+00 1.82237E+02
 -1       329-3.65510E+00-5.00000E+00 1.82359E+02
 -1       330-1.65510E+00-5.00000E+00 1.81823E+02
 -1       331-8.02657E+00-5.00000E+00 1.85361E+02
 -1       332-6.56246E+00-5.00000E+00 1.83897E+02
 -1       333-1.03748E+01-5.00000E+00 1.90292E+02
 -1       334-9.83889E+00-5.00000E+00 1.88292E+02
 -1       335-9.65452E+00-5.00000E+00 1.95639E+02
 -1       336-1.01904E+01-5.00000E+00 1.93639E+02
 -1       337-6.64340E+00-5.00000E+00 2.00009E+02
 -1       338-8.10750E+00-5.00000E+00 1.98545E+02
 -1       339-7.75117E+00 4.09069E-04 1.93980E+02
 -1       340-5.90063E+00 8.58439E-03 1.97402E+02
 -1       341 5.90063E+00 8.58439E-03 1.97402E+02
 -1       342 7.75117E+00 4.09069E-04 1.93980E+02
 -1       343-7.72741E+00 0.00000E+00 1.89929E+02
 -1       344-5.65685E+00 0.00000E+00 1.86343E+02
 -1       345-2.07055E+00 3.33333E+00 1.99727E+02
 -1       346-3.33039E+00 3.82036E-01 1.99274E+02
 -1       347 3.33039E+00 3.82036E-01 1.99274E+02
 -1       348 2.07055E+00 3.33333E+00 1.99727E+02
 -1       349 1.81662E+00-2.08377E+00 1.99791E+02
 -1       350-1.81662E+00-2.08377E+00 1.99791E+02
 -1       351-2.07055E+00 0.00000E+00 1.84273E+02
 -1       352 2.07055E+00 0.00000E+00 1.84273E+02
 -1       353 5.65685E+00-8.88178E-16 1.86343E+02
 -1       354 7.72741E+00 0.00000E+00 1.89929E+02
 -1       355 1.04421E+00 4.16667E+00 1.99932E+02
 -1       356 3.06147E+00 4.16667E+00 1.99391E+02
 -1       357-1.04421E+00 4.16667E+00 1.99932E+02
 -1       358-3.06147E+00 4.16667E+00 1.99391E+02
 -1       359-1.04421E+00 2.50000E+00 1.99932E+02
 -1       360 1.04421E+00 2.50000E+00 1.99932E+02
 -1       361 9.14302E-01-3.54188E+00 1.99948E+02
 -1       362 2.94013E+00-3.54188E+00 1.99440E+02
 -1       363-9.14302E-01-3.54188E+00 1.99948E+02
 -1       364-2.94013E+00-3.54188E+00 1.99440E+02
 -1       365 9.14302E-01-1.87522E+00 1.99948E+02
 -1       366-9.14302E-01-1.87522E+00 1.99948E+02
 -1       367 5.00878E+00 2.50429E+00 1.98238E+02
 -1       368 6.45261E+00 2.50429E+00 1.96729E+02
 -1       369 4.70943E+00 1.95310E-01 1.98467E+02
 -1       370 3.66927E+00 2.69102E+00 1.99109E+02
 -1       371 2.70998E+00 1.85768E+00 1.99527E+02
 -1       372 7.40887E+00 2.50020E+00 1.95018E+02
 -1       373 7.93755E+00 2.50020E+00 1.92998E+02
 -1       374 7.03712E+00 4.49673E-03 1.95805E+02
 -1       375 7.93156E+00 2.50000E+00 1.90956E+02
 -1       376 7.39104E+00 2.50000E+00 1.88939E+02
 -1       377 7.99986E+00 2.04534E-04 1.91953E+02
 -1       378 6.34683E+00 2.50000E+00 1.87130E+02
 -1       379 4.87009E+00 2.50000E+00 1.85653E+02
 -1       380 6.92820E+00 0.00000E+00 1.88000E+02
 -1       381 3.06147E+00 2.50000E+00 1.84609E+02
 -1       382 1.04421E+00 2.50000E+00 1.84068E+02
 -1       383 4.00000E+00 0.00000E+00 1.85072E+02
 -1       384-3.06147E+00 2.50000E+00 1.84609E+02
 -1       385-1.04421E+00 2.50000E+00 1.84068E+02
 -1       386-4.16528E-14 0.00000E+00 1.84000E+02
 -1       387-4.87009E+00 2.50000E+00 1.85653E+02
 -1       388-6.34683E+00 2.50000E+00 1.87130E+02
 -1       389-4.00000E+00 0.00000E+00 1.85072E+02
 -1       390-7.39104E+00 2.50000E+00 1.88939E+02
 -1       391-7.93156E+00 2.50000E+00 1.90956E+02
 -1       392-6.92820E+00 0.00000E+00 1.88000E+02
 -1       393-7.93755E+00 2.50020E+00 1.92998E+02
 -1       394-7.40887E+00 2.50020E+00 1.95018E+02
 -1       395-7.99986E+00 2.04534E-04 1.91953E+02
 -1       396-6.45261E+00 2.50429E+00 1.96729E+02
 -1       397-5.00878E+00 2.50429E+00 1.98238E+02
 -1       398-7.03712E+00 4.49673E-03 1.95805E+02
 -1       399-4.70943E+00 1.95310E-01 1.98467E+02
 -1       400-3.66927E+00 2.69102E+00 1.99109E+02
 -1       401-2.70998E+00 1.85768E+00 1.99527E+02
 -1       402 6.45261E+00-2.49571E+00 1.96729E+02
 -1       403 5.00878E+00-2.49571E+00 1.98238E+02
 -1       404 3.66927E+00-2.30898E+00 1.99109E+02
 -1       405 2.58646E+00-8.50865E-01 1.99570E+02
 -1       406 7.93755E+00-2.49980E+00 1.92998E+02
 -1       407 7.40887E+00-2.49980E+00 1.95018E+02
 -1       408 7.39104E+00-2.50000E+00 1.88939E+02
 -1       409 7.93156E+00-2.50000E+00 1.90956E+02
 -1       410 4.87009E+00-2.50000E+00 1.85653E+02
 -1       411 6.34683E+00-2.50000E+00 1.87130E+02
 -1       412 1.04421E+00-2.50000E+00 1.84068E+02
 -1       413 3.06147E+00-2.50000E+00 1.84609E+02
 -1       414-1.04421E+00-2.50000E+00 1.84068E+02
 -1       415-3.06147E+00-2.50000E+00 1.84609E+02
 -1       416-6.34683E+00-2.50000E+00 1.87130E+02
 -1       417-4.87009E+00-2.50000E+00 1.85653E+02
 -1       418-7.93156E+00-2.50000E+00 1.90956E+02
 -1       419-7.39104E+00-2.50000E+00 1.88939E+02
 -1       420-7.40887E+00-2.49980E+00 1.95018E+02
 -1       421-7.93755E+00-2.49980E+00 1.92998E+02
 -1       422-5.00878E+00-2.49571E+00 1.98238E+02
 -1       423-6.45261E+00-2.49571E+00 1.96729E+02
 -1       424-3.66927E+00-2.30898E+00 1.99109E+02
 -1       425-2.58646E+00-8.50865E-01 1.99570E+02
 -1       426 9.14302E-01-2.08549E-01 1.99948E+02
 -1       427-9.14302E-01-2.08549E-01 1.99948E+02
 -1       428-1.70432E+00 1.02435E+00 1.99816E+02
 -1       429 1.70432E+00 1.02435E+00 1.99816E+02
 -1       430-5.00000E+00 0.00000E+00 1.14000E+02
 -1       431 5.00000E+00 0.00000E+00 1.14000E+02
 -1       432 0.00000E+00-3.00000E+00 1.14000E+02
 -1       433 0.00000E+00 3.00000E+00 1.14000E+02
 -1       434 0.00000E+00 0.00000E+00 4.80000E+01
 -1       435-2.50000E+00 1.50000E+00 4.80000E+01
 -1       436-2.50000E+00-1.50000E+00 4.80000E+01
 -1       437 2.50000E+00-1.50000E+00 4.80000E+01
 -1       438 2.50000E+00 1.50000E+00 4.80000E+01
 -1       439 0.00000E+00 0.00000E+00 1.80000E+02
 -1       440-2.50000E+00-1.50000E+00 1.80000E+02
 -1       441-2.50000E+00 1.50000E+00 1.80000E+02
 -1       442 2.50000E+00-1.50000E+00 1.80000E+02
 -1       443 2.50000E+00 1.50000E+00 1.80000E+02
 -1       444 7.24693E+00 0.00000E+00 7.50459E+01
 -1       445-7.24693E+00 0.00000E+00 7.50459E+01
 -1       446 1.40000E+01 0.00000E+00 7.22487E+01
 -1       447-1.40000E+01 0.00000E+00 7.22487E+01
 -1       448 1.97990E+01 0.00000E+00 6.77990E+01
 -1       449 2.42487E+01 0.00000E+00 6.20000E+01
 -1       450 2.70459E+01 0.00000E+00 5.52469E+01
 -1       451 2.80000E+01 0.00000E+00 4.80000E+01
 -1       452 2.70459E+01 0.00000E+00 4.07531E+01
 -1       453 1.97990E+01 0.00000E+00 2.82010E+01
 -1       454 2.42487E+01 0.00000E+00 3.40000E+01
 -1       455 7.24693E+00 0.00000E+00 2.09541E+01
 -1       456-1.70654E-13 0.00000E+00 2.00000E+01
 -1       457 1.40000E+01 0.00000E+00 2.37513E+01
 -1       458-7.24693E+00 0.00000E+00 2.09541E+01
 -1       459-1.40000E+01 0.00000E+00 2.37513E+01
 -1       460-1.97990E+01 0.00000E+00 2.82010E+01
 -1       461-2.42487E+01 0.00000E+00 3.40000E+01
 -1       462-2.70459E+01 0.00000E+00 4.07531E+01
 -1       463-2.70459E+01 0.00000E+00 5.52469E+01
 -1       464-2.42487E+01 0.00000E+00 6.20000E+01
 -1       465-2.80000E+01 0.00000E+00 4.80000E+01
 -1       466-1.97990E+01 0.00000E+00 6.77990E+01
 -1       467-7.17433E-15 5.00000E+00 4.80000E+01
 -1       468-3.75129E+00 5.00000E+00 6.20000E+01
 -1       469-1.40000E+01 5.00000E+00 5.17513E+01
 -1       470 3.75129E+00 5.00000E+00 3.40000E+01
 -1       471 1.40000E+01 5.00000E+00 4.42487E+01
 -1       472 1.02487E+01 5.00000E+00 5.82487E+01
 -1       473-1.02487E+01 5.00000E+00 3.77513E+01
 -1       474 5.12436E+00 5.00000E+00 6.71244E+01
 -1       475-1.40000E+01 5.00000E+00 6.20000E+01
 -1       476 1.91244E+01 5.00000E+00 5.31244E+01
 -1       477 1.40000E+01 5.00000E+00 3.40000E+01
 -1       478 9.56218E+00 5.00000E+00 6.96865E+01
 -1       479 2.56218E+00 5.00000E+00 7.15622E+01
 -1       480-1.87564E+00 5.00000E+00 6.90000E+01
 -1       481-8.87564E+00 5.00000E+00 6.71244E+01
 -1       482 6.86533E-01 5.00000E+00 6.45622E+01
 -1       483 1.72487E+01 5.00000E+00 6.01244E+01
 -1       484 1.21244E+01 5.00000E+00 6.52487E+01
 -1       485 7.68653E+00 5.00000E+00 6.26865E+01
 -1       486 2.35622E+01 5.00000E+00 5.05622E+01
 -1       487 2.16865E+01 5.00000E+00 5.75622E+01
 -1       488 1.46865E+01 5.00000E+00 5.56865E+01
 -1       489 1.91244E+01 5.00000E+00 3.91244E+01
 -1       490 2.10000E+01 5.00000E+00 4.61244E+01
 -1       491 1.65622E+01 5.00000E+00 4.86865E+01
 -1       492 1.40000E+01 5.00000E+00 2.88756E+01
 -1       493 1.91244E+01 5.00000E+00 3.40000E+01
 -1       494 1.40000E+01 5.00000E+00 3.91244E+01
 -1       495 1.87564E+00 5.00000E+00 2.70000E+01
 -1       496 8.87564E+00 5.00000E+00 2.88756E+01
 -1       497 8.87564E+00 5.00000E+00 3.40000E+01
 -1       498-1.21244E+01 5.00000E+00 3.07513E+01
 -1       499-5.12436E+00 5.00000E+00 2.88756E+01
 -1       500-3.24871E+00 5.00000E+00 3.58756E+01
 -1       501-1.72487E+01 5.00000E+00 3.58756E+01
 -1       502-2.10000E+01 5.00000E+00 4.98756E+01
 -1       503-1.91244E+01 5.00000E+00 4.28756E+01
 -1       504-1.21244E+01 5.00000E+00 4.47513E+01
 -1       505-1.91244E+01 5.00000E+00 5.68756E+01
 -1       506-1.40000E+01 5.00000E+00 6.71244E+01
 -1       507-1.91244E+01 5.00000E+00 6.20000E+01
 -1       508-1.40000E+01 5.00000E+00 5.68756E+01
 -1       509-8.87564E+00 5.00000E+00 6.20000E+01
 -1       510-7.00000E+00 5.00000E+00 4.98756E+01
 -1       511-8.87564E+00 5.00000E+00 5.68756E+01
 -1       512-1.87564E+00 5.00000E+00 5.50000E+01
 -1       513 3.24871E+00 5.00000E+00 6.01244E+01
 -1       514 5.12436E+00 5.00000E+00 5.31244E+01
 -1       515-5.12436E+00 5.00000E+00 4.28756E+01
 -1       516 7.00000E+00 5.00000E+00 4.61244E+01
 -1       517 8.87564E+00 5.00000E+00 3.91244E+01
 -1       518 1.87564E+00 5.00000E+00 4.10000E+01
 -1       519 1.21244E+01 5.00000E+00 5.12487E+01
 -1       520-7.17433E-15-5.00000E+00 4.80000E+01
 -1       521-3.75129E+00-5.00000E+00 6.20000E+01
 -1       522-1.40000E+01-5.00000E+00 5.17513E+01
 -1       523 3.75129E+00-5.00000E+00 3.40000E+01
 -1       524 1.40000E+01-5.00000E+00 4.42487E+01
 -1       525 1.02487E+01-5.00000E+00 5.82487E+01
 -1       526-1.02487E+01-5.00000E+00 3.77513E+01
 -1       527 5.12436E+00-5.00000E+00 6.71244E+01
 -1       528-1.40000E+01-5.00000E+00 6.20000E+01
 -1       529 1.91244E+01-5.00000E+00 5.31244E+01
 -1       530 1.40000E+01-5.00000E+00 3.40000E+01
 -1       531 2.56218E+00-5.00000E+00 7.15622E+01
 -1       532 9.56218E+00-5.00000E+00 6.96865E+01
 -1       533-8.87564E+00-5.00000E+00 6.71244E+01
 -1       534-1.87564E+00-5.00000E+00 6.90000E+01
 -1       535 6.86533E-01-5.00000E+00 6.45622E+01
 -1       536 1.21244E+01-5.00000E+00 6.52487E+01
 -1       537 1.72487E+01-5.00000E+00 6.01244E+01
 -1       538 7.68653E+00-5.00000E+00 6.26865E+01
 -1       539 2.16865E+01-5.00000E+00 5.75622E+01
 -1       540 2.35622E+01-5.00000E+00 5.05622E+01
 -1       541 1.46865E+01-5.00000E+00 5.56865E+01
 -1       542 2.10000E+01-5.00000E+00 4.61244E+01
 -1       543 1.91244E+01-5.00000E+00 3.91244E+01
 -1       544 1.65622E+01-5.00000E+00 4.86865E+01
 -1       545 1.91244E+01-5.00000E+00 3.40000E+01
 -1       546 1.40000E+01-5.00000E+00 2.88756E+01
 -1       547 1.40000E+01-5.00000E+00 3.91244E+01
 -1       548 8.87564E+00-5.00000E+00 2.88756E+01
 -1       549 1.87564E+00-5.00000E+00 2.70000E+01
 -1       550 8.87564E+00-5.00000E+00 3.40000E+01
 -1       551-5.12436E+00-5.00000E+00 2.88756E+01
 -1       552-1.21244E+01-5.00000E+00 3.07513E+01
 -1       553-3.24871E+00-5.00000E+00 3.58756E+01
 -1       554-1.72487E+01-5.00000E+00 3.58756E+01
 -1       555-1.91244E+01-5.00000E+00 4.28756E+01
 -1       556-2.10000E+01-5.00000E+00 4.98756E+01
 -1       557-1.21244E+01-5.00000E+00 4.47513E+01
 -1       558-1.91244E+01-5.00000E+00 5.68756E+01
 -1       559-1.91244E+01-5.00000E+00 6.20000E+01
 -1       560-1.40000E+01-5.00000E+00 6.71244E+01
 -1       561-1.40000E+01-5.00000E+00 5.68756E+01
 -1       562-8.87564E+00-5.00000E+00 6.20000E+01
 -1       563-1.87564E+00-5.00000E+00 5.50000E+01
 -1       564-8.87564E+00-5.00000E+00 5.68756E+01
 -1       565-7.00000E+00-5.00000E+00 4.98756E+01
 -1       566 5.12436E+00-5.00000E+00 5.31244E+01
 -1       567 3.24871E+00-5.00000E+00 6.01244E+01
 -1       568-5.12436E+00-5.00000E+00 4.28756E+01
 -1       569 1.87564E+00-5.00000E+00 4.10000E+01
 -1       570 8.87564E+00-5.00000E+00 3.91244E+01
 -1       571 7.00000E+00-5.00000E+00 4.61244E+01
 -1       572 1.21244E+01-5.00000E+00 5.12487E+01
 -1       573 1.52876E+01-7.21677E-17 1.95835E+02
 -1       574 9.27495E+00 0.00000E+00 2.02785E+02
 -1       575 1.87907E+00 1.77636E-15 2.04591E+02
 -1       576 1.63041E+01-2.50000E+00 1.98918E+02
 -1       577 1.76438E+01-2.50000E+00 1.93918E+02
 -1       578 1.63041E+01 2.50000E+00 1.98918E+02
 -1       579 1.76438E+01 2.50000E+00 1.93918E+02
 -1       580 5.70194E+00 2.50000E+00 1.83470E+02
 -1       581 7.49509E+00 2.50000E+00 1.84505E+02
 -1       582 5.70194E+00-2.50000E+00 1.83470E+02
 -1       583 7.49509E+00-2.50000E+00 1.84505E+02
 -1       584 9.33333E+00 0.00000E+00 1.82667E+02
 -1       585 5.96561E-01 2.50000E+00 1.81838E+02
 -1       586 2.66711E+00 2.50000E+00 1.81838E+02
 -1       587 5.96561E-01-2.50000E+00 1.81838E+02
 -1       588 2.66711E+00-2.50000E+00 1.81838E+02
 -1       589 3.26367E+00 0.00000E+00 1.79403E+02
 -1       590-7.39089E+00-2.50000E+00 1.84533E+02
 -1       591-9.12493E+00 0.00000E+00 1.82723E+02
 -1       592-7.39089E+00 2.50000E+00 1.84533E+02
 -1       593-5.59774E+00 2.50000E+00 1.83498E+02
 -1       594-5.59774E+00-2.50000E+00 1.83498E+02
 -1       595 1.01622E+01 2.50000E+00 1.89333E+02
 -1       596 1.01741E+01 2.50020E+00 1.91358E+02
 -1       597 1.01741E+01-2.49980E+00 1.91358E+02
 -1       598 1.25970E+01 0.00000E+00 1.88736E+02
 -1       599 1.01622E+01-2.50000E+00 1.89333E+02
 -1       600-9.14074E+00 2.50429E+00 1.96341E+02
 -1       601-1.00660E+01 2.50020E+00 1.94629E+02
 -1       602-1.00660E+01-2.49980E+00 1.94629E+02
 -1       603-1.23808E+01 0.00000E+00 1.95279E+02
 -1       604-9.14074E+00-2.49571E+00 1.96341E+02
 -1       605-6.30859E+00 2.69102E+00 2.00182E+02
 -1       606-3.40123E+00 2.69102E+00 2.01908E+02
 -1       607-3.47208E+00 0.00000E+00 2.04541E+02
 -1       608-3.40123E+00-2.30898E+00 2.01908E+02
 -1       609-6.37944E+00 0.00000E+00 2.02816E+02
 -1       610 6.29850E+00 0.00000E+00 1.81035E+02
 -1       611-6.30859E+00-2.30898E+00 2.00182E+02
 -1       612-9.28680E+00 0.00000E+00 2.01090E+02
 -1       613 1.24754E+01 0.00000E+00 1.92023E+02
 -1       614 1.00525E+01-2.49980E+00 1.94645E+02
 -1       615-6.21757E+00 0.00000E+00 1.81184E+02
 -1       616-2.69038E+00 2.50000E+00 1.81959E+02
 -1       617-2.69038E+00-2.50000E+00 1.81959E+02
 -1       618-2.32675E-02 0.00000E+00 1.79525E+02
 -1       619-7.59371E+00 2.50429E+00 1.99246E+02
 -1       620-1.08338E+01 0.00000E+00 1.98185E+02
 -1       621-7.59371E+00-2.49571E+00 1.99246E+02
 -1       622 1.00525E+01 2.50020E+00 1.94645E+02
 -1       623 1.23539E+01 0.00000E+00 1.95310E+02
 -1       624-3.31021E+00 0.00000E+00 1.79646E+02
 -1       625 9.39533E-01 8.33333E-01 2.02296E+02
 -1       626 9.39533E-01-8.33333E-01 2.02296E+02
 -1       627 3.12217E-02-1.04188E+00 2.02191E+02
 -1       628-2.77132E+00 4.16667E+00 2.02134E+02
 -1       629-1.73604E+00 3.33333E+00 2.02271E+02
 -1       630-7.25661E-01 1.91018E-01 2.01933E+02
 -1       631-1.27496E+01 0.00000E+00 1.88584E+02
 -1       632-1.63748E+01 0.00000E+00 1.90292E+02
 -1       633-1.25652E+01 0.00000E+00 1.91931E+02
 -1       634-1.73604E+00 0.00000E+00 2.08271E+02
 -1       635-7.96507E-01 2.50000E+00 2.04566E+02
 -1       636-7.96507E-01-2.50000E+00 2.04566E+02
 -1       637 9.39533E-01 2.50000E+00 2.08296E+02
 -1       638 9.12693E+00 2.50000E+00 1.87540E+02
 -1       639 9.12693E+00-2.50000E+00 1.87540E+02
 -1       640-8.42617E+00-2.50000E+00 1.86326E+02
 -1       641-8.42617E+00 2.50000E+00 1.86326E+02
 -1       642-9.64340E+00 0.00000E+00 2.05205E+02
 -1       643-1.48507E+01 0.00000E+00 1.98639E+02
 -1       644-2.64435E+00-3.54188E+00 2.02166E+02
 -1       645-1.00541E+01 2.50000E+00 1.92604E+02
 -1       646-1.00541E+01-2.50000E+00 1.92604E+02
 -1       647 2.74339E+00 4.16667E+00 2.02238E+02
 -1       648 3.37331E+00 2.69102E+00 2.02012E+02
 -1       649 9.12725E+00 2.50429E+00 1.96356E+02
 -1       650 7.58779E+00 4.29219E-03 2.00093E+02
 -1       651 1.08144E+01 2.50000E+00 1.99047E+02
 -1       652 8.51306E+00 2.04534E-04 1.98382E+02
 -1       653 9.12725E+00-2.49571E+00 1.96356E+02
 -1       654 1.08144E+01-2.50000E+00 1.99047E+02
 -1       655-1.50350E+01 0.00000E+00 1.85292E+02
 -1       656-6.73604E+00 0.00000E+00 2.06931E+02
 -1       657-1.33037E+01 0.00000E+00 2.01545E+02
 -1       658-1.61904E+01 0.00000E+00 1.93639E+02
 -1       659 5.54579E+00-1.04188E+00 2.01288E+02
 -1       660 6.30267E+00 1.91018E-01 2.01029E+02
 -1       661 6.63748E+00-2.50000E+00 2.00856E+02
 -1       662 1.09652E+01 0.00000E+00 1.85701E+02
 -1       663 1.33269E+01 0.00000E+00 1.82333E+02
 -1       664 9.66667E+00 0.00000E+00 1.78673E+02
 -1       665-1.09372E+01 0.00000E+00 1.85653E+02
 -1       666-1.02385E+01-2.50000E+00 1.89257E+02
 -1       667-1.02385E+01 2.50000E+00 1.89257E+02
 -1       668 6.63184E+00 0.00000E+00 1.77041E+02
 -1       669-1.32227E+01 0.00000E+00 1.82361E+02
 -1       670 1.49588E+01 0.00000E+00 1.85368E+02
 -1       671 1.63184E+00 0.00000E+00 1.75701E+02
 -1       672-9.56246E+00 0.00000E+00 1.78701E+02
 -1       673-6.65510E+00 0.00000E+00 1.77163E+02
 -1       674-1.65510E+00 0.00000E+00 1.75823E+02
 -1       675 1.38207E+01-2.50000E+00 1.95573E+02
 -1       676 1.38207E+01 2.50000E+00 1.95573E+02
 -1       677 1.22813E+01-3.60838E-17 1.99310E+02
 -1       678 7.58906E+00-2.49571E+00 1.99264E+02
 -1       679 9.39533E-01-2.50000E+00 2.08296E+02
 -1       680 7.58906E+00 2.50429E+00 1.99264E+02
 -1       681 1.62985E+01 0.00000E+00 1.90368E+02
 -1       682 2.61643E+00-3.54188E+00 2.02270E+02
 -1       683 6.34559E+00-2.50000E+00 2.03767E+02
 -1       684 9.27622E+00-2.50000E+00 2.01955E+02
 -1       685 9.27622E+00 2.50000E+00 2.01955E+02
 -1       686 6.30394E+00 2.69102E+00 2.00199E+02
 -1       687 1.32977E+01 2.50000E+00 2.02392E+02
 -1       688 9.63748E+00-2.50000E+00 2.06053E+02
 -1       689 1.32977E+01-2.50000E+00 2.02392E+02
 -1       690 1.97481E+00 1.66667E+00 2.02159E+02
 -1       691 2.64765E+00 2.50000E+00 2.04670E+02
 -1       692 2.60473E+00 1.91018E-01 2.01933E+02
 -1       693 5.93953E+00 2.50000E+00 2.06956E+02
 -1       694 9.39533E-01 2.50000E+00 2.02296E+02
 -1       695 1.84784E+00-1.04188E+00 2.02191E+02
 -1       696 9.63748E+00 2.50000E+00 2.06053E+02
 -1       697 5.93953E+00-2.50000E+00 2.06956E+02
 -1       698 6.34559E+00 2.50000E+00 2.03767E+02
 -1       699 5.57701E+00 8.88178E-16 2.03688E+02
 -1       700 2.64765E+00-2.50000E+00 2.04670E+02
 -1       701 9.39533E-01-2.50000E+00 2.02296E+02
 -1       702 1.39423E+01-2.50000E+00 1.92286E+02
 -1       703 1.39423E+01 2.50000E+00 1.92286E+02
 -1       704-2.50000E+00-1.50000E+00 1.14000E+02
 -1       705-2.50000E+00 1.50000E+00 1.14000E+02
 -1       706 0.00000E+00 0.00000E+00 1.14000E+02
 -1       707 2.50000E+00 1.50000E+00 1.14000E+02
 -1       708 2.50000E+00-1.50000E+00 1.14000E+02
 -1       709 8.97538E+00-8.97666E-01 6.54932E+01
 -1       710 5.93538E+00-1.29602E-02 2.59214E+01
 -1       711-6.01192E+00-5.00000E-01 2.83632E+01
 -1       712-3.00596E+00-2.75000E+00 2.41816E+01
 -1       713-1.13032E+00-2.75000E+00 3.11816E+01
 -1       714-8.13032E+00-2.75000E+00 3.30572E+01
 -1       715-1.00060E+01-2.75000E+00 2.60572E+01
 -1       716 8.87564E+00 0.00000E+00 2.88756E+01
 -1       717 3.75129E+00 0.00000E+00 3.40000E+01
 -1       718 4.84333E+00 2.49352E+00 2.99607E+01
 -1       719 4.84333E+00-2.50648E+00 2.99607E+01
 -1       720 9.96769E+00-2.50648E+00 2.48364E+01
 -1       721 9.96769E+00 2.49352E+00 2.48364E+01
 -1       722 5.12436E+00 0.00000E+00 6.71244E+01
 -1       723 9.56218E+00 0.00000E+00 6.96865E+01
 -1       724 1.14877E+01-2.94883E+00 6.88709E+01
 -1       725 7.04987E+00 2.05117E+00 6.63088E+01
 -1       726 7.04987E+00-2.94883E+00 6.63088E+01
 -1       727 1.87564E+00 0.00000E+00 2.70000E+01
 -1       728 2.96769E+00 2.49352E+00 2.29607E+01
 -1       729-1.21244E+01 0.00000E+00 3.07513E+01
 -1       730-8.13032E+00 2.25000E+00 3.30572E+01
 -1       731-1.00060E+01 2.25000E+00 2.60572E+01
 -1       732 2.96769E+00-2.50648E+00 2.29607E+01
 -1       733 1.40000E+01 0.00000E+00 2.88756E+01
 -1       734 8.87564E+00 0.00000E+00 3.40000E+01
 -1       735 1.40000E+01 0.00000E+00 3.40000E+01
 -1       736 1.91244E+01 0.00000E+00 5.31244E+01
 -1       737 1.46865E+01 0.00000E+00 5.56865E+01
 -1       738 1.65622E+01 0.00000E+00 4.86865E+01
 -1       739 1.40000E+01 0.00000E+00 3.91244E+01
 -1       740-8.87564E+00 0.00000E+00 6.20000E+01
 -1       741-1.40000E+01 0.00000E+00 6.71244E+01
 -1       742-1.40000E+01 0.00000E+00 6.20000E+01
 -1       743 2.35622E+01 0.00000E+00 5.05622E+01
 -1       744-1.02487E+01 0.00000E+00 3.77513E+01
 -1       745 7.00000E+00 0.00000E+00 4.61244E+01
 -1       746 1.87564E+00 0.00000E+00 4.10000E+01
 -1       747 5.12436E+00 0.00000E+00 5.31244E+01
 -1       748 8.87564E+00 0.00000E+00 3.91244E+01
 -1       749 1.21244E+01 0.00000E+00 5.12487E+01
 -1       750 1.02487E+01 0.00000E+00 5.82487E+01
 -1       751-1.87564E+00 0.00000E+00 5.50000E+01
 -1       752 1.40000E+01 0.00000E+00 4.42487E+01
 -1       753 3.24871E+00 0.00000E+00 6.01244E+01
 -1       754-3.75129E+00 0.00000E+00 6.20000E+01
 -1       755 2.56218E+00 0.00000E+00 7.15622E+01
 -1       756 2.16865E+01 0.00000E+00 5.75622E+01
 -1       757 1.91244E+01 0.00000E+00 3.40000E+01
 -1       758-1.91244E+01 0.00000E+00 6.20000E+01
 -1       759 6.86533E-01 0.00000E+00 6.45622E+01
 -1       760-1.87564E+00 0.00000E+00 6.90000E+01
 -1       761 1.14877E+01 2.05117E+00 6.88709E+01
 -1       762-8.87564E+00 0.00000E+00 6.71244E+01
 -1       763 2.10000E+01 0.00000E+00 4.61244E+01
 -1       764-3.24871E+00 0.00000E+00 3.58756E+01
 -1       765 1.91244E+01 0.00000E+00 3.91244E+01
 -1       766 9.61204E+00-2.94883E+00 6.18709E+01
 -1       767-1.40000E+01 0.00000E+00 5.68756E+01
 -1       768-2.10000E+01 0.00000E+00 4.98756E+01
 -1       769 1.72487E+01 0.00000E+00 6.01244E+01
 -1       770-8.87564E+00 0.00000E+00 5.68756E+01
 -1       771-7.00000E+00 0.00000E+00 4.98756E+01
 -1       772-5.12436E+00 0.00000E+00 4.28756E+01
 -1       773-1.91244E+01 0.00000E+00 4.28756E+01
 -1       774-1.40000E+01 0.00000E+00 5.17513E+01
 -1       775-1.91244E+01 0.00000E+00 5.68756E+01
 -1       776-1.21244E+01 0.00000E+00 4.47513E+01
 -1       777-1.72487E+01 0.00000E+00 3.58756E+01
 -1       778 9.61204E+00 2.05117E+00 6.18709E+01
 -1       779 1.66120E+01-2.94883E+00 6.37466E+01
 -1       780 2.61204E+00 2.05117E+00 6.37466E+01
 -1       781 2.61204E+00-2.94883E+00 6.37466E+01
 -1       782-3.00596E+00 2.25000E+00 2.41816E+01
 -3
    3C                           339                                     1
 -1       388    6    0    1
 -2        41        40        16       573        52       179       177       577       576       578
 -1       389    6    0    1
 -2        41        16        17       573       177        28       178       577       578       579
 -1       390    6    0    1
 -2       353       352       196       268       383       580       581       583       582       584
 -1       391    6    0    1
 -2       352       351       202       274       386       585       586       588       587       589
 -1       392    6    0    1
 -2       201       344       273       351       592       590       591       593       389       594
 -1       393    6    0    1
 -2       203       342       354       275       596       377       595       598       597       599
 -1       394    6    0    1
 -2       200       339       340       272       601       398       600       603       602       604
 -1       395    6    0    1
 -2       346       197       198       269       606       246       605       608       607       609
 -1       396    6    0    1
 -2       274       196       352       268       610       580       588       302       584       582
 -1       397    6    0    1
 -2       198       270       346       269       612       611       605       609       318       608
 -1       398    6    0    1
 -2       196       352       202       274       580       586       230       610       588       589
 -1       399    6    0    1
 -2       342       203       278       275       596       613       614       597       598       296
 -1       400    6    0    1
 -2       204       201       273       351       236       591       615       616       593       594
 -1       401    6    0    1
 -2       276       202       351       274       618       585       617       305       589       587
 -1       402    6    0    1
 -2       272       340       198       270       604       619       620       317       621       612
 -1       403    6    0    1
 -2       278       342       206       203       614       622       623       613       596       224
 -1       404    6    0    1
 -2       276       204       273       351       624       615       308       617       616       594
 -1       405    6    0    1
 -2       351       276       204       202       617       624       616       585       618       233
 -1       406    6    0    1
 -2       200       340       198       272       600       619       245       603       604       620
 -1       407    6    0    1
 -2       198       340       346       270       619       399       605       612       621       611
 -1       408    6    0    1
 -2       108       109       350       575       111       427       366       626       625       627
 -1       409    6    0    1
 -2       345       346       109       197       401       428       359       628       606       629
 -1       410    6    0    1
 -2       109       346       350       575       428       425       427       625       630       627
 -1       411    6    0    1
 -2       199        47       271       272       632       310       631       633       312       314
 -1       412    6    0    1
 -2       269       197         1       575       607       209       634       636       635       637
 -1       413    6    0    1
 -2       353        65       354       203       378       376       380       638       252       595
 -1       414    6    0    1
 -2       354        88       353       275       408       411       380       599       323       639
 -1       415    6    0    1
 -2       344       273        92       343       590       331       416       392       640       419
 -1       416    6    0    1
 -2       343        69       344       201       390       388       392       641       260       592
 -1       417    6    0    1
 -2       269       198       270        49       609       612       318       281       642       316
 -1       418    6    0    1
 -2       198        24       200       272       244       240       245       620       643       603
 -1       419    6    0    1
 -2       269       350       346       575       644       425       608       636       627       630
 -1       420    6    0    1
 -2       346        95       350       269       424       364       425       608       287       644
 -1       421    6    0    1
 -2       342        87       354       275       406       409       377       597       324       599
 -1       422    6    0    1
 -2        64       342       354       203       373       377       375       251       596       595
 -1       423    6    0    1
 -2       343       339        70       200       395       393       391       645       601       263
 -1       424    6    0    1
 -2       272       343       339        93       646       395       602       336       418       421
 -1       425    6    0    1
 -2       195       348        62       347       647       356       213       648       371       370
 -1       426    6    0    1
 -2       206       341       342       574       649       374       622       651       650       652
 -1       427    6    0    1
 -2       342       341       278       574       374       653       614       652       650       654
 -1       428    6    0    1
 -2        72       346       345       197       400       401       358       214       606       628
 -1       429    6    0    1
 -2       278       206       342       574       623       622       614       654       651       652
 -1       430    6    0    1
 -2       272       339       340        94       602       398       604       335       420       423
 -1       431    6    0    1
 -2       199        46       271        47       655       309       631       632        58       310
 -1       432    6    0    1
 -2       340        71       339       200       396       394       398       600       264       601
 -1       433    6    0    1
 -2       341       278        86       342       653       322       402       374       614       407
 -1       434    6    0    1
 -2       206       341        63       342       649       368       249       622       374       372
 -1       435    6    0    1
 -2        25         1       269       197        37       634       656       210       209       607
 -1       436    6    0    1
 -2        48       270       198        49       315       612       657        60       316       642
 -1       437    6    0    1
 -2        24        23       200       272        35       241       240       643       658       603
 -1       438    6    0    1
 -2       347       349        85       574       405       362       404       660       659       661
 -1       439    6    0    1
 -2       196       275       268        42       662       299       584       663       295       297
 -1       440    6    0    1
 -2        43       196       274       268       664       610       300       298       584       302
 -1       441    6    0    1
 -2        46       273       199       271       307       665       655       309       311       631
 -1       442    6    0    1
 -2       197       346       109       575       606       428       629       635       630       625
 -1       443    6    0    1
 -2        65       353       196       203       378       581       253       252       638       227
 -1       444    6    0    1
 -2       268       353        88       275       583       411       326       299       639       323
 -1       445    6    0    1
 -2       271        92       273       343       334       331       311       666       419       640
 -1       446    6    0    1
 -2        69       343       199       201       390       667       261       260       641       239
 -1       447    6    0    1
 -2       196       202        43       274       230       668       664       610       589       300
 -1       448    6    0    1
 -2        46       199       273       201       655       665       307       669       239       591
 -1       449    6    0    1
 -2       275       196       203        42       662       227       598       295       663       670
 -1       450    6    0    1
 -2       198       197        25       269       246       210       243       609       607       656
 -1       451    6    0    1
 -2       199        23       272       200       237       658       633       242       241       603
 -1       452    6    0    1
 -2       202       276        44       274       618       303       671       589       305       301
 -1       453    6    0    1
 -2       273       204        21       201       615       231       672       591       236       235
 -1       454    6    0    1
 -2        48       272       198       270       313       620       657       315       317       612
 -1       455    6    0    1
 -2       273       276        21       204       308       673       672       615       624       231
 -1       456    6    0    1
 -2       204       276        44       202       624       303       674       233       618       671
 -1       457    6    0    1
 -2       343        70       199       200       391       262       667       645       263       242
 -1       458    6    0    1
 -2       343       272       271        93       646       314       666       418       336       333
 -1       459    6    0    1
 -2        95       346       340       270       424       399       422       337       611       621
 -1       460    6    0    1
 -2       346       197       269       575       606       607       608       630       635       636
 -1       461    6    0    1
 -2       206       278       573       574       623       675       676       651       654       677
 -1       462    6    0    1
 -2        87       342       278       275       406       614       321       324       597       296
 -1       463    6    0    1
 -2       342        64       206       203       373       250       622       596       251       224
 -1       464    6    0    1
 -2        18       203       196        42       222       227       226       181       670       663
 -1       465    6    0    1
 -2       199        46        22       201       655       188       238       239       669       234
 -1       466    6    0    1
 -2         3       345       109       197       357       359       112       215       628       629
 -1       467    6    0    1
 -2       199       272        23        47       633       658       237       632       312       193
 -1       468    6    0    1
 -2       272        94       340       270       335       423       604       317       338       621
 -1       469    6    0    1
 -2        71       340       198       200       396       619       265       264       600       245
 -1       470    6    0    1
 -2       198       269        25        49       609       656       243       642       281       175
 -1       471    6    0    1
 -2       277       278        86       341       293       322       319       678       653       402
 -1       472    6    0    1
 -2         2       269         1       575       282       634        38       679       636       637
 -1       473    6    0    1
 -2       206       205        63       341       221       248       249       649       680       368
 -1       474    6    0    1
 -2       346       270        95       269       611       337       424       608       318       287
 -1       475    6    0    1
 -2        21       276       273        45       673       308       672       189       304       306
 -1       476    6    0    1
 -2       198        48        24       272       657       192       244       620       313       643
 -1       477    6    0    1
 -2        42       196        43       268       663       664        54       297       584       298
 -1       478    6    0    1
 -2        43       202        44       274       668       671        55       300       589       301
 -1       479    6    0    1
 -2        17       275       203        42       681       598       223       180       295       670
 -1       480    6    0    1
 -2        46       273        21       201       307       672       187       669       591       235
 -1       481    6    0    1
 -2        44        21       276       204       185       673       303       674       231       624
 -1       482    6    0    1
 -2        85       349       267       574       362       682       284       661       659       683
 -1       483    6    0    1
 -2       277       278       341       574       293       653       678       684       654       650
 -1       484    6    0    1
 -2       206       205       341       574       221       680       649       651       685       650
 -1       485    6    0    1
 -2       341       347        85       574       369       404       403       650       660       661
 -1       486    6    0    1
 -2       195        62       205       347       213       247       218       648       370       686
 -1       487    6    0    1
 -2        72       340       346       198       397       399       400       266       619       605
 -1       488    6    0    1
 -2        39        16        40       574       176       179        51       688       687       689
 -1       489    6    0    1
 -2       205       347        62       341       686       370       247       680       369       367
 -1       490    6    0    1
 -2        72       198       346       197       266       605       400       214       246       606
 -1       491    6    0    1
 -2        21        44       276        45       185       303       673       189        56       304
 -1       492    6    0    1
 -2        22        23        46       199        34       190       188       238       237       655
 -1       493    6    0    1
 -2        46       199        23        47       655       237       190        58       632       193
 -1       494    6    0    1
 -2       196        19        18        42       225        30       226       663       182       181
 -1       495    6    0    1
 -2       272        23        48        24       658       191       313       643        35       192
 -1       496    6    0    1
 -2       272        48        23        47       313       191       658       312        59       193
 -1       497    6    0    1
 -2       195       348       347       575       647       371       648       691       690       692
 -1       498    6    0    1
 -2        21       273        46        45       672       307       187       189       306        57
 -1       499    6    0    1
 -2         2        25       269        49       173       656       282        61       175       281
 -1       500    6    0    1
 -2        21        22        46       201        33       188       187       235       234       669
 -1       501    6    0    1
 -2       203        18        17        42       222        29       223       670       181       180
 -1       502    6    0    1
 -2        25       269         1         2       656       634        37       173       282        38
 -1       503    6    0    1
 -2        48       198        25        49       657       243       194        60       642       175
 -1       504    6    0    1
 -2       198        25        24        48       243        36       244       657       194       192
 -1       505    6    0    1
 -2        15         2         1       575       172        38        26       693       679       637
 -1       506    6    0    1
 -2       277        40       278       574       289       291       293       684       689       654
 -1       507    6    0    1
 -2        15         1       195       575        26       208       207       693       637       691
 -1       508    6    0    1
 -2         3       197       109       575       215       629       112       694       635       625
 -1       509    6    0    1
 -2       278        40       573       574       291       576       675       654       689       677
 -1       510    6    0    1
 -2       196        43       202        19       664       668       230       225       183       229
 -1       511    6    0    1
 -2        20       204        44       202       232       674       186       228       233       671
 -1       512    6    0    1
 -2       353       196        66        65       581       254       379       378       253        77
 -1       513    6    0    1
 -2       343        69       199        70       390       261       667       391        81       262
 -1       514    6    0    1
 -2       343       271        92        93       666       334       419       418       333       104
 -1       515    6    0    1
 -2       353        88        89       268       411       100       410       583       326       325
 -1       516    6    0    1
 -2       108       349       109       575       365       426       111       626       695       625
 -1       517    6    0    1
 -2        94        95       340       270       106       422       423       338       337       621
 -1       518    6    0    1
 -2        89       352       274        90       413       588       328       101       412       327
 -1       519    6    0    1
 -2        67       202        66       352       256       255        78       382       586       381
 -1       520    6    0    1
 -2        64       354        65       203       375       376        76       251       595       252
 -1       521    6    0    1
 -2        91       273        92       344       332       331       103       417       590       416
 -1       522    6    0    1
 -2       344       201        69        68       592       260       388       387       259        80
 -1       523    6    0    1
 -2       354        87        88       275       409        99       408       599       324       323
 -1       524    6    0    1
 -2       347       348       109       575       371       360       429       692       690       625
 -1       525    6    0    1
 -2        16        39        15       574       176       174        27       687       688       696
 -1       526    6    0    1
 -2       340       198        72        71       619       266       397       396       265        83
 -1       527    6    0    1
 -2       277        86        85       341       319        97       320       678       402       403
 -1       528    6    0    1
 -2        62        63       205       341        74       248       247       367       368       680
 -1       529    6    0    1
 -2        85       277       341       574       320       678       403       661       684       650
 -1       530    6    0    1
 -2       351        91       276        90       415       329       617       414       102       330
 -1       531    6    0    1
 -2        68       204        67       351       258       257        79       384       616       385
 -1       532    6    0    1
 -2        21        44        20       204       185       186        32       231       674       232
 -1       533    6    0    1
 -2        42        43       196        19        54       664       663       182       183       225
 -1       534    6    0    1
 -2        86       342       278        87       407       614       322        98       406       321
 -1       535    6    0    1
 -2       206       342        63        64       622       372       249       250       373        75
 -1       536    6    0    1
 -2        17        41       275        42       178       294       681       180        53       295
 -1       537    6    0    1
 -2       202        20        19        43       228        31       229       668       184       183
 -1       538    6    0    1
 -2        43        44       202        20        55       671       668       184       186       228
 -1       539    6    0    1
 -2        39         2        15       575        50       172       174       697       679       693
 -1       540    6    0    1
 -2         3        62       195       348        73       213       212       355       356       647
 -1       541    6    0    1
 -2       339        94       272        93       420       335       602       421       105       336
 -1       542    6    0    1
 -2        71        70       339       200        82       393       394       264       263       601
 -1       543    6    0    1
 -2       205       195       347       574       218       648       686       685       698       660
 -1       544    6    0    1
 -2         1       197       195       575       209       211       208       637       635       691
 -1       545    6    0    1
 -2       195       347       574       575       648       660       698       691       692       699
 -1       546    6    0    1
 -2       267         2        39       575       279        50       280       700       679       697
 -1       547    6    0    1
 -2        15       195       574       575       207       698       696       693       691       699
 -1       548    6    0    1
 -2       267        39       574       575       280       688       683       700       697       699
 -1       549    6    0    1
 -2       205       347       341       574       686       369       680       685       660       650
 -1       550    6    0    1
 -2        85       267       277       574       284       290       320       661       683       684
 -1       551    6    0    1
 -2       205       206        16       574       221       220       216       685       651       687
 -1       552    6    0    1
 -2         3        72       345       197        84       358       357       215       214       628
 -1       553    6    0    1
 -2        16       206       573       574       220       676       578       687       651       677
 -1       554    6    0    1
 -2       573        40        16       574       576       179       578       677       689       687
 -1       555    6    0    1
 -2       109       349       347       575       426       405       429       625       695       692
 -1       556    6    0    1
 -2       267        85         4       349       284        96       285       682       362       361
 -1       557    6    0    1
 -2       195       197         3       575       211       215       212       691       635       694
 -1       558    6    0    1
 -2         4       269       267       575       286       283       285       701       636       700
 -1       559    6    0    1
 -2       574        39        15       575       688       174       696       699       697       693
 -1       560    6    0    1
 -2       278        40        41       573       291        52       292       675       576       577
 -1       561    6    0    1
 -2        39        40       277       574        51       289       288       688       689       684
 -1       562    6    0    1
 -2       350        95         4       269       364       107       363       644       287       286
 -1       563    6    0    1
 -2       267       269         2       575       283       282       279       700       636       679
 -1       564    6    0    1
 -2        17        16       206       573        28       220       219       579       578       676
 -1       565    6    0    1
 -2       205        16        15       574       216        27       217       685       687       696
 -1       566    6    0    1
 -2        15       195       205       574       207       218       217       696       698       685
 -1       567    6    0    1
 -2       267        39       277       574       280       288       290       683       688       684
 -1       568    6    0    1
 -2       275       573        41        17       702       577       294       681       579       178
 -1       569    6    0    1
 -2        41       573       275       278       577       702       294       292       675       296
 -1       570    6    0    1
 -2       275       203       573        17       598       703       702       681       223       579
 -1       571    6    0    1
 -2       573       203       275       278       703       598       702       675       613       296
 -1       572    6    0    1
 -2       203       206       573        17       224       676       703       223       219       579
 -1       573    6    0    1
 -2       573       206       203       278       676       224       703       675       623       613
 -1       574    6    0    1
 -2       343       272       199       271       646       633       667       666       314       631
 -1       575    6    0    1
 -2       272       343       200       339       646       645       603       602       395       601
 -1       576    6    0    1
 -2       343       272       200       199       646       603       645       667       633       242
 -1       577    6    0    1
 -2       273       343       199       271       640       667       665       311       666       631
 -1       578    6    0    1
 -2       273       343       201       199       640       641       591       665       667       239
 -1       579    6    0    1
 -2       343       273       201       344       640       591       641       392       590       592
 -1       580    6    0    1
 -2       196       275       353       268       662       639       581       584       299       583
 -1       581    6    0    1
 -2       275       353       203       196       639       638       598       662       581       227
 -1       582    6    0    1
 -2       353       275       203       354       639       598       638       380       599       595
 -1       583    6    0    1
 -2        89       352       268       274       413       582       325       328       588       302
 -1       584    6    0    1
 -2       352        89       268       353       413       325       582       383       410       583
 -1       585    6    0    1
 -2        66       196       352       202       254       580       381       255       230       586
 -1       586    6    0    1
 -2       196        66       352       353       254       381       580       581       379       383
 -1       587    6    0    1
 -2        90       274       351       352       327       587       414       412       588       386
 -1       588    6    0    1
 -2       351       274        90       276       587       327       414       617       305       330
 -1       589    6    0    1
 -2        67       202       351       204       256       585       385       257       233       616
 -1       590    6    0    1
 -2       202        67       351       352       256       385       585       586       382       386
 -1       591    6    0    1
 -2        68       351       201       204       384       593       259       258       616       236
 -1       592    6    0    1
 -2       201       351        68       344       593       384       259       592       389       387
 -1       593    6    0    1
 -2        91       351       273       344       415       594       332       417       389       590
 -1       594    6    0    1
 -2       273       351        91       276       594       415       332       308       617       329
 -1       595    6    0    1
 -2         4       575       350       269       701       627       363       286       636       644
 -1       596    6    0    1
 -2       350       575         4       108       627       701       363       366       626       110
 -1       597    6    0    1
 -2       575       574       349       347       699       659       695       692       660       405
 -1       598    6    0    1
 -2       349       574       575       267       659       699       695       682       683       700
 -1       599    6    0    1
 -2       349       575         4       267       695       701       361       682       700       285
 -1       600    6    0    1
 -2         4       575       349       108       701       695       361       110       626       365
 -1       601    6    0    1
 -2       348       575         3       109       690       694       355       360       625       112
 -1       602    6    0    1
 -2         3       575       348       195       694       690       355       212       691       647
 -1       603    6    0    1
 -2       434         7         5       439       705       114       704       706       441       440
 -1       604    6    0    1
 -2         6       434         5        10       436       704       113       121       437       432
 -1       605    6    0    1
 -2        12         7         8       434       433       115       123       438       705       435
 -1       606    6    0    1
 -2         6         8         5       434       116       430       113       436       435       704
 -1       607    6    0    1
 -2       434         8         5         7       435       430       704       705       115       114
 -1       608    6    0    1
 -2       439         9        12        11       442       431       707       443       118       119
 -1       609    6    0    1
 -2       439         7        12       434       441       433       707       706       705       438
 -1       610    6    0    1
 -2        12         7       439        11       433       441       707       119       124       443
 -1       611    6    0    1
 -2        10        12       439         9       120       707       708       117       431       442
 -1       612    6    0    1
 -2       439        12        10       434       707       120       708       706       438       437
 -1       613    6    0    1
 -2       439         5        10         9       440       432       708       442       122       117
 -1       614    6    0    1
 -2        10         5       439       434       432       440       708       437       704       706
 -1       615    6    0    1
 -2       523       154       526       711       549       551       553       713       712       714
 -1       616    6    0    1
 -2       154       155       526       711       166       552       551       712       715       714
 -1       617    6    0    1
 -2       523       470       153       710       717       716       548       719       718       720
 -1       618    6    0    1
 -2       153       470       129       710       716       496       457       720       718       721
 -1       619    6    0    1
 -2       474       149       527       709       723       532       722       725       724       726
 -1       620    6    0    1
 -2       523       130       470       710       727       495       717       719       728       718
 -1       621    6    0    1
 -2       473       155       131       711       729       459       498       730       715       731
 -1       622    6    0    1
 -2       153       129       154       710       457       455       165       720       721       732
 -1       623    6    0    1
 -2       477       523       153       530       734       548       733       735       550       546
 -1       624    6    0    1
 -2       529       472       476       471       737       488       736       738       519       491
 -1       625    6    0    1
 -2       524       523       477       530       570       734       739       547       550       735
 -1       626    6    0    1
 -2       159       475       521       528       741       740       533       560       742       562
 -1       627    6    0    1
 -2       127       471       529       476       490       738       743       486       491       736
 -1       628    6    0    1
 -2       473       526       155       711       744       552       729       730       714       715
 -1       629    6    0    1
 -2       130       523       154       710       727       549       456       728       719       732
 -1       630    6    0    1
 -2       471       467       470       520       516       518       517       745       434       746
 -1       631    6    0    1
 -2       471       472       467       520       519       514       516       745       747       434
 -1       632    6    0    1
 -2       470       520       523       524       746       569       717       748       571       570
 -1       633    6    0    1
 -2       472       471       525       520       519       749       750       747       745       566
 -1       634    6    0    1
 -2       468       467       472       520       512       514       513       751       434       747
 -1       635    6    0    1
 -2       525       520       471       524       566       745       749       572       571       752
 -1       636    6    0    1
 -2       468       472       521       520       513       753       754       751       747       563
 -1       637    6    0    1
 -2       471       520       470       524       745       746       517       752       571       748
 -1       638    6    0    1
 -2       521       472       525       520       753       750       567       563       747       566
 -1       639    6    0    1
 -2        14       149       527       474       160       532       531       755       723       722
 -1       640    6    0    1
 -2       126       529       476       127       756       736       487       138       743       486
 -1       641    6    0    1
 -2       524       477       152       530       739       757       543       547       735       545
 -1       642    6    0    1
 -2       477       530       153       152       735       546       733       757       545       164
 -1       643    6    0    1
 -2       475       159       158       528       741       170       758       742       560       559
 -1       644    6    0    1
 -2        14       527       468       474       531       759       760       755       722       482
 -1       645    6    0    1
 -2       529       126       476       472       756       487       736       737       483       488
 -1       646    6    0    1
 -2       129       130       154       710       141       456       455       721       728       732
 -1       647    6    0    1
 -2       474       125       149       709       478       446       723       725       761       724
 -1       648    6    0    1
 -2       525       472       529       471       750       737       541       749       519       738
 -1       649    6    0    1
 -2       153       477       470       523       733       497       716       548       734       717
 -1       650    6    0    1
 -2       159       521       475       468       533       740       741       762       754       509
 -1       651    6    0    1
 -2       525       471       529       524       749       738       541       572       752       544
 -1       652    6    0    1
 -2       524       477       523       470       739       734       570       748       497       717
 -1       653    6    0    1
 -2       477       470       524       471       497       748       739       494       517       752
 -1       654    6    0    1
 -2       127       529       471       524       743       738       490       763       544       752
 -1       655    6    0    1
 -2       473       130       470       523       499       495       500       764       727       717
 -1       656    6    0    1
 -2       153       154       523       710       165       549       548       720       732       719
 -1       657    6    0    1
 -2        14       468       521       159       760       754       534       171       762       533
 -1       658    6    0    1
 -2       127       471       128       524       490       489       139       763       752       765
 -1       659    6    0    1
 -2       527       149       525       709       532       536       538       726       724       766
 -1       660    6    0    1
 -2       521       475       522       528       740       767       564       562       742       561
 -1       661    6    0    1
 -2       522       133       156       157       768       462       555       556       465       168
 -1       662    6    0    1
 -2       159       468       475       135       762       509       741       447       481       506
 -1       663    6    0    1
 -2       470       129       477       153       496       492       497       716       457       733
 -1       664    6    0    1
 -2       477       128       471       524       493       489       494       739       765       752
 -1       665    6    0    1
 -2        14       468        13       474       760       480       148       755       482       479
 -1       666    6    0    1
 -2       468        14       521       527       760       534       754       759       531       535
 -1       667    6    0    1
 -2       529       525       150       472       541       537       539       737       750       769
 -1       668    6    0    1
 -2       529       524       127       151       544       763       743       540       542       451
 -1       669    6    0    1
 -2       468       521       469       520       754       770       511       751       563       771
 -1       670    6    0    1
 -2       473       523       470       520       764       717       500       772       569       746
 -1       671    6    0    1
 -2       469       467       468       520       510       512       511       771       434       751
 -1       672    6    0    1
 -2       473       470       467       520       500       518       515       772       746       434
 -1       673    6    0    1
 -2       130       129       470       710       141       496       495       728       721       718
 -1       674    6    0    1
 -2       524       151       128       127       542       452       765       763       451       139
 -1       675    6    0    1
 -2       468        14       135       159       760       445       481       762       171       447
 -1       676    6    0    1
 -2       468        13       135        14       480       147       481       760       148       445
 -1       677    6    0    1
 -2       522       475       158       528       767       758       558       561       742       559
 -1       678    6    0    1
 -2       469       468       475       521       511       509       508       770       754       740
 -1       679    6    0    1
 -2       474        14       125        13       755       444       478       479       148       136
 -1       680    6    0    1
 -2       149        14       125       474       160       444       446       723       755       478
 -1       681    6    0    1
 -2       529       127       126       151       743       138       756       540       451       450
 -1       682    6    0    1
 -2       475       135       158       159       506       466       758       741       447       170
 -1       683    6    0    1
 -2       477       153       129       152       733       457       492       757       164       453
 -1       684    6    0    1
 -2       524       152       477       128       543       757       739       765       454       493
 -1       685    6    0    1
 -2       475       158       135       134       758       466       506       507       464       146
 -1       686    6    0    1
 -2       150       126       529       472       449       756       539       769       483       737
 -1       687    6    0    1
 -2       152       151       128       524       163       452       454       543       542       765
 -1       688    6    0    1
 -2       125       126       150       472       137       449       448       484       483       769
 -1       689    6    0    1
 -2       133       132       469       522       144       503       502       768       773       774
 -1       690    6    0    1
 -2       522       156       133       132       555       462       768       773       461       144
 -1       691    6    0    1
 -2       134       475       158       522       507       758       464       775       767       558
 -1       692    6    0    1
 -2       126       150       529       151       449       539       756       450       162       540
 -1       693    6    0    1
 -2       477       129       128       152       492       140       493       757       453       454
 -1       694    6    0    1
 -2       469       521       522       520       770       564       774       771       563       565
 -1       695    6    0    1
 -2       523       473       526       520       764       744       553       569       772       568
 -1       696    6    0    1
 -2       467       469       473       520       510       504       515       434       771       772
 -1       697    6    0    1
 -2       522       132       469       473       773       503       774       776       501       504
 -1       698    6    0    1
 -2       132       156       526       522       461       554       777       773       555       557
 -1       699    6    0    1
 -2       526       473       132       522       744       501       777       557       776       773
 -1       700    6    0    1
 -2       522       158       133       157       558       463       768       556       169       465
 -1       701    6    0    1
 -2       522       133       158       134       768       463       558       775       145       464
 -1       702    6    0    1
 -2       472       125       474       709       484       478       485       778       761       725
 -1       703    6    0    1
 -2       475       134       469       522       507       505       508       767       775       774
 -1       704    6    0    1
 -2       521       522       475       469       564       767       740       770       774       508
 -1       705    6    0    1
 -2       134       133       469       522       145       502       505       775       768       774
 -1       706    6    0    1
 -2       523       526       473       711       553       744       764       713       714       730
 -1       707    6    0    1
 -2       522       473       469       520       776       504       774       565       772       771
 -1       708    6    0    1
 -2       473       522       526       520       776       557       744       772       565       568
 -1       709    6    0    1
 -2       132       155       131       473       460       459       143       501       729       498
 -1       710    6    0    1
 -2       154       131       155       711       458       459       166       712       731       715
 -1       711    6    0    1
 -2       155       156       526       132       167       554       552       460       461       777
 -1       712    6    0    1
 -2       155       132       526       473       460       777       552       729       501       744
 -1       713    6    0    1
 -2       150       149       709       525       161       724       779       537       536       766
 -1       714    6    0    1
 -2       709       149       150       125       724       161       779       761       446       448
 -1       715    6    0    1
 -2       709       472       150       525       778       769       779       766       750       537
 -1       716    6    0    1
 -2       150       472       709       125       769       778       779       448       484       761
 -1       717    6    0    1
 -2       468       709       474       527       780       725       482       759       726       722
 -1       718    6    0    1
 -2       474       709       468       472       725       780       482       485       778       513
 -1       719    6    0    1
 -2       468       521       709       527       754       781       780       759       535       726
 -1       720    6    0    1
 -2       709       521       468       472       781       754       780       778       753       513
 -1       721    6    0    1
 -2       521       525       709       527       567       766       781       535       538       726
 -1       722    6    0    1
 -2       709       525       521       472       766       567       781       778       750       753
 -1       723    6    0    1
 -2       130       711       473       131       782       730       499       142       731       498
 -1       724    6    0    1
 -2       711       130       473       523       782       499       730       713       727       764
 -1       725    6    0    1
 -2       711       130       154       131       782       456       712       731       142       458
 -1       726    6    0    1
 -2       130       711       154       523       782       712       456       727       713       549
 -3
    1PSTEP                         1           1           1          
  100CL  101 1.000000000         782                     0    1           1
 -4  DISP        4    1
 -5  D1          1    2    1    0
 -5  D2          1    2    2    0
 -5  D3          1    2    3    0
 -5  ALL         1    2    0    0    1ALL
 -1         1 3.48597E+11 2.72314E+11-2.48816E+11
 -1         2 3.19038E+11 2.72314E+11-7.79678E+10
 -1         3 1.19167E+11 6.72965E+10-2.48816E+11
 -1         4 8.96079E+10 6.72965E+10-7.79678E+10
 -1         5 1.39306E+10-4.37020E+09 4.28351E+08
 -1         6 1.41603E+09-2.36005E+09 4.28351E+08
 -1         7 1.10985E+10-4.37020E+09 5.19722E+08
 -1         8-1.41603E+09-2.36005E+09 5.19722E+08
 -1         9 1.39306E+10 3.49905E+08-5.19722E+08
 -1        10 1.41603E+09 2.36005E+09-5.19722E+08
 -1        11 1.10985E+10 3.49905E+08-4.28351E+08
 -1        12-1.41603E+09 2.36005E+09-4.28351E+08
 -1        13 4.71200E-04 8.02920E-03-2.11195E-03
 -1        14-1.56493E-04 8.01580E-03-3.95739E-04
 -1        15 2.97368E+11 1.96976E+11-4.40008E+11
 -1        16 1.57406E+11 5.02677E+10-5.79970E+11
 -1        17-3.37861E+10-1.28501E+11-6.31199E+11
 -1        18-2.24978E+11-2.91428E+11-5.79970E+11
 -1        19-3.64940E+11-3.94859E+11-4.40008E+11
 -1        20-4.16170E+11-4.11078E+11-2.48816E+11
 -1        21-3.64940E+11-3.35740E+11-5.76241E+10
 -1        22-2.24978E+11-1.89032E+11 8.23380E+10
 -1        23-3.37861E+10-1.02631E+10 1.33568E+11
 -1        24 1.57406E+11 1.52664E+11 8.23380E+10
 -1        25 2.97368E+11 2.56095E+11-5.76241E+10
 -1        26 3.35568E+11 2.45370E+11-3.47784E+11
 -1        27 2.36600E+11 1.30430E+11-5.19202E+11
 -1        28 6.51821E+10-3.80489E+10-6.18170E+11
 -1        29-1.32754E+11-2.14924E+11-6.18170E+11
 -1        30-3.04172E+11-3.52801E+11-5.19202E+11
 -1        31-4.03140E+11-4.14736E+11-3.47784E+11
 -1        32-4.03140E+11-3.84134E+11-1.49848E+11
 -1        33-3.04172E+11-2.69194E+11 2.15702E+10
 -1        34-1.32754E+11-1.00715E+11 1.20538E+11
 -1        35 6.51821E+10 7.61599E+10 1.20538E+11
 -1        36 2.36600E+11 2.14037E+11 2.15702E+10
 -1        37 3.35568E+11 2.75972E+11-1.49848E+11
 -1        38 3.33818E+11 2.72314E+11-1.63392E+11
 -1        39 2.67808E+11 1.96976E+11-2.69160E+11
 -1        40 1.27846E+11 5.02677E+10-4.09122E+11
 -1        41-6.33455E+10-1.28501E+11-4.60351E+11
 -1        42-2.54537E+11-2.91428E+11-4.09122E+11
 -1        43-3.94499E+11-3.94859E+11-2.69160E+11
 -1        44-4.45729E+11-4.11078E+11-7.79678E+10
 -1        45-3.94499E+11-3.35740E+11 1.13224E+11
 -1        46-2.54537E+11-1.89032E+11 2.53186E+11
 -1        47-6.33455E+10-1.02631E+10 3.04416E+11
 -1        48 1.27846E+11 1.52664E+11 2.53186E+11
 -1        49 2.67808E+11 2.56095E+11 1.13224E+11
 -1        50 3.06009E+11 2.45370E+11-1.76936E+11
 -1        51 2.07041E+11 1.30430E+11-3.48354E+11
 -1        52 3.56227E+10-3.80489E+10-4.47322E+11
 -1        53-1.62314E+11-2.14924E+11-4.47322E+11
 -1        54-3.33731E+11-3.52801E+11-3.48354E+11
 -1        55-4.32700E+11-4.14736E+11-1.76936E+11
 -1        56-4.32700E+11-3.84134E+11 2.10003E+10
 -1        57-3.33731E+11-2.69194E+11 1.92418E+11
 -1        58-1.62314E+11-1.00715E+11 2.91386E+11
 -1        59 3.56227E+10 7.61599E+10 2.91386E+11
 -1        60 2.07041E+11 2.14037E+11 1.92418E+11
 -1        61 3.06009E+11 2.75972E+11 2.10003E+10
 -1        62 9.86755E+10 3.71613E+10-3.25293E+11
 -1        63 4.26906E+10-2.15221E+10-3.81277E+11
 -1        64-3.37861E+10-9.30295E+10-4.01769E+11
 -1        65-1.10263E+11-1.58201E+11-3.81277E+11
 -1        66-1.66248E+11-1.99573E+11-3.25293E+11
 -1        67-1.86739E+11-2.06060E+11-2.48816E+11
 -1        68-1.66248E+11-1.75925E+11-1.72339E+11
 -1        69-1.10263E+11-1.17242E+11-1.16354E+11
 -1        70-3.37861E+10-4.57344E+10-9.58624E+10
 -1        71 4.26906E+10 1.94366E+10-1.16354E+11
 -1        72 9.86755E+10 6.08088E+10-1.72339E+11
 -1        73 1.13956E+11 5.65188E+10-2.88403E+11
 -1        74 7.43683E+10 1.05430E+10-3.56970E+11
 -1        75 5.80118E+09-5.68487E+10-3.96557E+11
 -1        76-7.33733E+10-1.27599E+11-3.96557E+11
 -1        77-1.41940E+11-1.82749E+11-3.56970E+11
 -1        78-1.81528E+11-2.07524E+11-2.88403E+11
 -1        79-1.81528E+11-1.95283E+11-2.09229E+11
 -1        80-1.41940E+11-1.49307E+11-1.40661E+11
 -1        81-7.33733E+10-8.19152E+10-1.01074E+11
 -1        82 5.80118E+09-1.11652E+10-1.01074E+11
 -1        83 7.43683E+10 4.39856E+10-1.40661E+11
 -1        84 1.13956E+11 6.87597E+10-2.09229E+11
 -1        85 6.91161E+10 3.71613E+10-1.54445E+11
 -1        86 1.31312E+10-2.15221E+10-2.10429E+11
 -1        87-6.33455E+10-9.30295E+10-2.30921E+11
 -1        88-1.39822E+11-1.58201E+11-2.10429E+11
 -1        89-1.95807E+11-1.99573E+11-1.54445E+11
 -1        90-2.16299E+11-2.06060E+11-7.79678E+10
 -1        91-1.95807E+11-1.75925E+11-1.49110E+09
 -1        92-1.39822E+11-1.17242E+11 5.44937E+10
 -1        93-6.33455E+10-4.57344E+10 7.49856E+10
 -1        94 1.31312E+10 1.94366E+10 5.44937E+10
 -1        95 6.91161E+10 6.08088E+10-1.49110E+09
 -1        96 8.43962E+10 5.65188E+10-1.17555E+11
 -1        97 4.48089E+10 1.05430E+10-1.86122E+11
 -1        98-2.37582E+10-5.68487E+10-2.25709E+11
 -1        99-1.02933E+11-1.27599E+11-2.25709E+11
 -1       100-1.71500E+11-1.82749E+11-1.86122E+11
 -1       101-2.11087E+11-2.07524E+11-1.17555E+11
 -1       102-2.11087E+11-1.95283E+11-3.83806E+10
 -1       103-1.71500E+11-1.49307E+11 3.01866E+10
 -1       104-1.02933E+11-8.19152E+10 6.97739E+10
 -1       105-2.37582E+10-1.11652E+10 6.97739E+10
 -1       106 4.48089E+10 4.39856E+10 3.01866E+10
 -1       107 8.43962E+10 6.87597E+10-3.83806E+10
 -1       108 9.94611E+10 6.72965E+10-1.34917E+11
 -1       109 1.09314E+11 6.72965E+10-1.91866E+11
 -1       110 9.45345E+10 6.72965E+10-1.06442E+11
 -1       111 1.04388E+11 6.72965E+10-1.63392E+11
 -1       112 1.14241E+11 6.72965E+10-2.20341E+11
 -1       113 7.67332E+09-3.36513E+09 4.28351E+08
 -1       114 1.25146E+10-4.37020E+09 4.74037E+08
 -1       115 4.84125E+09-3.36513E+09 5.19722E+08
 -1       116 5.02771E-04-2.36005E+09 4.74037E+08
 -1       117 7.67332E+09 1.35498E+09-5.19722E+08
 -1       118 1.25146E+10 3.49905E+08-4.74037E+08
 -1       119 4.84125E+09 1.35498E+09-4.28351E+08
 -1       120 6.19501E-04 2.36005E+09-4.74037E+08
 -1       121 1.41603E+09 3.21906E-03-4.56852E+07
 -1       122 1.39306E+10-2.01015E+09-4.56852E+07
 -1       123-1.41603E+09 3.28633E-03 4.56852E+07
 -1       124 1.10985E+10-2.01015E+09 4.56852E+07
 -1       125 4.91946E-04 6.48211E-03-1.79202E-03
 -1       126 6.71113E-04 4.13579E-03-1.48410E-03
 -1       127 9.11738E-04 1.77384E-03-1.24942E-03
 -1       128 1.03822E-03 3.88174E-04-7.77277E-04
 -1       129 1.13888E-03-3.79570E-04-1.02855E-03
 -1       130 9.15626E-04-1.61553E-03-2.01718E-03
 -1       131 8.08345E-04-1.19077E-03-2.43585E-03
 -1       132 9.07369E-04 1.58866E-03-2.47433E-03
 -1       133 8.57505E-04 4.62538E-03-2.48029E-03
 -1       134 7.25958E-04 7.02955E-03-2.45825E-03
 -1       135 5.73061E-04 8.25519E-03-2.34717E-03
 -1       136 4.61895E-04 7.39656E-03-1.95807E-03
 -1       137 5.66017E-04 5.36179E-03-1.62907E-03
 -1       138 7.92802E-04 2.90184E-03-1.35705E-03
 -1       139 9.85157E-04 9.21995E-04-1.05453E-03
 -1       140 1.06426E-03 1.60869E-04 0.00000E+00
 -1       141 1.03038E-03-1.14083E-03-1.64139E-03
 -1       142 8.53291E-04-1.67089E-03-2.26259E-03
 -1       143 8.20915E-04-5.41711E-05-2.49540E-03
 -1       144 9.05924E-04 3.15441E-03-2.47906E-03
 -1       145 7.96208E-04 5.94621E-03-2.48015E-03
 -1       146 6.49318E-04 7.81574E-03-2.41824E-03
 -1       147 5.10378E-04 8.32528E-03-2.24377E-03
 -1       148 1.56183E-04 8.02328E-03-1.25358E-03
 -1       149-1.46751E-04 6.46759E-03-1.26890E-04
 -1       150 4.46398E-05 4.12192E-03 1.00822E-04
 -1       151 3.31342E-04 1.76423E-03 1.75570E-04
 -1       152 6.41901E-04 2.54804E-04 4.34626E-06
 -1       153 1.20338E-03-4.69541E-04-1.55669E-04
 -1       154 1.12465E-03-1.56702E-03-3.00758E-04
 -1       155 5.37131E-04-1.18608E-03-1.84572E-04
 -1       156 2.55531E-04 1.53017E-03-1.81729E-04
 -1       157 2.90291E-04 4.61479E-03-5.42187E-04
 -1       158 1.47891E-04 7.01356E-03-6.26460E-04
 -1       159-2.76255E-05 8.24268E-03-5.78816E-04
 -1       160-1.73130E-04 7.38237E-03-2.67125E-04
 -1       161-7.02101E-05 5.35026E-03-4.87192E-07
 -1       162 1.86611E-04 2.89234E-03 1.59557E-04
 -1       163 4.77850E-04 8.51669E-04 1.02059E-04
 -1       164 9.62262E-04 0.00000E+00 0.00000E+00
 -1       165 1.22537E-03-1.10132E-03-2.61876E-04
 -1       166 8.98934E-04-1.62796E-03-3.00720E-04
 -1       167 0.00000E+00 0.00000E+00 0.00000E+00
 -1       168 3.03548E-04 3.12149E-03-3.99841E-04
 -1       169 2.21504E-04 5.92895E-03-6.00275E-04
 -1       170 6.05818E-05 7.80258E-03-6.20080E-04
 -1       171-1.04332E-04 8.31328E-03-5.03136E-04
 -1       172 3.20788E+11 2.45370E+11-2.62360E+11
 -1       173 3.20788E+11 2.75972E+11-6.44237E+10
 -1       174 2.82588E+11 1.96976E+11-3.54584E+11
 -1       175 2.82588E+11 2.56095E+11 2.78000E+10
 -1       176 2.21820E+11 1.30430E+11-4.33778E+11
 -1       177 5.04024E+10-3.80489E+10-5.32746E+11
 -1       178-4.85658E+10-1.28501E+11-5.45775E+11
 -1       179 1.42626E+11 5.02677E+10-4.94546E+11
 -1       180-1.47534E+11-2.14924E+11-5.32746E+11
 -1       181-2.39758E+11-2.91428E+11-4.94546E+11
 -1       182-3.18952E+11-3.52801E+11-4.33778E+11
 -1       183-3.79720E+11-3.94859E+11-3.54584E+11
 -1       184-4.17920E+11-4.14736E+11-2.62360E+11
 -1       185-4.17920E+11-3.84134E+11-6.44237E+10
 -1       186-4.30949E+11-4.11078E+11-1.63392E+11
 -1       187-3.18952E+11-2.69194E+11 1.06994E+11
 -1       188-2.39758E+11-1.89032E+11 1.67762E+11
 -1       189-3.79720E+11-3.35740E+11 2.78000E+10
 -1       190-1.47534E+11-1.00715E+11 2.05962E+11
 -1       191 5.04024E+10 7.61599E+10 2.05962E+11
 -1       192 1.42626E+11 1.52664E+11 1.67762E+11
 -1       193-4.85658E+10-1.02631E+10 2.18992E+11
 -1       194 2.21820E+11 2.14037E+11 1.06994E+11
 -1       195 2.09975E+11 1.38344E+11-3.14131E+11
 -1       196-2.12232E+11-2.56429E+11-4.27261E+11
 -1       197 2.05991E+11 1.55145E+11-1.82433E+11
 -1       198 1.40011E+11 1.13373E+11-7.12599E+10
 -1       199-9.91017E+10-9.00607E+10-5.05453E+09
 -1       200 2.89056E+10 2.32361E+10-1.21042E+10
 -1       201-2.11164E+11-2.00913E+11-7.43547E+10
 -1       202-2.74630E+11-2.94247E+11-3.11215E+11
 -1       203-9.61848E+10-1.62377E+11-4.89660E+11
 -1       204-2.69982E+11-2.70661E+11-1.85527E+11
 -1       205 1.40675E+11 5.90919E+10-4.26194E+11
 -1       206 2.95024E+10-4.93450E+10-4.85012E+11
 -1       207 2.53672E+11 1.67660E+11-3.77070E+11
 -1       208 2.79286E+11 2.05329E+11-2.81474E+11
 -1       209 2.77294E+11 2.13729E+11-2.15624E+11
 -1       210 2.51679E+11 2.05620E+11-1.20028E+11
 -1       211 2.07983E+11 1.46744E+11-2.48282E+11
 -1       212 1.64571E+11 1.02820E+11-2.81474E+11
 -1       213 1.54325E+11 8.77525E+10-3.19712E+11
 -1       214 1.52333E+11 1.07977E+11-1.77386E+11
 -1       215 1.62579E+11 1.11221E+11-2.15624E+11
 -1       216 1.49040E+11 5.46798E+10-5.03082E+11
 -1       217 2.19021E+11 1.28034E+11-4.33101E+11
 -1       218 1.75325E+11 9.87178E+10-3.70163E+11
 -1       219-2.14184E+09-8.89229E+10-5.58105E+11
 -1       220 9.34540E+10 4.61344E+08-5.32491E+11
 -1       221 8.50887E+10 4.87348E+09-4.55603E+11
 -1       222-1.60581E+11-2.26903E+11-5.34815E+11
 -1       223-6.49855E+10-1.45439E+11-5.60430E+11
 -1       224-3.33412E+10-1.05861E+11-4.87336E+11
 -1       225-2.88586E+11-3.25644E+11-4.33635E+11
 -1       226-2.18605E+11-2.73929E+11-5.03616E+11
 -1       227-1.54208E+11-2.09403E+11-4.58461E+11
 -1       228-3.45400E+11-3.52662E+11-2.80015E+11
 -1       229-3.19785E+11-3.44553E+11-3.75611E+11
 -1       230-2.43431E+11-2.75338E+11-3.69238E+11
 -1       231-3.17461E+11-3.03200E+11-1.21576E+11
 -1       232-3.43076E+11-3.40869E+11-2.17172E+11
 -1       233-2.72306E+11-2.82454E+11-2.48371E+11
 -1       234-2.18071E+11-1.94972E+11 3.99167E+09
 -1       235-2.88052E+11-2.68327E+11-6.59894E+10
 -1       236-2.40573E+11-2.35787E+11-1.29941E+11
 -1       237-6.64439E+10-5.01619E+10 6.42566E+10
 -1       238-1.62040E+11-1.39546E+11 3.86418E+10
 -1       239-1.55133E+11-1.45487E+11-3.97046E+10
 -1       240 9.31556E+10 8.79503E+10 3.51169E+10
 -1       241-2.44025E+09 6.48648E+09 6.07318E+10
 -1       242-3.50981E+10-3.34123E+10-8.57937E+09
 -1       243 2.18689E+11 1.84734E+11-6.44420E+10
 -1       244 1.48708E+11 1.33019E+11 5.53908E+09
 -1       245 8.44583E+10 6.83048E+10-4.16821E+10
 -1       246 1.73001E+11 1.34259E+11-1.26846E+11
 -1       247 1.19675E+11 4.81266E+10-3.75743E+11
 -1       248 9.16828E+10 1.87849E+10-4.03736E+11
 -1       249 3.60965E+10-3.54335E+10-4.33144E+11
 -1       250-2.14184E+09-7.11872E+10-4.43390E+11
 -1       251-6.49855E+10-1.27703E+11-4.45715E+11
 -1       252-1.03224E+11-1.60289E+11-4.35469E+11
 -1       253-1.61247E+11-2.07315E+11-4.04269E+11
 -1       254-1.89240E+11-2.28001E+11-3.76277E+11
 -1       255-2.20439E+11-2.46910E+11-3.18254E+11
 -1       256-2.30685E+11-2.50153E+11-2.80015E+11
 -1       257-2.28361E+11-2.38360E+11-2.17172E+11
 -1       258-2.18115E+11-2.23293E+11-1.78933E+11
 -1       259-1.88706E+11-1.88419E+11-1.23347E+11
 -1       260-1.60713E+11-1.59078E+11-9.53545E+10
 -1       261-1.04682E+11-1.03651E+11-6.07044E+10
 -1       262-6.64439E+10-6.78975E+10-5.04585E+10
 -1       263-2.44025E+09-1.12492E+10-5.39833E+10
 -1       264 3.57981E+10 2.13364E+10-6.42292E+10
 -1       265 9.13508E+10 6.64051E+10-9.38071E+10
 -1       266 1.19343E+11 8.70911E+10-1.21799E+11
 -1       267 1.80416E+11 1.38344E+11-1.43283E+11
 -1       268-2.41791E+11-2.56429E+11-2.56413E+11
 -1       269 1.76431E+11 1.55145E+11-1.15845E+10
 -1       270 1.10452E+11 1.13373E+11 9.95881E+10
 -1       271-1.28661E+11-9.00607E+10 1.65793E+11
 -1       272-6.53845E+08 2.32361E+10 1.58744E+11
 -1       273-2.40723E+11-2.00913E+11 9.64933E+10
 -1       274-3.04190E+11-2.94247E+11-1.40367E+11
 -1       275-1.25744E+11-1.62377E+11-3.18812E+11
 -1       276-2.99541E+11-2.70661E+11-1.46793E+10
 -1       277 1.11116E+11 5.90919E+10-2.55346E+11
 -1       278-5.70171E+07-4.93450E+10-3.14164E+11
 -1       279 2.49727E+11 2.05329E+11-1.10626E+11
 -1       280 2.24112E+11 1.67660E+11-2.06222E+11
 -1       281 2.22120E+11 2.05620E+11 5.08197E+10
 -1       282 2.47735E+11 2.13729E+11-4.47762E+10
 -1       283 1.78424E+11 1.46744E+11-7.74340E+10
 -1       284 1.24766E+11 8.77525E+10-1.48864E+11
 -1       285 1.35012E+11 1.02820E+11-1.10626E+11
 -1       286 1.33020E+11 1.11221E+11-4.47762E+10
 -1       287 1.22774E+11 1.07977E+11-6.53781E+09
 -1       288 1.89462E+11 1.28034E+11-2.62253E+11
 -1       289 1.19481E+11 5.46798E+10-3.32234E+11
 -1       290 1.45766E+11 9.87178E+10-1.99315E+11
 -1       291 6.38946E+10 4.61344E+08-3.61643E+11
 -1       292-3.17013E+10-8.89229E+10-3.87257E+11
 -1       293 5.55293E+10 4.87348E+09-2.84755E+11
 -1       294-9.45449E+10-1.45439E+11-3.89582E+11
 -1       295-1.90141E+11-2.26903E+11-3.63967E+11
 -1       296-6.29006E+10-1.05861E+11-3.16488E+11
 -1       297-2.48164E+11-2.73929E+11-3.32768E+11
 -1       298-3.18145E+11-3.25644E+11-2.62787E+11
 -1       299-1.83768E+11-2.09403E+11-2.87613E+11
 -1       300-3.49345E+11-3.44553E+11-2.04763E+11
 -1       301-3.74959E+11-3.52662E+11-1.09167E+11
 -1       302-2.72991E+11-2.75338E+11-1.98390E+11
 -1       303-3.72635E+11-3.40869E+11-4.63236E+10
 -1       304-3.47020E+11-3.03200E+11 4.92723E+10
 -1       305-3.01866E+11-2.82454E+11-7.75230E+10
 -1       306-3.17611E+11-2.68327E+11 1.04859E+11
 -1       307-2.47630E+11-1.94972E+11 1.74840E+11
 -1       308-2.70132E+11-2.35787E+11 4.09070E+10
 -1       309-1.91599E+11-1.39546E+11 2.09490E+11
 -1       310-9.60033E+10-5.01619E+10 2.35105E+11
 -1       311-1.84692E+11-1.45487E+11 1.31143E+11
 -1       312-3.19997E+10 6.48648E+09 2.31580E+11
 -1       313 6.35962E+10 8.79503E+10 2.05965E+11
 -1       314-6.46575E+10-3.34123E+10 1.62269E+11
 -1       315 1.19149E+11 1.33019E+11 1.76387E+11
 -1       316 1.89130E+11 1.84734E+11 1.06406E+11
 -1       317 5.48989E+10 6.83048E+10 1.29166E+11
 -1       318 1.43441E+11 1.34259E+11 4.40018E+10
 -1       319 6.21234E+10 1.87849E+10-2.32888E+11
 -1       320 9.01158E+10 4.81266E+10-2.04895E+11
 -1       321-3.17013E+10-7.11872E+10-2.72542E+11
 -1       322 6.53710E+09-3.54335E+10-2.62296E+11
 -1       323-1.32783E+11-1.60289E+11-2.64621E+11
 -1       324-9.45449E+10-1.27703E+11-2.74867E+11
 -1       325-2.18799E+11-2.28001E+11-2.05429E+11
 -1       326-1.90807E+11-2.07315E+11-2.33421E+11
 -1       327-2.60244E+11-2.50153E+11-1.09167E+11
 -1       328-2.49998E+11-2.46910E+11-1.47406E+11
 -1       329-2.47674E+11-2.23293E+11-8.08522E+09
 -1       330-2.57920E+11-2.38360E+11-4.63236E+10
 -1       331-1.90273E+11-1.59078E+11 7.54935E+10
 -1       332-2.18265E+11-1.88419E+11 4.75011E+10
 -1       333-9.60033E+10-6.78975E+10 1.20390E+11
 -1       334-1.34242E+11-1.03651E+11 1.10144E+11
 -1       335 6.23869E+09 2.13364E+10 1.06619E+11
 -1       336-3.19997E+10-1.12492E+10 1.16865E+11
 -1       337 8.97838E+10 8.70911E+10 4.90485E+10
 -1       338 6.17914E+10 6.64051E+10 7.70409E+10
 -1       339-1.07139E+10-1.26467E+10-1.52027E+10
 -1       340 5.47431E+10 4.03536E+10-5.07233E+10
 -1       341 5.47431E+10 5.46979E+09-2.76354E+11
 -1       342-1.07139E+10-5.84707E+10-3.11595E+11
 -1       343-8.81530E+10-8.19152E+10-1.56502E+10
 -1       344-1.56720E+11-1.49307E+11-5.52374E+10
 -1       345 1.09029E+11 6.87597E+10-1.80754E+11
 -1       346 9.16330E+10 6.47343E+10-1.06245E+11
 -1       347 9.16330E+10 4.50455E+10-2.33593E+11
 -1       348 1.09029E+11 5.65188E+10-2.59928E+11
 -1       349 9.42325E+10 5.83562E+10-1.62523E+11
 -1       350 9.42325E+10 6.90958E+10-9.30588E+10
 -1       351-1.96307E+11-1.95283E+11-1.23805E+11
 -1       352-1.96307E+11-2.07524E+11-2.02979E+11
 -1       353-1.56720E+11-1.82749E+11-2.71546E+11
 -1       354-8.81530E+10-1.27599E+11-3.11133E+11
 -1       355 1.15396E+11 6.30406E+10-2.54543E+11
 -1       356 1.05061E+11 4.78429E+10-2.93111E+11
 -1       357 1.15396E+11 6.92138E+10-2.14614E+11
 -1       358 1.05061E+11 6.59420E+10-1.76046E+11
 -1       359 1.10469E+11 6.92138E+10-1.86139E+11
 -1       360 1.10469E+11 6.30406E+10-2.26068E+11
 -1       361 9.29158E+10 6.36983E+10-1.20360E+11
 -1       362 8.32139E+10 4.90404E+10-1.59092E+11
 -1       363 9.29158E+10 6.91035E+10-8.53988E+10
 -1       364 8.32139E+10 6.64222E+10-4.66665E+10
 -1       365 9.78424E+10 6.36983E+10-1.48835E+11
 -1       366 9.78424E+10 6.91035E+10-1.13873E+11
 -1       367 7.81014E+10 2.23867E+10-3.01941E+11
 -1       368 4.92521E+10-7.66080E+09-3.29546E+11
 -1       369 7.56540E+10 2.71835E+10-2.56769E+11
 -1       370 9.53051E+10 4.12261E+10-2.79521E+11
 -1       371 1.00836E+11 5.12052E+10-2.46943E+11
 -1       372 1.65272E+10-3.97194E+10-3.47759E+11
 -1       373-2.21011E+10-7.58002E+10-3.57867E+11
 -1       374 2.41982E+10-2.51736E+10-2.98013E+11
 -1       375-6.11404E+10-1.10667E+11-3.57749E+11
 -1       376-9.97087E+10-1.43534E+11-3.47414E+11
 -1       377-4.94627E+10-9.38311E+10-3.16346E+11
 -1       378-1.34288E+11-1.71347E+11-3.27450E+11
 -1       379-1.62522E+11-1.92212E+11-2.99216E+11
 -1       380-1.25042E+11-1.58201E+11-2.95853E+11
 -1       381-1.82486E+11-2.04706E+11-2.64637E+11
 -1       382-1.92821E+11-2.07978E+11-2.26068E+11
 -1       383-1.81027E+11-1.99573E+11-2.39869E+11
 -1       384-1.82486E+11-1.86607E+11-1.47571E+11
 -1       385-1.92821E+11-2.01804E+11-1.86139E+11
 -1       386-2.01519E+11-2.06060E+11-1.63392E+11
 -1       387-1.62522E+11-1.63421E+11-1.12992E+11
 -1       388-1.34288E+11-1.33826E+11-8.47577E+10
 -1       389-1.81027E+11-1.75925E+11-8.69151E+10
 -1       390-9.97087E+10-9.98390E+10-6.47933E+10
 -1       391-6.11404E+10-6.37768E+10-5.44589E+10
 -1       392-1.25042E+11-1.17242E+11-3.09303E+10
 -1       393-2.21011E+10-2.88743E+10-5.43479E+10
 -1       394 1.65272E+10 4.08097E+09-6.44558E+10
 -1       395-4.94627E+10-4.65368E+10-1.04445E+10
 -1       396 4.92521E+10 3.04863E+10-8.28085E+10
 -1       397 7.81014E+10 5.19980E+10-1.10413E+11
 -1       398 2.41982E+10 1.64291E+10-2.89247E+10
 -1       399 7.56540E+10 5.50252E+10-7.66882E+10
 -1       400 9.53051E+10 6.29184E+10-1.39214E+11
 -1       401 1.00836E+11 6.72262E+10-1.43317E+11
 -1       402 3.44724E+10-7.66080E+09-2.44122E+11
 -1       403 6.33217E+10 2.23867E+10-2.16517E+11
 -1       404 8.05254E+10 4.12261E+10-1.94097E+11
 -1       405 9.36580E+10 5.23106E+10-1.98306E+11
 -1       406-3.68808E+10-7.58002E+10-2.72443E+11
 -1       407 1.74751E+09-3.97194E+10-2.62335E+11
 -1       408-1.14488E+11-1.43534E+11-2.61990E+11
 -1       409-7.59201E+10-1.10667E+11-2.72325E+11
 -1       410-1.77302E+11-1.92212E+11-2.13792E+11
 -1       411-1.49068E+11-1.71347E+11-2.42026E+11
 -1       412-2.07601E+11-2.07978E+11-1.40644E+11
 -1       413-1.97266E+11-2.04706E+11-1.79213E+11
 -1       414-2.07601E+11-2.01804E+11-1.00715E+11
 -1       415-1.97266E+11-1.86607E+11-6.21471E+10
 -1       416-1.49068E+11-1.33826E+11 6.66293E+08
 -1       417-1.77302E+11-1.63421E+11-2.75677E+10
 -1       418-7.59201E+10-6.37768E+10 3.09651E+10
 -1       419-1.14488E+11-9.98390E+10 2.06307E+10
 -1       420 1.74751E+09 4.08097E+09 2.09683E+10
 -1       421-3.68808E+10-2.88743E+10 3.10761E+10
 -1       422 6.33217E+10 5.19980E+10-2.49894E+10
 -1       423 3.44724E+10 3.04863E+10 2.61548E+09
 -1       424 8.05254E+10 6.29184E+10-5.37900E+10
 -1       425 9.36580E+10 6.76014E+10-9.94039E+10
 -1       426 1.02769E+11 6.36983E+10-1.77309E+11
 -1       427 1.02769E+11 6.91035E+10-1.42348E+11
 -1       428 1.03904E+11 6.91967E+10-1.48307E+11
 -1       429 1.03904E+11 5.91210E+10-2.13478E+11
 -1       430 6.25728E+09-3.36513E+09 4.74037E+08
 -1       431 6.25728E+09 1.35498E+09-4.74037E+08
 -1       432 7.67332E+09-1.00507E+09-4.56852E+07
 -1       433 4.84125E+09-1.00507E+09 4.56852E+07
 -1       434 6.03992E-04 3.28476E-03-1.42015E-03
 -1       435-7.08016E+08-1.18003E+09 2.59861E+08
 -1       436 7.08016E+08-1.18003E+09 2.14176E+08
 -1       437 7.08016E+08 1.18003E+09-2.59861E+08
 -1       438-7.08016E+08 1.18003E+09-2.14176E+08
 -1       439 1.25146E+10-2.01015E+09-4.08478E-03
 -1       440 1.32226E+10-3.19018E+09 2.14176E+08
 -1       441 1.18066E+10-3.19018E+09 2.59861E+08
 -1       442 1.32226E+10-8.30122E+08-2.59861E+08
 -1       443 1.18066E+10-8.30122E+08-2.14176E+08
 -1       444 1.44462E-04 7.38948E-03-1.11207E-03
 -1       445 2.03361E-04 8.32005E-03-1.37275E-03
 -1       446 1.73530E-04 6.47429E-03-9.58859E-04
 -1       447 2.72963E-04 8.25032E-03-1.46272E-03
 -1       448 2.46442E-04 5.35466E-03-8.13607E-04
 -1       449 3.56537E-04 4.12691E-03-6.91073E-04
 -1       450 4.87138E-04 2.89369E-03-6.02944E-04
 -1       451 6.22762E-04 1.75752E-03-5.57271E-04
 -1       452 7.35794E-04 8.67007E-04-5.04042E-04
 -1       453 1.01135E-03 4.20404E-05-3.99055E-04
 -1       454 8.56056E-04 2.86519E-04-4.45289E-04
 -1       455 1.12931E-03-1.12269E-03-9.60357E-04
 -1       456 1.02462E-03-1.59561E-03-1.15819E-03
 -1       457 1.15561E-03-4.50115E-04-6.45488E-04
 -1       458 8.84260E-04-1.65963E-03-1.28978E-03
 -1       459 7.12903E-04-1.19802E-03-1.32778E-03
 -1       460 5.64044E-04-5.77683E-05-1.33083E-03
 -1       461 6.15758E-04 1.56438E-03-1.34995E-03
 -1       462 6.09231E-04 3.15006E-03-1.44182E-03
 -1       463 5.08477E-04 5.93856E-03-1.53775E-03
 -1       464 4.34864E-04 7.02341E-03-1.54232E-03
 -1       465 5.76492E-04 4.62543E-03-1.51535E-03
 -1       466 3.54099E-04 7.81040E-03-1.51946E-03
 -1       467 8.21100E-04 3.28119E-03-2.24951E-03
 -1       468 6.88759E-04 5.84662E-03-2.19688E-03
 -1       469 8.01267E-04 4.57097E-03-2.37198E-03
 -1       470 8.04127E-04 7.41457E-04-1.92232E-03
 -1       471 8.40854E-04 1.97898E-03-1.56411E-03
 -1       472 7.17204E-04 4.38881E-03-1.85028E-03
 -1       473 8.09085E-04 1.68349E-03-2.38059E-03
 -1       474 5.99508E-04 6.18994E-03-2.00924E-03
 -1       475 7.14975E-04 6.43830E-03-2.35615E-03
 -1       476 7.95982E-04 3.05245E-03-1.53929E-03
 -1       477 8.26603E-04 5.91103E-04-1.27648E-03
 -1       478 5.49075E-04 6.34017E-03-1.90332E-03
 -1       479 5.38873E-04 7.10553E-03-2.06379E-03
 -1       480 5.91000E-04 6.94421E-03-2.15529E-03
 -1       481 6.36409E-04 7.04457E-03-2.27679E-03
 -1       482 6.45587E-04 6.02641E-03-2.10882E-03
 -1       483 6.96031E-04 4.27260E-03-1.66179E-03
 -1       484 6.17217E-04 5.43452E-03-1.82844E-03
 -1       485 6.57048E-04 5.28371E-03-1.94076E-03
 -1       486 8.53506E-04 2.40728E-03-1.38042E-03
 -1       487 7.42293E-04 3.59105E-03-1.51902E-03
 -1       488 7.51261E-04 3.71322E-03-1.69819E-03
 -1       489 9.06451E-04 1.07765E-03-1.16706E-03
 -1       490 8.86038E-04 1.89850E-03-1.35610E-03
 -1       491 8.27259E-04 2.51526E-03-1.55201E-03
 -1       492 9.07887E-04 2.73571E-05-1.16985E-03
 -1       493 8.58731E-04 4.97439E-04-8.63891E-04
 -1       494 8.40477E-04 1.25727E-03-1.43345E-03
 -1       495 8.33979E-04-3.90103E-04-1.97027E-03
 -1       496 8.60771E-04-6.52392E-06-1.57739E-03
 -1       497 8.15031E-04 6.76302E-04-1.62945E-03
 -1       498 7.76201E-04 2.87503E-04-2.41816E-03
 -1       499 7.77743E-04-1.33278E-04-2.23499E-03
 -1       500 7.92822E-04 1.16807E-03-2.21803E-03
 -1       501 8.67235E-04 1.58353E-03-2.46441E-03
 -1       502 8.37875E-04 4.58855E-03-2.42747E-03
 -1       503 8.81640E-04 3.12763E-03-2.43526E-03
 -1       504 8.26272E-04 3.15395E-03-2.37548E-03
 -1       505 7.73138E-04 5.79609E-03-2.40833E-03
 -1       506 6.48639E-04 7.34983E-03-2.35119E-03
 -1       507 7.21994E-04 6.73112E-03-2.40921E-03
 -1       508 7.67186E-04 5.51405E-03-2.36397E-03
 -1       509 7.04721E-04 6.14460E-03-2.28605E-03
 -1       510 8.09965E-04 3.89018E-03-2.28105E-03
 -1       511 7.61635E-04 5.23780E-03-2.30493E-03
 -1       512 7.60529E-04 4.53494E-03-2.19895E-03
 -1       513 6.93740E-04 5.12088E-03-2.05698E-03
 -1       514 7.50560E-04 3.84599E-03-1.99353E-03
 -1       515 7.88726E-04 2.52953E-03-2.28536E-03
 -1       516 8.32157E-04 2.60854E-03-1.88221E-03
 -1       517 8.29354E-04 1.41791E-03-1.73684E-03
 -1       518 8.12944E-04 1.96336E-03-2.08587E-03
 -1       519 7.85578E-04 3.15794E-03-1.72749E-03
 -1       520 3.65094E-04 3.27292E-03-4.91750E-04
 -1       521 1.14485E-04 5.84246E-03-4.71781E-04
 -1       522 2.99040E-04 4.56174E-03-5.12245E-04
 -1       523 7.05033E-04 7.37086E-04-3.42366E-04
 -1       524 3.98728E-04 1.94986E-03-1.04332E-04
 -1       525 1.16341E-04 4.38324E-03-2.09954E-04
 -1       526 4.96325E-04 1.70530E-03-4.19625E-04
 -1       527-2.13020E-05 6.17934E-03-3.18547E-04
 -1       528 1.43806E-04 6.42752E-03-5.62001E-04
 -1       529 2.23233E-04 3.03121E-03 3.61610E-06
 -1       530 7.03924E-04 5.82946E-04-1.46480E-04
 -1       531-8.89520E-05 7.09278E-03-3.59401E-04
 -1       532-8.48611E-05 6.32811E-03-2.24735E-04
 -1       533 4.33020E-05 7.03281E-03-5.26469E-04
 -1       534-2.12574E-05 6.93407E-03-4.34600E-04
 -1       535 4.58052E-05 6.01886E-03-4.01603E-04
 -1       536-1.01153E-05 5.42204E-03-1.69932E-04
 -1       537 8.15160E-05 4.25798E-03-5.03682E-05
 -1       538 4.63949E-05 5.27422E-03-2.70076E-04
 -1       539 1.36880E-04 3.57571E-03 4.97743E-05
 -1       540 2.78502E-04 2.38793E-03 9.78841E-05
 -1       541 1.66556E-04 3.69687E-03-1.02556E-04
 -1       542 3.76629E-04 1.88653E-03 4.99794E-05
 -1       543 5.26879E-04 1.00602E-03-2.00523E-06
 -1       544 3.11810E-04 2.48999E-03-4.91235E-05
 -1       545 6.74346E-04 4.48675E-04-2.80957E-05
 -1       546 9.44356E-04 2.95579E-05-1.61785E-04
 -1       547 5.30101E-04 1.21126E-03-1.14683E-04
 -1       548 9.36784E-04-3.85091E-07-2.77895E-04
 -1       549 9.41866E-04-3.63677E-04-3.45360E-04
 -1       550 7.10774E-04 6.67429E-04-2.68997E-04
 -1       551 7.64064E-04-1.03805E-04-3.76510E-04
 -1       552 5.28802E-04 2.92896E-04-3.51201E-04
 -1       553 5.95604E-04 1.16335E-03-4.07485E-04
 -1       554 4.36030E-04 1.56980E-03-3.36141E-04
 -1       555 3.55166E-04 3.10226E-03-4.24815E-04
 -1       556 2.99978E-04 4.58093E-03-5.24279E-04
 -1       557 4.01571E-04 3.15236E-03-4.55911E-04
 -1       558 2.22302E-04 5.78454E-03-5.68244E-04
 -1       559 1.47952E-04 6.71917E-03-5.95719E-04
 -1       560 5.88186E-05 7.33855E-03-5.73370E-04
 -1       561 2.25633E-04 5.50398E-03-5.40912E-04
 -1       562 1.32799E-04 6.13576E-03-5.23036E-04
 -1       563 2.39302E-04 4.54293E-03-4.78418E-04
 -1       564 2.23329E-04 5.23018E-03-5.11800E-04
 -1       565 3.41822E-04 3.88674E-03-4.87643E-04
 -1       566 2.24110E-04 3.84208E-03-3.34230E-04
 -1       567 1.06198E-04 5.11430E-03-3.63377E-04
 -1       568 4.39282E-04 2.51374E-03-4.39132E-04
 -1       569 5.01918E-04 1.93701E-03-3.99979E-04
 -1       570 5.42983E-04 1.40542E-03-2.33136E-04
 -1       571 3.72495E-04 2.58124E-03-2.86370E-04
 -1       572 2.56262E-04 3.13047E-03-1.57520E-04
 -1       573 2.47568E+10-4.90505E+10-4.55678E+11
 -1       574 1.57627E+11 8.74550E+10-3.40721E+11
 -1       575 1.92168E+11 1.40182E+11-1.99318E+11
 -1       576 7.63015E+10 6.08577E+08-4.32400E+11
 -1       577-1.92943E+10-8.87756E+10-4.58015E+11
 -1       578 9.10813E+10 6.08577E+08-5.17824E+11
 -1       579-4.51463E+09-8.87756E+10-5.43439E+11
 -1       580-2.04270E+11-2.31976E+11-3.15120E+11
 -1       581-1.84476E+11-2.19589E+11-3.49404E+11
 -1       582-2.19049E+11-2.31976E+11-2.29696E+11
 -1       583-1.99256E+11-2.19589E+11-2.63980E+11
 -1       584-2.27011E+11-2.56429E+11-3.41837E+11
 -1       585-2.35469E+11-2.44765E+11-2.17510E+11
 -1       586-2.35469E+11-2.50885E+11-2.57097E+11
 -1       587-2.50249E+11-2.44765E+11-1.32086E+11
 -1       588-2.50249E+11-2.50885E+11-1.71673E+11
 -1       589-2.89410E+11-2.94247E+11-2.25791E+11
 -1       590-1.98722E+11-1.75110E+11 2.06279E+10
 -1       591-2.25944E+11-2.00913E+11 1.10693E+10
 -1       592-1.83942E+11-1.75110E+11-6.47961E+10
 -1       593-2.03736E+11-1.98098E+11-9.90796E+10
 -1       594-2.18515E+11-1.98098E+11-1.36556E+10
 -1       595-9.21689E+10-1.44988E+11-4.00397E+11
 -1       596-5.34493E+10-1.10424E+11-4.00628E+11
 -1       597-6.82291E+10-1.10424E+11-3.15204E+11
 -1       598-1.10965E+11-1.62377E+11-4.04236E+11
 -1       599-1.06949E+11-1.44988E+11-3.14973E+11
 -1       600 4.18243E+10 3.17948E+10-3.14138E+10
 -1       601 9.09586E+09 5.29468E+09-1.36535E+10
 -1       602-5.68385E+09 5.29468E+09 7.17705E+10
 -1       603 1.41259E+10 2.32361E+10 7.33198E+10
 -1       604 2.70446E+10 3.17948E+10 5.40102E+10
 -1       605 1.15822E+11 8.90539E+10-8.87522E+10
 -1       606 1.48812E+11 1.09939E+11-1.44339E+11
 -1       607 1.91211E+11 1.55145E+11-9.70085E+10
 -1       608 1.34032E+11 1.09939E+11-5.89145E+10
 -1       609 1.58221E+11 1.34259E+11-4.14222E+10
 -1       610-2.58211E+11-2.75338E+11-2.83814E+11
 -1       611 1.01042E+11 8.90539E+10-3.32821E+09
 -1       612 1.25231E+11 1.13373E+11 1.41641E+10
 -1       613-4.81209E+10-1.05861E+11-4.01912E+11
 -1       614-5.38544E+09-5.39079E+10-3.12879E+11
 -1       615-2.55353E+11-2.35787E+11-4.45170E+10
 -1       616-2.33145E+11-2.32972E+11-1.54666E+11
 -1       617-2.47924E+11-2.32972E+11-6.92419E+10
 -1       618-2.87086E+11-2.82454E+11-1.62947E+11
 -1       619 9.73770E+10 7.68635E+10-6.09916E+10
 -1       620 6.96786E+10 6.83048E+10 4.37420E+10
 -1       621 8.25973E+10 7.68635E+10 2.44324E+10
 -1       622 9.39427E+09-5.39079E+10-3.98303E+11
 -1       623 1.47227E+10-4.93450E+10-3.99588E+11
 -1       624-2.84762E+11-2.70661E+11-1.00103E+11
 -1       625 1.50741E+11 1.03739E+11-1.95592E+11
 -1       626 1.45815E+11 1.03739E+11-1.67118E+11
 -1       627 1.43200E+11 1.04639E+11-1.46188E+11
 -1       628 1.57510E+11 1.11952E+11-1.81593E+11
 -1       629 1.57652E+11 1.11221E+11-1.87150E+11
 -1       630 1.41901E+11 1.02458E+11-1.52781E+11
 -1       631-1.13881E+11-9.00607E+10 8.03695E+10
 -1       632-8.12236E+10-5.01619E+10 1.49681E+11
 -1       633-4.98778E+10-3.34123E+10 7.68446E+10
 -1       634 2.62514E+11 2.13729E+11-1.30200E+11
 -1       635 1.99079E+11 1.47663E+11-1.90875E+11
 -1       636 1.84300E+11 1.47663E+11-1.05451E+11
 -1       637 2.70383E+11 2.06248E+11-2.24067E+11
 -1       638-1.26453E+11-1.72563E+11-3.80603E+11
 -1       639-1.41232E+11-1.72563E+11-2.95179E+11
 -1       640-1.64438E+11-1.41414E+11 4.04216E+10
 -1       641-1.49659E+11-1.41414E+11-4.50024E+10
 -1       642 2.03910E+11 1.84734E+11 2.09820E+10
 -1       643 7.83759E+10 8.79503E+10 1.20541E+11
 -1       644 1.35332E+11 1.12120E+11-5.23216E+10
 -1       645-2.96237E+10-2.93395E+10-1.38772E+10
 -1       646-4.44034E+10-2.93395E+10 7.15468E+10
 -1       647 1.59502E+11 9.74313E+10-2.87030E+11
 -1       648 1.50804E+11 9.16946E+10-2.73862E+11
 -1       649 4.21228E+10-2.19376E+10-3.80683E+11
 -1       650 1.06185E+11 4.64624E+10-3.08537E+11
 -1       651 9.35649E+10 1.90550E+10-4.12866E+11
 -1       652 7.34568E+10 1.44921E+10-3.26158E+11
 -1       653 2.73430E+10-2.19376E+10-2.95259E+11
 -1       654 7.87852E+10 1.90550E+10-3.27442E+11
 -1       655-1.76819E+11-1.39546E+11 1.24066E+11
 -1       656 2.36900E+11 2.05620E+11-3.46043E+10
 -1       657 1.33929E+11 1.33019E+11 9.09631E+10
 -1       658-1.72200E+10 6.48648E+09 1.46156E+11
 -1       659 1.25930E+11 7.29056E+10-2.51622E+11
 -1       660 1.24630E+11 6.62503E+10-2.87157E+11
 -1       661 1.13372E+11 6.23082E+10-2.47583E+11
 -1       662-1.68988E+11-2.09403E+11-3.73037E+11
 -1       663-2.33384E+11-2.73929E+11-4.18192E+11
 -1       664-3.03366E+11-3.25644E+11-3.48211E+11
 -1       665-1.69913E+11-1.45487E+11 4.57194E+10
 -1       666-1.08407E+11-8.59879E+10 7.50717E+10
 -1       667-9.36274E+10-8.59879E+10-1.03523E+10
 -1       668-3.34565E+11-3.44553E+11-2.90187E+11
 -1       669-2.32851E+11-1.94972E+11 8.94157E+10
 -1       670-1.75361E+11-2.26903E+11-4.49391E+11
 -1       671-3.60180E+11-3.52662E+11-1.94591E+11
 -1       672-3.02832E+11-2.68327E+11 1.94346E+10
 -1       673-3.32241E+11-3.03200E+11-3.61517E+10
 -1       674-3.57855E+11-3.40869E+11-1.31748E+11
 -1       675 1.23499E+10-4.91978E+10-3.84921E+11
 -1       676 2.71296E+10-4.91978E+10-4.70345E+11
 -1       677 9.11921E+10 1.92023E+10-3.98200E+11
 -1       678 8.29294E+10 3.22809E+10-2.65850E+11
 -1       679 2.55603E+11 2.06248E+11-1.38643E+11
 -1       680 9.77091E+10 3.22809E+10-3.51274E+11
 -1       681-7.97652E+10-1.45439E+11-4.75006E+11
 -1       682 1.37324E+11 9.83499E+10-1.52903E+11
 -1       683 1.69022E+11 1.12899E+11-2.42002E+11
 -1       684 1.34372E+11 7.32735E+10-2.98034E+11
 -1       685 1.49151E+11 7.32735E+10-3.83458E+11
 -1       686 1.16154E+11 5.20687E+10-3.29893E+11
 -1       687 1.57517E+11 6.88614E+10-4.60345E+11
 -1       688 2.12718E+11 1.42216E+11-3.04940E+11
 -1       689 1.42737E+11 6.88614E+10-3.74921E+11
 -1       690 1.50599E+11 9.83505E+10-2.29623E+11
 -1       691 2.01072E+11 1.39263E+11-2.56725E+11
 -1       692 1.41901E+11 9.26138E+10-2.16456E+11
 -1       693 2.44768E+11 1.68579E+11-3.19663E+11
 -1       694 1.55668E+11 1.03739E+11-2.24067E+11
 -1       695 1.43200E+11 9.92692E+10-1.80921E+11
 -1       696 2.27498E+11 1.42216E+11-3.90364E+11
 -1       697 2.29988E+11 1.68579E+11-2.34239E+11
 -1       698 1.83801E+11 1.12899E+11-3.27426E+11
 -1       699 1.74898E+11 1.13819E+11-2.70020E+11
 -1       700 1.86292E+11 1.39263E+11-1.71301E+11
 -1       701 1.40888E+11 1.03739E+11-1.38643E+11
 -1       702-5.04937E+10-1.05714E+11-3.87245E+11
 -1       703-3.57140E+10-1.05714E+11-4.72669E+11
 -1       704 6.96530E+09-2.18510E+09 2.14176E+08
 -1       705 5.54927E+09-2.18510E+09 2.59861E+08
 -1       706 6.25728E+09-1.00507E+09-3.38892E-03
 -1       707 5.54927E+09 1.74953E+08-2.14176E+08
 -1       708 6.96530E+09 1.74953E+08-2.59861E+08
 -1       709 2.48908E-04 5.66601E-03-9.25218E-04
 -1       710 9.62762E-04-4.67615E-04-1.03437E-03
 -1       711 7.70324E-04-2.25548E-04-1.22108E-03
 -1       712 9.05829E-04-9.48053E-04-7.46829E-04
 -1       713 7.62528E-04 3.04371E-04-7.70176E-04
 -1       714 6.43462E-04 7.03302E-04-8.36723E-04
 -1       715 6.98567E-04-6.91979E-04-7.78223E-04
 -1       716 9.02840E-04-1.41722E-05-9.30548E-04
 -1       717 7.58347E-04 7.33543E-04-1.13593E-03
 -1       718 8.39911E-04 1.03988E-04-1.46040E-03
 -1       719 8.51879E-04 1.14651E-04-7.01063E-04
 -1       720 1.07544E-03-4.94786E-04-5.62462E-04
 -1       721 1.02498E-03-4.83053E-04-1.15510E-03
 -1       722 2.89598E-04 6.18503E-03-1.16327E-03
 -1       723 2.32875E-04 6.33394E-03-1.06369E-03
 -1       724 5.55355E-05 6.06853E-03-5.25824E-04
 -1       725 4.23664E-04 5.92827E-03-1.46615E-03
 -1       726 1.13207E-04 5.92279E-03-6.25284E-04
 -1       727 8.90909E-04-3.82862E-04-1.15456E-03
 -1       728 9.60805E-04-1.00574E-03-1.50735E-03
 -1       729 6.71817E-04 2.86488E-04-1.38250E-03
 -1       730 7.36946E-04 6.89309E-04-1.79572E-03
 -1       731 7.73528E-04-6.97443E-04-1.79731E-03
 -1       732 1.04843E-03-9.81466E-04-7.14672E-04
 -1       733 9.37381E-04 3.42673E-05-6.97002E-04
 -1       734 7.68480E-04 6.62149E-04-9.55221E-04
 -1       735 7.84476E-04 5.82756E-04-7.27394E-04
 -1       736 5.08927E-04 3.03712E-03-7.68161E-04
 -1       737 4.60261E-04 3.70121E-03-9.02018E-04
 -1       738 5.67824E-04 2.49596E-03-8.00432E-04
 -1       739 6.87138E-04 1.21577E-03-7.88265E-04
 -1       740 4.16999E-04 6.14250E-03-1.40429E-03
 -1       741 3.53840E-04 7.34581E-03-1.46140E-03
 -1       742 4.28677E-04 6.43496E-03-1.45838E-03
 -1       743 5.66594E-04 2.38995E-03-6.51605E-04
 -1       744 6.50588E-04 1.68811E-03-1.39849E-03
 -1       745 6.03889E-04 2.59097E-03-1.08492E-03
 -1       746 6.58722E-04 1.94380E-03-1.24542E-03
 -1       747 4.88965E-04 3.84451E-03-1.17046E-03
 -1       748 6.88439E-04 1.40419E-03-9.82761E-04
 -1       749 5.21684E-04 3.14105E-03-9.44262E-04
 -1       750 4.17984E-04 4.38502E-03-1.03256E-03
 -1       751 5.00095E-04 4.54378E-03-1.34285E-03
 -1       752 6.18846E-04 1.95369E-03-8.29364E-04
 -1       753 4.01269E-04 5.11989E-03-1.21011E-03
 -1       754 4.00422E-04 5.84660E-03-1.33394E-03
 -1       755 2.25413E-04 7.10000E-03-1.21121E-03
 -1       756 4.37920E-04 3.58044E-03-7.34633E-04
 -1       757 7.84820E-04 4.50679E-04-4.44100E-04
 -1       758 4.33700E-04 6.72715E-03-1.50272E-03
 -1       759 3.44774E-04 6.02389E-03-1.25495E-03
 -1       760 2.84832E-04 6.93952E-03-1.29396E-03
 -1       761 3.71680E-04 6.07556E-03-1.36085E-03
 -1       762 3.38739E-04 7.03974E-03-1.40082E-03
 -1       763 6.26437E-04 1.87764E-03-6.61125E-04
 -1       764 7.00128E-04 1.15713E-03-1.30917E-03
 -1       765 7.29622E-04 1.02575E-03-5.84907E-04
 -1       766 1.81917E-04 5.02129E-03-5.66821E-04
 -1       767 4.97009E-04 5.51136E-03-1.45035E-03
 -1       768 5.64472E-04 4.58575E-03-1.47153E-03
 -1       769 3.88998E-04 4.26254E-03-8.56348E-04
 -1       770 4.91481E-04 5.23640E-03-1.40548E-03
 -1       771 5.77039E-04 3.89305E-03-1.38547E-03
 -1       772 6.15456E-04 2.52248E-03-1.36641E-03
 -1       773 6.23968E-04 3.12455E-03-1.43233E-03
 -1       774 5.51186E-04 4.56870E-03-1.44040E-03
 -1       775 4.96725E-04 5.79183E-03-1.48907E-03
 -1       776 6.10868E-04 3.15089E-03-1.40869E-03
 -1       777 6.27519E-04 1.57761E-03-1.39396E-03
 -1       778 4.87122E-04 5.02486E-03-1.39406E-03
 -1       779 1.41479E-04 4.89088E-03-4.04017E-04
 -1       780 4.73621E-04 5.77060E-03-1.56782E-03
 -1       781 1.73068E-04 5.76638E-03-7.18678E-04
 -1       782 8.65766E-04-9.69261E-04-1.64982E-03
 -3
    1PSTEP                         2           1           1          
  100CL  101 1.000000000         782                     0    1           1
 -4  STRESS      6    1
 -5  SXX         1    4    1    1
 -5  SYY         1    4    2    2
 -5  SZZ         1    4    3    3
 -5  SXY         1    4    1    2
 -5  SYZ         1    4    2    3
 -5  SZX         1    4    3    1
 -1         1-2.65536E+01-5.16562E+00-1.90818E+01 1.22541E+01 8.58380E-01-4.49397E+00
 -1         2 2.41315E+01-1.09557E+01 2.11531E+00 2.09710E+00 5.01810E+00 3.74921E-01
 -1         3 6.69479E+00-5.07303E+01-3.66315E+01-3.26046E+01-1.02052E+01-1.80446E+01
 -1         4 8.19343E+01 4.22469E+01 3.95592E+01 2.49392E+01-1.49826E+01-1.03769E+01
 -1         5 9.63963E-02-1.33942E-01-3.22364E+01 1.54074E-01 1.10969E+00-5.07452E+00
 -1         6 6.97488E-02-9.51997E-02-3.94074E+01-5.34826E-02 2.50688E+00-1.23771E+00
 -1         7-3.58091E-01 2.13494E-02 3.72373E+00 7.82336E-02 1.39950E+00 2.93402E+00
 -1         8-2.54319E-01-7.62309E-03-4.09041E+00-2.86720E-01 3.84286E+00 3.93025E+00
 -1         9-1.09747E+00-4.96855E-01-4.66271E+00 3.32398E-01-3.91540E+00-3.53144E+00
 -1        10 6.72523E-01-1.98727E-02-1.19226E+01-1.51650E-02-9.85072E-01-3.22378E+00
 -1        11-8.36189E-03-2.15044E-01 3.12676E+01 7.08678E-02-2.46788E+00 1.74892E+00
 -1        12 4.92629E-02-1.47452E-01 2.38255E+01-3.60666E-02-1.45567E+00 4.57777E+00
 -1        13-7.30141E-01 3.77691E-03 2.49959E-02-1.19574E-01-1.65739E-02 1.29854E-01
 -1        14-1.08808E+00 2.26156E-02-2.28656E-03-1.22392E-01-1.38730E-02-2.23784E-01
 -1        15-1.19525E+00-1.32704E-01 1.33759E+01 7.51067E+00-3.68343E+00-1.68350E+00
 -1        16-1.97474E+00-1.00092E+01 1.64156E+01 8.93275E+00-7.70409E+00-1.38873E+01
 -1        17-1.06806E+01-6.38047E+00 1.54976E+01-2.80665E+00-1.29401E+01-1.17114E+01
 -1        18 4.11587E+00 1.15902E+01-1.22999E+01 1.11394E+01 3.92439E+00-1.49556E+01
 -1        19-3.12392E+01-2.04241E+01-1.68569E+01 8.45248E+00-1.04633E+01-8.23614E+00
 -1        20-1.23294E+01-6.59296E+00 2.10726E+01-9.17894E+00 2.58292E+00-6.83051E-01
 -1        21 3.52906E+01-1.21520E+00 1.53268E+00-2.16868E+00-2.34577E+00-1.11911E+01
 -1        22-5.96109E+00-2.71868E+01-3.05552E+00-2.18229E+00-1.93668E+00-9.75558E+00
 -1        23 1.75131E+01 1.07815E+01 1.55282E+01 1.13917E+01 1.00330E+01 8.15240E+00
 -1        24 6.09541E+00-1.25257E+00 3.42114E+00 6.47720E-01 4.13598E+00 8.42217E+00
 -1        25 1.50320E+01 2.17040E+01 1.02232E+01 1.49103E+00-5.27416E+00-2.66475E+00
 -1        26 8.06712E+00 2.44665E+01 1.28939E+01 1.46236E+01-9.51727E+00-1.05409E+01
 -1        27-3.45458E+00-2.71774E+01 2.84414E+01 2.14961E+00-5.63714E+00-3.28968E+00
 -1        28-9.78921E+00-1.91630E+00 1.91099E+01 3.04573E+00-6.11292E+00-3.46620E+00
 -1        29-5.92529E-01 7.97495E+00-1.94837E+01 1.10623E+01-5.76415E+00-1.41150E+01
 -1        30-1.82938E+01-1.23240E+01 4.68462E+00-3.50440E+00-3.84648E+00-1.62664E+01
 -1        31-4.67237E+01-5.30755E+01-1.15199E+01-1.07808E+01-8.51836E+00 7.28567E-01
 -1        32 8.54823E+00-1.96670E+01-1.80574E+01-4.52639E+00 2.38840E+00-6.03474E+00
 -1        33-3.65714E-01-3.07954E+01-5.67014E+00-8.64612E+00-9.24206E+00-1.15721E+01
 -1        34-8.43349E+00-4.92306E-01 3.37583E+00 4.88629E-01 5.52612E+00-3.16677E-01
 -1        35 6.42117E+00 1.53097E+01 5.68685E+00 9.84223E+00 1.25967E+01 1.05965E+01
 -1        36-3.24324E+01-3.19894E+01-1.00345E+01-1.48372E+01-2.77991E+00-2.55474E+00
 -1        37-1.37583E+01 6.32668E+00-1.62709E+01 8.79345E+00-1.79913E+00 3.97989E-01
 -1        38-8.34092E+00-1.46028E+01-7.68837E+00 7.39506E+00 3.79640E+00 1.32478E+00
 -1        39 1.55940E+01 5.85238E+00-1.03016E+01 1.10437E+01 9.28105E+00-3.90104E+00
 -1        40-1.51428E+01-5.95363E+00-1.25937E+01-1.43234E+00 6.19614E+00 1.14563E+01
 -1        41-6.81684E+00-1.68166E+01-2.44043E+01-3.30056E+00-7.79766E+00-2.11320E+00
 -1        42 1.06979E+01-1.43098E+01 1.82276E+01 8.21592E+00 2.54875E+00 1.44104E+01
 -1        43-2.22640E+01 4.03683E+00 2.51975E+00 6.14224E+00-7.02283E+00-1.42776E+01
 -1        44 3.27609E-02-6.65682E-01 3.93851E-01-2.16056E+01 6.00049E+00 4.99106E-01
 -1        45-7.71314E+00 6.45470E+00 1.44945E+01 2.94930E+00 1.65409E+00 1.39645E+00
 -1        46-4.39188E+00 1.44844E+00 3.64111E+00 6.37777E+00-2.52217E+00-1.40008E+01
 -1        47-1.61243E+01 6.02595E-01-8.74436E+00-1.03792E+01 6.28770E+00 4.27922E-01
 -1        48-2.12397E+01-1.35051E+01-2.97117E+01-1.64992E+00-7.85697E+00-2.83140E+01
 -1        49-1.51470E+01-5.95208E+00-1.08852E+01-1.54456E+01-1.05940E+01-1.15334E+01
 -1        50 6.09226E+00-3.80201E-01-1.16628E+00-1.23957E+00 6.22846E+00-1.08538E-01
 -1        51 1.28676E+01-9.36438E+00-1.18852E+01 4.11343E+00 1.02632E+01 9.43144E+00
 -1        52 3.10196E+00-1.53470E+01-8.89227E+00 1.80706E+00-2.74916E+00 5.65342E+00
 -1        53 1.52369E+01 1.43431E+01 9.24803E+00 9.15864E+00 1.25490E+00 7.14666E-01
 -1        54 3.14877E+00-7.15848E-01 9.22878E-01 9.57988E+00 1.26237E+00 8.20492E+00
 -1        55-3.21754E+01-2.65194E+01-1.71053E+01-1.46061E+01-3.51752E+00-1.66665E+01
 -1        56-8.95716E+00-1.45555E+01-8.19042E+00-9.03612E+00 4.96446E+00 4.73929E+00
 -1        57-1.45217E+01 5.55114E+00 2.70174E+01 3.53999E+00-6.18832E+00-7.01372E+00
 -1        58-2.93741E+00 7.63471E-01-5.08976E-01-2.72943E+00 4.77751E+00-1.27767E+01
 -1        59-3.35996E+01-3.31226E+01-3.80867E+01-1.49809E+01-9.24311E+00-2.46569E+01
 -1        60-2.02477E+01 1.66302E+00-1.72733E+01-1.44409E+01-1.10781E+01-2.06960E+01
 -1        61-1.85897E+01-4.27315E+01-1.29876E+01-2.17107E+01-2.68042E+00 6.74408E+00
 -1        62-1.74678E+00 5.34568E+00 3.42673E+00 1.39688E+00 2.59148E+01 9.28121E+00
 -1        63-7.03369E+00-1.26625E+01-7.67743E-02-6.01166E+00 2.52052E+01 3.49640E+01
 -1        64 8.30366E-01 9.51919E+00-1.69577E+01-7.23065E+00-1.23594E+01 8.97566E+00
 -1        65 1.82000E+01-3.69934E+01 2.37385E+01-1.02222E+01 2.52350E+00 1.62148E+01
 -1        66 1.47118E+01-5.72249E+00-1.13068E+00-1.31306E+00 7.59679E+00 2.84754E+01
 -1        67 3.42445E+00 2.94437E+01 1.26462E+01-2.37356E+01 6.77040E+00 1.12710E+01
 -1        68-8.44126E+00-7.37302E+00-3.44768E+01-1.08000E+01 1.47517E+01 1.75246E+01
 -1        69-3.42189E+01-2.09728E+01-1.11972E+01-3.76226E+00-1.86399E+01-8.47169E+00
 -1        70 2.67386E+01-4.67929E+00 3.73152E+01 9.20448E+00-1.25700E+01-2.23796E+00
 -1        71-4.20794E+01-3.19076E+00 7.18146E+00-1.06329E+01 9.58859E+00 4.03805E+00
 -1        72 6.35661E+01-3.50655E+00 1.39474E+01 1.16330E+00 1.11989E+01 4.09200E+01
 -1        73-6.78577E+01-4.83749E+01-4.25746E+01-5.75561E+01-1.75630E+01-2.24094E+01
 -1        74 3.13033E+01-3.47529E+00 4.14510E+01-9.52318E-01 3.25232E+01 2.40599E+01
 -1        75-3.56026E+01-1.65399E+01-1.26444E+01-1.28984E+01 9.27462E+00 2.39434E+01
 -1        76-4.52200E+01-3.89434E+01-7.93995E+01-1.96969E+01 3.19551E+00 1.73363E+01
 -1        77 8.20450E+01 4.79468E+01 8.95348E+01 2.32421E+01 2.19150E+01 3.85111E+01
 -1        78-1.88113E+01-2.50195E+01 3.28673E+00-3.53841E+01 8.92539E+00 1.58867E+01
 -1        79-5.74516E+01-2.94912E+01-5.00035E+01-4.73455E+01 6.88099E+00-4.03737E+00
 -1        80-5.03041E+01-1.88570E+01-2.52503E+01-2.22557E+01-1.15422E+01-4.06193E+00
 -1        81-6.52503E+00 1.05473E+01 1.30240E+01 7.61827E+00-1.81215E+01 1.25993E+01
 -1        82-1.68041E+00 4.41539E-01 4.47333E+01 1.09047E+00 2.50197E+01 2.65570E+01
 -1        83 5.77012E+00-4.13064E+00-4.65525E+00 1.25168E+01 1.56337E+01 1.45420E+01
 -1        84 6.19462E+01-5.75148E+01-8.94547E+00-1.18554E+01 8.25833E+00 1.62002E+01
 -1        85-2.62436E+01-2.77516E+01-1.39876E+01-3.66923E+00-4.49933E-02 1.52395E+01
 -1        86-3.61323E+01-7.38297E-01-1.91862E+01-6.73347E+00-2.29134E+01 2.61088E+01
 -1        87-2.51298E+00 8.54860E+00-3.51950E+01-3.13450E+00-1.13276E+01 2.80141E+01
 -1        88 6.02493E+00-8.57224E+00-1.58406E+01-1.64561E+01-1.33193E+00 2.12283E+01
 -1        89 7.71794E+01 2.13809E+01 2.70044E+01 1.01959E+01 1.47409E+01 2.49529E+01
 -1        90-2.85204E+01-1.25885E+01-1.55578E+01 1.39634E+01 1.10625E+01 2.49551E+01
 -1        91-3.71868E+01 1.51662E+01-1.19163E+01-2.93910E+00-7.30735E+00 3.01679E+01
 -1        92-3.48189E+00 2.74353E+01-1.70149E+01 1.08465E+01 4.64431E+00 1.51373E+01
 -1        93 1.07017E+01-1.28022E+01-1.61756E+01-3.62761E+00 3.61597E+00-7.71971E+00
 -1        94 6.24900E+01 2.19707E+01 1.37266E+01 2.84888E+01-6.50385E+00 7.12417E+00
 -1        95-1.72136E+00-1.04890E+00-7.12110E+00 6.87088E+00 1.52131E+01 3.53040E+00
 -1        96 6.79168E+00 1.91394E+01 2.00170E+01-4.71828E-01-4.19953E+00-1.08489E+01
 -1        97-4.86242E+01 5.38289E+01-3.57234E+01 2.21611E+01-2.44831E+01 3.09819E+01
 -1        98-2.92845E+01-1.14853E+01-4.57540E+01-4.86254E+00-2.25370E+01 1.69748E+01
 -1        99 4.00425E+00-9.96067E+00-5.69554E+01-6.35164E+00-3.16124E+01-2.65413E+00
 -1       100 5.11172E+01-9.65565E+00 6.62793E+00-1.05563E+01 6.21926E+00 3.61308E+01
 -1       101 6.29810E+01 5.74480E+01 5.25123E+01 3.19936E+01 2.74326E+01 1.13604E+01
 -1       102-4.98555E+01 1.40125E+01-1.07565E+01 8.67669E+00-1.42675E+01 2.31873E+01
 -1       103-8.40938E+00 3.75646E+01-1.44624E+01 7.92843E+00-1.86998E+01 1.20333E+01
 -1       104 3.22829E+01-1.63130E+01-7.67909E+00 2.89749E+00-2.34811E+01-4.08110E+01
 -1       105-2.14034E+01-1.15483E+01-2.49795E+01 9.39092E+00 5.28600E+00 7.90700E+00
 -1       106 5.76432E+01 3.77405E+01 1.72663E+01 3.15075E+01 7.47635E+00 1.96952E+01
 -1       107 3.96509E+01 1.93429E+01 3.10834E+01 2.44256E+01 1.56598E+01 1.14160E+01
 -1       108-1.72531E+02 2.29594E+01-2.36923E+01-4.66628E+01-7.90918E+00 8.72859E+00
 -1       109 5.91178E+00-2.33010E+01-2.88073E+01-6.75827E+00 4.01089E+00 8.10234E+00
 -1       110 6.20276E+01 1.11614E+02 5.95566E+01 2.77803E+01-2.59631E+01-1.07109E+01
 -1       111-3.19956E+01-1.83721E+01-2.49985E+01-9.27971E+00 1.35896E+01 2.19675E+01
 -1       112-2.16332E+01-2.08569E+01-3.77888E+01-2.39306E+01-4.36196E+00-6.25404E+00
 -1       113-5.97088E-02 4.28511E-02-3.58952E+01-2.11877E-02 8.47901E-01-3.54478E+00
 -1       114 2.57264E-01 6.31444E-02-1.40422E+01 2.12850E-01 1.30756E+00-1.03421E+00
 -1       115-1.68880E-01 1.11673E-02-2.23274E-01-1.89548E-01 2.37477E+00 2.93156E+00
 -1       116 1.10106E-01 5.45896E-02-2.15631E+01-8.81428E-02 4.36484E+00 1.46422E+00
 -1       117-1.97830E-01-1.17926E-01-8.17797E+00 8.05525E-02-2.05475E+00-2.99116E+00
 -1       118-1.32853E-01-7.55827E-01 1.32204E+01 1.90193E-01-4.21126E+00-1.14837E+00
 -1       119 2.27415E-01-3.49311E-01 2.76047E+01-1.79552E-03-1.32907E+00 3.36030E+00
 -1       120-2.43412E-01-2.77877E-01 5.67205E+00-4.07033E-02-1.19508E+00 5.49049E-01
 -1       121 5.75533E-01 2.13026E-01-2.55680E+01 4.03848E-02-7.43552E-02-2.23476E+00
 -1       122-7.96536E-01-1.26582E-01-1.84782E+01 3.86133E-01-7.25463E-02-4.26552E+00
 -1       123-2.38556E-01-2.98693E-01 9.74871E+00-7.65744E-02 3.18384E-01 4.37906E+00
 -1       124-3.42715E-01 3.99759E-01 1.76234E+01 2.42196E-01-1.54796E-01 2.45286E+00
 -1       125-7.10687E-01 1.31415E-02-4.05083E-01-1.63385E-01 5.90663E-02 6.25817E-01
 -1       126-2.42487E-01-4.55851E-02-1.43113E+00-5.80027E-02 1.34915E-01 6.91264E-01
 -1       127 1.03395E-01 8.87571E-02-3.52625E+00-4.01258E-02 5.49838E-01 1.86959E-01
 -1       128 1.81719E-01-9.27118E-01-1.94540E+01 2.57686E-01 7.00453E-01-5.31839E-01
 -1       129 6.63749E+00 4.70772E+00-1.34250E+00 4.08183E+00 4.59953E+00 6.80473E+00
 -1       130 2.58342E+00 3.47264E-02-2.71977E-01 1.15984E+00-5.00671E-02 1.70287E+00
 -1       131-1.38318E-01 4.54757E-01-5.80678E-01 9.88091E-01-3.21007E-01 6.86581E-01
 -1       132-2.09482E+00-1.71011E-01-5.06398E-01-7.65170E-01 2.83002E-01 7.95782E-01
 -1       133-1.64048E-01-1.85053E-01 6.18524E-02-1.10136E-01-1.99180E-01 1.48153E-02
 -1       134-1.82157E-01 4.92883E-02-2.31937E-01 2.15057E-02-1.62303E-02-1.23468E-01
 -1       135-4.99381E-01-1.06648E-02-9.82572E-03-1.10188E-01-5.71281E-02-1.87045E-01
 -1       136-7.94112E-01-2.95587E-02-1.86916E-01-1.14457E-01 4.49032E-02 3.58965E-01
 -1       137-4.21930E-01-4.09703E-03-8.63298E-01-9.46044E-02 4.63069E-02 6.41955E-01
 -1       138-1.20259E-01 8.45842E-02-2.18680E+00-1.00748E-01 3.66644E-01 4.24474E-01
 -1       139-5.14086E-01 4.23667E-02-8.07422E+00 3.75881E-02 1.82452E-01 2.12145E-01
 -1       140-2.40326E+00-3.20681E+00-2.98179E+01 2.87197E+00 1.11460E+01 9.46607E+00
 -1       141 5.38893E+00 7.91847E-01 1.04967E-01 2.43756E+00 4.53678E-01 3.75789E+00
 -1       142 6.05808E-01-2.37645E-02-8.11745E-01 1.14091E+00-2.25467E-01 1.18871E+00
 -1       143-9.94283E-01 2.98528E-01 1.42762E-01 2.77219E-01 2.54485E-01 6.00640E-01
 -1       144-3.87252E-01-7.62102E-02 8.76377E-02-3.71397E-01-2.48059E-01 1.38973E-01
 -1       145-1.66232E-01 4.97809E-02-2.44738E-01 1.84608E-02-1.09961E-01 7.17619E-03
 -1       146-3.77448E-01-2.65613E-02-1.98621E-01-4.84251E-02-2.25932E-02-1.92772E-01
 -1       147-5.86818E-01 1.30949E-02 8.11643E-03-9.45350E-02-3.99964E-02-2.14095E-02
 -1       148-9.03982E-01 1.32167E-02 1.05643E-02-1.67112E-01-2.09587E-02-8.35317E-02
 -1       149-6.19918E-01 3.69916E-02-1.00809E-01-1.26154E-01 9.73585E-02 2.24454E-01
 -1       150-4.58757E-02 7.27761E-02-2.53308E-01-6.88641E-02 1.48334E-01 5.01241E-02
 -1       151-1.01342E-01-4.95045E-01 1.10943E+00 1.38686E-01-6.41006E-01-4.36301E-01
 -1       152-5.96232E-01-9.98377E-02-4.17581E-01-2.29044E-01-1.19816E+00-4.17100E+00
 -1       153 1.87602E+00 4.43197E-01 5.16590E-01 1.63917E+00-4.75737E-01-1.77761E+00
 -1       154 4.45202E+00-4.41434E-01 3.28149E-02 1.54752E+00-3.34896E-01-2.21192E+00
 -1       155 1.28974E+01 2.50396E+00 1.13806E+00 3.93079E+00-1.56043E+00-4.29868E+00
 -1       156 8.77101E-01-3.51856E-01-7.97779E+00 1.23070E+00-1.15521E+00 1.90580E+00
 -1       157 1.59936E-01-5.63875E-03-2.41608E+00 4.84782E-02-3.06412E-01-1.28180E-01
 -1       158-1.77240E-01 7.30655E-02-1.17135E+00-4.97679E-02-3.31375E-02-6.30480E-01
 -1       159-8.51086E-01 2.71161E-02-4.36926E-01-8.31619E-02-4.72965E-02-6.73290E-01
 -1       160-9.24858E-01 3.68083E-03-6.35430E-02-1.09384E-01 3.10419E-02 6.35147E-02
 -1       161-3.25493E-01 2.68077E-02-1.55988E-01-8.17162E-02 8.11529E-02 1.38778E-01
 -1       162 1.95550E-02-3.62131E-02-5.59800E-02-2.05509E-03-1.24019E-02-1.42997E-01
 -1       163-1.44368E-01-2.41755E-01 2.08718E+00 5.25076E-01-1.08367E+00-9.52918E-01
 -1       164-5.87520E-01 2.97943E-01 2.42574E-01 5.93603E-01-1.10516E+00-3.04707E+00
 -1       165 3.27475E+00-1.68227E-01 1.30307E-01 1.79125E+00-4.32927E-01-1.88399E+00
 -1       166 7.49198E+00 3.60868E-01 1.71555E-01 1.86045E+00-5.13957E-01-3.26432E+00
 -1       167 1.31131E+01 6.09515E-01-3.68862E+00 6.21682E+00-3.79929E+00-2.66573E-01
 -1       168-4.74409E-01-3.60512E-01-5.47602E+00 2.71053E-01-3.54060E-01 6.59047E-01
 -1       169 3.10699E-01 2.94213E-01-1.42423E+00 2.40586E-02-1.27144E-01-3.88180E-01
 -1       170-5.75089E-01-8.02927E-03-7.85676E-01-4.46413E-02-3.55118E-02-6.43013E-01
 -1       171-9.36683E-01 5.91498E-02-1.58471E-01-5.66121E-02-2.14375E-02-4.23080E-01
 -1       172-4.10778E+00-1.07686E+01-5.56265E+00 3.86440E+00-4.95694E+00-8.02087E+00
 -1       173 3.63335E+01 2.61423E+01 9.05900E+00 1.42391E+01-4.40814E+00-1.23199E+01
 -1       174-1.89598E+01-8.19365E+00-3.88898E+00-1.61461E+00-1.26149E+01-1.08333E+01
 -1       175 1.27762E+01 1.40188E+01 1.86489E+00-4.64506E+00-6.10381E+00-4.60161E+00
 -1       176 1.35828E+01 7.13101E+00 1.12013E+01 1.96351E+01-2.78744E+00-2.80933E+00
 -1       177 3.11988E+01 1.04363E+01 1.14413E+00 1.47789E+01-4.31402E+00-8.17550E+00
 -1       178-7.46190E+00-1.79700E+00-4.14010E+00-3.69924E+00-3.75876E+00-3.48470E+00
 -1       179-3.86493E+01-2.25415E+01-1.64960E+01-5.23212E+00-1.18482E+01-8.91866E+00
 -1       180 6.43619E-01-1.42802E+01 4.31053E+00 2.11609E+00-3.84401E+00 4.47219E+00
 -1       181 6.38368E+00-1.70094E+00 1.77558E+01 6.43153E+00 2.49963E-01 2.01468E-01
 -1       182 1.02341E+01 1.51218E+01-7.30782E-01 1.65081E+01-3.30544E+00 5.53088E-01
 -1       183-3.43591E+01-8.62290E+00-1.06705E+01 7.22788E+00-6.81272E+00-4.87042E+00
 -1       184-2.68469E+01-8.65240E+00 1.48556E+01-2.43884E+00 1.50654E+00-8.65527E+00
 -1       185 2.60507E+01 7.94861E+00 8.72709E+00-4.05296E+00 2.98373E+00 1.21142E+00
 -1       186-4.61694E+00 8.92063E-01 6.53977E+00-1.37834E+01 8.35021E+00 7.22871E+00
 -1       187-9.72293E-01-1.30801E+01 1.67665E+00-2.18324E+00 3.05644E+00 6.58501E+00
 -1       188-1.98748E+01-2.06471E+01-7.64677E+00-7.46970E-01 3.91945E+00-2.86602E+00
 -1       189 1.40841E+01 2.07158E+00 5.45377E+00-9.35923E-02-2.59447E+00-6.87103E+00
 -1       190 1.76623E+00-5.69457E+00 2.72307E+00-2.72408E+00 1.73258E+00-2.49694E+00
 -1       191-1.62667E+00-2.69588E+00-9.44729E+00 5.95283E+00 7.32125E+00-4.61408E+00
 -1       192-1.65114E+01-2.11313E+01-1.77381E+01-4.13189E+00-7.86415E+00-1.57622E+01
 -1       193 3.31528E+00 1.40397E+01 9.13763E+00 2.83010E+00 1.03968E+01 9.97488E+00
 -1       194-6.42792E+00-9.76410E+00-9.05445E+00-2.92871E+00-1.51059E+00-4.09794E+00
 -1       195 1.71528E+01 3.25443E+01 3.20166E+01 1.19385E+01 1.67050E+01 9.26488E+00
 -1       196-6.67954E+00-8.51435E+00-2.68606E+01-6.86251E-01-3.90001E+00-6.07703E+00
 -1       197 5.81137E+00-9.64794E+00 2.34959E+01 7.60627E+00 6.17181E-01 3.19489E+00
 -1       198 3.11731E+01 1.89945E+01 2.10352E+01 6.87299E+00-8.89551E+00-1.31234E+00
 -1       199-1.66899E+01-6.08574E-02 5.98518E+00-8.32608E+00 2.24657E+00 1.18450E+01
 -1       200-1.90773E+01-1.46581E+00 7.29716E+00-1.09919E+01-4.12282E+00 1.07340E+01
 -1       201-9.79594E+00 4.02989E-01-7.86466E+00-6.48737E-03 6.01646E-01 1.17952E+00
 -1       202 2.89602E+01-2.47378E+00-4.51022E+00-1.56617E+00-9.84689E+00 1.42107E+01
 -1       203-5.77263E+00 4.27972E+00-1.82392E+01 1.65656E+00-1.15087E+01-3.90218E+00
 -1       204 2.97643E+01 3.19899E+00 5.21087E-01-3.95174E+00-1.00250E+01 1.20080E+01
 -1       205-2.64330E+01-2.69335E+00-2.45465E+01-2.29747E+00-9.64862E+00-1.90349E+01
 -1       206-9.89804E+00 2.58462E+01 2.20788E+01 3.65161E+00 3.42052E-01 2.12318E+00
 -1       207 8.86950E-01 1.06291E+01 2.13158E+01 6.59626E+00 1.32014E+01 4.85119E+00
 -1       208 3.37045E+00 1.46635E+01 1.67512E+01-2.75212E+00-9.39554E-01-9.84657E+00
 -1       209-8.91543E+00-1.04611E+01-9.15884E+00 2.00746E+01 9.63507E+00-9.51380E+00
 -1       210 1.04574E+01 1.96395E+00 1.31187E+00 4.09531E-01-3.72642E+00-1.47312E+00
 -1       211 2.80192E+01 3.73380E+01 4.52979E+01 1.10540E+01 1.14333E+01 2.35679E+00
 -1       212 6.19762E+01 1.49684E+01 2.35470E+01-2.69521E+00-6.29956E+00-2.41409E+01
 -1       213-2.88801E+01 1.87033E+01-1.70152E-01 4.35241E+00 1.83686E+01 9.95952E+00
 -1       214 3.08060E+01-1.36148E+01 2.24949E+01-2.38746E+01 8.03411E+00 3.30087E+01
 -1       215 3.67236E+01-5.30975E+00 1.05475E+01-3.41431E+00 4.39678E+00 8.29242E+00
 -1       216-2.48215E+01 8.99641E+00 1.68870E+01 1.49379E+00 1.73815E+00-9.10515E+00
 -1       217-1.08948E+01-1.80686E+01-1.92714E+00-1.20896E-01 1.02915E+01 9.67642E-01
 -1       218-3.39628E+01-2.94880E+01-2.51240E+01-6.73598E+00 9.29110E+00-3.42193E+00
 -1       219-1.78246E+01-7.82039E+00 1.21752E+01-3.54544E-01-2.03492E+01-1.79541E+01
 -1       220-1.89116E+00 2.11400E+01 1.15381E+01 1.12424E+01 2.61224E+00-5.72709E+00
 -1       221-8.28443E+00 3.80692E+01 1.11370E+01 6.58235E+00 8.75400E+00 4.29343E-01
 -1       222 1.02983E+01 6.57494E+00-2.39199E+01 2.07706E+00-9.32795E+00-1.18888E+01
 -1       223-1.05930E+01-3.69823E+00-5.17856E+00-3.56007E+00-1.02833E+01-4.45146E+00
 -1       224-3.59656E+01 3.05794E-01-4.44121E+00-7.01404E+00-3.16962E+00 2.33670E+00
 -1       225-7.35374E+00 1.17479E+00-6.74403E+00 5.50527E+00-1.00687E+00-5.45563E-01
 -1       226 1.55730E+01 5.24258E+00-2.43213E+01 9.56318E+00 1.40220E+01-4.65608E-02
 -1       227 1.69597E+01-6.02688E+00-3.51177E+01 2.83661E-01-1.37858E+01-1.96992E+01
 -1       228 2.23262E+01 2.70041E+01 2.11885E+01 8.02991E+00-1.31374E+00 7.99040E+00
 -1       229-1.68805E+01-1.54892E+01-1.14782E+01 5.60711E+00-2.63629E+00 1.60445E+01
 -1       230 2.81716E+01 1.82958E+01 1.19942E+01 1.19113E+01-5.04792E+00 1.67782E+01
 -1       231 2.26378E+01 4.24225E+00 3.43878E+00 6.48651E+00-1.09753E-01-2.00264E+00
 -1       232-8.55615E+00-2.00930E+01 3.38899E+00-1.24312E+01-2.71355E+00-2.87293E+00
 -1       233 5.37656E+01 1.06169E+01 1.66828E+01-4.14001E+00-1.25678E+01 8.95091E+00
 -1       234 3.41609E+00 5.24117E+00 1.21312E+00 6.21375E+00-1.36210E+00-6.37979E+00
 -1       235 2.14509E+01 7.89369E+00 6.25769E-01 1.16518E+00 4.09061E+00-6.23304E+00
 -1       236 1.66668E+01-2.80939E+00-1.10943E+01-1.10353E+00-5.84848E+00 5.18006E+00
 -1       237-1.12796E+01-4.67819E+00 6.11268E+00-3.35164E+00 9.96684E-01 3.16210E+00
 -1       238 1.56817E+01 7.75601E+00 1.15021E+01 3.93462E+00 4.98855E+00 1.14255E+00
 -1       239-4.04618E+00 9.05618E+00 4.48067E+00 6.19000E-01 4.42606E+00 1.86232E+01
 -1       240-1.38475E+01-2.83254E+01 3.92403E+00-1.17535E+01 1.89810E+00 1.45569E+01
 -1       241 2.05528E+01 7.63005E+00 3.90413E+00 1.08717E+01 4.55605E+00 7.39295E+00
 -1       242-1.59860E+01 1.64895E+01 2.78316E+00 5.13316E-01 2.43880E+00 1.23563E+01
 -1       243-1.05697E+01-1.23854E-01 1.06788E+01-5.95131E+00-8.99734E-01 3.44154E+00
 -1       244 1.65408E+01 5.74225E+00 1.23023E+01 2.81422E+00-2.76760E+00-1.86895E+00
 -1       245 2.29382E+01 3.48487E+00 1.94521E+01 1.81694E+00-1.05733E+01 2.88563E+00
 -1       246 6.31117E+00-1.52315E+01 1.67979E+01-4.23851E+00-3.63625E+00 9.96213E+00
 -1       247-4.30972E+00 1.20672E+01 1.18690E+00 1.02718E+01-6.68105E-01-1.24482E+01
 -1       248-2.60228E+01-3.73990E+01-1.24941E+01-2.61027E+01-4.35387E+00-1.83916E+01
 -1       249-1.70937E+01 2.93255E+01 2.80271E+01 8.50671E+00 5.14003E+00 2.21786E+01
 -1       250-5.19018E+01 9.10254E+00-4.79505E+00-1.23104E+01-1.22678E+01 1.50912E+01
 -1       251 2.68906E+01 9.90803E+00-1.77922E+01 7.30383E+00-8.77711E+00-1.09410E+01
 -1       252 1.13720E+01-5.32458E+00-6.01617E+00-1.15319E+00-5.89237E+00 1.43390E+00
 -1       253 1.89529E+01-3.01773E+01-7.83983E+00 1.20052E+00 6.34180E+00-2.95957E+00
 -1       254-2.36440E+01-1.97341E+00-5.80423E+00 3.38406E+00-5.87882E+00-3.98233E-01
 -1       255 2.24806E+01-6.50517E+00 9.34883E+00-1.20430E+01-8.68793E+00 1.40113E+01
 -1       256 2.04455E+01 6.44788E+00 9.60532E+00-1.37414E+01-5.26578E+00 6.15434E+00
 -1       257 3.74025E+01 2.00539E+01 1.38975E+01-2.35240E+01-3.69324E+00 1.77996E+01
 -1       258 3.37762E+01-2.67321E+01-1.94117E+01-5.58197E+00 5.48675E+00 2.36214E+01
 -1       259-1.22277E+01 2.32492E+00-1.82205E+01-8.29231E+00 1.16339E+01 1.56406E+01
 -1       260 9.18314E+00 1.60728E+01 8.95400E-01 1.69452E+01-1.05453E+01 1.26925E+00
 -1       261-3.60312E+01-1.81893E+01 1.82317E+00-1.06881E+01-1.21942E+01-3.21788E+00
 -1       262-4.14672E+00 2.26746E+01 2.76799E+01 2.42628E+00-8.15836E+00 2.98006E+00
 -1       263 1.48012E+01-1.01092E+01 1.61613E+01 1.25045E+00-7.96365E+00-2.59066E+00
 -1       264-4.30279E+01-1.48943E+01 8.50981E+00-2.07178E+01 3.96944E-01 4.21118E+00
 -1       265 5.88420E+01 1.50944E+01 2.23048E+01 1.38170E+01-8.73872E+00-7.97859E+00
 -1       266 5.42202E+01 1.49793E+01 1.42989E+01 7.94687E+00-1.19444E+01 6.82939E+00
 -1       267-1.49168E+01 2.02110E+01-8.55106E+00 4.14096E+00 1.29552E+01 1.14977E+01
 -1       268-3.57627E+00-1.28477E+01 2.19817E+01-6.12168E+00-4.59626E+00 7.38189E+00
 -1       269-8.50537E+00-9.16631E+00-6.89170E+00 4.05936E-01-1.41655E+00 8.28021E+00
 -1       270-3.31744E+00-1.37785E+01-8.13114E+00-7.35730E+00 4.14465E+00-1.05621E+00
 -1       271-1.88642E+01 1.51130E+01-1.36292E+01-1.14006E+01-4.38305E+00 1.29836E+00
 -1       272 1.64004E+01-1.41261E+01-1.84488E+01 2.11855E+00-3.63680E+00-2.57821E+00
 -1       273-1.72657E+01-8.63615E-02-7.35802E+00 3.75734E+00-3.21421E+00 4.97116E+00
 -1       274-1.43816E+01 3.84359E+00 5.38646E+00-2.06875E+01-1.32996E+01 1.47175E+01
 -1       275 5.20586E+00 5.36751E+00-1.68717E+00-4.62390E+00-2.86619E+00 6.93789E+00
 -1       276-3.72193E+01-3.71327E+00-1.31661E+01 2.53269E+00 4.15241E+00 1.84565E+01
 -1       277 2.39024E+00 1.78545E+01-2.36591E+01 8.13012E+00 4.55346E+00 2.53179E+01
 -1       278-3.26877E+01-1.22341E+01-5.99272E+01-5.83081E+00 6.60360E+00 2.71770E+00
 -1       279 1.49354E+00 1.05664E+01 1.20644E+01-3.11374E+00 8.91206E+00 8.41839E+00
 -1       280-2.36958E+01-6.29562E+00-8.87977E+00-3.82913E+00 8.41820E+00-3.79027E+00
 -1       281-1.61358E+00-7.73589E+00-1.01650E+01-4.38885E+00 1.67066E+00 2.95729E+00
 -1       282 1.70951E+01-1.37665E+01 5.28294E-01 4.56991E+00 4.17987E+00 6.66948E+00
 -1       283 2.33573E+01 2.25153E+01 1.45073E+01 2.00834E+01 1.49457E-02 6.47986E+00
 -1       284 7.03858E+00-1.42034E+00-5.69438E+00 4.15198E+00 3.08961E+00 6.84221E+00
 -1       285-5.29439E+01-1.54927E+01-2.82737E+01-1.51693E+01 7.27682E+00 1.19045E+01
 -1       286-6.39656E+00 5.66193E+00 6.05782E+00 1.22163E+01-1.13138E+01-2.51081E+00
 -1       287-3.15909E+01-7.33391E+00-1.43944E+01-1.58255E+00 7.09211E+00 1.05437E+01
 -1       288 3.50307E+01 4.00133E+01-1.73090E+01 2.76888E+01 3.96074E+00 5.57963E+00
 -1       289-1.20219E+01-2.85907E+00-2.04588E+01 3.55483E+00 5.09552E+00 3.49829E+00
 -1       290 2.50842E+00 1.40052E+01-3.60423E+01 1.59965E+01 4.61946E+00 2.21280E+01
 -1       291 1.21608E+01 2.45141E+01-5.50071E+00 8.71412E+00 5.87072E+00 1.20218E+01
 -1       292-2.11355E+01-6.78412E+00-2.65465E+01-9.45476E+00-5.45205E+00 5.48176E+00
 -1       293-4.60827E+01-3.33414E+01-4.75560E+01-1.87755E+01 4.12806E+00 1.77165E+01
 -1       294-5.13684E+00-2.41856E+01-3.28224E+01-5.09981E+00-5.44012E-01 1.30385E+01
 -1       295 1.51116E+01 3.31589E+00 2.14766E+01 4.12490E+00-4.66446E-01 9.56812E+00
 -1       296 6.60482E+00 4.89712E+00-1.90465E+01-1.64312E-01 2.38575E+00 2.47904E+00
 -1       297 1.49785E+01 4.71147E+00 9.82439E+00 1.62624E+01 3.26397E+00 1.26227E+01
 -1       298 2.33297E+01 3.63176E+01 4.28408E+01 1.79685E+01-1.29008E+01-8.87292E+00
 -1       299 2.60501E+01 1.51345E+01 2.09733E+01 2.67451E+00-5.23033E+00 4.02786E+00
 -1       300 1.56858E+01 1.76336E+01 1.26757E+01 5.67919E+00-3.57034E+00 1.37798E+00
 -1       301-1.21930E+00 2.18702E+00 1.19817E+01-1.50838E+01-1.37710E+00 1.28223E+00
 -1       302 1.94410E+01 1.59558E+01 3.08601E+01-2.15093E+00-1.56945E-01 1.87931E+01
 -1       303-5.95472E+00 6.84463E+00-2.90576E+00-5.44993E+00 5.72949E+00 6.97868E+00
 -1       304-1.58139E+01 1.15919E+01-3.45495E+00 1.07492E+01 4.02515E+00 1.28356E+01
 -1       305-5.55257E+01-2.19839E+01-1.21803E+01-1.21684E+01-1.23565E+01 1.46262E+01
 -1       306-2.65597E+00 1.10606E+01 1.66653E+01 2.22468E+00-7.76173E-01-2.68632E+00
 -1       307-1.07159E+01 1.31695E+01 9.23527E+00 5.46693E+00-3.20941E+00-1.00460E+01
 -1       308-4.35392E+01 1.92048E-01-1.40296E+01 2.60043E+00 1.25443E-01 8.10790E+00
 -1       309 9.92678E+00 2.05388E+01-4.49041E+00 1.04484E+01-1.07933E+01-2.80584E+01
 -1       310-6.09381E+00 1.50724E+01-1.13569E+00-5.97213E+00-2.11500E+00-7.00296E+00
 -1       311-1.18526E+01 5.06762E+00 2.20238E+00-5.04329E+00 1.05196E+01 1.62796E+01
 -1       312-5.46649E-01-4.61180E+00-1.28597E+01-4.85770E+00 5.45728E+00 6.13072E+00
 -1       313 1.44751E+00-1.34292E+00-1.58739E+01 3.42423E+00 1.05324E+00-7.99040E+00
 -1       314 9.50825E+00-1.28223E+01-9.74899E+00-1.92502E+00-7.57388E+00-4.65613E+00
 -1       315 8.74175E+00 6.90534E+00-9.44931E+00-4.30147E-01 4.88501E+00-1.24243E+01
 -1       316 3.13345E+00-8.36090E+00-7.30703E+00-7.01633E+00-7.08108E+00-1.12523E+01
 -1       317 7.68798E+00-8.97948E+00-1.87839E+01-8.37749E-01-6.92755E+00-9.59689E+00
 -1       318 1.02964E+01-1.11889E+01-1.07259E+00-1.23907E+00 2.28116E+00 1.61467E+00
 -1       319-4.20687E+01-1.15402E+01-1.90452E+01-1.29819E+01-3.65339E+00 3.37034E+01
 -1       320 7.62894E+00 1.62882E+01-2.52262E+01 1.06575E+01-1.10461E+01 2.63281E+01
 -1       321 1.01052E+01 5.89562E+00-2.74165E+01 9.00121E+00-3.40917E+00 1.03211E+01
 -1       322-3.84164E+01-1.70743E+01-6.92387E+01-4.91110E+00-4.99404E+00 1.51836E+01
 -1       323-3.65206E+00 6.27133E+00-1.49909E+01-7.48555E+00-1.66729E+00 1.24716E+01
 -1       324-3.06268E+01-1.27004E+01-3.17964E+01-1.95097E+01-3.28520E+00 2.07854E+01
 -1       325 2.00228E+01-6.75124E+00 1.24178E+01-1.24682E+00-6.82831E+00 8.58537E+00
 -1       326 1.54039E+01-9.48916E+00 1.79614E+01-1.92930E+01-1.09366E+00 1.18065E+01
 -1       327-5.52532E+01-8.45873E+00-1.41306E+01-1.60812E+01-9.66001E+00 1.38321E+01
 -1       328-2.45769E+01 5.04963E+00 1.09085E+01-3.07454E+01 1.44770E+00 1.38252E+01
 -1       329-3.05855E+01 1.50765E+01 1.21006E+00 1.30193E+01 8.00673E+00 3.19527E+01
 -1       330-6.99919E+01-3.88890E+01-3.39747E+01-4.57209E+00-1.90910E+00 2.41110E+01
 -1       331 2.17367E+01 1.94200E+01 1.50367E+00 1.85628E+01 6.67060E+00 1.43812E+01
 -1       332-2.85487E+01 2.85683E+00-1.87271E+01 7.36997E+00-1.68144E+01 9.87409E+00
 -1       333-2.84101E+01-3.91222E+00-2.13558E+01-2.17331E+01-9.93154E+00-1.89254E+01
 -1       334-6.63086E+00 2.78959E+01-5.10837E+00-1.12595E+01-3.21979E+00 5.77753E-01
 -1       335 4.77362E+01-5.87570E+00-1.45069E+01 1.37322E+01-1.09343E+01-1.03860E+01
 -1       336 3.56646E+01-6.88283E+00-1.29740E+01 6.38326E+00-1.18818E+00-7.71257E+00
 -1       337-2.06473E+01-2.69464E+01-1.44233E+01-9.43583E+00 5.14524E+00-2.90841E+00
 -1       338 5.57887E+00-2.02122E+00-8.21649E+00 4.12166E+00 6.91684E+00 1.13796E+01
 -1       339 2.23261E+01 2.83206E+01 2.78224E+01 1.49795E+01 2.32739E+00 1.30870E+00
 -1       340-1.03332E+01 6.99539E-02 2.65059E+01-5.83247E+00 1.68254E+01 1.22245E+01
 -1       341-1.07013E+01-2.30479E+01-5.81489E-01-6.05547E+00-2.58383E+00 1.69209E+01
 -1       342-1.67323E+01 2.48365E+00-4.96092E+01-1.01183E-01-9.56097E-01 1.49994E+01
 -1       343-2.61696E+01-1.60358E+01-2.07561E+01-2.75449E-01 9.05709E+00 1.81003E+01
 -1       344-2.29528E+01 8.09983E-01-3.19074E+01 1.72631E+01-3.59646E+00 2.63156E+01
 -1       345 1.30582E+02 6.63604E+01 1.59803E+01 3.01639E+01-1.29936E+01 1.83404E+01
 -1       346 2.31843E+01-5.22864E-02 3.50394E+00 8.21222E+00-4.45505E+00 3.23042E+00
 -1       347-2.45697E+00-2.88460E+01-1.95383E+01-1.38934E+01-5.63834E+00 1.28532E+01
 -1       348 1.43705E+01 5.06040E+01-7.59914E-01 1.00859E+01-1.06981E+01-7.11674E+00
 -1       349-1.58881E+01 1.48903E+01 1.37972E+01-6.86659E+00-4.24532E+00 9.22929E+00
 -1       350 2.88111E+01 3.38356E+01 3.55671E+01 3.30884E+00 1.91033E+01 1.25891E+01
 -1       351-2.35109E+00 2.14879E+01 1.11351E+01 1.83503E+00 4.61781E+00 2.07912E+01
 -1       352 5.31765E+01 5.88078E+00 1.12122E+01-4.28526E+00 3.65242E+00 2.89947E+01
 -1       353 4.26725E+01-3.80101E+00 2.73564E+01-7.73820E+00-1.21585E+01 3.36700E+01
 -1       354-2.93284E+00 2.73934E+00 1.10253E+01 7.43739E+00-9.74357E-01 3.51829E+00
 -1       355-9.22833E+00-3.40328E+01-2.87088E+01-1.86763E+01-2.72632E+01-2.50282E+01
 -1       356 1.02802E+00 8.59936E+00-2.20567E+01-4.89677E+00 1.24812E+01-3.42346E+00
 -1       357 9.82034E+01 1.56627E+01-8.03667E-01 1.87950E+01 9.54484E+00 1.96948E+01
 -1       358 7.79832E+01 3.81017E+01 2.58322E+01 1.76419E+01 2.76787E+00 3.95231E+01
 -1       359 7.86107E+01-8.31522E+00-9.99743E+00-2.16455E+01 4.39403E-01 2.14433E+01
 -1       360 1.06230E+01-1.51307E+01-9.21509E+00 1.29608E+00-1.82338E+01-1.91420E+01
 -1       361 2.49712E+01 1.97626E+01 1.43510E+01 2.03546E+00-9.80569E+00-4.79615E-01
 -1       362-2.47138E+01-2.39625E+01 1.02040E+01-1.07974E+01 2.16401E+00 1.37556E+01
 -1       363-2.04194E+01-7.94760E-01 1.18723E+01-1.49407E+01 2.28300E+00 2.50593E+00
 -1       364 3.27640E+01 4.23867E+01 2.14303E+01 1.26861E+01 5.34022E+00-3.69081E+00
 -1       365-1.86614E+02 1.81024E+01-3.98850E+01-3.94404E+01-6.97474E-01-2.10810E+00
 -1       366-9.34743E+01-6.71255E+00 1.59638E+01-4.24527E+01 2.05326E+01 1.57760E+01
 -1       367-1.73621E+01-1.91464E+00-6.19890E+00-5.83529E+00 1.65654E+01 2.85880E+01
 -1       368 8.20724E+00-1.66538E+01 1.55576E+00-5.32363E+00 6.40188E+00 2.50881E+01
 -1       369-9.70427E+00 5.87597E+00-2.26580E+01-6.41340E+00 9.26688E+00 3.95049E+01
 -1       370 1.29597E+01-1.12416E+01-3.77753E+00-3.01453E+00 3.69457E-01-1.73127E+00
 -1       371-8.48489E+00-1.32364E+01-1.66243E+01-2.27848E+01 4.08709E+00-3.43398E-01
 -1       372-3.83820E+01-1.87148E+01-9.01421E+01-4.30713E+00-1.47184E+00 2.40745E+01
 -1       373-3.88670E+00 1.34151E+00-1.60315E+01-7.33814E+00-1.56498E+01-1.26427E+01
 -1       374-6.03657E+01-1.90037E+01-5.50606E+01-1.11074E+01-1.41401E+01 2.21165E+01
 -1       375 2.44602E+01 2.69440E+00-1.72406E+01 4.78169E+00-1.22788E+01 5.27142E+00
 -1       376-4.90480E+01-4.98917E+01-5.19296E+00-2.39486E+01-1.24042E+01-3.02004E+00
 -1       377 8.00723E+00 3.77245E+00-4.33793E+00 1.04363E+01 2.66023E+00 1.01083E+01
 -1       378 4.08255E+01-1.69737E+01 5.30296E+01-6.86297E+00-7.57554E+00 1.81376E+01
 -1       379 2.93340E+01-2.49195E+01 1.65221E+00-1.23713E+01-3.84896E+00 3.53610E+01
 -1       380 2.39185E+01-4.32972E-01 6.82244E+01-6.78022E+00-7.09658E+00 1.74598E+01
 -1       381 2.53014E-02-1.57682E+01-4.87793E+00-1.74642E+01 2.97882E-01 1.76665E+01
 -1       382 4.80918E+00-1.67459E+01-7.71289E+00-1.49047E+01 1.00861E+01 2.09330E+01
 -1       383 4.47102E+01-1.74758E+00-3.25906E+00-1.27628E+01-3.14427E+00 4.90266E+01
 -1       384 7.61935E+00 8.96740E+00-1.48060E+01 1.50126E+00-1.00703E+01-3.75675E+00
 -1       385 5.41084E+00 5.00956E+01 2.80237E+01-8.62854E+00 1.86092E+00 7.55078E+00
 -1       386 6.17854E+01 4.16347E+01 3.56424E+01 1.49137E+01 1.28352E+01 3.62763E+01
 -1       387 9.05320E-01 8.90725E+00-3.50524E+01 8.18145E+00 1.62551E+00 3.12352E+01
 -1       388-6.35280E+01-2.34442E+01-4.22488E+01 2.58230E+00-1.66117E+00 2.19280E+01
 -1       389 3.20009E-01 5.21047E-02-2.09181E+01 9.45057E+00-1.10727E+01 2.31087E+00
 -1       390-2.08122E+00-1.95897E+01-1.36392E+01 4.61261E+00-2.34663E+00 7.85642E+00
 -1       391-1.73518E+01-1.10880E+01 3.08796E+00-3.77230E-01-6.72770E+00 7.45449E+00
 -1       392-2.83873E+01 1.86243E+00-2.26381E+01 8.06044E+00 2.08972E+00 1.61763E+01
 -1       393 5.70096E+01 5.70469E+00 4.54487E+01 2.26139E+01 7.59032E-01 3.56732E+00
 -1       394-1.48759E+01 2.51719E+01 2.08604E+01 5.47946E+00 2.59678E+00 6.75379E+00
 -1       395-2.11582E+01-1.22774E+01-6.51232E+00-1.63084E+00-1.16880E+00 6.62963E+00
 -1       396-1.76922E+01-1.38868E+01 1.54804E+01-9.89025E+00 1.66164E+01 8.93295E+00
 -1       397 4.84699E+01-1.24785E+01 1.62624E+01 3.75558E+00 1.12094E+01 1.76503E+01
 -1       398-8.23836E+00 3.01094E+01 3.05764E+01 6.60580E+00 1.06505E+01 1.08636E+01
 -1       399-1.64554E+01-6.78893E+00 1.62118E+01-6.40370E-01 3.77698E+00 8.69511E+00
 -1       400 5.77006E+01 1.89743E+01 1.27012E+01 2.02628E+01 1.22509E+01 2.53421E+01
 -1       401 1.00137E+02 5.19948E+01 2.01478E+01 2.61819E+01-1.89971E+01-4.19942E+00
 -1       402-2.24653E+01-2.36486E+00 4.68453E+00 3.21877E-01-1.28768E+01 2.04267E+01
 -1       403 6.48446E-01-1.50782E+01-2.32894E+01 9.63521E+00 5.33357E+00 1.97534E+01
 -1       404 2.23690E+00-1.04398E+01-1.81661E+01 8.40115E+00 1.26885E+01 2.23313E+01
 -1       405-1.45988E+01-9.86900E+00-1.17500E+01-9.60889E+00-4.73741E+00 5.51851E+00
 -1       406 4.22560E+01 2.68424E+01-4.75477E+00 1.38556E+01 1.28301E+01 4.03037E+01
 -1       407 1.48381E+01 2.15022E+01-4.44807E+01 1.36170E+01 7.60365E+00 3.10877E+01
 -1       408 5.13964E+01 2.41012E+01 8.55271E+00 1.60059E+01-7.94303E+00 1.06705E+01
 -1       409-6.18308E+01-3.41148E+01-6.88430E+01-1.47965E+01 9.05849E-01 1.90101E+01
 -1       410 9.82390E+01 4.34256E+01 1.91779E+01 2.51507E+01-1.77814E+01 2.57462E+01
 -1       411 9.02731E+00-8.86656E+00 2.01298E+01-1.67383E+01 9.45052E+00 4.12459E+01
 -1       412 6.16201E+01 3.63613E+01 3.11804E+01 3.07764E+01 1.20634E+01 1.89095E+01
 -1       413 4.87439E+01 1.11313E+01 2.02130E+01-3.92859E+00 6.61563E+00 2.67385E+01
 -1       414-3.13868E+01-1.24414E+01-1.69305E+01-9.72993E+00 1.26102E+01 4.09692E+01
 -1       415-6.19726E+01 6.74507E+00-1.14969E+01-8.22659E+00 5.33173E+00 2.76008E+01
 -1       416-4.60021E+01 1.41816E+01-3.11206E+01 5.30807E+00 3.65564E-01 2.86635E+01
 -1       417-2.59486E+01-9.79217E+00-2.18839E+01 2.54622E+00-5.39754E+00 3.02778E+01
 -1       418 2.91286E+00 1.49804E+01-4.80485E+00 3.75948E+00 2.17759E+01 2.62270E+01
 -1       419-3.66359E+01-2.91672E+01-2.96263E+01-8.56247E+00 1.90282E+01 2.45543E+01
 -1       420 1.08564E+01 3.31530E+01 1.31179E+01 1.22075E+01 1.80542E+01 2.02649E+01
 -1       421-7.86234E+00-4.92853E+00-8.60288E+00-4.05938E+00 7.08751E+00-1.31008E-01
 -1       422 1.37269E+01 1.43444E-01 1.15720E+01 6.11639E+00-1.79994E+00 4.16749E-01
 -1       423 2.59407E+01 3.20084E+01 2.68713E+01 1.59802E+01-4.97957E+00 6.17427E+00
 -1       424 1.60854E+01-3.14914E+00-7.11538E-01 9.08370E+00 4.38068E+00 3.20694E+00
 -1       425 6.53639E+01 4.81789E+01 2.73412E+01 2.77870E+01-5.15933E+00 6.63315E-02
 -1       426 7.15170E+01 7.02233E+01 3.33829E+01 2.79642E+01 2.23979E+01 1.06714E+01
 -1       427 9.65322E+01 7.57155E+01 3.81071E+01 4.42411E+01 1.38508E+01 9.69994E+00
 -1       428 2.17334E+01-5.55313E+01-2.90984E+01-3.04160E+01-1.66218E+01 1.78625E+00
 -1       429-4.30803E+01-4.33388E+01-2.43263E+01-2.19418E+01 2.18362E+01 2.00787E+01
 -1       430 3.01841E-01 1.89240E-01-1.79481E+01 3.34224E-02 2.31667E+00-5.24103E-01
 -1       431-7.99839E-01-5.75431E-01 9.38519E+00 1.76351E-01-2.54545E+00 1.79462E-01
 -1       432 2.87926E-01-2.48228E-03-2.21134E+01 7.72151E-02-5.13210E-02-4.31938E+00
 -1       433 1.37824E-01-2.61463E-02 1.38964E+01-4.73938E-02 6.01229E-02 4.10112E+00
 -1       434 5.02501E-02 6.96751E-02-4.57291E+00-6.69016E-02 3.57762E-01 1.03630E+00
 -1       435-4.48938E-01 1.05897E-02-6.14573E+00-2.09571E-01 1.84972E+00 3.23232E+00
 -1       436-1.98605E-01-3.63823E-01-2.38230E+01-1.39602E-01 2.79072E+00 7.30250E-01
 -1       437 3.52850E-01-2.03468E-01-1.01117E+01 3.94377E-02 6.00567E-01-1.52416E+00
 -1       438 3.79976E-01 3.00221E-01 8.01812E+00 1.84266E-02-1.39007E+00 2.50658E+00
 -1       439-6.58400E-01 2.35361E-01-3.78813E-01-4.65238E-02-7.81899E-01-1.01250E+00
 -1       440-7.74254E-01-7.66575E-02-1.64502E+01-1.92281E-01 5.86350E-01-2.93172E+00
 -1       441-1.27024E+00-1.10570E-01 1.39944E+00 3.64404E-01 3.63132E-01 1.08633E+00
 -1       442-4.85631E-01-1.86766E-02-2.39392E+00-6.94931E-02-2.39076E+00-2.38138E+00
 -1       443-2.20402E-01 2.36980E-02 1.54297E+01 1.94665E-01-1.85226E+00 1.16688E-01
 -1       444-8.42959E-01 4.23704E-02-1.02998E-01-1.62030E-01 3.98473E-02 1.83837E-01
 -1       445-7.95274E-01-1.35675E-02-4.83118E-02-1.28573E-01-3.96533E-02-2.29434E-01
 -1       446-7.30515E-01 1.68523E-03-2.80291E-01-1.88054E-01 9.72858E-02 4.36205E-01
 -1       447-6.72915E-01-1.04561E-02-2.37749E-01-1.13634E-01-7.03172E-02-4.40447E-01
 -1       448-4.17410E-01-1.35088E-03-4.19298E-01-1.28752E-01 1.21276E-01 3.79924E-01
 -1       449-1.52780E-01 5.32552E-03-8.00610E-01-1.11225E-01 1.56003E-01 3.66633E-01
 -1       450-1.32790E-01-2.45567E-01-6.81427E-01 6.53962E-02-5.65240E-02 2.29862E-01
 -1       451 1.82150E-01-2.47000E-02-9.36978E-01-1.69604E-02-4.91272E-03-1.72287E-01
 -1       452-4.85618E-02 1.06830E+00-2.95499E+00 8.15384E-02 3.84756E-01-4.21275E-01
 -1       453 5.25081E+00 5.39077E+00 2.11637E+00 2.42333E+00 4.49638E+00 3.32044E+00
 -1       454-1.86383E-01-1.20112E+00-1.31532E+01 4.17756E-01-5.33252E-01-2.84489E+00
 -1       455 4.95134E+00 1.11201E+00 3.54285E-02 2.65835E+00 7.41320E-01 1.44637E+00
 -1       456 3.81762E+00 1.42405E-01 5.24458E-02 1.77806E+00-9.33680E-02-2.40671E-01
 -1       457 4.14139E+00 2.90977E+00-7.40127E-01 2.99697E+00 3.41512E-01 5.72716E-01
 -1       458 2.41633E+00-1.26046E-01-1.99906E-01 1.18151E+00-2.03059E-01-5.86052E-01
 -1       459 5.01936E+00 1.51726E+00 3.66201E-01 2.31173E+00-8.33765E-01-1.74465E+00
 -1       460 6.66030E+00 1.43278E+00 8.36776E-01 2.21398E+00-6.35684E-01-1.48214E+00
 -1       461-8.96476E-01-4.40011E-01-4.66446E+00 1.17758E-01-4.32941E-01 1.61316E+00
 -1       462 2.73840E-01-1.38431E-01-3.01330E+00 3.16411E-01-5.40262E-01 2.99158E-01
 -1       463-2.41206E-01-3.08466E-02-8.26319E-01-9.01251E-02-4.28467E-02-1.83782E-01
 -1       464-1.95131E-01 6.30546E-02-7.14280E-01-5.71854E-02-6.31203E-02-3.82489E-01
 -1       465 8.92830E-03-7.27357E-02-9.92308E-01-7.28234E-02-2.75772E-01-8.93162E-02
 -1       466-3.57768E-01 2.73386E-02-5.05305E-01-7.54784E-02-4.03786E-02-4.22331E-01
 -1       467 1.23361E-01-3.48732E-01 2.94214E-01-3.44299E-01 1.28072E+00 2.06245E+00
 -1       468-6.75133E-01-2.30594E-01 3.14394E-01 2.54123E-02 7.53659E-02 4.58906E-01
 -1       469-2.59627E-01-1.25557E-01 8.08512E-02-1.29245E-01 8.98879E-03 3.81280E-01
 -1       470 1.70434E-03-6.28988E-02-1.58737E+00-6.20226E-01 1.10744E-01 4.06364E+00
 -1       471-2.56501E-01 1.49939E-01-3.89673E+00-2.73280E-01 1.96200E-01 3.01068E+00
 -1       472-1.05268E-01-1.96360E-01-1.37287E+00-6.45998E-02 1.24913E-01 1.56380E+00
 -1       473-1.39444E+00-1.63585E-01 6.31749E-02-2.40023E-01 6.04944E-01 1.83014E+00
 -1       474-5.55037E-01-3.86380E-03-9.50142E-02-4.47961E-02-2.16113E-02 7.03208E-01
 -1       475-2.77445E-01 1.33461E-02 1.55035E-01 5.80074E-02-8.53678E-02-4.53823E-02
 -1       476 1.34534E-01-1.33939E-03-2.94541E+00-3.01351E-02 1.21568E-02 1.37993E+00
 -1       477-1.79794E+00-1.51401E+00-5.29783E+00-1.19419E+00 1.01352E+00 6.62334E+00
 -1       478-6.22685E-01 6.94584E-03-2.37316E-01-8.35938E-02 2.22489E-02 6.50027E-01
 -1       479-6.56721E-01-7.49652E-03-3.20302E-02-6.80999E-02-1.66922E-02 4.16220E-01
 -1       480-5.83051E-01 5.06986E-03 5.33218E-02-4.72771E-03 8.08418E-03 3.11517E-01
 -1       481-5.33385E-01 1.59726E-03 6.60873E-02-3.51573E-02-1.82951E-02 1.34032E-01
 -1       482-5.19089E-01-2.22792E-02 1.17364E-01 2.79444E-02-2.06565E-02 6.03434E-01
 -1       483-2.91038E-01-1.23691E-02-1.43162E+00 1.18748E-02 7.30282E-02 1.04286E+00
 -1       484-4.28865E-01-1.14659E-02-8.32042E-01-5.71847E-02 1.66628E-02 9.50553E-01
 -1       485-2.82488E-01-1.07510E-02-5.35913E-01-4.09180E-02-1.83823E-03 1.10977E+00
 -1       486 1.73831E-02-1.05443E-01-3.45480E+00-7.01433E-02 2.23333E-01 7.94851E-01
 -1       487-9.39874E-02-3.50665E-02-2.16774E+00-2.32512E-02 5.08097E-02 9.98341E-01
 -1       488-1.86542E-01-1.50241E-02-2.20518E+00-2.69879E-02-2.82735E-04 1.43151E+00
 -1       489 9.61187E-01-2.18995E-01-1.04589E+01-2.48352E-01-3.42148E-02 2.11327E+00
 -1       490 9.09248E-02-1.28091E-01-4.68060E+00-1.00464E-01 3.74630E-01 1.64639E+00
 -1       491 4.38054E-01 1.28125E-01-3.37224E+00-1.53321E-01 1.47520E-01 2.02911E+00
 -1       492 2.08431E+00 1.57263E+00-3.19832E+00 9.83835E-01 5.13006E+00 8.39322E+00
 -1       493-1.48768E+00-2.26391E+00-1.73657E+01-3.31027E-01 1.18833E+00 3.80831E+00
 -1       494-2.03106E+00-4.02748E-01-6.62367E+00-2.06742E-01 4.37062E-01 6.12390E+00
 -1       495 1.15789E+00-8.76552E-02-7.33753E-01-1.07361E-01-1.18603E-02 2.68594E+00
 -1       496 1.81802E+00 7.96688E-01-1.84898E+00 7.45062E-01 3.27340E-01 4.19403E+00
 -1       497-1.07840E+00-1.14053E+00-3.98929E+00-7.02567E-01 4.11066E-01 5.04199E+00
 -1       498-1.35679E+00-9.56172E-02-7.77144E-01-1.94183E-01 3.47664E-01 1.74960E+00
 -1       499 5.61725E-01-6.92432E-02-7.15651E-01 2.48279E-01 2.66092E-01 1.98288E+00
 -1       500-4.82538E-02 5.72908E-01-6.45901E-01 1.60878E-02 2.79374E-01 2.63000E+00
 -1       501-1.90520E+00-1.65674E-01 2.01256E-01-3.69213E-01 4.20544E-01 1.09402E+00
 -1       502-2.80057E-01-6.01836E-03 1.96484E-01-4.39123E-03-2.04351E-01-1.12844E-01
 -1       503-8.23977E-01-6.15859E-02 5.16365E-01-4.33761E-01-1.80336E-02 1.90494E-02
 -1       504-8.52860E-01-2.21988E-02 7.09082E-01-1.00584E-01 2.87777E-01 1.05508E+00
 -1       505-3.50674E-01-4.28018E-02-6.01058E-02-3.87953E-02 1.62911E-02-2.01627E-02
 -1       506-3.99469E-01-7.91034E-03 6.57527E-02-2.41951E-02-4.74565E-02-1.32554E-01
 -1       507-2.43113E-01-3.03135E-03-7.21944E-02 5.84971E-02-3.06846E-02-1.19024E-01
 -1       508-6.19912E-02 1.12548E-01 3.39566E-01 3.21655E-03-8.78125E-02 1.01234E-01
 -1       509-4.04629E-01 3.74545E-02 4.04371E-01 2.15315E-02-5.64837E-02 2.22469E-01
 -1       510 2.68978E-01-1.77287E-01 6.20188E-01-1.22658E-02 6.71952E-01 5.35995E-01
 -1       511-5.89724E-01-4.44537E-01-9.13081E-02-1.30938E-01 1.45027E-01 5.74083E-01
 -1       512-4.76846E-01-3.33236E-01 1.68268E+00-1.04369E-01 6.63064E-01 7.76641E-01
 -1       513-4.53989E-01-4.17646E-01-5.56767E-01 8.11693E-04 1.74112E-01 1.12465E+00
 -1       514-8.30637E-02-2.60840E-01 8.48549E-02-4.83423E-01 7.66428E-01 2.26680E+00
 -1       515-4.55719E-01-2.81405E-01-3.89981E-01-1.72174E-01 1.34178E+00 1.29048E+00
 -1       516-6.25072E-01-3.10511E-01-1.78961E+00-5.01953E-01 9.80427E-01 3.38049E+00
 -1       517-9.02484E-03 4.16418E-01-2.42394E+00-2.10237E-01 6.32817E-02 3.86360E+00
 -1       518 1.42975E-01-2.21889E-01-2.54109E+00-2.22174E-01 1.19573E+00 3.62917E+00
 -1       519-1.21445E-01-3.49267E-02-2.49394E+00-1.65365E-01 2.85172E-01 2.00131E+00
 -1       520-7.73218E-01 1.18877E-01-5.88847E-01 9.71271E-03-4.48289E-01-3.97926E-01
 -1       521-1.10227E+00-6.40237E-03 9.26376E-02-4.76341E-02-5.02073E-02-5.24187E-01
 -1       522 1.53670E-01-8.27012E-03-1.43591E+00-6.69406E-02 1.93790E-01-7.74688E-01
 -1       523 1.24899E+00 6.36652E-02 3.52915E-01-3.48114E-01-2.72936E-01-1.92993E+00
 -1       524 1.42522E-01-1.92565E-01 5.90420E-01-4.67520E-01 3.86863E-01 4.59251E-02
 -1       525-1.78272E-01-1.04471E-02-2.01533E-01-2.04760E-02-2.12266E-02 4.51726E-01
 -1       526 2.18294E+00-2.04940E-01 9.45839E-04-4.83786E-01 5.61855E-01-1.28382E+00
 -1       527-9.01421E-01 4.05135E-02 6.99887E-02-5.97708E-02-9.79423E-03 1.30695E-01
 -1       528-5.24552E-01-7.58626E-04-8.07170E-01 7.83079E-03-5.47083E-02-8.04716E-01
 -1       529 1.54149E-01-1.43275E-02-3.75174E-01-2.36620E-02 5.56876E-02 1.22862E-01
 -1       530-4.22240E-01 7.65023E-02 1.30147E+00 1.01638E-01-5.74133E-01-9.18379E-01
 -1       531-1.01821E+00 3.01889E-02 1.75349E-02-6.69667E-02-2.02205E-02-3.22962E-02
 -1       532-6.99547E-01 5.57644E-02 1.75482E-02-6.97290E-02 4.63422E-02 2.00578E-01
 -1       533-8.59252E-01 4.29912E-02-2.39215E-01-7.49660E-02-1.90069E-02-5.80273E-01
 -1       534-1.01705E+00 1.53633E-02 1.61313E-02-4.45499E-02-1.35261E-03-2.76331E-01
 -1       535-1.08458E+00-1.61992E-03 5.87871E-02-4.50803E-02-1.54714E-02-9.72714E-02
 -1       536-4.25745E-01-5.40604E-03-1.78147E-01-1.24108E-02 2.38750E-02 3.73260E-01
 -1       537-6.81774E-02 3.36424E-02-2.65650E-01-1.90120E-02 3.43931E-02 2.69199E-01
 -1       538-6.89544E-01-7.35770E-03-1.08881E-01-6.18371E-03-1.50114E-02 3.80414E-01
 -1       539 1.78742E-01 1.47917E-01-2.30689E-01-5.82083E-02 8.85687E-02 7.46299E-02
 -1       540-8.63958E-02-3.64205E-01-2.01723E-01 7.43973E-02-3.08017E-01-8.86531E-02
 -1       541 6.58755E-03 5.18364E-02-2.36801E-01 1.95903E-02 5.45506E-02 2.43568E-01
 -1       542 2.42536E-01-6.87137E-01 8.47018E-01-1.17183E-01-1.24190E-01-2.01643E-01
 -1       543-6.57325E-01-1.00873E+00-1.39710E+00-2.15696E-01-4.25052E-02-1.37848E+00
 -1       544 1.70834E-01-3.44146E-01-3.28381E-01-1.37500E-01 2.08833E-01 2.05837E-01
 -1       545-1.33486E+00-4.37870E-01 1.92318E-01-4.45318E-01 1.98370E-01-2.07261E+00
 -1       546-1.45727E-01 2.88625E-02 1.80213E-01 8.17663E-01-6.02108E-01-1.41952E+00
 -1       547-7.42767E-02 2.63955E-01 9.20537E-01-1.24096E-01-3.65479E-01-5.13957E-02
 -1       548 1.28275E+00-5.69957E-02 3.98697E-02 3.66989E-01-2.45710E-01-2.07679E+00
 -1       549 3.01963E+00-1.84079E-01-1.23076E-01 4.58184E-01-1.96996E-01-2.25554E+00
 -1       550 5.20519E-01 2.29524E-01 1.58132E+00 2.77722E-02-4.83851E-01-1.65377E+00
 -1       551 3.97514E+00 8.01549E-02-2.60578E-02 2.68365E-01 1.01378E-01-1.82686E+00
 -1       552 9.19158E+00 1.45483E+00 8.79258E-01 1.81912E+00-4.76912E-01-2.76676E+00
 -1       553 1.60305E+00-1.53392E-01-1.62959E-02-3.39403E-01-2.86289E-02-1.72036E+00
 -1       554 5.82410E-01-8.20972E-01-5.10632E+00 7.60706E-02-2.79029E-01 9.85555E-01
 -1       555 1.48023E+00 6.74304E-01-3.08694E+00 3.55431E-01-2.24585E-01-3.88835E-01
 -1       556 3.01385E-01 2.76370E-02-1.63148E+00-9.37669E-02-6.24144E-02-5.65442E-01
 -1       557 6.52614E-01-3.85035E-01-1.25137E+00-3.06412E-01 4.13776E-01-9.37595E-01
 -1       558-7.54339E-02-3.77391E-02-1.35987E+00-6.40893E-02 4.21023E-02-6.56085E-01
 -1       559-3.96214E-01-3.79642E-03-1.02136E+00-1.30938E-02-5.02445E-02-7.19949E-01
 -1       560-6.60729E-01 3.24215E-02-5.35737E-01-3.57766E-02-2.53694E-02-7.02282E-01
 -1       561-2.88336E-01-2.39067E-02-1.11318E+00 2.02062E-02 2.43610E-02-8.15245E-01
 -1       562-7.59241E-01-1.29077E-02-5.15272E-01-3.13966E-02-6.45227E-02-7.35197E-01
 -1       563-1.12658E+00 4.25241E-02 6.04263E-01 5.93732E-03-2.32530E-01-6.77680E-01
 -1       564-4.51617E-01 9.54632E-03-7.24113E-01 2.16977E-04 2.81279E-02-8.16816E-01
 -1       565-2.83083E-01-2.37115E-02-1.45158E+00 2.38794E-01 4.76548E-02-1.21512E+00
 -1       566-6.27820E-01-5.14343E-03 2.09863E-01-4.17912E-01-1.19376E-01 3.71747E-01
 -1       567-9.90196E-01-1.26003E-01-1.18685E-01 1.80477E-02-1.13685E-01 1.76876E-01
 -1       568-1.19076E-01-3.80942E-01-1.49404E+00-2.31448E-01 4.44406E-01-1.25623E+00
 -1       569 2.15197E-01-1.70059E-01-1.50778E+00-5.71983E-02 2.59629E-01-8.54477E-01
 -1       570 3.81606E-01 3.07902E-01 1.52025E+00-3.66007E-01-3.44215E-02-9.79036E-01
 -1       571-1.12792E+00-5.39445E-01-7.34596E-01-2.63963E-01 2.78686E-01 4.16361E-01
 -1       572-4.73428E-02-1.12248E-01-3.06228E-01-1.49166E-01 2.23594E-01 2.82195E-01
 -1       573 2.65559E-01 1.08470E+00-4.85612E-01-7.52245E-01 2.01665E+00 8.56540E+00
 -1       574 1.34483E+01 6.15337E+00-1.63982E+01 1.68222E+00-1.22470E+01-7.57488E+00
 -1       575-6.67085E-01 1.46163E+01 1.66965E+01 1.04997E+01 6.49313E+00 9.96264E+00
 -1       576-9.69691E+00-1.34406E+01-5.08915E+00-4.87069E+00 1.48162E+00 1.19278E+01
 -1       577-1.11143E+01-1.48256E+00-1.38385E+01 9.24917E-01-6.61122E+00-2.81657E+00
 -1       578 1.03916E+01 8.04269E+00-5.80259E-01 1.08655E+01-4.76681E+00-3.42087E+00
 -1       579-6.55020E+00-6.77607E+00 1.81587E+01-3.93456E+00-4.68751E+00-4.61109E+00
 -1       580 4.11612E+00 9.79264E+00 1.43361E+01-8.48985E+00-7.13555E+00 6.14105E+00
 -1       581 8.91228E+00-2.44457E+00-9.76991E+00-5.39212E+00-1.13162E+01 6.06909E+00
 -1       582 1.73554E+01-1.97767E+01 1.23405E+01-1.16524E+01-2.71536E+00 2.32388E+01
 -1       583 1.35305E+01-1.87278E+01 2.56465E+00-9.83619E+00-1.71902E+01 1.66962E+01
 -1       584-1.01385E+01-7.18000E+00 3.15280E+00-6.22109E+00-1.12279E+00 7.68541E+00
 -1       585 1.27567E+01 2.30577E+00 9.36134E+00-3.25214E+00-2.87939E+00 1.28111E+01
 -1       586 1.87054E+01-1.50187E+01-9.61220E+00-1.50958E+01-7.73773E+00 1.30145E+01
 -1       587 1.27832E+01 1.35790E+01 1.85179E+01-6.91216E+00-7.86979E+00 2.98010E+01
 -1       588 2.21080E+00-1.38778E+00 2.88140E+00-1.90118E+01-1.20333E+01 1.62083E+01
 -1       589 1.73166E+00-7.11124E+00-6.21210E+00-9.36546E+00-2.83055E+00 1.92082E+01
 -1       590 1.46883E+01 4.91990E+00-9.91331E+00 1.81495E+01-1.02187E+01 1.36200E+01
 -1       591-1.77590E+01-2.23522E+00-1.02911E+01-3.81035E+00 1.16772E-01 6.24590E+00
 -1       592-2.60275E+01-6.79920E+00-2.46000E+01 6.21431E+00 2.34812E-01 1.41145E+01
 -1       593-1.62165E+01-1.20738E+01-1.10144E+01-1.22407E+01-3.34600E+00-5.30751E+00
 -1       594-2.88969E+01-5.41868E-01-1.64736E+01 5.01890E+00-1.09144E+00 1.67184E+01
 -1       595-2.25415E+00 6.32301E+00-2.49620E+01 1.30910E+01 2.44305E+00 6.72976E+00
 -1       596-3.24798E+00 3.95768E+00-4.91987E+00 5.64411E+00-1.26964E+01-1.39738E+01
 -1       597-9.08116E+00-3.04712E+00-8.55137E+00-7.24812E+00-3.17385E+00 1.11718E+01
 -1       598 7.09982E+00 5.00227E+00-1.21250E+01 5.72622E-01-4.78055E+00 9.95647E+00
 -1       599-1.28815E+01 2.47128E+00 1.08961E-01-2.07899E+00-1.75343E-01 6.40468E+00
 -1       600-2.48996E+01-7.52615E+00 2.86347E+01-1.55600E+01 5.85384E+00 9.58121E+00
 -1       601 2.67147E+01 2.53517E+01 3.24357E+01 9.67688E+00-5.96459E+00 1.75347E+00
 -1       602-1.83227E+00-7.63780E+00-1.38044E+01 1.36495E+00 3.63064E+00-1.20135E+00
 -1       603-7.98949E+00-8.23714E+00-6.07270E+00-4.69736E+00-2.24362E+00 7.52460E+00
 -1       604-1.41513E+01-2.53703E+01-1.93970E+01-6.82451E+00 2.53619E+00-7.47567E-01
 -1       605 1.80715E+01 1.33156E+01 9.99254E+00 6.94404E+00-4.68615E+00 7.96668E-01
 -1       606 1.42565E+01-7.46265E+00 9.65511E+00 5.40710E+00 3.07848E+00 9.43742E+00
 -1       607-1.78056E+01-2.50205E+01-4.95266E+00-3.13139E+00 2.50732E+00 5.14131E+00
 -1       608-1.92152E-01-4.08499E-01-5.59193E+00 2.10840E+00 4.46734E+00 1.08263E+01
 -1       609-1.00103E+01 1.12062E-01 3.10623E+00-3.91269E+00-8.41448E+00-8.45405E+00
 -1       610 6.03422E-01-9.77189E-01 4.69326E+00-9.70465E+00-6.44375E+00 1.68737E+01
 -1       611 8.76060E+00-8.12595E+00 7.45828E+00 5.62914E+00 2.50230E+00 8.70426E+00
 -1       612 2.52509E+01 1.82735E+00 7.81834E+00 2.12464E+00-2.00642E+00 2.57057E+00
 -1       613-4.78446E+01-1.88477E+01-3.49629E+01-9.90403E+00-1.35802E+01-8.63442E+00
 -1       614-2.65350E+01-8.31417E+00-6.90875E+01 3.70574E+00 1.30199E+01 5.33320E+00
 -1       615-1.27866E+01-1.15256E+00-1.52497E+01 2.10014E+00-7.38207E+00 1.13187E+01
 -1       616 1.64010E+01 1.70623E+01 5.98388E-02-1.34667E+00-4.15317E+00 2.04730E+01
 -1       617-2.59535E+01 5.29565E+00 1.90049E+00 2.59348E+00 9.84936E+00 2.98086E+01
 -1       618 8.31146E-01-1.76517E+00-1.51274E+00-2.14368E+00-5.01847E+00 1.96126E+01
 -1       619 4.85960E+01 1.39608E+01 2.49110E+01 8.14941E+00 1.06134E+01 1.14780E+01
 -1       620 2.93080E+01 6.45642E+00 4.04987E-01 8.63538E+00-1.82596E+00 6.03200E+00
 -1       621-1.63557E+01-1.37418E+01 3.14604E+00-1.00098E+01 6.13782E+00 5.60884E+00
 -1       622-1.41666E+01 1.58835E+00-2.61900E+01-4.39940E+00-1.09770E+01 4.19509E+00
 -1       623 1.15441E+01 1.82365E+01-1.15940E+01 5.08431E+00 1.61899E+00-4.75826E-01
 -1       624 1.04859E+00 1.03588E+01-2.15525E+00-2.85386E+00 1.37140E+00 1.51244E+01
 -1       625-1.05978E+01 1.16949E+01-2.32708E+00 1.17545E+01 8.49926E+00 7.56597E+00
 -1       626-5.33009E+01 1.86330E+01-1.00450E+01-9.27614E+00-3.30179E+00 3.04470E+00
 -1       627-5.32588E+00 8.60638E+00 1.46686E+01 3.81225E+00 1.90279E+01 1.74475E+01
 -1       628 5.58736E+01 1.87794E+01 1.95973E+01 3.64982E+00-1.11420E+01 1.00729E+01
 -1       629 4.59260E+00-2.39247E+01-5.29696E+00-3.80471E+00-2.20969E+00 3.53686E+00
 -1       630 5.60528E+00-1.15336E+01 1.13632E+01-3.04898E+00-3.82334E+00-4.63517E+00
 -1       631 2.01106E+00 5.61934E+00-4.72197E+00-2.79018E-01 4.54027E+00 1.33110E+01
 -1       632-1.51719E+01 6.20725E-01-7.74256E+00-7.96932E+00 2.76413E+00 4.20167E+00
 -1       633-2.73914E+01-7.55778E+00-4.62008E+00-8.34876E+00-8.37797E+00-4.90781E+00
 -1       634-2.09341E+01-1.23595E+01-1.24393E+01 3.67016E+00 9.14967E-01 5.60153E+00
 -1       635 1.45329E+01 9.88201E+00 2.54759E+01 1.55188E+01 1.93843E+00-5.33631E-01
 -1       636 2.61044E+00 1.16126E+00 1.10686E+01 2.81149E+00-4.40057E+00 8.98902E+00
 -1       637-5.89838E+00-4.66066E+00-1.04676E+00 5.32777E+00 1.61135E+00-1.28358E+00
 -1       638 3.42512E+01 2.32759E+01 1.62308E+01 9.17528E+00-1.40668E+01 8.92249E+00
 -1       639 2.14978E+01 1.48809E+00 2.79796E+01-7.10494E+00-1.73909E+00 1.69551E+01
 -1       640-2.36126E+01-2.10579E+01-1.37098E+01-5.84145E+00 1.50407E+00-4.75560E-01
 -1       641-1.42706E+01-2.33933E+01-2.20587E+01-5.13562E-01-7.22587E+00-5.34070E-02
 -1       642-1.02113E+01 6.05356E+00 1.71918E+00-5.12749E+00-6.88851E+00-7.06023E+00
 -1       643 2.21060E+01 1.55890E+01 7.23351E+00 7.97449E+00 6.72615E+00 1.40083E+01
 -1       644 4.53344E+00 5.69444E+00 1.21194E+00 1.22428E+00-4.32294E+00 5.53950E+00
 -1       645-2.44912E+01-4.27092E+00-1.91605E+01-4.80590E+00-8.52533E-01 1.40263E+01
 -1       646 1.77803E+01 5.64903E+00 2.05555E+00 8.91765E+00 3.12993E+00 1.04940E+01
 -1       647 3.55647E+01 8.83560E+01 3.72346E+01 3.08758E+01 7.15020E+00 3.46025E+00
 -1       648-9.18856E+00-1.97715E+01 3.06450E+00-6.00828E+00 3.42692E+00 1.61148E+01
 -1       649 1.08022E+01-7.78853E+00 3.20436E+01 6.98895E-01-1.12515E+01-4.96332E+00
 -1       650 1.09013E+01-2.21783E+00 1.19382E+00-1.14059E+00-6.98234E+00-4.07619E+00
 -1       651-8.08128E-01-5.12078E+00 6.43594E+00-5.74026E+00-9.22538E+00-1.47006E+01
 -1       652-2.67917E+00 6.44838E+00-2.82928E+01 2.38332E+00-9.56858E+00 1.26804E+01
 -1       653-3.38538E+01-1.33701E+01-3.78332E+01-1.01003E+00 5.08212E+00 1.47260E+01
 -1       654 2.29486E+00 7.76077E+00-1.66575E+01 4.25383E+00-9.07563E+00-8.22234E+00
 -1       655 2.74939E+00-1.87636E+00-3.72560E+00-1.39127E+00 1.43455E+00-5.86416E+00
 -1       656 5.80421E+00 1.53856E+01 4.41120E+00-4.01153E-01-1.75021E+00 4.57667E-01
 -1       657-2.97436E+00 2.90115E+00 1.39690E-02 1.76794E+00-4.93738E+00-1.13381E+01
 -1       658 1.60111E+01 6.22180E+00 5.27532E+00 7.09117E+00 2.57098E+00 2.21559E+00
 -1       659 4.14567E+00-1.35596E+01-1.78391E+01-3.45412E+00-7.41135E+00 1.11395E+01
 -1       660 1.68669E+01-3.51266E+00-2.92094E+01-5.88063E-01-1.57401E+01 9.02249E-03
 -1       661-1.47052E+01-3.33284E+01-3.07899E+01-7.05481E+00 5.88022E+00 6.97438E+00
 -1       662 1.15321E+01-2.28984E+00-1.56103E+01-1.34484E+00-8.48294E+00-1.23407E+01
 -1       663 8.23370E+00-1.71880E+01-1.60971E+01 3.27108E+00 7.15174E+00 6.86353E+00
 -1       664-6.60876E+00 2.49137E+00 5.38572E+00-1.98605E-01-3.78543E+00 4.96548E+00
 -1       665-1.99342E+01-1.09933E+01-1.97623E+00-9.30796E+00 7.69125E+00 1.29958E+01
 -1       666-3.39242E+01-4.00372E+00-1.69238E+01-1.16253E+01 4.88294E+00 1.02732E+01
 -1       667 3.06247E-01 1.33151E+01 1.13818E+01 6.74435E+00 5.11038E+00 1.41800E+01
 -1       668-1.73584E+01-5.76848E+00-1.27604E+01 6.84086E-01-2.21633E+00 4.03087E+00
 -1       669-2.34191E+00 1.42778E+01 4.18249E+00 7.95580E+00 3.71814E+00 2.92540E+00
 -1       670 2.45984E+00-1.51129E+01 1.28582E+01-7.83218E+00-7.99295E+00 7.31349E+00
 -1       671 8.75026E+00 2.51532E+00-1.49767E+00-9.30693E+00 1.97584E-01 8.68367E+00
 -1       672 4.41873E+00-3.83881E+00-5.70771E+00-4.39307E+00-4.09412E-01-4.08838E+00
 -1       673 1.56348E+01 1.17109E+01 5.02455E-02 7.86324E+00-3.34170E-01-1.82774E+00
 -1       674 3.78223E+00 3.78725E-02 3.04649E+00-1.42820E+01 3.14003E+00 2.90698E+00
 -1       675-2.04922E+01-1.69353E+00-1.98945E+01-7.67840E+00 1.96322E+00 8.24253E+00
 -1       676-4.50784E+00 7.29573E+00-5.13518E-01 1.69373E-01 4.72476E-01 7.33606E+00
 -1       677 7.94131E-02 3.51034E+00 2.15440E+00-1.06292E+00-1.25309E+01-5.52346E+00
 -1       678 2.49799E+01 9.01658E+00 5.26734E+00 1.04246E+01 1.26461E+01 2.23211E+01
 -1       679 2.13161E+01 1.20883E+01 9.12804E+00 3.50980E+00 3.31139E+00 7.93309E+00
 -1       680-3.13980E+01-2.54470E+01-3.89794E+01-1.32679E+01-1.41994E+01 1.45306E+00
 -1       681 6.87008E+00 8.77474E+00-1.21301E+01 3.62400E+00-4.47983E+00 3.91099E+00
 -1       682 2.17934E+01 2.48511E+01 6.24862E+00 7.92464E+00-2.24653E-01 1.50975E+01
 -1       683 2.15094E+01 2.56570E+01-1.06530E+01 1.23164E+01 8.02402E+00 4.42460E+00
 -1       684 3.75889E+00 2.01716E+01-2.40074E+01 1.31293E+01 4.93514E+00 9.77703E+00
 -1       685-1.40038E+01 8.06007E+00-1.99079E+01-5.66178E+00-1.81187E+01-2.78683E+00
 -1       686 6.77481E+00 1.35978E+01-5.01919E+00 5.15190E+00-1.41663E+01-3.85604E+00
 -1       687-1.64187E+00-1.34935E+01 5.78476E+00 3.99136E-01-1.69289E+01-1.50087E+01
 -1       688 9.86232E+00-2.34170E+00-2.48475E+01 6.41132E+00 7.31311E+00 5.76098E-01
 -1       689-4.75949E+00 1.47742E+01-2.78319E+00 7.11535E+00-4.65937E+00-1.10404E+00
 -1       690-1.02317E+01 5.12754E+01 1.27398E+01 1.71251E+01 3.93558E+00 8.08828E+00
 -1       691 6.02766E+00 8.89162E+00 1.92096E+01 9.25034E+00 7.06395E+00 2.62897E+00
 -1       692-3.05270E+01-1.66308E+01-1.52083E+00-3.83966E+00 1.39490E+01 1.76848E+01
 -1       693 2.43705E+00 1.19102E+01 1.18903E+01 1.42142E+01-3.23735E+00-2.85363E+00
 -1       694-3.18807E+01-9.84465E+00-2.25087E+01-1.78017E+01 1.00694E+00 2.41401E+00
 -1       695-1.98419E+01 3.45675E-01 1.53943E+01-5.50400E+00 8.53953E+00 6.10492E+00
 -1       696 3.72061E+00 1.30406E+01-6.73174E-01 2.41697E+00-5.59662E+00 3.75307E+00
 -1       697 2.22510E+01 2.39959E+01 9.23610E+00 1.14187E+01 5.31589E+00 4.41966E+00
 -1       698-2.55504E+01-4.40516E+00-2.32629E+01-3.47167E+00 7.35491E-01 8.89388E+00
 -1       699 1.84373E+01 9.11712E+00-8.16401E+00 7.94613E+00 9.81752E-01 7.38886E+00
 -1       700-3.20453E+01 7.85528E+00 1.99616E+00-6.12236E+00 8.84992E+00 1.64525E+01
 -1       701 7.18933E+01 4.02136E+01 3.42084E+01 2.23647E+01-5.56150E+00-3.06667E+00
 -1       702 3.09607E+01 1.42086E+01-1.50084E+01 1.13973E+01-5.46731E+00 6.14072E+00
 -1       703 1.61336E+00-3.35313E+00 6.90566E+00-5.13739E+00-6.69171E+00 1.64241E+00
 -1       704 1.77048E-02-2.21781E-01-2.02124E+01 1.30658E-05 1.15439E+00-1.64568E+00
 -1       705-7.03973E-02 5.22859E-02-2.18970E+00-3.94573E-02 4.06885E-01 1.99026E+00
 -1       706-1.15796E-01 1.68056E-01-4.22349E+00 5.99971E-02-6.09067E-02-3.39833E-01
 -1       707-1.02662E-01-1.41988E-03 1.17528E+01 5.81545E-02-9.31991E-01 1.74327E+00
 -1       708 2.60870E-01 1.47459E-01-6.04064E+00-2.71263E-01-8.27358E-01-1.93064E+00
 -1       709-5.36824E-01-6.69628E-03-2.64088E-01-1.13416E-01 1.40837E-02 6.16978E-01
 -1       710 2.02138E+00-2.86808E-01 2.60269E-01 6.32599E-01-3.91430E-01 2.19669E-01
 -1       711 2.80042E+00 4.56868E-02-4.66445E-01 8.07257E-01 2.78204E-01-1.65902E-01
 -1       712 3.98040E+00-3.16863E-02-3.00515E-01 1.09048E+00 7.80997E-02-1.13000E+00
 -1       713 2.12976E+00-3.02930E-03-2.97407E-01 2.40950E-01-4.77199E-02-1.04629E+00
 -1       714 2.97087E+00 1.20590E-01 1.88904E-02 2.82536E-01 4.32276E-01-7.33805E-01
 -1       715 6.56263E+00 1.10235E+00-1.97711E-03 1.85147E+00-2.06677E-01-2.11746E+00
 -1       716 1.19974E+00-1.59560E-01 8.63201E-02 1.36807E-01-2.43147E-01 1.27684E+00
 -1       717 7.96866E-01 1.11627E-01-7.30691E-01-2.84457E-01-2.07642E-02 1.04367E+00
 -1       718 7.23849E-01-3.97040E-01-5.04656E-01-3.46852E-01-2.40347E-01 2.16200E+00
 -1       719 1.66370E+00-2.30814E-01 3.37488E-02-2.70893E-02-2.19515E-01-9.66626E-01
 -1       720 2.18945E+00 1.59468E-01 3.97025E-01 1.23455E+00-3.03462E-01-7.92102E-01
 -1       721 4.15871E+00 1.40844E+00-6.25373E-01 2.34443E+00 6.85477E-01 2.53934E+00
 -1       722-7.43830E-01-6.76883E-03-2.11473E-02-6.55577E-02-2.28361E-02 4.15784E-01
 -1       723-6.17582E-01 5.12811E-03-1.43460E-01-9.35254E-02 3.71098E-02 4.59255E-01
 -1       724-5.55155E-01 1.17621E-02-2.12337E-01-1.11459E-01 6.78133E-02 3.88441E-01
 -1       725-5.66391E-01-1.24622E-02-2.00222E-01-8.37404E-02-8.24350E-03 6.58228E-01
 -1       726-7.17048E-01 3.63272E-02-3.77684E-02-9.75475E-02-1.24621E-04 3.74808E-01
 -1       727 2.05090E+00 5.21691E-02-2.69852E-01 3.58297E-01-1.14057E-01 4.38236E-02
 -1       728 2.62345E+00-6.73974E-02 1.85918E-01 9.39817E-01-1.82845E-01 8.95217E-01
 -1       729 2.92576E+00 5.02340E-01-6.42542E-01 9.28971E-01 1.22387E-01-3.60643E-01
 -1       730 4.92491E-01-2.92373E-01-5.65493E-01 1.26594E-01 5.38373E-01 1.25969E+00
 -1       731 1.35703E+00 2.71195E-01-6.02841E-01 8.83189E-01-2.71078E-02 2.98383E-01
 -1       732 2.76905E+00-5.87828E-01 1.89123E-01 1.19271E+00-5.22381E-01-1.07752E+00
 -1       733 3.61768E-01-7.18303E-01-1.38960E+00 1.01679E-02 8.70686E-03 2.12284E+00
 -1       734 1.40226E-01-2.56363E-01-1.51369E+00-4.91586E-01-3.19153E-02 1.35777E+00
 -1       735-3.26339E-01-3.98924E-01-1.57436E+00-4.62634E-01-6.06887E-02 2.46793E+00
 -1       736 1.31145E-01-1.70975E-02-1.67531E+00-5.46664E-02 8.18329E-02 7.32847E-01
 -1       737-1.68718E-01-1.14667E-01-1.14184E+00-4.43938E-02 6.71657E-02 8.49331E-01
 -1       738 2.82894E-01 1.44828E-01-2.06813E+00-1.88186E-01 1.74487E-01 1.22919E+00
 -1       739-1.21880E+00-5.65216E-01-2.75698E+00-8.13618E-01 6.00554E-01 3.33213E+00
 -1       740-6.20239E-01-2.96294E-02-9.43256E-02-6.11512E-03-7.51100E-02-3.06120E-01
 -1       741-5.95410E-01-1.33586E-02-2.38351E-01-1.95286E-02-6.54321E-02-3.68515E-01
 -1       742-4.08070E-01 4.47696E-03-3.31231E-01 2.11524E-02-7.81913E-02-4.17237E-01
 -1       743 1.51462E-01 7.42227E-02-1.71254E+00-6.06358E-02 3.26762E-01 1.00983E-01
 -1       744 6.85443E-01-1.42030E-01 3.67557E-01-2.83062E-02 5.71431E-01 2.00412E-01
 -1       745-1.15261E+00 5.32631E-02-1.69401E+00-3.92891E-01-4.45542E-02 2.02993E+00
 -1       746-2.75310E-01-9.19128E-02-2.50776E+00-1.32613E-01 2.43047E-01 2.00948E+00
 -1       747-3.15726E-01 2.53442E-01 4.59826E-01-3.25682E-01-4.02814E-01 1.30288E+00
 -1       748 6.30787E-02 5.97442E-02-3.87914E-01-4.36609E-01 2.16745E-01 1.66946E+00
 -1       749-1.22303E-01 2.52339E-01-1.63987E+00-1.75729E-01 1.48545E-01 1.31055E+00
 -1       750-8.04588E-02-1.01850E-01-6.48691E-01-9.21624E-02 5.74626E-02 1.02780E+00
 -1       751-4.16233E-01 3.57596E-01 1.77177E+00 1.29876E-01-5.57407E-01-1.56208E-01
 -1       752-7.61708E-02 5.52591E-02-1.77812E+00-4.21066E-01 3.16887E-01 1.66514E+00
 -1       753-5.77758E-01-2.37719E-02-1.76825E-01-7.48332E-02-6.69795E-02 6.80255E-01
 -1       754-8.15407E-01-4.57238E-02 3.71639E-01-3.62742E-02-2.28108E-02-4.48555E-02
 -1       755-8.20709E-01 1.93796E-02-2.04051E-02-9.62687E-02-1.99434E-02 2.19571E-01
 -1       756-8.25631E-03-4.01565E-02-9.80640E-01-5.24519E-02 1.00527E-01 4.39415E-01
 -1       757-1.32672E+00-1.01383E+00-2.78820E+00-1.09478E+00 7.88580E-02 1.41111E+00
 -1       758-2.75809E-01 6.76688E-03-5.15967E-01 6.08984E-03-5.82353E-02-3.77622E-01
 -1       759-7.35537E-01-7.23652E-02 8.36065E-02-1.10018E-03-3.41266E-02 2.67677E-01
 -1       760-8.26250E-01-5.68924E-02-5.37829E-03-3.47326E-02 3.30465E-03 8.46570E-02
 -1       761-6.15889E-01 1.42165E-02-4.01875E-01-1.20028E-01 2.49029E-02 6.17198E-01
 -1       762-7.52601E-01-2.69323E-02-1.13443E-01-4.90149E-02-2.17973E-02-1.48075E-01
 -1       763 5.68055E-01 4.00391E-03-1.44789E+00-1.33929E-01 6.81946E-01 2.40414E-01
 -1       764 5.46570E-01 1.33546E-01-4.29790E-01 6.68681E-02 7.53738E-03 1.90309E-01
 -1       765 1.58357E+00 9.20916E-01-5.03898E+00-2.33076E-01 9.48239E-01 1.27153E-01
 -1       766-4.36279E-01-6.69629E-02-2.63486E-01-5.67744E-02-9.46136E-03 6.04945E-01
 -1       767-1.58644E-01 6.79896E-03-4.90253E-01 3.56350E-02-4.43058E-03-3.94430E-01
 -1       768-3.05872E-02-1.19162E-01-6.83271E-01-1.54162E-01 4.87775E-02-3.45377E-01
 -1       769-2.20811E-01-4.68747E-02-8.61695E-01-3.07328E-02 1.30480E-01 6.86791E-01
 -1       770-4.81778E-01-4.41163E-02-1.78641E-01-5.13320E-02-3.41532E-02-1.86655E-01
 -1       771 9.71206E-02 1.70623E-01-2.62827E-02 2.95096E-01-4.01293E-01-6.22050E-01
 -1       772-5.40654E-01 1.09307E-02-1.28669E+00 1.77793E-01 2.55822E-01-1.22555E-01
 -1       773-7.47757E-01-5.03886E-02-1.12402E+00-4.48023E-01 7.24316E-02-1.07729E-01
 -1       774-5.49668E-02-6.90770E-03-6.14100E-01-4.86367E-02 7.22370E-03-2.94626E-01
 -1       775-5.75931E-02 3.25465E-03-7.74284E-01 9.55641E-04 3.72432E-02-3.72436E-01
 -1       776-1.84783E-01 5.85748E-02-3.36316E-01 1.06640E-01 2.63494E-01 1.87784E-01
 -1       777-7.35089E-01-4.36192E-01-8.92031E-01-8.29518E-01 6.28195E-01 1.81017E-02
 -1       778-3.42003E-01-8.26860E-02-6.58779E-01-9.04133E-02 2.43422E-02 1.01270E+00
 -1       779-3.08858E-01-1.54658E-02-3.94382E-01-6.37897E-02 8.56120E-02 3.57087E-01
 -1       780-5.71711E-01-3.04000E-02 1.66482E-01-2.55028E-02-3.81335E-02 5.69065E-01
 -1       781-8.50011E-01 5.58868E-02 1.38424E-01-6.97192E-02-4.82079E-02 2.06520E-01
 -1       782 2.43443E+00-9.51857E-02-6.41641E-01 9.95256E-01 3.71575E-02 7.09111E-01
 -3
    1PSTEP                         3           1           1          
  100CL  101 1.000000000         782                     0    1           1
 -4  TOSTRAIN    6    1
 -5  EXX         1    4    1    1
 -5  EYY         1    4    2    2
 -5  EZZ         1    4    3    3
 -5  EXY         1    4    1    2
 -5  EYZ         1    4    2    3
 -5  EZX         1    4    3    1
 -1         1-9.18067E-05 4.05953E-05-4.55526E-05 7.58585E-05 5.31378E-06-2.78198E-05
 -1         2 1.27541E-04-8.96653E-05-8.74978E-06 1.29820E-05 3.10644E-05 2.32094E-06
 -1         3 1.56682E-04-1.98806E-04-1.11528E-04-2.01838E-04-6.31751E-05-1.11704E-04
 -1         4 2.73298E-04 2.76138E-05 1.09753E-05 1.54385E-04-9.27493E-05-6.42382E-05
 -1         5 4.67024E-05 4.52765E-05-1.53453E-04 9.53793E-07 6.86950E-06-3.14137E-05
 -1         6 5.67644E-05 5.57433E-05-1.87618E-04-3.31083E-07 1.55188E-05-7.66204E-06
 -1         7-7.05531E-06-4.70639E-06 1.82131E-05 4.84303E-07 8.66359E-06 1.81630E-05
 -1         8 4.64329E-06 6.17045E-06-1.91039E-05-1.77493E-06 2.37891E-05 2.43301E-05
 -1         9 2.14475E-06 5.86286E-06-1.99258E-05 2.05770E-06-2.42382E-05-2.18613E-05
 -1        10 2.02631E-05 1.59769E-05-5.77065E-05-9.38784E-08-6.09806E-06-1.99568E-05
 -1        11-4.44007E-05-4.56801E-05 1.49213E-04 4.38705E-07-1.52774E-05 1.08267E-05
 -1        12-3.35912E-05-3.48090E-05 1.13595E-04-2.23269E-07-9.01127E-06 2.83386E-05
 -1        13-3.51796E-06 1.02533E-06 1.15669E-06-7.40219E-07-1.02600E-07 8.03859E-07
 -1        14-5.21036E-06 1.66535E-06 1.51120E-06-7.57665E-07-8.58805E-08-1.38533E-06
 -1        15-2.46106E-05-1.80329E-05 6.55920E-05 4.64946E-05-2.28022E-05-1.04217E-05
 -1        16-1.85555E-05-6.82926E-05 9.52894E-05 5.52980E-05-4.76920E-05-8.59691E-05
 -1        17-6.38846E-05-3.72647E-05 9.81713E-05-1.73745E-05-8.01053E-05-7.24994E-05
 -1        18 2.06132E-05 6.68827E-05-8.10080E-05 6.89581E-05 2.42939E-05-9.25820E-05
 -1        19-9.54996E-05-2.85491E-05-6.46611E-06 5.23249E-05-6.47725E-05-5.09856E-05
 -1        20-7.93965E-05-4.38855E-05 1.27378E-04-5.68220E-05 1.59895E-05-4.22841E-06
 -1        21 1.67597E-04-5.83914E-05-4.13807E-05-1.34252E-05-1.45215E-05-6.92784E-05
 -1        22 1.48171E-05-1.16580E-04 3.28040E-05-1.35094E-05-1.19890E-05-6.03917E-05
 -1        23 4.58105E-05 4.13834E-06 3.35232E-05 7.05199E-05 6.21089E-05 5.04672E-05
 -1        24 2.59278E-05-1.95597E-05 9.37279E-06 4.00969E-06 2.56037E-05 5.21373E-05
 -1        25 2.59707E-05 6.72734E-05-3.79824E-06 9.23018E-06-3.26496E-05-1.64961E-05
 -1        26-1.49571E-05 8.65631E-05 1.49227E-05 9.05271E-05-5.89165E-05-6.52529E-05
 -1        27-1.82560E-05-1.65112E-04 1.79195E-04 1.33071E-05-3.48966E-05-2.03647E-05
 -1        28-7.11777E-05-2.24406E-05 1.07722E-04 1.88545E-05-3.78419E-05-2.14575E-05
 -1        29 1.36195E-05 6.66563E-05-1.03326E-04 6.84811E-05-3.56828E-05-8.73787E-05
 -1        30-7.62000E-05-3.92439E-05 6.60474E-05-2.16939E-05-2.38115E-05-1.00697E-04
 -1        31-1.30215E-04-1.69535E-04 8.77135E-05-6.67385E-05-5.27327E-05 4.51017E-06
 -1        32 9.45979E-05-8.00677E-05-7.01037E-05-2.80205E-05 1.47854E-05-3.73579E-05
 -1        33 5.03521E-05-1.38022E-04 1.75152E-05-5.35236E-05-5.72128E-05-7.16368E-05
 -1        34-4.42788E-05 4.88090E-06 2.88265E-05 3.02485E-06 3.42093E-05-1.96038E-06
 -1        35 5.81968E-07 5.56060E-05-3.96381E-06 6.09281E-05 7.79797E-05 6.55971E-05
 -1        36-9.44057E-05-9.16633E-05 4.42476E-05-9.18491E-05-1.72090E-05-1.58150E-05
 -1        37-5.13095E-05 7.30258E-05-6.68638E-05 5.44356E-05-1.11375E-05 2.46374E-06
 -1        38-7.87410E-06-4.66383E-05-3.83450E-06 4.57790E-05 2.35015E-05 8.20104E-06
 -1        39 8.06132E-05 2.03079E-05-7.96928E-05 6.83656E-05 5.74541E-05-2.41493E-05
 -1        40-4.56123E-05 1.12730E-05-2.98324E-05-8.86689E-06 3.83571E-05 7.09197E-05
 -1        41 2.64258E-05-3.54773E-05-8.24488E-05-2.04321E-05-4.82712E-05-1.30817E-05
 -1        42 4.53456E-05-1.09464E-04 9.19578E-05 5.08605E-05 1.57780E-05 8.92075E-05
 -1        43-1.15386E-04 4.74291E-05 3.80377E-05 3.80234E-05-4.34747E-05-8.83851E-05
 -1        44 5.44335E-07-3.77936E-06 2.77966E-06-1.33749E-04 3.71459E-05 3.08970E-06
 -1        45-6.66567E-05 2.10490E-05 7.08193E-05 1.82575E-05 1.02396E-05 8.64466E-06
 -1        46-2.81845E-05 7.96987E-06 2.15435E-05 3.94814E-05-1.56134E-05-8.66717E-05
 -1        47-6.51511E-05 3.83961E-05-1.94660E-05-6.42524E-05 3.89239E-05 2.64904E-06
 -1        48-3.94033E-05 8.47792E-06-9.18490E-05-1.02138E-05-4.86384E-05-1.75277E-04
 -1        49-4.80752E-05 8.84554E-06-2.16927E-05-9.56159E-05-6.55819E-05-7.13973E-05
 -1        50 3.12200E-05-8.84760E-06-1.37138E-05-7.67352E-06 3.85571E-05-6.71902E-07
 -1        51 9.16311E-05-4.59957E-05-6.16010E-05 2.54641E-05 6.35342E-05 5.83851E-05
 -1        52 4.93987E-05-6.48090E-05-2.48513E-05 1.11866E-05-1.70186E-05 3.49974E-05
 -1        53 3.88550E-05 3.33218E-05 1.78117E-06 5.66963E-05 7.76842E-06 4.42412E-06
 -1        54 1.46984E-05-9.22544E-06 9.19050E-07 5.93040E-05 7.81468E-06 5.07924E-05
 -1        55-9.08950E-05-5.58819E-05 2.39581E-06-9.04189E-05-2.17751E-05-1.03174E-04
 -1        56-1.01591E-05-4.48151E-05-5.41256E-06-5.59379E-05 3.07324E-05 2.93385E-05
 -1        57-1.15677E-04 8.58298E-06 1.41469E-04 2.19142E-05-3.83087E-05-4.34183E-05
 -1        58-1.43512E-05 8.55899E-06 6.81930E-07-1.68965E-05 2.95751E-05-7.90940E-05
 -1        59-5.82704E-05-5.53177E-05-8.60479E-05-9.27390E-05-5.72192E-05-1.52638E-04
 -1        60-7.41171E-05 6.15205E-05-5.57042E-05-8.93962E-05-6.85789E-05-1.28118E-04
 -1        61-8.92363E-06-1.58373E-04 2.57560E-05-1.34399E-04-1.65931E-05 4.17490E-05
 -1        62-2.08500E-05 2.30557E-05 1.11765E-05 8.64738E-06 1.60425E-04 5.74551E-05
 -1        63-1.52949E-05-5.01396E-05 2.77718E-05-3.72150E-05 1.56032E-04 2.16444E-04
 -1        64 1.45806E-05 6.83685E-05-9.55361E-05-4.47611E-05-7.65107E-05 5.55636E-05
 -1        65 1.05602E-04-2.36071E-04 1.39888E-04-6.32801E-05 1.56217E-05 1.00378E-04
 -1        66 7.98463E-05-4.66515E-05-1.82260E-05-8.12845E-06 4.70278E-05 1.76276E-04
 -1        67-4.38215E-05 1.17250E-04 1.32655E-05-1.46935E-04 4.19120E-05 6.97731E-05
 -1        68 1.95890E-05 2.62019E-05-1.41584E-04-6.68574E-05 9.13198E-05 1.08486E-04
 -1        69-1.16990E-04-3.49904E-05 2.55254E-05-2.32902E-05-1.15390E-04-5.24438E-05
 -1        70 8.07041E-05-1.13788E-04 1.46178E-04 5.69801E-05-7.78141E-05-1.38540E-05
 -1        71-2.06079E-04 3.46602E-05 9.88691E-05-6.58228E-05 5.93579E-05 2.49975E-05
 -1        72 2.87780E-04-1.27431E-04-1.93831E-05 7.20136E-06 6.93263E-05 2.53314E-04
 -1        73-1.93204E-04-7.25963E-05-3.66896E-05-3.56300E-04-1.08724E-04-1.38725E-04
 -1        74 9.48123E-05-1.20484E-04 1.57632E-04-5.89530E-06 2.01334E-04 1.48943E-04
 -1        75-1.27844E-04-9.83718E-06 1.42778E-05-7.98474E-05 5.74143E-05 1.48221E-04
 -1        76-4.62718E-05-7.41711E-06-2.57860E-04-1.21933E-04 1.97818E-05 1.07320E-04
 -1        77 1.94288E-04-1.67959E-05 2.40653E-04 1.43879E-04 1.35664E-04 2.38402E-04
 -1        78-5.85307E-05-9.69626E-05 7.82665E-05-2.19045E-04 5.52524E-05 9.83465E-05
 -1        79-1.60015E-04 1.30731E-05-1.13908E-04-2.93091E-04 4.25966E-05-2.49933E-05
 -1        80-1.76533E-04 1.81397E-05-2.14380E-05-1.37773E-04-7.14518E-05-2.51453E-05
 -1        81-6.47449E-05 4.09413E-05 5.62727E-05 4.71607E-05-1.12180E-04 7.79954E-05
 -1        82-7.25375E-05-5.94016E-05 2.14786E-04 6.75054E-06 1.54884E-04 1.64400E-04
 -1        83 4.00280E-05-2.12624E-05-2.45100E-05 7.74849E-05 9.67798E-05 9.00217E-05
 -1        84 3.89925E-04-3.49595E-04-4.89281E-05-7.33905E-05 5.11230E-05 1.00287E-04
 -1        85-6.53421E-05-7.46775E-05 1.05285E-05-2.27143E-05-2.78530E-07 9.43399E-05
 -1        86-1.43595E-04 7.55107E-05-3.86907E-05-4.16834E-05-1.41845E-04 1.61626E-04
 -1        87 2.60997E-05 9.45762E-05-1.76218E-04-1.94040E-05-7.01235E-05 1.73421E-04
 -1        88 6.35656E-05-2.67978E-05-7.17924E-05-1.01871E-04-8.24525E-06 1.31414E-04
 -1        89 2.98399E-04-4.70203E-05-1.22080E-05 6.31174E-05 9.12535E-05 1.54470E-04
 -1        90-9.56024E-05 3.02371E-06-1.53577E-05 8.64398E-05 6.84820E-05 1.54484E-04
 -1        91-1.81723E-04 1.42367E-04-2.52864E-05-1.81944E-05-4.52360E-05 1.86754E-04
 -1        92-3.14667E-05 1.59926E-04-1.15243E-04 6.71448E-05 2.87505E-05 9.37073E-05
 -1        93 9.23575E-05-5.31431E-05-7.40260E-05-2.24566E-05 2.23846E-05-4.77887E-05
 -1        94 2.46576E-04-4.25871E-06-5.52933E-05 1.76359E-04-4.02619E-05 4.41020E-05
 -1        95 3.47447E-06 7.63733E-06-2.99525E-05 4.25340E-05 9.41763E-05 2.18548E-05
 -1        96-2.35964E-05 5.28417E-05 5.82749E-05-2.92084E-06-2.59971E-05-6.71596E-05
 -1        97-2.57409E-04 3.76824E-04-1.77547E-04 1.37188E-04-1.51562E-04 1.91793E-04
 -1        98-5.76799E-05 5.25061E-05-1.59633E-04-3.01014E-05-1.39515E-04 1.05082E-04
 -1        99 1.14662E-04 2.82127E-05-2.62707E-04-3.93197E-05-1.95696E-04-1.64303E-05
 -1       100 2.47741E-04-1.28472E-04-2.76692E-05-6.53484E-05 3.85002E-05 2.23667E-04
 -1       101 1.42823E-04 1.08572E-04 7.80172E-05 1.98056E-04 1.69821E-04 7.03260E-05
 -1       102-2.42059E-04 1.53315E-04-1.70660E-08 5.37129E-05-8.83224E-05 1.43540E-04
 -1       103-7.30479E-05 2.11553E-04-1.10519E-04 4.90807E-05-1.15761E-04 7.44920E-05
 -1       104 1.88003E-04-1.12829E-04-5.93812E-05 1.79369E-05-1.45359E-04-2.52640E-04
 -1       105-4.97384E-05 1.12693E-05-7.18762E-05 5.81342E-05 3.27229E-05 4.89481E-05
 -1       106 1.95910E-04 7.27030E-05-5.40420E-05 1.95046E-04 4.62822E-05 1.21923E-04
 -1       107 1.16776E-04-8.94012E-06 6.37396E-05 1.51206E-04 9.69419E-05 7.06702E-05
 -1       108-8.20528E-04 3.89649E-04 1.00853E-04-2.88865E-04-4.89616E-05 5.40341E-05
 -1       109 1.02592E-04-7.82491E-05-1.12336E-04-4.18369E-05 2.48293E-05 5.01573E-05
 -1       110 5.08406E-05 3.57802E-04 3.55437E-05 1.71974E-04-1.60724E-04-6.63056E-05
 -1       111-9.04018E-05-6.06619E-06-4.70867E-05-5.74459E-05 8.41258E-05 1.35989E-04
 -1       112-1.92355E-05-1.44300E-05-1.19247E-04-1.48142E-04-2.70026E-05-3.87155E-05
 -1       113 5.09334E-05 5.15683E-05-1.70906E-04-1.31162E-07 5.24891E-06-2.19438E-05
 -1       114 2.11952E-05 1.99935E-05-6.73255E-05 1.31764E-06 8.09441E-06-6.40224E-06
 -1       115-5.01184E-07 6.13398E-07-8.37903E-07-1.17339E-06 1.47010E-05 1.81477E-05
 -1       116 3.12507E-05 3.09070E-05-1.02917E-04-5.45646E-07 2.70205E-05 9.06425E-06
 -1       117 1.09092E-05 1.14039E-05-3.84916E-05 4.98658E-07-1.27199E-05-1.85167E-05
 -1       118-1.84392E-05-2.22957E-05 6.42238E-05 1.17738E-06-2.60697E-05-7.10898E-06
 -1       119-3.78533E-05-4.14235E-05 1.31625E-04-1.11151E-08-8.22756E-06 2.08018E-05
 -1       120-8.86506E-06-9.07842E-06 2.77544E-05-2.51973E-07-7.39811E-06 3.39887E-06
 -1       121 3.89620E-05 3.67179E-05-1.22879E-04 2.50001E-07-4.60294E-07-1.38342E-05
 -1       122 2.27852E-05 2.69326E-05-8.66727E-05 2.39035E-06-4.49096E-07-2.64056E-05
 -1       123-1.46360E-05-1.50083E-05 4.71899E-05-4.74032E-07 1.97095E-06 2.71085E-05
 -1       124-2.73793E-05-2.27831E-05 8.38394E-05 1.49931E-06-9.58260E-07 1.51844E-05
 -1       125-2.82431E-06 1.65654E-06-9.32475E-07-1.01143E-06 3.65649E-07 3.87410E-06
 -1       126 9.54890E-07 2.17381E-06-6.40336E-06-3.59064E-07 8.35188E-07 4.27925E-06
 -1       127 5.40306E-06 5.31244E-06-1.70662E-05-2.48398E-07 3.40376E-06 1.15736E-06
 -1       128 2.99813E-05 2.31170E-05-9.15735E-05 1.59520E-06 4.33614E-06-3.29234E-06
 -1       129 2.67997E-05 1.48534E-05-2.26003E-05 2.52685E-05 2.84733E-05 4.21245E-05
 -1       130 1.26409E-05-3.13670E-06-5.03533E-06 7.17993E-06-3.09939E-07 1.05416E-05
 -1       131-4.78769E-07 3.19265E-06-3.21719E-06 6.11675E-06-1.98719E-06 4.25026E-06
 -1       132-9.00759E-06 2.90169E-06 8.25480E-07-4.73676E-06 1.75192E-06 4.92627E-06
 -1       133-6.05179E-07-7.35214E-07 7.93252E-07-6.81793E-07-1.23302E-06 9.17140E-08
 -1       134-6.06488E-07 8.26269E-07-9.14648E-07 1.33131E-07-1.00473E-07-7.64323E-07
 -1       135-2.34873E-06 6.76653E-07 6.81847E-07-6.82115E-07-3.53650E-07-1.15790E-06
 -1       136-3.47224E-06 1.26071E-06 2.86599E-07-7.08544E-07 2.77972E-07 2.22216E-06
 -1       137-7.70053E-07 1.81653E-06-3.50233E-06-5.85646E-07 2.86662E-07 3.97401E-06
 -1       138 2.43050E-06 3.69858E-06-1.03624E-05-6.23679E-07 2.26970E-06 2.62770E-06
 -1       139 9.02605E-06 1.24708E-05-3.77748E-05 2.32688E-07 1.12946E-06 1.31328E-06
 -1       140 3.57340E-05 3.07597E-05-1.33976E-04 1.77789E-05 6.89992E-05 5.85995E-05
 -1       141 2.43804E-05-4.07772E-06-8.32983E-06 1.50897E-05 2.80848E-06 2.32632E-05
 -1       142 4.07839E-06 1.81030E-07-4.69694E-06 7.06279E-06-1.39575E-06 7.35869E-06
 -1       143-5.36510E-06 2.63802E-06 1.67375E-06 1.71612E-06 1.57538E-06 3.71825E-06
 -1       144-1.86038E-06 6.51153E-08 1.07941E-06-2.29912E-06-1.53560E-06 8.60308E-07
 -1       145-5.13069E-07 8.24151E-07-9.99060E-07 1.14281E-07-6.80712E-07 4.44240E-08
 -1       146-1.47568E-06 6.96474E-07-3.68659E-07-2.99774E-07-1.39863E-07-1.19335E-06
 -1       147-2.82468E-06 8.89074E-07 8.58255E-07-5.85217E-07-2.47597E-07-1.32535E-07
 -1       148-4.33865E-06 1.33925E-06 1.32283E-06-1.03450E-06-1.29744E-07-5.17101E-07
 -1       149-2.86082E-06 1.20576E-06 3.52711E-07-7.80953E-07 6.02695E-07 1.38948E-06
 -1       150 3.94469E-08 7.73958E-07-1.24466E-06-4.26302E-07 9.18256E-07 3.10292E-07
 -1       151-1.36028E-06-3.79749E-06 6.13499E-06 8.58535E-07-3.96813E-06-2.70091E-06
 -1       152-2.10003E-06 9.72887E-07-9.94095E-07-1.41789E-06-7.41717E-06-2.58205E-05
 -1       153 7.56230E-06-1.30755E-06-8.53213E-07 1.01472E-05-2.94504E-06-1.10043E-05
 -1       154 2.17838E-05-8.50897E-06-5.57314E-06 9.57986E-06-2.07316E-06-1.36929E-05
 -1       155 5.62133E-05-8.12703E-06-1.65826E-05 2.43335E-05-9.65980E-06-2.66109E-05
 -1       156 1.60762E-05 8.46834E-06-3.87398E-05 7.61862E-06-7.15130E-06 1.17978E-05
 -1       157 4.22119E-06 3.19620E-06-1.17255E-05 3.00103E-07-1.89684E-06-7.93496E-07
 -1       158 7.24977E-07 2.27448E-06-5.42903E-06-3.08087E-07-2.05137E-07-3.90297E-06
 -1       159-3.46735E-06 1.96914E-06-9.03498E-07-5.14812E-07-2.92788E-07-4.16798E-06
 -1       160-4.31857E-06 1.42953E-06 1.01338E-06-6.77141E-07 1.92164E-07 3.93186E-07
 -1       161-1.36542E-06 8.15486E-07-3.16109E-07-5.05862E-07 5.02375E-07 8.59104E-07
 -1       162 2.24824E-07-1.20408E-07-2.42774E-07-1.27220E-08-7.67739E-08-8.85219E-07
 -1       163-3.32379E-06-3.92666E-06 1.04906E-05 3.25047E-06-6.70840E-06-5.89902E-06
 -1       164-3.56988E-06 1.91156E-06 1.56880E-06 3.67468E-06-6.84147E-06-1.88628E-05
 -1       165 1.56482E-05-5.66545E-06-3.81738E-06 1.10887E-05-2.68003E-06-1.16628E-05
 -1       166 3.49155E-05-9.22948E-06-1.04014E-05 1.15171E-05-3.18164E-06-2.02077E-05
 -1       167 6.68421E-05-1.05611E-05-3.71686E-05 3.84851E-05-2.35194E-05-1.65021E-06
 -1       168 6.07882E-06 6.78389E-06-2.48835E-05 1.67795E-06-2.19180E-06 4.07981E-06
 -1       169 3.09383E-06 2.99177E-06-7.64621E-06 1.48934E-07-7.87081E-07-2.40302E-06
 -1       170-1.60465E-06 1.90571E-06-2.90829E-06-2.76351E-07-2.19835E-07-3.98056E-06
 -1       171-4.31851E-06 1.84617E-06 4.98995E-07-3.50456E-07-1.32708E-07-2.61907E-06
 -1       172 3.76949E-06-3.74640E-05-5.23691E-06 2.39225E-05-3.06858E-05-4.96530E-05
 -1       173 1.22729E-04 5.96409E-05-4.61130E-05 8.81467E-05-2.72885E-05-7.62660E-05
 -1       174-7.30241E-05-6.37621E-06 2.02717E-05-9.99523E-06-7.80920E-05-6.70630E-05
 -1       175 3.81483E-05 4.58402E-05-2.93982E-05-2.87551E-05-3.77855E-05-2.84862E-05
 -1       176 3.84908E-05-1.44861E-06 2.37485E-05 1.21550E-04-1.72556E-05-1.73911E-05
 -1       177 1.32022E-04 3.49271E-06-5.40305E-05 9.14887E-05-2.67058E-05-5.06102E-05
 -1       178-2.70513E-05 8.01716E-06-6.48775E-06-2.29001E-05-2.32685E-05-2.15720E-05
 -1       179-1.28277E-04-2.85613E-05 8.86313E-06-3.23893E-05-7.33459E-05-5.52108E-05
 -1       180 1.73072E-05-7.50782E-05 4.00071E-05 1.30996E-05-2.37962E-05 2.76850E-05
 -1       181 7.46293E-06-4.25847E-05 7.78619E-05 3.98142E-05 1.54739E-06 1.24718E-06
 -1       182 2.81752E-05 5.84323E-05-3.97026E-05 1.02193E-04-2.04622E-05 3.42388E-06
 -1       183-1.36053E-04 2.32666E-05 1.05907E-05 4.47440E-05-4.21740E-05-3.01502E-05
 -1       184-1.36704E-04-2.40714E-05 1.21454E-04-1.50976E-05 9.32622E-06-5.35802E-05
 -1       185 1.00229E-04-1.18320E-05-7.01290E-06-2.50898E-05 1.84707E-05 7.49927E-06
 -1       186-3.26023E-05 1.50102E-06 3.64630E-05-8.53260E-05 5.16918E-05 4.47491E-05
 -1       187 1.16607E-05-6.32923E-05 2.80588E-05-1.35153E-05 1.89208E-05 4.07643E-05
 -1       188-5.42220E-05-5.90030E-05 2.14752E-05-4.62410E-06 2.42632E-05-1.77420E-05
 -1       189 5.63165E-05-1.80465E-05 2.89084E-06-5.79381E-07-1.60610E-05-4.25349E-05
 -1       190 1.26556E-05-3.35303E-05 1.85789E-05-1.68634E-05 1.07255E-05-1.54573E-05
 -1       191 9.60135E-06 2.98240E-06-3.88120E-05 3.68508E-05 4.53220E-05-2.85634E-05
 -1       192-2.30980E-05-5.16972E-05-3.06920E-05-2.55784E-05-4.86828E-05-9.75755E-05
 -1       193-1.73233E-05 4.90657E-05 1.87197E-05 1.75197E-05 6.43609E-05 6.17493E-05
 -1       194-3.72553E-06-2.43780E-05-1.99849E-05-1.81301E-05-9.35128E-06-2.53682E-05
 -1       195-1.05497E-05 8.47307E-05 8.14640E-05 7.39047E-05 1.03412E-04 5.73540E-05
 -1       196 1.87283E-05 7.36996E-06-1.06202E-04-4.24822E-06-2.41429E-05-3.76197E-05
 -1       197 7.89036E-06-8.78102E-05 1.17366E-04 4.70864E-05 3.82064E-06 1.97779E-05
 -1       198 9.12582E-05 1.58666E-05 2.84997E-05 4.25471E-05-5.50675E-05-8.12402E-06
 -1       199-8.79391E-05 1.50027E-05 5.24305E-05-5.15424E-05 1.39073E-05 7.33262E-05
 -1       200-9.91750E-05 9.84876E-06 6.40958E-05-6.80451E-05-2.55222E-05 6.64488E-05
 -1       201-3.59878E-05 2.71484E-05-2.40322E-05-4.01599E-08 3.72447E-06 7.30180E-06
 -1       202 1.47883E-04-4.67085E-05-5.93151E-05-9.69533E-06-6.09569E-05 8.79713E-05
 -1       203-7.54661E-06 5.46822E-05-8.47206E-05 1.02549E-05-7.12444E-05-2.41563E-05
 -1       204 1.36420E-04-2.80316E-05-4.46090E-05-2.44631E-05-6.20597E-05 7.43350E-05
 -1       205-8.69575E-05 6.00024E-05-7.52791E-05-1.42224E-05-5.97296E-05-1.17835E-04
 -1       206-1.15598E-04 1.05676E-04 8.23542E-05 2.26052E-05 2.11746E-06 1.31435E-05
 -1       207-4.14121E-05 1.88965E-05 8.50525E-05 4.08340E-05 8.17232E-05 3.00312E-05
 -1       208-2.88283E-05 4.10810E-05 5.40047E-05-1.70369E-05-5.81629E-06-6.09550E-05
 -1       209-1.44259E-05-2.39946E-05-1.59327E-05 1.24271E-04 5.96457E-05-5.88949E-05
 -1       210 4.51174E-05-7.46108E-06-1.14978E-05 2.53519E-06-2.30683E-05-9.11934E-06
 -1       211 1.53738E-05 7.30612E-05 1.22337E-04 6.84294E-05 7.07778E-05 1.45896E-05
 -1       212 2.40103E-04-5.08981E-05 2.20753E-06-1.66846E-05-3.89973E-05-1.49444E-04
 -1       213-1.64000E-04 1.30564E-04 1.37280E-05 2.69435E-05 1.13710E-04 6.16542E-05
 -1       214 1.34009E-04-1.40976E-04 8.25597E-05-1.47795E-04 4.97350E-05 2.04340E-04
 -1       215 1.67392E-04-9.28146E-05 5.34916E-06-2.11362E-05 2.72182E-05 5.13340E-05
 -1       216-1.55174E-04 5.41750E-05 1.03022E-04 9.24724E-06 1.07599E-05-5.63652E-05
 -1       217-2.33148E-05-6.77238E-05 3.21994E-05-7.48407E-07 6.37095E-05 5.99017E-06
 -1       218-8.37107E-05-5.60092E-05-2.89942E-05-4.16989E-05 5.75163E-05-2.11834E-05
 -1       219-9.11003E-05-2.91693E-05 9.46127E-05-2.19480E-06-1.25971E-04-1.11144E-04
 -1       220-5.56885E-05 8.68852E-05 2.74451E-05 6.95956E-05 1.61710E-05-3.54534E-05
 -1       221-1.09744E-04 1.77207E-04 1.04838E-05 4.07478E-05 5.41914E-05 2.65784E-06
 -1       222 7.38180E-05 5.07687E-05-1.38009E-04 1.28580E-05-5.77444E-05-7.35972E-05
 -1       223-3.77615E-05 4.92012E-06-4.24386E-06-2.20385E-05-6.36586E-05-2.75566E-05
 -1       224-1.65357E-04 5.91802E-05 2.97940E-05-4.34202E-05-1.96215E-05 1.44653E-05
 -1       225-2.70617E-05 2.57339E-05-2.32874E-05 3.40803E-05-6.23300E-06-3.37729E-06
 -1       226 1.01413E-04 3.74622E-05-1.45552E-04 5.92007E-05 8.68026E-05-2.88234E-07
 -1       227 1.39538E-04-2.75934E-06-1.82845E-04 1.75599E-06-8.53409E-05-1.21947E-04
 -1       228 3.74690E-05 6.64271E-05 3.04255E-05 4.97089E-05-8.13268E-06 4.94644E-05
 -1       229-4.18587E-05-3.32456E-05-8.41558E-06 3.47107E-05-1.63199E-05 9.93232E-05
 -1       230 9.08790E-05 2.97433E-05-9.26682E-06 7.37369E-05-3.12490E-05 1.03865E-04
 -1       231 9.68262E-05-1.70511E-05-2.20250E-05 4.01546E-05-6.79423E-07-1.23973E-05
 -1       232-1.68806E-05-8.82994E-05 5.70654E-05-7.69551E-05-1.67982E-05-1.77848E-05
 -1       233 2.17027E-04-5.00839E-05-1.25332E-05-2.56286E-05-7.78008E-05 5.54104E-05
 -1       234 7.04666E-06 1.83448E-05-6.59073E-06 3.84660E-05-8.43207E-06-3.94940E-05
 -1       235 8.99766E-05 6.05088E-06-3.89410E-05 7.21301E-06 2.53228E-05-3.85855E-05
 -1       236 9.92280E-05-2.13388E-05-7.26262E-05-6.83136E-06-3.62049E-05 3.20670E-05
 -1       237-5.57617E-05-1.48958E-05 5.19048E-05-2.07483E-05 6.16995E-06 1.95749E-05
 -1       238 4.71630E-05-1.90054E-06 2.12894E-05 2.43572E-05 3.08815E-05 7.07291E-06
 -1       239-3.86059E-05 4.25040E-05 1.41794E-05 3.83190E-06 2.73994E-05 1.15287E-04
 -1       240-3.10814E-05-1.20707E-04 7.89329E-05-7.27598E-05 1.17502E-05 9.01142E-05
 -1       241 8.13933E-05 1.39502E-06-2.16702E-05 6.73013E-05 2.82041E-05 4.57659E-05
 -1       242-1.03656E-04 9.73827E-05 1.25339E-05 3.17767E-06 1.50973E-05 7.64916E-05
 -1       243-6.54102E-05-7.45612E-07 6.61277E-05-3.68414E-05-5.56978E-06 2.13048E-05
 -1       244 5.29877E-05-1.38603E-05 2.67494E-05 1.74214E-05-1.71328E-05-1.15697E-05
 -1       245 7.64623E-05-4.39630E-05 5.48819E-05 1.12478E-05-6.54537E-05 1.78634E-05
 -1       246 2.78154E-05-1.05544E-04 9.27334E-05-2.62384E-05-2.25101E-05 6.16703E-05
 -1       247-3.94569E-05 6.19238E-05-5.43014E-06 6.35874E-05-4.13589E-06-7.70605E-05
 -1       248-5.26419E-05-1.23066E-04 3.11067E-05-1.61588E-04-2.69525E-05-1.13853E-04
 -1       249-1.63331E-04 1.24026E-04 1.15988E-04 5.26606E-05 3.18192E-05 1.37296E-04
 -1       250-2.53305E-04 1.24341E-04 3.83082E-05-7.62070E-05-7.59436E-05 9.34219E-05
 -1       251 1.39314E-04 3.41834E-05-1.37294E-04 4.52142E-05-5.43345E-05-6.77298E-05
 -1       252 7.03535E-05-3.30064E-05-3.72876E-05-7.13879E-06-3.64766E-05 8.87650E-06
 -1       253 1.44562E-04-1.59577E-04-2.12977E-05 7.43178E-06 3.92588E-05-1.83212E-05
 -1       254-1.01480E-04 3.26717E-05 8.95715E-06 2.09490E-05-3.63927E-05-2.46525E-06
 -1       255 1.02988E-04-7.64476E-05 2.16962E-05-7.45521E-05-5.37824E-05 8.67369E-05
 -1       256 7.44264E-05-1.22255E-05 7.32049E-06-8.50656E-05-3.25977E-05 3.80983E-05
 -1       257 1.29605E-04 2.22089E-05-1.59018E-05-1.45625E-04-2.28629E-05 1.10188E-04
 -1       258 2.26759E-04-1.47816E-04-1.02500E-04-3.45551E-05 3.39656E-05 1.46228E-04
 -1       259-3.55193E-05 5.45686E-05-7.26176E-05-5.13333E-05 7.20195E-05 9.68231E-05
 -1       260 1.94890E-05 6.21391E-05-3.18161E-05 1.04899E-04-6.52804E-05 7.85727E-06
 -1       261-1.48197E-04-3.77471E-05 8.61397E-05-6.61646E-05-7.54880E-05-1.99202E-05
 -1       262-9.16813E-05 7.43554E-05 1.05341E-04 1.50199E-05-5.05041E-05 1.84480E-05
 -1       263 6.18362E-05-9.23711E-05 7.02555E-05 7.74087E-06-4.92988E-05-1.60374E-05
 -1       264-1.95774E-04-2.16135E-05 1.23269E-04-1.28253E-04 2.45727E-06 2.60692E-05
 -1       265 2.26773E-04-4.40460E-05 5.89892E-07 8.55338E-05-5.40969E-05-4.93913E-05
 -1       266 2.16366E-04-2.65547E-05-3.07664E-05 4.91949E-05-7.39414E-05 4.22772E-05
 -1       267-8.76894E-05 1.29768E-04-4.82825E-05 2.56345E-05 8.01987E-05 7.11764E-05
 -1       268-3.00784E-05-8.74732E-05 1.28138E-04-3.78961E-05-2.84530E-05 4.56974E-05
 -1       269-1.75617E-05-2.16533E-05-7.57238E-06 2.51294E-06-8.76910E-06 5.12584E-05
 -1       270 1.55021E-05-4.92567E-05-1.42970E-05-4.55452E-05 2.56573E-05-6.53843E-06
 -1       271-9.19493E-05 1.18386E-04-5.95423E-05-7.05751E-05-2.71331E-05 8.03749E-06
 -1       272 1.24633E-04-6.43410E-05-9.11005E-05 1.31148E-05-2.25135E-05-1.59604E-05
 -1       273-7.15826E-05 3.47654E-05-1.02496E-05 2.32597E-05-1.98975E-05 3.07739E-05
 -1       274-8.16694E-05 3.11530E-05 4.07041E-05-1.28065E-04-8.23309E-05 9.11082E-05
 -1       275 1.95322E-05 2.05329E-05-2.31390E-05-2.86242E-05-1.77431E-05 4.29488E-05
 -1       276-1.53122E-04 5.42970E-05-4.22042E-06 1.56785E-05 2.57054E-05 1.14255E-04
 -1       277 1.96743E-05 1.15405E-04-1.41583E-04 5.03293E-05 2.81881E-05 1.56730E-04
 -1       278-5.25681E-05 7.40495E-05-2.21194E-04-3.60955E-05 4.08794E-05 1.68238E-05
 -1       279-2.52175E-05 3.09475E-05 4.02210E-05-1.92755E-05 5.51699E-05 5.21138E-05
 -1       280-9.11581E-05 1.65574E-05 5.60320E-07-2.37042E-05 5.21126E-05-2.34636E-05
 -1       281 1.78890E-05-2.00110E-05-3.50484E-05-2.71691E-05 1.03422E-05 1.83070E-05
 -1       282 1.00317E-04-9.07311E-05-2.23950E-06 2.82899E-05 2.58754E-05 4.12872E-05
 -1       283 5.83359E-05 5.31233E-05 3.55004E-06 1.24326E-04 9.25207E-08 4.01134E-05
 -1       284 4.36810E-05-8.68382E-06-3.51422E-05 2.57027E-05 1.91261E-05 4.23566E-05
 -1       285-1.89591E-04 4.22503E-05-3.68698E-05-9.39050E-05 4.50470E-05 7.36947E-05
 -1       286-4.72023E-05 2.74455E-05 2.98962E-05 7.56247E-05-7.00375E-05-1.55431E-05
 -1       287-1.19392E-04 3.07699E-05-1.29381E-05-9.79674E-06 4.39035E-05 6.52704E-05
 -1       288 1.34378E-04 1.65223E-04-1.89630E-04 1.71407E-04 2.45189E-05 3.45406E-05
 -1       289-2.39361E-05 3.27864E-05-7.61641E-05 2.20061E-05 3.15437E-05 2.16561E-05
 -1       290 4.34265E-05 1.14597E-04-1.95221E-04 9.90257E-05 2.85967E-05 1.36983E-04
 -1       291 3.07465E-05 1.07219E-04-7.85866E-05 5.39446E-05 3.63426E-05 7.44208E-05
 -1       292-5.30303E-05 3.58119E-05-8.65266E-05-5.85294E-05-3.37508E-05 3.39347E-05
 -1       293-1.03874E-04-2.49993E-05-1.12994E-04-1.16229E-04 2.55546E-05 1.09673E-04
 -1       294 5.69790E-05-6.09422E-05-1.14408E-04-3.15702E-05-3.36770E-06 8.07145E-05
 -1       295 3.65422E-05-3.64789E-05 7.59446E-05 2.55351E-05-2.88752E-06 5.92312E-05
 -1       296 5.16649E-05 4.10934E-05-1.07129E-04-1.01717E-06 1.47689E-05 1.53465E-05
 -1       297 5.05604E-05-1.29971E-05 1.86544E-05 1.00672E-04 2.02055E-05 7.81403E-05
 -1       298-1.98982E-06 7.84114E-05 1.18794E-04 1.11234E-04-7.98623E-05-5.49276E-05
 -1       299 7.24653E-05 4.89287E-06 4.10378E-05 1.65565E-05-3.23782E-05 2.49344E-05
 -1       300 3.13953E-05 4.34532E-05 1.27613E-05 3.51569E-05-2.21021E-05 8.53036E-06
 -1       301-2.60472E-05-4.96048E-06 5.56733E-05-9.33760E-05-8.52492E-06 7.93761E-06
 -1       302 2.56964E-05 4.12102E-06 9.63861E-05-1.33153E-05-9.71564E-07 1.16338E-04
 -1       303-3.39828E-05 4.52513E-05-1.51083E-05-3.37377E-05 3.54683E-05 4.32014E-05
 -1       304-8.69284E-05 8.27265E-05-1.04208E-05 6.65425E-05 2.49176E-05 7.94583E-05
 -1       305-2.15602E-04-7.96252E-06 5.27267E-05-7.53281E-05-7.64926E-05 9.05432E-05
 -1       306-5.22559E-05 3.26562E-05 6.73518E-05 1.37719E-05-4.80488E-06-1.66296E-05
 -1       307-8.30347E-05 6.48271E-05 4.04722E-05 3.38429E-05-1.98678E-05-6.21897E-05
 -1       308-1.87562E-04 8.31557E-05-4.88327E-06 1.60979E-05 7.76551E-07 5.01918E-05
 -1       309 2.43441E-05 9.00376E-05-6.49052E-05 6.46805E-05-6.68154E-05-1.73695E-04
 -1       310-4.89277E-05 8.21013E-05-1.82347E-05-3.69703E-05-1.30928E-05-4.33516E-05
 -1       311-6.68265E-05 3.79175E-05 2.01803E-05-3.12204E-05 6.51215E-05 1.00779E-04
 -1       312 2.23562E-05-2.80906E-06-5.38674E-05-3.00715E-05 3.37832E-05 3.79521E-05
 -1       313 3.14883E-05 1.42143E-05-7.57393E-05 2.11976E-05 6.52005E-06-4.94644E-05
 -1       314 7.75220E-05-6.07146E-05-4.16894E-05-1.19168E-05-4.68859E-05-2.88237E-05
 -1       315 4.52616E-05 3.38934E-05-6.73497E-05-2.66281E-06 3.02405E-05-7.69120E-05
 -1       316 3.73040E-05-3.38515E-05-2.73276E-05-4.34345E-05-4.38353E-05-6.96570E-05
 -1       317 7.62714E-05-2.69082E-05-8.76019E-05-5.18606E-06-4.28848E-05-5.94093E-05
 -1       318 6.65467E-05-6.64573E-05-3.83247E-06-7.67046E-06 1.41214E-05 9.99558E-06
 -1       319-1.56634E-04 3.23520E-05-1.41070E-05-8.03641E-05-2.26162E-05 2.08640E-04
 -1       320 4.90968E-05 1.02702E-04-1.54292E-04 6.59753E-05-6.83807E-05 1.62984E-04
 -1       321 7.88640E-05 5.28048E-05-1.53413E-04 5.57218E-05-2.11044E-05 6.38926E-05
 -1       322-5.96309E-05 7.24867E-05-2.50436E-04-3.04021E-05-3.09155E-05 9.39936E-05
 -1       323-4.93431E-06 5.64962E-05-7.51269E-05-4.63391E-05-1.03213E-05 7.72052E-05
 -1       324-8.22749E-05 2.86981E-05-8.95157E-05-1.20774E-04-2.03370E-05 1.28672E-04
 -1       325 8.72515E-05-7.84924E-05 4.01730E-05-7.71839E-06-4.22705E-05 5.31475E-05
 -1       326 6.12489E-05-9.28511E-05 7.70806E-05-1.19433E-04-6.77027E-06 7.30880E-05
 -1       327-2.30840E-04 5.88400E-05 2.37287E-05-9.95505E-05-5.98001E-05 8.56271E-05
 -1       328-1.39830E-04 4.35721E-05 7.98415E-05-1.90329E-04 8.96196E-06 8.55846E-05
 -1       329-1.68912E-04 1.13758E-04 2.79179E-05 8.05958E-05 4.95655E-05 1.97802E-04
 -1       330-2.29204E-04-3.66618E-05-6.24043E-06-2.83034E-05-1.18183E-05 1.49259E-04
 -1       331 7.36169E-05 5.92759E-05-5.16349E-05 1.14913E-04 4.12942E-05 8.90264E-05
 -1       332-1.13274E-04 8.11409E-05-5.24742E-05 4.56237E-05-1.04089E-04 6.11253E-05
 -1       333-9.91887E-05 5.24645E-05-5.55198E-05-1.34538E-04-6.14810E-05-1.17157E-04
 -1       334-6.41291E-05 1.49608E-04-5.47042E-05-6.97017E-05-1.99320E-05 3.57656E-06
 -1       335 2.56433E-04-7.54500E-05-1.28881E-04 8.50086E-05-6.76883E-05-6.42943E-05
 -1       336 1.98199E-04-6.51905E-05-1.02898E-04 3.95154E-05-7.35543E-06-4.77445E-05
 -1       337-3.92210E-05-7.82153E-05-6.91194E-07-5.84123E-05 3.18515E-05-1.80045E-05
 -1       338 4.11913E-05-5.85683E-06-4.42085E-05 2.55150E-05 4.28185E-05 7.04450E-05
 -1       339 2.61103E-05 6.32192E-05 6.01354E-05 9.27305E-05 1.44077E-05 8.10146E-06
 -1       340-8.71712E-05-2.27707E-05 1.40880E-04-3.61058E-05 1.04157E-04 7.56753E-05
 -1       341-1.72022E-05-9.36335E-05 4.54440E-05-3.74862E-05-1.59951E-05 1.04748E-04
 -1       342-1.23555E-05 1.06600E-04-2.15879E-04-6.26369E-07-5.91870E-06 9.28532E-05
 -1       343-7.20572E-05-9.32447E-06-3.85450E-05-1.70516E-06 5.60677E-05 1.12050E-04
 -1       344-6.48740E-05 8.22288E-05-1.20308E-04 1.06867E-04-2.22638E-05 1.62906E-04
 -1       345 5.04191E-04 1.06627E-04-2.05250E-04 1.86729E-04-8.04367E-05 1.13536E-04
 -1       346 1.05470E-04-3.83750E-05-1.63603E-05 5.08375E-05-2.75789E-05 1.99978E-05
 -1       347 5.74206E-05-1.05940E-04-4.83207E-05-8.60067E-05-3.49040E-05 7.95673E-05
 -1       348-2.77476E-06 2.21528E-04-9.64394E-05 6.24365E-05-6.62266E-05-4.40560E-05
 -1       349-1.16640E-04 7.38931E-05 6.71267E-05-4.25074E-05-2.62806E-05 5.71337E-05
 -1       350 3.80490E-05 6.91530E-05 7.98719E-05 2.04833E-05 1.18258E-04 7.79324E-05
 -1       351-5.78000E-05 8.97746E-05 2.56862E-05 1.13597E-05 2.85864E-05 1.28707E-04
 -1       352 2.28803E-04-6.39801E-05-3.09762E-05-2.65278E-05 2.26102E-05 1.79491E-04
 -1       353 1.69552E-04-1.18141E-04 7.47378E-05-4.79032E-05-7.52669E-05 2.08433E-04
 -1       354-3.36296E-05 1.48383E-06 5.27777E-05 4.60410E-05-6.03173E-06 2.17799E-05
 -1       355 4.56864E-05-1.07865E-04-7.49070E-05-1.15615E-04-1.68772E-04-1.54936E-04
 -1       356 2.41201E-05 7.09902E-05-1.18785E-04-3.03133E-05 7.72645E-05-2.11928E-05
 -1       357 4.46408E-04-6.45581E-05-1.66493E-04 1.16350E-04 5.90871E-05 1.21920E-04
 -1       358 2.80015E-04 3.31289E-05-4.28253E-05 1.09212E-04 1.71344E-05 2.44667E-04
 -1       359 4.00498E-04-1.37615E-04-1.48029E-04-1.33996E-04 2.72011E-06 1.32744E-04
 -1       360 8.53653E-05-7.40622E-05-3.74418E-05 8.02334E-06-1.12876E-04-1.18498E-04
 -1       361 7.01770E-05 3.79329E-05 4.43256E-06 1.26005E-05-6.07019E-05-2.96904E-06
 -1       362-9.80299E-05-9.33787E-05 1.18128E-04-6.68412E-05 1.33963E-05 8.51539E-05
 -1       363-1.13060E-04 8.42551E-06 8.68407E-05-9.24900E-05 1.41329E-05 1.55129E-05
 -1       364 6.48521E-05 1.24421E-04-5.30925E-06 7.85329E-05 3.30585E-05-2.28478E-05
 -1       365-8.57520E-04 4.09772E-04 5.08024E-05-2.44155E-04-4.31770E-06-1.30501E-05
 -1       366-4.58332E-04 7.87646E-05 2.19142E-04-2.62803E-04 1.27106E-04 9.76610E-05
 -1       367-7.10857E-05 2.45412E-05-1.98044E-06-3.61232E-05 1.02548E-04 1.76973E-04
 -1       368 6.06507E-05-9.32508E-05 1.94749E-05-3.29558E-05 3.96307E-05 1.55307E-04
 -1       369-2.22365E-05 7.42125E-05-1.02426E-04-3.97020E-05 5.73664E-05 2.44554E-04
 -1       370 8.31688E-05-6.66490E-05-2.04426E-05-1.86614E-05 2.28711E-06-1.07174E-05
 -1       371 2.25390E-06-2.71600E-05-4.81331E-05-1.41048E-04 2.53010E-05-2.12580E-06
 -1       372-2.72615E-05 9.44878E-05-3.47681E-04-2.66632E-05-9.11141E-06 1.49033E-04
 -1       373 2.47764E-06 3.48427E-05-7.27046E-05-4.54266E-05-9.68795E-05-7.82641E-05
 -1       374-1.81650E-04 7.44009E-05-1.48809E-04-6.87603E-05-8.75339E-05 1.36912E-04
 -1       375 1.37257E-04 2.51679E-06-1.20890E-04 2.96009E-05-7.60114E-05 3.26326E-05
 -1       376-1.54869E-04-1.60092E-04 1.16614E-04-1.48253E-04-7.67880E-05-1.86955E-05
 -1       377 3.89375E-05 1.27222E-05-3.74849E-05 6.46055E-05 1.64681E-05 6.25753E-05
 -1       378 1.42899E-04-2.14906E-04 2.18448E-04-4.24851E-05-4.68962E-05 1.12280E-04
 -1       379 1.72925E-04-1.62930E-04 1.56122E-06-7.65843E-05-2.38269E-05 2.18901E-04
 -1       380 1.70529E-05-1.33695E-04 2.91327E-04-4.19728E-05-4.39312E-05 1.08084E-04
 -1       381 2.96150E-05-6.81543E-05-7.38410E-07-1.08111E-04 1.84403E-06 1.09364E-04
 -1       382 5.78420E-05-7.55941E-05-1.96756E-05-9.22674E-05 6.24379E-05 1.29585E-04
 -1       383 2.20058E-04-6.75377E-05-7.68944E-05-7.90077E-05-1.94645E-05 3.03498E-04
 -1       384 4.46235E-05 5.29686E-05-9.42002E-05 9.29352E-06-6.23401E-05-2.32561E-05
 -1       385-8.58331E-05 1.90787E-04 5.41514E-05-5.34148E-05 1.15200E-05 4.67429E-05
 -1       386 1.83820E-04 5.90778E-05 2.19826E-05 9.23230E-05 7.94559E-05 2.24567E-04
 -1       387 4.16612E-05 9.11969E-05-1.80934E-04 5.06471E-05 1.00627E-05 1.93361E-04
 -1       388-2.08667E-04 3.94710E-05-7.69389E-05 1.59857E-05-1.02834E-05 1.35745E-04
 -1       389 3.13325E-05 2.96740E-05-1.00142E-04 5.85035E-05-6.85456E-05 1.43054E-05
 -1       390 3.75593E-05-7.08265E-05-3.39902E-05 2.85542E-05-1.45268E-05 4.86350E-05
 -1       391-7.11992E-05-3.24229E-05 5.53329E-05-2.33523E-06-4.16477E-05 4.61469E-05
 -1       392-1.05498E-04 8.17621E-05-6.99077E-05 4.98980E-05 1.29364E-05 1.00139E-04
 -1       393 1.98398E-04-1.19204E-04 1.26831E-04 1.39991E-04 4.69877E-06 2.20834E-05
 -1       394-1.36598E-04 1.11317E-04 8.46266E-05 3.39205E-05 1.60753E-05 4.18092E-05
 -1       395-7.39109E-05-1.89346E-05 1.67541E-05-1.00956E-05-7.23541E-06 4.10406E-05
 -1       396-8.65254E-05-6.29678E-05 1.18829E-04-6.12254E-05 1.02864E-04 5.52992E-05
 -1       397 2.25404E-04-1.51896E-04 2.60236E-05 2.32489E-05 6.93917E-05 1.09264E-04
 -1       398-1.25924E-04 1.11467E-04 1.14357E-04 4.08930E-05 6.59317E-05 6.72508E-05
 -1       399-9.18203E-05-3.19801E-05 1.10405E-04-3.96420E-06 2.33813E-05 5.38269E-05
 -1       400 2.29514E-04-1.02202E-05-4.90538E-05 1.25436E-04 7.58391E-05 1.56880E-04
 -1       401 3.73782E-04 7.57588E-05-1.21389E-04 1.62079E-04-1.17601E-04-2.59964E-05
 -1       402-1.10291E-04 1.41398E-05 5.77789E-05 1.99257E-06-7.97133E-05 1.26451E-04
 -1       403 5.78987E-05-3.94570E-05-9.02878E-05 5.96466E-05 3.30174E-05 1.22283E-04
 -1       404 5.15175E-05-2.69575E-05-7.47867E-05 5.20071E-05 7.85479E-05 1.38241E-04
 -1       405-3.86340E-05-9.35402E-06-2.09983E-05-5.94836E-05-2.93268E-05 3.41622E-05
 -1       406 1.69665E-04 7.42476E-05-1.21354E-04 8.57730E-05 7.94243E-05 2.49499E-04
 -1       407 1.03484E-04 1.44738E-04-2.63728E-04 8.42959E-05 4.70702E-05 1.92447E-04
 -1       408 1.98096E-04 2.91262E-05-6.71266E-05 9.90842E-05-4.91712E-05 6.60552E-05
 -1       409-1.47350E-04 2.42256E-05-1.90759E-04-9.15977E-05 5.60763E-06 1.17682E-04
 -1       410 3.78371E-04 3.90501E-05-1.11055E-04 1.55695E-04-1.10075E-04 1.59381E-04
 -1       411 2.68968E-05-8.38747E-05 9.56266E-05-1.03618E-04 5.85032E-05 2.55332E-04
 -1       412 1.96941E-04 4.05767E-05 8.50484E-06 1.90521E-04 7.46785E-05 1.17059E-04
 -1       413 1.87336E-04-4.55038E-05 1.07165E-05-2.43199E-05 4.09539E-05 1.65524E-04
 -1       414-1.07501E-04 9.77991E-06-1.80098E-05-6.02329E-05 7.80629E-05 2.53619E-04
 -1       415-2.88319E-04 1.37076E-04 2.41494E-05-5.09265E-05 3.30059E-05 1.70862E-04
 -1       416-1.94859E-04 1.77707E-04-1.02735E-04 3.28595E-05 2.26301E-06 1.77441E-04
 -1       417-7.83131E-05 2.17027E-05-5.31508E-05 1.57623E-05-3.34134E-05 1.87434E-04
 -1       418-6.65646E-07 7.40379E-05-4.84420E-05 2.32730E-05 1.34803E-04 1.62358E-04
 -1       419-9.04661E-05-4.42312E-05-4.70730E-05-5.30058E-05 1.17793E-04 1.52003E-04
 -1       420-1.44042E-05 1.23622E-04-4.04448E-07 7.55703E-05 1.11764E-04 1.25449E-04
 -1       421-1.81091E-05 5.25257E-08-2.26934E-05-2.51295E-05 4.38751E-05-8.11005E-07
 -1       422 4.86301E-05-3.54582E-05 3.52897E-05 3.78634E-05-1.11425E-05 2.57987E-06
 -1       423 3.94133E-05 7.69753E-05 4.51742E-05 9.89252E-05-3.08259E-05 3.82216E-05
 -1       424 8.21122E-05-3.69585E-05-2.18686E-05 5.62324E-05 2.71185E-05 1.98525E-05
 -1       425 2.03371E-04 9.69875E-05-3.20079E-05 1.72015E-04-3.19387E-05 4.10624E-07
 -1       426 1.92548E-04 1.84540E-04-4.35202E-05 1.73112E-04 1.38654E-04 6.60610E-05
 -1       427 2.97073E-04 1.68208E-04-6.46055E-05 2.73873E-04 8.57428E-05 6.00472E-05
 -1       428 2.24392E-04-2.53913E-04-9.02808E-05-1.88290E-04-1.02897E-04 1.10577E-05
 -1       429-1.08480E-04-1.10080E-04 7.61638E-06-1.35830E-04 1.35177E-04 1.24297E-04
 -1       430 2.68071E-05 2.61101E-05-8.61686E-05 2.06901E-07 1.43413E-05-3.24445E-06
 -1       431-1.63941E-05-1.50049E-05 4.66561E-05 1.09170E-06-1.57575E-05 1.11095E-06
 -1       432 3.29652E-05 3.11674E-05-1.05710E-04 4.77998E-07-3.17702E-07-2.67390E-05
 -1       433-1.91583E-05-2.01734E-05 6.60137E-05-2.93390E-07 3.72189E-07 2.53879E-05
 -1       434 6.67248E-06 6.79273E-06-2.19471E-05-4.14153E-07 2.21472E-06 6.41519E-06
 -1       435 6.62669E-06 9.47139E-06-2.86392E-05-1.29735E-06 1.14507E-05 2.00096E-05
 -1       436 3.36069E-05 3.25842E-05-1.12640E-04-8.64203E-07 1.72759E-05 4.52060E-06
 -1       437 1.64162E-05 1.29724E-05-4.83645E-05 2.44138E-07 3.71780E-06-9.43525E-06
 -1       438-1.00739E-05-1.05676E-05 3.72098E-05 1.14069E-07-8.60518E-06 1.55169E-05
 -1       439-2.93031E-06 2.60250E-06-1.19953E-06-2.88005E-07-4.84033E-06-6.26786E-06
 -1       440 1.99228E-05 2.42413E-05-7.71185E-05-1.19031E-06 3.62978E-06-1.81487E-05
 -1       441-7.89002E-06-7.11088E-07 8.63658E-06 2.25584E-06 2.24796E-06 6.72491E-06
 -1       442 1.13404E-06 4.02471E-06-1.06792E-05-4.30195E-07-1.47999E-05-1.47419E-05
 -1       443-2.31258E-05-2.16147E-05 7.37558E-05 1.20507E-06-1.14664E-05 7.22354E-07
 -1       444-3.92748E-06 1.55313E-06 6.53231E-07-1.00304E-06 2.46674E-07 1.13804E-06
 -1       445-3.69862E-06 1.14052E-06 9.25431E-07-7.95926E-07-2.45473E-07-1.42031E-06
 -1       446-3.08063E-06 1.45203E-06-2.93533E-07-1.16414E-06 6.02246E-07 2.70031E-06
 -1       447-2.84978E-06 1.25116E-06-1.55893E-07-7.03449E-07-4.35297E-07-2.72658E-06
 -1       448-1.38674E-06 1.18887E-06-1.39843E-06-7.97033E-07 7.50755E-07 2.35191E-06
 -1       449 4.08597E-07 1.38734E-06-3.60178E-06-6.88536E-07 9.65731E-07 2.26963E-06
 -1       450 6.91942E-07-6.20086E-09-2.70438E-06 4.04833E-07-3.49911E-07 1.42296E-06
 -1       451 2.24121E-06 9.60706E-07-4.68673E-06-1.04993E-07-3.04121E-08-1.06654E-06
 -1       452 2.46403E-06 9.37791E-06-1.55281E-05 5.04761E-07 2.38182E-06-2.60789E-06
 -1       453 1.42794E-05 1.51458E-05-5.12432E-06 1.50016E-05 2.78347E-05 2.05551E-05
 -1       454 1.96186E-05 1.33369E-05-6.06521E-05 2.58611E-06-3.30108E-06-1.76112E-05
 -1       455 2.19386E-05-1.82867E-06-8.49322E-06 1.64565E-05 4.58912E-06 8.95373E-06
 -1       456 1.79008E-05-4.85054E-06-5.40743E-06 1.10071E-05-5.77992E-07-1.48987E-06
 -1       457 1.66214E-05 8.99710E-06-1.35975E-05 1.85527E-05 2.11412E-06 3.54539E-06
 -1       458 1.19720E-05-3.76654E-06-4.22376E-06 7.31409E-06-1.25703E-06-3.62794E-06
 -1       459 2.12111E-05-4.68622E-07-7.59422E-06 1.43107E-05-5.16140E-06-1.08002E-05
 -1       460 2.84735E-05-3.88734E-06-7.57691E-06 1.37056E-05-3.93519E-06-9.17516E-06
 -1       461 3.02316E-06 5.84890E-06-2.03024E-05 7.28979E-07-2.68011E-06 9.98622E-06
 -1       462 5.80647E-06 3.25432E-06-1.45425E-05 1.95874E-06-3.34448E-06 1.85193E-06
 -1       463 7.59233E-08 1.37815E-06-3.54621E-06-5.57917E-07-2.65242E-07-1.13770E-06
 -1       464 1.12682E-09 1.59942E-06-3.21265E-06-3.54005E-07-3.90745E-07-2.36779E-06
 -1       465 1.56401E-06 1.05847E-06-4.63413E-06-4.50812E-07-1.70716E-06-5.52910E-07
 -1       466-1.02085E-06 1.36315E-06-1.93417E-06-4.67247E-07-2.49963E-07-2.61443E-06
 -1       467 6.65314E-07-2.25716E-06 1.72298E-06-2.13138E-06 7.92827E-06 1.27676E-05
 -1       468-3.33464E-06-5.82723E-07 2.79101E-06 1.57314E-07 4.66551E-07 2.84085E-06
 -1       469-1.17245E-06-3.42498E-07 9.35269E-07-8.00087E-07 5.56449E-08 2.36031E-06
 -1       470 2.36564E-06 1.96572E-06-7.47149E-06-3.83949E-06 6.85560E-07 2.51559E-05
 -1       471 4.13113E-06 6.64719E-06-1.84036E-05-1.69173E-06 1.21457E-06 1.86375E-05
 -1       472 1.74048E-06 1.17658E-06-6.10657E-06-3.99903E-07 7.73272E-07 9.68069E-06
 -1       473-6.49677E-06 1.12284E-06 2.52659E-06-1.48586E-06 3.74489E-06 1.13295E-05
 -1       474-2.50178E-06 9.10245E-07 3.45981E-07-2.77309E-07-1.33784E-07 4.35319E-06
 -1       475-1.56171E-06 2.38425E-07 1.11555E-06 3.59094E-07-5.28467E-07-2.80938E-07
 -1       476 4.85028E-06 4.00916E-06-1.42160E-05-1.86550E-07 7.52564E-08 8.54245E-06
 -1       477 1.16958E-06 2.92726E-06-2.04964E-05-7.39259E-06 6.27415E-06 4.10016E-05
 -1       478-2.63607E-06 1.26165E-06-2.50450E-07-5.17485E-07 1.37732E-07 4.02398E-06
 -1       479-3.07078E-06 9.48233E-07 7.96358E-07-4.21571E-07-1.03333E-07 2.57660E-06
 -1       480-2.85985E-06 7.80898E-07 1.07960E-06-2.92668E-08 5.00449E-08 1.92844E-06
 -1       481-2.63662E-06 6.75174E-07 1.07440E-06-2.17640E-07-1.13256E-07 8.29723E-07
 -1       482-2.60769E-06 4.67802E-07 1.33226E-06 1.72989E-07-1.27874E-07 3.73555E-06
 -1       483 6.76940E-07 2.40203E-06-6.38378E-06 7.35109E-08 4.52079E-07 6.45579E-06
 -1       484-8.37202E-07 1.74670E-06-3.33306E-06-3.54000E-07 1.03151E-07 5.88437E-06
 -1       485-5.64234E-07 1.11795E-06-2.13305E-06-2.53302E-07-1.13795E-08 6.86999E-06
 -1       486 5.16883E-06 4.40848E-06-1.63256E-05-4.34220E-07 1.38254E-06 4.92051E-06
 -1       487 2.69930E-06 3.06405E-06-1.01382E-05-1.43936E-07 3.14536E-07 6.18020E-06
 -1       488 2.28343E-06 3.34521E-06-1.02129E-05-1.67068E-07-1.75027E-09 8.86173E-06
 -1       489 1.98312E-05 1.25253E-05-5.08645E-05-1.53742E-06-2.11806E-07 1.30822E-05
 -1       490 7.30253E-06 5.94672E-06-2.22355E-05-6.21921E-07 2.31914E-06 1.01920E-05
 -1       491 6.72042E-06 4.80182E-06-1.68671E-05-9.49128E-07 9.13220E-07 1.25612E-05
 -1       492 1.22477E-05 9.08016E-06-2.04543E-05 6.09041E-06 3.17575E-05 5.19580E-05
 -1       493 2.09582E-05 1.61530E-05-7.73346E-05-2.04922E-06 7.35635E-06 2.35752E-05
 -1       494 3.66013E-07 1.04461E-05-2.80644E-05-1.27983E-06 2.70562E-06 3.79098E-05
 -1       495 6.68719E-06-1.02331E-06-5.02297E-06-6.64614E-07-7.34208E-08 1.66273E-05
 -1       496 1.01605E-05 3.83798E-06-1.25399E-05 4.61229E-06 2.02639E-06 2.59631E-05
 -1       497 2.19306E-06 1.80845E-06-1.58267E-05-4.34922E-06 2.54469E-06 3.12123E-05
 -1       498-5.21412E-06 2.59316E-06-1.62581E-06-1.20209E-06 2.15221E-06 1.08308E-05
 -1       499 3.79616E-06-1.09835E-07-4.11141E-06 1.53696E-06 1.64724E-06 1.22749E-05
 -1       500-1.25503E-07 3.71978E-06-3.82523E-06 9.95912E-08 1.72946E-06 1.62809E-05
 -1       501-9.12322E-06 1.64529E-06 3.91675E-06-2.28561E-06 2.60337E-06 6.77254E-06
 -1       502-1.60570E-06 9.07303E-08 1.34432E-06-2.71838E-08-1.26503E-06-6.98557E-07
 -1       503-4.57339E-06 1.46179E-07 3.72397E-06-2.68519E-06-1.11637E-07 1.17925E-07
 -1       504-5.04250E-06 9.96888E-08 4.62666E-06-6.22665E-07 1.78148E-06 6.53147E-06
 -1       505-1.52287E-06 3.83011E-07 2.75891E-07-2.40161E-07 1.00850E-07-1.24816E-07
 -1       506-1.98487E-06 4.39069E-07 8.95079E-07-1.49779E-07-2.93778E-07-8.20574E-07
 -1       507-1.05021E-06 4.36004E-07 7.85109E-09 3.62125E-07-1.89952E-07-7.36813E-07
 -1       508-9.41073E-07 1.39405E-07 1.54476E-06 1.99120E-08-5.43601E-07 6.26686E-07
 -1       509-2.55798E-06 1.78723E-07 2.45011E-06 1.33290E-07-3.49661E-07 1.37719E-06
 -1       510 6.48131E-07-2.11446E-06 2.82229E-06-7.59312E-08 4.15970E-06 3.31806E-06
 -1       511-2.04272E-06-1.14394E-06 1.04271E-06-8.10567E-07 8.97786E-07 3.55385E-06
 -1       512-4.19848E-06-3.30946E-06 9.17003E-06-6.46094E-07 4.10468E-06 4.80778E-06
 -1       513-7.69837E-07-5.44851E-07-1.40608E-06 5.02477E-09 1.07783E-06 6.96211E-06
 -1       514-1.44134E-07-1.24466E-06 8.95363E-07-2.99262E-06 4.74456E-06 1.40326E-05
 -1       515-1.21097E-06-1.31880E-07-8.04020E-07-1.06584E-06 8.30623E-06 7.98867E-06
 -1       516 2.36310E-08 1.97092E-06-7.18539E-06-3.10733E-06 6.06931E-06 2.09268E-05
 -1       517 2.82492E-06 5.45861E-06-1.21246E-05-1.30147E-06 3.91744E-07 2.39175E-05
 -1       518 4.62794E-06 2.36926E-06-1.19877E-05-1.37536E-06 7.40212E-06 2.24663E-05
 -1       519 3.03436E-06 3.56995E-06-1.16525E-05-1.02369E-06 1.76535E-06 1.23891E-05
 -1       520-3.01060E-06 2.51189E-06-1.86926E-06 6.01263E-08-2.77512E-06-2.46335E-06
 -1       521-5.37207E-06 1.41184E-06 2.02494E-06-2.94878E-07-3.10807E-07-3.24496E-06
 -1       522 2.79488E-06 1.79239E-06-7.04539E-06-4.14394E-07 1.19965E-06-4.79569E-06
 -1       523 5.35245E-06-1.98527E-06-1.94671E-07-2.15499E-06-1.68960E-06-1.19472E-05
 -1       524 1.10313E-07-1.96404E-06 2.88301E-06-2.89417E-06 2.39486E-06 2.84298E-07
 -1       525-5.46084E-07 4.92830E-07-6.90083E-07-1.26756E-07-1.31403E-07 2.79640E-06
 -1       526 1.06864E-05-4.09575E-06-2.82122E-06-2.99487E-06 3.47815E-06-7.94748E-06
 -1       527-4.45034E-06 1.38068E-06 1.56315E-06-3.70010E-07-6.06309E-08 8.09067E-07
 -1       528-1.34368E-06 1.89885E-06-3.09322E-06 4.84763E-08-3.38671E-07-4.98158E-06
 -1       529 1.29047E-06 2.47523E-07-1.98629E-06-1.46479E-07 3.44733E-07 7.60575E-07
 -1       530-3.97919E-06-8.91744E-07 6.69138E-06 6.29186E-07-3.55416E-06-5.68520E-06
 -1       531-4.91681E-06 1.57330E-06 1.49496E-06-4.14556E-07-1.25175E-07-1.99929E-07
 -1       532-3.43591E-06 1.23983E-06 1.00325E-06-4.31656E-07 2.86881E-07 1.24167E-06
 -1       533-3.81136E-06 1.77396E-06 2.69658E-08-4.64075E-07-1.17662E-07-3.59217E-06
 -1       534-4.88811E-06 1.50305E-06 1.50780E-06-2.75785E-07-8.37330E-09-1.71062E-06
 -1       535-5.24634E-06 1.45771E-06 1.83165E-06-2.79069E-07-9.57754E-08-6.02156E-07
 -1       536-1.76514E-06 8.36960E-07-2.32391E-07-7.68285E-08 1.47797E-07 2.31066E-06
 -1       537 6.78443E-09 6.37098E-07-1.21566E-06-1.17693E-07 2.12910E-07 1.66647E-06
 -1       538-3.11749E-06 1.10557E-06 4.77092E-07-3.82801E-08-9.29278E-08 2.35494E-06
 -1       539 9.69399E-07 7.78577E-07-1.56517E-06-3.60337E-07 5.48282E-07 4.61995E-07
 -1       540 3.97059E-07-1.32271E-06-3.16870E-07 4.60554E-07-1.90677E-06-5.48805E-07
 -1       541 2.95605E-07 5.75717E-07-1.21109E-06 1.21274E-07 3.37694E-07 1.50780E-06
 -1       542 9.26531E-07-4.82859E-06 4.66856E-06-7.25418E-07-7.68798E-07-1.24826E-06
 -1       543 3.06782E-07-1.86857E-06-4.27279E-06-1.33526E-06-2.63128E-07-8.53347E-06
 -1       544 1.77425E-06-1.41372E-06-1.31613E-06-8.51193E-07 1.29277E-06 1.27423E-06
 -1       545-6.00569E-06-4.52893E-07 3.44827E-06-2.75673E-06 1.22801E-06-1.28305E-05
 -1       546-9.92619E-07 8.81746E-08 1.02511E-06 5.06172E-06-3.72733E-06-8.78749E-06
 -1       547-2.04583E-06 4.79872E-08 4.11254E-06-7.68213E-07-2.26249E-06-3.18164E-07
 -1       548 6.13278E-06-2.16086E-06-1.56122E-06 2.27183E-06-1.52106E-06-1.28563E-05
 -1       549 1.48180E-05-5.01450E-06-4.63686E-06 2.83637E-06-1.21950E-06-1.39629E-05
 -1       550-1.08254E-07-1.90965E-06 6.45860E-06 1.71923E-07-2.99527E-06-1.02377E-05
 -1       551 1.88519E-05-5.25985E-06-5.91736E-06 1.66131E-06 6.27577E-07-1.13091E-05
 -1       552 4.04350E-05-7.45914E-06-1.10222E-05 1.12612E-05-2.95231E-06-1.71276E-05
 -1       553 7.87598E-06-2.99723E-06-2.14854E-06-2.10107E-06-1.77227E-07-1.06498E-05
 -1       554 1.12409E-05 2.55334E-06-2.39750E-05 4.70913E-07-1.72732E-06 6.10105E-06
 -1       555 1.04954E-05 5.50627E-06-1.77776E-05 2.20029E-06-1.39029E-06-2.40707E-06
 -1       556 3.72637E-06 2.03174E-06-8.23897E-06-5.80462E-07-3.86375E-07-3.50036E-06
 -1       557 5.44541E-06-9.78134E-07-6.34116E-06-1.89683E-06 2.56147E-06-5.80416E-06
 -1       558 1.63738E-06 1.87073E-06-6.31392E-06-3.96743E-07 2.60633E-07-4.06148E-06
 -1       559-4.22231E-07 2.00702E-06-4.29216E-06-8.10570E-08-3.11038E-07-4.45683E-06
 -1       560-2.42731E-06 1.86362E-06-1.65355E-06-2.21474E-07-1.57049E-07-4.34746E-06
 -1       561 2.51386E-07 1.88833E-06-4.85481E-06 1.25086E-07 1.50806E-07-5.04676E-06
 -1       562-2.86089E-06 1.75927E-06-1.35060E-06-1.94360E-07-3.99426E-07-4.55122E-06
 -1       563-6.28864E-06 9.48659E-07 4.42609E-06 3.67548E-08-1.43947E-06-4.19516E-06
 -1       564-1.12975E-06 1.72507E-06-2.81663E-06 1.34319E-09 1.74125E-07-5.05648E-06
 -1       565 7.59541E-07 2.36518E-06-6.47400E-06 1.47825E-06 2.95006E-07-7.52219E-06
 -1       566-3.28208E-06 5.72589E-07 1.90358E-06-2.58707E-06-7.38993E-07 2.30129E-06
 -1       567-4.36567E-06 9.84101E-07 1.02941E-06 1.11724E-07-7.03761E-07 1.09495E-06
 -1       568 2.11152E-06 4.90437E-07-6.40015E-06-1.43277E-06 2.75109E-06-7.77668E-06
 -1       569 3.42166E-06 1.03674E-06-7.24437E-06-3.54085E-07 1.60723E-06-5.28962E-06
 -1       570-7.94474E-07-1.25074E-06 6.25428E-06-2.26576E-06-2.13086E-07-6.06070E-06
 -1       571-3.55100E-06 9.19536E-08-1.11612E-06-1.63406E-06 1.72520E-06 2.57747E-06
 -1       572 3.72381E-07-2.94156E-08-1.23024E-06-9.23412E-07 1.38415E-06 1.74692E-06
 -1       573 4.08726E-07 5.47960E-06-4.24138E-06-4.65675E-06 1.24840E-05 5.30239E-05
 -1       574 7.86752E-05 3.35159E-05-1.06089E-04 1.04137E-05-7.58148E-05-4.68921E-05
 -1       575-4.79092E-05 4.67020E-05 5.95799E-05 6.49983E-05 4.01956E-05 6.16735E-05
 -1       576-1.97047E-05-4.28799E-05 8.81953E-06-3.01519E-05 9.17191E-06 7.38388E-05
 -1       577-3.10381E-05 2.85871E-05-4.79020E-05 5.72568E-06-4.09266E-05-1.74359E-05
 -1       578 3.88231E-05 2.42824E-05-2.90978E-05 6.72626E-05-2.95088E-05-2.11768E-05
 -1       579-4.74523E-05-4.88506E-05 1.05507E-04-2.43568E-05-2.90179E-05-2.85449E-05
 -1       580-1.48690E-05 2.02713E-05 4.83974E-05-5.25562E-05-4.41725E-05 3.80160E-05
 -1       581 5.98887E-05-1.04156E-05-5.57630E-05-3.33798E-05-7.00527E-05 3.75706E-05
 -1       582 9.32681E-05-1.36598E-04 6.22231E-05-7.21337E-05-1.68094E-05 1.43859E-04
 -1       583 8.75213E-05-1.12173E-04 1.96372E-05-6.08907E-05-1.06415E-04 1.03357E-04
 -1       584-4.25253E-05-2.42109E-05 3.97540E-05-3.85115E-05-6.95062E-06 4.75764E-05
 -1       585 4.40788E-05-2.06173E-05 2.30601E-05-2.01323E-05-1.78248E-05 7.93067E-05
 -1       586 1.24260E-04-8.45078E-05-5.10391E-05-9.34501E-05-4.79002E-05 8.05662E-05
 -1       587 1.50197E-05 1.99459E-05 5.05202E-05-4.27896E-05-4.87178E-05 1.84483E-04
 -1       588 8.39386E-06-1.38830E-05 1.25452E-05-1.17692E-04-7.44918E-05 1.00337E-04
 -1       589 2.72793E-05-2.74624E-05-2.18963E-05-5.79767E-05-1.75225E-05 1.18908E-04
 -1       590 7.70779E-05 1.66066E-05-7.52180E-05 1.12354E-04-6.32587E-05 8.43146E-05
 -1       591-6.66719E-05 2.94277E-05-2.04422E-05-2.35879E-05 7.22874E-07 3.86651E-05
 -1       592-7.90845E-05 3.99478E-05-7.02475E-05 3.84695E-05 1.45360E-06 8.73755E-05
 -1       593-4.42381E-05-1.85930E-05-1.20350E-05-7.57759E-05-2.07133E-05-3.28560E-05
 -1       594-1.13296E-04 6.22347E-05-3.63904E-05 3.10694E-05-6.75653E-06 1.03495E-04
 -1       595 1.58930E-05 6.89898E-05-1.24679E-04 8.10397E-05 1.51236E-05 4.16604E-05
 -1       596-1.40920E-05 3.05144E-05-2.44418E-05 3.49397E-05-7.85969E-05-8.65048E-05
 -1       597-2.66744E-05 1.06792E-05-2.33947E-05-4.48693E-05-1.96477E-05 6.91590E-05
 -1       598 4.39840E-05 3.09991E-05-7.50267E-05 3.54480E-06-2.95939E-05 6.16353E-05
 -1       599-6.50266E-05 3.00145E-05 1.53906E-05-1.28699E-05-1.08546E-06 3.96480E-05
 -1       600-1.48724E-04-4.11748E-05 1.82678E-04-9.63240E-05 3.62380E-05 5.93123E-05
 -1       601 4.46595E-05 3.62217E-05 8.00751E-05 5.99045E-05-3.69237E-05 1.08548E-05
 -1       602 2.19066E-05-1.40324E-05-5.22064E-05 8.44967E-06 2.24754E-05-7.43690E-06
 -1       603-1.76026E-05-1.91356E-05-5.73671E-06-2.90789E-05-1.38891E-05 4.65809E-05
 -1       604-3.43395E-06-7.28846E-05-3.59073E-05-4.22470E-05 1.57002E-05-4.62780E-06
 -1       605 5.27575E-05 2.33163E-05 2.74470E-06 4.29869E-05-2.90095E-05 4.93175E-06
 -1       606 6.47558E-05-6.96958E-05 3.62713E-05 3.34725E-05 1.90573E-05 5.84221E-05
 -1       607-4.19698E-05-8.66335E-05 3.75961E-05-1.93848E-05 1.55215E-05 3.18272E-05
 -1       608 7.65703E-06 6.31774E-06-2.57702E-05 1.30520E-05 2.76550E-05 6.70200E-05
 -1       609-5.22655E-05 1.03965E-05 2.89319E-05-2.42214E-05-5.20896E-05-5.23346E-05
 -1       610-2.43524E-06-1.22200E-05 2.28828E-05-6.00764E-05-3.98899E-05 1.04456E-04
 -1       611 4.26709E-05-6.18648E-05 3.46090E-05 3.48471E-05 1.54904E-05 5.38835E-05
 -1       612 1.06463E-04-3.85402E-05-1.45308E-06 1.31526E-05-1.24207E-05 1.59131E-05
 -1       613-1.50959E-04 2.85454E-05-7.12156E-05-6.13107E-05-8.40678E-05-5.34512E-05
 -1       614-1.57831E-05 9.70122E-05-2.79204E-04 2.29403E-05 8.05995E-05 3.30150E-05
 -1       615-3.74569E-05 3.45635E-05-5.27045E-05 1.30009E-05-4.56985E-05 7.00678E-05
 -1       616 5.36399E-05 5.77337E-05-4.75199E-05-8.33653E-06-2.57101E-05 1.26738E-04
 -1       617-1.33868E-04 5.95788E-05 3.85611E-05 1.60549E-05 6.09722E-05 1.84529E-04
 -1       618 8.64057E-06-7.43189E-06-5.86918E-06-1.32704E-05-3.10667E-05 1.21412E-04
 -1       619 1.75878E-04-3.85298E-05 2.92567E-05 5.04488E-05 6.57018E-05 7.10543E-05
 -1       620 1.29760E-04-1.17023E-05-4.91636E-05 5.34571E-05-1.13036E-05 3.73410E-05
 -1       621-6.27475E-05-4.65662E-05 5.79776E-05-6.19656E-05 3.79960E-05 3.47214E-05
 -1       622-3.23145E-05 6.52159E-05-1.06746E-04-2.72344E-05-6.79528E-05 2.59696E-05
 -1       623 4.54825E-05 8.69118E-05-9.77532E-05 3.14743E-05 1.00223E-05-2.94559E-06
 -1       624-6.72614E-06 5.09087E-05-2.65594E-05-1.76668E-05 8.48962E-06 9.36272E-05
 -1       625-6.38482E-05 7.41541E-05-1.26487E-05 7.27663E-05 5.26144E-05 4.68370E-05
 -1       626-2.66082E-04 1.79223E-04 1.69220E-06-5.74237E-05-2.04397E-05 1.88481E-05
 -1       627-5.86112E-05 2.76361E-05 6.51639E-05 2.35996E-05 1.17792E-04 1.08009E-04
 -1       628 2.11241E-04-1.83901E-05-1.33266E-05 2.25941E-05-6.89746E-05 6.23560E-05
 -1       629 6.36147E-05-1.12921E-04 2.39371E-06-2.35530E-05-1.36790E-05 2.18948E-05
 -1       630 2.69351E-05-7.91625E-05 6.25796E-05-1.88746E-05-2.36683E-05-2.86939E-05
 -1       631 8.29453E-06 3.06315E-05-3.33861E-05-1.72726E-06 2.81065E-05 8.24013E-05
 -1       632-6.20731E-05 3.56908E-05-1.60819E-05-4.93339E-05 1.71113E-05 2.60103E-05
 -1       633-1.13038E-04 9.74124E-06 2.79270E-05-5.16828E-05-5.18636E-05-3.03817E-05
 -1       634-6.42596E-05-1.11782E-05-1.16724E-05 2.27200E-05 5.66408E-06 3.46761E-05
 -1       635 1.86933E-05-1.00983E-05 8.64351E-05 9.60688E-05 1.19998E-05-3.30343E-06
 -1       636-5.04064E-06-1.40118E-05 4.73197E-05 1.74045E-05-2.72417E-05 5.56463E-05
 -1       637-1.99341E-05-1.22720E-05 1.00998E-05 3.29815E-05 9.97505E-06-7.94596E-06
 -1       638 1.06663E-04 3.87205E-05-4.89206E-06 5.67993E-05-8.70804E-05 5.52344E-05
 -1       639 6.02739E-05-6.35959E-05 1.00399E-04-4.39830E-05-1.07658E-05 1.04960E-04
 -1       640-6.27730E-05-4.69578E-05-1.46982E-06-3.61614E-05 9.31091E-06-2.94394E-06
 -1       641-3.02399E-06-5.94975E-05-5.12359E-05-3.17919E-06-4.47316E-05-3.30615E-07
 -1       642-5.97290E-05 4.09580E-05 1.41261E-05-3.17416E-05-4.26432E-05-4.37062E-05
 -1       643 7.26629E-05 3.23196E-05-1.94046E-05 4.93659E-05 4.16381E-05 8.67183E-05
 -1       644 1.17215E-05 1.89087E-05-8.84012E-06 7.57885E-06-2.67611E-05 3.42921E-05
 -1       645-8.31513E-05 4.20219E-05-5.01519E-05-2.97508E-05-5.27759E-06 8.68294E-05
 -1       646 7.36616E-05-1.43680E-06-2.36821E-05 5.52045E-05 1.93758E-05 6.49628E-05
 -1       647-1.00595E-05 3.16744E-04 2.78045E-07 1.91136E-04 4.42632E-05 2.14206E-05
 -1       648-1.98879E-05-8.54014E-05 5.59644E-05-3.71941E-05 2.12143E-05 9.97580E-05
 -1       649 1.67890E-05-9.82965E-05 1.48283E-04 4.32649E-06-6.96521E-05-3.07253E-05
 -1       650 5.33739E-05-2.78398E-05-6.72014E-06-7.06081E-06-4.32240E-05-2.52336E-05
 -1       651-5.72704E-06-3.24244E-05 3.91172E-05-3.55349E-05-5.71095E-05-9.10038E-05
 -1       652 1.84483E-05 7.49522E-05-1.40112E-04 1.47539E-05-5.92341E-05 7.84979E-05
 -1       653-8.80613E-05 3.87430E-05-1.12695E-04-6.25254E-06 3.14607E-05 9.11610E-05
 -1       654 2.36375E-05 5.74741E-05-9.36866E-05 2.63332E-05-5.61825E-05-5.09002E-05
 -1       655 2.10951E-05-7.54045E-06-1.89881E-05-8.61265E-06 8.88054E-06-3.63019E-05
 -1       656-6.42106E-07 5.86715E-05-9.26546E-06-2.48333E-06-1.08346E-05 2.83317E-06
 -1       657-1.83281E-05 1.80441E-05 1.71097E-07 1.09444E-05-3.05648E-05-7.01880E-05
 -1       658 5.98189E-05-7.81563E-07-6.64072E-06 4.38977E-05 1.59156E-05 1.37156E-05
 -1       659 6.45966E-05-4.50073E-05-7.14998E-05-2.13826E-05-4.58798E-05 6.89586E-05
 -1       660 1.27064E-04 9.05120E-07-1.58170E-04-3.64039E-06-9.74385E-05 5.58535E-08
 -1       661 2.15727E-05-9.37137E-05-7.79992E-05-4.36727E-05 3.64013E-05 4.31747E-05
 -1       662 8.04864E-05-5.07807E-06-8.75379E-05-8.32522E-06-5.25134E-05-7.63951E-05
 -1       663 8.67583E-05-7.06144E-05-6.38609E-05 2.02495E-05 4.42727E-05 4.24886E-05
 -1       664-4.27233E-05 1.36109E-05 3.15283E-05-1.22946E-06-2.34336E-05 3.07387E-05
 -1       665-7.63968E-05-2.10485E-05 3.47715E-05-5.76207E-05 4.76125E-05 8.04499E-05
 -1       666-1.31647E-04 5.35746E-05-2.64066E-05-7.19664E-05 3.02277E-05 6.35959E-05
 -1       667-3.38229E-05 4.67078E-05 3.47401E-05 4.17507E-05 3.16357E-05 8.77812E-05
 -1       668-5.61892E-05 1.55578E-05-2.77253E-05 4.23482E-06-1.37202E-05 2.49530E-05
 -1       669-3.75238E-05 6.53600E-05 2.86539E-06 4.92502E-05 2.30170E-05 1.81096E-05
 -1       670 1.49345E-05-9.38493E-05 7.93056E-05-4.84849E-05-4.94802E-05 4.52740E-05
 -1       671 4.02141E-05 1.61685E-06-2.32254E-05-5.76143E-05 1.22314E-06 5.37560E-05
 -1       672 3.46795E-05-1.64386E-05-2.80081E-05-2.71952E-05-2.53446E-06-2.53090E-05
 -1       673 5.76500E-05 3.33587E-05-3.88260E-05 4.86772E-05-2.06867E-06-1.13146E-05
 -1       674 1.36044E-05-9.57497E-06 9.04979E-06-8.84124E-05 1.94383E-05 1.79956E-05
 -1       675-6.67419E-05 4.96309E-05-6.30419E-05-4.75329E-05 1.21533E-05 5.10252E-05
 -1       676-3.11548E-05 4.19149E-05-6.42803E-06 1.04850E-06 2.92485E-06 4.54137E-05
 -1       677-7.71433E-06 1.35248E-05 5.13082E-06-6.57996E-06-7.75720E-05-3.41928E-05
 -1       678 9.85462E-05-2.74226E-07-2.34838E-05 6.45330E-05 7.82852E-05 1.38179E-04
 -1       679 7.11960E-05 1.40718E-05-4.25364E-06 2.17274E-05 2.04991E-05 4.91096E-05
 -1       680-5.74765E-05-2.06371E-05-1.04409E-04-8.21345E-05-8.79010E-05 8.99512E-06
 -1       681 3.75081E-05 4.92988E-05-8.01122E-05 2.24343E-05-2.77323E-05 2.42109E-05
 -1       682 5.93498E-05 7.82785E-05-3.68796E-05 4.90573E-05-1.39071E-06 9.34606E-05
 -1       683 8.09915E-05 1.06667E-04-1.18109E-04 7.62445E-05 4.96725E-05 2.73904E-05
 -1       684 2.33792E-05 1.24982E-04-1.48508E-04 8.12766E-05 3.05509E-05 6.05245E-05
 -1       685-4.97591E-05 8.68266E-05-8.63087E-05-3.50491E-05-1.12163E-04-1.72518E-05
 -1       686 2.00058E-05 6.22435E-05-5.30047E-05 3.18927E-05-8.76960E-05-2.38707E-05
 -1       687 3.19402E-06-7.01731E-05 4.91684E-05 2.47084E-06-1.04798E-04-9.29111E-05
 -1       688 8.58052E-05 1.02565E-05-1.29065E-04 3.96891E-05 4.52716E-05 3.56632E-06
 -1       689-3.97942E-05 8.11284E-05-2.75600E-05 4.40474E-05-2.88437E-05-6.83455E-06
 -1       690-1.40173E-04 2.40585E-04 2.03192E-06 1.06013E-04 2.43631E-05 5.00703E-05
 -1       691-1.14415E-05 6.28775E-06 7.01612E-05 5.72640E-05 4.37292E-05 1.62746E-05
 -1       692-1.19436E-04-3.34115E-05 6.01261E-05-2.37693E-05 8.63507E-05 1.09478E-04
 -1       693-2.23956E-05 3.62476E-05 3.61243E-05 8.79925E-05-2.00407E-05-1.76653E-05
 -1       694-1.05594E-04 3.08198E-05-4.75767E-05-1.10201E-04 6.23344E-06 1.49439E-05
 -1       695-1.16971E-04 7.99982E-06 1.01158E-04-3.40724E-05 5.28638E-05 3.77924E-05
 -1       696 4.95090E-08 5.77444E-05-2.71501E-05 1.49622E-05-3.46457E-05 2.32333E-05
 -1       697 5.84830E-05 6.92845E-05-2.20856E-05 7.06874E-05 3.29079E-05 2.73598E-05
 -1       698-8.21426E-05 4.87563E-05-6.79821E-05-2.14913E-05 4.55304E-06 5.50573E-05
 -1       699 8.64349E-05 2.87388E-05-7.82396E-05 4.91904E-05 6.07751E-06 4.57405E-05
 -1       700-1.66670E-04 8.03334E-05 4.40627E-05-3.79003E-05 5.47852E-05 1.01849E-04
 -1       701 2.36032E-04 3.99197E-05 2.74452E-06 1.38448E-04-3.44283E-05-1.89841E-05
 -1       702 1.48574E-04 4.48711E-05-1.35996E-04 7.05549E-05-3.38452E-05 3.80140E-05
 -1       703 2.60763E-06-2.81373E-05 3.53695E-05-3.18029E-05-4.14249E-05 1.01673E-05
 -1       704 2.92760E-05 2.77935E-05-9.59582E-05 8.08835E-11 7.14619E-06-1.01875E-05
 -1       705 2.71822E-06 3.47769E-06-1.04013E-05-2.44259E-07 2.51881E-06 1.23207E-05
 -1       706 5.24207E-06 6.99925E-06-2.01865E-05 3.71411E-07-3.77041E-07-2.10373E-06
 -1       707-1.72765E-05-1.66498E-05 5.61142E-05 3.60004E-07-5.76947E-06 1.07917E-05
 -1       708 9.66107E-06 8.95900E-06-2.93483E-05-1.67925E-06-5.12174E-06-1.19516E-05
 -1       709-2.16947E-06 1.11227E-06-4.81105E-07-7.02099E-07 8.71850E-08 3.81938E-06
 -1       710 9.66352E-06-4.62524E-06-1.23858E-06 3.91609E-06-2.42314E-06 1.35986E-06
 -1       711 1.39364E-05-3.11669E-06-6.28703E-06 4.99731E-06 1.72222E-06-1.02701E-06
 -1       712 1.94289E-05-5.40787E-06-7.07205E-06 6.75061E-06 4.83474E-07-6.99521E-06
 -1       713 1.05709E-05-2.63207E-06-4.45441E-06 1.49160E-06-2.95409E-07-6.47703E-06
 -1       714 1.39477E-05-3.69684E-06-4.32641E-06 1.74903E-06 2.67599E-06-4.54261E-06
 -1       715 2.96787E-05-4.12310E-06-1.09594E-05 1.14615E-05-1.27943E-06-1.31081E-05
 -1       716 5.81767E-06-2.59704E-06-1.07492E-06 8.46901E-07-1.50519E-06 7.90425E-06
 -1       717 4.67898E-06 4.37021E-07-4.77733E-06-1.76093E-06-1.28541E-07 6.46080E-06
 -1       718 4.73504E-06-2.20380E-06-2.87000E-06-2.14718E-06-1.48786E-06 1.33838E-05
 -1       719 8.20393E-06-3.52405E-06-1.88628E-06-1.67696E-07-1.35890E-06-5.98388E-06
 -1       720 9.63094E-06-2.93558E-06-1.46500E-06 7.64245E-06-1.87857E-06-4.90349E-06
 -1       721 1.86847E-05 1.65924E-06-1.09310E-05 1.45131E-05 4.24343E-06 1.57197E-05
 -1       722-3.50217E-06 1.06059E-06 9.71582E-07-4.05834E-07-1.41366E-07 2.57390E-06
 -1       723-2.74325E-06 1.11162E-06 1.91791E-07-5.78967E-07 2.29727E-07 2.84301E-06
 -1       724-2.35706E-06 1.15243E-06-2.34855E-07-6.89984E-07 4.19797E-07 2.40463E-06
 -1       725-2.39327E-06 1.03582E-06-1.26502E-07-5.18393E-07-5.10312E-08 4.07475E-06
 -1       726-3.41245E-06 1.25130E-06 7.92609E-07-6.03865E-07-7.71462E-10 2.32024E-06
 -1       727 1.00771E-05-2.29593E-06-4.28939E-06 2.21803E-06-7.06066E-07 2.71289E-07
 -1       728 1.23233E-05-4.33432E-06-2.76617E-06 5.81792E-06-1.13190E-06 5.54182E-06
 -1       729 1.41325E-05-8.69642E-07-7.95701E-06 5.75077E-06 7.57634E-07-2.23255E-06
 -1       730 3.57072E-06-1.28797E-06-2.97871E-06 7.83675E-07 3.33278E-06 7.79807E-06
 -1       731 6.93583E-06 2.13991E-07-5.19671E-06 5.46736E-06-1.67810E-07 1.84713E-06
 -1       732 1.37555E-05-7.02514E-06-2.21544E-06 7.38347E-06-3.23379E-06-6.67038E-06
 -1       733 4.73399E-06-1.95216E-06-6.10779E-06 6.29442E-08 5.38996E-08 1.31414E-05
 -1       734 3.19639E-06 7.41316E-07-7.04214E-06-3.04315E-06-1.97571E-07 8.40524E-06
 -1       735 1.26498E-06 8.15645E-07-6.46086E-06-2.86392E-06-3.75692E-07 1.52777E-05
 -1       736 3.04222E-06 2.12453E-06-8.14057E-06-3.38411E-07 5.06585E-07 4.53667E-06
 -1       737 9.91592E-07 1.32619E-06-5.03250E-06-2.74819E-07 4.15788E-07 5.25776E-06
 -1       738 4.09469E-06 3.24000E-06-1.04593E-05-1.16496E-06 1.08016E-06 7.60925E-06
 -1       739-1.05783E-06 2.98818E-06-1.05799E-05-5.03668E-06 3.71772E-06 2.06274E-05
 -1       740-2.77644E-06 8.79715E-07 4.79214E-07-3.78555E-08-4.64967E-07-1.89503E-06
 -1       741-2.47570E-06 1.12747E-06-2.65334E-07-1.20891E-07-4.05056E-07-2.28129E-06
 -1       742-1.47640E-06 1.07746E-06-1.00073E-06 1.30944E-07-4.84041E-07-2.58290E-06
 -1       743 3.06170E-06 2.58356E-06-8.47737E-06-3.75365E-07 2.02281E-06 6.25132E-07
 -1       744 2.94183E-06-2.18062E-06 9.73969E-07-1.75229E-07 3.53743E-06 1.24064E-06
 -1       745-3.14470E-06 4.32023E-06-6.49621E-06-2.43218E-06-2.75812E-07 1.25662E-05
 -1       746 2.40282E-06 3.53814E-06-1.14171E-05-8.20936E-07 1.50458E-06 1.24396E-05
 -1       747-2.52241E-06 1.00101E-06 2.27862E-06-2.01613E-06-2.49361E-06 8.06542E-06
 -1       748 7.69189E-07 7.48547E-07-2.02267E-06-2.70282E-06 1.34176E-06 1.03347E-05
 -1       749 1.39979E-06 3.71900E-06-7.99465E-06-1.08785E-06 9.19567E-07 8.11291E-06
 -1       750 6.89065E-07 5.56642E-07-2.82857E-06-5.70529E-07 3.55721E-07 6.36257E-06
 -1       751-5.02402E-06-2.33646E-07 8.52078E-06 8.03996E-07-3.45061E-06-9.67005E-07
 -1       752 2.09851E-06 2.91213E-06-8.43737E-06-2.60660E-06 1.96168E-06 1.03080E-05
 -1       753-2.46466E-06 9.64776E-07 1.73034E-08-4.63253E-07-4.14635E-07 4.21110E-06
 -1       754-4.34848E-06 4.16222E-07 2.99990E-06-2.24554E-07-1.41210E-07-2.77677E-07
 -1       755-3.90667E-06 1.29388E-06 1.04759E-06-5.95949E-07-1.23459E-07 1.35925E-06
 -1       756 1.41896E-06 1.22149E-06-4.60055E-06-3.24702E-07 6.22308E-07 2.72018E-06
 -1       757-8.86232E-07 1.05071E-06-9.93352E-06-6.77718E-06 4.88169E-07 8.73541E-06
 -1       758-5.85946E-07 1.16333E-06-2.07264E-06 3.76990E-08-3.60504E-07-2.33766E-06
 -1       759-3.51862E-06 5.86734E-07 1.55227E-06-6.81063E-09-2.11260E-07 1.65705E-06
 -1       760-3.84557E-06 9.17124E-07 1.23602E-06-2.15011E-07 2.04574E-08 5.24067E-07
 -1       761-2.37901E-06 1.52165E-06-1.05416E-06-7.43028E-07 1.54161E-07 3.82075E-06
 -1       762-3.38328E-06 1.10896E-06 5.73414E-07-3.03426E-07-1.34936E-07-9.16656E-07
 -1       763 4.76771E-06 1.27597E-06-7.71192E-06-8.29084E-07 4.22157E-06 1.48827E-06
 -1       764 3.02592E-06 4.69105E-07-3.01821E-06 4.13945E-07 4.66599E-08 1.17810E-06
 -1       765 1.34237E-05 9.32161E-06-2.75730E-05-1.44285E-06 5.87005E-06 7.87137E-07
 -1       766-1.60545E-06 6.80794E-07-5.35779E-07-3.51461E-07-5.85703E-08 3.74490E-06
 -1       767-6.48002E-08 9.59373E-07-2.11762E-06 2.20598E-07-2.74274E-08-2.44171E-06
 -1       768 1.00068E-06 4.52358E-07-3.03974E-06-9.54339E-07 3.01956E-07-2.13805E-06
 -1       769 2.46476E-07 1.32323E-06-3.72090E-06-1.90251E-07 8.07734E-07 4.25156E-06
 -1       770-1.97595E-06 7.33377E-07-9.93940E-08-3.17770E-07-2.11425E-07-1.15548E-06
 -1       771 2.56279E-07 7.11291E-07-5.07646E-07 1.82679E-06-2.48419E-06-3.85079E-06
 -1       772-7.52033E-07 2.66254E-06-5.37034E-06 1.10062E-06 1.58366E-06-7.58673E-07
 -1       773-1.88302E-06 2.43402E-06-4.21226E-06-2.77347E-06 4.48386E-07-6.66894E-07
 -1       774 6.25408E-07 9.22916E-07-2.83589E-06-3.01084E-07 4.47182E-08-1.82388E-06
 -1       775 8.27217E-07 1.20389E-06-3.60944E-06 5.91587E-09 2.30553E-07-2.30556E-06
 -1       776-4.83146E-07 1.02335E-06-1.42121E-06 6.60155E-07 1.63115E-06 1.16247E-06
 -1       777-1.60296E-06 2.47354E-07-2.57451E-06-5.13511E-06 3.88883E-06 1.12058E-07
 -1       778-5.69351E-07 1.03595E-06-2.53034E-06-5.59702E-07 1.50690E-07 6.26907E-06
 -1       779-8.85257E-07 9.30983E-07-1.41469E-06-3.94889E-07 5.29979E-07 2.21054E-06
 -1       780-2.91684E-06 4.34136E-07 1.65293E-06-1.57874E-07-2.36065E-07 3.52278E-06
 -1       781-4.32526E-06 1.28268E-06 1.79362E-06-4.31595E-07-2.98430E-07 1.27846E-06
 -1       782 1.26451E-05-3.01439E-06-6.39720E-06 6.16111E-06 2.30023E-07 4.38973E-06
 -3
    1PSTEP                         4           1           1          
  100CL  101 1.000000000         782                     0    1           1
 -4  ERROR       1    1
 -5  STR(%)      1    1    0    0
 -1         1 4.08714E+01
 -1         2 4.08714E+01
 -1         3 3.19367E+01
 -1         4 3.67118E+01
 -1         5 2.39012E+01
 -1         6 1.52917E+01
 -1         7 2.74325E+01
 -1         8 2.56844E+01
 -1         9 2.83871E+01
 -1        10 2.93224E+01
 -1        11 2.00139E+01
 -1        12 2.93224E+01
 -1        13 1.02845E+01
 -1        14 1.02845E+01
 -1        15 3.29771E+01
 -1        16 3.91111E+01
 -1        17 3.66749E+01
 -1        18 3.09647E+01
 -1        19 3.09647E+01
 -1        20 2.70626E+01
 -1        21 4.22530E+01
 -1        22 3.35943E+01
 -1        23 3.51453E+01
 -1        24 3.48761E+01
 -1        25 3.67776E+01
 -1        26 3.69243E+01
 -1        27 3.60441E+01
 -1        28 3.78930E+01
 -1        29 3.38198E+01
 -1        30 3.09647E+01
 -1        31 2.90137E+01
 -1        32 3.46578E+01
 -1        33 3.79237E+01
 -1        34 3.43698E+01
 -1        35 3.50107E+01
 -1        36 3.58268E+01
 -1        37 3.88245E+01
 -1        38 4.08714E+01
 -1        39 3.22872E+01
 -1        40 3.25945E+01
 -1        41 3.66373E+01
 -1        42 3.71869E+01
 -1        43 3.71869E+01
 -1        44 4.22530E+01
 -1        45 3.00171E+01
 -1        46 3.35943E+01
 -1        47 3.51453E+01
 -1        48 3.51453E+01
 -1        49 2.85696E+01
 -1        50 3.65793E+01
 -1        51 3.24409E+01
 -1        52 3.46159E+01
 -1        53 3.69121E+01
 -1        54 3.71869E+01
 -1        55 3.97200E+01
 -1        56 3.61351E+01
 -1        57 3.18057E+01
 -1        58 3.43698E+01
 -1        59 3.51453E+01
 -1        60 3.18574E+01
 -1        61 3.47205E+01
 -1        62 3.35522E+01
 -1        63 3.35522E+01
 -1        64 3.24087E+01
 -1        65 3.23532E+01
 -1        66 4.04197E+01
 -1        67 3.56377E+01
 -1        68 3.71998E+01
 -1        69 3.71998E+01
 -1        70 3.27875E+01
 -1        71 2.80485E+01
 -1        72 2.05723E+01
 -1        73 3.27445E+01
 -1        74 3.35522E+01
 -1        75 3.29804E+01
 -1        76 3.23810E+01
 -1        77 3.63864E+01
 -1        78 3.80287E+01
 -1        79 3.64187E+01
 -1        80 3.71998E+01
 -1        81 3.49937E+01
 -1        82 3.04180E+01
 -1        83 2.43104E+01
 -1        84 2.62545E+01
 -1        85 3.97554E+01
 -1        86 2.76857E+01
 -1        87 3.78679E+01
 -1        88 2.47777E+01
 -1        89 3.15158E+01
 -1        90 3.07985E+01
 -1        91 2.01777E+01
 -1        92 3.28803E+01
 -1        93 3.41413E+01
 -1        94 3.77796E+01
 -1        95 3.77796E+01
 -1        96 3.82336E+01
 -1        97 3.37206E+01
 -1        98 3.27768E+01
 -1        99 3.13228E+01
 -1       100 2.81467E+01
 -1       101 3.11571E+01
 -1       102 2.54881E+01
 -1       103 2.65290E+01
 -1       104 3.35108E+01
 -1       105 3.59605E+01
 -1       106 3.77796E+01
 -1       107 3.72457E+01
 -1       108 3.67118E+01
 -1       109 3.56690E+01
 -1       110 3.67118E+01
 -1       111 3.61904E+01
 -1       112 3.38028E+01
 -1       113 1.95965E+01
 -1       114 2.56669E+01
 -1       115 2.65585E+01
 -1       116 2.04881E+01
 -1       117 2.88548E+01
 -1       118 2.42005E+01
 -1       119 2.46681E+01
 -1       120 2.93224E+01
 -1       121 2.23071E+01
 -1       122 2.61442E+01
 -1       123 2.75034E+01
 -1       124 2.37232E+01
 -1       125 1.35256E+01
 -1       126 2.21165E+01
 -1       127 3.11842E+01
 -1       128 3.11842E+01
 -1       129 2.75269E+01
 -1       130 2.11766E+01
 -1       131 2.70544E+01
 -1       132 2.98496E+01
 -1       133 2.51441E+01
 -1       134 2.20803E+01
 -1       135 1.67857E+01
 -1       136 1.19051E+01
 -1       137 1.78211E+01
 -1       138 2.66503E+01
 -1       139 3.11842E+01
 -1       140 2.93555E+01
 -1       141 2.43517E+01
 -1       142 2.41155E+01
 -1       143 2.84520E+01
 -1       144 2.74968E+01
 -1       145 2.36122E+01
 -1       146 1.94330E+01
 -1       147 1.35351E+01
 -1       148 1.02845E+01
 -1       149 1.34583E+01
 -1       150 2.31557E+01
 -1       151 3.11842E+01
 -1       152 2.61273E+01
 -1       153 2.75269E+01
 -1       154 1.96416E+01
 -1       155 2.80452E+01
 -1       156 2.98496E+01
 -1       157 2.51441E+01
 -1       158 1.78825E+01
 -1       159 1.67857E+01
 -1       160 1.18714E+01
 -1       161 1.83070E+01
 -1       162 2.71699E+01
 -1       163 2.86557E+01
 -1       164 2.68271E+01
 -1       165 2.35842E+01
 -1       166 2.38434E+01
 -1       167 2.89474E+01
 -1       168 2.74968E+01
 -1       169 2.15133E+01
 -1       170 1.73341E+01
 -1       171 1.35351E+01
 -1       172 3.69243E+01
 -1       173 3.88245E+01
 -1       174 3.26322E+01
 -1       175 3.26736E+01
 -1       176 3.56992E+01
 -1       177 3.78742E+01
 -1       178 3.66561E+01
 -1       179 3.58528E+01
 -1       180 3.69309E+01
 -1       181 3.40758E+01
 -1       182 3.40758E+01
 -1       183 3.40758E+01
 -1       184 3.21248E+01
 -1       185 4.22530E+01
 -1       186 3.46578E+01
 -1       187 3.79237E+01
 -1       188 3.35943E+01
 -1       189 3.61351E+01
 -1       190 3.43698E+01
 -1       191 3.51453E+01
 -1       192 3.50107E+01
 -1       193 3.51453E+01
 -1       194 3.59614E+01
 -1       195 3.29771E+01
 -1       196 4.04197E+01
 -1       197 3.67776E+01
 -1       198 3.67776E+01
 -1       199 3.72535E+01
 -1       200 3.27875E+01
 -1       201 3.71998E+01
 -1       202 4.04197E+01
 -1       203 4.03027E+01
 -1       204 4.22530E+01
 -1       205 3.35522E+01
 -1       206 4.03027E+01
 -1       207 3.29771E+01
 -1       208 3.69243E+01
 -1       209 3.88245E+01
 -1       210 3.67776E+01
 -1       211 3.48773E+01
 -1       212 3.24569E+01
 -1       213 3.32647E+01
 -1       214 2.86750E+01
 -1       215 3.43571E+01
 -1       216 3.63317E+01
 -1       217 3.32647E+01
 -1       218 3.32647E+01
 -1       219 3.84888E+01
 -1       220 3.97069E+01
 -1       221 3.69275E+01
 -1       222 3.56337E+01
 -1       223 3.84888E+01
 -1       224 4.03027E+01
 -1       225 3.56922E+01
 -1       226 3.56922E+01
 -1       227 4.03612E+01
 -1       228 3.37411E+01
 -1       229 3.56922E+01
 -1       230 4.04197E+01
 -1       231 4.22530E+01
 -1       232 3.46578E+01
 -1       233 4.13363E+01
 -1       234 3.53971E+01
 -1       235 3.97264E+01
 -1       236 3.97264E+01
 -1       237 3.61994E+01
 -1       238 3.54239E+01
 -1       239 3.72266E+01
 -1       240 3.38318E+01
 -1       241 3.39664E+01
 -1       242 3.50205E+01
 -1       243 3.67776E+01
 -1       244 3.58268E+01
 -1       245 3.47826E+01
 -1       246 3.67776E+01
 -1       247 3.35522E+01
 -1       248 3.35522E+01
 -1       249 3.69275E+01
 -1       250 3.63557E+01
 -1       251 3.63557E+01
 -1       252 3.63280E+01
 -1       253 3.63864E+01
 -1       254 4.04197E+01
 -1       255 4.04197E+01
 -1       256 3.80287E+01
 -1       257 3.89454E+01
 -1       258 3.97264E+01
 -1       259 3.71998E+01
 -1       260 3.71998E+01
 -1       261 3.72266E+01
 -1       262 3.50205E+01
 -1       263 3.27875E+01
 -1       264 3.04180E+01
 -1       265 3.24130E+01
 -1       266 2.86750E+01
 -1       267 3.97554E+01
 -1       268 3.71869E+01
 -1       269 4.08714E+01
 -1       270 3.77796E+01
 -1       271 3.72535E+01
 -1       272 3.72535E+01
 -1       273 3.64101E+01
 -1       274 3.35722E+01
 -1       275 3.93241E+01
 -1       276 4.22530E+01
 -1       277 3.67367E+01
 -1       278 4.03027E+01
 -1       279 4.03134E+01
 -1       280 3.60213E+01
 -1       281 3.47205E+01
 -1       282 4.08714E+01
 -1       283 4.03134E+01
 -1       284 3.97554E+01
 -1       285 3.82336E+01
 -1       286 3.87916E+01
 -1       287 3.93255E+01
 -1       288 3.45120E+01
 -1       289 3.46656E+01
 -1       290 3.82461E+01
 -1       291 3.64486E+01
 -1       292 3.84700E+01
 -1       293 3.85197E+01
 -1       294 3.79807E+01
 -1       295 3.82555E+01
 -1       296 3.98134E+01
 -1       297 3.71869E+01
 -1       298 3.71869E+01
 -1       299 3.82555E+01
 -1       300 3.53795E+01
 -1       301 3.79126E+01
 -1       302 3.53795E+01
 -1       303 4.22530E+01
 -1       304 3.61351E+01
 -1       305 3.79126E+01
 -1       306 3.32136E+01
 -1       307 3.50022E+01
 -1       308 3.93315E+01
 -1       309 3.54239E+01
 -1       310 3.61994E+01
 -1       311 3.68318E+01
 -1       312 3.61994E+01
 -1       313 3.61994E+01
 -1       314 3.72535E+01
 -1       315 3.64624E+01
 -1       316 3.31746E+01
 -1       317 3.75166E+01
 -1       318 3.93255E+01
 -1       319 3.22112E+01
 -1       320 3.82461E+01
 -1       321 3.90853E+01
 -1       322 3.39942E+01
 -1       323 3.20509E+01
 -1       324 3.85960E+01
 -1       325 3.43513E+01
 -1       326 3.09823E+01
 -1       327 3.21853E+01
 -1       328 3.25440E+01
 -1       329 3.12153E+01
 -1       330 3.65257E+01
 -1       331 3.46452E+01
 -1       332 2.82939E+01
 -1       333 3.56974E+01
 -1       334 3.50669E+01
 -1       335 3.75166E+01
 -1       336 3.56974E+01
 -1       337 3.77796E+01
 -1       338 3.77796E+01
 -1       339 3.41413E+01
 -1       340 3.77796E+01
 -1       341 3.67367E+01
 -1       342 3.78679E+01
 -1       343 3.72535E+01
 -1       344 3.71998E+01
 -1       345 2.53422E+01
 -1       346 3.55223E+01
 -1       347 3.56690E+01
 -1       348 3.07299E+01
 -1       349 3.97554E+01
 -1       350 3.67118E+01
 -1       351 3.56377E+01
 -1       352 4.04197E+01
 -1       353 3.93241E+01
 -1       354 3.78679E+01
 -1       355 3.13333E+01
 -1       356 3.21411E+01
 -1       357 2.86394E+01
 -1       358 2.29573E+01
 -1       359 3.05056E+01
 -1       360 3.31995E+01
 -1       361 3.82336E+01
 -1       362 3.97554E+01
 -1       363 3.67118E+01
 -1       364 3.72457E+01
 -1       365 3.82336E+01
 -1       366 3.67118E+01
 -1       367 3.51445E+01
 -1       368 3.51445E+01
 -1       369 3.62029E+01
 -1       370 3.46106E+01
 -1       371 3.31995E+01
 -1       372 3.57101E+01
 -1       373 3.51383E+01
 -1       374 3.73023E+01
 -1       375 3.51383E+01
 -1       376 3.51106E+01
 -1       377 3.78679E+01
 -1       378 3.58387E+01
 -1       379 3.98719E+01
 -1       380 3.85960E+01
 -1       381 4.04197E+01
 -1       382 3.80287E+01
 -1       383 3.98719E+01
 -1       384 3.64187E+01
 -1       385 3.56377E+01
 -1       386 3.80287E+01
 -1       387 3.71998E+01
 -1       388 3.71998E+01
 -1       389 3.64187E+01
 -1       390 3.72266E+01
 -1       391 3.50205E+01
 -1       392 3.72266E+01
 -1       393 3.34644E+01
 -1       394 3.10949E+01
 -1       395 3.56974E+01
 -1       396 3.29141E+01
 -1       397 2.91760E+01
 -1       398 3.59605E+01
 -1       399 3.66510E+01
 -1       400 2.80473E+01
 -1       401 3.04322E+01
 -1       402 3.22112E+01
 -1       403 3.82461E+01
 -1       404 3.77122E+01
 -1       405 3.77122E+01
 -1       406 3.78679E+01
 -1       407 3.27768E+01
 -1       408 3.13228E+01
 -1       409 3.78679E+01
 -1       410 3.54199E+01
 -1       411 3.20509E+01
 -1       412 3.56091E+01
 -1       413 3.59677E+01
 -1       414 3.32181E+01
 -1       415 2.79077E+01
 -1       416 3.50400E+01
 -1       417 2.86887E+01
 -1       418 3.56974E+01
 -1       419 3.50669E+01
 -1       420 3.59605E+01
 -1       421 3.41413E+01
 -1       422 3.77796E+01
 -1       423 3.77796E+01
 -1       424 3.66510E+01
 -1       425 3.61170E+01
 -1       426 3.77122E+01
 -1       427 3.61904E+01
 -1       428 3.55956E+01
 -1       429 3.56690E+01
 -1       430 2.47928E+01
 -1       431 2.88548E+01
 -1       432 2.66118E+01
 -1       433 2.83774E+01
 -1       434 3.11832E+01
 -1       435 2.75034E+01
 -1       436 2.23071E+01
 -1       437 2.93224E+01
 -1       438 2.93224E+01
 -1       439 2.93224E+01
 -1       440 2.66118E+01
 -1       441 2.83774E+01
 -1       442 2.88548E+01
 -1       443 2.46681E+01
 -1       444 1.19051E+01
 -1       445 1.35351E+01
 -1       446 1.34920E+01
 -1       447 1.67857E+01
 -1       448 1.83407E+01
 -1       449 2.26361E+01
 -1       450 2.66503E+01
 -1       451 3.11842E+01
 -1       452 3.11842E+01
 -1       453 2.68271E+01
 -1       454 2.86557E+01
 -1       455 2.35842E+01
 -1       456 2.04091E+01
 -1       457 2.75269E+01
 -1       458 2.33480E+01
 -1       459 2.75498E+01
 -1       460 2.89474E+01
 -1       461 2.98496E+01
 -1       462 2.74968E+01
 -1       463 2.15133E+01
 -1       464 1.99814E+01
 -1       465 2.51441E+01
 -1       466 1.73341E+01
 -1       467 3.04294E+01
 -1       468 3.19369E+01
 -1       469 3.19369E+01
 -1       470 3.06877E+01
 -1       471 2.30814E+01
 -1       472 2.32991E+01
 -1       473 3.13429E+01
 -1       474 1.23498E+01
 -1       475 2.77377E+01
 -1       476 1.79089E+01
 -1       477 3.06877E+01
 -1       478 1.29377E+01
 -1       479 1.13171E+01
 -1       480 2.11107E+01
 -1       481 2.43613E+01
 -1       482 2.21433E+01
 -1       483 2.27078E+01
 -1       484 1.84123E+01
 -1       485 1.78244E+01
 -1       486 2.45465E+01
 -1       487 2.00127E+01
 -1       488 2.06040E+01
 -1       489 2.71328E+01
 -1       490 2.71328E+01
 -1       491 2.04951E+01
 -1       492 2.91073E+01
 -1       493 3.09359E+01
 -1       494 2.68846E+01
 -1       495 2.59322E+01
 -1       496 2.91073E+01
 -1       497 3.06877E+01
 -1       498 2.91987E+01
 -1       499 2.62598E+01
 -1       500 3.10153E+01
 -1       501 3.05963E+01
 -1       502 2.85405E+01
 -1       503 3.08932E+01
 -1       504 3.16399E+01
 -1       505 2.70086E+01
 -1       506 2.22617E+01
 -1       507 2.49090E+01
 -1       508 2.98373E+01
 -1       509 2.98373E+01
 -1       510 3.11832E+01
 -1       511 3.19369E+01
 -1       512 3.11832E+01
 -1       513 2.76180E+01
 -1       514 2.68642E+01
 -1       515 3.08862E+01
 -1       516 2.67554E+01
 -1       517 2.68846E+01
 -1       518 3.05586E+01
 -1       519 2.31903E+01
 -1       520 3.19369E+01
 -1       521 3.19369E+01
 -1       522 3.13429E+01
 -1       523 3.06877E+01
 -1       524 3.11842E+01
 -1       525 2.31557E+01
 -1       526 2.98496E+01
 -1       527 9.46518E+00
 -1       528 1.74000E+01
 -1       529 2.31557E+01
 -1       530 2.84930E+01
 -1       531 9.87484E+00
 -1       532 1.14618E+01
 -1       533 2.43613E+01
 -1       534 2.11107E+01
 -1       535 2.07010E+01
 -1       536 1.83070E+01
 -1       537 2.31557E+01
 -1       538 1.63104E+01
 -1       539 2.31557E+01
 -1       540 2.71699E+01
 -1       541 2.31557E+01
 -1       542 3.11842E+01
 -1       543 2.86557E+01
 -1       544 2.71699E+01
 -1       545 2.73102E+01
 -1       546 2.80100E+01
 -1       547 2.98386E+01
 -1       548 2.91073E+01
 -1       549 2.51646E+01
 -1       550 2.95904E+01
 -1       551 2.47456E+01
 -1       552 2.89474E+01
 -1       553 3.02686E+01
 -1       554 2.98496E+01
 -1       555 3.05963E+01
 -1       556 2.82435E+01
 -1       557 3.05963E+01
 -1       558 2.46127E+01
 -1       559 1.76413E+01
 -1       560 1.70929E+01
 -1       561 2.43715E+01
 -1       562 2.46685E+01
 -1       563 3.19369E+01
 -1       564 3.16399E+01
 -1       565 3.16399E+01
 -1       566 2.75463E+01
 -1       567 2.75463E+01
 -1       568 3.08932E+01
 -1       569 3.13123E+01
 -1       570 3.09359E+01
 -1       571 3.15605E+01
 -1       572 2.71699E+01
 -1       573 4.03027E+01
 -1       574 3.97554E+01
 -1       575 4.08714E+01
 -1       576 3.64486E+01
 -1       577 3.84700E+01
 -1       578 3.97069E+01
 -1       579 3.84888E+01
 -1       580 4.04197E+01
 -1       581 3.98719E+01
 -1       582 3.88033E+01
 -1       583 3.82555E+01
 -1       584 3.88033E+01
 -1       585 3.80287E+01
 -1       586 4.04197E+01
 -1       587 3.46049E+01
 -1       588 3.69959E+01
 -1       589 3.69959E+01
 -1       590 3.68049E+01
 -1       591 3.68049E+01
 -1       592 3.71998E+01
 -1       593 3.64187E+01
 -1       594 3.60239E+01
 -1       595 3.90853E+01
 -1       596 3.90853E+01
 -1       597 3.85960E+01
 -1       598 3.98134E+01
 -1       599 3.85960E+01
 -1       600 3.52836E+01
 -1       601 3.34644E+01
 -1       602 3.56974E+01
 -1       603 3.50205E+01
 -1       604 3.75166E+01
 -1       605 3.61499E+01
 -1       606 3.61499E+01
 -1       607 3.88245E+01
 -1       608 3.81969E+01
 -1       609 3.88245E+01
 -1       610 3.69959E+01
 -1       611 3.66510E+01
 -1       612 3.72786E+01
 -1       613 4.03027E+01
 -1       614 3.90853E+01
 -1       615 3.93315E+01
 -1       616 3.89454E+01
 -1       617 3.89454E+01
 -1       618 4.13363E+01
 -1       619 3.72786E+01
 -1       620 3.70155E+01
 -1       621 3.77796E+01
 -1       622 3.90853E+01
 -1       623 4.03027E+01
 -1       624 4.22530E+01
 -1       625 3.82702E+01
 -1       626 3.87916E+01
 -1       627 3.87916E+01
 -1       628 3.10599E+01
 -1       629 3.62233E+01
 -1       630 3.81969E+01
 -1       631 3.72535E+01
 -1       632 3.61994E+01
 -1       633 3.72535E+01
 -1       634 4.08714E+01
 -1       635 3.88245E+01
 -1       636 4.08714E+01
 -1       637 4.08714E+01
 -1       638 3.98134E+01
 -1       639 3.93241E+01
 -1       640 3.68318E+01
 -1       641 3.72266E+01
 -1       642 3.26736E+01
 -1       643 3.60648E+01
 -1       644 3.87916E+01
 -1       645 3.50205E+01
 -1       646 3.72535E+01
 -1       647 3.18535E+01
 -1       648 3.43230E+01
 -1       649 3.85197E+01
 -1       650 3.82461E+01
 -1       651 4.00291E+01
 -1       652 3.88117E+01
 -1       653 3.85197E+01
 -1       654 4.00291E+01
 -1       655 3.54239E+01
 -1       656 3.88245E+01
 -1       657 3.59614E+01
 -1       658 3.61994E+01
 -1       659 3.97554E+01
 -1       660 3.77122E+01
 -1       661 3.97554E+01
 -1       662 3.98719E+01
 -1       663 3.88033E+01
 -1       664 3.88033E+01
 -1       665 3.68318E+01
 -1       666 3.72535E+01
 -1       667 3.72535E+01
 -1       668 3.88033E+01
 -1       669 3.53971E+01
 -1       670 3.87448E+01
 -1       671 4.13363E+01
 -1       672 3.93315E+01
 -1       673 4.22530E+01
 -1       674 4.22530E+01
 -1       675 4.03027E+01
 -1       676 4.03027E+01
 -1       677 4.00291E+01
 -1       678 3.67367E+01
 -1       679 4.08714E+01
 -1       680 3.51445E+01
 -1       681 3.79995E+01
 -1       682 3.97554E+01
 -1       683 3.97554E+01
 -1       684 3.82461E+01
 -1       685 3.66538E+01
 -1       686 3.46106E+01
 -1       687 3.94333E+01
 -1       688 3.60213E+01
 -1       689 3.61750E+01
 -1       690 3.58007E+01
 -1       691 3.69243E+01
 -1       692 3.82702E+01
 -1       693 3.69243E+01
 -1       694 3.64041E+01
 -1       695 4.03134E+01
 -1       696 3.63663E+01
 -1       697 3.65793E+01
 -1       698 3.63663E+01
 -1       699 4.03134E+01
 -1       700 4.03134E+01
 -1       701 3.87916E+01
 -1       702 3.98134E+01
 -1       703 4.03027E+01
 -1       704 2.66118E+01
 -1       705 2.83774E+01
 -1       706 2.93224E+01
 -1       707 2.93224E+01
 -1       708 2.93224E+01
 -1       709 1.54687E+01
 -1       710 2.03708E+01
 -1       711 2.60575E+01
 -1       712 2.28495E+01
 -1       713 2.83726E+01
 -1       714 2.79535E+01
 -1       715 2.70513E+01
 -1       716 2.91073E+01
 -1       717 3.06877E+01
 -1       718 2.55292E+01
 -1       719 2.55292E+01
 -1       720 2.39488E+01
 -1       721 2.39488E+01
 -1       722 1.09075E+01
 -1       723 1.29041E+01
 -1       724 1.44635E+01
 -1       725 1.39092E+01
 -1       726 1.24669E+01
 -1       727 2.59322E+01
 -1       728 2.07737E+01
 -1       729 2.96941E+01
 -1       730 2.87002E+01
 -1       731 2.65559E+01
 -1       732 2.00062E+01
 -1       733 2.91073E+01
 -1       734 3.06877E+01
 -1       735 2.95904E+01
 -1       736 2.05323E+01
 -1       737 2.32274E+01
 -1       738 2.31186E+01
 -1       739 3.09359E+01
 -1       740 2.98373E+01
 -1       741 2.22617E+01
 -1       742 2.25689E+01
 -1       743 2.71699E+01
 -1       744 3.05963E+01
 -1       745 2.75092E+01
 -1       746 3.13123E+01
 -1       747 2.76180E+01
 -1       748 3.09359E+01
 -1       749 2.31186E+01
 -1       750 2.32274E+01
 -1       751 3.19369E+01
 -1       752 2.71328E+01
 -1       753 2.76180E+01
 -1       754 3.19369E+01
 -1       755 1.13171E+01
 -1       756 2.26361E+01
 -1       757 2.84075E+01
 -1       758 2.28101E+01
 -1       759 2.07010E+01
 -1       760 2.11107E+01
 -1       761 1.44971E+01
 -1       762 2.43613E+01
 -1       763 3.11842E+01
 -1       764 3.10153E+01
 -1       765 3.11842E+01
 -1       766 1.93122E+01
 -1       767 2.95403E+01
 -1       768 2.82435E+01
 -1       769 2.32274E+01
 -1       770 3.19369E+01
 -1       771 3.19369E+01
 -1       772 3.16399E+01
 -1       773 3.05963E+01
 -1       774 3.16399E+01
 -1       775 2.67116E+01
 -1       776 3.13429E+01
 -1       777 2.98496E+01
 -1       778 1.93839E+01
 -1       779 1.93122E+01
 -1       780 2.37028E+01
 -1       781 2.37028E+01
 -1       782 2.36171E+01
 -3
 9999
